2026-10-08 16:02:42,038 checkpoint_path: data/logs/checkpoints/release_r2r/ckpt.iter12000.pth
2026-10-08 16:02:42,039 Initializing dataset VLN-CE-v1
2026-10-08 16:02:42,065 SPLTI: train, NUMBER OF SCENES: 8
2026-10-08 16:02:49,228 Initializing dataset VLN-CE-v1
2026-10-08 16:02:49,261 initializing sim Sim-v1
WARNING: Logging before InitGoogleLogging() is written to STDERR
I1008 16:02:49.266203 836307 ManagedContainerBase.cpp:19] ManagedContainerBase::convertFilenameToJSON : Filename : default changed to proposed JSON configuration filename : default.scene_dataset_config.json
I1008 16:02:49.266240 836307 AttributesManagerBase.h:283] AttributesManager<T>::createFromJsonOrDefaultInternal  (Dataset) : Proposing JSON name : default.scene_dataset_config.json from original name : default | This file  does not exist.
I1008 16:02:49.266285 836307 AssetAttributesManager.cpp:117] Asset attributes (capsule3DSolid : capsule3DSolid_hemiRings_4_cylRings_1_segments_12_halfLen_0.75_useTexCoords_false_useTangents_false) created and registered.
I1008 16:02:49.266304 836307 AssetAttributesManager.cpp:117] Asset attributes (capsule3DWireframe : capsule3DWireframe_hemiRings_8_cylRings_1_segments_16_halfLen_1) created and registered.
I1008 16:02:49.266321 836307 AssetAttributesManager.cpp:117] Asset attributes (coneSolid : coneSolid_segments_12_halfLen_1.25_rings_1_useTexCoords_false_useTangents_false_capEnd_true) created and registered.
I1008 16:02:49.266332 836307 AssetAttributesManager.cpp:117] Asset attributes (coneWireframe : coneWireframe_segments_32_halfLen_1.25) created and registered.
I1008 16:02:49.266338 836307 AssetAttributesManager.cpp:117] Asset attributes (cubeSolid : cubeSolid) created and registered.
I1008 16:02:49.266343 836307 AssetAttributesManager.cpp:117] Asset attributes (cubeWireframe : cubeWireframe) created and registered.
I1008 16:02:49.266358 836307 AssetAttributesManager.cpp:117] Asset attributes (cylinderSolid : cylinderSolid_rings_1_segments_12_halfLen_1_useTexCoords_false_useTangents_false_capEnds_true) created and registered.
I1008 16:02:49.266369 836307 AssetAttributesManager.cpp:117] Asset attributes (cylinderWireframe : cylinderWireframe_rings_1_segments_32_halfLen_1) created and registered.
I1008 16:02:49.266376 836307 AssetAttributesManager.cpp:117] Asset attributes (icosphereSolid : icosphereSolid_subdivs_1) created and registered.
I1008 16:02:49.266382 836307 AssetAttributesManager.cpp:117] Asset attributes (icosphereWireframe : icosphereWireframe_subdivs_1) created and registered.
I1008 16:02:49.266392 836307 AssetAttributesManager.cpp:117] Asset attributes (uvSphereSolid : uvSphereSolid_rings_8_segments_16_useTexCoords_false_useTangents_false) created and registered.
I1008 16:02:49.266400 836307 AssetAttributesManager.cpp:117] Asset attributes (uvSphereWireframe : uvSphereWireframe_rings_16_segments_32) created and registered.
I1008 16:02:49.266403 836307 AssetAttributesManager.cpp:105] AssetAttributesManager::buildCtorFuncPtrMaps : Built default primitive asset templates : 12
I1008 16:02:49.266685 836307 SceneDatasetAttributesManager.cpp:23] File (default) not found, so new default dataset attributes created and registered.
I1008 16:02:49.266688 836307 MetadataMediator.cpp:47] MetadataMediator::createDataset : Dataset default successfully created.
I1008 16:02:49.268952 836307 AttributesManagerBase.h:283] AttributesManager<T>::createFromJsonOrDefaultInternal  (Physics Manager) : Proposing JSON name : ./data/default.physics_config.json from original name : ./data/default.physics_config.json | This file  does not exist.
I1008 16:02:49.268968 836307 PhysicsAttributesManager.cpp:27] File (./data/default.physics_config.json) not found, so new default physics manager attributes created and registered.
I1008 16:02:49.268971 836307 AbstractObjectAttributesManagerBase.h:175] AbstractObjectAttributesManager<T>::createObject  (Stage) : Making attributes with handle : data/scene_datasets/mp3d/2n8kARJN3HM/2n8kARJN3HM.glb
I1008 16:02:49.268975 836307 ManagedContainerBase.cpp:19] ManagedContainerBase::convertFilenameToJSON : Filename : data/scene_datasets/mp3d/2n8kARJN3HM/2n8kARJN3HM.glb changed to proposed JSON configuration filename : data/scene_datasets/mp3d/2n8kARJN3HM/2n8kARJN3HM.stage_config.json
I1008 16:02:49.269001 836307 AttributesManagerBase.h:283] AttributesManager<T>::createFromJsonOrDefaultInternal  (Stage) : Proposing JSON name : data/scene_datasets/mp3d/2n8kARJN3HM/2n8kARJN3HM.stage_config.json from original name : data/scene_datasets/mp3d/2n8kARJN3HM/2n8kARJN3HM.glb | This file  does not exist.
I1008 16:02:49.269033 836307 AbstractObjectAttributesManagerBase.h:181] AbstractObjectAttributesManager<T>::createObject  (Stage) : Done making attributes with handle : data/scene_datasets/mp3d/2n8kARJN3HM/2n8kARJN3HM.glb
I1008 16:02:49.269035 836307 AbstractObjectAttributesManagerBase.h:188] File (data/scene_datasets/mp3d/2n8kARJN3HM/2n8kARJN3HM.glb) exists but is not a recognized config filename extension, so new default Stage attributes created and registered.
I1008 16:02:49.269039 836307 Simulator.cpp:156] Loading navmesh from data/scene_datasets/mp3d/2n8kARJN3HM/2n8kARJN3HM.navmesh
I1008 16:02:49.269225 836307 Simulator.cpp:158] Loaded.
I1008 16:02:49.269235 836307 SceneGraph.h:93] Created DrawableGroup: 
I1008 16:02:49.377713 836307 ResourceManager.cpp:234] ResourceManager::loadStage : Not loading semantic mesh
I1008 16:02:49.377725 836307 ResourceManager.cpp:262] ResourceManager::loadStage : start load render asset data/scene_datasets/mp3d/2n8kARJN3HM/2n8kARJN3HM.glb.
I1008 16:02:49.377727 836307 ResourceManager.cpp:569] ResourceManager::loadStageInternal : Attempting to load stage data/scene_datasets/mp3d/2n8kARJN3HM/2n8kARJN3HM.glb 
I1008 16:02:49.377753 836307 ResourceManager.cpp:1119] Importing Basis files as BC7 for 2n8kARJN3HM.glb
W1008 16:02:52.190367 836307 Simulator.cpp:248] :
---
 The active scene does not contain semantic annotations. 
---
I1008 16:02:52.262068 836307 simulator.py:213] Loaded navmesh data/scene_datasets/mp3d/2n8kARJN3HM/2n8kARJN3HM.navmesh
2026-10-08 16:02:52,266 Initializing task VLN-v0
You are using a model of type bert to instantiate a model of type . This is not supported for all configurations of models and can yield errors.
Some weights of the model checkpoint at None were not used when initializing GlocalTextPathNavCMT: ['bert.global_encoder.encoder.x_layers.2.lang_self_att.self.query.weight', 'bert.global_encoder.encoder.x_layers.2.lang_self_att.output.dense.weight', 'bert.global_encoder.encoder.x_layers.0.lang_inter.dense.bias', 'bert.global_encoder.encoder.x_layers.2.lang_self_att.self.key.weight', 'bert.global_encoder.encoder.x_layers.1.lang_self_att.output.dense.bias', 'bert.global_encoder.encoder.x_layers.3.lang_output.LayerNorm.bias', 'bert.global_encoder.encoder.x_layers.3.lang_self_att.output.dense.bias', 'bert.global_encoder.encoder.x_layers.1.lang_output.LayerNorm.bias', 'bert.global_encoder.encoder.x_layers.1.lang_self_att.self.value.weight', 'bert.global_encoder.encoder.x_layers.1.lang_self_att.self.query.weight', 'bert.global_encoder.encoder.x_layers.1.lang_self_att.output.LayerNorm.bias', 'bert.global_encoder.encoder.x_layers.0.lang_self_att.self.key.weight', 'bert.global_encoder.encoder.x_layers.3.lang_self_att.output.LayerNorm.bias', 'bert.global_encoder.encoder.x_layers.3.lang_inter.dense.weight', 'bert.global_encoder.encoder.x_layers.0.lang_output.dense.weight', 'bert.global_encoder.encoder.x_layers.3.lang_self_att.output.LayerNorm.weight', 'bert.global_encoder.encoder.x_layers.2.lang_output.dense.weight', 'bert.global_encoder.encoder.x_layers.2.lang_output.LayerNorm.bias', 'bert.global_encoder.encoder.x_layers.0.lang_inter.dense.weight', 'bert.global_encoder.encoder.x_layers.1.lang_self_att.self.query.bias', 'bert.global_encoder.encoder.x_layers.0.lang_self_att.self.value.weight', 'bert.global_encoder.encoder.x_layers.3.lang_self_att.self.query.weight', 'bert.global_encoder.encoder.x_layers.0.lang_self_att.output.LayerNorm.weight', 'bert.global_encoder.encoder.x_layers.0.lang_output.LayerNorm.weight', 'bert.global_encoder.encoder.x_layers.2.lang_self_att.output.dense.bias', 'mlm_head.predictions.bias', 'bert.global_encoder.encoder.x_layers.1.lang_self_att.output.LayerNorm.weight', 'bert.global_encoder.encoder.x_layers.1.lang_self_att.self.key.bias', 'bert.global_encoder.encoder.x_layers.1.lang_output.LayerNorm.weight', 'bert.global_encoder.encoder.x_layers.1.lang_self_att.self.key.weight', 'bert.global_encoder.encoder.x_layers.2.lang_self_att.self.query.bias', 'bert.global_encoder.encoder.x_layers.3.lang_output.dense.weight', 'bert.global_encoder.encoder.x_layers.1.lang_self_att.self.value.bias', 'bert.global_encoder.encoder.x_layers.3.lang_self_att.self.query.bias', 'bert.global_encoder.encoder.x_layers.1.lang_self_att.output.dense.weight', 'mlm_head.predictions.transform.dense.bias', 'bert.global_encoder.encoder.x_layers.3.lang_self_att.self.value.weight', 'bert.global_encoder.encoder.x_layers.2.lang_self_att.self.value.weight', 'bert.global_encoder.encoder.x_layers.2.lang_inter.dense.bias', 'bert.global_encoder.encoder.x_layers.3.lang_output.dense.bias', 'bert.global_encoder.encoder.x_layers.0.lang_self_att.output.dense.weight', 'mlm_head.predictions.transform.LayerNorm.bias', 'mlm_head.predictions.decoder.weight', 'bert.global_encoder.encoder.x_layers.2.lang_self_att.output.LayerNorm.weight', 'bert.global_encoder.encoder.x_layers.2.lang_self_att.self.key.bias', 'bert.global_encoder.encoder.x_layers.1.lang_inter.dense.bias', 'bert.global_encoder.encoder.x_layers.3.lang_output.LayerNorm.weight', 'mlm_head.predictions.transform.LayerNorm.weight', 'bert.global_encoder.encoder.x_layers.0.lang_output.dense.bias', 'bert.global_encoder.encoder.x_layers.3.lang_self_att.self.key.bias', 'bert.global_encoder.encoder.x_layers.3.lang_self_att.self.value.bias', 'bert.global_encoder.encoder.x_layers.1.lang_inter.dense.weight', 'bert.global_encoder.encoder.x_layers.2.lang_self_att.self.value.bias', 'bert.global_encoder.encoder.x_layers.0.lang_self_att.self.query.bias', 'bert.global_encoder.encoder.x_layers.1.lang_output.dense.weight', 'bert.global_encoder.encoder.x_layers.3.lang_inter.dense.bias', 'bert.global_encoder.encoder.x_layers.0.lang_self_att.self.key.bias', 'bert.global_encoder.encoder.x_layers.0.lang_self_att.self.value.bias', 'bert.global_encoder.encoder.x_layers.0.lang_output.LayerNorm.bias', 'bert.global_encoder.encoder.x_layers.0.lang_self_att.output.LayerNorm.bias', 'bert.global_encoder.encoder.x_layers.1.lang_output.dense.bias', 'bert.global_encoder.encoder.x_layers.0.lang_self_att.self.query.weight', 'mlm_head.predictions.transform.dense.weight', 'bert.global_encoder.encoder.x_layers.0.lang_self_att.output.dense.bias', 'bert.global_encoder.encoder.x_layers.2.lang_self_att.output.LayerNorm.bias', 'bert.global_encoder.encoder.x_layers.2.lang_output.LayerNorm.weight', 'bert.global_encoder.encoder.x_layers.3.lang_self_att.output.dense.weight', 'bert.global_encoder.encoder.x_layers.3.lang_self_att.self.key.weight', 'bert.global_encoder.encoder.x_layers.2.lang_output.dense.bias', 'bert.global_encoder.encoder.x_layers.2.lang_inter.dense.weight']
- This IS expected if you are initializing GlocalTextPathNavCMT from the checkpoint of a model trained on another task or with another architecture (e.g. initializing a BertForSequenceClassification model from a BertForPreTraining model).
- This IS NOT expected if you are initializing GlocalTextPathNavCMT from the checkpoint of a model that you expect to be exactly identical (initializing a BertForSequenceClassification model from a BertForSequenceClassification model).
2026-10-08 16:02:59,304 Agent parameters: 299.54 MB. Trainable: 140.79 MB.
2026-10-08 16:02:59,304 Finished setting up policy.
  0%|          | 0/1 [00:00<?, ?it/s]  0%|          | 0/1 [00:01<?, ?it/s]I1008 16:03:01.003255 836307 PhysicsManager.cpp:33] Deconstructing PhysicsManager
I1008 16:03:01.003279 836307 SemanticScene.h:41] Deconstructing SemanticScene
I1008 16:03:01.006888 836307 SceneManager.h:25] Deconstructing SceneManager
I1008 16:03:01.006901 836307 SceneGraph.h:26] Deconstructing SceneGraph
I1008 16:03:01.007316 836307 Sensor.h:87] Deconstructing Sensor
I1008 16:03:01.007429 836307 Sensor.h:87] Deconstructing Sensor
I1008 16:03:01.007561 836307 Sensor.h:87] Deconstructing Sensor
I1008 16:03:01.007676 836307 Sensor.h:87] Deconstructing Sensor
I1008 16:03:01.009450 836307 Sensor.h:87] Deconstructing Sensor
I1008 16:03:01.009588 836307 Sensor.h:87] Deconstructing Sensor
I1008 16:03:01.009696 836307 Sensor.h:87] Deconstructing Sensor
I1008 16:03:01.009796 836307 Sensor.h:87] Deconstructing Sensor
I1008 16:03:01.009898 836307 Sensor.h:87] Deconstructing Sensor
I1008 16:03:01.009994 836307 Sensor.h:87] Deconstructing Sensor
I1008 16:03:01.010089 836307 Sensor.h:87] Deconstructing Sensor
I1008 16:03:01.010191 836307 Sensor.h:87] Deconstructing Sensor
I1008 16:03:01.010289 836307 Sensor.h:87] Deconstructing Sensor
I1008 16:03:01.010385 836307 Sensor.h:87] Deconstructing Sensor
I1008 16:03:01.010484 836307 Sensor.h:87] Deconstructing Sensor
I1008 16:03:01.010681 836307 Sensor.h:87] Deconstructing Sensor
I1008 16:03:01.010784 836307 Sensor.h:87] Deconstructing Sensor
I1008 16:03:01.010878 836307 Sensor.h:87] Deconstructing Sensor
I1008 16:03:01.010974 836307 Sensor.h:87] Deconstructing Sensor
I1008 16:03:01.011075 836307 Sensor.h:87] Deconstructing Sensor
I1008 16:03:01.011171 836307 Sensor.h:87] Deconstructing Sensor
I1008 16:03:01.011266 836307 Sensor.h:87] Deconstructing Sensor
I1008 16:03:01.011364 836307 Sensor.h:87] Deconstructing Sensor
I1008 16:03:01.011370 836307 Sensor.h:87] Deconstructing Sensor
I1008 16:03:01.016148 836307 Renderer.cpp:34] Deconstructing Renderer
I1008 16:03:01.016172 836307 WindowlessContext.h:17] Deconstructing WindowlessContext
I1008 16:03:01.021623 836307 MetadataMediator.cpp:56] MetadataMediator::setActiveSceneDatasetName : Old active dataset default changed to default successfully.
I1008 16:03:01.021785 836307 AttributesManagerBase.h:283] AttributesManager<T>::createFromJsonOrDefaultInternal  (Physics Manager) : Proposing JSON name : ./data/default.physics_config.json from original name : ./data/default.physics_config.json | This file  does not exist.
I1008 16:03:01.021806 836307 PhysicsAttributesManager.cpp:27] File (./data/default.physics_config.json) not found, so new default physics manager attributes created and registered.
I1008 16:03:01.021811 836307 AbstractObjectAttributesManagerBase.h:175] AbstractObjectAttributesManager<T>::createObject  (Stage) : Making attributes with handle : data/scene_datasets/mp3d/D7N2EKCX4Sj/D7N2EKCX4Sj.glb
I1008 16:03:01.021813 836307 ManagedContainerBase.cpp:19] ManagedContainerBase::convertFilenameToJSON : Filename : data/scene_datasets/mp3d/D7N2EKCX4Sj/D7N2EKCX4Sj.glb changed to proposed JSON configuration filename : data/scene_datasets/mp3d/D7N2EKCX4Sj/D7N2EKCX4Sj.stage_config.json
I1008 16:03:01.021828 836307 AttributesManagerBase.h:283] AttributesManager<T>::createFromJsonOrDefaultInternal  (Stage) : Proposing JSON name : data/scene_datasets/mp3d/D7N2EKCX4Sj/D7N2EKCX4Sj.stage_config.json from original name : data/scene_datasets/mp3d/D7N2EKCX4Sj/D7N2EKCX4Sj.glb | This file  does not exist.
I1008 16:03:01.021864 836307 AbstractObjectAttributesManagerBase.h:181] AbstractObjectAttributesManager<T>::createObject  (Stage) : Done making attributes with handle : data/scene_datasets/mp3d/D7N2EKCX4Sj/D7N2EKCX4Sj.glb
I1008 16:03:01.021865 836307 AbstractObjectAttributesManagerBase.h:188] File (data/scene_datasets/mp3d/D7N2EKCX4Sj/D7N2EKCX4Sj.glb) exists but is not a recognized config filename extension, so new default Stage attributes created and registered.
I1008 16:03:01.021868 836307 Simulator.cpp:156] Loading navmesh from data/scene_datasets/mp3d/D7N2EKCX4Sj/D7N2EKCX4Sj.navmesh
I1008 16:03:01.022130 836307 Simulator.cpp:158] Loaded.
I1008 16:03:01.022135 836307 SceneGraph.h:93] Created DrawableGroup: 
I1008 16:03:01.025398 836307 ResourceManager.cpp:234] ResourceManager::loadStage : Not loading semantic mesh
I1008 16:03:01.025406 836307 ResourceManager.cpp:262] ResourceManager::loadStage : start load render asset data/scene_datasets/mp3d/D7N2EKCX4Sj/D7N2EKCX4Sj.glb.
I1008 16:03:01.025408 836307 ResourceManager.cpp:569] ResourceManager::loadStageInternal : Attempting to load stage data/scene_datasets/mp3d/D7N2EKCX4Sj/D7N2EKCX4Sj.glb 
I1008 16:03:01.025432 836307 ResourceManager.cpp:1119] Importing Basis files as BC7 for D7N2EKCX4Sj.glb
W1008 16:03:05.074703 836307 Simulator.cpp:248] :
---
 The active scene does not contain semantic annotations. 
---
I1008 16:03:05.185932 836307 simulator.py:213] Loaded navmesh data/scene_datasets/mp3d/D7N2EKCX4Sj/D7N2EKCX4Sj.navmesh
I1008 16:03:05.743129 836307 PhysicsManager.cpp:33] Deconstructing PhysicsManager
I1008 16:03:05.743149 836307 SemanticScene.h:41] Deconstructing SemanticScene
I1008 16:03:05.747586 836307 SceneManager.h:25] Deconstructing SceneManager
I1008 16:03:05.747593 836307 SceneGraph.h:26] Deconstructing SceneGraph
I1008 16:03:05.747977 836307 Sensor.h:87] Deconstructing Sensor
I1008 16:03:05.748175 836307 Sensor.h:87] Deconstructing Sensor
I1008 16:03:05.748273 836307 Sensor.h:87] Deconstructing Sensor
I1008 16:03:05.748378 836307 Sensor.h:87] Deconstructing Sensor
I1008 16:03:05.748478 836307 Sensor.h:87] Deconstructing Sensor
I1008 16:03:05.748574 836307 Sensor.h:87] Deconstructing Sensor
I1008 16:03:05.748677 836307 Sensor.h:87] Deconstructing Sensor
I1008 16:03:05.748771 836307 Sensor.h:87] Deconstructing Sensor
I1008 16:03:05.748871 836307 Sensor.h:87] Deconstructing Sensor
I1008 16:03:05.748966 836307 Sensor.h:87] Deconstructing Sensor
I1008 16:03:05.749063 836307 Sensor.h:87] Deconstructing Sensor
I1008 16:03:05.749161 836307 Sensor.h:87] Deconstructing Sensor
I1008 16:03:05.749257 836307 Sensor.h:87] Deconstructing Sensor
I1008 16:03:05.749400 836307 Sensor.h:87] Deconstructing Sensor
I1008 16:03:05.749526 836307 Sensor.h:87] Deconstructing Sensor
I1008 16:03:05.749640 836307 Sensor.h:87] Deconstructing Sensor
I1008 16:03:05.749766 836307 Sensor.h:87] Deconstructing Sensor
I1008 16:03:05.749900 836307 Sensor.h:87] Deconstructing Sensor
I1008 16:03:05.750018 836307 Sensor.h:87] Deconstructing Sensor
I1008 16:03:05.750135 836307 Sensor.h:87] Deconstructing Sensor
I1008 16:03:05.750255 836307 Sensor.h:87] Deconstructing Sensor
I1008 16:03:05.750368 836307 Sensor.h:87] Deconstructing Sensor
I1008 16:03:05.750491 836307 Sensor.h:87] Deconstructing Sensor
I1008 16:03:05.750643 836307 Sensor.h:87] Deconstructing Sensor
I1008 16:03:05.755927 836307 Renderer.cpp:34] Deconstructing Renderer
I1008 16:03:05.755942 836307 WindowlessContext.h:17] Deconstructing WindowlessContext
I1008 16:03:05.762319 836307 MetadataMediator.cpp:56] MetadataMediator::setActiveSceneDatasetName : Old active dataset default changed to default successfully.
I1008 16:03:05.762493 836307 AttributesManagerBase.h:283] AttributesManager<T>::createFromJsonOrDefaultInternal  (Physics Manager) : Proposing JSON name : ./data/default.physics_config.json from original name : ./data/default.physics_config.json | This file  does not exist.
I1008 16:03:05.762514 836307 PhysicsAttributesManager.cpp:27] File (./data/default.physics_config.json) not found, so new default physics manager attributes created and registered.
I1008 16:03:05.762519 836307 AbstractObjectAttributesManagerBase.h:175] AbstractObjectAttributesManager<T>::createObject  (Stage) : Making attributes with handle : data/scene_datasets/mp3d/2n8kARJN3HM/2n8kARJN3HM.glb
I1008 16:03:05.762521 836307 ManagedContainerBase.cpp:19] ManagedContainerBase::convertFilenameToJSON : Filename : data/scene_datasets/mp3d/2n8kARJN3HM/2n8kARJN3HM.glb changed to proposed JSON configuration filename : data/scene_datasets/mp3d/2n8kARJN3HM/2n8kARJN3HM.stage_config.json
I1008 16:03:05.762535 836307 AttributesManagerBase.h:283] AttributesManager<T>::createFromJsonOrDefaultInternal  (Stage) : Proposing JSON name : data/scene_datasets/mp3d/2n8kARJN3HM/2n8kARJN3HM.stage_config.json from original name : data/scene_datasets/mp3d/2n8kARJN3HM/2n8kARJN3HM.glb | This file  does not exist.
I1008 16:03:05.762573 836307 AbstractObjectAttributesManagerBase.h:181] AbstractObjectAttributesManager<T>::createObject  (Stage) : Done making attributes with handle : data/scene_datasets/mp3d/2n8kARJN3HM/2n8kARJN3HM.glb
I1008 16:03:05.762581 836307 AbstractObjectAttributesManagerBase.h:188] File (data/scene_datasets/mp3d/2n8kARJN3HM/2n8kARJN3HM.glb) exists but is not a recognized config filename extension, so new default Stage attributes created and registered.
I1008 16:03:05.762584 836307 Simulator.cpp:156] Loading navmesh from data/scene_datasets/mp3d/2n8kARJN3HM/2n8kARJN3HM.navmesh
I1008 16:03:05.762745 836307 Simulator.cpp:158] Loaded.
I1008 16:03:05.762751 836307 SceneGraph.h:93] Created DrawableGroup: 
I1008 16:03:05.765801 836307 ResourceManager.cpp:234] ResourceManager::loadStage : Not loading semantic mesh
I1008 16:03:05.765808 836307 ResourceManager.cpp:262] ResourceManager::loadStage : start load render asset data/scene_datasets/mp3d/2n8kARJN3HM/2n8kARJN3HM.glb.
I1008 16:03:05.765810 836307 ResourceManager.cpp:569] ResourceManager::loadStageInternal : Attempting to load stage data/scene_datasets/mp3d/2n8kARJN3HM/2n8kARJN3HM.glb 
I1008 16:03:05.765823 836307 ResourceManager.cpp:1119] Importing Basis files as BC7 for 2n8kARJN3HM.glb
W1008 16:03:08.402631 836307 Simulator.cpp:248] :
---
 The active scene does not contain semantic annotations. 
---
I1008 16:03:08.471508 836307 simulator.py:213] Loaded navmesh data/scene_datasets/mp3d/2n8kARJN3HM/2n8kARJN3HM.navmesh
I1008 16:03:08.818040 836307 PhysicsManager.cpp:33] Deconstructing PhysicsManager
I1008 16:03:08.818064 836307 SemanticScene.h:41] Deconstructing SemanticScene
I1008 16:03:08.820966 836307 SceneManager.h:25] Deconstructing SceneManager
I1008 16:03:08.820971 836307 SceneGraph.h:26] Deconstructing SceneGraph
I1008 16:03:08.821374 836307 Sensor.h:87] Deconstructing Sensor
I1008 16:03:08.821604 836307 Sensor.h:87] Deconstructing Sensor
I1008 16:03:08.821705 836307 Sensor.h:87] Deconstructing Sensor
I1008 16:03:08.821810 836307 Sensor.h:87] Deconstructing Sensor
I1008 16:03:08.821909 836307 Sensor.h:87] Deconstructing Sensor
I1008 16:03:08.822005 836307 Sensor.h:87] Deconstructing Sensor
I1008 16:03:08.822105 836307 Sensor.h:87] Deconstructing Sensor
I1008 16:03:08.822202 836307 Sensor.h:87] Deconstructing Sensor
I1008 16:03:08.822302 836307 Sensor.h:87] Deconstructing Sensor
I1008 16:03:08.822397 836307 Sensor.h:87] Deconstructing Sensor
I1008 16:03:08.822492 836307 Sensor.h:87] Deconstructing Sensor
I1008 16:03:08.822592 836307 Sensor.h:87] Deconstructing Sensor
I1008 16:03:08.822690 836307 Sensor.h:87] Deconstructing Sensor
I1008 16:03:08.822815 836307 Sensor.h:87] Deconstructing Sensor
I1008 16:03:08.822943 836307 Sensor.h:87] Deconstructing Sensor
I1008 16:03:08.823061 836307 Sensor.h:87] Deconstructing Sensor
I1008 16:03:08.823184 836307 Sensor.h:87] Deconstructing Sensor
I1008 16:03:08.823302 836307 Sensor.h:87] Deconstructing Sensor
I1008 16:03:08.823421 836307 Sensor.h:87] Deconstructing Sensor
I1008 16:03:08.823544 836307 Sensor.h:87] Deconstructing Sensor
I1008 16:03:08.823665 836307 Sensor.h:87] Deconstructing Sensor
I1008 16:03:08.823781 836307 Sensor.h:87] Deconstructing Sensor
I1008 16:03:08.823904 836307 Sensor.h:87] Deconstructing Sensor
I1008 16:03:08.823994 836307 Sensor.h:87] Deconstructing Sensor
I1008 16:03:08.830412 836307 Renderer.cpp:34] Deconstructing Renderer
I1008 16:03:08.830421 836307 WindowlessContext.h:17] Deconstructing WindowlessContext
I1008 16:03:08.836095 836307 MetadataMediator.cpp:56] MetadataMediator::setActiveSceneDatasetName : Old active dataset default changed to default successfully.
I1008 16:03:08.836288 836307 AttributesManagerBase.h:283] AttributesManager<T>::createFromJsonOrDefaultInternal  (Physics Manager) : Proposing JSON name : ./data/default.physics_config.json from original name : ./data/default.physics_config.json | This file  does not exist.
I1008 16:03:08.836306 836307 PhysicsAttributesManager.cpp:27] File (./data/default.physics_config.json) not found, so new default physics manager attributes created and registered.
I1008 16:03:08.836310 836307 AbstractObjectAttributesManagerBase.h:175] AbstractObjectAttributesManager<T>::createObject  (Stage) : Making attributes with handle : data/scene_datasets/mp3d/D7N2EKCX4Sj/D7N2EKCX4Sj.glb
I1008 16:03:08.836319 836307 ManagedContainerBase.cpp:19] ManagedContainerBase::convertFilenameToJSON : Filename : data/scene_datasets/mp3d/D7N2EKCX4Sj/D7N2EKCX4Sj.glb changed to proposed JSON configuration filename : data/scene_datasets/mp3d/D7N2EKCX4Sj/D7N2EKCX4Sj.stage_config.json
I1008 16:03:08.836331 836307 AttributesManagerBase.h:283] AttributesManager<T>::createFromJsonOrDefaultInternal  (Stage) : Proposing JSON name : data/scene_datasets/mp3d/D7N2EKCX4Sj/D7N2EKCX4Sj.stage_config.json from original name : data/scene_datasets/mp3d/D7N2EKCX4Sj/D7N2EKCX4Sj.glb | This file  does not exist.
I1008 16:03:08.836370 836307 AbstractObjectAttributesManagerBase.h:181] AbstractObjectAttributesManager<T>::createObject  (Stage) : Done making attributes with handle : data/scene_datasets/mp3d/D7N2EKCX4Sj/D7N2EKCX4Sj.glb
I1008 16:03:08.836371 836307 AbstractObjectAttributesManagerBase.h:188] File (data/scene_datasets/mp3d/D7N2EKCX4Sj/D7N2EKCX4Sj.glb) exists but is not a recognized config filename extension, so new default Stage attributes created and registered.
I1008 16:03:08.836374 836307 Simulator.cpp:156] Loading navmesh from data/scene_datasets/mp3d/D7N2EKCX4Sj/D7N2EKCX4Sj.navmesh
I1008 16:03:08.836612 836307 Simulator.cpp:158] Loaded.
I1008 16:03:08.836616 836307 SceneGraph.h:93] Created DrawableGroup: 
I1008 16:03:08.839775 836307 ResourceManager.cpp:234] ResourceManager::loadStage : Not loading semantic mesh
I1008 16:03:08.839785 836307 ResourceManager.cpp:262] ResourceManager::loadStage : start load render asset data/scene_datasets/mp3d/D7N2EKCX4Sj/D7N2EKCX4Sj.glb.
I1008 16:03:08.839787 836307 ResourceManager.cpp:569] ResourceManager::loadStageInternal : Attempting to load stage data/scene_datasets/mp3d/D7N2EKCX4Sj/D7N2EKCX4Sj.glb 
I1008 16:03:08.839807 836307 ResourceManager.cpp:1119] Importing Basis files as BC7 for D7N2EKCX4Sj.glb
W1008 16:03:12.774085 836307 Simulator.cpp:248] :
---
 The active scene does not contain semantic annotations. 
---
I1008 16:03:12.883396 836307 simulator.py:213] Loaded navmesh data/scene_datasets/mp3d/D7N2EKCX4Sj/D7N2EKCX4Sj.navmesh
I1008 16:03:13.857586 836307 PhysicsManager.cpp:33] Deconstructing PhysicsManager
I1008 16:03:13.857609 836307 SemanticScene.h:41] Deconstructing SemanticScene
I1008 16:03:13.862028 836307 SceneManager.h:25] Deconstructing SceneManager
I1008 16:03:13.862035 836307 SceneGraph.h:26] Deconstructing SceneGraph
I1008 16:03:13.862421 836307 Sensor.h:87] Deconstructing Sensor
I1008 16:03:13.862645 836307 Sensor.h:87] Deconstructing Sensor
I1008 16:03:13.862749 836307 Sensor.h:87] Deconstructing Sensor
I1008 16:03:13.862854 836307 Sensor.h:87] Deconstructing Sensor
I1008 16:03:13.862952 836307 Sensor.h:87] Deconstructing Sensor
I1008 16:03:13.863049 836307 Sensor.h:87] Deconstructing Sensor
I1008 16:03:13.863147 836307 Sensor.h:87] Deconstructing Sensor
I1008 16:03:13.863240 836307 Sensor.h:87] Deconstructing Sensor
I1008 16:03:13.863341 836307 Sensor.h:87] Deconstructing Sensor
I1008 16:03:13.863436 836307 Sensor.h:87] Deconstructing Sensor
I1008 16:03:13.863533 836307 Sensor.h:87] Deconstructing Sensor
I1008 16:03:13.863629 836307 Sensor.h:87] Deconstructing Sensor
I1008 16:03:13.863729 836307 Sensor.h:87] Deconstructing Sensor
I1008 16:03:13.863849 836307 Sensor.h:87] Deconstructing Sensor
I1008 16:03:13.863976 836307 Sensor.h:87] Deconstructing Sensor
I1008 16:03:13.864099 836307 Sensor.h:87] Deconstructing Sensor
I1008 16:03:13.864219 836307 Sensor.h:87] Deconstructing Sensor
I1008 16:03:13.864338 836307 Sensor.h:87] Deconstructing Sensor
I1008 16:03:13.864459 836307 Sensor.h:87] Deconstructing Sensor
I1008 16:03:13.864580 836307 Sensor.h:87] Deconstructing Sensor
I1008 16:03:13.864702 836307 Sensor.h:87] Deconstructing Sensor
I1008 16:03:13.864821 836307 Sensor.h:87] Deconstructing Sensor
I1008 16:03:13.864946 836307 Sensor.h:87] Deconstructing Sensor
I1008 16:03:13.865098 836307 Sensor.h:87] Deconstructing Sensor
I1008 16:03:13.873957 836307 Renderer.cpp:34] Deconstructing Renderer
I1008 16:03:13.873978 836307 WindowlessContext.h:17] Deconstructing WindowlessContext
I1008 16:03:13.882308 836307 MetadataMediator.cpp:56] MetadataMediator::setActiveSceneDatasetName : Old active dataset default changed to default successfully.
I1008 16:03:13.882679 836307 AttributesManagerBase.h:283] AttributesManager<T>::createFromJsonOrDefaultInternal  (Physics Manager) : Proposing JSON name : ./data/default.physics_config.json from original name : ./data/default.physics_config.json | This file  does not exist.
I1008 16:03:13.882701 836307 PhysicsAttributesManager.cpp:27] File (./data/default.physics_config.json) not found, so new default physics manager attributes created and registered.
I1008 16:03:13.882705 836307 AbstractObjectAttributesManagerBase.h:175] AbstractObjectAttributesManager<T>::createObject  (Stage) : Making attributes with handle : data/scene_datasets/mp3d/ZMojNkEp431/ZMojNkEp431.glb
I1008 16:03:13.882709 836307 ManagedContainerBase.cpp:19] ManagedContainerBase::convertFilenameToJSON : Filename : data/scene_datasets/mp3d/ZMojNkEp431/ZMojNkEp431.glb changed to proposed JSON configuration filename : data/scene_datasets/mp3d/ZMojNkEp431/ZMojNkEp431.stage_config.json
I1008 16:03:13.882722 836307 AttributesManagerBase.h:283] AttributesManager<T>::createFromJsonOrDefaultInternal  (Stage) : Proposing JSON name : data/scene_datasets/mp3d/ZMojNkEp431/ZMojNkEp431.stage_config.json from original name : data/scene_datasets/mp3d/ZMojNkEp431/ZMojNkEp431.glb | This file  does not exist.
I1008 16:03:13.882757 836307 AbstractObjectAttributesManagerBase.h:181] AbstractObjectAttributesManager<T>::createObject  (Stage) : Done making attributes with handle : data/scene_datasets/mp3d/ZMojNkEp431/ZMojNkEp431.glb
I1008 16:03:13.882758 836307 AbstractObjectAttributesManagerBase.h:188] File (data/scene_datasets/mp3d/ZMojNkEp431/ZMojNkEp431.glb) exists but is not a recognized config filename extension, so new default Stage attributes created and registered.
I1008 16:03:13.882762 836307 Simulator.cpp:156] Loading navmesh from data/scene_datasets/mp3d/ZMojNkEp431/ZMojNkEp431.navmesh
I1008 16:03:13.882879 836307 Simulator.cpp:158] Loaded.
I1008 16:03:13.882882 836307 SceneGraph.h:93] Created DrawableGroup: 
I1008 16:03:13.885999 836307 ResourceManager.cpp:234] ResourceManager::loadStage : Not loading semantic mesh
I1008 16:03:13.886005 836307 ResourceManager.cpp:262] ResourceManager::loadStage : start load render asset data/scene_datasets/mp3d/ZMojNkEp431/ZMojNkEp431.glb.
I1008 16:03:13.886006 836307 ResourceManager.cpp:569] ResourceManager::loadStageInternal : Attempting to load stage data/scene_datasets/mp3d/ZMojNkEp431/ZMojNkEp431.glb 
I1008 16:03:13.886018 836307 ResourceManager.cpp:1119] Importing Basis files as BC7 for ZMojNkEp431.glb
W1008 16:03:15.162547 836307 Simulator.cpp:248] :
---
 The active scene does not contain semantic annotations. 
---
I1008 16:03:15.201370 836307 simulator.py:213] Loaded navmesh data/scene_datasets/mp3d/ZMojNkEp431/ZMojNkEp431.navmesh
I1008 16:03:15.749125 836307 PhysicsManager.cpp:33] Deconstructing PhysicsManager
I1008 16:03:15.749147 836307 SemanticScene.h:41] Deconstructing SemanticScene
I1008 16:03:15.750752 836307 SceneManager.h:25] Deconstructing SceneManager
I1008 16:03:15.750756 836307 SceneGraph.h:26] Deconstructing SceneGraph
I1008 16:03:15.751111 836307 Sensor.h:87] Deconstructing Sensor
I1008 16:03:15.751264 836307 Sensor.h:87] Deconstructing Sensor
I1008 16:03:15.751375 836307 Sensor.h:87] Deconstructing Sensor
I1008 16:03:15.751479 836307 Sensor.h:87] Deconstructing Sensor
I1008 16:03:15.751577 836307 Sensor.h:87] Deconstructing Sensor
I1008 16:03:15.751677 836307 Sensor.h:87] Deconstructing Sensor
I1008 16:03:15.751780 836307 Sensor.h:87] Deconstructing Sensor
I1008 16:03:15.751875 836307 Sensor.h:87] Deconstructing Sensor
I1008 16:03:15.751976 836307 Sensor.h:87] Deconstructing Sensor
I1008 16:03:15.752072 836307 Sensor.h:87] Deconstructing Sensor
I1008 16:03:15.752168 836307 Sensor.h:87] Deconstructing Sensor
I1008 16:03:15.752265 836307 Sensor.h:87] Deconstructing Sensor
I1008 16:03:15.752360 836307 Sensor.h:87] Deconstructing Sensor
I1008 16:03:15.752485 836307 Sensor.h:87] Deconstructing Sensor
I1008 16:03:15.752610 836307 Sensor.h:87] Deconstructing Sensor
I1008 16:03:15.752733 836307 Sensor.h:87] Deconstructing Sensor
I1008 16:03:15.752856 836307 Sensor.h:87] Deconstructing Sensor
I1008 16:03:15.752974 836307 Sensor.h:87] Deconstructing Sensor
I1008 16:03:15.753103 836307 Sensor.h:87] Deconstructing Sensor
I1008 16:03:15.753223 836307 Sensor.h:87] Deconstructing Sensor
I1008 16:03:15.753343 836307 Sensor.h:87] Deconstructing Sensor
I1008 16:03:15.753489 836307 Sensor.h:87] Deconstructing Sensor
I1008 16:03:15.753611 836307 Sensor.h:87] Deconstructing Sensor
I1008 16:03:15.753702 836307 Sensor.h:87] Deconstructing Sensor
I1008 16:03:15.757227 836307 Renderer.cpp:34] Deconstructing Renderer
I1008 16:03:15.757233 836307 WindowlessContext.h:17] Deconstructing WindowlessContext
I1008 16:03:15.760491 836307 MetadataMediator.cpp:56] MetadataMediator::setActiveSceneDatasetName : Old active dataset default changed to default successfully.
I1008 16:03:15.760687 836307 AttributesManagerBase.h:283] AttributesManager<T>::createFromJsonOrDefaultInternal  (Physics Manager) : Proposing JSON name : ./data/default.physics_config.json from original name : ./data/default.physics_config.json | This file  does not exist.
I1008 16:03:15.760706 836307 PhysicsAttributesManager.cpp:27] File (./data/default.physics_config.json) not found, so new default physics manager attributes created and registered.
I1008 16:03:15.760710 836307 AbstractObjectAttributesManagerBase.h:175] AbstractObjectAttributesManager<T>::createObject  (Stage) : Making attributes with handle : data/scene_datasets/mp3d/2n8kARJN3HM/2n8kARJN3HM.glb
I1008 16:03:15.760713 836307 ManagedContainerBase.cpp:19] ManagedContainerBase::convertFilenameToJSON : Filename : data/scene_datasets/mp3d/2n8kARJN3HM/2n8kARJN3HM.glb changed to proposed JSON configuration filename : data/scene_datasets/mp3d/2n8kARJN3HM/2n8kARJN3HM.stage_config.json
I1008 16:03:15.760725 836307 AttributesManagerBase.h:283] AttributesManager<T>::createFromJsonOrDefaultInternal  (Stage) : Proposing JSON name : data/scene_datasets/mp3d/2n8kARJN3HM/2n8kARJN3HM.stage_config.json from original name : data/scene_datasets/mp3d/2n8kARJN3HM/2n8kARJN3HM.glb | This file  does not exist.
I1008 16:03:15.760762 836307 AbstractObjectAttributesManagerBase.h:181] AbstractObjectAttributesManager<T>::createObject  (Stage) : Done making attributes with handle : data/scene_datasets/mp3d/2n8kARJN3HM/2n8kARJN3HM.glb
I1008 16:03:15.760763 836307 AbstractObjectAttributesManagerBase.h:188] File (data/scene_datasets/mp3d/2n8kARJN3HM/2n8kARJN3HM.glb) exists but is not a recognized config filename extension, so new default Stage attributes created and registered.
I1008 16:03:15.760766 836307 Simulator.cpp:156] Loading navmesh from data/scene_datasets/mp3d/2n8kARJN3HM/2n8kARJN3HM.navmesh
I1008 16:03:15.760908 836307 Simulator.cpp:158] Loaded.
I1008 16:03:15.760912 836307 SceneGraph.h:93] Created DrawableGroup: 
I1008 16:03:15.763845 836307 ResourceManager.cpp:234] ResourceManager::loadStage : Not loading semantic mesh
I1008 16:03:15.763851 836307 ResourceManager.cpp:262] ResourceManager::loadStage : start load render asset data/scene_datasets/mp3d/2n8kARJN3HM/2n8kARJN3HM.glb.
I1008 16:03:15.763852 836307 ResourceManager.cpp:569] ResourceManager::loadStageInternal : Attempting to load stage data/scene_datasets/mp3d/2n8kARJN3HM/2n8kARJN3HM.glb 
I1008 16:03:15.763860 836307 ResourceManager.cpp:1119] Importing Basis files as BC7 for 2n8kARJN3HM.glb
W1008 16:03:18.337958 836307 Simulator.cpp:248] :
---
 The active scene does not contain semantic annotations. 
---
I1008 16:03:18.405716 836307 simulator.py:213] Loaded navmesh data/scene_datasets/mp3d/2n8kARJN3HM/2n8kARJN3HM.navmesh
I1008 16:03:18.993644 836307 PhysicsManager.cpp:33] Deconstructing PhysicsManager
I1008 16:03:18.993669 836307 SemanticScene.h:41] Deconstructing SemanticScene
I1008 16:03:18.996399 836307 SceneManager.h:25] Deconstructing SceneManager
I1008 16:03:18.996403 836307 SceneGraph.h:26] Deconstructing SceneGraph
I1008 16:03:18.996799 836307 Sensor.h:87] Deconstructing Sensor
I1008 16:03:18.997035 836307 Sensor.h:87] Deconstructing Sensor
I1008 16:03:18.997133 836307 Sensor.h:87] Deconstructing Sensor
I1008 16:03:18.997232 836307 Sensor.h:87] Deconstructing Sensor
I1008 16:03:18.997326 836307 Sensor.h:87] Deconstructing Sensor
I1008 16:03:18.997421 836307 Sensor.h:87] Deconstructing Sensor
I1008 16:03:18.997517 836307 Sensor.h:87] Deconstructing Sensor
I1008 16:03:18.997610 836307 Sensor.h:87] Deconstructing Sensor
I1008 16:03:18.997710 836307 Sensor.h:87] Deconstructing Sensor
I1008 16:03:18.997803 836307 Sensor.h:87] Deconstructing Sensor
I1008 16:03:18.997896 836307 Sensor.h:87] Deconstructing Sensor
I1008 16:03:18.997994 836307 Sensor.h:87] Deconstructing Sensor
I1008 16:03:18.998088 836307 Sensor.h:87] Deconstructing Sensor
I1008 16:03:18.998204 836307 Sensor.h:87] Deconstructing Sensor
I1008 16:03:18.998328 836307 Sensor.h:87] Deconstructing Sensor
I1008 16:03:18.998448 836307 Sensor.h:87] Deconstructing Sensor
I1008 16:03:18.998565 836307 Sensor.h:87] Deconstructing Sensor
I1008 16:03:18.998682 836307 Sensor.h:87] Deconstructing Sensor
I1008 16:03:18.998797 836307 Sensor.h:87] Deconstructing Sensor
I1008 16:03:18.998919 836307 Sensor.h:87] Deconstructing Sensor
I1008 16:03:18.999034 836307 Sensor.h:87] Deconstructing Sensor
I1008 16:03:18.999147 836307 Sensor.h:87] Deconstructing Sensor
I1008 16:03:18.999269 836307 Sensor.h:87] Deconstructing Sensor
I1008 16:03:18.999426 836307 Sensor.h:87] Deconstructing Sensor
I1008 16:03:19.010744 836307 Renderer.cpp:34] Deconstructing Renderer
I1008 16:03:19.010779 836307 WindowlessContext.h:17] Deconstructing WindowlessContext
I1008 16:03:19.015977 836307 MetadataMediator.cpp:56] MetadataMediator::setActiveSceneDatasetName : Old active dataset default changed to default successfully.
I1008 16:03:19.016292 836307 AttributesManagerBase.h:283] AttributesManager<T>::createFromJsonOrDefaultInternal  (Physics Manager) : Proposing JSON name : ./data/default.physics_config.json from original name : ./data/default.physics_config.json | This file  does not exist.
I1008 16:03:19.016315 836307 PhysicsAttributesManager.cpp:27] File (./data/default.physics_config.json) not found, so new default physics manager attributes created and registered.
I1008 16:03:19.016320 836307 AbstractObjectAttributesManagerBase.h:175] AbstractObjectAttributesManager<T>::createObject  (Stage) : Making attributes with handle : data/scene_datasets/mp3d/D7N2EKCX4Sj/D7N2EKCX4Sj.glb
I1008 16:03:19.016323 836307 ManagedContainerBase.cpp:19] ManagedContainerBase::convertFilenameToJSON : Filename : data/scene_datasets/mp3d/D7N2EKCX4Sj/D7N2EKCX4Sj.glb changed to proposed JSON configuration filename : data/scene_datasets/mp3d/D7N2EKCX4Sj/D7N2EKCX4Sj.stage_config.json
I1008 16:03:19.016336 836307 AttributesManagerBase.h:283] AttributesManager<T>::createFromJsonOrDefaultInternal  (Stage) : Proposing JSON name : data/scene_datasets/mp3d/D7N2EKCX4Sj/D7N2EKCX4Sj.stage_config.json from original name : data/scene_datasets/mp3d/D7N2EKCX4Sj/D7N2EKCX4Sj.glb | This file  does not exist.
I1008 16:03:19.016374 836307 AbstractObjectAttributesManagerBase.h:181] AbstractObjectAttributesManager<T>::createObject  (Stage) : Done making attributes with handle : data/scene_datasets/mp3d/D7N2EKCX4Sj/D7N2EKCX4Sj.glb
I1008 16:03:19.016376 836307 AbstractObjectAttributesManagerBase.h:188] File (data/scene_datasets/mp3d/D7N2EKCX4Sj/D7N2EKCX4Sj.glb) exists but is not a recognized config filename extension, so new default Stage attributes created and registered.
I1008 16:03:19.016378 836307 Simulator.cpp:156] Loading navmesh from data/scene_datasets/mp3d/D7N2EKCX4Sj/D7N2EKCX4Sj.navmesh
I1008 16:03:19.016638 836307 Simulator.cpp:158] Loaded.
I1008 16:03:19.016644 836307 SceneGraph.h:93] Created DrawableGroup: 
I1008 16:03:19.019815 836307 ResourceManager.cpp:234] ResourceManager::loadStage : Not loading semantic mesh
I1008 16:03:19.019821 836307 ResourceManager.cpp:262] ResourceManager::loadStage : start load render asset data/scene_datasets/mp3d/D7N2EKCX4Sj/D7N2EKCX4Sj.glb.
I1008 16:03:19.019829 836307 ResourceManager.cpp:569] ResourceManager::loadStageInternal : Attempting to load stage data/scene_datasets/mp3d/D7N2EKCX4Sj/D7N2EKCX4Sj.glb 
I1008 16:03:19.019845 836307 ResourceManager.cpp:1119] Importing Basis files as BC7 for D7N2EKCX4Sj.glb
W1008 16:03:25.006111 836307 Simulator.cpp:248] :
---
 The active scene does not contain semantic annotations. 
---
I1008 16:03:25.125466 836307 simulator.py:213] Loaded navmesh data/scene_datasets/mp3d/D7N2EKCX4Sj/D7N2EKCX4Sj.navmesh
I1008 16:03:25.553264 836307 PhysicsManager.cpp:33] Deconstructing PhysicsManager
I1008 16:03:25.553299 836307 SemanticScene.h:41] Deconstructing SemanticScene
I1008 16:03:25.564844 836307 SceneManager.h:25] Deconstructing SceneManager
I1008 16:03:25.564877 836307 SceneGraph.h:26] Deconstructing SceneGraph
I1008 16:03:25.565424 836307 Sensor.h:87] Deconstructing Sensor
I1008 16:03:25.566005 836307 Sensor.h:87] Deconstructing Sensor
I1008 16:03:25.566144 836307 Sensor.h:87] Deconstructing Sensor
I1008 16:03:25.566277 836307 Sensor.h:87] Deconstructing Sensor
I1008 16:03:25.566401 836307 Sensor.h:87] Deconstructing Sensor
I1008 16:03:25.566524 836307 Sensor.h:87] Deconstructing Sensor
I1008 16:03:25.566650 836307 Sensor.h:87] Deconstructing Sensor
I1008 16:03:25.566779 836307 Sensor.h:87] Deconstructing Sensor
I1008 16:03:25.566917 836307 Sensor.h:87] Deconstructing Sensor
I1008 16:03:25.567040 836307 Sensor.h:87] Deconstructing Sensor
I1008 16:03:25.567158 836307 Sensor.h:87] Deconstructing Sensor
I1008 16:03:25.567283 836307 Sensor.h:87] Deconstructing Sensor
I1008 16:03:25.567409 836307 Sensor.h:87] Deconstructing Sensor
I1008 16:03:25.567591 836307 Sensor.h:87] Deconstructing Sensor
I1008 16:03:25.567771 836307 Sensor.h:87] Deconstructing Sensor
I1008 16:03:25.567925 836307 Sensor.h:87] Deconstructing Sensor
I1008 16:03:25.568089 836307 Sensor.h:87] Deconstructing Sensor
I1008 16:03:25.568241 836307 Sensor.h:87] Deconstructing Sensor
I1008 16:03:25.568400 836307 Sensor.h:87] Deconstructing Sensor
I1008 16:03:25.568563 836307 Sensor.h:87] Deconstructing Sensor
I1008 16:03:25.568737 836307 Sensor.h:87] Deconstructing Sensor
I1008 16:03:25.568902 836307 Sensor.h:87] Deconstructing Sensor
I1008 16:03:25.569069 836307 Sensor.h:87] Deconstructing Sensor
I1008 16:03:25.569279 836307 Sensor.h:87] Deconstructing Sensor
I1008 16:03:25.587311 836307 Renderer.cpp:34] Deconstructing Renderer
I1008 16:03:25.587357 836307 WindowlessContext.h:17] Deconstructing WindowlessContext
I1008 16:03:25.595752 836307 MetadataMediator.cpp:56] MetadataMediator::setActiveSceneDatasetName : Old active dataset default changed to default successfully.
I1008 16:03:25.596671 836307 AttributesManagerBase.h:283] AttributesManager<T>::createFromJsonOrDefaultInternal  (Physics Manager) : Proposing JSON name : ./data/default.physics_config.json from original name : ./data/default.physics_config.json | This file  does not exist.
I1008 16:03:25.596715 836307 PhysicsAttributesManager.cpp:27] File (./data/default.physics_config.json) not found, so new default physics manager attributes created and registered.
I1008 16:03:25.596724 836307 AbstractObjectAttributesManagerBase.h:175] AbstractObjectAttributesManager<T>::createObject  (Stage) : Making attributes with handle : data/scene_datasets/mp3d/qoiz87JEwZ2/qoiz87JEwZ2.glb
I1008 16:03:25.596727 836307 ManagedContainerBase.cpp:19] ManagedContainerBase::convertFilenameToJSON : Filename : data/scene_datasets/mp3d/qoiz87JEwZ2/qoiz87JEwZ2.glb changed to proposed JSON configuration filename : data/scene_datasets/mp3d/qoiz87JEwZ2/qoiz87JEwZ2.stage_config.json
I1008 16:03:25.596745 836307 AttributesManagerBase.h:283] AttributesManager<T>::createFromJsonOrDefaultInternal  (Stage) : Proposing JSON name : data/scene_datasets/mp3d/qoiz87JEwZ2/qoiz87JEwZ2.stage_config.json from original name : data/scene_datasets/mp3d/qoiz87JEwZ2/qoiz87JEwZ2.glb | This file  does not exist.
I1008 16:03:25.596794 836307 AbstractObjectAttributesManagerBase.h:181] AbstractObjectAttributesManager<T>::createObject  (Stage) : Done making attributes with handle : data/scene_datasets/mp3d/qoiz87JEwZ2/qoiz87JEwZ2.glb
I1008 16:03:25.596809 836307 AbstractObjectAttributesManagerBase.h:188] File (data/scene_datasets/mp3d/qoiz87JEwZ2/qoiz87JEwZ2.glb) exists but is not a recognized config filename extension, so new default Stage attributes created and registered.
I1008 16:03:25.596814 836307 Simulator.cpp:156] Loading navmesh from data/scene_datasets/mp3d/qoiz87JEwZ2/qoiz87JEwZ2.navmesh
I1008 16:03:25.596992 836307 Simulator.cpp:158] Loaded.
I1008 16:03:25.596999 836307 SceneGraph.h:93] Created DrawableGroup: 
I1008 16:03:25.601482 836307 ResourceManager.cpp:234] ResourceManager::loadStage : Not loading semantic mesh
I1008 16:03:25.601503 836307 ResourceManager.cpp:262] ResourceManager::loadStage : start load render asset data/scene_datasets/mp3d/qoiz87JEwZ2/qoiz87JEwZ2.glb.
I1008 16:03:25.601504 836307 ResourceManager.cpp:569] ResourceManager::loadStageInternal : Attempting to load stage data/scene_datasets/mp3d/qoiz87JEwZ2/qoiz87JEwZ2.glb 
I1008 16:03:25.601536 836307 ResourceManager.cpp:1119] Importing Basis files as BC7 for qoiz87JEwZ2.glb
W1008 16:03:27.591739 836307 Simulator.cpp:248] :
---
 The active scene does not contain semantic annotations. 
---
I1008 16:03:27.648102 836307 simulator.py:213] Loaded navmesh data/scene_datasets/mp3d/qoiz87JEwZ2/qoiz87JEwZ2.navmesh
I1008 16:03:28.016832 836307 PhysicsManager.cpp:33] Deconstructing PhysicsManager
I1008 16:03:28.016861 836307 SemanticScene.h:41] Deconstructing SemanticScene
I1008 16:03:28.019093 836307 SceneManager.h:25] Deconstructing SceneManager
I1008 16:03:28.019101 836307 SceneGraph.h:26] Deconstructing SceneGraph
I1008 16:03:28.019526 836307 Sensor.h:87] Deconstructing Sensor
I1008 16:03:28.019791 836307 Sensor.h:87] Deconstructing Sensor
I1008 16:03:28.019905 836307 Sensor.h:87] Deconstructing Sensor
I1008 16:03:28.020133 836307 Sensor.h:87] Deconstructing Sensor
I1008 16:03:28.020239 836307 Sensor.h:87] Deconstructing Sensor
I1008 16:03:28.020360 836307 Sensor.h:87] Deconstructing Sensor
I1008 16:03:28.020468 836307 Sensor.h:87] Deconstructing Sensor
I1008 16:03:28.020565 836307 Sensor.h:87] Deconstructing Sensor
I1008 16:03:28.020684 836307 Sensor.h:87] Deconstructing Sensor
I1008 16:03:28.020784 836307 Sensor.h:87] Deconstructing Sensor
I1008 16:03:28.020882 836307 Sensor.h:87] Deconstructing Sensor
I1008 16:03:28.020982 836307 Sensor.h:87] Deconstructing Sensor
I1008 16:03:28.021085 836307 Sensor.h:87] Deconstructing Sensor
I1008 16:03:28.021220 836307 Sensor.h:87] Deconstructing Sensor
I1008 16:03:28.021354 836307 Sensor.h:87] Deconstructing Sensor
I1008 16:03:28.021479 836307 Sensor.h:87] Deconstructing Sensor
I1008 16:03:28.021608 836307 Sensor.h:87] Deconstructing Sensor
I1008 16:03:28.021739 836307 Sensor.h:87] Deconstructing Sensor
I1008 16:03:28.021874 836307 Sensor.h:87] Deconstructing Sensor
I1008 16:03:28.021998 836307 Sensor.h:87] Deconstructing Sensor
I1008 16:03:28.022119 836307 Sensor.h:87] Deconstructing Sensor
I1008 16:03:28.022240 836307 Sensor.h:87] Deconstructing Sensor
I1008 16:03:28.022368 836307 Sensor.h:87] Deconstructing Sensor
I1008 16:03:28.022468 836307 Sensor.h:87] Deconstructing Sensor
I1008 16:03:28.028601 836307 Renderer.cpp:34] Deconstructing Renderer
I1008 16:03:28.028632 836307 WindowlessContext.h:17] Deconstructing WindowlessContext
I1008 16:03:28.032223 836307 MetadataMediator.cpp:56] MetadataMediator::setActiveSceneDatasetName : Old active dataset default changed to default successfully.
I1008 16:03:28.032702 836307 AttributesManagerBase.h:283] AttributesManager<T>::createFromJsonOrDefaultInternal  (Physics Manager) : Proposing JSON name : ./data/default.physics_config.json from original name : ./data/default.physics_config.json | This file  does not exist.
I1008 16:03:28.032732 836307 PhysicsAttributesManager.cpp:27] File (./data/default.physics_config.json) not found, so new default physics manager attributes created and registered.
I1008 16:03:28.032737 836307 AbstractObjectAttributesManagerBase.h:175] AbstractObjectAttributesManager<T>::createObject  (Stage) : Making attributes with handle : data/scene_datasets/mp3d/2n8kARJN3HM/2n8kARJN3HM.glb
I1008 16:03:28.032750 836307 ManagedContainerBase.cpp:19] ManagedContainerBase::convertFilenameToJSON : Filename : data/scene_datasets/mp3d/2n8kARJN3HM/2n8kARJN3HM.glb changed to proposed JSON configuration filename : data/scene_datasets/mp3d/2n8kARJN3HM/2n8kARJN3HM.stage_config.json
I1008 16:03:28.032766 836307 AttributesManagerBase.h:283] AttributesManager<T>::createFromJsonOrDefaultInternal  (Stage) : Proposing JSON name : data/scene_datasets/mp3d/2n8kARJN3HM/2n8kARJN3HM.stage_config.json from original name : data/scene_datasets/mp3d/2n8kARJN3HM/2n8kARJN3HM.glb | This file  does not exist.
I1008 16:03:28.032809 836307 AbstractObjectAttributesManagerBase.h:181] AbstractObjectAttributesManager<T>::createObject  (Stage) : Done making attributes with handle : data/scene_datasets/mp3d/2n8kARJN3HM/2n8kARJN3HM.glb
I1008 16:03:28.032810 836307 AbstractObjectAttributesManagerBase.h:188] File (data/scene_datasets/mp3d/2n8kARJN3HM/2n8kARJN3HM.glb) exists but is not a recognized config filename extension, so new default Stage attributes created and registered.
I1008 16:03:28.032814 836307 Simulator.cpp:156] Loading navmesh from data/scene_datasets/mp3d/2n8kARJN3HM/2n8kARJN3HM.navmesh
I1008 16:03:28.033010 836307 Simulator.cpp:158] Loaded.
I1008 16:03:28.033016 836307 SceneGraph.h:93] Created DrawableGroup: 
I1008 16:03:28.036700 836307 ResourceManager.cpp:234] ResourceManager::loadStage : Not loading semantic mesh
I1008 16:03:28.036711 836307 ResourceManager.cpp:262] ResourceManager::loadStage : start load render asset data/scene_datasets/mp3d/2n8kARJN3HM/2n8kARJN3HM.glb.
I1008 16:03:28.036712 836307 ResourceManager.cpp:569] ResourceManager::loadStageInternal : Attempting to load stage data/scene_datasets/mp3d/2n8kARJN3HM/2n8kARJN3HM.glb 
I1008 16:03:28.036738 836307 ResourceManager.cpp:1119] Importing Basis files as BC7 for 2n8kARJN3HM.glb
W1008 16:03:30.883109 836307 Simulator.cpp:248] :
---
 The active scene does not contain semantic annotations. 
---
I1008 16:03:30.955231 836307 simulator.py:213] Loaded navmesh data/scene_datasets/mp3d/2n8kARJN3HM/2n8kARJN3HM.navmesh
I1008 16:03:31.751874 836307 PhysicsManager.cpp:33] Deconstructing PhysicsManager
I1008 16:03:31.751899 836307 SemanticScene.h:41] Deconstructing SemanticScene
I1008 16:03:31.755861 836307 SceneManager.h:25] Deconstructing SceneManager
I1008 16:03:31.755877 836307 SceneGraph.h:26] Deconstructing SceneGraph
I1008 16:03:31.756366 836307 Sensor.h:87] Deconstructing Sensor
I1008 16:03:31.756686 836307 Sensor.h:87] Deconstructing Sensor
I1008 16:03:31.756794 836307 Sensor.h:87] Deconstructing Sensor
I1008 16:03:31.756899 836307 Sensor.h:87] Deconstructing Sensor
I1008 16:03:31.757000 836307 Sensor.h:87] Deconstructing Sensor
I1008 16:03:31.757100 836307 Sensor.h:87] Deconstructing Sensor
I1008 16:03:31.757201 836307 Sensor.h:87] Deconstructing Sensor
I1008 16:03:31.757303 836307 Sensor.h:87] Deconstructing Sensor
I1008 16:03:31.757408 836307 Sensor.h:87] Deconstructing Sensor
I1008 16:03:31.757504 836307 Sensor.h:87] Deconstructing Sensor
I1008 16:03:31.757604 836307 Sensor.h:87] Deconstructing Sensor
I1008 16:03:31.757711 836307 Sensor.h:87] Deconstructing Sensor
I1008 16:03:31.757814 836307 Sensor.h:87] Deconstructing Sensor
I1008 16:03:31.757944 836307 Sensor.h:87] Deconstructing Sensor
I1008 16:03:31.758078 836307 Sensor.h:87] Deconstructing Sensor
I1008 16:03:31.758198 836307 Sensor.h:87] Deconstructing Sensor
I1008 16:03:31.758323 836307 Sensor.h:87] Deconstructing Sensor
I1008 16:03:31.758445 836307 Sensor.h:87] Deconstructing Sensor
I1008 16:03:31.758571 836307 Sensor.h:87] Deconstructing Sensor
I1008 16:03:31.758698 836307 Sensor.h:87] Deconstructing Sensor
I1008 16:03:31.758824 836307 Sensor.h:87] Deconstructing Sensor
I1008 16:03:31.758955 836307 Sensor.h:87] Deconstructing Sensor
I1008 16:03:31.759085 836307 Sensor.h:87] Deconstructing Sensor
I1008 16:03:31.759166 836307 Sensor.h:87] Deconstructing Sensor
I1008 16:03:31.767072 836307 Renderer.cpp:34] Deconstructing Renderer
I1008 16:03:31.767112 836307 WindowlessContext.h:17] Deconstructing WindowlessContext
I1008 16:03:31.773178 836307 MetadataMediator.cpp:56] MetadataMediator::setActiveSceneDatasetName : Old active dataset default changed to default successfully.
I1008 16:03:31.774097 836307 AttributesManagerBase.h:283] AttributesManager<T>::createFromJsonOrDefaultInternal  (Physics Manager) : Proposing JSON name : ./data/default.physics_config.json from original name : ./data/default.physics_config.json | This file  does not exist.
I1008 16:03:31.774151 836307 PhysicsAttributesManager.cpp:27] File (./data/default.physics_config.json) not found, so new default physics manager attributes created and registered.
I1008 16:03:31.774160 836307 AbstractObjectAttributesManagerBase.h:175] AbstractObjectAttributesManager<T>::createObject  (Stage) : Making attributes with handle : data/scene_datasets/mp3d/D7N2EKCX4Sj/D7N2EKCX4Sj.glb
I1008 16:03:31.774165 836307 ManagedContainerBase.cpp:19] ManagedContainerBase::convertFilenameToJSON : Filename : data/scene_datasets/mp3d/D7N2EKCX4Sj/D7N2EKCX4Sj.glb changed to proposed JSON configuration filename : data/scene_datasets/mp3d/D7N2EKCX4Sj/D7N2EKCX4Sj.stage_config.json
I1008 16:03:31.774191 836307 AttributesManagerBase.h:283] AttributesManager<T>::createFromJsonOrDefaultInternal  (Stage) : Proposing JSON name : data/scene_datasets/mp3d/D7N2EKCX4Sj/D7N2EKCX4Sj.stage_config.json from original name : data/scene_datasets/mp3d/D7N2EKCX4Sj/D7N2EKCX4Sj.glb | This file  does not exist.
I1008 16:03:31.774243 836307 AbstractObjectAttributesManagerBase.h:181] AbstractObjectAttributesManager<T>::createObject  (Stage) : Done making attributes with handle : data/scene_datasets/mp3d/D7N2EKCX4Sj/D7N2EKCX4Sj.glb
I1008 16:03:31.774245 836307 AbstractObjectAttributesManagerBase.h:188] File (data/scene_datasets/mp3d/D7N2EKCX4Sj/D7N2EKCX4Sj.glb) exists but is not a recognized config filename extension, so new default Stage attributes created and registered.
I1008 16:03:31.774248 836307 Simulator.cpp:156] Loading navmesh from data/scene_datasets/mp3d/D7N2EKCX4Sj/D7N2EKCX4Sj.navmesh
I1008 16:03:31.776646 836307 Simulator.cpp:158] Loaded.
I1008 16:03:31.776682 836307 SceneGraph.h:93] Created DrawableGroup: 
I1008 16:03:31.780642 836307 ResourceManager.cpp:234] ResourceManager::loadStage : Not loading semantic mesh
I1008 16:03:31.780653 836307 ResourceManager.cpp:262] ResourceManager::loadStage : start load render asset data/scene_datasets/mp3d/D7N2EKCX4Sj/D7N2EKCX4Sj.glb.
I1008 16:03:31.780654 836307 ResourceManager.cpp:569] ResourceManager::loadStageInternal : Attempting to load stage data/scene_datasets/mp3d/D7N2EKCX4Sj/D7N2EKCX4Sj.glb 
I1008 16:03:31.780685 836307 ResourceManager.cpp:1119] Importing Basis files as BC7 for D7N2EKCX4Sj.glb
W1008 16:03:36.113454 836307 Simulator.cpp:248] :
---
 The active scene does not contain semantic annotations. 
---
I1008 16:03:36.227203 836307 simulator.py:213] Loaded navmesh data/scene_datasets/mp3d/D7N2EKCX4Sj/D7N2EKCX4Sj.navmesh
I1008 16:03:36.825609 836307 PhysicsManager.cpp:33] Deconstructing PhysicsManager
I1008 16:03:36.825634 836307 SemanticScene.h:41] Deconstructing SemanticScene
I1008 16:03:36.831756 836307 SceneManager.h:25] Deconstructing SceneManager
I1008 16:03:36.831776 836307 SceneGraph.h:26] Deconstructing SceneGraph
I1008 16:03:36.832279 836307 Sensor.h:87] Deconstructing Sensor
I1008 16:03:36.832621 836307 Sensor.h:87] Deconstructing Sensor
I1008 16:03:36.832734 836307 Sensor.h:87] Deconstructing Sensor
I1008 16:03:36.832847 836307 Sensor.h:87] Deconstructing Sensor
I1008 16:03:36.832952 836307 Sensor.h:87] Deconstructing Sensor
I1008 16:03:36.833050 836307 Sensor.h:87] Deconstructing Sensor
I1008 16:03:36.833153 836307 Sensor.h:87] Deconstructing Sensor
I1008 16:03:36.833250 836307 Sensor.h:87] Deconstructing Sensor
I1008 16:03:36.833351 836307 Sensor.h:87] Deconstructing Sensor
I1008 16:03:36.833449 836307 Sensor.h:87] Deconstructing Sensor
I1008 16:03:36.833547 836307 Sensor.h:87] Deconstructing Sensor
I1008 16:03:36.833647 836307 Sensor.h:87] Deconstructing Sensor
I1008 16:03:36.833767 836307 Sensor.h:87] Deconstructing Sensor
I1008 16:03:36.833891 836307 Sensor.h:87] Deconstructing Sensor
I1008 16:03:36.834019 836307 Sensor.h:87] Deconstructing Sensor
I1008 16:03:36.834148 836307 Sensor.h:87] Deconstructing Sensor
I1008 16:03:36.834273 836307 Sensor.h:87] Deconstructing Sensor
I1008 16:03:36.834395 836307 Sensor.h:87] Deconstructing Sensor
I1008 16:03:36.834539 836307 Sensor.h:87] Deconstructing Sensor
I1008 16:03:36.834668 836307 Sensor.h:87] Deconstructing Sensor
I1008 16:03:36.834794 836307 Sensor.h:87] Deconstructing Sensor
I1008 16:03:36.834919 836307 Sensor.h:87] Deconstructing Sensor
I1008 16:03:36.835057 836307 Sensor.h:87] Deconstructing Sensor
I1008 16:03:36.835229 836307 Sensor.h:87] Deconstructing Sensor
I1008 16:03:36.847492 836307 Renderer.cpp:34] Deconstructing Renderer
I1008 16:03:36.847520 836307 WindowlessContext.h:17] Deconstructing WindowlessContext
I1008 16:03:36.854607 836307 MetadataMediator.cpp:56] MetadataMediator::setActiveSceneDatasetName : Old active dataset default changed to default successfully.
I1008 16:03:36.855379 836307 AttributesManagerBase.h:283] AttributesManager<T>::createFromJsonOrDefaultInternal  (Physics Manager) : Proposing JSON name : ./data/default.physics_config.json from original name : ./data/default.physics_config.json | This file  does not exist.
I1008 16:03:36.855412 836307 PhysicsAttributesManager.cpp:27] File (./data/default.physics_config.json) not found, so new default physics manager attributes created and registered.
I1008 16:03:36.855417 836307 AbstractObjectAttributesManagerBase.h:175] AbstractObjectAttributesManager<T>::createObject  (Stage) : Making attributes with handle : data/scene_datasets/mp3d/JmbYfDe2QKZ/JmbYfDe2QKZ.glb
I1008 16:03:36.855419 836307 ManagedContainerBase.cpp:19] ManagedContainerBase::convertFilenameToJSON : Filename : data/scene_datasets/mp3d/JmbYfDe2QKZ/JmbYfDe2QKZ.glb changed to proposed JSON configuration filename : data/scene_datasets/mp3d/JmbYfDe2QKZ/JmbYfDe2QKZ.stage_config.json
I1008 16:03:36.855435 836307 AttributesManagerBase.h:283] AttributesManager<T>::createFromJsonOrDefaultInternal  (Stage) : Proposing JSON name : data/scene_datasets/mp3d/JmbYfDe2QKZ/JmbYfDe2QKZ.stage_config.json from original name : data/scene_datasets/mp3d/JmbYfDe2QKZ/JmbYfDe2QKZ.glb | This file  does not exist.
I1008 16:03:36.855476 836307 AbstractObjectAttributesManagerBase.h:181] AbstractObjectAttributesManager<T>::createObject  (Stage) : Done making attributes with handle : data/scene_datasets/mp3d/JmbYfDe2QKZ/JmbYfDe2QKZ.glb
I1008 16:03:36.855477 836307 AbstractObjectAttributesManagerBase.h:188] File (data/scene_datasets/mp3d/JmbYfDe2QKZ/JmbYfDe2QKZ.glb) exists but is not a recognized config filename extension, so new default Stage attributes created and registered.
I1008 16:03:36.855480 836307 Simulator.cpp:156] Loading navmesh from data/scene_datasets/mp3d/JmbYfDe2QKZ/JmbYfDe2QKZ.navmesh
I1008 16:03:36.855600 836307 Simulator.cpp:158] Loaded.
I1008 16:03:36.855607 836307 SceneGraph.h:93] Created DrawableGroup: 
I1008 16:03:36.859153 836307 ResourceManager.cpp:234] ResourceManager::loadStage : Not loading semantic mesh
I1008 16:03:36.859163 836307 ResourceManager.cpp:262] ResourceManager::loadStage : start load render asset data/scene_datasets/mp3d/JmbYfDe2QKZ/JmbYfDe2QKZ.glb.
I1008 16:03:36.859164 836307 ResourceManager.cpp:569] ResourceManager::loadStageInternal : Attempting to load stage data/scene_datasets/mp3d/JmbYfDe2QKZ/JmbYfDe2QKZ.glb 
I1008 16:03:36.859185 836307 ResourceManager.cpp:1119] Importing Basis files as BC7 for JmbYfDe2QKZ.glb
W1008 16:03:37.961546 836307 Simulator.cpp:248] :
---
 The active scene does not contain semantic annotations. 
---
I1008 16:03:38.010832 836307 simulator.py:213] Loaded navmesh data/scene_datasets/mp3d/JmbYfDe2QKZ/JmbYfDe2QKZ.navmesh
I1008 16:03:38.542377 836307 PhysicsManager.cpp:33] Deconstructing PhysicsManager
I1008 16:03:38.542450 836307 SemanticScene.h:41] Deconstructing SemanticScene
I1008 16:03:38.546727 836307 SceneManager.h:25] Deconstructing SceneManager
I1008 16:03:38.546766 836307 SceneGraph.h:26] Deconstructing SceneGraph
I1008 16:03:38.547420 836307 Sensor.h:87] Deconstructing Sensor
I1008 16:03:38.547883 836307 Sensor.h:87] Deconstructing Sensor
I1008 16:03:38.548033 836307 Sensor.h:87] Deconstructing Sensor
I1008 16:03:38.548169 836307 Sensor.h:87] Deconstructing Sensor
I1008 16:03:38.548298 836307 Sensor.h:87] Deconstructing Sensor
I1008 16:03:38.548426 836307 Sensor.h:87] Deconstructing Sensor
I1008 16:03:38.548569 836307 Sensor.h:87] Deconstructing Sensor
I1008 16:03:38.548699 836307 Sensor.h:87] Deconstructing Sensor
I1008 16:03:38.548843 836307 Sensor.h:87] Deconstructing Sensor
I1008 16:03:38.548966 836307 Sensor.h:87] Deconstructing Sensor
I1008 16:03:38.549093 836307 Sensor.h:87] Deconstructing Sensor
I1008 16:03:38.549228 836307 Sensor.h:87] Deconstructing Sensor
I1008 16:03:38.549357 836307 Sensor.h:87] Deconstructing Sensor
I1008 16:03:38.549535 836307 Sensor.h:87] Deconstructing Sensor
I1008 16:03:38.549714 836307 Sensor.h:87] Deconstructing Sensor
I1008 16:03:38.549870 836307 Sensor.h:87] Deconstructing Sensor
I1008 16:03:38.550027 836307 Sensor.h:87] Deconstructing Sensor
I1008 16:03:38.550175 836307 Sensor.h:87] Deconstructing Sensor
I1008 16:03:38.550323 836307 Sensor.h:87] Deconstructing Sensor
I1008 16:03:38.550474 836307 Sensor.h:87] Deconstructing Sensor
I1008 16:03:38.550623 836307 Sensor.h:87] Deconstructing Sensor
I1008 16:03:38.550781 836307 Sensor.h:87] Deconstructing Sensor
I1008 16:03:38.550941 836307 Sensor.h:87] Deconstructing Sensor
I1008 16:03:38.551071 836307 Sensor.h:87] Deconstructing Sensor
I1008 16:03:38.557324 836307 Renderer.cpp:34] Deconstructing Renderer
I1008 16:03:38.557365 836307 WindowlessContext.h:17] Deconstructing WindowlessContext
I1008 16:03:38.560702 836307 MetadataMediator.cpp:56] MetadataMediator::setActiveSceneDatasetName : Old active dataset default changed to default successfully.
I1008 16:03:38.561791 836307 AttributesManagerBase.h:283] AttributesManager<T>::createFromJsonOrDefaultInternal  (Physics Manager) : Proposing JSON name : ./data/default.physics_config.json from original name : ./data/default.physics_config.json | This file  does not exist.
I1008 16:03:38.561841 836307 PhysicsAttributesManager.cpp:27] File (./data/default.physics_config.json) not found, so new default physics manager attributes created and registered.
I1008 16:03:38.561849 836307 AbstractObjectAttributesManagerBase.h:175] AbstractObjectAttributesManager<T>::createObject  (Stage) : Making attributes with handle : data/scene_datasets/mp3d/PX4nDJXEHrG/PX4nDJXEHrG.glb
I1008 16:03:38.561853 836307 ManagedContainerBase.cpp:19] ManagedContainerBase::convertFilenameToJSON : Filename : data/scene_datasets/mp3d/PX4nDJXEHrG/PX4nDJXEHrG.glb changed to proposed JSON configuration filename : data/scene_datasets/mp3d/PX4nDJXEHrG/PX4nDJXEHrG.stage_config.json
I1008 16:03:38.561875 836307 AttributesManagerBase.h:283] AttributesManager<T>::createFromJsonOrDefaultInternal  (Stage) : Proposing JSON name : data/scene_datasets/mp3d/PX4nDJXEHrG/PX4nDJXEHrG.stage_config.json from original name : data/scene_datasets/mp3d/PX4nDJXEHrG/PX4nDJXEHrG.glb | This file  does not exist.
I1008 16:03:38.561932 836307 AbstractObjectAttributesManagerBase.h:181] AbstractObjectAttributesManager<T>::createObject  (Stage) : Done making attributes with handle : data/scene_datasets/mp3d/PX4nDJXEHrG/PX4nDJXEHrG.glb
I1008 16:03:38.561934 836307 AbstractObjectAttributesManagerBase.h:188] File (data/scene_datasets/mp3d/PX4nDJXEHrG/PX4nDJXEHrG.glb) exists but is not a recognized config filename extension, so new default Stage attributes created and registered.
I1008 16:03:38.561939 836307 Simulator.cpp:156] Loading navmesh from data/scene_datasets/mp3d/PX4nDJXEHrG/PX4nDJXEHrG.navmesh
I1008 16:03:38.562281 836307 Simulator.cpp:158] Loaded.
I1008 16:03:38.562292 836307 SceneGraph.h:93] Created DrawableGroup: 
I1008 16:03:38.566603 836307 ResourceManager.cpp:234] ResourceManager::loadStage : Not loading semantic mesh
I1008 16:03:38.566623 836307 ResourceManager.cpp:262] ResourceManager::loadStage : start load render asset data/scene_datasets/mp3d/PX4nDJXEHrG/PX4nDJXEHrG.glb.
I1008 16:03:38.566635 836307 ResourceManager.cpp:569] ResourceManager::loadStageInternal : Attempting to load stage data/scene_datasets/mp3d/PX4nDJXEHrG/PX4nDJXEHrG.glb 
I1008 16:03:38.566669 836307 ResourceManager.cpp:1119] Importing Basis files as BC7 for PX4nDJXEHrG.glb
W1008 16:03:41.393771 836307 Simulator.cpp:248] :
---
 The active scene does not contain semantic annotations. 
---
I1008 16:03:41.492206 836307 simulator.py:213] Loaded navmesh data/scene_datasets/mp3d/PX4nDJXEHrG/PX4nDJXEHrG.navmesh
I1008 16:03:42.090642 836307 PhysicsManager.cpp:33] Deconstructing PhysicsManager
I1008 16:03:42.090670 836307 SemanticScene.h:41] Deconstructing SemanticScene
I1008 16:03:42.095635 836307 SceneManager.h:25] Deconstructing SceneManager
I1008 16:03:42.095652 836307 SceneGraph.h:26] Deconstructing SceneGraph
I1008 16:03:42.096143 836307 Sensor.h:87] Deconstructing Sensor
I1008 16:03:42.096513 836307 Sensor.h:87] Deconstructing Sensor
I1008 16:03:42.096616 836307 Sensor.h:87] Deconstructing Sensor
I1008 16:03:42.096730 836307 Sensor.h:87] Deconstructing Sensor
I1008 16:03:42.096829 836307 Sensor.h:87] Deconstructing Sensor
I1008 16:03:42.096930 836307 Sensor.h:87] Deconstructing Sensor
I1008 16:03:42.097033 836307 Sensor.h:87] Deconstructing Sensor
I1008 16:03:42.097151 836307 Sensor.h:87] Deconstructing Sensor
I1008 16:03:42.097260 836307 Sensor.h:87] Deconstructing Sensor
I1008 16:03:42.097364 836307 Sensor.h:87] Deconstructing Sensor
I1008 16:03:42.097465 836307 Sensor.h:87] Deconstructing Sensor
I1008 16:03:42.097570 836307 Sensor.h:87] Deconstructing Sensor
I1008 16:03:42.097672 836307 Sensor.h:87] Deconstructing Sensor
I1008 16:03:42.097797 836307 Sensor.h:87] Deconstructing Sensor
I1008 16:03:42.097924 836307 Sensor.h:87] Deconstructing Sensor
I1008 16:03:42.098059 836307 Sensor.h:87] Deconstructing Sensor
I1008 16:03:42.098228 836307 Sensor.h:87] Deconstructing Sensor
I1008 16:03:42.098354 836307 Sensor.h:87] Deconstructing Sensor
I1008 16:03:42.098481 836307 Sensor.h:87] Deconstructing Sensor
I1008 16:03:42.098608 836307 Sensor.h:87] Deconstructing Sensor
I1008 16:03:42.098738 836307 Sensor.h:87] Deconstructing Sensor
I1008 16:03:42.098863 836307 Sensor.h:87] Deconstructing Sensor
I1008 16:03:42.098997 836307 Sensor.h:87] Deconstructing Sensor
I1008 16:03:42.099081 836307 Sensor.h:87] Deconstructing Sensor
I1008 16:03:42.109251 836307 Renderer.cpp:34] Deconstructing Renderer
I1008 16:03:42.109285 836307 WindowlessContext.h:17] Deconstructing WindowlessContext
I1008 16:03:42.118152 836307 MetadataMediator.cpp:56] MetadataMediator::setActiveSceneDatasetName : Old active dataset default changed to default successfully.
I1008 16:03:42.119273 836307 AttributesManagerBase.h:283] AttributesManager<T>::createFromJsonOrDefaultInternal  (Physics Manager) : Proposing JSON name : ./data/default.physics_config.json from original name : ./data/default.physics_config.json | This file  does not exist.
I1008 16:03:42.119308 836307 PhysicsAttributesManager.cpp:27] File (./data/default.physics_config.json) not found, so new default physics manager attributes created and registered.
I1008 16:03:42.119313 836307 AbstractObjectAttributesManagerBase.h:175] AbstractObjectAttributesManager<T>::createObject  (Stage) : Making attributes with handle : data/scene_datasets/mp3d/qoiz87JEwZ2/qoiz87JEwZ2.glb
I1008 16:03:42.119318 836307 ManagedContainerBase.cpp:19] ManagedContainerBase::convertFilenameToJSON : Filename : data/scene_datasets/mp3d/qoiz87JEwZ2/qoiz87JEwZ2.glb changed to proposed JSON configuration filename : data/scene_datasets/mp3d/qoiz87JEwZ2/qoiz87JEwZ2.stage_config.json
I1008 16:03:42.119333 836307 AttributesManagerBase.h:283] AttributesManager<T>::createFromJsonOrDefaultInternal  (Stage) : Proposing JSON name : data/scene_datasets/mp3d/qoiz87JEwZ2/qoiz87JEwZ2.stage_config.json from original name : data/scene_datasets/mp3d/qoiz87JEwZ2/qoiz87JEwZ2.glb | This file  does not exist.
I1008 16:03:42.119381 836307 AbstractObjectAttributesManagerBase.h:181] AbstractObjectAttributesManager<T>::createObject  (Stage) : Done making attributes with handle : data/scene_datasets/mp3d/qoiz87JEwZ2/qoiz87JEwZ2.glb
I1008 16:03:42.119391 836307 AbstractObjectAttributesManagerBase.h:188] File (data/scene_datasets/mp3d/qoiz87JEwZ2/qoiz87JEwZ2.glb) exists but is not a recognized config filename extension, so new default Stage attributes created and registered.
I1008 16:03:42.119395 836307 Simulator.cpp:156] Loading navmesh from data/scene_datasets/mp3d/qoiz87JEwZ2/qoiz87JEwZ2.navmesh
I1008 16:03:42.119551 836307 Simulator.cpp:158] Loaded.
I1008 16:03:42.119557 836307 SceneGraph.h:93] Created DrawableGroup: 
I1008 16:03:42.123394 836307 ResourceManager.cpp:234] ResourceManager::loadStage : Not loading semantic mesh
I1008 16:03:42.123406 836307 ResourceManager.cpp:262] ResourceManager::loadStage : start load render asset data/scene_datasets/mp3d/qoiz87JEwZ2/qoiz87JEwZ2.glb.
I1008 16:03:42.123407 836307 ResourceManager.cpp:569] ResourceManager::loadStageInternal : Attempting to load stage data/scene_datasets/mp3d/qoiz87JEwZ2/qoiz87JEwZ2.glb 
I1008 16:03:42.123430 836307 ResourceManager.cpp:1119] Importing Basis files as BC7 for qoiz87JEwZ2.glb
W1008 16:03:43.869289 836307 Simulator.cpp:248] :
---
 The active scene does not contain semantic annotations. 
---
I1008 16:03:43.928775 836307 simulator.py:213] Loaded navmesh data/scene_datasets/mp3d/qoiz87JEwZ2/qoiz87JEwZ2.navmesh
I1008 16:03:44.617489 836307 PhysicsManager.cpp:33] Deconstructing PhysicsManager
I1008 16:03:44.617539 836307 SemanticScene.h:41] Deconstructing SemanticScene
I1008 16:03:44.621599 836307 SceneManager.h:25] Deconstructing SceneManager
I1008 16:03:44.621619 836307 SceneGraph.h:26] Deconstructing SceneGraph
I1008 16:03:44.622021 836307 Sensor.h:87] Deconstructing Sensor
I1008 16:03:44.622479 836307 Sensor.h:87] Deconstructing Sensor
I1008 16:03:44.622584 836307 Sensor.h:87] Deconstructing Sensor
I1008 16:03:44.622696 836307 Sensor.h:87] Deconstructing Sensor
I1008 16:03:44.622802 836307 Sensor.h:87] Deconstructing Sensor
I1008 16:03:44.622902 836307 Sensor.h:87] Deconstructing Sensor
I1008 16:03:44.623008 836307 Sensor.h:87] Deconstructing Sensor
I1008 16:03:44.623107 836307 Sensor.h:87] Deconstructing Sensor
I1008 16:03:44.623209 836307 Sensor.h:87] Deconstructing Sensor
I1008 16:03:44.623310 836307 Sensor.h:87] Deconstructing Sensor
I1008 16:03:44.623409 836307 Sensor.h:87] Deconstructing Sensor
I1008 16:03:44.623512 836307 Sensor.h:87] Deconstructing Sensor
I1008 16:03:44.623611 836307 Sensor.h:87] Deconstructing Sensor
I1008 16:03:44.623742 836307 Sensor.h:87] Deconstructing Sensor
I1008 16:03:44.623878 836307 Sensor.h:87] Deconstructing Sensor
I1008 16:03:44.624015 836307 Sensor.h:87] Deconstructing Sensor
I1008 16:03:44.624151 836307 Sensor.h:87] Deconstructing Sensor
I1008 16:03:44.624290 836307 Sensor.h:87] Deconstructing Sensor
I1008 16:03:44.624416 836307 Sensor.h:87] Deconstructing Sensor
I1008 16:03:44.624540 836307 Sensor.h:87] Deconstructing Sensor
I1008 16:03:44.624665 836307 Sensor.h:87] Deconstructing Sensor
I1008 16:03:44.624791 836307 Sensor.h:87] Deconstructing Sensor
I1008 16:03:44.625000 836307 Sensor.h:87] Deconstructing Sensor
I1008 16:03:44.625110 836307 Sensor.h:87] Deconstructing Sensor
I1008 16:03:44.630294 836307 Renderer.cpp:34] Deconstructing Renderer
I1008 16:03:44.630318 836307 WindowlessContext.h:17] Deconstructing WindowlessContext
I1008 16:03:44.633970 836307 MetadataMediator.cpp:56] MetadataMediator::setActiveSceneDatasetName : Old active dataset default changed to default successfully.
I1008 16:03:44.634699 836307 AttributesManagerBase.h:283] AttributesManager<T>::createFromJsonOrDefaultInternal  (Physics Manager) : Proposing JSON name : ./data/default.physics_config.json from original name : ./data/default.physics_config.json | This file  does not exist.
I1008 16:03:44.634730 836307 PhysicsAttributesManager.cpp:27] File (./data/default.physics_config.json) not found, so new default physics manager attributes created and registered.
I1008 16:03:44.634737 836307 AbstractObjectAttributesManagerBase.h:175] AbstractObjectAttributesManager<T>::createObject  (Stage) : Making attributes with handle : data/scene_datasets/mp3d/ZMojNkEp431/ZMojNkEp431.glb
I1008 16:03:44.634749 836307 ManagedContainerBase.cpp:19] ManagedContainerBase::convertFilenameToJSON : Filename : data/scene_datasets/mp3d/ZMojNkEp431/ZMojNkEp431.glb changed to proposed JSON configuration filename : data/scene_datasets/mp3d/ZMojNkEp431/ZMojNkEp431.stage_config.json
I1008 16:03:44.634765 836307 AttributesManagerBase.h:283] AttributesManager<T>::createFromJsonOrDefaultInternal  (Stage) : Proposing JSON name : data/scene_datasets/mp3d/ZMojNkEp431/ZMojNkEp431.stage_config.json from original name : data/scene_datasets/mp3d/ZMojNkEp431/ZMojNkEp431.glb | This file  does not exist.
I1008 16:03:44.634815 836307 AbstractObjectAttributesManagerBase.h:181] AbstractObjectAttributesManager<T>::createObject  (Stage) : Done making attributes with handle : data/scene_datasets/mp3d/ZMojNkEp431/ZMojNkEp431.glb
I1008 16:03:44.634816 836307 AbstractObjectAttributesManagerBase.h:188] File (data/scene_datasets/mp3d/ZMojNkEp431/ZMojNkEp431.glb) exists but is not a recognized config filename extension, so new default Stage attributes created and registered.
I1008 16:03:44.634820 836307 Simulator.cpp:156] Loading navmesh from data/scene_datasets/mp3d/ZMojNkEp431/ZMojNkEp431.navmesh
I1008 16:03:44.634985 836307 Simulator.cpp:158] Loaded.
I1008 16:03:44.634991 836307 SceneGraph.h:93] Created DrawableGroup: 
I1008 16:03:44.638868 836307 ResourceManager.cpp:234] ResourceManager::loadStage : Not loading semantic mesh
I1008 16:03:44.638880 836307 ResourceManager.cpp:262] ResourceManager::loadStage : start load render asset data/scene_datasets/mp3d/ZMojNkEp431/ZMojNkEp431.glb.
I1008 16:03:44.638881 836307 ResourceManager.cpp:569] ResourceManager::loadStageInternal : Attempting to load stage data/scene_datasets/mp3d/ZMojNkEp431/ZMojNkEp431.glb 
I1008 16:03:44.638906 836307 ResourceManager.cpp:1119] Importing Basis files as BC7 for ZMojNkEp431.glb
W1008 16:03:45.950791 836307 Simulator.cpp:248] :
---
 The active scene does not contain semantic annotations. 
---
I1008 16:03:45.990423 836307 simulator.py:213] Loaded navmesh data/scene_datasets/mp3d/ZMojNkEp431/ZMojNkEp431.navmesh
I1008 16:03:47.344741 836307 PhysicsManager.cpp:33] Deconstructing PhysicsManager
I1008 16:03:47.344779 836307 SemanticScene.h:41] Deconstructing SemanticScene
I1008 16:03:47.347424 836307 SceneManager.h:25] Deconstructing SceneManager
I1008 16:03:47.347434 836307 SceneGraph.h:26] Deconstructing SceneGraph
I1008 16:03:47.350647 836307 Sensor.h:87] Deconstructing Sensor
I1008 16:03:47.351234 836307 Sensor.h:87] Deconstructing Sensor
I1008 16:03:47.351356 836307 Sensor.h:87] Deconstructing Sensor
I1008 16:03:47.351485 836307 Sensor.h:87] Deconstructing Sensor
I1008 16:03:47.351611 836307 Sensor.h:87] Deconstructing Sensor
I1008 16:03:47.351725 836307 Sensor.h:87] Deconstructing Sensor
I1008 16:03:47.351845 836307 Sensor.h:87] Deconstructing Sensor
I1008 16:03:47.351950 836307 Sensor.h:87] Deconstructing Sensor
I1008 16:03:47.352057 836307 Sensor.h:87] Deconstructing Sensor
I1008 16:03:47.352160 836307 Sensor.h:87] Deconstructing Sensor
I1008 16:03:47.352264 836307 Sensor.h:87] Deconstructing Sensor
I1008 16:03:47.352367 836307 Sensor.h:87] Deconstructing Sensor
I1008 16:03:47.352468 836307 Sensor.h:87] Deconstructing Sensor
I1008 16:03:47.352592 836307 Sensor.h:87] Deconstructing Sensor
I1008 16:03:47.352728 836307 Sensor.h:87] Deconstructing Sensor
I1008 16:03:47.352852 836307 Sensor.h:87] Deconstructing Sensor
I1008 16:03:47.352984 836307 Sensor.h:87] Deconstructing Sensor
I1008 16:03:47.353114 836307 Sensor.h:87] Deconstructing Sensor
I1008 16:03:47.353243 836307 Sensor.h:87] Deconstructing Sensor
I1008 16:03:47.353371 836307 Sensor.h:87] Deconstructing Sensor
I1008 16:03:47.353499 836307 Sensor.h:87] Deconstructing Sensor
I1008 16:03:47.353623 836307 Sensor.h:87] Deconstructing Sensor
I1008 16:03:47.353842 836307 Sensor.h:87] Deconstructing Sensor
I1008 16:03:47.353958 836307 Sensor.h:87] Deconstructing Sensor
I1008 16:03:47.358314 836307 Renderer.cpp:34] Deconstructing Renderer
I1008 16:03:47.358338 836307 WindowlessContext.h:17] Deconstructing WindowlessContext
I1008 16:03:47.362020 836307 MetadataMediator.cpp:56] MetadataMediator::setActiveSceneDatasetName : Old active dataset default changed to default successfully.
I1008 16:03:47.362708 836307 AttributesManagerBase.h:283] AttributesManager<T>::createFromJsonOrDefaultInternal  (Physics Manager) : Proposing JSON name : ./data/default.physics_config.json from original name : ./data/default.physics_config.json | This file  does not exist.
I1008 16:03:47.362736 836307 PhysicsAttributesManager.cpp:27] File (./data/default.physics_config.json) not found, so new default physics manager attributes created and registered.
I1008 16:03:47.362742 836307 AbstractObjectAttributesManagerBase.h:175] AbstractObjectAttributesManager<T>::createObject  (Stage) : Making attributes with handle : data/scene_datasets/mp3d/ur6pFq6Qu1A/ur6pFq6Qu1A.glb
I1008 16:03:47.362746 836307 ManagedContainerBase.cpp:19] ManagedContainerBase::convertFilenameToJSON : Filename : data/scene_datasets/mp3d/ur6pFq6Qu1A/ur6pFq6Qu1A.glb changed to proposed JSON configuration filename : data/scene_datasets/mp3d/ur6pFq6Qu1A/ur6pFq6Qu1A.stage_config.json
I1008 16:03:47.362761 836307 AttributesManagerBase.h:283] AttributesManager<T>::createFromJsonOrDefaultInternal  (Stage) : Proposing JSON name : data/scene_datasets/mp3d/ur6pFq6Qu1A/ur6pFq6Qu1A.stage_config.json from original name : data/scene_datasets/mp3d/ur6pFq6Qu1A/ur6pFq6Qu1A.glb | This file  does not exist.
I1008 16:03:47.362802 836307 AbstractObjectAttributesManagerBase.h:181] AbstractObjectAttributesManager<T>::createObject  (Stage) : Done making attributes with handle : data/scene_datasets/mp3d/ur6pFq6Qu1A/ur6pFq6Qu1A.glb
I1008 16:03:47.362803 836307 AbstractObjectAttributesManagerBase.h:188] File (data/scene_datasets/mp3d/ur6pFq6Qu1A/ur6pFq6Qu1A.glb) exists but is not a recognized config filename extension, so new default Stage attributes created and registered.
I1008 16:03:47.362807 836307 Simulator.cpp:156] Loading navmesh from data/scene_datasets/mp3d/ur6pFq6Qu1A/ur6pFq6Qu1A.navmesh
I1008 16:03:47.363018 836307 Simulator.cpp:158] Loaded.
I1008 16:03:47.363025 836307 SceneGraph.h:93] Created DrawableGroup: 
I1008 16:03:47.366746 836307 ResourceManager.cpp:234] ResourceManager::loadStage : Not loading semantic mesh
I1008 16:03:47.366758 836307 ResourceManager.cpp:262] ResourceManager::loadStage : start load render asset data/scene_datasets/mp3d/ur6pFq6Qu1A/ur6pFq6Qu1A.glb.
I1008 16:03:47.366760 836307 ResourceManager.cpp:569] ResourceManager::loadStageInternal : Attempting to load stage data/scene_datasets/mp3d/ur6pFq6Qu1A/ur6pFq6Qu1A.glb 
I1008 16:03:47.366781 836307 ResourceManager.cpp:1119] Importing Basis files as BC7 for ur6pFq6Qu1A.glb
W1008 16:03:49.639077 836307 Simulator.cpp:248] :
---
 The active scene does not contain semantic annotations. 
---
I1008 16:03:49.694849 836307 simulator.py:213] Loaded navmesh data/scene_datasets/mp3d/ur6pFq6Qu1A/ur6pFq6Qu1A.navmesh
I1008 16:03:50.359177 836307 PhysicsManager.cpp:33] Deconstructing PhysicsManager
I1008 16:03:50.359216 836307 SemanticScene.h:41] Deconstructing SemanticScene
I1008 16:03:50.363225 836307 SceneManager.h:25] Deconstructing SceneManager
I1008 16:03:50.363241 836307 SceneGraph.h:26] Deconstructing SceneGraph
I1008 16:03:50.363703 836307 Sensor.h:87] Deconstructing Sensor
I1008 16:03:50.364162 836307 Sensor.h:87] Deconstructing Sensor
I1008 16:03:50.364282 836307 Sensor.h:87] Deconstructing Sensor
I1008 16:03:50.364404 836307 Sensor.h:87] Deconstructing Sensor
I1008 16:03:50.364530 836307 Sensor.h:87] Deconstructing Sensor
I1008 16:03:50.364645 836307 Sensor.h:87] Deconstructing Sensor
I1008 16:03:50.364764 836307 Sensor.h:87] Deconstructing Sensor
I1008 16:03:50.364876 836307 Sensor.h:87] Deconstructing Sensor
I1008 16:03:50.364997 836307 Sensor.h:87] Deconstructing Sensor
I1008 16:03:50.365108 836307 Sensor.h:87] Deconstructing Sensor
I1008 16:03:50.365222 836307 Sensor.h:87] Deconstructing Sensor
I1008 16:03:50.365355 836307 Sensor.h:87] Deconstructing Sensor
I1008 16:03:50.365459 836307 Sensor.h:87] Deconstructing Sensor
I1008 16:03:50.365600 836307 Sensor.h:87] Deconstructing Sensor
I1008 16:03:50.365739 836307 Sensor.h:87] Deconstructing Sensor
I1008 16:03:50.365867 836307 Sensor.h:87] Deconstructing Sensor
I1008 16:03:50.365998 836307 Sensor.h:87] Deconstructing Sensor
I1008 16:03:50.366119 836307 Sensor.h:87] Deconstructing Sensor
I1008 16:03:50.366247 836307 Sensor.h:87] Deconstructing Sensor
I1008 16:03:50.366371 836307 Sensor.h:87] Deconstructing Sensor
I1008 16:03:50.366492 836307 Sensor.h:87] Deconstructing Sensor
I1008 16:03:50.366623 836307 Sensor.h:87] Deconstructing Sensor
I1008 16:03:50.366756 836307 Sensor.h:87] Deconstructing Sensor
I1008 16:03:50.366859 836307 Sensor.h:87] Deconstructing Sensor
I1008 16:03:50.375212 836307 Renderer.cpp:34] Deconstructing Renderer
I1008 16:03:50.375250 836307 WindowlessContext.h:17] Deconstructing WindowlessContext
I1008 16:03:50.383417 836307 MetadataMediator.cpp:56] MetadataMediator::setActiveSceneDatasetName : Old active dataset default changed to default successfully.
I1008 16:03:50.384531 836307 AttributesManagerBase.h:283] AttributesManager<T>::createFromJsonOrDefaultInternal  (Physics Manager) : Proposing JSON name : ./data/default.physics_config.json from original name : ./data/default.physics_config.json | This file  does not exist.
I1008 16:03:50.384567 836307 PhysicsAttributesManager.cpp:27] File (./data/default.physics_config.json) not found, so new default physics manager attributes created and registered.
I1008 16:03:50.384573 836307 AbstractObjectAttributesManagerBase.h:175] AbstractObjectAttributesManager<T>::createObject  (Stage) : Making attributes with handle : data/scene_datasets/mp3d/PX4nDJXEHrG/PX4nDJXEHrG.glb
I1008 16:03:50.384577 836307 ManagedContainerBase.cpp:19] ManagedContainerBase::convertFilenameToJSON : Filename : data/scene_datasets/mp3d/PX4nDJXEHrG/PX4nDJXEHrG.glb changed to proposed JSON configuration filename : data/scene_datasets/mp3d/PX4nDJXEHrG/PX4nDJXEHrG.stage_config.json
I1008 16:03:50.384594 836307 AttributesManagerBase.h:283] AttributesManager<T>::createFromJsonOrDefaultInternal  (Stage) : Proposing JSON name : data/scene_datasets/mp3d/PX4nDJXEHrG/PX4nDJXEHrG.stage_config.json from original name : data/scene_datasets/mp3d/PX4nDJXEHrG/PX4nDJXEHrG.glb | This file  does not exist.
I1008 16:03:50.384644 836307 AbstractObjectAttributesManagerBase.h:181] AbstractObjectAttributesManager<T>::createObject  (Stage) : Done making attributes with handle : data/scene_datasets/mp3d/PX4nDJXEHrG/PX4nDJXEHrG.glb
I1008 16:03:50.384644 836307 AbstractObjectAttributesManagerBase.h:188] File (data/scene_datasets/mp3d/PX4nDJXEHrG/PX4nDJXEHrG.glb) exists but is not a recognized config filename extension, so new default Stage attributes created and registered.
I1008 16:03:50.384648 836307 Simulator.cpp:156] Loading navmesh from data/scene_datasets/mp3d/PX4nDJXEHrG/PX4nDJXEHrG.navmesh
I1008 16:03:50.384943 836307 Simulator.cpp:158] Loaded.
I1008 16:03:50.384951 836307 SceneGraph.h:93] Created DrawableGroup: 
I1008 16:03:50.388657 836307 ResourceManager.cpp:234] ResourceManager::loadStage : Not loading semantic mesh
I1008 16:03:50.388684 836307 ResourceManager.cpp:262] ResourceManager::loadStage : start load render asset data/scene_datasets/mp3d/PX4nDJXEHrG/PX4nDJXEHrG.glb.
I1008 16:03:50.388685 836307 ResourceManager.cpp:569] ResourceManager::loadStageInternal : Attempting to load stage data/scene_datasets/mp3d/PX4nDJXEHrG/PX4nDJXEHrG.glb 
I1008 16:03:50.388707 836307 ResourceManager.cpp:1119] Importing Basis files as BC7 for PX4nDJXEHrG.glb
W1008 16:03:53.098101 836307 Simulator.cpp:248] :
---
 The active scene does not contain semantic annotations. 
---
I1008 16:03:53.192903 836307 simulator.py:213] Loaded navmesh data/scene_datasets/mp3d/PX4nDJXEHrG/PX4nDJXEHrG.navmesh
I1008 16:03:54.181860 836307 PhysicsManager.cpp:33] Deconstructing PhysicsManager
I1008 16:03:54.181890 836307 SemanticScene.h:41] Deconstructing SemanticScene
I1008 16:03:54.187201 836307 SceneManager.h:25] Deconstructing SceneManager
I1008 16:03:54.187218 836307 SceneGraph.h:26] Deconstructing SceneGraph
I1008 16:03:54.187767 836307 Sensor.h:87] Deconstructing Sensor
I1008 16:03:54.188153 836307 Sensor.h:87] Deconstructing Sensor
I1008 16:03:54.188264 836307 Sensor.h:87] Deconstructing Sensor
I1008 16:03:54.188380 836307 Sensor.h:87] Deconstructing Sensor
I1008 16:03:54.188479 836307 Sensor.h:87] Deconstructing Sensor
I1008 16:03:54.188591 836307 Sensor.h:87] Deconstructing Sensor
I1008 16:03:54.188702 836307 Sensor.h:87] Deconstructing Sensor
I1008 16:03:54.188810 836307 Sensor.h:87] Deconstructing Sensor
I1008 16:03:54.188917 836307 Sensor.h:87] Deconstructing Sensor
I1008 16:03:54.189021 836307 Sensor.h:87] Deconstructing Sensor
I1008 16:03:54.189123 836307 Sensor.h:87] Deconstructing Sensor
I1008 16:03:54.189229 836307 Sensor.h:87] Deconstructing Sensor
I1008 16:03:54.189327 836307 Sensor.h:87] Deconstructing Sensor
I1008 16:03:54.189458 836307 Sensor.h:87] Deconstructing Sensor
I1008 16:03:54.189601 836307 Sensor.h:87] Deconstructing Sensor
I1008 16:03:54.189741 836307 Sensor.h:87] Deconstructing Sensor
I1008 16:03:54.189869 836307 Sensor.h:87] Deconstructing Sensor
I1008 16:03:54.189994 836307 Sensor.h:87] Deconstructing Sensor
I1008 16:03:54.190249 836307 Sensor.h:87] Deconstructing Sensor
I1008 16:03:54.190385 836307 Sensor.h:87] Deconstructing Sensor
I1008 16:03:54.190518 836307 Sensor.h:87] Deconstructing Sensor
I1008 16:03:54.190713 836307 Sensor.h:87] Deconstructing Sensor
I1008 16:03:54.190848 836307 Sensor.h:87] Deconstructing Sensor
I1008 16:03:54.190934 836307 Sensor.h:87] Deconstructing Sensor
I1008 16:03:54.199946 836307 Renderer.cpp:34] Deconstructing Renderer
I1008 16:03:54.199980 836307 WindowlessContext.h:17] Deconstructing WindowlessContext
I1008 16:03:54.206485 836307 MetadataMediator.cpp:56] MetadataMediator::setActiveSceneDatasetName : Old active dataset default changed to default successfully.
I1008 16:03:54.207782 836307 AttributesManagerBase.h:283] AttributesManager<T>::createFromJsonOrDefaultInternal  (Physics Manager) : Proposing JSON name : ./data/default.physics_config.json from original name : ./data/default.physics_config.json | This file  does not exist.
I1008 16:03:54.207825 836307 PhysicsAttributesManager.cpp:27] File (./data/default.physics_config.json) not found, so new default physics manager attributes created and registered.
I1008 16:03:54.207832 836307 AbstractObjectAttributesManagerBase.h:175] AbstractObjectAttributesManager<T>::createObject  (Stage) : Making attributes with handle : data/scene_datasets/mp3d/D7N2EKCX4Sj/D7N2EKCX4Sj.glb
I1008 16:03:54.207836 836307 ManagedContainerBase.cpp:19] ManagedContainerBase::convertFilenameToJSON : Filename : data/scene_datasets/mp3d/D7N2EKCX4Sj/D7N2EKCX4Sj.glb changed to proposed JSON configuration filename : data/scene_datasets/mp3d/D7N2EKCX4Sj/D7N2EKCX4Sj.stage_config.json
I1008 16:03:54.207854 836307 AttributesManagerBase.h:283] AttributesManager<T>::createFromJsonOrDefaultInternal  (Stage) : Proposing JSON name : data/scene_datasets/mp3d/D7N2EKCX4Sj/D7N2EKCX4Sj.stage_config.json from original name : data/scene_datasets/mp3d/D7N2EKCX4Sj/D7N2EKCX4Sj.glb | This file  does not exist.
I1008 16:03:54.207906 836307 AbstractObjectAttributesManagerBase.h:181] AbstractObjectAttributesManager<T>::createObject  (Stage) : Done making attributes with handle : data/scene_datasets/mp3d/D7N2EKCX4Sj/D7N2EKCX4Sj.glb
I1008 16:03:54.207907 836307 AbstractObjectAttributesManagerBase.h:188] File (data/scene_datasets/mp3d/D7N2EKCX4Sj/D7N2EKCX4Sj.glb) exists but is not a recognized config filename extension, so new default Stage attributes created and registered.
I1008 16:03:54.207911 836307 Simulator.cpp:156] Loading navmesh from data/scene_datasets/mp3d/D7N2EKCX4Sj/D7N2EKCX4Sj.navmesh
I1008 16:03:54.208294 836307 Simulator.cpp:158] Loaded.
I1008 16:03:54.208303 836307 SceneGraph.h:93] Created DrawableGroup: 
I1008 16:03:54.212539 836307 ResourceManager.cpp:234] ResourceManager::loadStage : Not loading semantic mesh
I1008 16:03:54.212564 836307 ResourceManager.cpp:262] ResourceManager::loadStage : start load render asset data/scene_datasets/mp3d/D7N2EKCX4Sj/D7N2EKCX4Sj.glb.
I1008 16:03:54.212566 836307 ResourceManager.cpp:569] ResourceManager::loadStageInternal : Attempting to load stage data/scene_datasets/mp3d/D7N2EKCX4Sj/D7N2EKCX4Sj.glb 
I1008 16:03:54.212595 836307 ResourceManager.cpp:1119] Importing Basis files as BC7 for D7N2EKCX4Sj.glb
W1008 16:03:58.573760 836307 Simulator.cpp:248] :
---
 The active scene does not contain semantic annotations. 
---
I1008 16:03:58.694582 836307 simulator.py:213] Loaded navmesh data/scene_datasets/mp3d/D7N2EKCX4Sj/D7N2EKCX4Sj.navmesh
I1008 16:03:59.335491 836307 PhysicsManager.cpp:33] Deconstructing PhysicsManager
I1008 16:03:59.335526 836307 SemanticScene.h:41] Deconstructing SemanticScene
I1008 16:03:59.345997 836307 SceneManager.h:25] Deconstructing SceneManager
I1008 16:03:59.346024 836307 SceneGraph.h:26] Deconstructing SceneGraph
I1008 16:03:59.346558 836307 Sensor.h:87] Deconstructing Sensor
I1008 16:03:59.347065 836307 Sensor.h:87] Deconstructing Sensor
I1008 16:03:59.347185 836307 Sensor.h:87] Deconstructing Sensor
I1008 16:03:59.347306 836307 Sensor.h:87] Deconstructing Sensor
I1008 16:03:59.347419 836307 Sensor.h:87] Deconstructing Sensor
I1008 16:03:59.347530 836307 Sensor.h:87] Deconstructing Sensor
I1008 16:03:59.347645 836307 Sensor.h:87] Deconstructing Sensor
I1008 16:03:59.347759 836307 Sensor.h:87] Deconstructing Sensor
I1008 16:03:59.347873 836307 Sensor.h:87] Deconstructing Sensor
I1008 16:03:59.347982 836307 Sensor.h:87] Deconstructing Sensor
I1008 16:03:59.348088 836307 Sensor.h:87] Deconstructing Sensor
I1008 16:03:59.348196 836307 Sensor.h:87] Deconstructing Sensor
I1008 16:03:59.348299 836307 Sensor.h:87] Deconstructing Sensor
I1008 16:03:59.348424 836307 Sensor.h:87] Deconstructing Sensor
I1008 16:03:59.348555 836307 Sensor.h:87] Deconstructing Sensor
I1008 16:03:59.348693 836307 Sensor.h:87] Deconstructing Sensor
I1008 16:03:59.348826 836307 Sensor.h:87] Deconstructing Sensor
I1008 16:03:59.348958 836307 Sensor.h:87] Deconstructing Sensor
I1008 16:03:59.349089 836307 Sensor.h:87] Deconstructing Sensor
I1008 16:03:59.349224 836307 Sensor.h:87] Deconstructing Sensor
I1008 16:03:59.349354 836307 Sensor.h:87] Deconstructing Sensor
I1008 16:03:59.349478 836307 Sensor.h:87] Deconstructing Sensor
I1008 16:03:59.349611 836307 Sensor.h:87] Deconstructing Sensor
I1008 16:03:59.349697 836307 Sensor.h:87] Deconstructing Sensor
I1008 16:03:59.360046 836307 Renderer.cpp:34] Deconstructing Renderer
I1008 16:03:59.360078 836307 WindowlessContext.h:17] Deconstructing WindowlessContext
I1008 16:03:59.367107 836307 MetadataMediator.cpp:56] MetadataMediator::setActiveSceneDatasetName : Old active dataset default changed to default successfully.
I1008 16:03:59.368108 836307 AttributesManagerBase.h:283] AttributesManager<T>::createFromJsonOrDefaultInternal  (Physics Manager) : Proposing JSON name : ./data/default.physics_config.json from original name : ./data/default.physics_config.json | This file  does not exist.
I1008 16:03:59.368146 836307 PhysicsAttributesManager.cpp:27] File (./data/default.physics_config.json) not found, so new default physics manager attributes created and registered.
I1008 16:03:59.368152 836307 AbstractObjectAttributesManagerBase.h:175] AbstractObjectAttributesManager<T>::createObject  (Stage) : Making attributes with handle : data/scene_datasets/mp3d/ur6pFq6Qu1A/ur6pFq6Qu1A.glb
I1008 16:03:59.368155 836307 ManagedContainerBase.cpp:19] ManagedContainerBase::convertFilenameToJSON : Filename : data/scene_datasets/mp3d/ur6pFq6Qu1A/ur6pFq6Qu1A.glb changed to proposed JSON configuration filename : data/scene_datasets/mp3d/ur6pFq6Qu1A/ur6pFq6Qu1A.stage_config.json
I1008 16:03:59.368176 836307 AttributesManagerBase.h:283] AttributesManager<T>::createFromJsonOrDefaultInternal  (Stage) : Proposing JSON name : data/scene_datasets/mp3d/ur6pFq6Qu1A/ur6pFq6Qu1A.stage_config.json from original name : data/scene_datasets/mp3d/ur6pFq6Qu1A/ur6pFq6Qu1A.glb | This file  does not exist.
I1008 16:03:59.368232 836307 AbstractObjectAttributesManagerBase.h:181] AbstractObjectAttributesManager<T>::createObject  (Stage) : Done making attributes with handle : data/scene_datasets/mp3d/ur6pFq6Qu1A/ur6pFq6Qu1A.glb
I1008 16:03:59.368233 836307 AbstractObjectAttributesManagerBase.h:188] File (data/scene_datasets/mp3d/ur6pFq6Qu1A/ur6pFq6Qu1A.glb) exists but is not a recognized config filename extension, so new default Stage attributes created and registered.
I1008 16:03:59.368237 836307 Simulator.cpp:156] Loading navmesh from data/scene_datasets/mp3d/ur6pFq6Qu1A/ur6pFq6Qu1A.navmesh
I1008 16:03:59.368459 836307 Simulator.cpp:158] Loaded.
I1008 16:03:59.368465 836307 SceneGraph.h:93] Created DrawableGroup: 
I1008 16:03:59.372304 836307 ResourceManager.cpp:234] ResourceManager::loadStage : Not loading semantic mesh
I1008 16:03:59.372318 836307 ResourceManager.cpp:262] ResourceManager::loadStage : start load render asset data/scene_datasets/mp3d/ur6pFq6Qu1A/ur6pFq6Qu1A.glb.
I1008 16:03:59.372319 836307 ResourceManager.cpp:569] ResourceManager::loadStageInternal : Attempting to load stage data/scene_datasets/mp3d/ur6pFq6Qu1A/ur6pFq6Qu1A.glb 
I1008 16:03:59.372349 836307 ResourceManager.cpp:1119] Importing Basis files as BC7 for ur6pFq6Qu1A.glb
W1008 16:04:01.637993 836307 Simulator.cpp:248] :
---
 The active scene does not contain semantic annotations. 
---
I1008 16:04:01.696686 836307 simulator.py:213] Loaded navmesh data/scene_datasets/mp3d/ur6pFq6Qu1A/ur6pFq6Qu1A.navmesh
I1008 16:04:02.102283 836307 PhysicsManager.cpp:33] Deconstructing PhysicsManager
I1008 16:04:02.102324 836307 SemanticScene.h:41] Deconstructing SemanticScene
I1008 16:04:02.110164 836307 SceneManager.h:25] Deconstructing SceneManager
I1008 16:04:02.110196 836307 SceneGraph.h:26] Deconstructing SceneGraph
I1008 16:04:02.110775 836307 Sensor.h:87] Deconstructing Sensor
I1008 16:04:02.111528 836307 Sensor.h:87] Deconstructing Sensor
I1008 16:04:02.111675 836307 Sensor.h:87] Deconstructing Sensor
I1008 16:04:02.111822 836307 Sensor.h:87] Deconstructing Sensor
I1008 16:04:02.111958 836307 Sensor.h:87] Deconstructing Sensor
I1008 16:04:02.112094 836307 Sensor.h:87] Deconstructing Sensor
I1008 16:04:02.112226 836307 Sensor.h:87] Deconstructing Sensor
I1008 16:04:02.112347 836307 Sensor.h:87] Deconstructing Sensor
I1008 16:04:02.112473 836307 Sensor.h:87] Deconstructing Sensor
I1008 16:04:02.112602 836307 Sensor.h:87] Deconstructing Sensor
I1008 16:04:02.112733 836307 Sensor.h:87] Deconstructing Sensor
I1008 16:04:02.112866 836307 Sensor.h:87] Deconstructing Sensor
I1008 16:04:02.112999 836307 Sensor.h:87] Deconstructing Sensor
I1008 16:04:02.113168 836307 Sensor.h:87] Deconstructing Sensor
I1008 16:04:02.113340 836307 Sensor.h:87] Deconstructing Sensor
I1008 16:04:02.113499 836307 Sensor.h:87] Deconstructing Sensor
I1008 16:04:02.113700 836307 Sensor.h:87] Deconstructing Sensor
I1008 16:04:02.113857 836307 Sensor.h:87] Deconstructing Sensor
I1008 16:04:02.114014 836307 Sensor.h:87] Deconstructing Sensor
I1008 16:04:02.114171 836307 Sensor.h:87] Deconstructing Sensor
I1008 16:04:02.114327 836307 Sensor.h:87] Deconstructing Sensor
I1008 16:04:02.114487 836307 Sensor.h:87] Deconstructing Sensor
I1008 16:04:02.114652 836307 Sensor.h:87] Deconstructing Sensor
I1008 16:04:02.114794 836307 Sensor.h:87] Deconstructing Sensor
I1008 16:04:02.124167 836307 Renderer.cpp:34] Deconstructing Renderer
I1008 16:04:02.124207 836307 WindowlessContext.h:17] Deconstructing WindowlessContext
I1008 16:04:02.130965 836307 MetadataMediator.cpp:56] MetadataMediator::setActiveSceneDatasetName : Old active dataset default changed to default successfully.
I1008 16:04:02.132516 836307 AttributesManagerBase.h:283] AttributesManager<T>::createFromJsonOrDefaultInternal  (Physics Manager) : Proposing JSON name : ./data/default.physics_config.json from original name : ./data/default.physics_config.json | This file  does not exist.
I1008 16:04:02.132565 836307 PhysicsAttributesManager.cpp:27] File (./data/default.physics_config.json) not found, so new default physics manager attributes created and registered.
I1008 16:04:02.132589 836307 AbstractObjectAttributesManagerBase.h:175] AbstractObjectAttributesManager<T>::createObject  (Stage) : Making attributes with handle : data/scene_datasets/mp3d/ZMojNkEp431/ZMojNkEp431.glb
I1008 16:04:02.132593 836307 ManagedContainerBase.cpp:19] ManagedContainerBase::convertFilenameToJSON : Filename : data/scene_datasets/mp3d/ZMojNkEp431/ZMojNkEp431.glb changed to proposed JSON configuration filename : data/scene_datasets/mp3d/ZMojNkEp431/ZMojNkEp431.stage_config.json
I1008 16:04:02.132612 836307 AttributesManagerBase.h:283] AttributesManager<T>::createFromJsonOrDefaultInternal  (Stage) : Proposing JSON name : data/scene_datasets/mp3d/ZMojNkEp431/ZMojNkEp431.stage_config.json from original name : data/scene_datasets/mp3d/ZMojNkEp431/ZMojNkEp431.glb | This file  does not exist.
I1008 16:04:02.132678 836307 AbstractObjectAttributesManagerBase.h:181] AbstractObjectAttributesManager<T>::createObject  (Stage) : Done making attributes with handle : data/scene_datasets/mp3d/ZMojNkEp431/ZMojNkEp431.glb
I1008 16:04:02.132680 836307 AbstractObjectAttributesManagerBase.h:188] File (data/scene_datasets/mp3d/ZMojNkEp431/ZMojNkEp431.glb) exists but is not a recognized config filename extension, so new default Stage attributes created and registered.
I1008 16:04:02.132685 836307 Simulator.cpp:156] Loading navmesh from data/scene_datasets/mp3d/ZMojNkEp431/ZMojNkEp431.navmesh
I1008 16:04:02.132887 836307 Simulator.cpp:158] Loaded.
I1008 16:04:02.132896 836307 SceneGraph.h:93] Created DrawableGroup: 
I1008 16:04:02.137534 836307 ResourceManager.cpp:234] ResourceManager::loadStage : Not loading semantic mesh
I1008 16:04:02.137562 836307 ResourceManager.cpp:262] ResourceManager::loadStage : start load render asset data/scene_datasets/mp3d/ZMojNkEp431/ZMojNkEp431.glb.
I1008 16:04:02.137564 836307 ResourceManager.cpp:569] ResourceManager::loadStageInternal : Attempting to load stage data/scene_datasets/mp3d/ZMojNkEp431/ZMojNkEp431.glb 
I1008 16:04:02.137599 836307 ResourceManager.cpp:1119] Importing Basis files as BC7 for ZMojNkEp431.glb
W1008 16:04:03.480118 836307 Simulator.cpp:248] :
---
 The active scene does not contain semantic annotations. 
---
I1008 16:04:03.522228 836307 simulator.py:213] Loaded navmesh data/scene_datasets/mp3d/ZMojNkEp431/ZMojNkEp431.navmesh
I1008 16:04:04.386572 836307 PhysicsManager.cpp:33] Deconstructing PhysicsManager
I1008 16:04:04.386616 836307 SemanticScene.h:41] Deconstructing SemanticScene
I1008 16:04:04.390496 836307 SceneManager.h:25] Deconstructing SceneManager
I1008 16:04:04.390524 836307 SceneGraph.h:26] Deconstructing SceneGraph
I1008 16:04:04.391450 836307 Sensor.h:87] Deconstructing Sensor
I1008 16:04:04.391896 836307 Sensor.h:87] Deconstructing Sensor
I1008 16:04:04.392035 836307 Sensor.h:87] Deconstructing Sensor
I1008 16:04:04.392174 836307 Sensor.h:87] Deconstructing Sensor
I1008 16:04:04.392305 836307 Sensor.h:87] Deconstructing Sensor
I1008 16:04:04.392432 836307 Sensor.h:87] Deconstructing Sensor
I1008 16:04:04.392567 836307 Sensor.h:87] Deconstructing Sensor
I1008 16:04:04.392701 836307 Sensor.h:87] Deconstructing Sensor
I1008 16:04:04.392844 836307 Sensor.h:87] Deconstructing Sensor
I1008 16:04:04.392971 836307 Sensor.h:87] Deconstructing Sensor
I1008 16:04:04.393092 836307 Sensor.h:87] Deconstructing Sensor
I1008 16:04:04.393224 836307 Sensor.h:87] Deconstructing Sensor
I1008 16:04:04.393352 836307 Sensor.h:87] Deconstructing Sensor
I1008 16:04:04.393530 836307 Sensor.h:87] Deconstructing Sensor
I1008 16:04:04.393702 836307 Sensor.h:87] Deconstructing Sensor
I1008 16:04:04.393857 836307 Sensor.h:87] Deconstructing Sensor
I1008 16:04:04.394019 836307 Sensor.h:87] Deconstructing Sensor
I1008 16:04:04.394172 836307 Sensor.h:87] Deconstructing Sensor
I1008 16:04:04.394330 836307 Sensor.h:87] Deconstructing Sensor
I1008 16:04:04.394490 836307 Sensor.h:87] Deconstructing Sensor
I1008 16:04:04.394644 836307 Sensor.h:87] Deconstructing Sensor
I1008 16:04:04.394826 836307 Sensor.h:87] Deconstructing Sensor
I1008 16:04:04.394989 836307 Sensor.h:87] Deconstructing Sensor
I1008 16:04:04.395104 836307 Sensor.h:87] Deconstructing Sensor
I1008 16:04:04.400947 836307 Renderer.cpp:34] Deconstructing Renderer
I1008 16:04:04.400987 836307 WindowlessContext.h:17] Deconstructing WindowlessContext
I1008 16:04:04.405344 836307 MetadataMediator.cpp:56] MetadataMediator::setActiveSceneDatasetName : Old active dataset default changed to default successfully.
I1008 16:04:04.407142 836307 AttributesManagerBase.h:283] AttributesManager<T>::createFromJsonOrDefaultInternal  (Physics Manager) : Proposing JSON name : ./data/default.physics_config.json from original name : ./data/default.physics_config.json | This file  does not exist.
I1008 16:04:04.407202 836307 PhysicsAttributesManager.cpp:27] File (./data/default.physics_config.json) not found, so new default physics manager attributes created and registered.
I1008 16:04:04.407212 836307 AbstractObjectAttributesManagerBase.h:175] AbstractObjectAttributesManager<T>::createObject  (Stage) : Making attributes with handle : data/scene_datasets/mp3d/PX4nDJXEHrG/PX4nDJXEHrG.glb
I1008 16:04:04.407215 836307 ManagedContainerBase.cpp:19] ManagedContainerBase::convertFilenameToJSON : Filename : data/scene_datasets/mp3d/PX4nDJXEHrG/PX4nDJXEHrG.glb changed to proposed JSON configuration filename : data/scene_datasets/mp3d/PX4nDJXEHrG/PX4nDJXEHrG.stage_config.json
I1008 16:04:04.407238 836307 AttributesManagerBase.h:283] AttributesManager<T>::createFromJsonOrDefaultInternal  (Stage) : Proposing JSON name : data/scene_datasets/mp3d/PX4nDJXEHrG/PX4nDJXEHrG.stage_config.json from original name : data/scene_datasets/mp3d/PX4nDJXEHrG/PX4nDJXEHrG.glb | This file  does not exist.
I1008 16:04:04.407302 836307 AbstractObjectAttributesManagerBase.h:181] AbstractObjectAttributesManager<T>::createObject  (Stage) : Done making attributes with handle : data/scene_datasets/mp3d/PX4nDJXEHrG/PX4nDJXEHrG.glb
I1008 16:04:04.407305 836307 AbstractObjectAttributesManagerBase.h:188] File (data/scene_datasets/mp3d/PX4nDJXEHrG/PX4nDJXEHrG.glb) exists but is not a recognized config filename extension, so new default Stage attributes created and registered.
I1008 16:04:04.407310 836307 Simulator.cpp:156] Loading navmesh from data/scene_datasets/mp3d/PX4nDJXEHrG/PX4nDJXEHrG.navmesh
I1008 16:04:04.407788 836307 Simulator.cpp:158] Loaded.
I1008 16:04:04.407809 836307 SceneGraph.h:93] Created DrawableGroup: 
I1008 16:04:04.413269 836307 ResourceManager.cpp:234] ResourceManager::loadStage : Not loading semantic mesh
I1008 16:04:04.413290 836307 ResourceManager.cpp:262] ResourceManager::loadStage : start load render asset data/scene_datasets/mp3d/PX4nDJXEHrG/PX4nDJXEHrG.glb.
I1008 16:04:04.413291 836307 ResourceManager.cpp:569] ResourceManager::loadStageInternal : Attempting to load stage data/scene_datasets/mp3d/PX4nDJXEHrG/PX4nDJXEHrG.glb 
I1008 16:04:04.413321 836307 ResourceManager.cpp:1119] Importing Basis files as BC7 for PX4nDJXEHrG.glb
W1008 16:04:07.278744 836307 Simulator.cpp:248] :
---
 The active scene does not contain semantic annotations. 
---
I1008 16:04:07.379928 836307 simulator.py:213] Loaded navmesh data/scene_datasets/mp3d/PX4nDJXEHrG/PX4nDJXEHrG.navmesh
I1008 16:04:08.030251 836307 PhysicsManager.cpp:33] Deconstructing PhysicsManager
I1008 16:04:08.030290 836307 SemanticScene.h:41] Deconstructing SemanticScene
I1008 16:04:08.035418 836307 SceneManager.h:25] Deconstructing SceneManager
I1008 16:04:08.035434 836307 SceneGraph.h:26] Deconstructing SceneGraph
I1008 16:04:08.035953 836307 Sensor.h:87] Deconstructing Sensor
I1008 16:04:08.036369 836307 Sensor.h:87] Deconstructing Sensor
I1008 16:04:08.036482 836307 Sensor.h:87] Deconstructing Sensor
I1008 16:04:08.036598 836307 Sensor.h:87] Deconstructing Sensor
I1008 16:04:08.036710 836307 Sensor.h:87] Deconstructing Sensor
I1008 16:04:08.036828 836307 Sensor.h:87] Deconstructing Sensor
I1008 16:04:08.036949 836307 Sensor.h:87] Deconstructing Sensor
I1008 16:04:08.037070 836307 Sensor.h:87] Deconstructing Sensor
I1008 16:04:08.037189 836307 Sensor.h:87] Deconstructing Sensor
I1008 16:04:08.037323 836307 Sensor.h:87] Deconstructing Sensor
I1008 16:04:08.037444 836307 Sensor.h:87] Deconstructing Sensor
I1008 16:04:08.037571 836307 Sensor.h:87] Deconstructing Sensor
I1008 16:04:08.037693 836307 Sensor.h:87] Deconstructing Sensor
I1008 16:04:08.037842 836307 Sensor.h:87] Deconstructing Sensor
I1008 16:04:08.038009 836307 Sensor.h:87] Deconstructing Sensor
I1008 16:04:08.038153 836307 Sensor.h:87] Deconstructing Sensor
I1008 16:04:08.038295 836307 Sensor.h:87] Deconstructing Sensor
I1008 16:04:08.038434 836307 Sensor.h:87] Deconstructing Sensor
I1008 16:04:08.038566 836307 Sensor.h:87] Deconstructing Sensor
I1008 16:04:08.038712 836307 Sensor.h:87] Deconstructing Sensor
I1008 16:04:08.038849 836307 Sensor.h:87] Deconstructing Sensor
I1008 16:04:08.038975 836307 Sensor.h:87] Deconstructing Sensor
I1008 16:04:08.039104 836307 Sensor.h:87] Deconstructing Sensor
I1008 16:04:08.039206 836307 Sensor.h:87] Deconstructing Sensor
I1008 16:04:08.050208 836307 Renderer.cpp:34] Deconstructing Renderer
I1008 16:04:08.050244 836307 WindowlessContext.h:17] Deconstructing WindowlessContext
I1008 16:04:08.056514 836307 MetadataMediator.cpp:56] MetadataMediator::setActiveSceneDatasetName : Old active dataset default changed to default successfully.
I1008 16:04:08.057917 836307 AttributesManagerBase.h:283] AttributesManager<T>::createFromJsonOrDefaultInternal  (Physics Manager) : Proposing JSON name : ./data/default.physics_config.json from original name : ./data/default.physics_config.json | This file  does not exist.
I1008 16:04:08.057951 836307 PhysicsAttributesManager.cpp:27] File (./data/default.physics_config.json) not found, so new default physics manager attributes created and registered.
I1008 16:04:08.057957 836307 AbstractObjectAttributesManagerBase.h:175] AbstractObjectAttributesManager<T>::createObject  (Stage) : Making attributes with handle : data/scene_datasets/mp3d/JmbYfDe2QKZ/JmbYfDe2QKZ.glb
I1008 16:04:08.057960 836307 ManagedContainerBase.cpp:19] ManagedContainerBase::convertFilenameToJSON : Filename : data/scene_datasets/mp3d/JmbYfDe2QKZ/JmbYfDe2QKZ.glb changed to proposed JSON configuration filename : data/scene_datasets/mp3d/JmbYfDe2QKZ/JmbYfDe2QKZ.stage_config.json
I1008 16:04:08.057976 836307 AttributesManagerBase.h:283] AttributesManager<T>::createFromJsonOrDefaultInternal  (Stage) : Proposing JSON name : data/scene_datasets/mp3d/JmbYfDe2QKZ/JmbYfDe2QKZ.stage_config.json from original name : data/scene_datasets/mp3d/JmbYfDe2QKZ/JmbYfDe2QKZ.glb | This file  does not exist.
I1008 16:04:08.058020 836307 AbstractObjectAttributesManagerBase.h:181] AbstractObjectAttributesManager<T>::createObject  (Stage) : Done making attributes with handle : data/scene_datasets/mp3d/JmbYfDe2QKZ/JmbYfDe2QKZ.glb
I1008 16:04:08.058022 836307 AbstractObjectAttributesManagerBase.h:188] File (data/scene_datasets/mp3d/JmbYfDe2QKZ/JmbYfDe2QKZ.glb) exists but is not a recognized config filename extension, so new default Stage attributes created and registered.
I1008 16:04:08.058025 836307 Simulator.cpp:156] Loading navmesh from data/scene_datasets/mp3d/JmbYfDe2QKZ/JmbYfDe2QKZ.navmesh
I1008 16:04:08.058125 836307 Simulator.cpp:158] Loaded.
I1008 16:04:08.058128 836307 SceneGraph.h:93] Created DrawableGroup: 
I1008 16:04:08.062323 836307 ResourceManager.cpp:234] ResourceManager::loadStage : Not loading semantic mesh
I1008 16:04:08.062335 836307 ResourceManager.cpp:262] ResourceManager::loadStage : start load render asset data/scene_datasets/mp3d/JmbYfDe2QKZ/JmbYfDe2QKZ.glb.
I1008 16:04:08.062336 836307 ResourceManager.cpp:569] ResourceManager::loadStageInternal : Attempting to load stage data/scene_datasets/mp3d/JmbYfDe2QKZ/JmbYfDe2QKZ.glb 
I1008 16:04:08.062359 836307 ResourceManager.cpp:1119] Importing Basis files as BC7 for JmbYfDe2QKZ.glb
W1008 16:04:09.191534 836307 Simulator.cpp:248] :
---
 The active scene does not contain semantic annotations. 
---
I1008 16:04:09.241322 836307 simulator.py:213] Loaded navmesh data/scene_datasets/mp3d/JmbYfDe2QKZ/JmbYfDe2QKZ.navmesh
I1008 16:04:09.748797 836307 PhysicsManager.cpp:33] Deconstructing PhysicsManager
I1008 16:04:09.748842 836307 SemanticScene.h:41] Deconstructing SemanticScene
I1008 16:04:09.753648 836307 SceneManager.h:25] Deconstructing SceneManager
I1008 16:04:09.753679 836307 SceneGraph.h:26] Deconstructing SceneGraph
I1008 16:04:09.754122 836307 Sensor.h:87] Deconstructing Sensor
I1008 16:04:09.754542 836307 Sensor.h:87] Deconstructing Sensor
I1008 16:04:09.754653 836307 Sensor.h:87] Deconstructing Sensor
I1008 16:04:09.754770 836307 Sensor.h:87] Deconstructing Sensor
I1008 16:04:09.754878 836307 Sensor.h:87] Deconstructing Sensor
I1008 16:04:09.754980 836307 Sensor.h:87] Deconstructing Sensor
I1008 16:04:09.755084 836307 Sensor.h:87] Deconstructing Sensor
I1008 16:04:09.755184 836307 Sensor.h:87] Deconstructing Sensor
I1008 16:04:09.755290 836307 Sensor.h:87] Deconstructing Sensor
I1008 16:04:09.755386 836307 Sensor.h:87] Deconstructing Sensor
I1008 16:04:09.755487 836307 Sensor.h:87] Deconstructing Sensor
I1008 16:04:09.755589 836307 Sensor.h:87] Deconstructing Sensor
I1008 16:04:09.755698 836307 Sensor.h:87] Deconstructing Sensor
I1008 16:04:09.755824 836307 Sensor.h:87] Deconstructing Sensor
I1008 16:04:09.755965 836307 Sensor.h:87] Deconstructing Sensor
I1008 16:04:09.756088 836307 Sensor.h:87] Deconstructing Sensor
I1008 16:04:09.756217 836307 Sensor.h:87] Deconstructing Sensor
I1008 16:04:09.756340 836307 Sensor.h:87] Deconstructing Sensor
I1008 16:04:09.756465 836307 Sensor.h:87] Deconstructing Sensor
I1008 16:04:09.756593 836307 Sensor.h:87] Deconstructing Sensor
I1008 16:04:09.756742 836307 Sensor.h:87] Deconstructing Sensor
I1008 16:04:09.756865 836307 Sensor.h:87] Deconstructing Sensor
I1008 16:04:09.756992 836307 Sensor.h:87] Deconstructing Sensor
I1008 16:04:09.757300 836307 Sensor.h:87] Deconstructing Sensor
I1008 16:04:09.762354 836307 Renderer.cpp:34] Deconstructing Renderer
I1008 16:04:09.762378 836307 WindowlessContext.h:17] Deconstructing WindowlessContext
I1008 16:04:09.765383 836307 MetadataMediator.cpp:56] MetadataMediator::setActiveSceneDatasetName : Old active dataset default changed to default successfully.
I1008 16:04:09.766314 836307 AttributesManagerBase.h:283] AttributesManager<T>::createFromJsonOrDefaultInternal  (Physics Manager) : Proposing JSON name : ./data/default.physics_config.json from original name : ./data/default.physics_config.json | This file  does not exist.
I1008 16:04:09.766347 836307 PhysicsAttributesManager.cpp:27] File (./data/default.physics_config.json) not found, so new default physics manager attributes created and registered.
I1008 16:04:09.766353 836307 AbstractObjectAttributesManagerBase.h:175] AbstractObjectAttributesManager<T>::createObject  (Stage) : Making attributes with handle : data/scene_datasets/mp3d/pRbA3pwrgk9/pRbA3pwrgk9.glb
I1008 16:04:09.766357 836307 ManagedContainerBase.cpp:19] ManagedContainerBase::convertFilenameToJSON : Filename : data/scene_datasets/mp3d/pRbA3pwrgk9/pRbA3pwrgk9.glb changed to proposed JSON configuration filename : data/scene_datasets/mp3d/pRbA3pwrgk9/pRbA3pwrgk9.stage_config.json
I1008 16:04:09.766373 836307 AttributesManagerBase.h:283] AttributesManager<T>::createFromJsonOrDefaultInternal  (Stage) : Proposing JSON name : data/scene_datasets/mp3d/pRbA3pwrgk9/pRbA3pwrgk9.stage_config.json from original name : data/scene_datasets/mp3d/pRbA3pwrgk9/pRbA3pwrgk9.glb | This file  does not exist.
I1008 16:04:09.766418 836307 AbstractObjectAttributesManagerBase.h:181] AbstractObjectAttributesManager<T>::createObject  (Stage) : Done making attributes with handle : data/scene_datasets/mp3d/pRbA3pwrgk9/pRbA3pwrgk9.glb
I1008 16:04:09.766420 836307 AbstractObjectAttributesManagerBase.h:188] File (data/scene_datasets/mp3d/pRbA3pwrgk9/pRbA3pwrgk9.glb) exists but is not a recognized config filename extension, so new default Stage attributes created and registered.
I1008 16:04:09.766424 836307 Simulator.cpp:156] Loading navmesh from data/scene_datasets/mp3d/pRbA3pwrgk9/pRbA3pwrgk9.navmesh
I1008 16:04:09.766566 836307 Simulator.cpp:158] Loaded.
I1008 16:04:09.766571 836307 SceneGraph.h:93] Created DrawableGroup: 
I1008 16:04:09.770241 836307 ResourceManager.cpp:234] ResourceManager::loadStage : Not loading semantic mesh
I1008 16:04:09.770252 836307 ResourceManager.cpp:262] ResourceManager::loadStage : start load render asset data/scene_datasets/mp3d/pRbA3pwrgk9/pRbA3pwrgk9.glb.
I1008 16:04:09.770254 836307 ResourceManager.cpp:569] ResourceManager::loadStageInternal : Attempting to load stage data/scene_datasets/mp3d/pRbA3pwrgk9/pRbA3pwrgk9.glb 
I1008 16:04:09.770279 836307 ResourceManager.cpp:1119] Importing Basis files as BC7 for pRbA3pwrgk9.glb
W1008 16:04:10.980624 836307 Simulator.cpp:248] :
---
 The active scene does not contain semantic annotations. 
---
I1008 16:04:11.037457 836307 simulator.py:213] Loaded navmesh data/scene_datasets/mp3d/pRbA3pwrgk9/pRbA3pwrgk9.navmesh
I1008 16:04:11.621577 836307 PhysicsManager.cpp:33] Deconstructing PhysicsManager
I1008 16:04:11.621613 836307 SemanticScene.h:41] Deconstructing SemanticScene
I1008 16:04:11.626861 836307 SceneManager.h:25] Deconstructing SceneManager
I1008 16:04:11.626885 836307 SceneGraph.h:26] Deconstructing SceneGraph
I1008 16:04:11.627347 836307 Sensor.h:87] Deconstructing Sensor
I1008 16:04:11.628193 836307 Sensor.h:87] Deconstructing Sensor
I1008 16:04:11.628345 836307 Sensor.h:87] Deconstructing Sensor
I1008 16:04:11.628490 836307 Sensor.h:87] Deconstructing Sensor
I1008 16:04:11.628620 836307 Sensor.h:87] Deconstructing Sensor
I1008 16:04:11.628762 836307 Sensor.h:87] Deconstructing Sensor
I1008 16:04:11.628897 836307 Sensor.h:87] Deconstructing Sensor
I1008 16:04:11.629021 836307 Sensor.h:87] Deconstructing Sensor
I1008 16:04:11.629148 836307 Sensor.h:87] Deconstructing Sensor
I1008 16:04:11.629271 836307 Sensor.h:87] Deconstructing Sensor
I1008 16:04:11.629390 836307 Sensor.h:87] Deconstructing Sensor
I1008 16:04:11.629518 836307 Sensor.h:87] Deconstructing Sensor
I1008 16:04:11.629642 836307 Sensor.h:87] Deconstructing Sensor
I1008 16:04:11.629813 836307 Sensor.h:87] Deconstructing Sensor
I1008 16:04:11.629974 836307 Sensor.h:87] Deconstructing Sensor
I1008 16:04:11.630125 836307 Sensor.h:87] Deconstructing Sensor
I1008 16:04:11.630311 836307 Sensor.h:87] Deconstructing Sensor
I1008 16:04:11.630465 836307 Sensor.h:87] Deconstructing Sensor
I1008 16:04:11.630628 836307 Sensor.h:87] Deconstructing Sensor
I1008 16:04:11.630838 836307 Sensor.h:87] Deconstructing Sensor
I1008 16:04:11.631007 836307 Sensor.h:87] Deconstructing Sensor
I1008 16:04:11.631174 836307 Sensor.h:87] Deconstructing Sensor
I1008 16:04:11.631353 836307 Sensor.h:87] Deconstructing Sensor
I1008 16:04:11.631470 836307 Sensor.h:87] Deconstructing Sensor
I1008 16:04:11.638325 836307 Renderer.cpp:34] Deconstructing Renderer
I1008 16:04:11.638379 836307 WindowlessContext.h:17] Deconstructing WindowlessContext
I1008 16:04:11.642493 836307 MetadataMediator.cpp:56] MetadataMediator::setActiveSceneDatasetName : Old active dataset default changed to default successfully.
I1008 16:04:11.644134 836307 AttributesManagerBase.h:283] AttributesManager<T>::createFromJsonOrDefaultInternal  (Physics Manager) : Proposing JSON name : ./data/default.physics_config.json from original name : ./data/default.physics_config.json | This file  does not exist.
I1008 16:04:11.644192 836307 PhysicsAttributesManager.cpp:27] File (./data/default.physics_config.json) not found, so new default physics manager attributes created and registered.
I1008 16:04:11.644202 836307 AbstractObjectAttributesManagerBase.h:175] AbstractObjectAttributesManager<T>::createObject  (Stage) : Making attributes with handle : data/scene_datasets/mp3d/D7N2EKCX4Sj/D7N2EKCX4Sj.glb
I1008 16:04:11.644207 836307 ManagedContainerBase.cpp:19] ManagedContainerBase::convertFilenameToJSON : Filename : data/scene_datasets/mp3d/D7N2EKCX4Sj/D7N2EKCX4Sj.glb changed to proposed JSON configuration filename : data/scene_datasets/mp3d/D7N2EKCX4Sj/D7N2EKCX4Sj.stage_config.json
I1008 16:04:11.644228 836307 AttributesManagerBase.h:283] AttributesManager<T>::createFromJsonOrDefaultInternal  (Stage) : Proposing JSON name : data/scene_datasets/mp3d/D7N2EKCX4Sj/D7N2EKCX4Sj.stage_config.json from original name : data/scene_datasets/mp3d/D7N2EKCX4Sj/D7N2EKCX4Sj.glb | This file  does not exist.
I1008 16:04:11.644304 836307 AbstractObjectAttributesManagerBase.h:181] AbstractObjectAttributesManager<T>::createObject  (Stage) : Done making attributes with handle : data/scene_datasets/mp3d/D7N2EKCX4Sj/D7N2EKCX4Sj.glb
I1008 16:04:11.644306 836307 AbstractObjectAttributesManagerBase.h:188] File (data/scene_datasets/mp3d/D7N2EKCX4Sj/D7N2EKCX4Sj.glb) exists but is not a recognized config filename extension, so new default Stage attributes created and registered.
I1008 16:04:11.644311 836307 Simulator.cpp:156] Loading navmesh from data/scene_datasets/mp3d/D7N2EKCX4Sj/D7N2EKCX4Sj.navmesh
I1008 16:04:11.645474 836307 Simulator.cpp:158] Loaded.
I1008 16:04:11.645505 836307 SceneGraph.h:93] Created DrawableGroup: 
I1008 16:04:11.650209 836307 ResourceManager.cpp:234] ResourceManager::loadStage : Not loading semantic mesh
I1008 16:04:11.650228 836307 ResourceManager.cpp:262] ResourceManager::loadStage : start load render asset data/scene_datasets/mp3d/D7N2EKCX4Sj/D7N2EKCX4Sj.glb.
I1008 16:04:11.650230 836307 ResourceManager.cpp:569] ResourceManager::loadStageInternal : Attempting to load stage data/scene_datasets/mp3d/D7N2EKCX4Sj/D7N2EKCX4Sj.glb 
I1008 16:04:11.650257 836307 ResourceManager.cpp:1119] Importing Basis files as BC7 for D7N2EKCX4Sj.glb
W1008 16:04:16.177878 836307 Simulator.cpp:248] :
---
 The active scene does not contain semantic annotations. 
---
I1008 16:04:16.299281 836307 simulator.py:213] Loaded navmesh data/scene_datasets/mp3d/D7N2EKCX4Sj/D7N2EKCX4Sj.navmesh
I1008 16:04:17.063817 836307 PhysicsManager.cpp:33] Deconstructing PhysicsManager
I1008 16:04:17.063850 836307 SemanticScene.h:41] Deconstructing SemanticScene
I1008 16:04:17.071030 836307 SceneManager.h:25] Deconstructing SceneManager
I1008 16:04:17.071051 836307 SceneGraph.h:26] Deconstructing SceneGraph
I1008 16:04:17.071719 836307 Sensor.h:87] Deconstructing Sensor
I1008 16:04:17.072316 836307 Sensor.h:87] Deconstructing Sensor
I1008 16:04:17.072429 836307 Sensor.h:87] Deconstructing Sensor
I1008 16:04:17.072551 836307 Sensor.h:87] Deconstructing Sensor
I1008 16:04:17.072674 836307 Sensor.h:87] Deconstructing Sensor
I1008 16:04:17.072783 836307 Sensor.h:87] Deconstructing Sensor
I1008 16:04:17.072896 836307 Sensor.h:87] Deconstructing Sensor
I1008 16:04:17.073007 836307 Sensor.h:87] Deconstructing Sensor
I1008 16:04:17.073117 836307 Sensor.h:87] Deconstructing Sensor
I1008 16:04:17.073223 836307 Sensor.h:87] Deconstructing Sensor
I1008 16:04:17.073341 836307 Sensor.h:87] Deconstructing Sensor
I1008 16:04:17.073460 836307 Sensor.h:87] Deconstructing Sensor
I1008 16:04:17.073577 836307 Sensor.h:87] Deconstructing Sensor
I1008 16:04:17.073726 836307 Sensor.h:87] Deconstructing Sensor
I1008 16:04:17.073871 836307 Sensor.h:87] Deconstructing Sensor
I1008 16:04:17.074003 836307 Sensor.h:87] Deconstructing Sensor
I1008 16:04:17.074156 836307 Sensor.h:87] Deconstructing Sensor
I1008 16:04:17.074291 836307 Sensor.h:87] Deconstructing Sensor
I1008 16:04:17.074427 836307 Sensor.h:87] Deconstructing Sensor
I1008 16:04:17.074570 836307 Sensor.h:87] Deconstructing Sensor
I1008 16:04:17.074716 836307 Sensor.h:87] Deconstructing Sensor
I1008 16:04:17.074855 836307 Sensor.h:87] Deconstructing Sensor
I1008 16:04:17.074993 836307 Sensor.h:87] Deconstructing Sensor
I1008 16:04:17.075098 836307 Sensor.h:87] Deconstructing Sensor
I1008 16:04:17.084604 836307 Renderer.cpp:34] Deconstructing Renderer
I1008 16:04:17.084637 836307 WindowlessContext.h:17] Deconstructing WindowlessContext
I1008 16:04:17.091818 836307 MetadataMediator.cpp:56] MetadataMediator::setActiveSceneDatasetName : Old active dataset default changed to default successfully.
I1008 16:04:17.093192 836307 AttributesManagerBase.h:283] AttributesManager<T>::createFromJsonOrDefaultInternal  (Physics Manager) : Proposing JSON name : ./data/default.physics_config.json from original name : ./data/default.physics_config.json | This file  does not exist.
I1008 16:04:17.093227 836307 PhysicsAttributesManager.cpp:27] File (./data/default.physics_config.json) not found, so new default physics manager attributes created and registered.
I1008 16:04:17.093243 836307 AbstractObjectAttributesManagerBase.h:175] AbstractObjectAttributesManager<T>::createObject  (Stage) : Making attributes with handle : data/scene_datasets/mp3d/pRbA3pwrgk9/pRbA3pwrgk9.glb
I1008 16:04:17.093246 836307 ManagedContainerBase.cpp:19] ManagedContainerBase::convertFilenameToJSON : Filename : data/scene_datasets/mp3d/pRbA3pwrgk9/pRbA3pwrgk9.glb changed to proposed JSON configuration filename : data/scene_datasets/mp3d/pRbA3pwrgk9/pRbA3pwrgk9.stage_config.json
I1008 16:04:17.093262 836307 AttributesManagerBase.h:283] AttributesManager<T>::createFromJsonOrDefaultInternal  (Stage) : Proposing JSON name : data/scene_datasets/mp3d/pRbA3pwrgk9/pRbA3pwrgk9.stage_config.json from original name : data/scene_datasets/mp3d/pRbA3pwrgk9/pRbA3pwrgk9.glb | This file  does not exist.
I1008 16:04:17.093309 836307 AbstractObjectAttributesManagerBase.h:181] AbstractObjectAttributesManager<T>::createObject  (Stage) : Done making attributes with handle : data/scene_datasets/mp3d/pRbA3pwrgk9/pRbA3pwrgk9.glb
I1008 16:04:17.093310 836307 AbstractObjectAttributesManagerBase.h:188] File (data/scene_datasets/mp3d/pRbA3pwrgk9/pRbA3pwrgk9.glb) exists but is not a recognized config filename extension, so new default Stage attributes created and registered.
I1008 16:04:17.093314 836307 Simulator.cpp:156] Loading navmesh from data/scene_datasets/mp3d/pRbA3pwrgk9/pRbA3pwrgk9.navmesh
I1008 16:04:17.093454 836307 Simulator.cpp:158] Loaded.
I1008 16:04:17.093461 836307 SceneGraph.h:93] Created DrawableGroup: 
I1008 16:04:17.097311 836307 ResourceManager.cpp:234] ResourceManager::loadStage : Not loading semantic mesh
I1008 16:04:17.097321 836307 ResourceManager.cpp:262] ResourceManager::loadStage : start load render asset data/scene_datasets/mp3d/pRbA3pwrgk9/pRbA3pwrgk9.glb.
I1008 16:04:17.097322 836307 ResourceManager.cpp:569] ResourceManager::loadStageInternal : Attempting to load stage data/scene_datasets/mp3d/pRbA3pwrgk9/pRbA3pwrgk9.glb 
I1008 16:04:17.097347 836307 ResourceManager.cpp:1119] Importing Basis files as BC7 for pRbA3pwrgk9.glb
W1008 16:04:18.321216 836307 Simulator.cpp:248] :
---
 The active scene does not contain semantic annotations. 
---
I1008 16:04:18.374436 836307 simulator.py:213] Loaded navmesh data/scene_datasets/mp3d/pRbA3pwrgk9/pRbA3pwrgk9.navmesh
I1008 16:04:19.226632 836307 PhysicsManager.cpp:33] Deconstructing PhysicsManager
I1008 16:04:19.226660 836307 SemanticScene.h:41] Deconstructing SemanticScene
I1008 16:04:19.229825 836307 SceneManager.h:25] Deconstructing SceneManager
I1008 16:04:19.229838 836307 SceneGraph.h:26] Deconstructing SceneGraph
I1008 16:04:19.230226 836307 Sensor.h:87] Deconstructing Sensor
I1008 16:04:19.230705 836307 Sensor.h:87] Deconstructing Sensor
I1008 16:04:19.230819 836307 Sensor.h:87] Deconstructing Sensor
I1008 16:04:19.230935 836307 Sensor.h:87] Deconstructing Sensor
I1008 16:04:19.231041 836307 Sensor.h:87] Deconstructing Sensor
I1008 16:04:19.231145 836307 Sensor.h:87] Deconstructing Sensor
I1008 16:04:19.231251 836307 Sensor.h:87] Deconstructing Sensor
I1008 16:04:19.231354 836307 Sensor.h:87] Deconstructing Sensor
I1008 16:04:19.231465 836307 Sensor.h:87] Deconstructing Sensor
I1008 16:04:19.231570 836307 Sensor.h:87] Deconstructing Sensor
I1008 16:04:19.231680 836307 Sensor.h:87] Deconstructing Sensor
I1008 16:04:19.231787 836307 Sensor.h:87] Deconstructing Sensor
I1008 16:04:19.231894 836307 Sensor.h:87] Deconstructing Sensor
I1008 16:04:19.232034 836307 Sensor.h:87] Deconstructing Sensor
I1008 16:04:19.232168 836307 Sensor.h:87] Deconstructing Sensor
I1008 16:04:19.232290 836307 Sensor.h:87] Deconstructing Sensor
I1008 16:04:19.232417 836307 Sensor.h:87] Deconstructing Sensor
I1008 16:04:19.232547 836307 Sensor.h:87] Deconstructing Sensor
I1008 16:04:19.232681 836307 Sensor.h:87] Deconstructing Sensor
I1008 16:04:19.232810 836307 Sensor.h:87] Deconstructing Sensor
I1008 16:04:19.232933 836307 Sensor.h:87] Deconstructing Sensor
I1008 16:04:19.233071 836307 Sensor.h:87] Deconstructing Sensor
I1008 16:04:19.233198 836307 Sensor.h:87] Deconstructing Sensor
I1008 16:04:19.233283 836307 Sensor.h:87] Deconstructing Sensor
I1008 16:04:19.238309 836307 Renderer.cpp:34] Deconstructing Renderer
I1008 16:04:19.238351 836307 WindowlessContext.h:17] Deconstructing WindowlessContext
I1008 16:04:19.242043 836307 MetadataMediator.cpp:56] MetadataMediator::setActiveSceneDatasetName : Old active dataset default changed to default successfully.
I1008 16:04:19.243198 836307 AttributesManagerBase.h:283] AttributesManager<T>::createFromJsonOrDefaultInternal  (Physics Manager) : Proposing JSON name : ./data/default.physics_config.json from original name : ./data/default.physics_config.json | This file  does not exist.
I1008 16:04:19.243240 836307 PhysicsAttributesManager.cpp:27] File (./data/default.physics_config.json) not found, so new default physics manager attributes created and registered.
I1008 16:04:19.243248 836307 AbstractObjectAttributesManagerBase.h:175] AbstractObjectAttributesManager<T>::createObject  (Stage) : Making attributes with handle : data/scene_datasets/mp3d/ZMojNkEp431/ZMojNkEp431.glb
I1008 16:04:19.243252 836307 ManagedContainerBase.cpp:19] ManagedContainerBase::convertFilenameToJSON : Filename : data/scene_datasets/mp3d/ZMojNkEp431/ZMojNkEp431.glb changed to proposed JSON configuration filename : data/scene_datasets/mp3d/ZMojNkEp431/ZMojNkEp431.stage_config.json
I1008 16:04:19.243275 836307 AttributesManagerBase.h:283] AttributesManager<T>::createFromJsonOrDefaultInternal  (Stage) : Proposing JSON name : data/scene_datasets/mp3d/ZMojNkEp431/ZMojNkEp431.stage_config.json from original name : data/scene_datasets/mp3d/ZMojNkEp431/ZMojNkEp431.glb | This file  does not exist.
I1008 16:04:19.243327 836307 AbstractObjectAttributesManagerBase.h:181] AbstractObjectAttributesManager<T>::createObject  (Stage) : Done making attributes with handle : data/scene_datasets/mp3d/ZMojNkEp431/ZMojNkEp431.glb
I1008 16:04:19.243328 836307 AbstractObjectAttributesManagerBase.h:188] File (data/scene_datasets/mp3d/ZMojNkEp431/ZMojNkEp431.glb) exists but is not a recognized config filename extension, so new default Stage attributes created and registered.
I1008 16:04:19.243331 836307 Simulator.cpp:156] Loading navmesh from data/scene_datasets/mp3d/ZMojNkEp431/ZMojNkEp431.navmesh
I1008 16:04:19.243491 836307 Simulator.cpp:158] Loaded.
I1008 16:04:19.243499 836307 SceneGraph.h:93] Created DrawableGroup: 
I1008 16:04:19.249759 836307 ResourceManager.cpp:234] ResourceManager::loadStage : Not loading semantic mesh
I1008 16:04:19.249773 836307 ResourceManager.cpp:262] ResourceManager::loadStage : start load render asset data/scene_datasets/mp3d/ZMojNkEp431/ZMojNkEp431.glb.
I1008 16:04:19.249774 836307 ResourceManager.cpp:569] ResourceManager::loadStageInternal : Attempting to load stage data/scene_datasets/mp3d/ZMojNkEp431/ZMojNkEp431.glb 
I1008 16:04:19.249800 836307 ResourceManager.cpp:1119] Importing Basis files as BC7 for ZMojNkEp431.glb
W1008 16:04:20.607937 836307 Simulator.cpp:248] :
---
 The active scene does not contain semantic annotations. 
---
I1008 16:04:20.650800 836307 simulator.py:213] Loaded navmesh data/scene_datasets/mp3d/ZMojNkEp431/ZMojNkEp431.navmesh
I1008 16:04:21.351377 836307 PhysicsManager.cpp:33] Deconstructing PhysicsManager
I1008 16:04:21.351399 836307 SemanticScene.h:41] Deconstructing SemanticScene
I1008 16:04:21.353852 836307 SceneManager.h:25] Deconstructing SceneManager
I1008 16:04:21.353865 836307 SceneGraph.h:26] Deconstructing SceneGraph
I1008 16:04:21.354334 836307 Sensor.h:87] Deconstructing Sensor
I1008 16:04:21.354589 836307 Sensor.h:87] Deconstructing Sensor
I1008 16:04:21.354709 836307 Sensor.h:87] Deconstructing Sensor
I1008 16:04:21.354817 836307 Sensor.h:87] Deconstructing Sensor
I1008 16:04:21.354920 836307 Sensor.h:87] Deconstructing Sensor
I1008 16:04:21.355024 836307 Sensor.h:87] Deconstructing Sensor
I1008 16:04:21.355130 836307 Sensor.h:87] Deconstructing Sensor
I1008 16:04:21.355244 836307 Sensor.h:87] Deconstructing Sensor
I1008 16:04:21.355371 836307 Sensor.h:87] Deconstructing Sensor
I1008 16:04:21.355479 836307 Sensor.h:87] Deconstructing Sensor
I1008 16:04:21.355583 836307 Sensor.h:87] Deconstructing Sensor
I1008 16:04:21.355697 836307 Sensor.h:87] Deconstructing Sensor
I1008 16:04:21.355832 836307 Sensor.h:87] Deconstructing Sensor
I1008 16:04:21.355973 836307 Sensor.h:87] Deconstructing Sensor
I1008 16:04:21.356110 836307 Sensor.h:87] Deconstructing Sensor
I1008 16:04:21.356241 836307 Sensor.h:87] Deconstructing Sensor
I1008 16:04:21.356374 836307 Sensor.h:87] Deconstructing Sensor
I1008 16:04:21.356601 836307 Sensor.h:87] Deconstructing Sensor
I1008 16:04:21.356755 836307 Sensor.h:87] Deconstructing Sensor
I1008 16:04:21.356894 836307 Sensor.h:87] Deconstructing Sensor
I1008 16:04:21.357033 836307 Sensor.h:87] Deconstructing Sensor
I1008 16:04:21.357169 836307 Sensor.h:87] Deconstructing Sensor
I1008 16:04:21.357307 836307 Sensor.h:87] Deconstructing Sensor
I1008 16:04:21.357424 836307 Sensor.h:87] Deconstructing Sensor
I1008 16:04:21.361949 836307 Renderer.cpp:34] Deconstructing Renderer
I1008 16:04:21.361981 836307 WindowlessContext.h:17] Deconstructing WindowlessContext
I1008 16:04:21.365656 836307 MetadataMediator.cpp:56] MetadataMediator::setActiveSceneDatasetName : Old active dataset default changed to default successfully.
I1008 16:04:21.366567 836307 AttributesManagerBase.h:283] AttributesManager<T>::createFromJsonOrDefaultInternal  (Physics Manager) : Proposing JSON name : ./data/default.physics_config.json from original name : ./data/default.physics_config.json | This file  does not exist.
I1008 16:04:21.366596 836307 PhysicsAttributesManager.cpp:27] File (./data/default.physics_config.json) not found, so new default physics manager attributes created and registered.
I1008 16:04:21.366601 836307 AbstractObjectAttributesManagerBase.h:175] AbstractObjectAttributesManager<T>::createObject  (Stage) : Making attributes with handle : data/scene_datasets/mp3d/ur6pFq6Qu1A/ur6pFq6Qu1A.glb
I1008 16:04:21.366605 836307 ManagedContainerBase.cpp:19] ManagedContainerBase::convertFilenameToJSON : Filename : data/scene_datasets/mp3d/ur6pFq6Qu1A/ur6pFq6Qu1A.glb changed to proposed JSON configuration filename : data/scene_datasets/mp3d/ur6pFq6Qu1A/ur6pFq6Qu1A.stage_config.json
I1008 16:04:21.366622 836307 AttributesManagerBase.h:283] AttributesManager<T>::createFromJsonOrDefaultInternal  (Stage) : Proposing JSON name : data/scene_datasets/mp3d/ur6pFq6Qu1A/ur6pFq6Qu1A.stage_config.json from original name : data/scene_datasets/mp3d/ur6pFq6Qu1A/ur6pFq6Qu1A.glb | This file  does not exist.
I1008 16:04:21.366685 836307 AbstractObjectAttributesManagerBase.h:181] AbstractObjectAttributesManager<T>::createObject  (Stage) : Done making attributes with handle : data/scene_datasets/mp3d/ur6pFq6Qu1A/ur6pFq6Qu1A.glb
I1008 16:04:21.366688 836307 AbstractObjectAttributesManagerBase.h:188] File (data/scene_datasets/mp3d/ur6pFq6Qu1A/ur6pFq6Qu1A.glb) exists but is not a recognized config filename extension, so new default Stage attributes created and registered.
I1008 16:04:21.366693 836307 Simulator.cpp:156] Loading navmesh from data/scene_datasets/mp3d/ur6pFq6Qu1A/ur6pFq6Qu1A.navmesh
I1008 16:04:21.366935 836307 Simulator.cpp:158] Loaded.
I1008 16:04:21.366940 836307 SceneGraph.h:93] Created DrawableGroup: 
I1008 16:04:21.371027 836307 ResourceManager.cpp:234] ResourceManager::loadStage : Not loading semantic mesh
I1008 16:04:21.371042 836307 ResourceManager.cpp:262] ResourceManager::loadStage : start load render asset data/scene_datasets/mp3d/ur6pFq6Qu1A/ur6pFq6Qu1A.glb.
I1008 16:04:21.371043 836307 ResourceManager.cpp:569] ResourceManager::loadStageInternal : Attempting to load stage data/scene_datasets/mp3d/ur6pFq6Qu1A/ur6pFq6Qu1A.glb 
I1008 16:04:21.371069 836307 ResourceManager.cpp:1119] Importing Basis files as BC7 for ur6pFq6Qu1A.glb
W1008 16:04:23.735205 836307 Simulator.cpp:248] :
---
 The active scene does not contain semantic annotations. 
---
I1008 16:04:23.790325 836307 simulator.py:213] Loaded navmesh data/scene_datasets/mp3d/ur6pFq6Qu1A/ur6pFq6Qu1A.navmesh
I1008 16:04:24.236426 836307 PhysicsManager.cpp:33] Deconstructing PhysicsManager
I1008 16:04:24.236452 836307 SemanticScene.h:41] Deconstructing SemanticScene
I1008 16:04:24.241034 836307 SceneManager.h:25] Deconstructing SceneManager
I1008 16:04:24.241073 836307 SceneGraph.h:26] Deconstructing SceneGraph
I1008 16:04:24.241882 836307 Sensor.h:87] Deconstructing Sensor
I1008 16:04:24.242360 836307 Sensor.h:87] Deconstructing Sensor
I1008 16:04:24.242481 836307 Sensor.h:87] Deconstructing Sensor
I1008 16:04:24.242616 836307 Sensor.h:87] Deconstructing Sensor
I1008 16:04:24.242745 836307 Sensor.h:87] Deconstructing Sensor
I1008 16:04:24.242867 836307 Sensor.h:87] Deconstructing Sensor
I1008 16:04:24.242997 836307 Sensor.h:87] Deconstructing Sensor
I1008 16:04:24.243113 836307 Sensor.h:87] Deconstructing Sensor
I1008 16:04:24.243225 836307 Sensor.h:87] Deconstructing Sensor
I1008 16:04:24.243341 836307 Sensor.h:87] Deconstructing Sensor
I1008 16:04:24.243450 836307 Sensor.h:87] Deconstructing Sensor
I1008 16:04:24.243569 836307 Sensor.h:87] Deconstructing Sensor
I1008 16:04:24.243681 836307 Sensor.h:87] Deconstructing Sensor
I1008 16:04:24.243817 836307 Sensor.h:87] Deconstructing Sensor
I1008 16:04:24.243957 836307 Sensor.h:87] Deconstructing Sensor
I1008 16:04:24.244091 836307 Sensor.h:87] Deconstructing Sensor
I1008 16:04:24.244238 836307 Sensor.h:87] Deconstructing Sensor
I1008 16:04:24.244807 836307 Sensor.h:87] Deconstructing Sensor
I1008 16:04:24.245018 836307 Sensor.h:87] Deconstructing Sensor
I1008 16:04:24.245275 836307 Sensor.h:87] Deconstructing Sensor
I1008 16:04:24.245414 836307 Sensor.h:87] Deconstructing Sensor
I1008 16:04:24.245551 836307 Sensor.h:87] Deconstructing Sensor
I1008 16:04:24.245690 836307 Sensor.h:87] Deconstructing Sensor
I1008 16:04:24.245868 836307 Sensor.h:87] Deconstructing Sensor
I1008 16:04:24.252733 836307 Renderer.cpp:34] Deconstructing Renderer
I1008 16:04:24.252758 836307 WindowlessContext.h:17] Deconstructing WindowlessContext
I1008 16:04:24.258440 836307 MetadataMediator.cpp:56] MetadataMediator::setActiveSceneDatasetName : Old active dataset default changed to default successfully.
I1008 16:04:24.259883 836307 AttributesManagerBase.h:283] AttributesManager<T>::createFromJsonOrDefaultInternal  (Physics Manager) : Proposing JSON name : ./data/default.physics_config.json from original name : ./data/default.physics_config.json | This file  does not exist.
I1008 16:04:24.259920 836307 PhysicsAttributesManager.cpp:27] File (./data/default.physics_config.json) not found, so new default physics manager attributes created and registered.
I1008 16:04:24.259927 836307 AbstractObjectAttributesManagerBase.h:175] AbstractObjectAttributesManager<T>::createObject  (Stage) : Making attributes with handle : data/scene_datasets/mp3d/D7N2EKCX4Sj/D7N2EKCX4Sj.glb
I1008 16:04:24.259929 836307 ManagedContainerBase.cpp:19] ManagedContainerBase::convertFilenameToJSON : Filename : data/scene_datasets/mp3d/D7N2EKCX4Sj/D7N2EKCX4Sj.glb changed to proposed JSON configuration filename : data/scene_datasets/mp3d/D7N2EKCX4Sj/D7N2EKCX4Sj.stage_config.json
I1008 16:04:24.259945 836307 AttributesManagerBase.h:283] AttributesManager<T>::createFromJsonOrDefaultInternal  (Stage) : Proposing JSON name : data/scene_datasets/mp3d/D7N2EKCX4Sj/D7N2EKCX4Sj.stage_config.json from original name : data/scene_datasets/mp3d/D7N2EKCX4Sj/D7N2EKCX4Sj.glb | This file  does not exist.
I1008 16:04:24.260114 836307 AbstractObjectAttributesManagerBase.h:181] AbstractObjectAttributesManager<T>::createObject  (Stage) : Done making attributes with handle : data/scene_datasets/mp3d/D7N2EKCX4Sj/D7N2EKCX4Sj.glb
I1008 16:04:24.260116 836307 AbstractObjectAttributesManagerBase.h:188] File (data/scene_datasets/mp3d/D7N2EKCX4Sj/D7N2EKCX4Sj.glb) exists but is not a recognized config filename extension, so new default Stage attributes created and registered.
I1008 16:04:24.260120 836307 Simulator.cpp:156] Loading navmesh from data/scene_datasets/mp3d/D7N2EKCX4Sj/D7N2EKCX4Sj.navmesh
I1008 16:04:24.260540 836307 Simulator.cpp:158] Loaded.
I1008 16:04:24.260556 836307 SceneGraph.h:93] Created DrawableGroup: 
I1008 16:04:24.264456 836307 ResourceManager.cpp:234] ResourceManager::loadStage : Not loading semantic mesh
I1008 16:04:24.264467 836307 ResourceManager.cpp:262] ResourceManager::loadStage : start load render asset data/scene_datasets/mp3d/D7N2EKCX4Sj/D7N2EKCX4Sj.glb.
I1008 16:04:24.264468 836307 ResourceManager.cpp:569] ResourceManager::loadStageInternal : Attempting to load stage data/scene_datasets/mp3d/D7N2EKCX4Sj/D7N2EKCX4Sj.glb 
I1008 16:04:24.264492 836307 ResourceManager.cpp:1119] Importing Basis files as BC7 for D7N2EKCX4Sj.glb
W1008 16:04:28.783834 836307 Simulator.cpp:248] :
---
 The active scene does not contain semantic annotations. 
---
I1008 16:04:28.899243 836307 simulator.py:213] Loaded navmesh data/scene_datasets/mp3d/D7N2EKCX4Sj/D7N2EKCX4Sj.navmesh
I1008 16:04:29.733534 836307 PhysicsManager.cpp:33] Deconstructing PhysicsManager
I1008 16:04:29.733562 836307 SemanticScene.h:41] Deconstructing SemanticScene
I1008 16:04:29.739928 836307 SceneManager.h:25] Deconstructing SceneManager
I1008 16:04:29.739962 836307 SceneGraph.h:26] Deconstructing SceneGraph
I1008 16:04:29.740906 836307 Sensor.h:87] Deconstructing Sensor
I1008 16:04:29.741488 836307 Sensor.h:87] Deconstructing Sensor
I1008 16:04:29.741612 836307 Sensor.h:87] Deconstructing Sensor
I1008 16:04:29.741748 836307 Sensor.h:87] Deconstructing Sensor
I1008 16:04:29.741875 836307 Sensor.h:87] Deconstructing Sensor
I1008 16:04:29.741992 836307 Sensor.h:87] Deconstructing Sensor
I1008 16:04:29.742113 836307 Sensor.h:87] Deconstructing Sensor
I1008 16:04:29.742231 836307 Sensor.h:87] Deconstructing Sensor
I1008 16:04:29.742352 836307 Sensor.h:87] Deconstructing Sensor
I1008 16:04:29.742470 836307 Sensor.h:87] Deconstructing Sensor
I1008 16:04:29.742590 836307 Sensor.h:87] Deconstructing Sensor
I1008 16:04:29.742722 836307 Sensor.h:87] Deconstructing Sensor
I1008 16:04:29.742843 836307 Sensor.h:87] Deconstructing Sensor
I1008 16:04:29.742996 836307 Sensor.h:87] Deconstructing Sensor
I1008 16:04:29.743151 836307 Sensor.h:87] Deconstructing Sensor
I1008 16:04:29.743309 836307 Sensor.h:87] Deconstructing Sensor
I1008 16:04:29.743472 836307 Sensor.h:87] Deconstructing Sensor
I1008 16:04:29.743616 836307 Sensor.h:87] Deconstructing Sensor
I1008 16:04:29.743767 836307 Sensor.h:87] Deconstructing Sensor
I1008 16:04:29.743911 836307 Sensor.h:87] Deconstructing Sensor
I1008 16:04:29.744051 836307 Sensor.h:87] Deconstructing Sensor
I1008 16:04:29.744195 836307 Sensor.h:87] Deconstructing Sensor
I1008 16:04:29.744342 836307 Sensor.h:87] Deconstructing Sensor
I1008 16:04:29.744549 836307 Sensor.h:87] Deconstructing Sensor
I1008 16:04:29.754774 836307 Renderer.cpp:34] Deconstructing Renderer
I1008 16:04:29.754817 836307 WindowlessContext.h:17] Deconstructing WindowlessContext
I1008 16:04:29.762028 836307 MetadataMediator.cpp:56] MetadataMediator::setActiveSceneDatasetName : Old active dataset default changed to default successfully.
I1008 16:04:29.763635 836307 AttributesManagerBase.h:283] AttributesManager<T>::createFromJsonOrDefaultInternal  (Physics Manager) : Proposing JSON name : ./data/default.physics_config.json from original name : ./data/default.physics_config.json | This file  does not exist.
I1008 16:04:29.763672 836307 PhysicsAttributesManager.cpp:27] File (./data/default.physics_config.json) not found, so new default physics manager attributes created and registered.
I1008 16:04:29.763679 836307 AbstractObjectAttributesManagerBase.h:175] AbstractObjectAttributesManager<T>::createObject  (Stage) : Making attributes with handle : data/scene_datasets/mp3d/JmbYfDe2QKZ/JmbYfDe2QKZ.glb
I1008 16:04:29.763682 836307 ManagedContainerBase.cpp:19] ManagedContainerBase::convertFilenameToJSON : Filename : data/scene_datasets/mp3d/JmbYfDe2QKZ/JmbYfDe2QKZ.glb changed to proposed JSON configuration filename : data/scene_datasets/mp3d/JmbYfDe2QKZ/JmbYfDe2QKZ.stage_config.json
I1008 16:04:29.763697 836307 AttributesManagerBase.h:283] AttributesManager<T>::createFromJsonOrDefaultInternal  (Stage) : Proposing JSON name : data/scene_datasets/mp3d/JmbYfDe2QKZ/JmbYfDe2QKZ.stage_config.json from original name : data/scene_datasets/mp3d/JmbYfDe2QKZ/JmbYfDe2QKZ.glb | This file  does not exist.
I1008 16:04:29.763754 836307 AbstractObjectAttributesManagerBase.h:181] AbstractObjectAttributesManager<T>::createObject  (Stage) : Done making attributes with handle : data/scene_datasets/mp3d/JmbYfDe2QKZ/JmbYfDe2QKZ.glb
I1008 16:04:29.763756 836307 AbstractObjectAttributesManagerBase.h:188] File (data/scene_datasets/mp3d/JmbYfDe2QKZ/JmbYfDe2QKZ.glb) exists but is not a recognized config filename extension, so new default Stage attributes created and registered.
I1008 16:04:29.763759 836307 Simulator.cpp:156] Loading navmesh from data/scene_datasets/mp3d/JmbYfDe2QKZ/JmbYfDe2QKZ.navmesh
I1008 16:04:29.763870 836307 Simulator.cpp:158] Loaded.
I1008 16:04:29.763876 836307 SceneGraph.h:93] Created DrawableGroup: 
I1008 16:04:29.767765 836307 ResourceManager.cpp:234] ResourceManager::loadStage : Not loading semantic mesh
I1008 16:04:29.767778 836307 ResourceManager.cpp:262] ResourceManager::loadStage : start load render asset data/scene_datasets/mp3d/JmbYfDe2QKZ/JmbYfDe2QKZ.glb.
I1008 16:04:29.767779 836307 ResourceManager.cpp:569] ResourceManager::loadStageInternal : Attempting to load stage data/scene_datasets/mp3d/JmbYfDe2QKZ/JmbYfDe2QKZ.glb 
I1008 16:04:29.767803 836307 ResourceManager.cpp:1119] Importing Basis files as BC7 for JmbYfDe2QKZ.glb
W1008 16:04:30.892654 836307 Simulator.cpp:248] :
---
 The active scene does not contain semantic annotations. 
---
I1008 16:04:30.943366 836307 simulator.py:213] Loaded navmesh data/scene_datasets/mp3d/JmbYfDe2QKZ/JmbYfDe2QKZ.navmesh
I1008 16:04:31.638576 836307 PhysicsManager.cpp:33] Deconstructing PhysicsManager
I1008 16:04:31.638607 836307 SemanticScene.h:41] Deconstructing SemanticScene
I1008 16:04:31.641762 836307 SceneManager.h:25] Deconstructing SceneManager
I1008 16:04:31.641779 836307 SceneGraph.h:26] Deconstructing SceneGraph
I1008 16:04:31.642298 836307 Sensor.h:87] Deconstructing Sensor
I1008 16:04:31.642895 836307 Sensor.h:87] Deconstructing Sensor
I1008 16:04:31.643013 836307 Sensor.h:87] Deconstructing Sensor
I1008 16:04:31.643131 836307 Sensor.h:87] Deconstructing Sensor
I1008 16:04:31.643247 836307 Sensor.h:87] Deconstructing Sensor
I1008 16:04:31.643357 836307 Sensor.h:87] Deconstructing Sensor
I1008 16:04:31.643466 836307 Sensor.h:87] Deconstructing Sensor
I1008 16:04:31.643571 836307 Sensor.h:87] Deconstructing Sensor
I1008 16:04:31.643730 836307 Sensor.h:87] Deconstructing Sensor
I1008 16:04:31.643846 836307 Sensor.h:87] Deconstructing Sensor
I1008 16:04:31.643953 836307 Sensor.h:87] Deconstructing Sensor
I1008 16:04:31.644066 836307 Sensor.h:87] Deconstructing Sensor
I1008 16:04:31.644177 836307 Sensor.h:87] Deconstructing Sensor
I1008 16:04:31.644311 836307 Sensor.h:87] Deconstructing Sensor
I1008 16:04:31.644455 836307 Sensor.h:87] Deconstructing Sensor
I1008 16:04:31.644595 836307 Sensor.h:87] Deconstructing Sensor
I1008 16:04:31.644750 836307 Sensor.h:87] Deconstructing Sensor
I1008 16:04:31.644910 836307 Sensor.h:87] Deconstructing Sensor
I1008 16:04:31.645054 836307 Sensor.h:87] Deconstructing Sensor
I1008 16:04:31.645192 836307 Sensor.h:87] Deconstructing Sensor
I1008 16:04:31.645329 836307 Sensor.h:87] Deconstructing Sensor
I1008 16:04:31.645468 836307 Sensor.h:87] Deconstructing Sensor
I1008 16:04:31.645610 836307 Sensor.h:87] Deconstructing Sensor
I1008 16:04:31.645727 836307 Sensor.h:87] Deconstructing Sensor
I1008 16:04:31.653959 836307 Renderer.cpp:34] Deconstructing Renderer
I1008 16:04:31.653996 836307 WindowlessContext.h:17] Deconstructing WindowlessContext
I1008 16:04:31.656983 836307 MetadataMediator.cpp:56] MetadataMediator::setActiveSceneDatasetName : Old active dataset default changed to default successfully.
I1008 16:04:31.658402 836307 AttributesManagerBase.h:283] AttributesManager<T>::createFromJsonOrDefaultInternal  (Physics Manager) : Proposing JSON name : ./data/default.physics_config.json from original name : ./data/default.physics_config.json | This file  does not exist.
I1008 16:04:31.658450 836307 PhysicsAttributesManager.cpp:27] File (./data/default.physics_config.json) not found, so new default physics manager attributes created and registered.
I1008 16:04:31.658457 836307 AbstractObjectAttributesManagerBase.h:175] AbstractObjectAttributesManager<T>::createObject  (Stage) : Making attributes with handle : data/scene_datasets/mp3d/pRbA3pwrgk9/pRbA3pwrgk9.glb
I1008 16:04:31.658461 836307 ManagedContainerBase.cpp:19] ManagedContainerBase::convertFilenameToJSON : Filename : data/scene_datasets/mp3d/pRbA3pwrgk9/pRbA3pwrgk9.glb changed to proposed JSON configuration filename : data/scene_datasets/mp3d/pRbA3pwrgk9/pRbA3pwrgk9.stage_config.json
I1008 16:04:31.658479 836307 AttributesManagerBase.h:283] AttributesManager<T>::createFromJsonOrDefaultInternal  (Stage) : Proposing JSON name : data/scene_datasets/mp3d/pRbA3pwrgk9/pRbA3pwrgk9.stage_config.json from original name : data/scene_datasets/mp3d/pRbA3pwrgk9/pRbA3pwrgk9.glb | This file  does not exist.
I1008 16:04:31.658529 836307 AbstractObjectAttributesManagerBase.h:181] AbstractObjectAttributesManager<T>::createObject  (Stage) : Done making attributes with handle : data/scene_datasets/mp3d/pRbA3pwrgk9/pRbA3pwrgk9.glb
I1008 16:04:31.658530 836307 AbstractObjectAttributesManagerBase.h:188] File (data/scene_datasets/mp3d/pRbA3pwrgk9/pRbA3pwrgk9.glb) exists but is not a recognized config filename extension, so new default Stage attributes created and registered.
I1008 16:04:31.658535 836307 Simulator.cpp:156] Loading navmesh from data/scene_datasets/mp3d/pRbA3pwrgk9/pRbA3pwrgk9.navmesh
I1008 16:04:31.658701 836307 Simulator.cpp:158] Loaded.
I1008 16:04:31.658710 836307 SceneGraph.h:93] Created DrawableGroup: 
I1008 16:04:31.662595 836307 ResourceManager.cpp:234] ResourceManager::loadStage : Not loading semantic mesh
I1008 16:04:31.662604 836307 ResourceManager.cpp:262] ResourceManager::loadStage : start load render asset data/scene_datasets/mp3d/pRbA3pwrgk9/pRbA3pwrgk9.glb.
I1008 16:04:31.662606 836307 ResourceManager.cpp:569] ResourceManager::loadStageInternal : Attempting to load stage data/scene_datasets/mp3d/pRbA3pwrgk9/pRbA3pwrgk9.glb 
I1008 16:04:31.662645 836307 ResourceManager.cpp:1119] Importing Basis files as BC7 for pRbA3pwrgk9.glb
W1008 16:04:32.888584 836307 Simulator.cpp:248] :
---
 The active scene does not contain semantic annotations. 
---
I1008 16:04:32.941776 836307 simulator.py:213] Loaded navmesh data/scene_datasets/mp3d/pRbA3pwrgk9/pRbA3pwrgk9.navmesh
I1008 16:04:34.712813 836307 PhysicsManager.cpp:33] Deconstructing PhysicsManager
I1008 16:04:34.712838 836307 SemanticScene.h:41] Deconstructing SemanticScene
I1008 16:04:34.716217 836307 SceneManager.h:25] Deconstructing SceneManager
I1008 16:04:34.716228 836307 SceneGraph.h:26] Deconstructing SceneGraph
I1008 16:04:34.716759 836307 Sensor.h:87] Deconstructing Sensor
I1008 16:04:34.717011 836307 Sensor.h:87] Deconstructing Sensor
I1008 16:04:34.717115 836307 Sensor.h:87] Deconstructing Sensor
I1008 16:04:34.717226 836307 Sensor.h:87] Deconstructing Sensor
I1008 16:04:34.717329 836307 Sensor.h:87] Deconstructing Sensor
I1008 16:04:34.717437 836307 Sensor.h:87] Deconstructing Sensor
I1008 16:04:34.717545 836307 Sensor.h:87] Deconstructing Sensor
I1008 16:04:34.717666 836307 Sensor.h:87] Deconstructing Sensor
I1008 16:04:34.717774 836307 Sensor.h:87] Deconstructing Sensor
I1008 16:04:34.717880 836307 Sensor.h:87] Deconstructing Sensor
I1008 16:04:34.717983 836307 Sensor.h:87] Deconstructing Sensor
I1008 16:04:34.718094 836307 Sensor.h:87] Deconstructing Sensor
I1008 16:04:34.718197 836307 Sensor.h:87] Deconstructing Sensor
I1008 16:04:34.718341 836307 Sensor.h:87] Deconstructing Sensor
I1008 16:04:34.718477 836307 Sensor.h:87] Deconstructing Sensor
I1008 16:04:34.718609 836307 Sensor.h:87] Deconstructing Sensor
I1008 16:04:34.718760 836307 Sensor.h:87] Deconstructing Sensor
I1008 16:04:34.718894 836307 Sensor.h:87] Deconstructing Sensor
I1008 16:04:34.719033 836307 Sensor.h:87] Deconstructing Sensor
I1008 16:04:34.719173 836307 Sensor.h:87] Deconstructing Sensor
I1008 16:04:34.719327 836307 Sensor.h:87] Deconstructing Sensor
I1008 16:04:34.719457 836307 Sensor.h:87] Deconstructing Sensor
I1008 16:04:34.719592 836307 Sensor.h:87] Deconstructing Sensor
I1008 16:04:34.719681 836307 Sensor.h:87] Deconstructing Sensor
I1008 16:04:34.724941 836307 Renderer.cpp:34] Deconstructing Renderer
I1008 16:04:34.724970 836307 WindowlessContext.h:17] Deconstructing WindowlessContext
I1008 16:04:34.728310 836307 MetadataMediator.cpp:56] MetadataMediator::setActiveSceneDatasetName : Old active dataset default changed to default successfully.
I1008 16:04:34.729406 836307 AttributesManagerBase.h:283] AttributesManager<T>::createFromJsonOrDefaultInternal  (Physics Manager) : Proposing JSON name : ./data/default.physics_config.json from original name : ./data/default.physics_config.json | This file  does not exist.
I1008 16:04:34.729442 836307 PhysicsAttributesManager.cpp:27] File (./data/default.physics_config.json) not found, so new default physics manager attributes created and registered.
I1008 16:04:34.729449 836307 AbstractObjectAttributesManagerBase.h:175] AbstractObjectAttributesManager<T>::createObject  (Stage) : Making attributes with handle : data/scene_datasets/mp3d/JmbYfDe2QKZ/JmbYfDe2QKZ.glb
I1008 16:04:34.729453 836307 ManagedContainerBase.cpp:19] ManagedContainerBase::convertFilenameToJSON : Filename : data/scene_datasets/mp3d/JmbYfDe2QKZ/JmbYfDe2QKZ.glb changed to proposed JSON configuration filename : data/scene_datasets/mp3d/JmbYfDe2QKZ/JmbYfDe2QKZ.stage_config.json
I1008 16:04:34.729470 836307 AttributesManagerBase.h:283] AttributesManager<T>::createFromJsonOrDefaultInternal  (Stage) : Proposing JSON name : data/scene_datasets/mp3d/JmbYfDe2QKZ/JmbYfDe2QKZ.stage_config.json from original name : data/scene_datasets/mp3d/JmbYfDe2QKZ/JmbYfDe2QKZ.glb | This file  does not exist.
I1008 16:04:34.729516 836307 AbstractObjectAttributesManagerBase.h:181] AbstractObjectAttributesManager<T>::createObject  (Stage) : Done making attributes with handle : data/scene_datasets/mp3d/JmbYfDe2QKZ/JmbYfDe2QKZ.glb
I1008 16:04:34.729517 836307 AbstractObjectAttributesManagerBase.h:188] File (data/scene_datasets/mp3d/JmbYfDe2QKZ/JmbYfDe2QKZ.glb) exists but is not a recognized config filename extension, so new default Stage attributes created and registered.
I1008 16:04:34.729521 836307 Simulator.cpp:156] Loading navmesh from data/scene_datasets/mp3d/JmbYfDe2QKZ/JmbYfDe2QKZ.navmesh
I1008 16:04:34.729624 836307 Simulator.cpp:158] Loaded.
I1008 16:04:34.729630 836307 SceneGraph.h:93] Created DrawableGroup: 
I1008 16:04:34.733392 836307 ResourceManager.cpp:234] ResourceManager::loadStage : Not loading semantic mesh
I1008 16:04:34.733402 836307 ResourceManager.cpp:262] ResourceManager::loadStage : start load render asset data/scene_datasets/mp3d/JmbYfDe2QKZ/JmbYfDe2QKZ.glb.
I1008 16:04:34.733403 836307 ResourceManager.cpp:569] ResourceManager::loadStageInternal : Attempting to load stage data/scene_datasets/mp3d/JmbYfDe2QKZ/JmbYfDe2QKZ.glb 
I1008 16:04:34.733425 836307 ResourceManager.cpp:1119] Importing Basis files as BC7 for JmbYfDe2QKZ.glb
W1008 16:04:35.852385 836307 Simulator.cpp:248] :
---
 The active scene does not contain semantic annotations. 
---
I1008 16:04:35.902758 836307 simulator.py:213] Loaded navmesh data/scene_datasets/mp3d/JmbYfDe2QKZ/JmbYfDe2QKZ.navmesh
I1008 16:04:36.310925 836307 PhysicsManager.cpp:33] Deconstructing PhysicsManager
I1008 16:04:36.310972 836307 SemanticScene.h:41] Deconstructing SemanticScene
I1008 16:04:36.316496 836307 SceneManager.h:25] Deconstructing SceneManager
I1008 16:04:36.316522 836307 SceneGraph.h:26] Deconstructing SceneGraph
I1008 16:04:36.317039 836307 Sensor.h:87] Deconstructing Sensor
I1008 16:04:36.317341 836307 Sensor.h:87] Deconstructing Sensor
I1008 16:04:36.317476 836307 Sensor.h:87] Deconstructing Sensor
I1008 16:04:36.317610 836307 Sensor.h:87] Deconstructing Sensor
I1008 16:04:36.317749 836307 Sensor.h:87] Deconstructing Sensor
I1008 16:04:36.317879 836307 Sensor.h:87] Deconstructing Sensor
I1008 16:04:36.318007 836307 Sensor.h:87] Deconstructing Sensor
I1008 16:04:36.318145 836307 Sensor.h:87] Deconstructing Sensor
I1008 16:04:36.318276 836307 Sensor.h:87] Deconstructing Sensor
I1008 16:04:36.318397 836307 Sensor.h:87] Deconstructing Sensor
I1008 16:04:36.318521 836307 Sensor.h:87] Deconstructing Sensor
I1008 16:04:36.318650 836307 Sensor.h:87] Deconstructing Sensor
I1008 16:04:36.318787 836307 Sensor.h:87] Deconstructing Sensor
I1008 16:04:36.318980 836307 Sensor.h:87] Deconstructing Sensor
I1008 16:04:36.319151 836307 Sensor.h:87] Deconstructing Sensor
I1008 16:04:36.319309 836307 Sensor.h:87] Deconstructing Sensor
I1008 16:04:36.319473 836307 Sensor.h:87] Deconstructing Sensor
I1008 16:04:36.319628 836307 Sensor.h:87] Deconstructing Sensor
I1008 16:04:36.319808 836307 Sensor.h:87] Deconstructing Sensor
I1008 16:04:36.319975 836307 Sensor.h:87] Deconstructing Sensor
I1008 16:04:36.320133 836307 Sensor.h:87] Deconstructing Sensor
I1008 16:04:36.320286 836307 Sensor.h:87] Deconstructing Sensor
I1008 16:04:36.320447 836307 Sensor.h:87] Deconstructing Sensor
I1008 16:04:36.320559 836307 Sensor.h:87] Deconstructing Sensor
I1008 16:04:36.327410 836307 Renderer.cpp:34] Deconstructing Renderer
I1008 16:04:36.327453 836307 WindowlessContext.h:17] Deconstructing WindowlessContext
I1008 16:04:36.331547 836307 MetadataMediator.cpp:56] MetadataMediator::setActiveSceneDatasetName : Old active dataset default changed to default successfully.
I1008 16:04:36.333168 836307 AttributesManagerBase.h:283] AttributesManager<T>::createFromJsonOrDefaultInternal  (Physics Manager) : Proposing JSON name : ./data/default.physics_config.json from original name : ./data/default.physics_config.json | This file  does not exist.
I1008 16:04:36.333223 836307 PhysicsAttributesManager.cpp:27] File (./data/default.physics_config.json) not found, so new default physics manager attributes created and registered.
I1008 16:04:36.333233 836307 AbstractObjectAttributesManagerBase.h:175] AbstractObjectAttributesManager<T>::createObject  (Stage) : Making attributes with handle : data/scene_datasets/mp3d/ZMojNkEp431/ZMojNkEp431.glb
I1008 16:04:36.333240 836307 ManagedContainerBase.cpp:19] ManagedContainerBase::convertFilenameToJSON : Filename : data/scene_datasets/mp3d/ZMojNkEp431/ZMojNkEp431.glb changed to proposed JSON configuration filename : data/scene_datasets/mp3d/ZMojNkEp431/ZMojNkEp431.stage_config.json
I1008 16:04:36.333261 836307 AttributesManagerBase.h:283] AttributesManager<T>::createFromJsonOrDefaultInternal  (Stage) : Proposing JSON name : data/scene_datasets/mp3d/ZMojNkEp431/ZMojNkEp431.stage_config.json from original name : data/scene_datasets/mp3d/ZMojNkEp431/ZMojNkEp431.glb | This file  does not exist.
I1008 16:04:36.333323 836307 AbstractObjectAttributesManagerBase.h:181] AbstractObjectAttributesManager<T>::createObject  (Stage) : Done making attributes with handle : data/scene_datasets/mp3d/ZMojNkEp431/ZMojNkEp431.glb
I1008 16:04:36.333325 836307 AbstractObjectAttributesManagerBase.h:188] File (data/scene_datasets/mp3d/ZMojNkEp431/ZMojNkEp431.glb) exists but is not a recognized config filename extension, so new default Stage attributes created and registered.
I1008 16:04:36.333330 836307 Simulator.cpp:156] Loading navmesh from data/scene_datasets/mp3d/ZMojNkEp431/ZMojNkEp431.navmesh
I1008 16:04:36.333525 836307 Simulator.cpp:158] Loaded.
I1008 16:04:36.333534 836307 SceneGraph.h:93] Created DrawableGroup: 
I1008 16:04:36.338096 836307 ResourceManager.cpp:234] ResourceManager::loadStage : Not loading semantic mesh
I1008 16:04:36.338117 836307 ResourceManager.cpp:262] ResourceManager::loadStage : start load render asset data/scene_datasets/mp3d/ZMojNkEp431/ZMojNkEp431.glb.
I1008 16:04:36.338119 836307 ResourceManager.cpp:569] ResourceManager::loadStageInternal : Attempting to load stage data/scene_datasets/mp3d/ZMojNkEp431/ZMojNkEp431.glb 
I1008 16:04:36.338152 836307 ResourceManager.cpp:1119] Importing Basis files as BC7 for ZMojNkEp431.glb
W1008 16:04:37.806967 836307 Simulator.cpp:248] :
---
 The active scene does not contain semantic annotations. 
---
I1008 16:04:37.853688 836307 simulator.py:213] Loaded navmesh data/scene_datasets/mp3d/ZMojNkEp431/ZMojNkEp431.navmesh
I1008 16:04:38.093612 836307 PhysicsManager.cpp:33] Deconstructing PhysicsManager
I1008 16:04:38.093657 836307 SemanticScene.h:41] Deconstructing SemanticScene
I1008 16:04:38.098613 836307 SceneManager.h:25] Deconstructing SceneManager
I1008 16:04:38.098646 836307 SceneGraph.h:26] Deconstructing SceneGraph
I1008 16:04:38.099362 836307 Sensor.h:87] Deconstructing Sensor
I1008 16:04:38.099769 836307 Sensor.h:87] Deconstructing Sensor
I1008 16:04:38.099903 836307 Sensor.h:87] Deconstructing Sensor
I1008 16:04:38.100033 836307 Sensor.h:87] Deconstructing Sensor
I1008 16:04:38.100158 836307 Sensor.h:87] Deconstructing Sensor
I1008 16:04:38.100283 836307 Sensor.h:87] Deconstructing Sensor
I1008 16:04:38.100417 836307 Sensor.h:87] Deconstructing Sensor
I1008 16:04:38.100539 836307 Sensor.h:87] Deconstructing Sensor
I1008 16:04:38.100687 836307 Sensor.h:87] Deconstructing Sensor
I1008 16:04:38.100821 836307 Sensor.h:87] Deconstructing Sensor
I1008 16:04:38.100952 836307 Sensor.h:87] Deconstructing Sensor
I1008 16:04:38.101086 836307 Sensor.h:87] Deconstructing Sensor
I1008 16:04:38.101214 836307 Sensor.h:87] Deconstructing Sensor
I1008 16:04:38.101377 836307 Sensor.h:87] Deconstructing Sensor
I1008 16:04:38.101542 836307 Sensor.h:87] Deconstructing Sensor
I1008 16:04:38.101703 836307 Sensor.h:87] Deconstructing Sensor
I1008 16:04:38.101871 836307 Sensor.h:87] Deconstructing Sensor
I1008 16:04:38.102068 836307 Sensor.h:87] Deconstructing Sensor
I1008 16:04:38.102243 836307 Sensor.h:87] Deconstructing Sensor
I1008 16:04:38.102419 836307 Sensor.h:87] Deconstructing Sensor
I1008 16:04:38.102581 836307 Sensor.h:87] Deconstructing Sensor
I1008 16:04:38.102751 836307 Sensor.h:87] Deconstructing Sensor
I1008 16:04:38.102921 836307 Sensor.h:87] Deconstructing Sensor
I1008 16:04:38.103035 836307 Sensor.h:87] Deconstructing Sensor
I1008 16:04:38.110510 836307 Renderer.cpp:34] Deconstructing Renderer
I1008 16:04:38.110551 836307 WindowlessContext.h:17] Deconstructing WindowlessContext
I1008 16:04:38.115042 836307 MetadataMediator.cpp:56] MetadataMediator::setActiveSceneDatasetName : Old active dataset default changed to default successfully.
I1008 16:04:38.117089 836307 AttributesManagerBase.h:283] AttributesManager<T>::createFromJsonOrDefaultInternal  (Physics Manager) : Proposing JSON name : ./data/default.physics_config.json from original name : ./data/default.physics_config.json | This file  does not exist.
I1008 16:04:38.117141 836307 PhysicsAttributesManager.cpp:27] File (./data/default.physics_config.json) not found, so new default physics manager attributes created and registered.
I1008 16:04:38.117149 836307 AbstractObjectAttributesManagerBase.h:175] AbstractObjectAttributesManager<T>::createObject  (Stage) : Making attributes with handle : data/scene_datasets/mp3d/qoiz87JEwZ2/qoiz87JEwZ2.glb
I1008 16:04:38.117153 836307 ManagedContainerBase.cpp:19] ManagedContainerBase::convertFilenameToJSON : Filename : data/scene_datasets/mp3d/qoiz87JEwZ2/qoiz87JEwZ2.glb changed to proposed JSON configuration filename : data/scene_datasets/mp3d/qoiz87JEwZ2/qoiz87JEwZ2.stage_config.json
I1008 16:04:38.117179 836307 AttributesManagerBase.h:283] AttributesManager<T>::createFromJsonOrDefaultInternal  (Stage) : Proposing JSON name : data/scene_datasets/mp3d/qoiz87JEwZ2/qoiz87JEwZ2.stage_config.json from original name : data/scene_datasets/mp3d/qoiz87JEwZ2/qoiz87JEwZ2.glb | This file  does not exist.
I1008 16:04:38.117244 836307 AbstractObjectAttributesManagerBase.h:181] AbstractObjectAttributesManager<T>::createObject  (Stage) : Done making attributes with handle : data/scene_datasets/mp3d/qoiz87JEwZ2/qoiz87JEwZ2.glb
I1008 16:04:38.117246 836307 AbstractObjectAttributesManagerBase.h:188] File (data/scene_datasets/mp3d/qoiz87JEwZ2/qoiz87JEwZ2.glb) exists but is not a recognized config filename extension, so new default Stage attributes created and registered.
I1008 16:04:38.117251 836307 Simulator.cpp:156] Loading navmesh from data/scene_datasets/mp3d/qoiz87JEwZ2/qoiz87JEwZ2.navmesh
I1008 16:04:38.117472 836307 Simulator.cpp:158] Loaded.
I1008 16:04:38.117482 836307 SceneGraph.h:93] Created DrawableGroup: 
I1008 16:04:38.122509 836307 ResourceManager.cpp:234] ResourceManager::loadStage : Not loading semantic mesh
I1008 16:04:38.122529 836307 ResourceManager.cpp:262] ResourceManager::loadStage : start load render asset data/scene_datasets/mp3d/qoiz87JEwZ2/qoiz87JEwZ2.glb.
I1008 16:04:38.122530 836307 ResourceManager.cpp:569] ResourceManager::loadStageInternal : Attempting to load stage data/scene_datasets/mp3d/qoiz87JEwZ2/qoiz87JEwZ2.glb 
I1008 16:04:38.122558 836307 ResourceManager.cpp:1119] Importing Basis files as BC7 for qoiz87JEwZ2.glb
W1008 16:04:39.930404 836307 Simulator.cpp:248] :
---
 The active scene does not contain semantic annotations. 
---
I1008 16:04:39.992137 836307 simulator.py:213] Loaded navmesh data/scene_datasets/mp3d/qoiz87JEwZ2/qoiz87JEwZ2.navmesh
I1008 16:04:40.287288 836307 PhysicsManager.cpp:33] Deconstructing PhysicsManager
I1008 16:04:40.287322 836307 SemanticScene.h:41] Deconstructing SemanticScene
I1008 16:04:40.293404 836307 SceneManager.h:25] Deconstructing SceneManager
I1008 16:04:40.293435 836307 SceneGraph.h:26] Deconstructing SceneGraph
I1008 16:04:40.293897 836307 Sensor.h:87] Deconstructing Sensor
I1008 16:04:40.295004 836307 Sensor.h:87] Deconstructing Sensor
I1008 16:04:40.295158 836307 Sensor.h:87] Deconstructing Sensor
I1008 16:04:40.295296 836307 Sensor.h:87] Deconstructing Sensor
I1008 16:04:40.295432 836307 Sensor.h:87] Deconstructing Sensor
I1008 16:04:40.295565 836307 Sensor.h:87] Deconstructing Sensor
I1008 16:04:40.295710 836307 Sensor.h:87] Deconstructing Sensor
I1008 16:04:40.295835 836307 Sensor.h:87] Deconstructing Sensor
I1008 16:04:40.295967 836307 Sensor.h:87] Deconstructing Sensor
I1008 16:04:40.296092 836307 Sensor.h:87] Deconstructing Sensor
I1008 16:04:40.296216 836307 Sensor.h:87] Deconstructing Sensor
I1008 16:04:40.296344 836307 Sensor.h:87] Deconstructing Sensor
I1008 16:04:40.296468 836307 Sensor.h:87] Deconstructing Sensor
I1008 16:04:40.296625 836307 Sensor.h:87] Deconstructing Sensor
I1008 16:04:40.296793 836307 Sensor.h:87] Deconstructing Sensor
I1008 16:04:40.296950 836307 Sensor.h:87] Deconstructing Sensor
I1008 16:04:40.297109 836307 Sensor.h:87] Deconstructing Sensor
I1008 16:04:40.297263 836307 Sensor.h:87] Deconstructing Sensor
I1008 16:04:40.297417 836307 Sensor.h:87] Deconstructing Sensor
I1008 16:04:40.297575 836307 Sensor.h:87] Deconstructing Sensor
I1008 16:04:40.297788 836307 Sensor.h:87] Deconstructing Sensor
I1008 16:04:40.297941 836307 Sensor.h:87] Deconstructing Sensor
I1008 16:04:40.298102 836307 Sensor.h:87] Deconstructing Sensor
I1008 16:04:40.298237 836307 Sensor.h:87] Deconstructing Sensor
I1008 16:04:40.305613 836307 Renderer.cpp:34] Deconstructing Renderer
I1008 16:04:40.305675 836307 WindowlessContext.h:17] Deconstructing WindowlessContext
I1008 16:04:40.310770 836307 MetadataMediator.cpp:56] MetadataMediator::setActiveSceneDatasetName : Old active dataset default changed to default successfully.
I1008 16:04:40.312443 836307 AttributesManagerBase.h:283] AttributesManager<T>::createFromJsonOrDefaultInternal  (Physics Manager) : Proposing JSON name : ./data/default.physics_config.json from original name : ./data/default.physics_config.json | This file  does not exist.
I1008 16:04:40.312505 836307 PhysicsAttributesManager.cpp:27] File (./data/default.physics_config.json) not found, so new default physics manager attributes created and registered.
I1008 16:04:40.312512 836307 AbstractObjectAttributesManagerBase.h:175] AbstractObjectAttributesManager<T>::createObject  (Stage) : Making attributes with handle : data/scene_datasets/mp3d/2n8kARJN3HM/2n8kARJN3HM.glb
I1008 16:04:40.312516 836307 ManagedContainerBase.cpp:19] ManagedContainerBase::convertFilenameToJSON : Filename : data/scene_datasets/mp3d/2n8kARJN3HM/2n8kARJN3HM.glb changed to proposed JSON configuration filename : data/scene_datasets/mp3d/2n8kARJN3HM/2n8kARJN3HM.stage_config.json
I1008 16:04:40.312537 836307 AttributesManagerBase.h:283] AttributesManager<T>::createFromJsonOrDefaultInternal  (Stage) : Proposing JSON name : data/scene_datasets/mp3d/2n8kARJN3HM/2n8kARJN3HM.stage_config.json from original name : data/scene_datasets/mp3d/2n8kARJN3HM/2n8kARJN3HM.glb | This file  does not exist.
I1008 16:04:40.312616 836307 AbstractObjectAttributesManagerBase.h:181] AbstractObjectAttributesManager<T>::createObject  (Stage) : Done making attributes with handle : data/scene_datasets/mp3d/2n8kARJN3HM/2n8kARJN3HM.glb
I1008 16:04:40.312619 836307 AbstractObjectAttributesManagerBase.h:188] File (data/scene_datasets/mp3d/2n8kARJN3HM/2n8kARJN3HM.glb) exists but is not a recognized config filename extension, so new default Stage attributes created and registered.
I1008 16:04:40.312623 836307 Simulator.cpp:156] Loading navmesh from data/scene_datasets/mp3d/2n8kARJN3HM/2n8kARJN3HM.navmesh
I1008 16:04:40.312978 836307 Simulator.cpp:158] Loaded.
I1008 16:04:40.312994 836307 SceneGraph.h:93] Created DrawableGroup: 
I1008 16:04:40.318156 836307 ResourceManager.cpp:234] ResourceManager::loadStage : Not loading semantic mesh
I1008 16:04:40.318178 836307 ResourceManager.cpp:262] ResourceManager::loadStage : start load render asset data/scene_datasets/mp3d/2n8kARJN3HM/2n8kARJN3HM.glb.
I1008 16:04:40.318181 836307 ResourceManager.cpp:569] ResourceManager::loadStageInternal : Attempting to load stage data/scene_datasets/mp3d/2n8kARJN3HM/2n8kARJN3HM.glb 
I1008 16:04:40.318209 836307 ResourceManager.cpp:1119] Importing Basis files as BC7 for 2n8kARJN3HM.glb
W1008 16:04:43.447525 836307 Simulator.cpp:248] :
---
 The active scene does not contain semantic annotations. 
---
I1008 16:04:43.519463 836307 simulator.py:213] Loaded navmesh data/scene_datasets/mp3d/2n8kARJN3HM/2n8kARJN3HM.navmesh
I1008 16:04:44.213083 836307 PhysicsManager.cpp:33] Deconstructing PhysicsManager
I1008 16:04:44.213122 836307 SemanticScene.h:41] Deconstructing SemanticScene
I1008 16:04:44.218015 836307 SceneManager.h:25] Deconstructing SceneManager
I1008 16:04:44.218036 836307 SceneGraph.h:26] Deconstructing SceneGraph
I1008 16:04:44.218529 836307 Sensor.h:87] Deconstructing Sensor
I1008 16:04:44.218964 836307 Sensor.h:87] Deconstructing Sensor
I1008 16:04:44.219085 836307 Sensor.h:87] Deconstructing Sensor
I1008 16:04:44.219209 836307 Sensor.h:87] Deconstructing Sensor
I1008 16:04:44.219331 836307 Sensor.h:87] Deconstructing Sensor
I1008 16:04:44.219444 836307 Sensor.h:87] Deconstructing Sensor
I1008 16:04:44.219568 836307 Sensor.h:87] Deconstructing Sensor
I1008 16:04:44.219691 836307 Sensor.h:87] Deconstructing Sensor
I1008 16:04:44.219815 836307 Sensor.h:87] Deconstructing Sensor
I1008 16:04:44.219928 836307 Sensor.h:87] Deconstructing Sensor
I1008 16:04:44.220043 836307 Sensor.h:87] Deconstructing Sensor
I1008 16:04:44.220212 836307 Sensor.h:87] Deconstructing Sensor
I1008 16:04:44.220328 836307 Sensor.h:87] Deconstructing Sensor
I1008 16:04:44.220455 836307 Sensor.h:87] Deconstructing Sensor
I1008 16:04:44.220588 836307 Sensor.h:87] Deconstructing Sensor
I1008 16:04:44.220726 836307 Sensor.h:87] Deconstructing Sensor
I1008 16:04:44.220854 836307 Sensor.h:87] Deconstructing Sensor
I1008 16:04:44.220983 836307 Sensor.h:87] Deconstructing Sensor
I1008 16:04:44.221112 836307 Sensor.h:87] Deconstructing Sensor
I1008 16:04:44.221235 836307 Sensor.h:87] Deconstructing Sensor
I1008 16:04:44.221362 836307 Sensor.h:87] Deconstructing Sensor
I1008 16:04:44.221485 836307 Sensor.h:87] Deconstructing Sensor
I1008 16:04:44.221618 836307 Sensor.h:87] Deconstructing Sensor
I1008 16:04:44.221704 836307 Sensor.h:87] Deconstructing Sensor
I1008 16:04:44.232138 836307 Renderer.cpp:34] Deconstructing Renderer
I1008 16:04:44.232172 836307 WindowlessContext.h:17] Deconstructing WindowlessContext
I1008 16:04:44.238196 836307 MetadataMediator.cpp:56] MetadataMediator::setActiveSceneDatasetName : Old active dataset default changed to default successfully.
I1008 16:04:44.240106 836307 AttributesManagerBase.h:283] AttributesManager<T>::createFromJsonOrDefaultInternal  (Physics Manager) : Proposing JSON name : ./data/default.physics_config.json from original name : ./data/default.physics_config.json | This file  does not exist.
I1008 16:04:44.240166 836307 PhysicsAttributesManager.cpp:27] File (./data/default.physics_config.json) not found, so new default physics manager attributes created and registered.
I1008 16:04:44.240172 836307 AbstractObjectAttributesManagerBase.h:175] AbstractObjectAttributesManager<T>::createObject  (Stage) : Making attributes with handle : data/scene_datasets/mp3d/PX4nDJXEHrG/PX4nDJXEHrG.glb
I1008 16:04:44.240176 836307 ManagedContainerBase.cpp:19] ManagedContainerBase::convertFilenameToJSON : Filename : data/scene_datasets/mp3d/PX4nDJXEHrG/PX4nDJXEHrG.glb changed to proposed JSON configuration filename : data/scene_datasets/mp3d/PX4nDJXEHrG/PX4nDJXEHrG.stage_config.json
I1008 16:04:44.240195 836307 AttributesManagerBase.h:283] AttributesManager<T>::createFromJsonOrDefaultInternal  (Stage) : Proposing JSON name : data/scene_datasets/mp3d/PX4nDJXEHrG/PX4nDJXEHrG.stage_config.json from original name : data/scene_datasets/mp3d/PX4nDJXEHrG/PX4nDJXEHrG.glb | This file  does not exist.
I1008 16:04:44.240252 836307 AbstractObjectAttributesManagerBase.h:181] AbstractObjectAttributesManager<T>::createObject  (Stage) : Done making attributes with handle : data/scene_datasets/mp3d/PX4nDJXEHrG/PX4nDJXEHrG.glb
I1008 16:04:44.240252 836307 AbstractObjectAttributesManagerBase.h:188] File (data/scene_datasets/mp3d/PX4nDJXEHrG/PX4nDJXEHrG.glb) exists but is not a recognized config filename extension, so new default Stage attributes created and registered.
I1008 16:04:44.240257 836307 Simulator.cpp:156] Loading navmesh from data/scene_datasets/mp3d/PX4nDJXEHrG/PX4nDJXEHrG.navmesh
I1008 16:04:44.240698 836307 Simulator.cpp:158] Loaded.
I1008 16:04:44.240710 836307 SceneGraph.h:93] Created DrawableGroup: 
I1008 16:04:44.244875 836307 ResourceManager.cpp:234] ResourceManager::loadStage : Not loading semantic mesh
I1008 16:04:44.244889 836307 ResourceManager.cpp:262] ResourceManager::loadStage : start load render asset data/scene_datasets/mp3d/PX4nDJXEHrG/PX4nDJXEHrG.glb.
I1008 16:04:44.244889 836307 ResourceManager.cpp:569] ResourceManager::loadStageInternal : Attempting to load stage data/scene_datasets/mp3d/PX4nDJXEHrG/PX4nDJXEHrG.glb 
I1008 16:04:44.244920 836307 ResourceManager.cpp:1119] Importing Basis files as BC7 for PX4nDJXEHrG.glb
W1008 16:04:46.984627 836307 Simulator.cpp:248] :
---
 The active scene does not contain semantic annotations. 
---
I1008 16:04:47.084602 836307 simulator.py:213] Loaded navmesh data/scene_datasets/mp3d/PX4nDJXEHrG/PX4nDJXEHrG.navmesh
I1008 16:04:48.297866 836307 PhysicsManager.cpp:33] Deconstructing PhysicsManager
I1008 16:04:48.297891 836307 SemanticScene.h:41] Deconstructing SemanticScene
I1008 16:04:48.303628 836307 SceneManager.h:25] Deconstructing SceneManager
I1008 16:04:48.303653 836307 SceneGraph.h:26] Deconstructing SceneGraph
I1008 16:04:48.304219 836307 Sensor.h:87] Deconstructing Sensor
I1008 16:04:48.304899 836307 Sensor.h:87] Deconstructing Sensor
I1008 16:04:48.305025 836307 Sensor.h:87] Deconstructing Sensor
I1008 16:04:48.305166 836307 Sensor.h:87] Deconstructing Sensor
I1008 16:04:48.305284 836307 Sensor.h:87] Deconstructing Sensor
I1008 16:04:48.305400 836307 Sensor.h:87] Deconstructing Sensor
I1008 16:04:48.305524 836307 Sensor.h:87] Deconstructing Sensor
I1008 16:04:48.305635 836307 Sensor.h:87] Deconstructing Sensor
I1008 16:04:48.305760 836307 Sensor.h:87] Deconstructing Sensor
I1008 16:04:48.305871 836307 Sensor.h:87] Deconstructing Sensor
I1008 16:04:48.305984 836307 Sensor.h:87] Deconstructing Sensor
I1008 16:04:48.306099 836307 Sensor.h:87] Deconstructing Sensor
I1008 16:04:48.306208 836307 Sensor.h:87] Deconstructing Sensor
I1008 16:04:48.306356 836307 Sensor.h:87] Deconstructing Sensor
I1008 16:04:48.306517 836307 Sensor.h:87] Deconstructing Sensor
I1008 16:04:48.306661 836307 Sensor.h:87] Deconstructing Sensor
I1008 16:04:48.306818 836307 Sensor.h:87] Deconstructing Sensor
I1008 16:04:48.306962 836307 Sensor.h:87] Deconstructing Sensor
I1008 16:04:48.307111 836307 Sensor.h:87] Deconstructing Sensor
I1008 16:04:48.307276 836307 Sensor.h:87] Deconstructing Sensor
I1008 16:04:48.307415 836307 Sensor.h:87] Deconstructing Sensor
I1008 16:04:48.307550 836307 Sensor.h:87] Deconstructing Sensor
I1008 16:04:48.307704 836307 Sensor.h:87] Deconstructing Sensor
I1008 16:04:48.307906 836307 Sensor.h:87] Deconstructing Sensor
I1008 16:04:48.318034 836307 Renderer.cpp:34] Deconstructing Renderer
I1008 16:04:48.318068 836307 WindowlessContext.h:17] Deconstructing WindowlessContext
I1008 16:04:48.324438 836307 MetadataMediator.cpp:56] MetadataMediator::setActiveSceneDatasetName : Old active dataset default changed to default successfully.
I1008 16:04:48.325908 836307 AttributesManagerBase.h:283] AttributesManager<T>::createFromJsonOrDefaultInternal  (Physics Manager) : Proposing JSON name : ./data/default.physics_config.json from original name : ./data/default.physics_config.json | This file  does not exist.
I1008 16:04:48.325947 836307 PhysicsAttributesManager.cpp:27] File (./data/default.physics_config.json) not found, so new default physics manager attributes created and registered.
I1008 16:04:48.325953 836307 AbstractObjectAttributesManagerBase.h:175] AbstractObjectAttributesManager<T>::createObject  (Stage) : Making attributes with handle : data/scene_datasets/mp3d/qoiz87JEwZ2/qoiz87JEwZ2.glb
I1008 16:04:48.325958 836307 ManagedContainerBase.cpp:19] ManagedContainerBase::convertFilenameToJSON : Filename : data/scene_datasets/mp3d/qoiz87JEwZ2/qoiz87JEwZ2.glb changed to proposed JSON configuration filename : data/scene_datasets/mp3d/qoiz87JEwZ2/qoiz87JEwZ2.stage_config.json
I1008 16:04:48.325976 836307 AttributesManagerBase.h:283] AttributesManager<T>::createFromJsonOrDefaultInternal  (Stage) : Proposing JSON name : data/scene_datasets/mp3d/qoiz87JEwZ2/qoiz87JEwZ2.stage_config.json from original name : data/scene_datasets/mp3d/qoiz87JEwZ2/qoiz87JEwZ2.glb | This file  does not exist.
I1008 16:04:48.326028 836307 AbstractObjectAttributesManagerBase.h:181] AbstractObjectAttributesManager<T>::createObject  (Stage) : Done making attributes with handle : data/scene_datasets/mp3d/qoiz87JEwZ2/qoiz87JEwZ2.glb
I1008 16:04:48.326030 836307 AbstractObjectAttributesManagerBase.h:188] File (data/scene_datasets/mp3d/qoiz87JEwZ2/qoiz87JEwZ2.glb) exists but is not a recognized config filename extension, so new default Stage attributes created and registered.
I1008 16:04:48.326033 836307 Simulator.cpp:156] Loading navmesh from data/scene_datasets/mp3d/qoiz87JEwZ2/qoiz87JEwZ2.navmesh
I1008 16:04:48.326206 836307 Simulator.cpp:158] Loaded.
I1008 16:04:48.326215 836307 SceneGraph.h:93] Created DrawableGroup: 
I1008 16:04:48.330256 836307 ResourceManager.cpp:234] ResourceManager::loadStage : Not loading semantic mesh
I1008 16:04:48.330276 836307 ResourceManager.cpp:262] ResourceManager::loadStage : start load render asset data/scene_datasets/mp3d/qoiz87JEwZ2/qoiz87JEwZ2.glb.
I1008 16:04:48.330276 836307 ResourceManager.cpp:569] ResourceManager::loadStageInternal : Attempting to load stage data/scene_datasets/mp3d/qoiz87JEwZ2/qoiz87JEwZ2.glb 
I1008 16:04:48.330313 836307 ResourceManager.cpp:1119] Importing Basis files as BC7 for qoiz87JEwZ2.glb
W1008 16:04:50.137619 836307 Simulator.cpp:248] :
---
 The active scene does not contain semantic annotations. 
---
I1008 16:04:50.198049 836307 simulator.py:213] Loaded navmesh data/scene_datasets/mp3d/qoiz87JEwZ2/qoiz87JEwZ2.navmesh
I1008 16:04:51.942499 836307 PhysicsManager.cpp:33] Deconstructing PhysicsManager
I1008 16:04:51.942538 836307 SemanticScene.h:41] Deconstructing SemanticScene
I1008 16:04:51.949427 836307 SceneManager.h:25] Deconstructing SceneManager
I1008 16:04:51.949461 836307 SceneGraph.h:26] Deconstructing SceneGraph
I1008 16:04:51.949976 836307 Sensor.h:87] Deconstructing Sensor
I1008 16:04:51.950956 836307 Sensor.h:87] Deconstructing Sensor
I1008 16:04:51.951084 836307 Sensor.h:87] Deconstructing Sensor
I1008 16:04:51.951277 836307 Sensor.h:87] Deconstructing Sensor
I1008 16:04:51.951385 836307 Sensor.h:87] Deconstructing Sensor
I1008 16:04:51.951494 836307 Sensor.h:87] Deconstructing Sensor
I1008 16:04:51.951625 836307 Sensor.h:87] Deconstructing Sensor
I1008 16:04:51.951733 836307 Sensor.h:87] Deconstructing Sensor
I1008 16:04:51.951853 836307 Sensor.h:87] Deconstructing Sensor
I1008 16:04:51.951954 836307 Sensor.h:87] Deconstructing Sensor
I1008 16:04:51.952062 836307 Sensor.h:87] Deconstructing Sensor
I1008 16:04:51.952175 836307 Sensor.h:87] Deconstructing Sensor
I1008 16:04:51.952282 836307 Sensor.h:87] Deconstructing Sensor
I1008 16:04:51.952430 836307 Sensor.h:87] Deconstructing Sensor
I1008 16:04:51.952575 836307 Sensor.h:87] Deconstructing Sensor
I1008 16:04:51.952710 836307 Sensor.h:87] Deconstructing Sensor
I1008 16:04:51.952857 836307 Sensor.h:87] Deconstructing Sensor
I1008 16:04:51.952991 836307 Sensor.h:87] Deconstructing Sensor
I1008 16:04:51.953127 836307 Sensor.h:87] Deconstructing Sensor
I1008 16:04:51.953263 836307 Sensor.h:87] Deconstructing Sensor
I1008 16:04:51.953400 836307 Sensor.h:87] Deconstructing Sensor
I1008 16:04:51.953543 836307 Sensor.h:87] Deconstructing Sensor
I1008 16:04:51.953727 836307 Sensor.h:87] Deconstructing Sensor
I1008 16:04:51.953936 836307 Sensor.h:87] Deconstructing Sensor
I1008 16:04:51.960274 836307 Renderer.cpp:34] Deconstructing Renderer
I1008 16:04:51.960309 836307 WindowlessContext.h:17] Deconstructing WindowlessContext
I1008 16:04:51.964010 836307 MetadataMediator.cpp:56] MetadataMediator::setActiveSceneDatasetName : Old active dataset default changed to default successfully.
I1008 16:04:51.965088 836307 AttributesManagerBase.h:283] AttributesManager<T>::createFromJsonOrDefaultInternal  (Physics Manager) : Proposing JSON name : ./data/default.physics_config.json from original name : ./data/default.physics_config.json | This file  does not exist.
I1008 16:04:51.965121 836307 PhysicsAttributesManager.cpp:27] File (./data/default.physics_config.json) not found, so new default physics manager attributes created and registered.
I1008 16:04:51.965126 836307 AbstractObjectAttributesManagerBase.h:175] AbstractObjectAttributesManager<T>::createObject  (Stage) : Making attributes with handle : data/scene_datasets/mp3d/pRbA3pwrgk9/pRbA3pwrgk9.glb
I1008 16:04:51.965129 836307 ManagedContainerBase.cpp:19] ManagedContainerBase::convertFilenameToJSON : Filename : data/scene_datasets/mp3d/pRbA3pwrgk9/pRbA3pwrgk9.glb changed to proposed JSON configuration filename : data/scene_datasets/mp3d/pRbA3pwrgk9/pRbA3pwrgk9.stage_config.json
I1008 16:04:51.965147 836307 AttributesManagerBase.h:283] AttributesManager<T>::createFromJsonOrDefaultInternal  (Stage) : Proposing JSON name : data/scene_datasets/mp3d/pRbA3pwrgk9/pRbA3pwrgk9.stage_config.json from original name : data/scene_datasets/mp3d/pRbA3pwrgk9/pRbA3pwrgk9.glb | This file  does not exist.
I1008 16:04:51.965193 836307 AbstractObjectAttributesManagerBase.h:181] AbstractObjectAttributesManager<T>::createObject  (Stage) : Done making attributes with handle : data/scene_datasets/mp3d/pRbA3pwrgk9/pRbA3pwrgk9.glb
I1008 16:04:51.965194 836307 AbstractObjectAttributesManagerBase.h:188] File (data/scene_datasets/mp3d/pRbA3pwrgk9/pRbA3pwrgk9.glb) exists but is not a recognized config filename extension, so new default Stage attributes created and registered.
I1008 16:04:51.965197 836307 Simulator.cpp:156] Loading navmesh from data/scene_datasets/mp3d/pRbA3pwrgk9/pRbA3pwrgk9.navmesh
I1008 16:04:51.965337 836307 Simulator.cpp:158] Loaded.
I1008 16:04:51.965342 836307 SceneGraph.h:93] Created DrawableGroup: 
I1008 16:04:51.969332 836307 ResourceManager.cpp:234] ResourceManager::loadStage : Not loading semantic mesh
I1008 16:04:51.969344 836307 ResourceManager.cpp:262] ResourceManager::loadStage : start load render asset data/scene_datasets/mp3d/pRbA3pwrgk9/pRbA3pwrgk9.glb.
I1008 16:04:51.969345 836307 ResourceManager.cpp:569] ResourceManager::loadStageInternal : Attempting to load stage data/scene_datasets/mp3d/pRbA3pwrgk9/pRbA3pwrgk9.glb 
I1008 16:04:51.969369 836307 ResourceManager.cpp:1119] Importing Basis files as BC7 for pRbA3pwrgk9.glb
W1008 16:04:53.206315 836307 Simulator.cpp:248] :
---
 The active scene does not contain semantic annotations. 
---
I1008 16:04:53.263822 836307 simulator.py:213] Loaded navmesh data/scene_datasets/mp3d/pRbA3pwrgk9/pRbA3pwrgk9.navmesh
I1008 16:04:53.800499 836307 PhysicsManager.cpp:33] Deconstructing PhysicsManager
I1008 16:04:53.800536 836307 SemanticScene.h:41] Deconstructing SemanticScene
I1008 16:04:53.808017 836307 SceneManager.h:25] Deconstructing SceneManager
I1008 16:04:53.808058 836307 SceneGraph.h:26] Deconstructing SceneGraph
I1008 16:04:53.809269 836307 Sensor.h:87] Deconstructing Sensor
I1008 16:04:53.809731 836307 Sensor.h:87] Deconstructing Sensor
I1008 16:04:53.809895 836307 Sensor.h:87] Deconstructing Sensor
I1008 16:04:53.810065 836307 Sensor.h:87] Deconstructing Sensor
I1008 16:04:53.810206 836307 Sensor.h:87] Deconstructing Sensor
I1008 16:04:53.810344 836307 Sensor.h:87] Deconstructing Sensor
I1008 16:04:53.810484 836307 Sensor.h:87] Deconstructing Sensor
I1008 16:04:53.810613 836307 Sensor.h:87] Deconstructing Sensor
I1008 16:04:53.810762 836307 Sensor.h:87] Deconstructing Sensor
I1008 16:04:53.810899 836307 Sensor.h:87] Deconstructing Sensor
I1008 16:04:53.811024 836307 Sensor.h:87] Deconstructing Sensor
I1008 16:04:53.811159 836307 Sensor.h:87] Deconstructing Sensor
I1008 16:04:53.811285 836307 Sensor.h:87] Deconstructing Sensor
I1008 16:04:53.811483 836307 Sensor.h:87] Deconstructing Sensor
I1008 16:04:53.811655 836307 Sensor.h:87] Deconstructing Sensor
I1008 16:04:53.811823 836307 Sensor.h:87] Deconstructing Sensor
I1008 16:04:53.811993 836307 Sensor.h:87] Deconstructing Sensor
I1008 16:04:53.812153 836307 Sensor.h:87] Deconstructing Sensor
I1008 16:04:53.812326 836307 Sensor.h:87] Deconstructing Sensor
I1008 16:04:53.812489 836307 Sensor.h:87] Deconstructing Sensor
I1008 16:04:53.812654 836307 Sensor.h:87] Deconstructing Sensor
I1008 16:04:53.812824 836307 Sensor.h:87] Deconstructing Sensor
I1008 16:04:53.812988 836307 Sensor.h:87] Deconstructing Sensor
I1008 16:04:53.813105 836307 Sensor.h:87] Deconstructing Sensor
I1008 16:04:53.820600 836307 Renderer.cpp:34] Deconstructing Renderer
I1008 16:04:53.820644 836307 WindowlessContext.h:17] Deconstructing WindowlessContext
I1008 16:04:53.824922 836307 MetadataMediator.cpp:56] MetadataMediator::setActiveSceneDatasetName : Old active dataset default changed to default successfully.
I1008 16:04:53.826421 836307 AttributesManagerBase.h:283] AttributesManager<T>::createFromJsonOrDefaultInternal  (Physics Manager) : Proposing JSON name : ./data/default.physics_config.json from original name : ./data/default.physics_config.json | This file  does not exist.
I1008 16:04:53.826468 836307 PhysicsAttributesManager.cpp:27] File (./data/default.physics_config.json) not found, so new default physics manager attributes created and registered.
I1008 16:04:53.826475 836307 AbstractObjectAttributesManagerBase.h:175] AbstractObjectAttributesManager<T>::createObject  (Stage) : Making attributes with handle : data/scene_datasets/mp3d/qoiz87JEwZ2/qoiz87JEwZ2.glb
I1008 16:04:53.826479 836307 ManagedContainerBase.cpp:19] ManagedContainerBase::convertFilenameToJSON : Filename : data/scene_datasets/mp3d/qoiz87JEwZ2/qoiz87JEwZ2.glb changed to proposed JSON configuration filename : data/scene_datasets/mp3d/qoiz87JEwZ2/qoiz87JEwZ2.stage_config.json
I1008 16:04:53.826498 836307 AttributesManagerBase.h:283] AttributesManager<T>::createFromJsonOrDefaultInternal  (Stage) : Proposing JSON name : data/scene_datasets/mp3d/qoiz87JEwZ2/qoiz87JEwZ2.stage_config.json from original name : data/scene_datasets/mp3d/qoiz87JEwZ2/qoiz87JEwZ2.glb | This file  does not exist.
I1008 16:04:53.826555 836307 AbstractObjectAttributesManagerBase.h:181] AbstractObjectAttributesManager<T>::createObject  (Stage) : Done making attributes with handle : data/scene_datasets/mp3d/qoiz87JEwZ2/qoiz87JEwZ2.glb
I1008 16:04:53.826556 836307 AbstractObjectAttributesManagerBase.h:188] File (data/scene_datasets/mp3d/qoiz87JEwZ2/qoiz87JEwZ2.glb) exists but is not a recognized config filename extension, so new default Stage attributes created and registered.
I1008 16:04:53.826574 836307 Simulator.cpp:156] Loading navmesh from data/scene_datasets/mp3d/qoiz87JEwZ2/qoiz87JEwZ2.navmesh
I1008 16:04:53.826787 836307 Simulator.cpp:158] Loaded.
I1008 16:04:53.826800 836307 SceneGraph.h:93] Created DrawableGroup: 
I1008 16:04:53.831502 836307 ResourceManager.cpp:234] ResourceManager::loadStage : Not loading semantic mesh
I1008 16:04:53.831524 836307 ResourceManager.cpp:262] ResourceManager::loadStage : start load render asset data/scene_datasets/mp3d/qoiz87JEwZ2/qoiz87JEwZ2.glb.
I1008 16:04:53.831525 836307 ResourceManager.cpp:569] ResourceManager::loadStageInternal : Attempting to load stage data/scene_datasets/mp3d/qoiz87JEwZ2/qoiz87JEwZ2.glb 
I1008 16:04:53.831554 836307 ResourceManager.cpp:1119] Importing Basis files as BC7 for qoiz87JEwZ2.glb
W1008 16:04:55.839984 836307 Simulator.cpp:248] :
---
 The active scene does not contain semantic annotations. 
---
I1008 16:04:55.899529 836307 simulator.py:213] Loaded navmesh data/scene_datasets/mp3d/qoiz87JEwZ2/qoiz87JEwZ2.navmesh
I1008 16:04:56.561733 836307 PhysicsManager.cpp:33] Deconstructing PhysicsManager
I1008 16:04:56.561764 836307 SemanticScene.h:41] Deconstructing SemanticScene
I1008 16:04:56.565280 836307 SceneManager.h:25] Deconstructing SceneManager
I1008 16:04:56.565292 836307 SceneGraph.h:26] Deconstructing SceneGraph
I1008 16:04:56.565691 836307 Sensor.h:87] Deconstructing Sensor
I1008 16:04:56.566243 836307 Sensor.h:87] Deconstructing Sensor
I1008 16:04:56.566360 836307 Sensor.h:87] Deconstructing Sensor
I1008 16:04:56.566478 836307 Sensor.h:87] Deconstructing Sensor
I1008 16:04:56.566596 836307 Sensor.h:87] Deconstructing Sensor
I1008 16:04:56.566713 836307 Sensor.h:87] Deconstructing Sensor
I1008 16:04:56.566836 836307 Sensor.h:87] Deconstructing Sensor
I1008 16:04:56.566946 836307 Sensor.h:87] Deconstructing Sensor
I1008 16:04:56.567062 836307 Sensor.h:87] Deconstructing Sensor
I1008 16:04:56.567168 836307 Sensor.h:87] Deconstructing Sensor
I1008 16:04:56.567272 836307 Sensor.h:87] Deconstructing Sensor
I1008 16:04:56.567374 836307 Sensor.h:87] Deconstructing Sensor
I1008 16:04:56.567480 836307 Sensor.h:87] Deconstructing Sensor
I1008 16:04:56.567615 836307 Sensor.h:87] Deconstructing Sensor
I1008 16:04:56.567757 836307 Sensor.h:87] Deconstructing Sensor
I1008 16:04:56.567888 836307 Sensor.h:87] Deconstructing Sensor
I1008 16:04:56.568022 836307 Sensor.h:87] Deconstructing Sensor
I1008 16:04:56.568149 836307 Sensor.h:87] Deconstructing Sensor
I1008 16:04:56.568276 836307 Sensor.h:87] Deconstructing Sensor
I1008 16:04:56.568408 836307 Sensor.h:87] Deconstructing Sensor
I1008 16:04:56.568531 836307 Sensor.h:87] Deconstructing Sensor
I1008 16:04:56.568657 836307 Sensor.h:87] Deconstructing Sensor
I1008 16:04:56.568792 836307 Sensor.h:87] Deconstructing Sensor
I1008 16:04:56.568898 836307 Sensor.h:87] Deconstructing Sensor
I1008 16:04:56.575523 836307 Renderer.cpp:34] Deconstructing Renderer
I1008 16:04:56.575557 836307 WindowlessContext.h:17] Deconstructing WindowlessContext
I1008 16:04:56.581660 836307 MetadataMediator.cpp:56] MetadataMediator::setActiveSceneDatasetName : Old active dataset default changed to default successfully.
I1008 16:04:56.583053 836307 AttributesManagerBase.h:283] AttributesManager<T>::createFromJsonOrDefaultInternal  (Physics Manager) : Proposing JSON name : ./data/default.physics_config.json from original name : ./data/default.physics_config.json | This file  does not exist.
I1008 16:04:56.583086 836307 PhysicsAttributesManager.cpp:27] File (./data/default.physics_config.json) not found, so new default physics manager attributes created and registered.
I1008 16:04:56.583091 836307 AbstractObjectAttributesManagerBase.h:175] AbstractObjectAttributesManager<T>::createObject  (Stage) : Making attributes with handle : data/scene_datasets/mp3d/ur6pFq6Qu1A/ur6pFq6Qu1A.glb
I1008 16:04:56.583093 836307 ManagedContainerBase.cpp:19] ManagedContainerBase::convertFilenameToJSON : Filename : data/scene_datasets/mp3d/ur6pFq6Qu1A/ur6pFq6Qu1A.glb changed to proposed JSON configuration filename : data/scene_datasets/mp3d/ur6pFq6Qu1A/ur6pFq6Qu1A.stage_config.json
I1008 16:04:56.583122 836307 AttributesManagerBase.h:283] AttributesManager<T>::createFromJsonOrDefaultInternal  (Stage) : Proposing JSON name : data/scene_datasets/mp3d/ur6pFq6Qu1A/ur6pFq6Qu1A.stage_config.json from original name : data/scene_datasets/mp3d/ur6pFq6Qu1A/ur6pFq6Qu1A.glb | This file  does not exist.
I1008 16:04:56.583173 836307 AbstractObjectAttributesManagerBase.h:181] AbstractObjectAttributesManager<T>::createObject  (Stage) : Done making attributes with handle : data/scene_datasets/mp3d/ur6pFq6Qu1A/ur6pFq6Qu1A.glb
I1008 16:04:56.583173 836307 AbstractObjectAttributesManagerBase.h:188] File (data/scene_datasets/mp3d/ur6pFq6Qu1A/ur6pFq6Qu1A.glb) exists but is not a recognized config filename extension, so new default Stage attributes created and registered.
I1008 16:04:56.583177 836307 Simulator.cpp:156] Loading navmesh from data/scene_datasets/mp3d/ur6pFq6Qu1A/ur6pFq6Qu1A.navmesh
I1008 16:04:56.583438 836307 Simulator.cpp:158] Loaded.
I1008 16:04:56.583446 836307 SceneGraph.h:93] Created DrawableGroup: 
I1008 16:04:56.587324 836307 ResourceManager.cpp:234] ResourceManager::loadStage : Not loading semantic mesh
I1008 16:04:56.587334 836307 ResourceManager.cpp:262] ResourceManager::loadStage : start load render asset data/scene_datasets/mp3d/ur6pFq6Qu1A/ur6pFq6Qu1A.glb.
I1008 16:04:56.587335 836307 ResourceManager.cpp:569] ResourceManager::loadStageInternal : Attempting to load stage data/scene_datasets/mp3d/ur6pFq6Qu1A/ur6pFq6Qu1A.glb 
I1008 16:04:56.587360 836307 ResourceManager.cpp:1119] Importing Basis files as BC7 for ur6pFq6Qu1A.glb
W1008 16:04:58.904915 836307 Simulator.cpp:248] :
---
 The active scene does not contain semantic annotations. 
---
I1008 16:04:58.966031 836307 simulator.py:213] Loaded navmesh data/scene_datasets/mp3d/ur6pFq6Qu1A/ur6pFq6Qu1A.navmesh
I1008 16:04:59.320904 836307 PhysicsManager.cpp:33] Deconstructing PhysicsManager
I1008 16:04:59.320935 836307 SemanticScene.h:41] Deconstructing SemanticScene
I1008 16:04:59.324496 836307 SceneManager.h:25] Deconstructing SceneManager
I1008 16:04:59.324512 836307 SceneGraph.h:26] Deconstructing SceneGraph
I1008 16:04:59.324992 836307 Sensor.h:87] Deconstructing Sensor
I1008 16:04:59.325567 836307 Sensor.h:87] Deconstructing Sensor
I1008 16:04:59.325693 836307 Sensor.h:87] Deconstructing Sensor
I1008 16:04:59.325819 836307 Sensor.h:87] Deconstructing Sensor
I1008 16:04:59.325937 836307 Sensor.h:87] Deconstructing Sensor
I1008 16:04:59.326049 836307 Sensor.h:87] Deconstructing Sensor
I1008 16:04:59.326172 836307 Sensor.h:87] Deconstructing Sensor
I1008 16:04:59.326290 836307 Sensor.h:87] Deconstructing Sensor
I1008 16:04:59.326408 836307 Sensor.h:87] Deconstructing Sensor
I1008 16:04:59.326524 836307 Sensor.h:87] Deconstructing Sensor
I1008 16:04:59.326639 836307 Sensor.h:87] Deconstructing Sensor
I1008 16:04:59.326762 836307 Sensor.h:87] Deconstructing Sensor
I1008 16:04:59.326880 836307 Sensor.h:87] Deconstructing Sensor
I1008 16:04:59.327030 836307 Sensor.h:87] Deconstructing Sensor
I1008 16:04:59.327178 836307 Sensor.h:87] Deconstructing Sensor
I1008 16:04:59.327337 836307 Sensor.h:87] Deconstructing Sensor
I1008 16:04:59.327482 836307 Sensor.h:87] Deconstructing Sensor
I1008 16:04:59.327623 836307 Sensor.h:87] Deconstructing Sensor
I1008 16:04:59.327759 836307 Sensor.h:87] Deconstructing Sensor
I1008 16:04:59.327891 836307 Sensor.h:87] Deconstructing Sensor
I1008 16:04:59.328023 836307 Sensor.h:87] Deconstructing Sensor
I1008 16:04:59.328150 836307 Sensor.h:87] Deconstructing Sensor
I1008 16:04:59.328279 836307 Sensor.h:87] Deconstructing Sensor
I1008 16:04:59.328377 836307 Sensor.h:87] Deconstructing Sensor
I1008 16:04:59.334971 836307 Renderer.cpp:34] Deconstructing Renderer
I1008 16:04:59.335000 836307 WindowlessContext.h:17] Deconstructing WindowlessContext
I1008 16:04:59.340826 836307 MetadataMediator.cpp:56] MetadataMediator::setActiveSceneDatasetName : Old active dataset default changed to default successfully.
I1008 16:04:59.342519 836307 AttributesManagerBase.h:283] AttributesManager<T>::createFromJsonOrDefaultInternal  (Physics Manager) : Proposing JSON name : ./data/default.physics_config.json from original name : ./data/default.physics_config.json | This file  does not exist.
I1008 16:04:59.342578 836307 PhysicsAttributesManager.cpp:27] File (./data/default.physics_config.json) not found, so new default physics manager attributes created and registered.
I1008 16:04:59.342585 836307 AbstractObjectAttributesManagerBase.h:175] AbstractObjectAttributesManager<T>::createObject  (Stage) : Making attributes with handle : data/scene_datasets/mp3d/JmbYfDe2QKZ/JmbYfDe2QKZ.glb
I1008 16:04:59.342588 836307 ManagedContainerBase.cpp:19] ManagedContainerBase::convertFilenameToJSON : Filename : data/scene_datasets/mp3d/JmbYfDe2QKZ/JmbYfDe2QKZ.glb changed to proposed JSON configuration filename : data/scene_datasets/mp3d/JmbYfDe2QKZ/JmbYfDe2QKZ.stage_config.json
I1008 16:04:59.342605 836307 AttributesManagerBase.h:283] AttributesManager<T>::createFromJsonOrDefaultInternal  (Stage) : Proposing JSON name : data/scene_datasets/mp3d/JmbYfDe2QKZ/JmbYfDe2QKZ.stage_config.json from original name : data/scene_datasets/mp3d/JmbYfDe2QKZ/JmbYfDe2QKZ.glb | This file  does not exist.
I1008 16:04:59.342657 836307 AbstractObjectAttributesManagerBase.h:181] AbstractObjectAttributesManager<T>::createObject  (Stage) : Done making attributes with handle : data/scene_datasets/mp3d/JmbYfDe2QKZ/JmbYfDe2QKZ.glb
I1008 16:04:59.342658 836307 AbstractObjectAttributesManagerBase.h:188] File (data/scene_datasets/mp3d/JmbYfDe2QKZ/JmbYfDe2QKZ.glb) exists but is not a recognized config filename extension, so new default Stage attributes created and registered.
I1008 16:04:59.342665 836307 Simulator.cpp:156] Loading navmesh from data/scene_datasets/mp3d/JmbYfDe2QKZ/JmbYfDe2QKZ.navmesh
I1008 16:04:59.342777 836307 Simulator.cpp:158] Loaded.
I1008 16:04:59.342782 836307 SceneGraph.h:93] Created DrawableGroup: 
I1008 16:04:59.349584 836307 ResourceManager.cpp:234] ResourceManager::loadStage : Not loading semantic mesh
I1008 16:04:59.349597 836307 ResourceManager.cpp:262] ResourceManager::loadStage : start load render asset data/scene_datasets/mp3d/JmbYfDe2QKZ/JmbYfDe2QKZ.glb.
I1008 16:04:59.349598 836307 ResourceManager.cpp:569] ResourceManager::loadStageInternal : Attempting to load stage data/scene_datasets/mp3d/JmbYfDe2QKZ/JmbYfDe2QKZ.glb 
I1008 16:04:59.349627 836307 ResourceManager.cpp:1119] Importing Basis files as BC7 for JmbYfDe2QKZ.glb
W1008 16:05:00.487126 836307 Simulator.cpp:248] :
---
 The active scene does not contain semantic annotations. 
---
I1008 16:05:00.539428 836307 simulator.py:213] Loaded navmesh data/scene_datasets/mp3d/JmbYfDe2QKZ/JmbYfDe2QKZ.navmesh
I1008 16:05:01.143065 836307 PhysicsManager.cpp:33] Deconstructing PhysicsManager
I1008 16:05:01.143114 836307 SemanticScene.h:41] Deconstructing SemanticScene
I1008 16:05:01.150276 836307 SceneManager.h:25] Deconstructing SceneManager
I1008 16:05:01.150305 836307 SceneGraph.h:26] Deconstructing SceneGraph
I1008 16:05:01.150791 836307 Sensor.h:87] Deconstructing Sensor
I1008 16:05:01.151937 836307 Sensor.h:87] Deconstructing Sensor
I1008 16:05:01.152081 836307 Sensor.h:87] Deconstructing Sensor
I1008 16:05:01.152218 836307 Sensor.h:87] Deconstructing Sensor
I1008 16:05:01.152356 836307 Sensor.h:87] Deconstructing Sensor
I1008 16:05:01.152482 836307 Sensor.h:87] Deconstructing Sensor
I1008 16:05:01.152613 836307 Sensor.h:87] Deconstructing Sensor
I1008 16:05:01.152741 836307 Sensor.h:87] Deconstructing Sensor
I1008 16:05:01.152881 836307 Sensor.h:87] Deconstructing Sensor
I1008 16:05:01.153009 836307 Sensor.h:87] Deconstructing Sensor
I1008 16:05:01.153132 836307 Sensor.h:87] Deconstructing Sensor
I1008 16:05:01.153260 836307 Sensor.h:87] Deconstructing Sensor
I1008 16:05:01.153388 836307 Sensor.h:87] Deconstructing Sensor
I1008 16:05:01.153581 836307 Sensor.h:87] Deconstructing Sensor
I1008 16:05:01.153767 836307 Sensor.h:87] Deconstructing Sensor
I1008 16:05:01.153923 836307 Sensor.h:87] Deconstructing Sensor
I1008 16:05:01.154093 836307 Sensor.h:87] Deconstructing Sensor
I1008 16:05:01.154268 836307 Sensor.h:87] Deconstructing Sensor
I1008 16:05:01.154430 836307 Sensor.h:87] Deconstructing Sensor
I1008 16:05:01.154587 836307 Sensor.h:87] Deconstructing Sensor
I1008 16:05:01.154754 836307 Sensor.h:87] Deconstructing Sensor
I1008 16:05:01.154911 836307 Sensor.h:87] Deconstructing Sensor
I1008 16:05:01.155076 836307 Sensor.h:87] Deconstructing Sensor
I1008 16:05:01.155211 836307 Sensor.h:87] Deconstructing Sensor
I1008 16:05:01.161753 836307 Renderer.cpp:34] Deconstructing Renderer
I1008 16:05:01.161798 836307 WindowlessContext.h:17] Deconstructing WindowlessContext
I1008 16:05:01.165176 836307 MetadataMediator.cpp:56] MetadataMediator::setActiveSceneDatasetName : Old active dataset default changed to default successfully.
I1008 16:05:01.166709 836307 AttributesManagerBase.h:283] AttributesManager<T>::createFromJsonOrDefaultInternal  (Physics Manager) : Proposing JSON name : ./data/default.physics_config.json from original name : ./data/default.physics_config.json | This file  does not exist.
I1008 16:05:01.166759 836307 PhysicsAttributesManager.cpp:27] File (./data/default.physics_config.json) not found, so new default physics manager attributes created and registered.
I1008 16:05:01.166765 836307 AbstractObjectAttributesManagerBase.h:175] AbstractObjectAttributesManager<T>::createObject  (Stage) : Making attributes with handle : data/scene_datasets/mp3d/D7N2EKCX4Sj/D7N2EKCX4Sj.glb
I1008 16:05:01.166769 836307 ManagedContainerBase.cpp:19] ManagedContainerBase::convertFilenameToJSON : Filename : data/scene_datasets/mp3d/D7N2EKCX4Sj/D7N2EKCX4Sj.glb changed to proposed JSON configuration filename : data/scene_datasets/mp3d/D7N2EKCX4Sj/D7N2EKCX4Sj.stage_config.json
I1008 16:05:01.166791 836307 AttributesManagerBase.h:283] AttributesManager<T>::createFromJsonOrDefaultInternal  (Stage) : Proposing JSON name : data/scene_datasets/mp3d/D7N2EKCX4Sj/D7N2EKCX4Sj.stage_config.json from original name : data/scene_datasets/mp3d/D7N2EKCX4Sj/D7N2EKCX4Sj.glb | This file  does not exist.
I1008 16:05:01.166848 836307 AbstractObjectAttributesManagerBase.h:181] AbstractObjectAttributesManager<T>::createObject  (Stage) : Done making attributes with handle : data/scene_datasets/mp3d/D7N2EKCX4Sj/D7N2EKCX4Sj.glb
I1008 16:05:01.166850 836307 AbstractObjectAttributesManagerBase.h:188] File (data/scene_datasets/mp3d/D7N2EKCX4Sj/D7N2EKCX4Sj.glb) exists but is not a recognized config filename extension, so new default Stage attributes created and registered.
I1008 16:05:01.166854 836307 Simulator.cpp:156] Loading navmesh from data/scene_datasets/mp3d/D7N2EKCX4Sj/D7N2EKCX4Sj.navmesh
I1008 16:05:01.167372 836307 Simulator.cpp:158] Loaded.
I1008 16:05:01.167385 836307 SceneGraph.h:93] Created DrawableGroup: 
I1008 16:05:01.172391 836307 ResourceManager.cpp:234] ResourceManager::loadStage : Not loading semantic mesh
I1008 16:05:01.172421 836307 ResourceManager.cpp:262] ResourceManager::loadStage : start load render asset data/scene_datasets/mp3d/D7N2EKCX4Sj/D7N2EKCX4Sj.glb.
I1008 16:05:01.172422 836307 ResourceManager.cpp:569] ResourceManager::loadStageInternal : Attempting to load stage data/scene_datasets/mp3d/D7N2EKCX4Sj/D7N2EKCX4Sj.glb 
I1008 16:05:01.172459 836307 ResourceManager.cpp:1119] Importing Basis files as BC7 for D7N2EKCX4Sj.glb
W1008 16:05:05.814567 836307 Simulator.cpp:248] :
---
 The active scene does not contain semantic annotations. 
---
I1008 16:05:05.932401 836307 simulator.py:213] Loaded navmesh data/scene_datasets/mp3d/D7N2EKCX4Sj/D7N2EKCX4Sj.navmesh
I1008 16:05:06.526724 836307 PhysicsManager.cpp:33] Deconstructing PhysicsManager
I1008 16:05:06.526754 836307 SemanticScene.h:41] Deconstructing SemanticScene
I1008 16:05:06.534977 836307 SceneManager.h:25] Deconstructing SceneManager
I1008 16:05:06.534996 836307 SceneGraph.h:26] Deconstructing SceneGraph
I1008 16:05:06.535503 836307 Sensor.h:87] Deconstructing Sensor
I1008 16:05:06.536064 836307 Sensor.h:87] Deconstructing Sensor
I1008 16:05:06.536176 836307 Sensor.h:87] Deconstructing Sensor
I1008 16:05:06.536293 836307 Sensor.h:87] Deconstructing Sensor
I1008 16:05:06.536412 836307 Sensor.h:87] Deconstructing Sensor
I1008 16:05:06.536517 836307 Sensor.h:87] Deconstructing Sensor
I1008 16:05:06.536624 836307 Sensor.h:87] Deconstructing Sensor
I1008 16:05:06.536731 836307 Sensor.h:87] Deconstructing Sensor
I1008 16:05:06.536837 836307 Sensor.h:87] Deconstructing Sensor
I1008 16:05:06.536935 836307 Sensor.h:87] Deconstructing Sensor
I1008 16:05:06.537040 836307 Sensor.h:87] Deconstructing Sensor
I1008 16:05:06.537145 836307 Sensor.h:87] Deconstructing Sensor
I1008 16:05:06.537248 836307 Sensor.h:87] Deconstructing Sensor
I1008 16:05:06.537384 836307 Sensor.h:87] Deconstructing Sensor
I1008 16:05:06.537526 836307 Sensor.h:87] Deconstructing Sensor
I1008 16:05:06.537653 836307 Sensor.h:87] Deconstructing Sensor
I1008 16:05:06.537793 836307 Sensor.h:87] Deconstructing Sensor
I1008 16:05:06.537917 836307 Sensor.h:87] Deconstructing Sensor
I1008 16:05:06.538046 836307 Sensor.h:87] Deconstructing Sensor
I1008 16:05:06.538178 836307 Sensor.h:87] Deconstructing Sensor
I1008 16:05:06.538311 836307 Sensor.h:87] Deconstructing Sensor
I1008 16:05:06.538434 836307 Sensor.h:87] Deconstructing Sensor
I1008 16:05:06.538560 836307 Sensor.h:87] Deconstructing Sensor
I1008 16:05:06.538642 836307 Sensor.h:87] Deconstructing Sensor
I1008 16:05:06.547039 836307 Renderer.cpp:34] Deconstructing Renderer
I1008 16:05:06.547081 836307 WindowlessContext.h:17] Deconstructing WindowlessContext
I1008 16:05:06.556656 836307 MetadataMediator.cpp:56] MetadataMediator::setActiveSceneDatasetName : Old active dataset default changed to default successfully.
I1008 16:05:06.558655 836307 AttributesManagerBase.h:283] AttributesManager<T>::createFromJsonOrDefaultInternal  (Physics Manager) : Proposing JSON name : ./data/default.physics_config.json from original name : ./data/default.physics_config.json | This file  does not exist.
I1008 16:05:06.558701 836307 PhysicsAttributesManager.cpp:27] File (./data/default.physics_config.json) not found, so new default physics manager attributes created and registered.
I1008 16:05:06.558707 836307 AbstractObjectAttributesManagerBase.h:175] AbstractObjectAttributesManager<T>::createObject  (Stage) : Making attributes with handle : data/scene_datasets/mp3d/JmbYfDe2QKZ/JmbYfDe2QKZ.glb
I1008 16:05:06.558710 836307 ManagedContainerBase.cpp:19] ManagedContainerBase::convertFilenameToJSON : Filename : data/scene_datasets/mp3d/JmbYfDe2QKZ/JmbYfDe2QKZ.glb changed to proposed JSON configuration filename : data/scene_datasets/mp3d/JmbYfDe2QKZ/JmbYfDe2QKZ.stage_config.json
I1008 16:05:06.558727 836307 AttributesManagerBase.h:283] AttributesManager<T>::createFromJsonOrDefaultInternal  (Stage) : Proposing JSON name : data/scene_datasets/mp3d/JmbYfDe2QKZ/JmbYfDe2QKZ.stage_config.json from original name : data/scene_datasets/mp3d/JmbYfDe2QKZ/JmbYfDe2QKZ.glb | This file  does not exist.
I1008 16:05:06.558794 836307 AbstractObjectAttributesManagerBase.h:181] AbstractObjectAttributesManager<T>::createObject  (Stage) : Done making attributes with handle : data/scene_datasets/mp3d/JmbYfDe2QKZ/JmbYfDe2QKZ.glb
I1008 16:05:06.558795 836307 AbstractObjectAttributesManagerBase.h:188] File (data/scene_datasets/mp3d/JmbYfDe2QKZ/JmbYfDe2QKZ.glb) exists but is not a recognized config filename extension, so new default Stage attributes created and registered.
I1008 16:05:06.558799 836307 Simulator.cpp:156] Loading navmesh from data/scene_datasets/mp3d/JmbYfDe2QKZ/JmbYfDe2QKZ.navmesh
I1008 16:05:06.558921 836307 Simulator.cpp:158] Loaded.
I1008 16:05:06.558928 836307 SceneGraph.h:93] Created DrawableGroup: 
I1008 16:05:06.563330 836307 ResourceManager.cpp:234] ResourceManager::loadStage : Not loading semantic mesh
I1008 16:05:06.563345 836307 ResourceManager.cpp:262] ResourceManager::loadStage : start load render asset data/scene_datasets/mp3d/JmbYfDe2QKZ/JmbYfDe2QKZ.glb.
I1008 16:05:06.563346 836307 ResourceManager.cpp:569] ResourceManager::loadStageInternal : Attempting to load stage data/scene_datasets/mp3d/JmbYfDe2QKZ/JmbYfDe2QKZ.glb 
I1008 16:05:06.563372 836307 ResourceManager.cpp:1119] Importing Basis files as BC7 for JmbYfDe2QKZ.glb
W1008 16:05:07.697846 836307 Simulator.cpp:248] :
---
 The active scene does not contain semantic annotations. 
---
I1008 16:05:07.752920 836307 simulator.py:213] Loaded navmesh data/scene_datasets/mp3d/JmbYfDe2QKZ/JmbYfDe2QKZ.navmesh
I1008 16:05:08.179898 836307 PhysicsManager.cpp:33] Deconstructing PhysicsManager
I1008 16:05:08.179951 836307 SemanticScene.h:41] Deconstructing SemanticScene
I1008 16:05:08.188149 836307 SceneManager.h:25] Deconstructing SceneManager
I1008 16:05:08.188184 836307 SceneGraph.h:26] Deconstructing SceneGraph
I1008 16:05:08.189028 836307 Sensor.h:87] Deconstructing Sensor
I1008 16:05:08.189356 836307 Sensor.h:87] Deconstructing Sensor
I1008 16:05:08.189491 836307 Sensor.h:87] Deconstructing Sensor
I1008 16:05:08.189631 836307 Sensor.h:87] Deconstructing Sensor
I1008 16:05:08.189772 836307 Sensor.h:87] Deconstructing Sensor
I1008 16:05:08.189900 836307 Sensor.h:87] Deconstructing Sensor
I1008 16:05:08.190033 836307 Sensor.h:87] Deconstructing Sensor
I1008 16:05:08.190158 836307 Sensor.h:87] Deconstructing Sensor
I1008 16:05:08.190289 836307 Sensor.h:87] Deconstructing Sensor
I1008 16:05:08.190411 836307 Sensor.h:87] Deconstructing Sensor
I1008 16:05:08.190539 836307 Sensor.h:87] Deconstructing Sensor
I1008 16:05:08.190677 836307 Sensor.h:87] Deconstructing Sensor
I1008 16:05:08.190809 836307 Sensor.h:87] Deconstructing Sensor
I1008 16:05:08.190974 836307 Sensor.h:87] Deconstructing Sensor
I1008 16:05:08.191145 836307 Sensor.h:87] Deconstructing Sensor
I1008 16:05:08.191300 836307 Sensor.h:87] Deconstructing Sensor
I1008 16:05:08.191462 836307 Sensor.h:87] Deconstructing Sensor
I1008 16:05:08.191613 836307 Sensor.h:87] Deconstructing Sensor
I1008 16:05:08.191774 836307 Sensor.h:87] Deconstructing Sensor
I1008 16:05:08.191934 836307 Sensor.h:87] Deconstructing Sensor
I1008 16:05:08.192086 836307 Sensor.h:87] Deconstructing Sensor
I1008 16:05:08.192236 836307 Sensor.h:87] Deconstructing Sensor
I1008 16:05:08.192442 836307 Sensor.h:87] Deconstructing Sensor
I1008 16:05:08.192757 836307 Sensor.h:87] Deconstructing Sensor
I1008 16:05:08.198925 836307 Renderer.cpp:34] Deconstructing Renderer
I1008 16:05:08.198967 836307 WindowlessContext.h:17] Deconstructing WindowlessContext
I1008 16:05:08.202344 836307 MetadataMediator.cpp:56] MetadataMediator::setActiveSceneDatasetName : Old active dataset default changed to default successfully.
I1008 16:05:08.204116 836307 AttributesManagerBase.h:283] AttributesManager<T>::createFromJsonOrDefaultInternal  (Physics Manager) : Proposing JSON name : ./data/default.physics_config.json from original name : ./data/default.physics_config.json | This file  does not exist.
I1008 16:05:08.204195 836307 PhysicsAttributesManager.cpp:27] File (./data/default.physics_config.json) not found, so new default physics manager attributes created and registered.
I1008 16:05:08.204205 836307 AbstractObjectAttributesManagerBase.h:175] AbstractObjectAttributesManager<T>::createObject  (Stage) : Making attributes with handle : data/scene_datasets/mp3d/2n8kARJN3HM/2n8kARJN3HM.glb
I1008 16:05:08.204210 836307 ManagedContainerBase.cpp:19] ManagedContainerBase::convertFilenameToJSON : Filename : data/scene_datasets/mp3d/2n8kARJN3HM/2n8kARJN3HM.glb changed to proposed JSON configuration filename : data/scene_datasets/mp3d/2n8kARJN3HM/2n8kARJN3HM.stage_config.json
I1008 16:05:08.204233 836307 AttributesManagerBase.h:283] AttributesManager<T>::createFromJsonOrDefaultInternal  (Stage) : Proposing JSON name : data/scene_datasets/mp3d/2n8kARJN3HM/2n8kARJN3HM.stage_config.json from original name : data/scene_datasets/mp3d/2n8kARJN3HM/2n8kARJN3HM.glb | This file  does not exist.
I1008 16:05:08.204300 836307 AbstractObjectAttributesManagerBase.h:181] AbstractObjectAttributesManager<T>::createObject  (Stage) : Done making attributes with handle : data/scene_datasets/mp3d/2n8kARJN3HM/2n8kARJN3HM.glb
I1008 16:05:08.204303 836307 AbstractObjectAttributesManagerBase.h:188] File (data/scene_datasets/mp3d/2n8kARJN3HM/2n8kARJN3HM.glb) exists but is not a recognized config filename extension, so new default Stage attributes created and registered.
I1008 16:05:08.204324 836307 Simulator.cpp:156] Loading navmesh from data/scene_datasets/mp3d/2n8kARJN3HM/2n8kARJN3HM.navmesh
I1008 16:05:08.204720 836307 Simulator.cpp:158] Loaded.
I1008 16:05:08.204736 836307 SceneGraph.h:93] Created DrawableGroup: 
I1008 16:05:08.210072 836307 ResourceManager.cpp:234] ResourceManager::loadStage : Not loading semantic mesh
I1008 16:05:08.210096 836307 ResourceManager.cpp:262] ResourceManager::loadStage : start load render asset data/scene_datasets/mp3d/2n8kARJN3HM/2n8kARJN3HM.glb.
I1008 16:05:08.210098 836307 ResourceManager.cpp:569] ResourceManager::loadStageInternal : Attempting to load stage data/scene_datasets/mp3d/2n8kARJN3HM/2n8kARJN3HM.glb 
I1008 16:05:08.210136 836307 ResourceManager.cpp:1119] Importing Basis files as BC7 for 2n8kARJN3HM.glb
W1008 16:05:11.199785 836307 Simulator.cpp:248] :
---
 The active scene does not contain semantic annotations. 
---
I1008 16:05:11.272521 836307 simulator.py:213] Loaded navmesh data/scene_datasets/mp3d/2n8kARJN3HM/2n8kARJN3HM.navmesh
I1008 16:05:12.241205 836307 PhysicsManager.cpp:33] Deconstructing PhysicsManager
I1008 16:05:12.241245 836307 SemanticScene.h:41] Deconstructing SemanticScene
I1008 16:05:12.248342 836307 SceneManager.h:25] Deconstructing SceneManager
I1008 16:05:12.248386 836307 SceneGraph.h:26] Deconstructing SceneGraph
I1008 16:05:12.249007 836307 Sensor.h:87] Deconstructing Sensor
I1008 16:05:12.249574 836307 Sensor.h:87] Deconstructing Sensor
I1008 16:05:12.249847 836307 Sensor.h:87] Deconstructing Sensor
I1008 16:05:12.249989 836307 Sensor.h:87] Deconstructing Sensor
I1008 16:05:12.250133 836307 Sensor.h:87] Deconstructing Sensor
I1008 16:05:12.250285 836307 Sensor.h:87] Deconstructing Sensor
I1008 16:05:12.250413 836307 Sensor.h:87] Deconstructing Sensor
I1008 16:05:12.250532 836307 Sensor.h:87] Deconstructing Sensor
I1008 16:05:12.250658 836307 Sensor.h:87] Deconstructing Sensor
I1008 16:05:12.250783 836307 Sensor.h:87] Deconstructing Sensor
I1008 16:05:12.250907 836307 Sensor.h:87] Deconstructing Sensor
I1008 16:05:12.251024 836307 Sensor.h:87] Deconstructing Sensor
I1008 16:05:12.251137 836307 Sensor.h:87] Deconstructing Sensor
I1008 16:05:12.253340 836307 Sensor.h:87] Deconstructing Sensor
I1008 16:05:12.253539 836307 Sensor.h:87] Deconstructing Sensor
I1008 16:05:12.253683 836307 Sensor.h:87] Deconstructing Sensor
I1008 16:05:12.253827 836307 Sensor.h:87] Deconstructing Sensor
I1008 16:05:12.253969 836307 Sensor.h:87] Deconstructing Sensor
I1008 16:05:12.254109 836307 Sensor.h:87] Deconstructing Sensor
I1008 16:05:12.254253 836307 Sensor.h:87] Deconstructing Sensor
I1008 16:05:12.254395 836307 Sensor.h:87] Deconstructing Sensor
I1008 16:05:12.254544 836307 Sensor.h:87] Deconstructing Sensor
I1008 16:05:12.254693 836307 Sensor.h:87] Deconstructing Sensor
I1008 16:05:12.254791 836307 Sensor.h:87] Deconstructing Sensor
I1008 16:05:12.261943 836307 Renderer.cpp:34] Deconstructing Renderer
I1008 16:05:12.261972 836307 WindowlessContext.h:17] Deconstructing WindowlessContext
I1008 16:05:12.268114 836307 MetadataMediator.cpp:56] MetadataMediator::setActiveSceneDatasetName : Old active dataset default changed to default successfully.
I1008 16:05:12.269937 836307 AttributesManagerBase.h:283] AttributesManager<T>::createFromJsonOrDefaultInternal  (Physics Manager) : Proposing JSON name : ./data/default.physics_config.json from original name : ./data/default.physics_config.json | This file  does not exist.
I1008 16:05:12.269975 836307 PhysicsAttributesManager.cpp:27] File (./data/default.physics_config.json) not found, so new default physics manager attributes created and registered.
I1008 16:05:12.269981 836307 AbstractObjectAttributesManagerBase.h:175] AbstractObjectAttributesManager<T>::createObject  (Stage) : Making attributes with handle : data/scene_datasets/mp3d/qoiz87JEwZ2/qoiz87JEwZ2.glb
I1008 16:05:12.269985 836307 ManagedContainerBase.cpp:19] ManagedContainerBase::convertFilenameToJSON : Filename : data/scene_datasets/mp3d/qoiz87JEwZ2/qoiz87JEwZ2.glb changed to proposed JSON configuration filename : data/scene_datasets/mp3d/qoiz87JEwZ2/qoiz87JEwZ2.stage_config.json
I1008 16:05:12.270010 836307 AttributesManagerBase.h:283] AttributesManager<T>::createFromJsonOrDefaultInternal  (Stage) : Proposing JSON name : data/scene_datasets/mp3d/qoiz87JEwZ2/qoiz87JEwZ2.stage_config.json from original name : data/scene_datasets/mp3d/qoiz87JEwZ2/qoiz87JEwZ2.glb | This file  does not exist.
I1008 16:05:12.270061 836307 AbstractObjectAttributesManagerBase.h:181] AbstractObjectAttributesManager<T>::createObject  (Stage) : Done making attributes with handle : data/scene_datasets/mp3d/qoiz87JEwZ2/qoiz87JEwZ2.glb
I1008 16:05:12.270062 836307 AbstractObjectAttributesManagerBase.h:188] File (data/scene_datasets/mp3d/qoiz87JEwZ2/qoiz87JEwZ2.glb) exists but is not a recognized config filename extension, so new default Stage attributes created and registered.
I1008 16:05:12.270066 836307 Simulator.cpp:156] Loading navmesh from data/scene_datasets/mp3d/qoiz87JEwZ2/qoiz87JEwZ2.navmesh
I1008 16:05:12.270256 836307 Simulator.cpp:158] Loaded.
I1008 16:05:12.270267 836307 SceneGraph.h:93] Created DrawableGroup: 
I1008 16:05:12.274858 836307 ResourceManager.cpp:234] ResourceManager::loadStage : Not loading semantic mesh
I1008 16:05:12.274876 836307 ResourceManager.cpp:262] ResourceManager::loadStage : start load render asset data/scene_datasets/mp3d/qoiz87JEwZ2/qoiz87JEwZ2.glb.
I1008 16:05:12.274878 836307 ResourceManager.cpp:569] ResourceManager::loadStageInternal : Attempting to load stage data/scene_datasets/mp3d/qoiz87JEwZ2/qoiz87JEwZ2.glb 
I1008 16:05:12.274910 836307 ResourceManager.cpp:1119] Importing Basis files as BC7 for qoiz87JEwZ2.glb
W1008 16:05:14.048436 836307 Simulator.cpp:248] :
---
 The active scene does not contain semantic annotations. 
---
I1008 16:05:14.108401 836307 simulator.py:213] Loaded navmesh data/scene_datasets/mp3d/qoiz87JEwZ2/qoiz87JEwZ2.navmesh
I1008 16:05:14.418135 836307 PhysicsManager.cpp:33] Deconstructing PhysicsManager
I1008 16:05:14.418174 836307 SemanticScene.h:41] Deconstructing SemanticScene
I1008 16:05:14.423261 836307 SceneManager.h:25] Deconstructing SceneManager
I1008 16:05:14.423278 836307 SceneGraph.h:26] Deconstructing SceneGraph
I1008 16:05:14.423693 836307 Sensor.h:87] Deconstructing Sensor
I1008 16:05:14.424249 836307 Sensor.h:87] Deconstructing Sensor
I1008 16:05:14.424371 836307 Sensor.h:87] Deconstructing Sensor
I1008 16:05:14.424492 836307 Sensor.h:87] Deconstructing Sensor
I1008 16:05:14.424609 836307 Sensor.h:87] Deconstructing Sensor
I1008 16:05:14.424729 836307 Sensor.h:87] Deconstructing Sensor
I1008 16:05:14.424849 836307 Sensor.h:87] Deconstructing Sensor
I1008 16:05:14.424961 836307 Sensor.h:87] Deconstructing Sensor
I1008 16:05:14.425078 836307 Sensor.h:87] Deconstructing Sensor
I1008 16:05:14.425179 836307 Sensor.h:87] Deconstructing Sensor
I1008 16:05:14.425285 836307 Sensor.h:87] Deconstructing Sensor
I1008 16:05:14.425395 836307 Sensor.h:87] Deconstructing Sensor
I1008 16:05:14.425498 836307 Sensor.h:87] Deconstructing Sensor
I1008 16:05:14.425626 836307 Sensor.h:87] Deconstructing Sensor
I1008 16:05:14.425767 836307 Sensor.h:87] Deconstructing Sensor
I1008 16:05:14.425895 836307 Sensor.h:87] Deconstructing Sensor
I1008 16:05:14.426031 836307 Sensor.h:87] Deconstructing Sensor
I1008 16:05:14.426156 836307 Sensor.h:87] Deconstructing Sensor
I1008 16:05:14.426282 836307 Sensor.h:87] Deconstructing Sensor
I1008 16:05:14.426411 836307 Sensor.h:87] Deconstructing Sensor
I1008 16:05:14.426542 836307 Sensor.h:87] Deconstructing Sensor
I1008 16:05:14.426689 836307 Sensor.h:87] Deconstructing Sensor
I1008 16:05:14.426829 836307 Sensor.h:87] Deconstructing Sensor
I1008 16:05:14.427017 836307 Sensor.h:87] Deconstructing Sensor
I1008 16:05:14.431901 836307 Renderer.cpp:34] Deconstructing Renderer
I1008 16:05:14.431928 836307 WindowlessContext.h:17] Deconstructing WindowlessContext
I1008 16:05:14.435784 836307 MetadataMediator.cpp:56] MetadataMediator::setActiveSceneDatasetName : Old active dataset default changed to default successfully.
I1008 16:05:14.436900 836307 AttributesManagerBase.h:283] AttributesManager<T>::createFromJsonOrDefaultInternal  (Physics Manager) : Proposing JSON name : ./data/default.physics_config.json from original name : ./data/default.physics_config.json | This file  does not exist.
I1008 16:05:14.436935 836307 PhysicsAttributesManager.cpp:27] File (./data/default.physics_config.json) not found, so new default physics manager attributes created and registered.
I1008 16:05:14.436941 836307 AbstractObjectAttributesManagerBase.h:175] AbstractObjectAttributesManager<T>::createObject  (Stage) : Making attributes with handle : data/scene_datasets/mp3d/2n8kARJN3HM/2n8kARJN3HM.glb
I1008 16:05:14.436944 836307 ManagedContainerBase.cpp:19] ManagedContainerBase::convertFilenameToJSON : Filename : data/scene_datasets/mp3d/2n8kARJN3HM/2n8kARJN3HM.glb changed to proposed JSON configuration filename : data/scene_datasets/mp3d/2n8kARJN3HM/2n8kARJN3HM.stage_config.json
I1008 16:05:14.436959 836307 AttributesManagerBase.h:283] AttributesManager<T>::createFromJsonOrDefaultInternal  (Stage) : Proposing JSON name : data/scene_datasets/mp3d/2n8kARJN3HM/2n8kARJN3HM.stage_config.json from original name : data/scene_datasets/mp3d/2n8kARJN3HM/2n8kARJN3HM.glb | This file  does not exist.
I1008 16:05:14.437011 836307 AbstractObjectAttributesManagerBase.h:181] AbstractObjectAttributesManager<T>::createObject  (Stage) : Done making attributes with handle : data/scene_datasets/mp3d/2n8kARJN3HM/2n8kARJN3HM.glb
I1008 16:05:14.437012 836307 AbstractObjectAttributesManagerBase.h:188] File (data/scene_datasets/mp3d/2n8kARJN3HM/2n8kARJN3HM.glb) exists but is not a recognized config filename extension, so new default Stage attributes created and registered.
I1008 16:05:14.437016 836307 Simulator.cpp:156] Loading navmesh from data/scene_datasets/mp3d/2n8kARJN3HM/2n8kARJN3HM.navmesh
I1008 16:05:14.437275 836307 Simulator.cpp:158] Loaded.
I1008 16:05:14.437283 836307 SceneGraph.h:93] Created DrawableGroup: 
I1008 16:05:14.441509 836307 ResourceManager.cpp:234] ResourceManager::loadStage : Not loading semantic mesh
I1008 16:05:14.441524 836307 ResourceManager.cpp:262] ResourceManager::loadStage : start load render asset data/scene_datasets/mp3d/2n8kARJN3HM/2n8kARJN3HM.glb.
I1008 16:05:14.441524 836307 ResourceManager.cpp:569] ResourceManager::loadStageInternal : Attempting to load stage data/scene_datasets/mp3d/2n8kARJN3HM/2n8kARJN3HM.glb 
I1008 16:05:14.441555 836307 ResourceManager.cpp:1119] Importing Basis files as BC7 for 2n8kARJN3HM.glb
W1008 16:05:17.390127 836307 Simulator.cpp:248] :
---
 The active scene does not contain semantic annotations. 
---
I1008 16:05:17.462925 836307 simulator.py:213] Loaded navmesh data/scene_datasets/mp3d/2n8kARJN3HM/2n8kARJN3HM.navmesh
I1008 16:05:18.899461 836307 PhysicsManager.cpp:33] Deconstructing PhysicsManager
I1008 16:05:18.899494 836307 SemanticScene.h:41] Deconstructing SemanticScene
I1008 16:05:18.905041 836307 SceneManager.h:25] Deconstructing SceneManager
I1008 16:05:18.905066 836307 SceneGraph.h:26] Deconstructing SceneGraph
I1008 16:05:18.905673 836307 Sensor.h:87] Deconstructing Sensor
I1008 16:05:18.906189 836307 Sensor.h:87] Deconstructing Sensor
I1008 16:05:18.906307 836307 Sensor.h:87] Deconstructing Sensor
I1008 16:05:18.906431 836307 Sensor.h:87] Deconstructing Sensor
I1008 16:05:18.906555 836307 Sensor.h:87] Deconstructing Sensor
I1008 16:05:18.906678 836307 Sensor.h:87] Deconstructing Sensor
I1008 16:05:18.906802 836307 Sensor.h:87] Deconstructing Sensor
I1008 16:05:18.906920 836307 Sensor.h:87] Deconstructing Sensor
I1008 16:05:18.907047 836307 Sensor.h:87] Deconstructing Sensor
I1008 16:05:18.907166 836307 Sensor.h:87] Deconstructing Sensor
I1008 16:05:18.907292 836307 Sensor.h:87] Deconstructing Sensor
I1008 16:05:18.907415 836307 Sensor.h:87] Deconstructing Sensor
I1008 16:05:18.907536 836307 Sensor.h:87] Deconstructing Sensor
I1008 16:05:18.907687 836307 Sensor.h:87] Deconstructing Sensor
I1008 16:05:18.907837 836307 Sensor.h:87] Deconstructing Sensor
I1008 16:05:18.907984 836307 Sensor.h:87] Deconstructing Sensor
I1008 16:05:18.908140 836307 Sensor.h:87] Deconstructing Sensor
I1008 16:05:18.908277 836307 Sensor.h:87] Deconstructing Sensor
I1008 16:05:18.908416 836307 Sensor.h:87] Deconstructing Sensor
I1008 16:05:18.908556 836307 Sensor.h:87] Deconstructing Sensor
I1008 16:05:18.908702 836307 Sensor.h:87] Deconstructing Sensor
I1008 16:05:18.908843 836307 Sensor.h:87] Deconstructing Sensor
I1008 16:05:18.908983 836307 Sensor.h:87] Deconstructing Sensor
I1008 16:05:18.909080 836307 Sensor.h:87] Deconstructing Sensor
I1008 16:05:18.918272 836307 Renderer.cpp:34] Deconstructing Renderer
I1008 16:05:18.918303 836307 WindowlessContext.h:17] Deconstructing WindowlessContext
I1008 16:05:18.924079 836307 MetadataMediator.cpp:56] MetadataMediator::setActiveSceneDatasetName : Old active dataset default changed to default successfully.
I1008 16:05:18.925848 836307 AttributesManagerBase.h:283] AttributesManager<T>::createFromJsonOrDefaultInternal  (Physics Manager) : Proposing JSON name : ./data/default.physics_config.json from original name : ./data/default.physics_config.json | This file  does not exist.
I1008 16:05:18.925889 836307 PhysicsAttributesManager.cpp:27] File (./data/default.physics_config.json) not found, so new default physics manager attributes created and registered.
I1008 16:05:18.925895 836307 AbstractObjectAttributesManagerBase.h:175] AbstractObjectAttributesManager<T>::createObject  (Stage) : Making attributes with handle : data/scene_datasets/mp3d/JmbYfDe2QKZ/JmbYfDe2QKZ.glb
I1008 16:05:18.925899 836307 ManagedContainerBase.cpp:19] ManagedContainerBase::convertFilenameToJSON : Filename : data/scene_datasets/mp3d/JmbYfDe2QKZ/JmbYfDe2QKZ.glb changed to proposed JSON configuration filename : data/scene_datasets/mp3d/JmbYfDe2QKZ/JmbYfDe2QKZ.stage_config.json
I1008 16:05:18.925920 836307 AttributesManagerBase.h:283] AttributesManager<T>::createFromJsonOrDefaultInternal  (Stage) : Proposing JSON name : data/scene_datasets/mp3d/JmbYfDe2QKZ/JmbYfDe2QKZ.stage_config.json from original name : data/scene_datasets/mp3d/JmbYfDe2QKZ/JmbYfDe2QKZ.glb | This file  does not exist.
I1008 16:05:18.925973 836307 AbstractObjectAttributesManagerBase.h:181] AbstractObjectAttributesManager<T>::createObject  (Stage) : Done making attributes with handle : data/scene_datasets/mp3d/JmbYfDe2QKZ/JmbYfDe2QKZ.glb
I1008 16:05:18.925974 836307 AbstractObjectAttributesManagerBase.h:188] File (data/scene_datasets/mp3d/JmbYfDe2QKZ/JmbYfDe2QKZ.glb) exists but is not a recognized config filename extension, so new default Stage attributes created and registered.
I1008 16:05:18.925978 836307 Simulator.cpp:156] Loading navmesh from data/scene_datasets/mp3d/JmbYfDe2QKZ/JmbYfDe2QKZ.navmesh
I1008 16:05:18.926092 836307 Simulator.cpp:158] Loaded.
I1008 16:05:18.926098 836307 SceneGraph.h:93] Created DrawableGroup: 
I1008 16:05:18.929993 836307 ResourceManager.cpp:234] ResourceManager::loadStage : Not loading semantic mesh
I1008 16:05:18.930004 836307 ResourceManager.cpp:262] ResourceManager::loadStage : start load render asset data/scene_datasets/mp3d/JmbYfDe2QKZ/JmbYfDe2QKZ.glb.
I1008 16:05:18.930006 836307 ResourceManager.cpp:569] ResourceManager::loadStageInternal : Attempting to load stage data/scene_datasets/mp3d/JmbYfDe2QKZ/JmbYfDe2QKZ.glb 
I1008 16:05:18.930030 836307 ResourceManager.cpp:1119] Importing Basis files as BC7 for JmbYfDe2QKZ.glb
W1008 16:05:20.050705 836307 Simulator.cpp:248] :
---
 The active scene does not contain semantic annotations. 
---
I1008 16:05:20.102026 836307 simulator.py:213] Loaded navmesh data/scene_datasets/mp3d/JmbYfDe2QKZ/JmbYfDe2QKZ.navmesh
I1008 16:05:20.455928 836307 PhysicsManager.cpp:33] Deconstructing PhysicsManager
I1008 16:05:20.455960 836307 SemanticScene.h:41] Deconstructing SemanticScene
I1008 16:05:20.460141 836307 SceneManager.h:25] Deconstructing SceneManager
I1008 16:05:20.460155 836307 SceneGraph.h:26] Deconstructing SceneGraph
I1008 16:05:20.460891 836307 Sensor.h:87] Deconstructing Sensor
I1008 16:05:20.461120 836307 Sensor.h:87] Deconstructing Sensor
I1008 16:05:20.461223 836307 Sensor.h:87] Deconstructing Sensor
I1008 16:05:20.461350 836307 Sensor.h:87] Deconstructing Sensor
I1008 16:05:20.461455 836307 Sensor.h:87] Deconstructing Sensor
I1008 16:05:20.461555 836307 Sensor.h:87] Deconstructing Sensor
I1008 16:05:20.461665 836307 Sensor.h:87] Deconstructing Sensor
I1008 16:05:20.461767 836307 Sensor.h:87] Deconstructing Sensor
I1008 16:05:20.461870 836307 Sensor.h:87] Deconstructing Sensor
I1008 16:05:20.461970 836307 Sensor.h:87] Deconstructing Sensor
I1008 16:05:20.462070 836307 Sensor.h:87] Deconstructing Sensor
I1008 16:05:20.462172 836307 Sensor.h:87] Deconstructing Sensor
I1008 16:05:20.462275 836307 Sensor.h:87] Deconstructing Sensor
I1008 16:05:20.462409 836307 Sensor.h:87] Deconstructing Sensor
I1008 16:05:20.462543 836307 Sensor.h:87] Deconstructing Sensor
I1008 16:05:20.462668 836307 Sensor.h:87] Deconstructing Sensor
I1008 16:05:20.462796 836307 Sensor.h:87] Deconstructing Sensor
I1008 16:05:20.462922 836307 Sensor.h:87] Deconstructing Sensor
I1008 16:05:20.463054 836307 Sensor.h:87] Deconstructing Sensor
I1008 16:05:20.463188 836307 Sensor.h:87] Deconstructing Sensor
I1008 16:05:20.463315 836307 Sensor.h:87] Deconstructing Sensor
I1008 16:05:20.463455 836307 Sensor.h:87] Deconstructing Sensor
I1008 16:05:20.463593 836307 Sensor.h:87] Deconstructing Sensor
I1008 16:05:20.463771 836307 Sensor.h:87] Deconstructing Sensor
I1008 16:05:20.468885 836307 Renderer.cpp:34] Deconstructing Renderer
I1008 16:05:20.468909 836307 WindowlessContext.h:17] Deconstructing WindowlessContext
I1008 16:05:20.471843 836307 MetadataMediator.cpp:56] MetadataMediator::setActiveSceneDatasetName : Old active dataset default changed to default successfully.
I1008 16:05:20.473599 836307 AttributesManagerBase.h:283] AttributesManager<T>::createFromJsonOrDefaultInternal  (Physics Manager) : Proposing JSON name : ./data/default.physics_config.json from original name : ./data/default.physics_config.json | This file  does not exist.
I1008 16:05:20.473639 836307 PhysicsAttributesManager.cpp:27] File (./data/default.physics_config.json) not found, so new default physics manager attributes created and registered.
I1008 16:05:20.473645 836307 AbstractObjectAttributesManagerBase.h:175] AbstractObjectAttributesManager<T>::createObject  (Stage) : Making attributes with handle : data/scene_datasets/mp3d/ur6pFq6Qu1A/ur6pFq6Qu1A.glb
I1008 16:05:20.473649 836307 ManagedContainerBase.cpp:19] ManagedContainerBase::convertFilenameToJSON : Filename : data/scene_datasets/mp3d/ur6pFq6Qu1A/ur6pFq6Qu1A.glb changed to proposed JSON configuration filename : data/scene_datasets/mp3d/ur6pFq6Qu1A/ur6pFq6Qu1A.stage_config.json
I1008 16:05:20.473685 836307 AttributesManagerBase.h:283] AttributesManager<T>::createFromJsonOrDefaultInternal  (Stage) : Proposing JSON name : data/scene_datasets/mp3d/ur6pFq6Qu1A/ur6pFq6Qu1A.stage_config.json from original name : data/scene_datasets/mp3d/ur6pFq6Qu1A/ur6pFq6Qu1A.glb | This file  does not exist.
I1008 16:05:20.473740 836307 AbstractObjectAttributesManagerBase.h:181] AbstractObjectAttributesManager<T>::createObject  (Stage) : Done making attributes with handle : data/scene_datasets/mp3d/ur6pFq6Qu1A/ur6pFq6Qu1A.glb
I1008 16:05:20.473742 836307 AbstractObjectAttributesManagerBase.h:188] File (data/scene_datasets/mp3d/ur6pFq6Qu1A/ur6pFq6Qu1A.glb) exists but is not a recognized config filename extension, so new default Stage attributes created and registered.
I1008 16:05:20.473745 836307 Simulator.cpp:156] Loading navmesh from data/scene_datasets/mp3d/ur6pFq6Qu1A/ur6pFq6Qu1A.navmesh
I1008 16:05:20.474022 836307 Simulator.cpp:158] Loaded.
I1008 16:05:20.474030 836307 SceneGraph.h:93] Created DrawableGroup: 
I1008 16:05:20.478116 836307 ResourceManager.cpp:234] ResourceManager::loadStage : Not loading semantic mesh
I1008 16:05:20.478132 836307 ResourceManager.cpp:262] ResourceManager::loadStage : start load render asset data/scene_datasets/mp3d/ur6pFq6Qu1A/ur6pFq6Qu1A.glb.
I1008 16:05:20.478132 836307 ResourceManager.cpp:569] ResourceManager::loadStageInternal : Attempting to load stage data/scene_datasets/mp3d/ur6pFq6Qu1A/ur6pFq6Qu1A.glb 
I1008 16:05:20.478168 836307 ResourceManager.cpp:1119] Importing Basis files as BC7 for ur6pFq6Qu1A.glb
W1008 16:05:22.790676 836307 Simulator.cpp:248] :
---
 The active scene does not contain semantic annotations. 
---
I1008 16:05:22.856280 836307 simulator.py:213] Loaded navmesh data/scene_datasets/mp3d/ur6pFq6Qu1A/ur6pFq6Qu1A.navmesh
I1008 16:05:24.686270 836307 PhysicsManager.cpp:33] Deconstructing PhysicsManager
I1008 16:05:24.686304 836307 SemanticScene.h:41] Deconstructing SemanticScene
I1008 16:05:24.689661 836307 SceneManager.h:25] Deconstructing SceneManager
I1008 16:05:24.689678 836307 SceneGraph.h:26] Deconstructing SceneGraph
I1008 16:05:24.690111 836307 Sensor.h:87] Deconstructing Sensor
I1008 16:05:24.690789 836307 Sensor.h:87] Deconstructing Sensor
I1008 16:05:24.690908 836307 Sensor.h:87] Deconstructing Sensor
I1008 16:05:24.691031 836307 Sensor.h:87] Deconstructing Sensor
I1008 16:05:24.691148 836307 Sensor.h:87] Deconstructing Sensor
I1008 16:05:24.691263 836307 Sensor.h:87] Deconstructing Sensor
I1008 16:05:24.691402 836307 Sensor.h:87] Deconstructing Sensor
I1008 16:05:24.691536 836307 Sensor.h:87] Deconstructing Sensor
I1008 16:05:24.691669 836307 Sensor.h:87] Deconstructing Sensor
I1008 16:05:24.691783 836307 Sensor.h:87] Deconstructing Sensor
I1008 16:05:24.691891 836307 Sensor.h:87] Deconstructing Sensor
I1008 16:05:24.692005 836307 Sensor.h:87] Deconstructing Sensor
I1008 16:05:24.692122 836307 Sensor.h:87] Deconstructing Sensor
I1008 16:05:24.692258 836307 Sensor.h:87] Deconstructing Sensor
I1008 16:05:24.692390 836307 Sensor.h:87] Deconstructing Sensor
I1008 16:05:24.692516 836307 Sensor.h:87] Deconstructing Sensor
I1008 16:05:24.692644 836307 Sensor.h:87] Deconstructing Sensor
I1008 16:05:24.692771 836307 Sensor.h:87] Deconstructing Sensor
I1008 16:05:24.692898 836307 Sensor.h:87] Deconstructing Sensor
I1008 16:05:24.693024 836307 Sensor.h:87] Deconstructing Sensor
I1008 16:05:24.693153 836307 Sensor.h:87] Deconstructing Sensor
I1008 16:05:24.693277 836307 Sensor.h:87] Deconstructing Sensor
I1008 16:05:24.693406 836307 Sensor.h:87] Deconstructing Sensor
I1008 16:05:24.693491 836307 Sensor.h:87] Deconstructing Sensor
I1008 16:05:24.699429 836307 Renderer.cpp:34] Deconstructing Renderer
I1008 16:05:24.699460 836307 WindowlessContext.h:17] Deconstructing WindowlessContext
I1008 16:05:24.705356 836307 MetadataMediator.cpp:56] MetadataMediator::setActiveSceneDatasetName : Old active dataset default changed to default successfully.
I1008 16:05:24.706939 836307 AttributesManagerBase.h:283] AttributesManager<T>::createFromJsonOrDefaultInternal  (Physics Manager) : Proposing JSON name : ./data/default.physics_config.json from original name : ./data/default.physics_config.json | This file  does not exist.
I1008 16:05:24.706971 836307 PhysicsAttributesManager.cpp:27] File (./data/default.physics_config.json) not found, so new default physics manager attributes created and registered.
I1008 16:05:24.706976 836307 AbstractObjectAttributesManagerBase.h:175] AbstractObjectAttributesManager<T>::createObject  (Stage) : Making attributes with handle : data/scene_datasets/mp3d/JmbYfDe2QKZ/JmbYfDe2QKZ.glb
I1008 16:05:24.706980 836307 ManagedContainerBase.cpp:19] ManagedContainerBase::convertFilenameToJSON : Filename : data/scene_datasets/mp3d/JmbYfDe2QKZ/JmbYfDe2QKZ.glb changed to proposed JSON configuration filename : data/scene_datasets/mp3d/JmbYfDe2QKZ/JmbYfDe2QKZ.stage_config.json
I1008 16:05:24.706998 836307 AttributesManagerBase.h:283] AttributesManager<T>::createFromJsonOrDefaultInternal  (Stage) : Proposing JSON name : data/scene_datasets/mp3d/JmbYfDe2QKZ/JmbYfDe2QKZ.stage_config.json from original name : data/scene_datasets/mp3d/JmbYfDe2QKZ/JmbYfDe2QKZ.glb | This file  does not exist.
I1008 16:05:24.707043 836307 AbstractObjectAttributesManagerBase.h:181] AbstractObjectAttributesManager<T>::createObject  (Stage) : Done making attributes with handle : data/scene_datasets/mp3d/JmbYfDe2QKZ/JmbYfDe2QKZ.glb
I1008 16:05:24.707046 836307 AbstractObjectAttributesManagerBase.h:188] File (data/scene_datasets/mp3d/JmbYfDe2QKZ/JmbYfDe2QKZ.glb) exists but is not a recognized config filename extension, so new default Stage attributes created and registered.
I1008 16:05:24.707057 836307 Simulator.cpp:156] Loading navmesh from data/scene_datasets/mp3d/JmbYfDe2QKZ/JmbYfDe2QKZ.navmesh
I1008 16:05:24.707161 836307 Simulator.cpp:158] Loaded.
I1008 16:05:24.707166 836307 SceneGraph.h:93] Created DrawableGroup: 
I1008 16:05:24.711184 836307 ResourceManager.cpp:234] ResourceManager::loadStage : Not loading semantic mesh
I1008 16:05:24.711198 836307 ResourceManager.cpp:262] ResourceManager::loadStage : start load render asset data/scene_datasets/mp3d/JmbYfDe2QKZ/JmbYfDe2QKZ.glb.
I1008 16:05:24.711199 836307 ResourceManager.cpp:569] ResourceManager::loadStageInternal : Attempting to load stage data/scene_datasets/mp3d/JmbYfDe2QKZ/JmbYfDe2QKZ.glb 
I1008 16:05:24.711226 836307 ResourceManager.cpp:1119] Importing Basis files as BC7 for JmbYfDe2QKZ.glb
W1008 16:05:25.825557 836307 Simulator.cpp:248] :
---
 The active scene does not contain semantic annotations. 
---
I1008 16:05:25.879369 836307 simulator.py:213] Loaded navmesh data/scene_datasets/mp3d/JmbYfDe2QKZ/JmbYfDe2QKZ.navmesh
I1008 16:05:26.288568 836307 PhysicsManager.cpp:33] Deconstructing PhysicsManager
I1008 16:05:26.288595 836307 SemanticScene.h:41] Deconstructing SemanticScene
I1008 16:05:26.293200 836307 SceneManager.h:25] Deconstructing SceneManager
I1008 16:05:26.293215 836307 SceneGraph.h:26] Deconstructing SceneGraph
I1008 16:05:26.293617 836307 Sensor.h:87] Deconstructing Sensor
I1008 16:05:26.294075 836307 Sensor.h:87] Deconstructing Sensor
I1008 16:05:26.294185 836307 Sensor.h:87] Deconstructing Sensor
I1008 16:05:26.294291 836307 Sensor.h:87] Deconstructing Sensor
I1008 16:05:26.294394 836307 Sensor.h:87] Deconstructing Sensor
I1008 16:05:26.294494 836307 Sensor.h:87] Deconstructing Sensor
I1008 16:05:26.294597 836307 Sensor.h:87] Deconstructing Sensor
I1008 16:05:26.294700 836307 Sensor.h:87] Deconstructing Sensor
I1008 16:05:26.294807 836307 Sensor.h:87] Deconstructing Sensor
I1008 16:05:26.294906 836307 Sensor.h:87] Deconstructing Sensor
I1008 16:05:26.295006 836307 Sensor.h:87] Deconstructing Sensor
I1008 16:05:26.295106 836307 Sensor.h:87] Deconstructing Sensor
I1008 16:05:26.295207 836307 Sensor.h:87] Deconstructing Sensor
I1008 16:05:26.295336 836307 Sensor.h:87] Deconstructing Sensor
I1008 16:05:26.295466 836307 Sensor.h:87] Deconstructing Sensor
I1008 16:05:26.295588 836307 Sensor.h:87] Deconstructing Sensor
I1008 16:05:26.295722 836307 Sensor.h:87] Deconstructing Sensor
I1008 16:05:26.295843 836307 Sensor.h:87] Deconstructing Sensor
I1008 16:05:26.295966 836307 Sensor.h:87] Deconstructing Sensor
I1008 16:05:26.296090 836307 Sensor.h:87] Deconstructing Sensor
I1008 16:05:26.296235 836307 Sensor.h:87] Deconstructing Sensor
I1008 16:05:26.296358 836307 Sensor.h:87] Deconstructing Sensor
I1008 16:05:26.296514 836307 Sensor.h:87] Deconstructing Sensor
I1008 16:05:26.296593 836307 Sensor.h:87] Deconstructing Sensor
I1008 16:05:26.300483 836307 Renderer.cpp:34] Deconstructing Renderer
I1008 16:05:26.300508 836307 WindowlessContext.h:17] Deconstructing WindowlessContext
I1008 16:05:26.303473 836307 MetadataMediator.cpp:56] MetadataMediator::setActiveSceneDatasetName : Old active dataset default changed to default successfully.
I1008 16:05:26.304993 836307 AttributesManagerBase.h:283] AttributesManager<T>::createFromJsonOrDefaultInternal  (Physics Manager) : Proposing JSON name : ./data/default.physics_config.json from original name : ./data/default.physics_config.json | This file  does not exist.
I1008 16:05:26.305039 836307 PhysicsAttributesManager.cpp:27] File (./data/default.physics_config.json) not found, so new default physics manager attributes created and registered.
I1008 16:05:26.305047 836307 AbstractObjectAttributesManagerBase.h:175] AbstractObjectAttributesManager<T>::createObject  (Stage) : Making attributes with handle : data/scene_datasets/mp3d/D7N2EKCX4Sj/D7N2EKCX4Sj.glb
I1008 16:05:26.305051 836307 ManagedContainerBase.cpp:19] ManagedContainerBase::convertFilenameToJSON : Filename : data/scene_datasets/mp3d/D7N2EKCX4Sj/D7N2EKCX4Sj.glb changed to proposed JSON configuration filename : data/scene_datasets/mp3d/D7N2EKCX4Sj/D7N2EKCX4Sj.stage_config.json
I1008 16:05:26.305094 836307 AttributesManagerBase.h:283] AttributesManager<T>::createFromJsonOrDefaultInternal  (Stage) : Proposing JSON name : data/scene_datasets/mp3d/D7N2EKCX4Sj/D7N2EKCX4Sj.stage_config.json from original name : data/scene_datasets/mp3d/D7N2EKCX4Sj/D7N2EKCX4Sj.glb | This file  does not exist.
I1008 16:05:26.305159 836307 AbstractObjectAttributesManagerBase.h:181] AbstractObjectAttributesManager<T>::createObject  (Stage) : Done making attributes with handle : data/scene_datasets/mp3d/D7N2EKCX4Sj/D7N2EKCX4Sj.glb
I1008 16:05:26.305161 836307 AbstractObjectAttributesManagerBase.h:188] File (data/scene_datasets/mp3d/D7N2EKCX4Sj/D7N2EKCX4Sj.glb) exists but is not a recognized config filename extension, so new default Stage attributes created and registered.
I1008 16:05:26.305166 836307 Simulator.cpp:156] Loading navmesh from data/scene_datasets/mp3d/D7N2EKCX4Sj/D7N2EKCX4Sj.navmesh
I1008 16:05:26.306039 836307 Simulator.cpp:158] Loaded.
I1008 16:05:26.306053 836307 SceneGraph.h:93] Created DrawableGroup: 
I1008 16:05:26.310316 836307 ResourceManager.cpp:234] ResourceManager::loadStage : Not loading semantic mesh
I1008 16:05:26.310329 836307 ResourceManager.cpp:262] ResourceManager::loadStage : start load render asset data/scene_datasets/mp3d/D7N2EKCX4Sj/D7N2EKCX4Sj.glb.
I1008 16:05:26.310330 836307 ResourceManager.cpp:569] ResourceManager::loadStageInternal : Attempting to load stage data/scene_datasets/mp3d/D7N2EKCX4Sj/D7N2EKCX4Sj.glb 
I1008 16:05:26.310357 836307 ResourceManager.cpp:1119] Importing Basis files as BC7 for D7N2EKCX4Sj.glb
W1008 16:05:30.716230 836307 Simulator.cpp:248] :
---
 The active scene does not contain semantic annotations. 
---
I1008 16:05:30.838565 836307 simulator.py:213] Loaded navmesh data/scene_datasets/mp3d/D7N2EKCX4Sj/D7N2EKCX4Sj.navmesh
I1008 16:05:31.529112 836307 PhysicsManager.cpp:33] Deconstructing PhysicsManager
I1008 16:05:31.529155 836307 SemanticScene.h:41] Deconstructing SemanticScene
I1008 16:05:31.542305 836307 SceneManager.h:25] Deconstructing SceneManager
I1008 16:05:31.542337 836307 SceneGraph.h:26] Deconstructing SceneGraph
I1008 16:05:31.543211 836307 Sensor.h:87] Deconstructing Sensor
I1008 16:05:31.545029 836307 Sensor.h:87] Deconstructing Sensor
I1008 16:05:31.545187 836307 Sensor.h:87] Deconstructing Sensor
I1008 16:05:31.545324 836307 Sensor.h:87] Deconstructing Sensor
I1008 16:05:31.545456 836307 Sensor.h:87] Deconstructing Sensor
I1008 16:05:31.545583 836307 Sensor.h:87] Deconstructing Sensor
I1008 16:05:31.545732 836307 Sensor.h:87] Deconstructing Sensor
I1008 16:05:31.545861 836307 Sensor.h:87] Deconstructing Sensor
I1008 16:05:31.546003 836307 Sensor.h:87] Deconstructing Sensor
I1008 16:05:31.546133 836307 Sensor.h:87] Deconstructing Sensor
I1008 16:05:31.546259 836307 Sensor.h:87] Deconstructing Sensor
I1008 16:05:31.546387 836307 Sensor.h:87] Deconstructing Sensor
I1008 16:05:31.546518 836307 Sensor.h:87] Deconstructing Sensor
I1008 16:05:31.546685 836307 Sensor.h:87] Deconstructing Sensor
I1008 16:05:31.546880 836307 Sensor.h:87] Deconstructing Sensor
I1008 16:05:31.547035 836307 Sensor.h:87] Deconstructing Sensor
I1008 16:05:31.547204 836307 Sensor.h:87] Deconstructing Sensor
I1008 16:05:31.547360 836307 Sensor.h:87] Deconstructing Sensor
I1008 16:05:31.547521 836307 Sensor.h:87] Deconstructing Sensor
I1008 16:05:31.547685 836307 Sensor.h:87] Deconstructing Sensor
I1008 16:05:31.547842 836307 Sensor.h:87] Deconstructing Sensor
I1008 16:05:31.547987 836307 Sensor.h:87] Deconstructing Sensor
I1008 16:05:31.548147 836307 Sensor.h:87] Deconstructing Sensor
I1008 16:05:31.548256 836307 Sensor.h:87] Deconstructing Sensor
I1008 16:05:31.556761 836307 Renderer.cpp:34] Deconstructing Renderer
I1008 16:05:31.556802 836307 WindowlessContext.h:17] Deconstructing WindowlessContext
I1008 16:05:31.565220 836307 MetadataMediator.cpp:56] MetadataMediator::setActiveSceneDatasetName : Old active dataset default changed to default successfully.
I1008 16:05:31.567488 836307 AttributesManagerBase.h:283] AttributesManager<T>::createFromJsonOrDefaultInternal  (Physics Manager) : Proposing JSON name : ./data/default.physics_config.json from original name : ./data/default.physics_config.json | This file  does not exist.
I1008 16:05:31.567538 836307 PhysicsAttributesManager.cpp:27] File (./data/default.physics_config.json) not found, so new default physics manager attributes created and registered.
I1008 16:05:31.567544 836307 AbstractObjectAttributesManagerBase.h:175] AbstractObjectAttributesManager<T>::createObject  (Stage) : Making attributes with handle : data/scene_datasets/mp3d/pRbA3pwrgk9/pRbA3pwrgk9.glb
I1008 16:05:31.567548 836307 ManagedContainerBase.cpp:19] ManagedContainerBase::convertFilenameToJSON : Filename : data/scene_datasets/mp3d/pRbA3pwrgk9/pRbA3pwrgk9.glb changed to proposed JSON configuration filename : data/scene_datasets/mp3d/pRbA3pwrgk9/pRbA3pwrgk9.stage_config.json
I1008 16:05:31.567564 836307 AttributesManagerBase.h:283] AttributesManager<T>::createFromJsonOrDefaultInternal  (Stage) : Proposing JSON name : data/scene_datasets/mp3d/pRbA3pwrgk9/pRbA3pwrgk9.stage_config.json from original name : data/scene_datasets/mp3d/pRbA3pwrgk9/pRbA3pwrgk9.glb | This file  does not exist.
I1008 16:05:31.567618 836307 AbstractObjectAttributesManagerBase.h:181] AbstractObjectAttributesManager<T>::createObject  (Stage) : Done making attributes with handle : data/scene_datasets/mp3d/pRbA3pwrgk9/pRbA3pwrgk9.glb
I1008 16:05:31.567620 836307 AbstractObjectAttributesManagerBase.h:188] File (data/scene_datasets/mp3d/pRbA3pwrgk9/pRbA3pwrgk9.glb) exists but is not a recognized config filename extension, so new default Stage attributes created and registered.
I1008 16:05:31.567624 836307 Simulator.cpp:156] Loading navmesh from data/scene_datasets/mp3d/pRbA3pwrgk9/pRbA3pwrgk9.navmesh
I1008 16:05:31.567808 836307 Simulator.cpp:158] Loaded.
I1008 16:05:31.567821 836307 SceneGraph.h:93] Created DrawableGroup: 
I1008 16:05:31.572834 836307 ResourceManager.cpp:234] ResourceManager::loadStage : Not loading semantic mesh
I1008 16:05:31.572858 836307 ResourceManager.cpp:262] ResourceManager::loadStage : start load render asset data/scene_datasets/mp3d/pRbA3pwrgk9/pRbA3pwrgk9.glb.
I1008 16:05:31.572860 836307 ResourceManager.cpp:569] ResourceManager::loadStageInternal : Attempting to load stage data/scene_datasets/mp3d/pRbA3pwrgk9/pRbA3pwrgk9.glb 
I1008 16:05:31.572892 836307 ResourceManager.cpp:1119] Importing Basis files as BC7 for pRbA3pwrgk9.glb
W1008 16:05:32.794960 836307 Simulator.cpp:248] :
---
 The active scene does not contain semantic annotations. 
---
I1008 16:05:32.853593 836307 simulator.py:213] Loaded navmesh data/scene_datasets/mp3d/pRbA3pwrgk9/pRbA3pwrgk9.navmesh
I1008 16:05:33.249408 836307 PhysicsManager.cpp:33] Deconstructing PhysicsManager
I1008 16:05:33.249436 836307 SemanticScene.h:41] Deconstructing SemanticScene
I1008 16:05:33.253541 836307 SceneManager.h:25] Deconstructing SceneManager
I1008 16:05:33.253557 836307 SceneGraph.h:26] Deconstructing SceneGraph
I1008 16:05:33.253968 836307 Sensor.h:87] Deconstructing Sensor
I1008 16:05:33.254422 836307 Sensor.h:87] Deconstructing Sensor
I1008 16:05:33.254535 836307 Sensor.h:87] Deconstructing Sensor
I1008 16:05:33.254659 836307 Sensor.h:87] Deconstructing Sensor
I1008 16:05:33.254779 836307 Sensor.h:87] Deconstructing Sensor
I1008 16:05:33.254890 836307 Sensor.h:87] Deconstructing Sensor
I1008 16:05:33.255005 836307 Sensor.h:87] Deconstructing Sensor
I1008 16:05:33.255115 836307 Sensor.h:87] Deconstructing Sensor
I1008 16:05:33.255231 836307 Sensor.h:87] Deconstructing Sensor
I1008 16:05:33.255339 836307 Sensor.h:87] Deconstructing Sensor
I1008 16:05:33.255446 836307 Sensor.h:87] Deconstructing Sensor
I1008 16:05:33.255555 836307 Sensor.h:87] Deconstructing Sensor
I1008 16:05:33.255653 836307 Sensor.h:87] Deconstructing Sensor
I1008 16:05:33.255792 836307 Sensor.h:87] Deconstructing Sensor
I1008 16:05:33.255924 836307 Sensor.h:87] Deconstructing Sensor
I1008 16:05:33.256067 836307 Sensor.h:87] Deconstructing Sensor
I1008 16:05:33.256196 836307 Sensor.h:87] Deconstructing Sensor
I1008 16:05:33.256317 836307 Sensor.h:87] Deconstructing Sensor
I1008 16:05:33.256445 836307 Sensor.h:87] Deconstructing Sensor
I1008 16:05:33.256572 836307 Sensor.h:87] Deconstructing Sensor
I1008 16:05:33.256708 836307 Sensor.h:87] Deconstructing Sensor
I1008 16:05:33.256834 836307 Sensor.h:87] Deconstructing Sensor
I1008 16:05:33.256963 836307 Sensor.h:87] Deconstructing Sensor
I1008 16:05:33.257059 836307 Sensor.h:87] Deconstructing Sensor
I1008 16:05:33.260699 836307 Renderer.cpp:34] Deconstructing Renderer
I1008 16:05:33.260720 836307 WindowlessContext.h:17] Deconstructing WindowlessContext
I1008 16:05:33.264083 836307 MetadataMediator.cpp:56] MetadataMediator::setActiveSceneDatasetName : Old active dataset default changed to default successfully.
I1008 16:05:33.265321 836307 AttributesManagerBase.h:283] AttributesManager<T>::createFromJsonOrDefaultInternal  (Physics Manager) : Proposing JSON name : ./data/default.physics_config.json from original name : ./data/default.physics_config.json | This file  does not exist.
I1008 16:05:33.265357 836307 PhysicsAttributesManager.cpp:27] File (./data/default.physics_config.json) not found, so new default physics manager attributes created and registered.
I1008 16:05:33.265363 836307 AbstractObjectAttributesManagerBase.h:175] AbstractObjectAttributesManager<T>::createObject  (Stage) : Making attributes with handle : data/scene_datasets/mp3d/ur6pFq6Qu1A/ur6pFq6Qu1A.glb
I1008 16:05:33.265367 836307 ManagedContainerBase.cpp:19] ManagedContainerBase::convertFilenameToJSON : Filename : data/scene_datasets/mp3d/ur6pFq6Qu1A/ur6pFq6Qu1A.glb changed to proposed JSON configuration filename : data/scene_datasets/mp3d/ur6pFq6Qu1A/ur6pFq6Qu1A.stage_config.json
I1008 16:05:33.265388 836307 AttributesManagerBase.h:283] AttributesManager<T>::createFromJsonOrDefaultInternal  (Stage) : Proposing JSON name : data/scene_datasets/mp3d/ur6pFq6Qu1A/ur6pFq6Qu1A.stage_config.json from original name : data/scene_datasets/mp3d/ur6pFq6Qu1A/ur6pFq6Qu1A.glb | This file  does not exist.
I1008 16:05:33.265436 836307 AbstractObjectAttributesManagerBase.h:181] AbstractObjectAttributesManager<T>::createObject  (Stage) : Done making attributes with handle : data/scene_datasets/mp3d/ur6pFq6Qu1A/ur6pFq6Qu1A.glb
I1008 16:05:33.265437 836307 AbstractObjectAttributesManagerBase.h:188] File (data/scene_datasets/mp3d/ur6pFq6Qu1A/ur6pFq6Qu1A.glb) exists but is not a recognized config filename extension, so new default Stage attributes created and registered.
I1008 16:05:33.265440 836307 Simulator.cpp:156] Loading navmesh from data/scene_datasets/mp3d/ur6pFq6Qu1A/ur6pFq6Qu1A.navmesh
I1008 16:05:33.265715 836307 Simulator.cpp:158] Loaded.
I1008 16:05:33.265723 836307 SceneGraph.h:93] Created DrawableGroup: 
I1008 16:05:33.269472 836307 ResourceManager.cpp:234] ResourceManager::loadStage : Not loading semantic mesh
I1008 16:05:33.269484 836307 ResourceManager.cpp:262] ResourceManager::loadStage : start load render asset data/scene_datasets/mp3d/ur6pFq6Qu1A/ur6pFq6Qu1A.glb.
I1008 16:05:33.269485 836307 ResourceManager.cpp:569] ResourceManager::loadStageInternal : Attempting to load stage data/scene_datasets/mp3d/ur6pFq6Qu1A/ur6pFq6Qu1A.glb 
I1008 16:05:33.269508 836307 ResourceManager.cpp:1119] Importing Basis files as BC7 for ur6pFq6Qu1A.glb
W1008 16:05:35.597406 836307 Simulator.cpp:248] :
---
 The active scene does not contain semantic annotations. 
---
I1008 16:05:35.661304 836307 simulator.py:213] Loaded navmesh data/scene_datasets/mp3d/ur6pFq6Qu1A/ur6pFq6Qu1A.navmesh
I1008 16:05:36.247102 836307 PhysicsManager.cpp:33] Deconstructing PhysicsManager
I1008 16:05:36.247124 836307 SemanticScene.h:41] Deconstructing SemanticScene
I1008 16:05:36.251432 836307 SceneManager.h:25] Deconstructing SceneManager
I1008 16:05:36.251452 836307 SceneGraph.h:26] Deconstructing SceneGraph
I1008 16:05:36.251907 836307 Sensor.h:87] Deconstructing Sensor
I1008 16:05:36.252687 836307 Sensor.h:87] Deconstructing Sensor
I1008 16:05:36.252813 836307 Sensor.h:87] Deconstructing Sensor
I1008 16:05:36.252926 836307 Sensor.h:87] Deconstructing Sensor
I1008 16:05:36.253032 836307 Sensor.h:87] Deconstructing Sensor
I1008 16:05:36.253132 836307 Sensor.h:87] Deconstructing Sensor
I1008 16:05:36.253239 836307 Sensor.h:87] Deconstructing Sensor
I1008 16:05:36.253376 836307 Sensor.h:87] Deconstructing Sensor
I1008 16:05:36.253482 836307 Sensor.h:87] Deconstructing Sensor
I1008 16:05:36.253580 836307 Sensor.h:87] Deconstructing Sensor
I1008 16:05:36.253681 836307 Sensor.h:87] Deconstructing Sensor
I1008 16:05:36.253786 836307 Sensor.h:87] Deconstructing Sensor
I1008 16:05:36.253896 836307 Sensor.h:87] Deconstructing Sensor
I1008 16:05:36.254027 836307 Sensor.h:87] Deconstructing Sensor
I1008 16:05:36.254159 836307 Sensor.h:87] Deconstructing Sensor
I1008 16:05:36.254293 836307 Sensor.h:87] Deconstructing Sensor
I1008 16:05:36.254428 836307 Sensor.h:87] Deconstructing Sensor
I1008 16:05:36.254551 836307 Sensor.h:87] Deconstructing Sensor
I1008 16:05:36.254684 836307 Sensor.h:87] Deconstructing Sensor
I1008 16:05:36.254812 836307 Sensor.h:87] Deconstructing Sensor
I1008 16:05:36.254938 836307 Sensor.h:87] Deconstructing Sensor
I1008 16:05:36.255071 836307 Sensor.h:87] Deconstructing Sensor
I1008 16:05:36.255216 836307 Sensor.h:87] Deconstructing Sensor
I1008 16:05:36.255324 836307 Sensor.h:87] Deconstructing Sensor
I1008 16:05:36.261945 836307 Renderer.cpp:34] Deconstructing Renderer
I1008 16:05:36.261973 836307 WindowlessContext.h:17] Deconstructing WindowlessContext
I1008 16:05:36.267832 836307 MetadataMediator.cpp:56] MetadataMediator::setActiveSceneDatasetName : Old active dataset default changed to default successfully.
I1008 16:05:36.269390 836307 AttributesManagerBase.h:283] AttributesManager<T>::createFromJsonOrDefaultInternal  (Physics Manager) : Proposing JSON name : ./data/default.physics_config.json from original name : ./data/default.physics_config.json | This file  does not exist.
I1008 16:05:36.269425 836307 PhysicsAttributesManager.cpp:27] File (./data/default.physics_config.json) not found, so new default physics manager attributes created and registered.
I1008 16:05:36.269431 836307 AbstractObjectAttributesManagerBase.h:175] AbstractObjectAttributesManager<T>::createObject  (Stage) : Making attributes with handle : data/scene_datasets/mp3d/ZMojNkEp431/ZMojNkEp431.glb
I1008 16:05:36.269434 836307 ManagedContainerBase.cpp:19] ManagedContainerBase::convertFilenameToJSON : Filename : data/scene_datasets/mp3d/ZMojNkEp431/ZMojNkEp431.glb changed to proposed JSON configuration filename : data/scene_datasets/mp3d/ZMojNkEp431/ZMojNkEp431.stage_config.json
I1008 16:05:36.269449 836307 AttributesManagerBase.h:283] AttributesManager<T>::createFromJsonOrDefaultInternal  (Stage) : Proposing JSON name : data/scene_datasets/mp3d/ZMojNkEp431/ZMojNkEp431.stage_config.json from original name : data/scene_datasets/mp3d/ZMojNkEp431/ZMojNkEp431.glb | This file  does not exist.
I1008 16:05:36.269498 836307 AbstractObjectAttributesManagerBase.h:181] AbstractObjectAttributesManager<T>::createObject  (Stage) : Done making attributes with handle : data/scene_datasets/mp3d/ZMojNkEp431/ZMojNkEp431.glb
I1008 16:05:36.269500 836307 AbstractObjectAttributesManagerBase.h:188] File (data/scene_datasets/mp3d/ZMojNkEp431/ZMojNkEp431.glb) exists but is not a recognized config filename extension, so new default Stage attributes created and registered.
I1008 16:05:36.269503 836307 Simulator.cpp:156] Loading navmesh from data/scene_datasets/mp3d/ZMojNkEp431/ZMojNkEp431.navmesh
I1008 16:05:36.269659 836307 Simulator.cpp:158] Loaded.
I1008 16:05:36.269675 836307 SceneGraph.h:93] Created DrawableGroup: 
I1008 16:05:36.273840 836307 ResourceManager.cpp:234] ResourceManager::loadStage : Not loading semantic mesh
I1008 16:05:36.273855 836307 ResourceManager.cpp:262] ResourceManager::loadStage : start load render asset data/scene_datasets/mp3d/ZMojNkEp431/ZMojNkEp431.glb.
I1008 16:05:36.273856 836307 ResourceManager.cpp:569] ResourceManager::loadStageInternal : Attempting to load stage data/scene_datasets/mp3d/ZMojNkEp431/ZMojNkEp431.glb 
I1008 16:05:36.273895 836307 ResourceManager.cpp:1119] Importing Basis files as BC7 for ZMojNkEp431.glb
W1008 16:05:37.654857 836307 Simulator.cpp:248] :
---
 The active scene does not contain semantic annotations. 
---
I1008 16:05:37.698910 836307 simulator.py:213] Loaded navmesh data/scene_datasets/mp3d/ZMojNkEp431/ZMojNkEp431.navmesh
I1008 16:05:38.298115 836307 PhysicsManager.cpp:33] Deconstructing PhysicsManager
I1008 16:05:38.298146 836307 SemanticScene.h:41] Deconstructing SemanticScene
I1008 16:05:38.301805 836307 SceneManager.h:25] Deconstructing SceneManager
I1008 16:05:38.301817 836307 SceneGraph.h:26] Deconstructing SceneGraph
I1008 16:05:38.302206 836307 Sensor.h:87] Deconstructing Sensor
I1008 16:05:38.302603 836307 Sensor.h:87] Deconstructing Sensor
I1008 16:05:38.302712 836307 Sensor.h:87] Deconstructing Sensor
I1008 16:05:38.302825 836307 Sensor.h:87] Deconstructing Sensor
I1008 16:05:38.302927 836307 Sensor.h:87] Deconstructing Sensor
I1008 16:05:38.303026 836307 Sensor.h:87] Deconstructing Sensor
I1008 16:05:38.303133 836307 Sensor.h:87] Deconstructing Sensor
I1008 16:05:38.303241 836307 Sensor.h:87] Deconstructing Sensor
I1008 16:05:38.303346 836307 Sensor.h:87] Deconstructing Sensor
I1008 16:05:38.303448 836307 Sensor.h:87] Deconstructing Sensor
I1008 16:05:38.303555 836307 Sensor.h:87] Deconstructing Sensor
I1008 16:05:38.303666 836307 Sensor.h:87] Deconstructing Sensor
I1008 16:05:38.303831 836307 Sensor.h:87] Deconstructing Sensor
I1008 16:05:38.303970 836307 Sensor.h:87] Deconstructing Sensor
I1008 16:05:38.304108 836307 Sensor.h:87] Deconstructing Sensor
I1008 16:05:38.304243 836307 Sensor.h:87] Deconstructing Sensor
I1008 16:05:38.304378 836307 Sensor.h:87] Deconstructing Sensor
I1008 16:05:38.304525 836307 Sensor.h:87] Deconstructing Sensor
I1008 16:05:38.304665 836307 Sensor.h:87] Deconstructing Sensor
I1008 16:05:38.304809 836307 Sensor.h:87] Deconstructing Sensor
I1008 16:05:38.304939 836307 Sensor.h:87] Deconstructing Sensor
I1008 16:05:38.305069 836307 Sensor.h:87] Deconstructing Sensor
I1008 16:05:38.305249 836307 Sensor.h:87] Deconstructing Sensor
I1008 16:05:38.305349 836307 Sensor.h:87] Deconstructing Sensor
I1008 16:05:38.313335 836307 Renderer.cpp:34] Deconstructing Renderer
I1008 16:05:38.313365 836307 WindowlessContext.h:17] Deconstructing WindowlessContext
I1008 16:05:38.316988 836307 MetadataMediator.cpp:56] MetadataMediator::setActiveSceneDatasetName : Old active dataset default changed to default successfully.
I1008 16:05:38.318964 836307 AttributesManagerBase.h:283] AttributesManager<T>::createFromJsonOrDefaultInternal  (Physics Manager) : Proposing JSON name : ./data/default.physics_config.json from original name : ./data/default.physics_config.json | This file  does not exist.
I1008 16:05:38.319003 836307 PhysicsAttributesManager.cpp:27] File (./data/default.physics_config.json) not found, so new default physics manager attributes created and registered.
I1008 16:05:38.319010 836307 AbstractObjectAttributesManagerBase.h:175] AbstractObjectAttributesManager<T>::createObject  (Stage) : Making attributes with handle : data/scene_datasets/mp3d/JmbYfDe2QKZ/JmbYfDe2QKZ.glb
I1008 16:05:38.319012 836307 ManagedContainerBase.cpp:19] ManagedContainerBase::convertFilenameToJSON : Filename : data/scene_datasets/mp3d/JmbYfDe2QKZ/JmbYfDe2QKZ.glb changed to proposed JSON configuration filename : data/scene_datasets/mp3d/JmbYfDe2QKZ/JmbYfDe2QKZ.stage_config.json
I1008 16:05:38.319027 836307 AttributesManagerBase.h:283] AttributesManager<T>::createFromJsonOrDefaultInternal  (Stage) : Proposing JSON name : data/scene_datasets/mp3d/JmbYfDe2QKZ/JmbYfDe2QKZ.stage_config.json from original name : data/scene_datasets/mp3d/JmbYfDe2QKZ/JmbYfDe2QKZ.glb | This file  does not exist.
I1008 16:05:38.319078 836307 AbstractObjectAttributesManagerBase.h:181] AbstractObjectAttributesManager<T>::createObject  (Stage) : Done making attributes with handle : data/scene_datasets/mp3d/JmbYfDe2QKZ/JmbYfDe2QKZ.glb
I1008 16:05:38.319092 836307 AbstractObjectAttributesManagerBase.h:188] File (data/scene_datasets/mp3d/JmbYfDe2QKZ/JmbYfDe2QKZ.glb) exists but is not a recognized config filename extension, so new default Stage attributes created and registered.
I1008 16:05:38.319095 836307 Simulator.cpp:156] Loading navmesh from data/scene_datasets/mp3d/JmbYfDe2QKZ/JmbYfDe2QKZ.navmesh
I1008 16:05:38.319197 836307 Simulator.cpp:158] Loaded.
I1008 16:05:38.319206 836307 SceneGraph.h:93] Created DrawableGroup: 
I1008 16:05:38.323037 836307 ResourceManager.cpp:234] ResourceManager::loadStage : Not loading semantic mesh
I1008 16:05:38.323050 836307 ResourceManager.cpp:262] ResourceManager::loadStage : start load render asset data/scene_datasets/mp3d/JmbYfDe2QKZ/JmbYfDe2QKZ.glb.
I1008 16:05:38.323051 836307 ResourceManager.cpp:569] ResourceManager::loadStageInternal : Attempting to load stage data/scene_datasets/mp3d/JmbYfDe2QKZ/JmbYfDe2QKZ.glb 
I1008 16:05:38.323074 836307 ResourceManager.cpp:1119] Importing Basis files as BC7 for JmbYfDe2QKZ.glb
W1008 16:05:39.478144 836307 Simulator.cpp:248] :
---
 The active scene does not contain semantic annotations. 
---
I1008 16:05:39.533586 836307 simulator.py:213] Loaded navmesh data/scene_datasets/mp3d/JmbYfDe2QKZ/JmbYfDe2QKZ.navmesh
I1008 16:05:40.058059 836307 PhysicsManager.cpp:33] Deconstructing PhysicsManager
I1008 16:05:40.058084 836307 SemanticScene.h:41] Deconstructing SemanticScene
I1008 16:05:40.061724 836307 SceneManager.h:25] Deconstructing SceneManager
I1008 16:05:40.061738 836307 SceneGraph.h:26] Deconstructing SceneGraph
I1008 16:05:40.062155 836307 Sensor.h:87] Deconstructing Sensor
I1008 16:05:40.062590 836307 Sensor.h:87] Deconstructing Sensor
I1008 16:05:40.062708 836307 Sensor.h:87] Deconstructing Sensor
I1008 16:05:40.062824 836307 Sensor.h:87] Deconstructing Sensor
I1008 16:05:40.062930 836307 Sensor.h:87] Deconstructing Sensor
I1008 16:05:40.063036 836307 Sensor.h:87] Deconstructing Sensor
I1008 16:05:40.063146 836307 Sensor.h:87] Deconstructing Sensor
I1008 16:05:40.063248 836307 Sensor.h:87] Deconstructing Sensor
I1008 16:05:40.063361 836307 Sensor.h:87] Deconstructing Sensor
I1008 16:05:40.063459 836307 Sensor.h:87] Deconstructing Sensor
I1008 16:05:40.063565 836307 Sensor.h:87] Deconstructing Sensor
I1008 16:05:40.063675 836307 Sensor.h:87] Deconstructing Sensor
I1008 16:05:40.063781 836307 Sensor.h:87] Deconstructing Sensor
I1008 16:05:40.063927 836307 Sensor.h:87] Deconstructing Sensor
I1008 16:05:40.064065 836307 Sensor.h:87] Deconstructing Sensor
I1008 16:05:40.064196 836307 Sensor.h:87] Deconstructing Sensor
I1008 16:05:40.064329 836307 Sensor.h:87] Deconstructing Sensor
I1008 16:05:40.064453 836307 Sensor.h:87] Deconstructing Sensor
I1008 16:05:40.064584 836307 Sensor.h:87] Deconstructing Sensor
I1008 16:05:40.064718 836307 Sensor.h:87] Deconstructing Sensor
I1008 16:05:40.064844 836307 Sensor.h:87] Deconstructing Sensor
I1008 16:05:40.064970 836307 Sensor.h:87] Deconstructing Sensor
I1008 16:05:40.065101 836307 Sensor.h:87] Deconstructing Sensor
I1008 16:05:40.065199 836307 Sensor.h:87] Deconstructing Sensor
I1008 16:05:40.069814 836307 Renderer.cpp:34] Deconstructing Renderer
I1008 16:05:40.069836 836307 WindowlessContext.h:17] Deconstructing WindowlessContext
I1008 16:05:40.072903 836307 MetadataMediator.cpp:56] MetadataMediator::setActiveSceneDatasetName : Old active dataset default changed to default successfully.
I1008 16:05:40.074257 836307 AttributesManagerBase.h:283] AttributesManager<T>::createFromJsonOrDefaultInternal  (Physics Manager) : Proposing JSON name : ./data/default.physics_config.json from original name : ./data/default.physics_config.json | This file  does not exist.
I1008 16:05:40.074297 836307 PhysicsAttributesManager.cpp:27] File (./data/default.physics_config.json) not found, so new default physics manager attributes created and registered.
I1008 16:05:40.074304 836307 AbstractObjectAttributesManagerBase.h:175] AbstractObjectAttributesManager<T>::createObject  (Stage) : Making attributes with handle : data/scene_datasets/mp3d/ur6pFq6Qu1A/ur6pFq6Qu1A.glb
I1008 16:05:40.074322 836307 ManagedContainerBase.cpp:19] ManagedContainerBase::convertFilenameToJSON : Filename : data/scene_datasets/mp3d/ur6pFq6Qu1A/ur6pFq6Qu1A.glb changed to proposed JSON configuration filename : data/scene_datasets/mp3d/ur6pFq6Qu1A/ur6pFq6Qu1A.stage_config.json
I1008 16:05:40.074340 836307 AttributesManagerBase.h:283] AttributesManager<T>::createFromJsonOrDefaultInternal  (Stage) : Proposing JSON name : data/scene_datasets/mp3d/ur6pFq6Qu1A/ur6pFq6Qu1A.stage_config.json from original name : data/scene_datasets/mp3d/ur6pFq6Qu1A/ur6pFq6Qu1A.glb | This file  does not exist.
I1008 16:05:40.074399 836307 AbstractObjectAttributesManagerBase.h:181] AbstractObjectAttributesManager<T>::createObject  (Stage) : Done making attributes with handle : data/scene_datasets/mp3d/ur6pFq6Qu1A/ur6pFq6Qu1A.glb
I1008 16:05:40.074401 836307 AbstractObjectAttributesManagerBase.h:188] File (data/scene_datasets/mp3d/ur6pFq6Qu1A/ur6pFq6Qu1A.glb) exists but is not a recognized config filename extension, so new default Stage attributes created and registered.
I1008 16:05:40.074405 836307 Simulator.cpp:156] Loading navmesh from data/scene_datasets/mp3d/ur6pFq6Qu1A/ur6pFq6Qu1A.navmesh
I1008 16:05:40.074724 836307 Simulator.cpp:158] Loaded.
I1008 16:05:40.074733 836307 SceneGraph.h:93] Created DrawableGroup: 
I1008 16:05:40.079965 836307 ResourceManager.cpp:234] ResourceManager::loadStage : Not loading semantic mesh
I1008 16:05:40.080056 836307 ResourceManager.cpp:262] ResourceManager::loadStage : start load render asset data/scene_datasets/mp3d/ur6pFq6Qu1A/ur6pFq6Qu1A.glb.
I1008 16:05:40.080058 836307 ResourceManager.cpp:569] ResourceManager::loadStageInternal : Attempting to load stage data/scene_datasets/mp3d/ur6pFq6Qu1A/ur6pFq6Qu1A.glb 
I1008 16:05:40.080087 836307 ResourceManager.cpp:1119] Importing Basis files as BC7 for ur6pFq6Qu1A.glb
W1008 16:05:42.373579 836307 Simulator.cpp:248] :
---
 The active scene does not contain semantic annotations. 
---
I1008 16:05:42.434395 836307 simulator.py:213] Loaded navmesh data/scene_datasets/mp3d/ur6pFq6Qu1A/ur6pFq6Qu1A.navmesh
I1008 16:05:43.577109 836307 PhysicsManager.cpp:33] Deconstructing PhysicsManager
I1008 16:05:43.577148 836307 SemanticScene.h:41] Deconstructing SemanticScene
I1008 16:05:43.583393 836307 SceneManager.h:25] Deconstructing SceneManager
I1008 16:05:43.583431 836307 SceneGraph.h:26] Deconstructing SceneGraph
I1008 16:05:43.583973 836307 Sensor.h:87] Deconstructing Sensor
I1008 16:05:43.584491 836307 Sensor.h:87] Deconstructing Sensor
I1008 16:05:43.584599 836307 Sensor.h:87] Deconstructing Sensor
I1008 16:05:43.584713 836307 Sensor.h:87] Deconstructing Sensor
I1008 16:05:43.584817 836307 Sensor.h:87] Deconstructing Sensor
I1008 16:05:43.584941 836307 Sensor.h:87] Deconstructing Sensor
I1008 16:05:43.585047 836307 Sensor.h:87] Deconstructing Sensor
I1008 16:05:43.585144 836307 Sensor.h:87] Deconstructing Sensor
I1008 16:05:43.585254 836307 Sensor.h:87] Deconstructing Sensor
I1008 16:05:43.585354 836307 Sensor.h:87] Deconstructing Sensor
I1008 16:05:43.585459 836307 Sensor.h:87] Deconstructing Sensor
I1008 16:05:43.585563 836307 Sensor.h:87] Deconstructing Sensor
I1008 16:05:43.585664 836307 Sensor.h:87] Deconstructing Sensor
I1008 16:05:43.585798 836307 Sensor.h:87] Deconstructing Sensor
I1008 16:05:43.585930 836307 Sensor.h:87] Deconstructing Sensor
I1008 16:05:43.586057 836307 Sensor.h:87] Deconstructing Sensor
I1008 16:05:43.586193 836307 Sensor.h:87] Deconstructing Sensor
I1008 16:05:43.586316 836307 Sensor.h:87] Deconstructing Sensor
I1008 16:05:43.586450 836307 Sensor.h:87] Deconstructing Sensor
I1008 16:05:43.586577 836307 Sensor.h:87] Deconstructing Sensor
I1008 16:05:43.586706 836307 Sensor.h:87] Deconstructing Sensor
I1008 16:05:43.586829 836307 Sensor.h:87] Deconstructing Sensor
I1008 16:05:43.586958 836307 Sensor.h:87] Deconstructing Sensor
I1008 16:05:43.587039 836307 Sensor.h:87] Deconstructing Sensor
I1008 16:05:43.592054 836307 Renderer.cpp:34] Deconstructing Renderer
I1008 16:05:43.592079 836307 WindowlessContext.h:17] Deconstructing WindowlessContext
I1008 16:05:43.597754 836307 MetadataMediator.cpp:56] MetadataMediator::setActiveSceneDatasetName : Old active dataset default changed to default successfully.
I1008 16:05:43.599150 836307 AttributesManagerBase.h:283] AttributesManager<T>::createFromJsonOrDefaultInternal  (Physics Manager) : Proposing JSON name : ./data/default.physics_config.json from original name : ./data/default.physics_config.json | This file  does not exist.
I1008 16:05:43.599186 836307 PhysicsAttributesManager.cpp:27] File (./data/default.physics_config.json) not found, so new default physics manager attributes created and registered.
I1008 16:05:43.599192 836307 AbstractObjectAttributesManagerBase.h:175] AbstractObjectAttributesManager<T>::createObject  (Stage) : Making attributes with handle : data/scene_datasets/mp3d/qoiz87JEwZ2/qoiz87JEwZ2.glb
I1008 16:05:43.599195 836307 ManagedContainerBase.cpp:19] ManagedContainerBase::convertFilenameToJSON : Filename : data/scene_datasets/mp3d/qoiz87JEwZ2/qoiz87JEwZ2.glb changed to proposed JSON configuration filename : data/scene_datasets/mp3d/qoiz87JEwZ2/qoiz87JEwZ2.stage_config.json
I1008 16:05:43.599218 836307 AttributesManagerBase.h:283] AttributesManager<T>::createFromJsonOrDefaultInternal  (Stage) : Proposing JSON name : data/scene_datasets/mp3d/qoiz87JEwZ2/qoiz87JEwZ2.stage_config.json from original name : data/scene_datasets/mp3d/qoiz87JEwZ2/qoiz87JEwZ2.glb | This file  does not exist.
I1008 16:05:43.599269 836307 AbstractObjectAttributesManagerBase.h:181] AbstractObjectAttributesManager<T>::createObject  (Stage) : Done making attributes with handle : data/scene_datasets/mp3d/qoiz87JEwZ2/qoiz87JEwZ2.glb
I1008 16:05:43.599270 836307 AbstractObjectAttributesManagerBase.h:188] File (data/scene_datasets/mp3d/qoiz87JEwZ2/qoiz87JEwZ2.glb) exists but is not a recognized config filename extension, so new default Stage attributes created and registered.
I1008 16:05:43.599273 836307 Simulator.cpp:156] Loading navmesh from data/scene_datasets/mp3d/qoiz87JEwZ2/qoiz87JEwZ2.navmesh
I1008 16:05:43.599443 836307 Simulator.cpp:158] Loaded.
I1008 16:05:43.599449 836307 SceneGraph.h:93] Created DrawableGroup: 
I1008 16:05:43.603510 836307 ResourceManager.cpp:234] ResourceManager::loadStage : Not loading semantic mesh
I1008 16:05:43.603521 836307 ResourceManager.cpp:262] ResourceManager::loadStage : start load render asset data/scene_datasets/mp3d/qoiz87JEwZ2/qoiz87JEwZ2.glb.
I1008 16:05:43.603523 836307 ResourceManager.cpp:569] ResourceManager::loadStageInternal : Attempting to load stage data/scene_datasets/mp3d/qoiz87JEwZ2/qoiz87JEwZ2.glb 
I1008 16:05:43.603549 836307 ResourceManager.cpp:1119] Importing Basis files as BC7 for qoiz87JEwZ2.glb
W1008 16:05:45.410961 836307 Simulator.cpp:248] :
---
 The active scene does not contain semantic annotations. 
---
I1008 16:05:45.471581 836307 simulator.py:213] Loaded navmesh data/scene_datasets/mp3d/qoiz87JEwZ2/qoiz87JEwZ2.navmesh
I1008 16:05:45.818121 836307 PhysicsManager.cpp:33] Deconstructing PhysicsManager
I1008 16:05:45.818146 836307 SemanticScene.h:41] Deconstructing SemanticScene
I1008 16:05:45.823261 836307 SceneManager.h:25] Deconstructing SceneManager
I1008 16:05:45.823277 836307 SceneGraph.h:26] Deconstructing SceneGraph
I1008 16:05:45.823686 836307 Sensor.h:87] Deconstructing Sensor
I1008 16:05:45.824409 836307 Sensor.h:87] Deconstructing Sensor
I1008 16:05:45.824532 836307 Sensor.h:87] Deconstructing Sensor
I1008 16:05:45.824656 836307 Sensor.h:87] Deconstructing Sensor
I1008 16:05:45.824776 836307 Sensor.h:87] Deconstructing Sensor
I1008 16:05:45.824895 836307 Sensor.h:87] Deconstructing Sensor
I1008 16:05:45.825016 836307 Sensor.h:87] Deconstructing Sensor
I1008 16:05:45.825124 836307 Sensor.h:87] Deconstructing Sensor
I1008 16:05:45.825235 836307 Sensor.h:87] Deconstructing Sensor
I1008 16:05:45.825341 836307 Sensor.h:87] Deconstructing Sensor
I1008 16:05:45.825446 836307 Sensor.h:87] Deconstructing Sensor
I1008 16:05:45.825549 836307 Sensor.h:87] Deconstructing Sensor
I1008 16:05:45.825651 836307 Sensor.h:87] Deconstructing Sensor
I1008 16:05:45.825809 836307 Sensor.h:87] Deconstructing Sensor
I1008 16:05:45.825953 836307 Sensor.h:87] Deconstructing Sensor
I1008 16:05:45.826082 836307 Sensor.h:87] Deconstructing Sensor
I1008 16:05:45.826215 836307 Sensor.h:87] Deconstructing Sensor
I1008 16:05:45.826340 836307 Sensor.h:87] Deconstructing Sensor
I1008 16:05:45.826467 836307 Sensor.h:87] Deconstructing Sensor
I1008 16:05:45.826606 836307 Sensor.h:87] Deconstructing Sensor
I1008 16:05:45.826731 836307 Sensor.h:87] Deconstructing Sensor
I1008 16:05:45.826857 836307 Sensor.h:87] Deconstructing Sensor
I1008 16:05:45.826987 836307 Sensor.h:87] Deconstructing Sensor
I1008 16:05:45.827068 836307 Sensor.h:87] Deconstructing Sensor
I1008 16:05:45.832129 836307 Renderer.cpp:34] Deconstructing Renderer
I1008 16:05:45.832154 836307 WindowlessContext.h:17] Deconstructing WindowlessContext
I1008 16:05:45.835747 836307 MetadataMediator.cpp:56] MetadataMediator::setActiveSceneDatasetName : Old active dataset default changed to default successfully.
I1008 16:05:45.836994 836307 AttributesManagerBase.h:283] AttributesManager<T>::createFromJsonOrDefaultInternal  (Physics Manager) : Proposing JSON name : ./data/default.physics_config.json from original name : ./data/default.physics_config.json | This file  does not exist.
I1008 16:05:45.837029 836307 PhysicsAttributesManager.cpp:27] File (./data/default.physics_config.json) not found, so new default physics manager attributes created and registered.
I1008 16:05:45.837035 836307 AbstractObjectAttributesManagerBase.h:175] AbstractObjectAttributesManager<T>::createObject  (Stage) : Making attributes with handle : data/scene_datasets/mp3d/pRbA3pwrgk9/pRbA3pwrgk9.glb
I1008 16:05:45.837039 836307 ManagedContainerBase.cpp:19] ManagedContainerBase::convertFilenameToJSON : Filename : data/scene_datasets/mp3d/pRbA3pwrgk9/pRbA3pwrgk9.glb changed to proposed JSON configuration filename : data/scene_datasets/mp3d/pRbA3pwrgk9/pRbA3pwrgk9.stage_config.json
I1008 16:05:45.837055 836307 AttributesManagerBase.h:283] AttributesManager<T>::createFromJsonOrDefaultInternal  (Stage) : Proposing JSON name : data/scene_datasets/mp3d/pRbA3pwrgk9/pRbA3pwrgk9.stage_config.json from original name : data/scene_datasets/mp3d/pRbA3pwrgk9/pRbA3pwrgk9.glb | This file  does not exist.
I1008 16:05:45.837108 836307 AbstractObjectAttributesManagerBase.h:181] AbstractObjectAttributesManager<T>::createObject  (Stage) : Done making attributes with handle : data/scene_datasets/mp3d/pRbA3pwrgk9/pRbA3pwrgk9.glb
I1008 16:05:45.837109 836307 AbstractObjectAttributesManagerBase.h:188] File (data/scene_datasets/mp3d/pRbA3pwrgk9/pRbA3pwrgk9.glb) exists but is not a recognized config filename extension, so new default Stage attributes created and registered.
I1008 16:05:45.837113 836307 Simulator.cpp:156] Loading navmesh from data/scene_datasets/mp3d/pRbA3pwrgk9/pRbA3pwrgk9.navmesh
I1008 16:05:45.837268 836307 Simulator.cpp:158] Loaded.
I1008 16:05:45.837275 836307 SceneGraph.h:93] Created DrawableGroup: 
I1008 16:05:45.841660 836307 ResourceManager.cpp:234] ResourceManager::loadStage : Not loading semantic mesh
I1008 16:05:45.841679 836307 ResourceManager.cpp:262] ResourceManager::loadStage : start load render asset data/scene_datasets/mp3d/pRbA3pwrgk9/pRbA3pwrgk9.glb.
I1008 16:05:45.841681 836307 ResourceManager.cpp:569] ResourceManager::loadStageInternal : Attempting to load stage data/scene_datasets/mp3d/pRbA3pwrgk9/pRbA3pwrgk9.glb 
I1008 16:05:45.841710 836307 ResourceManager.cpp:1119] Importing Basis files as BC7 for pRbA3pwrgk9.glb
W1008 16:05:47.083441 836307 Simulator.cpp:248] :
---
 The active scene does not contain semantic annotations. 
---
I1008 16:05:47.141701 836307 simulator.py:213] Loaded navmesh data/scene_datasets/mp3d/pRbA3pwrgk9/pRbA3pwrgk9.navmesh
I1008 16:05:47.494127 836307 PhysicsManager.cpp:33] Deconstructing PhysicsManager
I1008 16:05:47.494174 836307 SemanticScene.h:41] Deconstructing SemanticScene
I1008 16:05:47.500792 836307 SceneManager.h:25] Deconstructing SceneManager
I1008 16:05:47.500819 836307 SceneGraph.h:26] Deconstructing SceneGraph
I1008 16:05:47.501329 836307 Sensor.h:87] Deconstructing Sensor
I1008 16:05:47.502383 836307 Sensor.h:87] Deconstructing Sensor
I1008 16:05:47.502533 836307 Sensor.h:87] Deconstructing Sensor
I1008 16:05:47.502679 836307 Sensor.h:87] Deconstructing Sensor
I1008 16:05:47.502810 836307 Sensor.h:87] Deconstructing Sensor
I1008 16:05:47.502934 836307 Sensor.h:87] Deconstructing Sensor
I1008 16:05:47.503062 836307 Sensor.h:87] Deconstructing Sensor
I1008 16:05:47.503183 836307 Sensor.h:87] Deconstructing Sensor
I1008 16:05:47.503311 836307 Sensor.h:87] Deconstructing Sensor
I1008 16:05:47.503438 836307 Sensor.h:87] Deconstructing Sensor
I1008 16:05:47.503566 836307 Sensor.h:87] Deconstructing Sensor
I1008 16:05:47.503706 836307 Sensor.h:87] Deconstructing Sensor
I1008 16:05:47.503839 836307 Sensor.h:87] Deconstructing Sensor
I1008 16:05:47.504005 836307 Sensor.h:87] Deconstructing Sensor
I1008 16:05:47.504200 836307 Sensor.h:87] Deconstructing Sensor
I1008 16:05:47.504362 836307 Sensor.h:87] Deconstructing Sensor
I1008 16:05:47.504528 836307 Sensor.h:87] Deconstructing Sensor
I1008 16:05:47.504698 836307 Sensor.h:87] Deconstructing Sensor
I1008 16:05:47.504877 836307 Sensor.h:87] Deconstructing Sensor
I1008 16:05:47.505048 836307 Sensor.h:87] Deconstructing Sensor
I1008 16:05:47.505223 836307 Sensor.h:87] Deconstructing Sensor
I1008 16:05:47.505391 836307 Sensor.h:87] Deconstructing Sensor
I1008 16:05:47.505569 836307 Sensor.h:87] Deconstructing Sensor
I1008 16:05:47.505720 836307 Sensor.h:87] Deconstructing Sensor
I1008 16:05:47.513020 836307 Renderer.cpp:34] Deconstructing Renderer
I1008 16:05:47.513063 836307 WindowlessContext.h:17] Deconstructing WindowlessContext
I1008 16:05:47.516965 836307 MetadataMediator.cpp:56] MetadataMediator::setActiveSceneDatasetName : Old active dataset default changed to default successfully.
I1008 16:05:47.518510 836307 AttributesManagerBase.h:283] AttributesManager<T>::createFromJsonOrDefaultInternal  (Physics Manager) : Proposing JSON name : ./data/default.physics_config.json from original name : ./data/default.physics_config.json | This file  does not exist.
I1008 16:05:47.518556 836307 PhysicsAttributesManager.cpp:27] File (./data/default.physics_config.json) not found, so new default physics manager attributes created and registered.
I1008 16:05:47.518563 836307 AbstractObjectAttributesManagerBase.h:175] AbstractObjectAttributesManager<T>::createObject  (Stage) : Making attributes with handle : data/scene_datasets/mp3d/PX4nDJXEHrG/PX4nDJXEHrG.glb
I1008 16:05:47.518567 836307 ManagedContainerBase.cpp:19] ManagedContainerBase::convertFilenameToJSON : Filename : data/scene_datasets/mp3d/PX4nDJXEHrG/PX4nDJXEHrG.glb changed to proposed JSON configuration filename : data/scene_datasets/mp3d/PX4nDJXEHrG/PX4nDJXEHrG.stage_config.json
I1008 16:05:47.518587 836307 AttributesManagerBase.h:283] AttributesManager<T>::createFromJsonOrDefaultInternal  (Stage) : Proposing JSON name : data/scene_datasets/mp3d/PX4nDJXEHrG/PX4nDJXEHrG.stage_config.json from original name : data/scene_datasets/mp3d/PX4nDJXEHrG/PX4nDJXEHrG.glb | This file  does not exist.
I1008 16:05:47.518646 836307 AbstractObjectAttributesManagerBase.h:181] AbstractObjectAttributesManager<T>::createObject  (Stage) : Done making attributes with handle : data/scene_datasets/mp3d/PX4nDJXEHrG/PX4nDJXEHrG.glb
I1008 16:05:47.518647 836307 AbstractObjectAttributesManagerBase.h:188] File (data/scene_datasets/mp3d/PX4nDJXEHrG/PX4nDJXEHrG.glb) exists but is not a recognized config filename extension, so new default Stage attributes created and registered.
I1008 16:05:47.518652 836307 Simulator.cpp:156] Loading navmesh from data/scene_datasets/mp3d/PX4nDJXEHrG/PX4nDJXEHrG.navmesh
I1008 16:05:47.519105 836307 Simulator.cpp:158] Loaded.
I1008 16:05:47.519121 836307 SceneGraph.h:93] Created DrawableGroup: 
I1008 16:05:47.523818 836307 ResourceManager.cpp:234] ResourceManager::loadStage : Not loading semantic mesh
I1008 16:05:47.523844 836307 ResourceManager.cpp:262] ResourceManager::loadStage : start load render asset data/scene_datasets/mp3d/PX4nDJXEHrG/PX4nDJXEHrG.glb.
I1008 16:05:47.523857 836307 ResourceManager.cpp:569] ResourceManager::loadStageInternal : Attempting to load stage data/scene_datasets/mp3d/PX4nDJXEHrG/PX4nDJXEHrG.glb 
I1008 16:05:47.523888 836307 ResourceManager.cpp:1119] Importing Basis files as BC7 for PX4nDJXEHrG.glb
W1008 16:05:50.469440 836307 Simulator.cpp:248] :
---
 The active scene does not contain semantic annotations. 
---
I1008 16:05:50.568799 836307 simulator.py:213] Loaded navmesh data/scene_datasets/mp3d/PX4nDJXEHrG/PX4nDJXEHrG.navmesh
I1008 16:05:51.089632 836307 PhysicsManager.cpp:33] Deconstructing PhysicsManager
I1008 16:05:51.089659 836307 SemanticScene.h:41] Deconstructing SemanticScene
I1008 16:05:51.096377 836307 SceneManager.h:25] Deconstructing SceneManager
I1008 16:05:51.096395 836307 SceneGraph.h:26] Deconstructing SceneGraph
I1008 16:05:51.096918 836307 Sensor.h:87] Deconstructing Sensor
I1008 16:05:51.097499 836307 Sensor.h:87] Deconstructing Sensor
I1008 16:05:51.097615 836307 Sensor.h:87] Deconstructing Sensor
I1008 16:05:51.097746 836307 Sensor.h:87] Deconstructing Sensor
I1008 16:05:51.097863 836307 Sensor.h:87] Deconstructing Sensor
I1008 16:05:51.097973 836307 Sensor.h:87] Deconstructing Sensor
I1008 16:05:51.098089 836307 Sensor.h:87] Deconstructing Sensor
I1008 16:05:51.098223 836307 Sensor.h:87] Deconstructing Sensor
I1008 16:05:51.098338 836307 Sensor.h:87] Deconstructing Sensor
I1008 16:05:51.098449 836307 Sensor.h:87] Deconstructing Sensor
I1008 16:05:51.098559 836307 Sensor.h:87] Deconstructing Sensor
I1008 16:05:51.098675 836307 Sensor.h:87] Deconstructing Sensor
I1008 16:05:51.098776 836307 Sensor.h:87] Deconstructing Sensor
I1008 16:05:51.098914 836307 Sensor.h:87] Deconstructing Sensor
I1008 16:05:51.099047 836307 Sensor.h:87] Deconstructing Sensor
I1008 16:05:51.099172 836307 Sensor.h:87] Deconstructing Sensor
I1008 16:05:51.099303 836307 Sensor.h:87] Deconstructing Sensor
I1008 16:05:51.099426 836307 Sensor.h:87] Deconstructing Sensor
I1008 16:05:51.099609 836307 Sensor.h:87] Deconstructing Sensor
I1008 16:05:51.099746 836307 Sensor.h:87] Deconstructing Sensor
I1008 16:05:51.099896 836307 Sensor.h:87] Deconstructing Sensor
I1008 16:05:51.100025 836307 Sensor.h:87] Deconstructing Sensor
I1008 16:05:51.100159 836307 Sensor.h:87] Deconstructing Sensor
I1008 16:05:51.100268 836307 Sensor.h:87] Deconstructing Sensor
I1008 16:05:51.106772 836307 Renderer.cpp:34] Deconstructing Renderer
I1008 16:05:51.106812 836307 WindowlessContext.h:17] Deconstructing WindowlessContext
I1008 16:05:51.115293 836307 MetadataMediator.cpp:56] MetadataMediator::setActiveSceneDatasetName : Old active dataset default changed to default successfully.
I1008 16:05:51.117287 836307 AttributesManagerBase.h:283] AttributesManager<T>::createFromJsonOrDefaultInternal  (Physics Manager) : Proposing JSON name : ./data/default.physics_config.json from original name : ./data/default.physics_config.json | This file  does not exist.
I1008 16:05:51.117324 836307 PhysicsAttributesManager.cpp:27] File (./data/default.physics_config.json) not found, so new default physics manager attributes created and registered.
I1008 16:05:51.117331 836307 AbstractObjectAttributesManagerBase.h:175] AbstractObjectAttributesManager<T>::createObject  (Stage) : Making attributes with handle : data/scene_datasets/mp3d/2n8kARJN3HM/2n8kARJN3HM.glb
I1008 16:05:51.117333 836307 ManagedContainerBase.cpp:19] ManagedContainerBase::convertFilenameToJSON : Filename : data/scene_datasets/mp3d/2n8kARJN3HM/2n8kARJN3HM.glb changed to proposed JSON configuration filename : data/scene_datasets/mp3d/2n8kARJN3HM/2n8kARJN3HM.stage_config.json
I1008 16:05:51.117349 836307 AttributesManagerBase.h:283] AttributesManager<T>::createFromJsonOrDefaultInternal  (Stage) : Proposing JSON name : data/scene_datasets/mp3d/2n8kARJN3HM/2n8kARJN3HM.stage_config.json from original name : data/scene_datasets/mp3d/2n8kARJN3HM/2n8kARJN3HM.glb | This file  does not exist.
I1008 16:05:51.117398 836307 AbstractObjectAttributesManagerBase.h:181] AbstractObjectAttributesManager<T>::createObject  (Stage) : Done making attributes with handle : data/scene_datasets/mp3d/2n8kARJN3HM/2n8kARJN3HM.glb
I1008 16:05:51.117410 836307 AbstractObjectAttributesManagerBase.h:188] File (data/scene_datasets/mp3d/2n8kARJN3HM/2n8kARJN3HM.glb) exists but is not a recognized config filename extension, so new default Stage attributes created and registered.
I1008 16:05:51.117414 836307 Simulator.cpp:156] Loading navmesh from data/scene_datasets/mp3d/2n8kARJN3HM/2n8kARJN3HM.navmesh
I1008 16:05:51.117798 836307 Simulator.cpp:158] Loaded.
I1008 16:05:51.117808 836307 SceneGraph.h:93] Created DrawableGroup: 
I1008 16:05:51.121744 836307 ResourceManager.cpp:234] ResourceManager::loadStage : Not loading semantic mesh
I1008 16:05:51.121757 836307 ResourceManager.cpp:262] ResourceManager::loadStage : start load render asset data/scene_datasets/mp3d/2n8kARJN3HM/2n8kARJN3HM.glb.
I1008 16:05:51.121757 836307 ResourceManager.cpp:569] ResourceManager::loadStageInternal : Attempting to load stage data/scene_datasets/mp3d/2n8kARJN3HM/2n8kARJN3HM.glb 
I1008 16:05:51.121781 836307 ResourceManager.cpp:1119] Importing Basis files as BC7 for 2n8kARJN3HM.glb
W1008 16:05:54.052055 836307 Simulator.cpp:248] :
---
 The active scene does not contain semantic annotations. 
---
I1008 16:05:54.130922 836307 simulator.py:213] Loaded navmesh data/scene_datasets/mp3d/2n8kARJN3HM/2n8kARJN3HM.navmesh
I1008 16:05:55.214617 836307 PhysicsManager.cpp:33] Deconstructing PhysicsManager
I1008 16:05:55.214644 836307 SemanticScene.h:41] Deconstructing SemanticScene
I1008 16:05:55.219112 836307 SceneManager.h:25] Deconstructing SceneManager
I1008 16:05:55.219128 836307 SceneGraph.h:26] Deconstructing SceneGraph
I1008 16:05:55.219697 836307 Sensor.h:87] Deconstructing Sensor
I1008 16:05:55.220252 836307 Sensor.h:87] Deconstructing Sensor
I1008 16:05:55.220371 836307 Sensor.h:87] Deconstructing Sensor
I1008 16:05:55.220489 836307 Sensor.h:87] Deconstructing Sensor
I1008 16:05:55.220709 836307 Sensor.h:87] Deconstructing Sensor
I1008 16:05:55.220851 836307 Sensor.h:87] Deconstructing Sensor
I1008 16:05:55.220970 836307 Sensor.h:87] Deconstructing Sensor
I1008 16:05:55.221084 836307 Sensor.h:87] Deconstructing Sensor
I1008 16:05:55.221204 836307 Sensor.h:87] Deconstructing Sensor
I1008 16:05:55.221313 836307 Sensor.h:87] Deconstructing Sensor
I1008 16:05:55.221413 836307 Sensor.h:87] Deconstructing Sensor
I1008 16:05:55.221522 836307 Sensor.h:87] Deconstructing Sensor
I1008 16:05:55.221623 836307 Sensor.h:87] Deconstructing Sensor
I1008 16:05:55.221767 836307 Sensor.h:87] Deconstructing Sensor
I1008 16:05:55.221901 836307 Sensor.h:87] Deconstructing Sensor
I1008 16:05:55.222031 836307 Sensor.h:87] Deconstructing Sensor
I1008 16:05:55.222160 836307 Sensor.h:87] Deconstructing Sensor
I1008 16:05:55.222285 836307 Sensor.h:87] Deconstructing Sensor
I1008 16:05:55.222410 836307 Sensor.h:87] Deconstructing Sensor
I1008 16:05:55.222536 836307 Sensor.h:87] Deconstructing Sensor
I1008 16:05:55.222659 836307 Sensor.h:87] Deconstructing Sensor
I1008 16:05:55.222790 836307 Sensor.h:87] Deconstructing Sensor
I1008 16:05:55.222920 836307 Sensor.h:87] Deconstructing Sensor
I1008 16:05:55.223083 836307 Sensor.h:87] Deconstructing Sensor
I1008 16:05:55.229905 836307 Renderer.cpp:34] Deconstructing Renderer
I1008 16:05:55.230116 836307 WindowlessContext.h:17] Deconstructing WindowlessContext
I1008 16:05:55.235963 836307 MetadataMediator.cpp:56] MetadataMediator::setActiveSceneDatasetName : Old active dataset default changed to default successfully.
I1008 16:05:55.238042 836307 AttributesManagerBase.h:283] AttributesManager<T>::createFromJsonOrDefaultInternal  (Physics Manager) : Proposing JSON name : ./data/default.physics_config.json from original name : ./data/default.physics_config.json | This file  does not exist.
I1008 16:05:55.238085 836307 PhysicsAttributesManager.cpp:27] File (./data/default.physics_config.json) not found, so new default physics manager attributes created and registered.
I1008 16:05:55.238094 836307 AbstractObjectAttributesManagerBase.h:175] AbstractObjectAttributesManager<T>::createObject  (Stage) : Making attributes with handle : data/scene_datasets/mp3d/PX4nDJXEHrG/PX4nDJXEHrG.glb
I1008 16:05:55.238112 836307 ManagedContainerBase.cpp:19] ManagedContainerBase::convertFilenameToJSON : Filename : data/scene_datasets/mp3d/PX4nDJXEHrG/PX4nDJXEHrG.glb changed to proposed JSON configuration filename : data/scene_datasets/mp3d/PX4nDJXEHrG/PX4nDJXEHrG.stage_config.json
I1008 16:05:55.238131 836307 AttributesManagerBase.h:283] AttributesManager<T>::createFromJsonOrDefaultInternal  (Stage) : Proposing JSON name : data/scene_datasets/mp3d/PX4nDJXEHrG/PX4nDJXEHrG.stage_config.json from original name : data/scene_datasets/mp3d/PX4nDJXEHrG/PX4nDJXEHrG.glb | This file  does not exist.
I1008 16:05:55.238184 836307 AbstractObjectAttributesManagerBase.h:181] AbstractObjectAttributesManager<T>::createObject  (Stage) : Done making attributes with handle : data/scene_datasets/mp3d/PX4nDJXEHrG/PX4nDJXEHrG.glb
I1008 16:05:55.238186 836307 AbstractObjectAttributesManagerBase.h:188] File (data/scene_datasets/mp3d/PX4nDJXEHrG/PX4nDJXEHrG.glb) exists but is not a recognized config filename extension, so new default Stage attributes created and registered.
I1008 16:05:55.238190 836307 Simulator.cpp:156] Loading navmesh from data/scene_datasets/mp3d/PX4nDJXEHrG/PX4nDJXEHrG.navmesh
I1008 16:05:55.238610 836307 Simulator.cpp:158] Loaded.
I1008 16:05:55.238618 836307 SceneGraph.h:93] Created DrawableGroup: 
I1008 16:05:55.243022 836307 ResourceManager.cpp:234] ResourceManager::loadStage : Not loading semantic mesh
I1008 16:05:55.243036 836307 ResourceManager.cpp:262] ResourceManager::loadStage : start load render asset data/scene_datasets/mp3d/PX4nDJXEHrG/PX4nDJXEHrG.glb.
I1008 16:05:55.243036 836307 ResourceManager.cpp:569] ResourceManager::loadStageInternal : Attempting to load stage data/scene_datasets/mp3d/PX4nDJXEHrG/PX4nDJXEHrG.glb 
I1008 16:05:55.243064 836307 ResourceManager.cpp:1119] Importing Basis files as BC7 for PX4nDJXEHrG.glb
W1008 16:05:57.989493 836307 Simulator.cpp:248] :
---
 The active scene does not contain semantic annotations. 
---
I1008 16:05:58.090893 836307 simulator.py:213] Loaded navmesh data/scene_datasets/mp3d/PX4nDJXEHrG/PX4nDJXEHrG.navmesh
I1008 16:05:58.653769 836307 PhysicsManager.cpp:33] Deconstructing PhysicsManager
I1008 16:05:58.653798 836307 SemanticScene.h:41] Deconstructing SemanticScene
I1008 16:05:58.659982 836307 SceneManager.h:25] Deconstructing SceneManager
I1008 16:05:58.660005 836307 SceneGraph.h:26] Deconstructing SceneGraph
I1008 16:05:58.660627 836307 Sensor.h:87] Deconstructing Sensor
I1008 16:05:58.661402 836307 Sensor.h:87] Deconstructing Sensor
I1008 16:05:58.661516 836307 Sensor.h:87] Deconstructing Sensor
I1008 16:05:58.661633 836307 Sensor.h:87] Deconstructing Sensor
I1008 16:05:58.661742 836307 Sensor.h:87] Deconstructing Sensor
I1008 16:05:58.661844 836307 Sensor.h:87] Deconstructing Sensor
I1008 16:05:58.661949 836307 Sensor.h:87] Deconstructing Sensor
I1008 16:05:58.662051 836307 Sensor.h:87] Deconstructing Sensor
I1008 16:05:58.662163 836307 Sensor.h:87] Deconstructing Sensor
I1008 16:05:58.662266 836307 Sensor.h:87] Deconstructing Sensor
I1008 16:05:58.662372 836307 Sensor.h:87] Deconstructing Sensor
I1008 16:05:58.662477 836307 Sensor.h:87] Deconstructing Sensor
I1008 16:05:58.662573 836307 Sensor.h:87] Deconstructing Sensor
I1008 16:05:58.662716 836307 Sensor.h:87] Deconstructing Sensor
I1008 16:05:58.662855 836307 Sensor.h:87] Deconstructing Sensor
I1008 16:05:58.662989 836307 Sensor.h:87] Deconstructing Sensor
I1008 16:05:58.663123 836307 Sensor.h:87] Deconstructing Sensor
I1008 16:05:58.663257 836307 Sensor.h:87] Deconstructing Sensor
I1008 16:05:58.663388 836307 Sensor.h:87] Deconstructing Sensor
I1008 16:05:58.663516 836307 Sensor.h:87] Deconstructing Sensor
I1008 16:05:58.663642 836307 Sensor.h:87] Deconstructing Sensor
I1008 16:05:58.663772 836307 Sensor.h:87] Deconstructing Sensor
I1008 16:05:58.663911 836307 Sensor.h:87] Deconstructing Sensor
I1008 16:05:58.664084 836307 Sensor.h:87] Deconstructing Sensor
I1008 16:05:58.669992 836307 Renderer.cpp:34] Deconstructing Renderer
I1008 16:05:58.670032 836307 WindowlessContext.h:17] Deconstructing WindowlessContext
I1008 16:05:58.678519 836307 MetadataMediator.cpp:56] MetadataMediator::setActiveSceneDatasetName : Old active dataset default changed to default successfully.
I1008 16:05:58.680675 836307 AttributesManagerBase.h:283] AttributesManager<T>::createFromJsonOrDefaultInternal  (Physics Manager) : Proposing JSON name : ./data/default.physics_config.json from original name : ./data/default.physics_config.json | This file  does not exist.
I1008 16:05:58.680714 836307 PhysicsAttributesManager.cpp:27] File (./data/default.physics_config.json) not found, so new default physics manager attributes created and registered.
I1008 16:05:58.680720 836307 AbstractObjectAttributesManagerBase.h:175] AbstractObjectAttributesManager<T>::createObject  (Stage) : Making attributes with handle : data/scene_datasets/mp3d/2n8kARJN3HM/2n8kARJN3HM.glb
I1008 16:05:58.680723 836307 ManagedContainerBase.cpp:19] ManagedContainerBase::convertFilenameToJSON : Filename : data/scene_datasets/mp3d/2n8kARJN3HM/2n8kARJN3HM.glb changed to proposed JSON configuration filename : data/scene_datasets/mp3d/2n8kARJN3HM/2n8kARJN3HM.stage_config.json
I1008 16:05:58.680742 836307 AttributesManagerBase.h:283] AttributesManager<T>::createFromJsonOrDefaultInternal  (Stage) : Proposing JSON name : data/scene_datasets/mp3d/2n8kARJN3HM/2n8kARJN3HM.stage_config.json from original name : data/scene_datasets/mp3d/2n8kARJN3HM/2n8kARJN3HM.glb | This file  does not exist.
I1008 16:05:58.680792 836307 AbstractObjectAttributesManagerBase.h:181] AbstractObjectAttributesManager<T>::createObject  (Stage) : Done making attributes with handle : data/scene_datasets/mp3d/2n8kARJN3HM/2n8kARJN3HM.glb
I1008 16:05:58.680794 836307 AbstractObjectAttributesManagerBase.h:188] File (data/scene_datasets/mp3d/2n8kARJN3HM/2n8kARJN3HM.glb) exists but is not a recognized config filename extension, so new default Stage attributes created and registered.
I1008 16:05:58.680797 836307 Simulator.cpp:156] Loading navmesh from data/scene_datasets/mp3d/2n8kARJN3HM/2n8kARJN3HM.navmesh
I1008 16:05:58.681054 836307 Simulator.cpp:158] Loaded.
I1008 16:05:58.681061 836307 SceneGraph.h:93] Created DrawableGroup: 
I1008 16:05:58.685014 836307 ResourceManager.cpp:234] ResourceManager::loadStage : Not loading semantic mesh
I1008 16:05:58.685026 836307 ResourceManager.cpp:262] ResourceManager::loadStage : start load render asset data/scene_datasets/mp3d/2n8kARJN3HM/2n8kARJN3HM.glb.
I1008 16:05:58.685027 836307 ResourceManager.cpp:569] ResourceManager::loadStageInternal : Attempting to load stage data/scene_datasets/mp3d/2n8kARJN3HM/2n8kARJN3HM.glb 
I1008 16:05:58.685053 836307 ResourceManager.cpp:1119] Importing Basis files as BC7 for 2n8kARJN3HM.glb
W1008 16:06:01.581234 836307 Simulator.cpp:248] :
---
 The active scene does not contain semantic annotations. 
---
I1008 16:06:01.656435 836307 simulator.py:213] Loaded navmesh data/scene_datasets/mp3d/2n8kARJN3HM/2n8kARJN3HM.navmesh
I1008 16:06:02.773078 836307 PhysicsManager.cpp:33] Deconstructing PhysicsManager
I1008 16:06:02.773123 836307 SemanticScene.h:41] Deconstructing SemanticScene
I1008 16:06:02.783716 836307 SceneManager.h:25] Deconstructing SceneManager
I1008 16:06:02.783751 836307 SceneGraph.h:26] Deconstructing SceneGraph
I1008 16:06:02.784386 836307 Sensor.h:87] Deconstructing Sensor
I1008 16:06:02.785569 836307 Sensor.h:87] Deconstructing Sensor
I1008 16:06:02.785728 836307 Sensor.h:87] Deconstructing Sensor
I1008 16:06:02.785872 836307 Sensor.h:87] Deconstructing Sensor
I1008 16:06:02.786005 836307 Sensor.h:87] Deconstructing Sensor
I1008 16:06:02.786134 836307 Sensor.h:87] Deconstructing Sensor
I1008 16:06:02.786269 836307 Sensor.h:87] Deconstructing Sensor
I1008 16:06:02.786397 836307 Sensor.h:87] Deconstructing Sensor
I1008 16:06:02.786535 836307 Sensor.h:87] Deconstructing Sensor
I1008 16:06:02.786670 836307 Sensor.h:87] Deconstructing Sensor
I1008 16:06:02.786801 836307 Sensor.h:87] Deconstructing Sensor
I1008 16:06:02.786931 836307 Sensor.h:87] Deconstructing Sensor
I1008 16:06:02.787089 836307 Sensor.h:87] Deconstructing Sensor
I1008 16:06:02.787279 836307 Sensor.h:87] Deconstructing Sensor
I1008 16:06:02.787456 836307 Sensor.h:87] Deconstructing Sensor
I1008 16:06:02.787606 836307 Sensor.h:87] Deconstructing Sensor
I1008 16:06:02.787806 836307 Sensor.h:87] Deconstructing Sensor
I1008 16:06:02.787962 836307 Sensor.h:87] Deconstructing Sensor
I1008 16:06:02.788120 836307 Sensor.h:87] Deconstructing Sensor
I1008 16:06:02.788271 836307 Sensor.h:87] Deconstructing Sensor
I1008 16:06:02.788429 836307 Sensor.h:87] Deconstructing Sensor
I1008 16:06:02.788589 836307 Sensor.h:87] Deconstructing Sensor
I1008 16:06:02.788757 836307 Sensor.h:87] Deconstructing Sensor
I1008 16:06:02.788959 836307 Sensor.h:87] Deconstructing Sensor
I1008 16:06:02.797768 836307 Renderer.cpp:34] Deconstructing Renderer
I1008 16:06:02.797806 836307 WindowlessContext.h:17] Deconstructing WindowlessContext
I1008 16:06:02.804687 836307 MetadataMediator.cpp:56] MetadataMediator::setActiveSceneDatasetName : Old active dataset default changed to default successfully.
I1008 16:06:02.806977 836307 AttributesManagerBase.h:283] AttributesManager<T>::createFromJsonOrDefaultInternal  (Physics Manager) : Proposing JSON name : ./data/default.physics_config.json from original name : ./data/default.physics_config.json | This file  does not exist.
I1008 16:06:02.807031 836307 PhysicsAttributesManager.cpp:27] File (./data/default.physics_config.json) not found, so new default physics manager attributes created and registered.
I1008 16:06:02.807039 836307 AbstractObjectAttributesManagerBase.h:175] AbstractObjectAttributesManager<T>::createObject  (Stage) : Making attributes with handle : data/scene_datasets/mp3d/JmbYfDe2QKZ/JmbYfDe2QKZ.glb
I1008 16:06:02.807042 836307 ManagedContainerBase.cpp:19] ManagedContainerBase::convertFilenameToJSON : Filename : data/scene_datasets/mp3d/JmbYfDe2QKZ/JmbYfDe2QKZ.glb changed to proposed JSON configuration filename : data/scene_datasets/mp3d/JmbYfDe2QKZ/JmbYfDe2QKZ.stage_config.json
I1008 16:06:02.807062 836307 AttributesManagerBase.h:283] AttributesManager<T>::createFromJsonOrDefaultInternal  (Stage) : Proposing JSON name : data/scene_datasets/mp3d/JmbYfDe2QKZ/JmbYfDe2QKZ.stage_config.json from original name : data/scene_datasets/mp3d/JmbYfDe2QKZ/JmbYfDe2QKZ.glb | This file  does not exist.
I1008 16:06:02.807120 836307 AbstractObjectAttributesManagerBase.h:181] AbstractObjectAttributesManager<T>::createObject  (Stage) : Done making attributes with handle : data/scene_datasets/mp3d/JmbYfDe2QKZ/JmbYfDe2QKZ.glb
I1008 16:06:02.807122 836307 AbstractObjectAttributesManagerBase.h:188] File (data/scene_datasets/mp3d/JmbYfDe2QKZ/JmbYfDe2QKZ.glb) exists but is not a recognized config filename extension, so new default Stage attributes created and registered.
I1008 16:06:02.807126 836307 Simulator.cpp:156] Loading navmesh from data/scene_datasets/mp3d/JmbYfDe2QKZ/JmbYfDe2QKZ.navmesh
I1008 16:06:02.807262 836307 Simulator.cpp:158] Loaded.
I1008 16:06:02.807269 836307 SceneGraph.h:93] Created DrawableGroup: 
I1008 16:06:02.812522 836307 ResourceManager.cpp:234] ResourceManager::loadStage : Not loading semantic mesh
I1008 16:06:02.812549 836307 ResourceManager.cpp:262] ResourceManager::loadStage : start load render asset data/scene_datasets/mp3d/JmbYfDe2QKZ/JmbYfDe2QKZ.glb.
I1008 16:06:02.812551 836307 ResourceManager.cpp:569] ResourceManager::loadStageInternal : Attempting to load stage data/scene_datasets/mp3d/JmbYfDe2QKZ/JmbYfDe2QKZ.glb 
I1008 16:06:02.812583 836307 ResourceManager.cpp:1119] Importing Basis files as BC7 for JmbYfDe2QKZ.glb
W1008 16:06:04.101313 836307 Simulator.cpp:248] :
---
 The active scene does not contain semantic annotations. 
---
I1008 16:06:04.157407 836307 simulator.py:213] Loaded navmesh data/scene_datasets/mp3d/JmbYfDe2QKZ/JmbYfDe2QKZ.navmesh
I1008 16:06:04.965502 836307 PhysicsManager.cpp:33] Deconstructing PhysicsManager
I1008 16:06:04.965533 836307 SemanticScene.h:41] Deconstructing SemanticScene
I1008 16:06:04.969165 836307 SceneManager.h:25] Deconstructing SceneManager
I1008 16:06:04.969194 836307 SceneGraph.h:26] Deconstructing SceneGraph
I1008 16:06:04.969619 836307 Sensor.h:87] Deconstructing Sensor
I1008 16:06:04.970314 836307 Sensor.h:87] Deconstructing Sensor
I1008 16:06:04.970448 836307 Sensor.h:87] Deconstructing Sensor
I1008 16:06:04.970585 836307 Sensor.h:87] Deconstructing Sensor
I1008 16:06:04.970716 836307 Sensor.h:87] Deconstructing Sensor
I1008 16:06:04.970836 836307 Sensor.h:87] Deconstructing Sensor
I1008 16:06:04.970960 836307 Sensor.h:87] Deconstructing Sensor
I1008 16:06:04.971076 836307 Sensor.h:87] Deconstructing Sensor
I1008 16:06:04.971192 836307 Sensor.h:87] Deconstructing Sensor
I1008 16:06:04.971306 836307 Sensor.h:87] Deconstructing Sensor
I1008 16:06:04.971417 836307 Sensor.h:87] Deconstructing Sensor
I1008 16:06:04.971537 836307 Sensor.h:87] Deconstructing Sensor
I1008 16:06:04.971657 836307 Sensor.h:87] Deconstructing Sensor
I1008 16:06:04.971820 836307 Sensor.h:87] Deconstructing Sensor
I1008 16:06:04.971975 836307 Sensor.h:87] Deconstructing Sensor
I1008 16:06:04.972117 836307 Sensor.h:87] Deconstructing Sensor
I1008 16:06:04.972261 836307 Sensor.h:87] Deconstructing Sensor
I1008 16:06:04.972396 836307 Sensor.h:87] Deconstructing Sensor
I1008 16:06:04.972532 836307 Sensor.h:87] Deconstructing Sensor
I1008 16:06:04.972669 836307 Sensor.h:87] Deconstructing Sensor
I1008 16:06:04.972807 836307 Sensor.h:87] Deconstructing Sensor
I1008 16:06:04.972934 836307 Sensor.h:87] Deconstructing Sensor
I1008 16:06:04.973071 836307 Sensor.h:87] Deconstructing Sensor
I1008 16:06:04.973251 836307 Sensor.h:87] Deconstructing Sensor
I1008 16:06:04.979136 836307 Renderer.cpp:34] Deconstructing Renderer
I1008 16:06:04.979166 836307 WindowlessContext.h:17] Deconstructing WindowlessContext
I1008 16:06:04.982143 836307 MetadataMediator.cpp:56] MetadataMediator::setActiveSceneDatasetName : Old active dataset default changed to default successfully.
I1008 16:06:04.983276 836307 AttributesManagerBase.h:283] AttributesManager<T>::createFromJsonOrDefaultInternal  (Physics Manager) : Proposing JSON name : ./data/default.physics_config.json from original name : ./data/default.physics_config.json | This file  does not exist.
I1008 16:06:04.983310 836307 PhysicsAttributesManager.cpp:27] File (./data/default.physics_config.json) not found, so new default physics manager attributes created and registered.
I1008 16:06:04.983317 836307 AbstractObjectAttributesManagerBase.h:175] AbstractObjectAttributesManager<T>::createObject  (Stage) : Making attributes with handle : data/scene_datasets/mp3d/PX4nDJXEHrG/PX4nDJXEHrG.glb
I1008 16:06:04.983320 836307 ManagedContainerBase.cpp:19] ManagedContainerBase::convertFilenameToJSON : Filename : data/scene_datasets/mp3d/PX4nDJXEHrG/PX4nDJXEHrG.glb changed to proposed JSON configuration filename : data/scene_datasets/mp3d/PX4nDJXEHrG/PX4nDJXEHrG.stage_config.json
I1008 16:06:04.983341 836307 AttributesManagerBase.h:283] AttributesManager<T>::createFromJsonOrDefaultInternal  (Stage) : Proposing JSON name : data/scene_datasets/mp3d/PX4nDJXEHrG/PX4nDJXEHrG.stage_config.json from original name : data/scene_datasets/mp3d/PX4nDJXEHrG/PX4nDJXEHrG.glb | This file  does not exist.
I1008 16:06:04.983392 836307 AbstractObjectAttributesManagerBase.h:181] AbstractObjectAttributesManager<T>::createObject  (Stage) : Done making attributes with handle : data/scene_datasets/mp3d/PX4nDJXEHrG/PX4nDJXEHrG.glb
I1008 16:06:04.983392 836307 AbstractObjectAttributesManagerBase.h:188] File (data/scene_datasets/mp3d/PX4nDJXEHrG/PX4nDJXEHrG.glb) exists but is not a recognized config filename extension, so new default Stage attributes created and registered.
I1008 16:06:04.983397 836307 Simulator.cpp:156] Loading navmesh from data/scene_datasets/mp3d/PX4nDJXEHrG/PX4nDJXEHrG.navmesh
I1008 16:06:04.983757 836307 Simulator.cpp:158] Loaded.
I1008 16:06:04.983765 836307 SceneGraph.h:93] Created DrawableGroup: 
I1008 16:06:04.987447 836307 ResourceManager.cpp:234] ResourceManager::loadStage : Not loading semantic mesh
I1008 16:06:04.987458 836307 ResourceManager.cpp:262] ResourceManager::loadStage : start load render asset data/scene_datasets/mp3d/PX4nDJXEHrG/PX4nDJXEHrG.glb.
I1008 16:06:04.987468 836307 ResourceManager.cpp:569] ResourceManager::loadStageInternal : Attempting to load stage data/scene_datasets/mp3d/PX4nDJXEHrG/PX4nDJXEHrG.glb 
I1008 16:06:04.987492 836307 ResourceManager.cpp:1119] Importing Basis files as BC7 for PX4nDJXEHrG.glb
W1008 16:06:07.762691 836307 Simulator.cpp:248] :
---
 The active scene does not contain semantic annotations. 
---
I1008 16:06:07.866544 836307 simulator.py:213] Loaded navmesh data/scene_datasets/mp3d/PX4nDJXEHrG/PX4nDJXEHrG.navmesh
I1008 16:06:08.384459 836307 PhysicsManager.cpp:33] Deconstructing PhysicsManager
I1008 16:06:08.384495 836307 SemanticScene.h:41] Deconstructing SemanticScene
I1008 16:06:08.397212 836307 SceneManager.h:25] Deconstructing SceneManager
I1008 16:06:08.397236 836307 SceneGraph.h:26] Deconstructing SceneGraph
I1008 16:06:08.397831 836307 Sensor.h:87] Deconstructing Sensor
I1008 16:06:08.398993 836307 Sensor.h:87] Deconstructing Sensor
I1008 16:06:08.399132 836307 Sensor.h:87] Deconstructing Sensor
I1008 16:06:08.399271 836307 Sensor.h:87] Deconstructing Sensor
I1008 16:06:08.399396 836307 Sensor.h:87] Deconstructing Sensor
I1008 16:06:08.399524 836307 Sensor.h:87] Deconstructing Sensor
I1008 16:06:08.399658 836307 Sensor.h:87] Deconstructing Sensor
I1008 16:06:08.399788 836307 Sensor.h:87] Deconstructing Sensor
I1008 16:06:08.399917 836307 Sensor.h:87] Deconstructing Sensor
I1008 16:06:08.400039 836307 Sensor.h:87] Deconstructing Sensor
I1008 16:06:08.400162 836307 Sensor.h:87] Deconstructing Sensor
I1008 16:06:08.400290 836307 Sensor.h:87] Deconstructing Sensor
I1008 16:06:08.400414 836307 Sensor.h:87] Deconstructing Sensor
I1008 16:06:08.400601 836307 Sensor.h:87] Deconstructing Sensor
I1008 16:06:08.400779 836307 Sensor.h:87] Deconstructing Sensor
I1008 16:06:08.400941 836307 Sensor.h:87] Deconstructing Sensor
I1008 16:06:08.401106 836307 Sensor.h:87] Deconstructing Sensor
I1008 16:06:08.401259 836307 Sensor.h:87] Deconstructing Sensor
I1008 16:06:08.401415 836307 Sensor.h:87] Deconstructing Sensor
I1008 16:06:08.401576 836307 Sensor.h:87] Deconstructing Sensor
I1008 16:06:08.401739 836307 Sensor.h:87] Deconstructing Sensor
I1008 16:06:08.401903 836307 Sensor.h:87] Deconstructing Sensor
I1008 16:06:08.402065 836307 Sensor.h:87] Deconstructing Sensor
I1008 16:06:08.402173 836307 Sensor.h:87] Deconstructing Sensor
I1008 16:06:08.412559 836307 Renderer.cpp:34] Deconstructing Renderer
I1008 16:06:08.412599 836307 WindowlessContext.h:17] Deconstructing WindowlessContext
I1008 16:06:08.419878 836307 MetadataMediator.cpp:56] MetadataMediator::setActiveSceneDatasetName : Old active dataset default changed to default successfully.
I1008 16:06:08.422065 836307 AttributesManagerBase.h:283] AttributesManager<T>::createFromJsonOrDefaultInternal  (Physics Manager) : Proposing JSON name : ./data/default.physics_config.json from original name : ./data/default.physics_config.json | This file  does not exist.
I1008 16:06:08.422113 836307 PhysicsAttributesManager.cpp:27] File (./data/default.physics_config.json) not found, so new default physics manager attributes created and registered.
I1008 16:06:08.422122 836307 AbstractObjectAttributesManagerBase.h:175] AbstractObjectAttributesManager<T>::createObject  (Stage) : Making attributes with handle : data/scene_datasets/mp3d/pRbA3pwrgk9/pRbA3pwrgk9.glb
I1008 16:06:08.422124 836307 ManagedContainerBase.cpp:19] ManagedContainerBase::convertFilenameToJSON : Filename : data/scene_datasets/mp3d/pRbA3pwrgk9/pRbA3pwrgk9.glb changed to proposed JSON configuration filename : data/scene_datasets/mp3d/pRbA3pwrgk9/pRbA3pwrgk9.stage_config.json
I1008 16:06:08.422142 836307 AttributesManagerBase.h:283] AttributesManager<T>::createFromJsonOrDefaultInternal  (Stage) : Proposing JSON name : data/scene_datasets/mp3d/pRbA3pwrgk9/pRbA3pwrgk9.stage_config.json from original name : data/scene_datasets/mp3d/pRbA3pwrgk9/pRbA3pwrgk9.glb | This file  does not exist.
I1008 16:06:08.422196 836307 AbstractObjectAttributesManagerBase.h:181] AbstractObjectAttributesManager<T>::createObject  (Stage) : Done making attributes with handle : data/scene_datasets/mp3d/pRbA3pwrgk9/pRbA3pwrgk9.glb
I1008 16:06:08.422210 836307 AbstractObjectAttributesManagerBase.h:188] File (data/scene_datasets/mp3d/pRbA3pwrgk9/pRbA3pwrgk9.glb) exists but is not a recognized config filename extension, so new default Stage attributes created and registered.
I1008 16:06:08.422215 836307 Simulator.cpp:156] Loading navmesh from data/scene_datasets/mp3d/pRbA3pwrgk9/pRbA3pwrgk9.navmesh
I1008 16:06:08.422390 836307 Simulator.cpp:158] Loaded.
I1008 16:06:08.422399 836307 SceneGraph.h:93] Created DrawableGroup: 
I1008 16:06:08.427138 836307 ResourceManager.cpp:234] ResourceManager::loadStage : Not loading semantic mesh
I1008 16:06:08.427163 836307 ResourceManager.cpp:262] ResourceManager::loadStage : start load render asset data/scene_datasets/mp3d/pRbA3pwrgk9/pRbA3pwrgk9.glb.
I1008 16:06:08.427165 836307 ResourceManager.cpp:569] ResourceManager::loadStageInternal : Attempting to load stage data/scene_datasets/mp3d/pRbA3pwrgk9/pRbA3pwrgk9.glb 
I1008 16:06:08.427201 836307 ResourceManager.cpp:1119] Importing Basis files as BC7 for pRbA3pwrgk9.glb
W1008 16:06:09.652024 836307 Simulator.cpp:248] :
---
 The active scene does not contain semantic annotations. 
---
I1008 16:06:09.709474 836307 simulator.py:213] Loaded navmesh data/scene_datasets/mp3d/pRbA3pwrgk9/pRbA3pwrgk9.navmesh
I1008 16:06:10.522297 836307 PhysicsManager.cpp:33] Deconstructing PhysicsManager
I1008 16:06:10.522323 836307 SemanticScene.h:41] Deconstructing SemanticScene
I1008 16:06:10.526816 836307 SceneManager.h:25] Deconstructing SceneManager
I1008 16:06:10.526832 836307 SceneGraph.h:26] Deconstructing SceneGraph
I1008 16:06:10.527277 836307 Sensor.h:87] Deconstructing Sensor
I1008 16:06:10.527773 836307 Sensor.h:87] Deconstructing Sensor
I1008 16:06:10.527899 836307 Sensor.h:87] Deconstructing Sensor
I1008 16:06:10.528012 836307 Sensor.h:87] Deconstructing Sensor
I1008 16:06:10.528115 836307 Sensor.h:87] Deconstructing Sensor
I1008 16:06:10.528214 836307 Sensor.h:87] Deconstructing Sensor
I1008 16:06:10.528327 836307 Sensor.h:87] Deconstructing Sensor
I1008 16:06:10.528429 836307 Sensor.h:87] Deconstructing Sensor
I1008 16:06:10.528537 836307 Sensor.h:87] Deconstructing Sensor
I1008 16:06:10.528640 836307 Sensor.h:87] Deconstructing Sensor
I1008 16:06:10.528837 836307 Sensor.h:87] Deconstructing Sensor
I1008 16:06:10.528949 836307 Sensor.h:87] Deconstructing Sensor
I1008 16:06:10.529052 836307 Sensor.h:87] Deconstructing Sensor
I1008 16:06:10.529203 836307 Sensor.h:87] Deconstructing Sensor
I1008 16:06:10.529346 836307 Sensor.h:87] Deconstructing Sensor
I1008 16:06:10.529471 836307 Sensor.h:87] Deconstructing Sensor
I1008 16:06:10.529599 836307 Sensor.h:87] Deconstructing Sensor
I1008 16:06:10.529726 836307 Sensor.h:87] Deconstructing Sensor
I1008 16:06:10.529852 836307 Sensor.h:87] Deconstructing Sensor
I1008 16:06:10.529979 836307 Sensor.h:87] Deconstructing Sensor
I1008 16:06:10.530103 836307 Sensor.h:87] Deconstructing Sensor
I1008 16:06:10.530227 836307 Sensor.h:87] Deconstructing Sensor
I1008 16:06:10.530364 836307 Sensor.h:87] Deconstructing Sensor
I1008 16:06:10.530474 836307 Sensor.h:87] Deconstructing Sensor
I1008 16:06:10.535051 836307 Renderer.cpp:34] Deconstructing Renderer
I1008 16:06:10.535073 836307 WindowlessContext.h:17] Deconstructing WindowlessContext
I1008 16:06:10.538380 836307 MetadataMediator.cpp:56] MetadataMediator::setActiveSceneDatasetName : Old active dataset default changed to default successfully.
I1008 16:06:10.540143 836307 AttributesManagerBase.h:283] AttributesManager<T>::createFromJsonOrDefaultInternal  (Physics Manager) : Proposing JSON name : ./data/default.physics_config.json from original name : ./data/default.physics_config.json | This file  does not exist.
I1008 16:06:10.540189 836307 PhysicsAttributesManager.cpp:27] File (./data/default.physics_config.json) not found, so new default physics manager attributes created and registered.
I1008 16:06:10.540196 836307 AbstractObjectAttributesManagerBase.h:175] AbstractObjectAttributesManager<T>::createObject  (Stage) : Making attributes with handle : data/scene_datasets/mp3d/qoiz87JEwZ2/qoiz87JEwZ2.glb
I1008 16:06:10.540211 836307 ManagedContainerBase.cpp:19] ManagedContainerBase::convertFilenameToJSON : Filename : data/scene_datasets/mp3d/qoiz87JEwZ2/qoiz87JEwZ2.glb changed to proposed JSON configuration filename : data/scene_datasets/mp3d/qoiz87JEwZ2/qoiz87JEwZ2.stage_config.json
I1008 16:06:10.540231 836307 AttributesManagerBase.h:283] AttributesManager<T>::createFromJsonOrDefaultInternal  (Stage) : Proposing JSON name : data/scene_datasets/mp3d/qoiz87JEwZ2/qoiz87JEwZ2.stage_config.json from original name : data/scene_datasets/mp3d/qoiz87JEwZ2/qoiz87JEwZ2.glb | This file  does not exist.
I1008 16:06:10.540287 836307 AbstractObjectAttributesManagerBase.h:181] AbstractObjectAttributesManager<T>::createObject  (Stage) : Done making attributes with handle : data/scene_datasets/mp3d/qoiz87JEwZ2/qoiz87JEwZ2.glb
I1008 16:06:10.540288 836307 AbstractObjectAttributesManagerBase.h:188] File (data/scene_datasets/mp3d/qoiz87JEwZ2/qoiz87JEwZ2.glb) exists but is not a recognized config filename extension, so new default Stage attributes created and registered.
I1008 16:06:10.540293 836307 Simulator.cpp:156] Loading navmesh from data/scene_datasets/mp3d/qoiz87JEwZ2/qoiz87JEwZ2.navmesh
I1008 16:06:10.540477 836307 Simulator.cpp:158] Loaded.
I1008 16:06:10.540482 836307 SceneGraph.h:93] Created DrawableGroup: 
I1008 16:06:10.544775 836307 ResourceManager.cpp:234] ResourceManager::loadStage : Not loading semantic mesh
I1008 16:06:10.544786 836307 ResourceManager.cpp:262] ResourceManager::loadStage : start load render asset data/scene_datasets/mp3d/qoiz87JEwZ2/qoiz87JEwZ2.glb.
I1008 16:06:10.544787 836307 ResourceManager.cpp:569] ResourceManager::loadStageInternal : Attempting to load stage data/scene_datasets/mp3d/qoiz87JEwZ2/qoiz87JEwZ2.glb 
I1008 16:06:10.544819 836307 ResourceManager.cpp:1119] Importing Basis files as BC7 for qoiz87JEwZ2.glb
W1008 16:06:12.344455 836307 Simulator.cpp:248] :
---
 The active scene does not contain semantic annotations. 
---
I1008 16:06:12.410698 836307 simulator.py:213] Loaded navmesh data/scene_datasets/mp3d/qoiz87JEwZ2/qoiz87JEwZ2.navmesh
I1008 16:06:12.855417 836307 PhysicsManager.cpp:33] Deconstructing PhysicsManager
I1008 16:06:12.855453 836307 SemanticScene.h:41] Deconstructing SemanticScene
I1008 16:06:12.863325 836307 SceneManager.h:25] Deconstructing SceneManager
I1008 16:06:12.863353 836307 SceneGraph.h:26] Deconstructing SceneGraph
I1008 16:06:12.863826 836307 Sensor.h:87] Deconstructing Sensor
I1008 16:06:12.865161 836307 Sensor.h:87] Deconstructing Sensor
I1008 16:06:12.865302 836307 Sensor.h:87] Deconstructing Sensor
I1008 16:06:12.865434 836307 Sensor.h:87] Deconstructing Sensor
I1008 16:06:12.865559 836307 Sensor.h:87] Deconstructing Sensor
I1008 16:06:12.865686 836307 Sensor.h:87] Deconstructing Sensor
I1008 16:06:12.865813 836307 Sensor.h:87] Deconstructing Sensor
I1008 16:06:12.865933 836307 Sensor.h:87] Deconstructing Sensor
I1008 16:06:12.866067 836307 Sensor.h:87] Deconstructing Sensor
I1008 16:06:12.866196 836307 Sensor.h:87] Deconstructing Sensor
I1008 16:06:12.866323 836307 Sensor.h:87] Deconstructing Sensor
I1008 16:06:12.866451 836307 Sensor.h:87] Deconstructing Sensor
I1008 16:06:12.866577 836307 Sensor.h:87] Deconstructing Sensor
I1008 16:06:12.866766 836307 Sensor.h:87] Deconstructing Sensor
I1008 16:06:12.866936 836307 Sensor.h:87] Deconstructing Sensor
I1008 16:06:12.867084 836307 Sensor.h:87] Deconstructing Sensor
I1008 16:06:12.867246 836307 Sensor.h:87] Deconstructing Sensor
I1008 16:06:12.867408 836307 Sensor.h:87] Deconstructing Sensor
I1008 16:06:12.867569 836307 Sensor.h:87] Deconstructing Sensor
I1008 16:06:12.867738 836307 Sensor.h:87] Deconstructing Sensor
I1008 16:06:12.867897 836307 Sensor.h:87] Deconstructing Sensor
I1008 16:06:12.868044 836307 Sensor.h:87] Deconstructing Sensor
I1008 16:06:12.868203 836307 Sensor.h:87] Deconstructing Sensor
I1008 16:06:12.868482 836307 Sensor.h:87] Deconstructing Sensor
I1008 16:06:12.875636 836307 Renderer.cpp:34] Deconstructing Renderer
I1008 16:06:12.875691 836307 WindowlessContext.h:17] Deconstructing WindowlessContext
I1008 16:06:12.880599 836307 MetadataMediator.cpp:56] MetadataMediator::setActiveSceneDatasetName : Old active dataset default changed to default successfully.
I1008 16:06:12.882287 836307 AttributesManagerBase.h:283] AttributesManager<T>::createFromJsonOrDefaultInternal  (Physics Manager) : Proposing JSON name : ./data/default.physics_config.json from original name : ./data/default.physics_config.json | This file  does not exist.
I1008 16:06:12.882332 836307 PhysicsAttributesManager.cpp:27] File (./data/default.physics_config.json) not found, so new default physics manager attributes created and registered.
I1008 16:06:12.882339 836307 AbstractObjectAttributesManagerBase.h:175] AbstractObjectAttributesManager<T>::createObject  (Stage) : Making attributes with handle : data/scene_datasets/mp3d/pRbA3pwrgk9/pRbA3pwrgk9.glb
I1008 16:06:12.882344 836307 ManagedContainerBase.cpp:19] ManagedContainerBase::convertFilenameToJSON : Filename : data/scene_datasets/mp3d/pRbA3pwrgk9/pRbA3pwrgk9.glb changed to proposed JSON configuration filename : data/scene_datasets/mp3d/pRbA3pwrgk9/pRbA3pwrgk9.stage_config.json
I1008 16:06:12.882361 836307 AttributesManagerBase.h:283] AttributesManager<T>::createFromJsonOrDefaultInternal  (Stage) : Proposing JSON name : data/scene_datasets/mp3d/pRbA3pwrgk9/pRbA3pwrgk9.stage_config.json from original name : data/scene_datasets/mp3d/pRbA3pwrgk9/pRbA3pwrgk9.glb | This file  does not exist.
I1008 16:06:12.882419 836307 AbstractObjectAttributesManagerBase.h:181] AbstractObjectAttributesManager<T>::createObject  (Stage) : Done making attributes with handle : data/scene_datasets/mp3d/pRbA3pwrgk9/pRbA3pwrgk9.glb
I1008 16:06:12.882421 836307 AbstractObjectAttributesManagerBase.h:188] File (data/scene_datasets/mp3d/pRbA3pwrgk9/pRbA3pwrgk9.glb) exists but is not a recognized config filename extension, so new default Stage attributes created and registered.
I1008 16:06:12.882426 836307 Simulator.cpp:156] Loading navmesh from data/scene_datasets/mp3d/pRbA3pwrgk9/pRbA3pwrgk9.navmesh
I1008 16:06:12.882603 836307 Simulator.cpp:158] Loaded.
I1008 16:06:12.882611 836307 SceneGraph.h:93] Created DrawableGroup: 
I1008 16:06:12.887216 836307 ResourceManager.cpp:234] ResourceManager::loadStage : Not loading semantic mesh
I1008 16:06:12.887238 836307 ResourceManager.cpp:262] ResourceManager::loadStage : start load render asset data/scene_datasets/mp3d/pRbA3pwrgk9/pRbA3pwrgk9.glb.
I1008 16:06:12.887238 836307 ResourceManager.cpp:569] ResourceManager::loadStageInternal : Attempting to load stage data/scene_datasets/mp3d/pRbA3pwrgk9/pRbA3pwrgk9.glb 
I1008 16:06:12.887269 836307 ResourceManager.cpp:1119] Importing Basis files as BC7 for pRbA3pwrgk9.glb
W1008 16:06:14.211457 836307 Simulator.cpp:248] :
---
 The active scene does not contain semantic annotations. 
---
I1008 16:06:14.268658 836307 simulator.py:213] Loaded navmesh data/scene_datasets/mp3d/pRbA3pwrgk9/pRbA3pwrgk9.navmesh
I1008 16:06:16.175834 836307 PhysicsManager.cpp:33] Deconstructing PhysicsManager
I1008 16:06:16.175868 836307 SemanticScene.h:41] Deconstructing SemanticScene
I1008 16:06:16.180024 836307 SceneManager.h:25] Deconstructing SceneManager
I1008 16:06:16.180040 836307 SceneGraph.h:26] Deconstructing SceneGraph
I1008 16:06:16.180570 836307 Sensor.h:87] Deconstructing Sensor
I1008 16:06:16.180904 836307 Sensor.h:87] Deconstructing Sensor
I1008 16:06:16.181020 836307 Sensor.h:87] Deconstructing Sensor
I1008 16:06:16.181136 836307 Sensor.h:87] Deconstructing Sensor
I1008 16:06:16.181242 836307 Sensor.h:87] Deconstructing Sensor
I1008 16:06:16.181345 836307 Sensor.h:87] Deconstructing Sensor
I1008 16:06:16.181452 836307 Sensor.h:87] Deconstructing Sensor
I1008 16:06:16.181553 836307 Sensor.h:87] Deconstructing Sensor
I1008 16:06:16.181664 836307 Sensor.h:87] Deconstructing Sensor
I1008 16:06:16.181769 836307 Sensor.h:87] Deconstructing Sensor
I1008 16:06:16.181871 836307 Sensor.h:87] Deconstructing Sensor
I1008 16:06:16.182008 836307 Sensor.h:87] Deconstructing Sensor
I1008 16:06:16.182111 836307 Sensor.h:87] Deconstructing Sensor
I1008 16:06:16.182250 836307 Sensor.h:87] Deconstructing Sensor
I1008 16:06:16.182381 836307 Sensor.h:87] Deconstructing Sensor
I1008 16:06:16.182507 836307 Sensor.h:87] Deconstructing Sensor
I1008 16:06:16.182636 836307 Sensor.h:87] Deconstructing Sensor
I1008 16:06:16.182766 836307 Sensor.h:87] Deconstructing Sensor
I1008 16:06:16.182890 836307 Sensor.h:87] Deconstructing Sensor
I1008 16:06:16.183022 836307 Sensor.h:87] Deconstructing Sensor
I1008 16:06:16.183145 836307 Sensor.h:87] Deconstructing Sensor
I1008 16:06:16.183265 836307 Sensor.h:87] Deconstructing Sensor
I1008 16:06:16.183399 836307 Sensor.h:87] Deconstructing Sensor
I1008 16:06:16.183496 836307 Sensor.h:87] Deconstructing Sensor
I1008 16:06:16.187834 836307 Renderer.cpp:34] Deconstructing Renderer
I1008 16:06:16.187856 836307 WindowlessContext.h:17] Deconstructing WindowlessContext
I1008 16:06:16.191082 836307 MetadataMediator.cpp:56] MetadataMediator::setActiveSceneDatasetName : Old active dataset default changed to default successfully.
I1008 16:06:16.192220 836307 AttributesManagerBase.h:283] AttributesManager<T>::createFromJsonOrDefaultInternal  (Physics Manager) : Proposing JSON name : ./data/default.physics_config.json from original name : ./data/default.physics_config.json | This file  does not exist.
I1008 16:06:16.192253 836307 PhysicsAttributesManager.cpp:27] File (./data/default.physics_config.json) not found, so new default physics manager attributes created and registered.
I1008 16:06:16.192260 836307 AbstractObjectAttributesManagerBase.h:175] AbstractObjectAttributesManager<T>::createObject  (Stage) : Making attributes with handle : data/scene_datasets/mp3d/ZMojNkEp431/ZMojNkEp431.glb
I1008 16:06:16.192261 836307 ManagedContainerBase.cpp:19] ManagedContainerBase::convertFilenameToJSON : Filename : data/scene_datasets/mp3d/ZMojNkEp431/ZMojNkEp431.glb changed to proposed JSON configuration filename : data/scene_datasets/mp3d/ZMojNkEp431/ZMojNkEp431.stage_config.json
I1008 16:06:16.192279 836307 AttributesManagerBase.h:283] AttributesManager<T>::createFromJsonOrDefaultInternal  (Stage) : Proposing JSON name : data/scene_datasets/mp3d/ZMojNkEp431/ZMojNkEp431.stage_config.json from original name : data/scene_datasets/mp3d/ZMojNkEp431/ZMojNkEp431.glb | This file  does not exist.
I1008 16:06:16.192325 836307 AbstractObjectAttributesManagerBase.h:181] AbstractObjectAttributesManager<T>::createObject  (Stage) : Done making attributes with handle : data/scene_datasets/mp3d/ZMojNkEp431/ZMojNkEp431.glb
I1008 16:06:16.192327 836307 AbstractObjectAttributesManagerBase.h:188] File (data/scene_datasets/mp3d/ZMojNkEp431/ZMojNkEp431.glb) exists but is not a recognized config filename extension, so new default Stage attributes created and registered.
I1008 16:06:16.192330 836307 Simulator.cpp:156] Loading navmesh from data/scene_datasets/mp3d/ZMojNkEp431/ZMojNkEp431.navmesh
I1008 16:06:16.192483 836307 Simulator.cpp:158] Loaded.
I1008 16:06:16.192489 836307 SceneGraph.h:93] Created DrawableGroup: 
I1008 16:06:16.196272 836307 ResourceManager.cpp:234] ResourceManager::loadStage : Not loading semantic mesh
I1008 16:06:16.196282 836307 ResourceManager.cpp:262] ResourceManager::loadStage : start load render asset data/scene_datasets/mp3d/ZMojNkEp431/ZMojNkEp431.glb.
I1008 16:06:16.196285 836307 ResourceManager.cpp:569] ResourceManager::loadStageInternal : Attempting to load stage data/scene_datasets/mp3d/ZMojNkEp431/ZMojNkEp431.glb 
I1008 16:06:16.196308 836307 ResourceManager.cpp:1119] Importing Basis files as BC7 for ZMojNkEp431.glb
W1008 16:06:17.574968 836307 Simulator.cpp:248] :
---
 The active scene does not contain semantic annotations. 
---
I1008 16:06:17.624369 836307 simulator.py:213] Loaded navmesh data/scene_datasets/mp3d/ZMojNkEp431/ZMojNkEp431.navmesh
I1008 16:06:17.985124 836307 PhysicsManager.cpp:33] Deconstructing PhysicsManager
I1008 16:06:17.985154 836307 SemanticScene.h:41] Deconstructing SemanticScene
I1008 16:06:17.991880 836307 SceneManager.h:25] Deconstructing SceneManager
I1008 16:06:17.991904 836307 SceneGraph.h:26] Deconstructing SceneGraph
I1008 16:06:17.992337 836307 Sensor.h:87] Deconstructing Sensor
I1008 16:06:17.993427 836307 Sensor.h:87] Deconstructing Sensor
I1008 16:06:17.993574 836307 Sensor.h:87] Deconstructing Sensor
I1008 16:06:17.993716 836307 Sensor.h:87] Deconstructing Sensor
I1008 16:06:17.993846 836307 Sensor.h:87] Deconstructing Sensor
I1008 16:06:17.993968 836307 Sensor.h:87] Deconstructing Sensor
I1008 16:06:17.994102 836307 Sensor.h:87] Deconstructing Sensor
I1008 16:06:17.994225 836307 Sensor.h:87] Deconstructing Sensor
I1008 16:06:17.994349 836307 Sensor.h:87] Deconstructing Sensor
I1008 16:06:17.994470 836307 Sensor.h:87] Deconstructing Sensor
I1008 16:06:17.994594 836307 Sensor.h:87] Deconstructing Sensor
I1008 16:06:17.994727 836307 Sensor.h:87] Deconstructing Sensor
I1008 16:06:17.994854 836307 Sensor.h:87] Deconstructing Sensor
I1008 16:06:17.995036 836307 Sensor.h:87] Deconstructing Sensor
I1008 16:06:17.995203 836307 Sensor.h:87] Deconstructing Sensor
I1008 16:06:17.995357 836307 Sensor.h:87] Deconstructing Sensor
I1008 16:06:17.995518 836307 Sensor.h:87] Deconstructing Sensor
I1008 16:06:17.995673 836307 Sensor.h:87] Deconstructing Sensor
I1008 16:06:17.995831 836307 Sensor.h:87] Deconstructing Sensor
I1008 16:06:17.995986 836307 Sensor.h:87] Deconstructing Sensor
I1008 16:06:17.996145 836307 Sensor.h:87] Deconstructing Sensor
I1008 16:06:17.996299 836307 Sensor.h:87] Deconstructing Sensor
I1008 16:06:17.996469 836307 Sensor.h:87] Deconstructing Sensor
I1008 16:06:17.996601 836307 Sensor.h:87] Deconstructing Sensor
I1008 16:06:18.002549 836307 Renderer.cpp:34] Deconstructing Renderer
I1008 16:06:18.002588 836307 WindowlessContext.h:17] Deconstructing WindowlessContext
I1008 16:06:18.007011 836307 MetadataMediator.cpp:56] MetadataMediator::setActiveSceneDatasetName : Old active dataset default changed to default successfully.
I1008 16:06:18.009079 836307 AttributesManagerBase.h:283] AttributesManager<T>::createFromJsonOrDefaultInternal  (Physics Manager) : Proposing JSON name : ./data/default.physics_config.json from original name : ./data/default.physics_config.json | This file  does not exist.
I1008 16:06:18.009131 836307 PhysicsAttributesManager.cpp:27] File (./data/default.physics_config.json) not found, so new default physics manager attributes created and registered.
I1008 16:06:18.009140 836307 AbstractObjectAttributesManagerBase.h:175] AbstractObjectAttributesManager<T>::createObject  (Stage) : Making attributes with handle : data/scene_datasets/mp3d/JmbYfDe2QKZ/JmbYfDe2QKZ.glb
I1008 16:06:18.009142 836307 ManagedContainerBase.cpp:19] ManagedContainerBase::convertFilenameToJSON : Filename : data/scene_datasets/mp3d/JmbYfDe2QKZ/JmbYfDe2QKZ.glb changed to proposed JSON configuration filename : data/scene_datasets/mp3d/JmbYfDe2QKZ/JmbYfDe2QKZ.stage_config.json
I1008 16:06:18.009161 836307 AttributesManagerBase.h:283] AttributesManager<T>::createFromJsonOrDefaultInternal  (Stage) : Proposing JSON name : data/scene_datasets/mp3d/JmbYfDe2QKZ/JmbYfDe2QKZ.stage_config.json from original name : data/scene_datasets/mp3d/JmbYfDe2QKZ/JmbYfDe2QKZ.glb | This file  does not exist.
I1008 16:06:18.009220 836307 AbstractObjectAttributesManagerBase.h:181] AbstractObjectAttributesManager<T>::createObject  (Stage) : Done making attributes with handle : data/scene_datasets/mp3d/JmbYfDe2QKZ/JmbYfDe2QKZ.glb
I1008 16:06:18.009222 836307 AbstractObjectAttributesManagerBase.h:188] File (data/scene_datasets/mp3d/JmbYfDe2QKZ/JmbYfDe2QKZ.glb) exists but is not a recognized config filename extension, so new default Stage attributes created and registered.
I1008 16:06:18.009227 836307 Simulator.cpp:156] Loading navmesh from data/scene_datasets/mp3d/JmbYfDe2QKZ/JmbYfDe2QKZ.navmesh
I1008 16:06:18.009380 836307 Simulator.cpp:158] Loaded.
I1008 16:06:18.009388 836307 SceneGraph.h:93] Created DrawableGroup: 
I1008 16:06:18.015038 836307 ResourceManager.cpp:234] ResourceManager::loadStage : Not loading semantic mesh
I1008 16:06:18.015072 836307 ResourceManager.cpp:262] ResourceManager::loadStage : start load render asset data/scene_datasets/mp3d/JmbYfDe2QKZ/JmbYfDe2QKZ.glb.
I1008 16:06:18.015074 836307 ResourceManager.cpp:569] ResourceManager::loadStageInternal : Attempting to load stage data/scene_datasets/mp3d/JmbYfDe2QKZ/JmbYfDe2QKZ.glb 
I1008 16:06:18.015110 836307 ResourceManager.cpp:1119] Importing Basis files as BC7 for JmbYfDe2QKZ.glb
W1008 16:06:19.311959 836307 Simulator.cpp:248] :
---
 The active scene does not contain semantic annotations. 
---
I1008 16:06:19.370354 836307 simulator.py:213] Loaded navmesh data/scene_datasets/mp3d/JmbYfDe2QKZ/JmbYfDe2QKZ.navmesh
I1008 16:06:19.740793 836307 PhysicsManager.cpp:33] Deconstructing PhysicsManager
I1008 16:06:19.740839 836307 SemanticScene.h:41] Deconstructing SemanticScene
I1008 16:06:19.750067 836307 SceneManager.h:25] Deconstructing SceneManager
I1008 16:06:19.750097 836307 SceneGraph.h:26] Deconstructing SceneGraph
I1008 16:06:19.750598 836307 Sensor.h:87] Deconstructing Sensor
I1008 16:06:19.751705 836307 Sensor.h:87] Deconstructing Sensor
I1008 16:06:19.751852 836307 Sensor.h:87] Deconstructing Sensor
I1008 16:06:19.751983 836307 Sensor.h:87] Deconstructing Sensor
I1008 16:06:19.752115 836307 Sensor.h:87] Deconstructing Sensor
I1008 16:06:19.752240 836307 Sensor.h:87] Deconstructing Sensor
I1008 16:06:19.752369 836307 Sensor.h:87] Deconstructing Sensor
I1008 16:06:19.752485 836307 Sensor.h:87] Deconstructing Sensor
I1008 16:06:19.752609 836307 Sensor.h:87] Deconstructing Sensor
I1008 16:06:19.752736 836307 Sensor.h:87] Deconstructing Sensor
I1008 16:06:19.752859 836307 Sensor.h:87] Deconstructing Sensor
I1008 16:06:19.752985 836307 Sensor.h:87] Deconstructing Sensor
I1008 16:06:19.753114 836307 Sensor.h:87] Deconstructing Sensor
I1008 16:06:19.753295 836307 Sensor.h:87] Deconstructing Sensor
I1008 16:06:19.753484 836307 Sensor.h:87] Deconstructing Sensor
I1008 16:06:19.753641 836307 Sensor.h:87] Deconstructing Sensor
I1008 16:06:19.754048 836307 Sensor.h:87] Deconstructing Sensor
I1008 16:06:19.754207 836307 Sensor.h:87] Deconstructing Sensor
I1008 16:06:19.754362 836307 Sensor.h:87] Deconstructing Sensor
I1008 16:06:19.754534 836307 Sensor.h:87] Deconstructing Sensor
I1008 16:06:19.754698 836307 Sensor.h:87] Deconstructing Sensor
I1008 16:06:19.754861 836307 Sensor.h:87] Deconstructing Sensor
I1008 16:06:19.755028 836307 Sensor.h:87] Deconstructing Sensor
I1008 16:06:19.755234 836307 Sensor.h:87] Deconstructing Sensor
I1008 16:06:19.761246 836307 Renderer.cpp:34] Deconstructing Renderer
I1008 16:06:19.761286 836307 WindowlessContext.h:17] Deconstructing WindowlessContext
I1008 16:06:19.764608 836307 MetadataMediator.cpp:56] MetadataMediator::setActiveSceneDatasetName : Old active dataset default changed to default successfully.
I1008 16:06:19.766338 836307 AttributesManagerBase.h:283] AttributesManager<T>::createFromJsonOrDefaultInternal  (Physics Manager) : Proposing JSON name : ./data/default.physics_config.json from original name : ./data/default.physics_config.json | This file  does not exist.
I1008 16:06:19.766386 836307 PhysicsAttributesManager.cpp:27] File (./data/default.physics_config.json) not found, so new default physics manager attributes created and registered.
I1008 16:06:19.766392 836307 AbstractObjectAttributesManagerBase.h:175] AbstractObjectAttributesManager<T>::createObject  (Stage) : Making attributes with handle : data/scene_datasets/mp3d/D7N2EKCX4Sj/D7N2EKCX4Sj.glb
I1008 16:06:19.766396 836307 ManagedContainerBase.cpp:19] ManagedContainerBase::convertFilenameToJSON : Filename : data/scene_datasets/mp3d/D7N2EKCX4Sj/D7N2EKCX4Sj.glb changed to proposed JSON configuration filename : data/scene_datasets/mp3d/D7N2EKCX4Sj/D7N2EKCX4Sj.stage_config.json
I1008 16:06:19.766412 836307 AttributesManagerBase.h:283] AttributesManager<T>::createFromJsonOrDefaultInternal  (Stage) : Proposing JSON name : data/scene_datasets/mp3d/D7N2EKCX4Sj/D7N2EKCX4Sj.stage_config.json from original name : data/scene_datasets/mp3d/D7N2EKCX4Sj/D7N2EKCX4Sj.glb | This file  does not exist.
I1008 16:06:19.766481 836307 AbstractObjectAttributesManagerBase.h:181] AbstractObjectAttributesManager<T>::createObject  (Stage) : Done making attributes with handle : data/scene_datasets/mp3d/D7N2EKCX4Sj/D7N2EKCX4Sj.glb
I1008 16:06:19.766484 836307 AbstractObjectAttributesManagerBase.h:188] File (data/scene_datasets/mp3d/D7N2EKCX4Sj/D7N2EKCX4Sj.glb) exists but is not a recognized config filename extension, so new default Stage attributes created and registered.
I1008 16:06:19.766489 836307 Simulator.cpp:156] Loading navmesh from data/scene_datasets/mp3d/D7N2EKCX4Sj/D7N2EKCX4Sj.navmesh
I1008 16:06:19.767014 836307 Simulator.cpp:158] Loaded.
I1008 16:06:19.767032 836307 SceneGraph.h:93] Created DrawableGroup: 
I1008 16:06:19.771576 836307 ResourceManager.cpp:234] ResourceManager::loadStage : Not loading semantic mesh
I1008 16:06:19.771597 836307 ResourceManager.cpp:262] ResourceManager::loadStage : start load render asset data/scene_datasets/mp3d/D7N2EKCX4Sj/D7N2EKCX4Sj.glb.
I1008 16:06:19.771598 836307 ResourceManager.cpp:569] ResourceManager::loadStageInternal : Attempting to load stage data/scene_datasets/mp3d/D7N2EKCX4Sj/D7N2EKCX4Sj.glb 
I1008 16:06:19.771631 836307 ResourceManager.cpp:1119] Importing Basis files as BC7 for D7N2EKCX4Sj.glb
W1008 16:06:24.677151 836307 Simulator.cpp:248] :
---
 The active scene does not contain semantic annotations. 
---
I1008 16:06:24.803021 836307 simulator.py:213] Loaded navmesh data/scene_datasets/mp3d/D7N2EKCX4Sj/D7N2EKCX4Sj.navmesh
I1008 16:06:25.258462 836307 PhysicsManager.cpp:33] Deconstructing PhysicsManager
I1008 16:06:25.258502 836307 SemanticScene.h:41] Deconstructing SemanticScene
I1008 16:06:25.272001 836307 SceneManager.h:25] Deconstructing SceneManager
I1008 16:06:25.272037 836307 SceneGraph.h:26] Deconstructing SceneGraph
I1008 16:06:25.272917 836307 Sensor.h:87] Deconstructing Sensor
I1008 16:06:25.274995 836307 Sensor.h:87] Deconstructing Sensor
I1008 16:06:25.275164 836307 Sensor.h:87] Deconstructing Sensor
I1008 16:06:25.275313 836307 Sensor.h:87] Deconstructing Sensor
I1008 16:06:25.275450 836307 Sensor.h:87] Deconstructing Sensor
I1008 16:06:25.275585 836307 Sensor.h:87] Deconstructing Sensor
I1008 16:06:25.275731 836307 Sensor.h:87] Deconstructing Sensor
I1008 16:06:25.275862 836307 Sensor.h:87] Deconstructing Sensor
I1008 16:06:25.275998 836307 Sensor.h:87] Deconstructing Sensor
I1008 16:06:25.276125 836307 Sensor.h:87] Deconstructing Sensor
I1008 16:06:25.276250 836307 Sensor.h:87] Deconstructing Sensor
I1008 16:06:25.276376 836307 Sensor.h:87] Deconstructing Sensor
I1008 16:06:25.276500 836307 Sensor.h:87] Deconstructing Sensor
I1008 16:06:25.276659 836307 Sensor.h:87] Deconstructing Sensor
I1008 16:06:25.276842 836307 Sensor.h:87] Deconstructing Sensor
I1008 16:06:25.277029 836307 Sensor.h:87] Deconstructing Sensor
I1008 16:06:25.277196 836307 Sensor.h:87] Deconstructing Sensor
I1008 16:06:25.277352 836307 Sensor.h:87] Deconstructing Sensor
I1008 16:06:25.277509 836307 Sensor.h:87] Deconstructing Sensor
I1008 16:06:25.277679 836307 Sensor.h:87] Deconstructing Sensor
I1008 16:06:25.277846 836307 Sensor.h:87] Deconstructing Sensor
I1008 16:06:25.278033 836307 Sensor.h:87] Deconstructing Sensor
I1008 16:06:25.278220 836307 Sensor.h:87] Deconstructing Sensor
I1008 16:06:25.278357 836307 Sensor.h:87] Deconstructing Sensor
I1008 16:06:25.287400 836307 Renderer.cpp:34] Deconstructing Renderer
I1008 16:06:25.287436 836307 WindowlessContext.h:17] Deconstructing WindowlessContext
I1008 16:06:25.295809 836307 MetadataMediator.cpp:56] MetadataMediator::setActiveSceneDatasetName : Old active dataset default changed to default successfully.
I1008 16:06:25.298019 836307 AttributesManagerBase.h:283] AttributesManager<T>::createFromJsonOrDefaultInternal  (Physics Manager) : Proposing JSON name : ./data/default.physics_config.json from original name : ./data/default.physics_config.json | This file  does not exist.
I1008 16:06:25.298071 836307 PhysicsAttributesManager.cpp:27] File (./data/default.physics_config.json) not found, so new default physics manager attributes created and registered.
I1008 16:06:25.298094 836307 AbstractObjectAttributesManagerBase.h:175] AbstractObjectAttributesManager<T>::createObject  (Stage) : Making attributes with handle : data/scene_datasets/mp3d/PX4nDJXEHrG/PX4nDJXEHrG.glb
I1008 16:06:25.298098 836307 ManagedContainerBase.cpp:19] ManagedContainerBase::convertFilenameToJSON : Filename : data/scene_datasets/mp3d/PX4nDJXEHrG/PX4nDJXEHrG.glb changed to proposed JSON configuration filename : data/scene_datasets/mp3d/PX4nDJXEHrG/PX4nDJXEHrG.stage_config.json
I1008 16:06:25.298116 836307 AttributesManagerBase.h:283] AttributesManager<T>::createFromJsonOrDefaultInternal  (Stage) : Proposing JSON name : data/scene_datasets/mp3d/PX4nDJXEHrG/PX4nDJXEHrG.stage_config.json from original name : data/scene_datasets/mp3d/PX4nDJXEHrG/PX4nDJXEHrG.glb | This file  does not exist.
I1008 16:06:25.298173 836307 AbstractObjectAttributesManagerBase.h:181] AbstractObjectAttributesManager<T>::createObject  (Stage) : Done making attributes with handle : data/scene_datasets/mp3d/PX4nDJXEHrG/PX4nDJXEHrG.glb
I1008 16:06:25.298175 836307 AbstractObjectAttributesManagerBase.h:188] File (data/scene_datasets/mp3d/PX4nDJXEHrG/PX4nDJXEHrG.glb) exists but is not a recognized config filename extension, so new default Stage attributes created and registered.
I1008 16:06:25.298179 836307 Simulator.cpp:156] Loading navmesh from data/scene_datasets/mp3d/PX4nDJXEHrG/PX4nDJXEHrG.navmesh
I1008 16:06:25.298635 836307 Simulator.cpp:158] Loaded.
I1008 16:06:25.298648 836307 SceneGraph.h:93] Created DrawableGroup: 
I1008 16:06:25.303395 836307 ResourceManager.cpp:234] ResourceManager::loadStage : Not loading semantic mesh
I1008 16:06:25.303413 836307 ResourceManager.cpp:262] ResourceManager::loadStage : start load render asset data/scene_datasets/mp3d/PX4nDJXEHrG/PX4nDJXEHrG.glb.
I1008 16:06:25.303416 836307 ResourceManager.cpp:569] ResourceManager::loadStageInternal : Attempting to load stage data/scene_datasets/mp3d/PX4nDJXEHrG/PX4nDJXEHrG.glb 
I1008 16:06:25.303445 836307 ResourceManager.cpp:1119] Importing Basis files as BC7 for PX4nDJXEHrG.glb
W1008 16:06:28.067401 836307 Simulator.cpp:248] :
---
 The active scene does not contain semantic annotations. 
---
I1008 16:06:28.168493 836307 simulator.py:213] Loaded navmesh data/scene_datasets/mp3d/PX4nDJXEHrG/PX4nDJXEHrG.navmesh
I1008 16:06:28.614492 836307 PhysicsManager.cpp:33] Deconstructing PhysicsManager
I1008 16:06:28.614519 836307 SemanticScene.h:41] Deconstructing SemanticScene
I1008 16:06:28.621189 836307 SceneManager.h:25] Deconstructing SceneManager
I1008 16:06:28.621210 836307 SceneGraph.h:26] Deconstructing SceneGraph
I1008 16:06:28.621717 836307 Sensor.h:87] Deconstructing Sensor
I1008 16:06:28.622449 836307 Sensor.h:87] Deconstructing Sensor
I1008 16:06:28.622560 836307 Sensor.h:87] Deconstructing Sensor
I1008 16:06:28.622675 836307 Sensor.h:87] Deconstructing Sensor
I1008 16:06:28.622777 836307 Sensor.h:87] Deconstructing Sensor
I1008 16:06:28.622876 836307 Sensor.h:87] Deconstructing Sensor
I1008 16:06:28.622979 836307 Sensor.h:87] Deconstructing Sensor
I1008 16:06:28.623076 836307 Sensor.h:87] Deconstructing Sensor
I1008 16:06:28.623183 836307 Sensor.h:87] Deconstructing Sensor
I1008 16:06:28.623283 836307 Sensor.h:87] Deconstructing Sensor
I1008 16:06:28.623381 836307 Sensor.h:87] Deconstructing Sensor
I1008 16:06:28.623483 836307 Sensor.h:87] Deconstructing Sensor
I1008 16:06:28.623582 836307 Sensor.h:87] Deconstructing Sensor
I1008 16:06:28.623715 836307 Sensor.h:87] Deconstructing Sensor
I1008 16:06:28.623843 836307 Sensor.h:87] Deconstructing Sensor
I1008 16:06:28.623967 836307 Sensor.h:87] Deconstructing Sensor
I1008 16:06:28.624102 836307 Sensor.h:87] Deconstructing Sensor
I1008 16:06:28.624243 836307 Sensor.h:87] Deconstructing Sensor
I1008 16:06:28.624364 836307 Sensor.h:87] Deconstructing Sensor
I1008 16:06:28.624493 836307 Sensor.h:87] Deconstructing Sensor
I1008 16:06:28.624617 836307 Sensor.h:87] Deconstructing Sensor
I1008 16:06:28.624747 836307 Sensor.h:87] Deconstructing Sensor
I1008 16:06:28.624899 836307 Sensor.h:87] Deconstructing Sensor
I1008 16:06:28.625003 836307 Sensor.h:87] Deconstructing Sensor
I1008 16:06:28.629961 836307 Renderer.cpp:34] Deconstructing Renderer
I1008 16:06:28.629987 836307 WindowlessContext.h:17] Deconstructing WindowlessContext
I1008 16:06:28.636166 836307 MetadataMediator.cpp:56] MetadataMediator::setActiveSceneDatasetName : Old active dataset default changed to default successfully.
I1008 16:06:28.637961 836307 AttributesManagerBase.h:283] AttributesManager<T>::createFromJsonOrDefaultInternal  (Physics Manager) : Proposing JSON name : ./data/default.physics_config.json from original name : ./data/default.physics_config.json | This file  does not exist.
I1008 16:06:28.638000 836307 PhysicsAttributesManager.cpp:27] File (./data/default.physics_config.json) not found, so new default physics manager attributes created and registered.
I1008 16:06:28.638005 836307 AbstractObjectAttributesManagerBase.h:175] AbstractObjectAttributesManager<T>::createObject  (Stage) : Making attributes with handle : data/scene_datasets/mp3d/ZMojNkEp431/ZMojNkEp431.glb
I1008 16:06:28.638010 836307 ManagedContainerBase.cpp:19] ManagedContainerBase::convertFilenameToJSON : Filename : data/scene_datasets/mp3d/ZMojNkEp431/ZMojNkEp431.glb changed to proposed JSON configuration filename : data/scene_datasets/mp3d/ZMojNkEp431/ZMojNkEp431.stage_config.json
I1008 16:06:28.638025 836307 AttributesManagerBase.h:283] AttributesManager<T>::createFromJsonOrDefaultInternal  (Stage) : Proposing JSON name : data/scene_datasets/mp3d/ZMojNkEp431/ZMojNkEp431.stage_config.json from original name : data/scene_datasets/mp3d/ZMojNkEp431/ZMojNkEp431.glb | This file  does not exist.
I1008 16:06:28.638079 836307 AbstractObjectAttributesManagerBase.h:181] AbstractObjectAttributesManager<T>::createObject  (Stage) : Done making attributes with handle : data/scene_datasets/mp3d/ZMojNkEp431/ZMojNkEp431.glb
I1008 16:06:28.638080 836307 AbstractObjectAttributesManagerBase.h:188] File (data/scene_datasets/mp3d/ZMojNkEp431/ZMojNkEp431.glb) exists but is not a recognized config filename extension, so new default Stage attributes created and registered.
I1008 16:06:28.638084 836307 Simulator.cpp:156] Loading navmesh from data/scene_datasets/mp3d/ZMojNkEp431/ZMojNkEp431.navmesh
I1008 16:06:28.638244 836307 Simulator.cpp:158] Loaded.
I1008 16:06:28.638250 836307 SceneGraph.h:93] Created DrawableGroup: 
I1008 16:06:28.643222 836307 ResourceManager.cpp:234] ResourceManager::loadStage : Not loading semantic mesh
I1008 16:06:28.643237 836307 ResourceManager.cpp:262] ResourceManager::loadStage : start load render asset data/scene_datasets/mp3d/ZMojNkEp431/ZMojNkEp431.glb.
I1008 16:06:28.643239 836307 ResourceManager.cpp:569] ResourceManager::loadStageInternal : Attempting to load stage data/scene_datasets/mp3d/ZMojNkEp431/ZMojNkEp431.glb 
I1008 16:06:28.643267 836307 ResourceManager.cpp:1119] Importing Basis files as BC7 for ZMojNkEp431.glb
W1008 16:06:29.998991 836307 Simulator.cpp:248] :
---
 The active scene does not contain semantic annotations. 
---
I1008 16:06:30.050739 836307 simulator.py:213] Loaded navmesh data/scene_datasets/mp3d/ZMojNkEp431/ZMojNkEp431.navmesh
I1008 16:06:31.042987 836307 PhysicsManager.cpp:33] Deconstructing PhysicsManager
I1008 16:06:31.043069 836307 SemanticScene.h:41] Deconstructing SemanticScene
I1008 16:06:31.051321 836307 SceneManager.h:25] Deconstructing SceneManager
I1008 16:06:31.051347 836307 SceneGraph.h:26] Deconstructing SceneGraph
I1008 16:06:31.051788 836307 Sensor.h:87] Deconstructing Sensor
I1008 16:06:31.052570 836307 Sensor.h:87] Deconstructing Sensor
I1008 16:06:31.052726 836307 Sensor.h:87] Deconstructing Sensor
I1008 16:06:31.052873 836307 Sensor.h:87] Deconstructing Sensor
I1008 16:06:31.053012 836307 Sensor.h:87] Deconstructing Sensor
I1008 16:06:31.053145 836307 Sensor.h:87] Deconstructing Sensor
I1008 16:06:31.053287 836307 Sensor.h:87] Deconstructing Sensor
I1008 16:06:31.053409 836307 Sensor.h:87] Deconstructing Sensor
I1008 16:06:31.053540 836307 Sensor.h:87] Deconstructing Sensor
I1008 16:06:31.053716 836307 Sensor.h:87] Deconstructing Sensor
I1008 16:06:31.053853 836307 Sensor.h:87] Deconstructing Sensor
I1008 16:06:31.053983 836307 Sensor.h:87] Deconstructing Sensor
I1008 16:06:31.054112 836307 Sensor.h:87] Deconstructing Sensor
I1008 16:06:31.054281 836307 Sensor.h:87] Deconstructing Sensor
I1008 16:06:31.054454 836307 Sensor.h:87] Deconstructing Sensor
I1008 16:06:31.054606 836307 Sensor.h:87] Deconstructing Sensor
I1008 16:06:31.054772 836307 Sensor.h:87] Deconstructing Sensor
I1008 16:06:31.054926 836307 Sensor.h:87] Deconstructing Sensor
I1008 16:06:31.055079 836307 Sensor.h:87] Deconstructing Sensor
I1008 16:06:31.055234 836307 Sensor.h:87] Deconstructing Sensor
I1008 16:06:31.055385 836307 Sensor.h:87] Deconstructing Sensor
I1008 16:06:31.055542 836307 Sensor.h:87] Deconstructing Sensor
I1008 16:06:31.055711 836307 Sensor.h:87] Deconstructing Sensor
I1008 16:06:31.055917 836307 Sensor.h:87] Deconstructing Sensor
I1008 16:06:31.061115 836307 Renderer.cpp:34] Deconstructing Renderer
I1008 16:06:31.061154 836307 WindowlessContext.h:17] Deconstructing WindowlessContext
I1008 16:06:31.065486 836307 MetadataMediator.cpp:56] MetadataMediator::setActiveSceneDatasetName : Old active dataset default changed to default successfully.
I1008 16:06:31.067229 836307 AttributesManagerBase.h:283] AttributesManager<T>::createFromJsonOrDefaultInternal  (Physics Manager) : Proposing JSON name : ./data/default.physics_config.json from original name : ./data/default.physics_config.json | This file  does not exist.
I1008 16:06:31.067268 836307 PhysicsAttributesManager.cpp:27] File (./data/default.physics_config.json) not found, so new default physics manager attributes created and registered.
I1008 16:06:31.067274 836307 AbstractObjectAttributesManagerBase.h:175] AbstractObjectAttributesManager<T>::createObject  (Stage) : Making attributes with handle : data/scene_datasets/mp3d/pRbA3pwrgk9/pRbA3pwrgk9.glb
I1008 16:06:31.067277 836307 ManagedContainerBase.cpp:19] ManagedContainerBase::convertFilenameToJSON : Filename : data/scene_datasets/mp3d/pRbA3pwrgk9/pRbA3pwrgk9.glb changed to proposed JSON configuration filename : data/scene_datasets/mp3d/pRbA3pwrgk9/pRbA3pwrgk9.stage_config.json
I1008 16:06:31.067296 836307 AttributesManagerBase.h:283] AttributesManager<T>::createFromJsonOrDefaultInternal  (Stage) : Proposing JSON name : data/scene_datasets/mp3d/pRbA3pwrgk9/pRbA3pwrgk9.stage_config.json from original name : data/scene_datasets/mp3d/pRbA3pwrgk9/pRbA3pwrgk9.glb | This file  does not exist.
I1008 16:06:31.067344 836307 AbstractObjectAttributesManagerBase.h:181] AbstractObjectAttributesManager<T>::createObject  (Stage) : Done making attributes with handle : data/scene_datasets/mp3d/pRbA3pwrgk9/pRbA3pwrgk9.glb
I1008 16:06:31.067346 836307 AbstractObjectAttributesManagerBase.h:188] File (data/scene_datasets/mp3d/pRbA3pwrgk9/pRbA3pwrgk9.glb) exists but is not a recognized config filename extension, so new default Stage attributes created and registered.
I1008 16:06:31.067349 836307 Simulator.cpp:156] Loading navmesh from data/scene_datasets/mp3d/pRbA3pwrgk9/pRbA3pwrgk9.navmesh
I1008 16:06:31.067498 836307 Simulator.cpp:158] Loaded.
I1008 16:06:31.067504 836307 SceneGraph.h:93] Created DrawableGroup: 
I1008 16:06:31.071671 836307 ResourceManager.cpp:234] ResourceManager::loadStage : Not loading semantic mesh
I1008 16:06:31.071684 836307 ResourceManager.cpp:262] ResourceManager::loadStage : start load render asset data/scene_datasets/mp3d/pRbA3pwrgk9/pRbA3pwrgk9.glb.
I1008 16:06:31.071686 836307 ResourceManager.cpp:569] ResourceManager::loadStageInternal : Attempting to load stage data/scene_datasets/mp3d/pRbA3pwrgk9/pRbA3pwrgk9.glb 
I1008 16:06:31.071708 836307 ResourceManager.cpp:1119] Importing Basis files as BC7 for pRbA3pwrgk9.glb
W1008 16:06:32.282198 836307 Simulator.cpp:248] :
---
 The active scene does not contain semantic annotations. 
---
I1008 16:06:32.339340 836307 simulator.py:213] Loaded navmesh data/scene_datasets/mp3d/pRbA3pwrgk9/pRbA3pwrgk9.navmesh
I1008 16:06:33.813797 836307 PhysicsManager.cpp:33] Deconstructing PhysicsManager
I1008 16:06:33.813840 836307 SemanticScene.h:41] Deconstructing SemanticScene
I1008 16:06:33.820365 836307 SceneManager.h:25] Deconstructing SceneManager
I1008 16:06:33.820392 836307 SceneGraph.h:26] Deconstructing SceneGraph
I1008 16:06:33.820849 836307 Sensor.h:87] Deconstructing Sensor
I1008 16:06:33.821398 836307 Sensor.h:87] Deconstructing Sensor
I1008 16:06:33.821506 836307 Sensor.h:87] Deconstructing Sensor
I1008 16:06:33.821615 836307 Sensor.h:87] Deconstructing Sensor
I1008 16:06:33.821725 836307 Sensor.h:87] Deconstructing Sensor
I1008 16:06:33.821830 836307 Sensor.h:87] Deconstructing Sensor
I1008 16:06:33.821933 836307 Sensor.h:87] Deconstructing Sensor
I1008 16:06:33.822036 836307 Sensor.h:87] Deconstructing Sensor
I1008 16:06:33.822140 836307 Sensor.h:87] Deconstructing Sensor
I1008 16:06:33.822247 836307 Sensor.h:87] Deconstructing Sensor
I1008 16:06:33.822345 836307 Sensor.h:87] Deconstructing Sensor
I1008 16:06:33.822449 836307 Sensor.h:87] Deconstructing Sensor
I1008 16:06:33.822547 836307 Sensor.h:87] Deconstructing Sensor
I1008 16:06:33.822715 836307 Sensor.h:87] Deconstructing Sensor
I1008 16:06:33.822845 836307 Sensor.h:87] Deconstructing Sensor
I1008 16:06:33.822970 836307 Sensor.h:87] Deconstructing Sensor
I1008 16:06:33.823099 836307 Sensor.h:87] Deconstructing Sensor
I1008 16:06:33.823225 836307 Sensor.h:87] Deconstructing Sensor
I1008 16:06:33.823350 836307 Sensor.h:87] Deconstructing Sensor
I1008 16:06:33.823480 836307 Sensor.h:87] Deconstructing Sensor
I1008 16:06:33.823601 836307 Sensor.h:87] Deconstructing Sensor
I1008 16:06:33.823727 836307 Sensor.h:87] Deconstructing Sensor
I1008 16:06:33.823858 836307 Sensor.h:87] Deconstructing Sensor
I1008 16:06:33.824021 836307 Sensor.h:87] Deconstructing Sensor
I1008 16:06:33.827775 836307 Renderer.cpp:34] Deconstructing Renderer
I1008 16:06:33.827795 836307 WindowlessContext.h:17] Deconstructing WindowlessContext
I1008 16:06:33.831107 836307 MetadataMediator.cpp:56] MetadataMediator::setActiveSceneDatasetName : Old active dataset default changed to default successfully.
I1008 16:06:33.832381 836307 AttributesManagerBase.h:283] AttributesManager<T>::createFromJsonOrDefaultInternal  (Physics Manager) : Proposing JSON name : ./data/default.physics_config.json from original name : ./data/default.physics_config.json | This file  does not exist.
I1008 16:06:33.832414 836307 PhysicsAttributesManager.cpp:27] File (./data/default.physics_config.json) not found, so new default physics manager attributes created and registered.
I1008 16:06:33.832420 836307 AbstractObjectAttributesManagerBase.h:175] AbstractObjectAttributesManager<T>::createObject  (Stage) : Making attributes with handle : data/scene_datasets/mp3d/ZMojNkEp431/ZMojNkEp431.glb
I1008 16:06:33.832423 836307 ManagedContainerBase.cpp:19] ManagedContainerBase::convertFilenameToJSON : Filename : data/scene_datasets/mp3d/ZMojNkEp431/ZMojNkEp431.glb changed to proposed JSON configuration filename : data/scene_datasets/mp3d/ZMojNkEp431/ZMojNkEp431.stage_config.json
I1008 16:06:33.832438 836307 AttributesManagerBase.h:283] AttributesManager<T>::createFromJsonOrDefaultInternal  (Stage) : Proposing JSON name : data/scene_datasets/mp3d/ZMojNkEp431/ZMojNkEp431.stage_config.json from original name : data/scene_datasets/mp3d/ZMojNkEp431/ZMojNkEp431.glb | This file  does not exist.
I1008 16:06:33.832485 836307 AbstractObjectAttributesManagerBase.h:181] AbstractObjectAttributesManager<T>::createObject  (Stage) : Done making attributes with handle : data/scene_datasets/mp3d/ZMojNkEp431/ZMojNkEp431.glb
I1008 16:06:33.832486 836307 AbstractObjectAttributesManagerBase.h:188] File (data/scene_datasets/mp3d/ZMojNkEp431/ZMojNkEp431.glb) exists but is not a recognized config filename extension, so new default Stage attributes created and registered.
I1008 16:06:33.832490 836307 Simulator.cpp:156] Loading navmesh from data/scene_datasets/mp3d/ZMojNkEp431/ZMojNkEp431.navmesh
I1008 16:06:33.832644 836307 Simulator.cpp:158] Loaded.
I1008 16:06:33.832649 836307 SceneGraph.h:93] Created DrawableGroup: 
I1008 16:06:33.836376 836307 ResourceManager.cpp:234] ResourceManager::loadStage : Not loading semantic mesh
I1008 16:06:33.836385 836307 ResourceManager.cpp:262] ResourceManager::loadStage : start load render asset data/scene_datasets/mp3d/ZMojNkEp431/ZMojNkEp431.glb.
I1008 16:06:33.836386 836307 ResourceManager.cpp:569] ResourceManager::loadStageInternal : Attempting to load stage data/scene_datasets/mp3d/ZMojNkEp431/ZMojNkEp431.glb 
I1008 16:06:33.836407 836307 ResourceManager.cpp:1119] Importing Basis files as BC7 for ZMojNkEp431.glb
W1008 16:06:35.215353 836307 Simulator.cpp:248] :
---
 The active scene does not contain semantic annotations. 
---
I1008 16:06:35.263240 836307 simulator.py:213] Loaded navmesh data/scene_datasets/mp3d/ZMojNkEp431/ZMojNkEp431.navmesh
I1008 16:06:35.623379 836307 PhysicsManager.cpp:33] Deconstructing PhysicsManager
I1008 16:06:35.623415 836307 SemanticScene.h:41] Deconstructing SemanticScene
I1008 16:06:35.627543 836307 SceneManager.h:25] Deconstructing SceneManager
I1008 16:06:35.627573 836307 SceneGraph.h:26] Deconstructing SceneGraph
I1008 16:06:35.628005 836307 Sensor.h:87] Deconstructing Sensor
I1008 16:06:35.628588 836307 Sensor.h:87] Deconstructing Sensor
I1008 16:06:35.628712 836307 Sensor.h:87] Deconstructing Sensor
I1008 16:06:35.628834 836307 Sensor.h:87] Deconstructing Sensor
I1008 16:06:35.628950 836307 Sensor.h:87] Deconstructing Sensor
I1008 16:06:35.629065 836307 Sensor.h:87] Deconstructing Sensor
I1008 16:06:35.629180 836307 Sensor.h:87] Deconstructing Sensor
I1008 16:06:35.629292 836307 Sensor.h:87] Deconstructing Sensor
I1008 16:06:35.629407 836307 Sensor.h:87] Deconstructing Sensor
I1008 16:06:35.629518 836307 Sensor.h:87] Deconstructing Sensor
I1008 16:06:35.629631 836307 Sensor.h:87] Deconstructing Sensor
I1008 16:06:35.629748 836307 Sensor.h:87] Deconstructing Sensor
I1008 16:06:35.629851 836307 Sensor.h:87] Deconstructing Sensor
I1008 16:06:35.629978 836307 Sensor.h:87] Deconstructing Sensor
I1008 16:06:35.630115 836307 Sensor.h:87] Deconstructing Sensor
I1008 16:06:35.630241 836307 Sensor.h:87] Deconstructing Sensor
I1008 16:06:35.630371 836307 Sensor.h:87] Deconstructing Sensor
I1008 16:06:35.630496 836307 Sensor.h:87] Deconstructing Sensor
I1008 16:06:35.630625 836307 Sensor.h:87] Deconstructing Sensor
I1008 16:06:35.630759 836307 Sensor.h:87] Deconstructing Sensor
I1008 16:06:35.630885 836307 Sensor.h:87] Deconstructing Sensor
I1008 16:06:35.631008 836307 Sensor.h:87] Deconstructing Sensor
I1008 16:06:35.631142 836307 Sensor.h:87] Deconstructing Sensor
I1008 16:06:35.631244 836307 Sensor.h:87] Deconstructing Sensor
I1008 16:06:35.635082 836307 Renderer.cpp:34] Deconstructing Renderer
I1008 16:06:35.635105 836307 WindowlessContext.h:17] Deconstructing WindowlessContext
I1008 16:06:35.638772 836307 MetadataMediator.cpp:56] MetadataMediator::setActiveSceneDatasetName : Old active dataset default changed to default successfully.
I1008 16:06:35.641089 836307 AttributesManagerBase.h:283] AttributesManager<T>::createFromJsonOrDefaultInternal  (Physics Manager) : Proposing JSON name : ./data/default.physics_config.json from original name : ./data/default.physics_config.json | This file  does not exist.
I1008 16:06:35.641139 836307 PhysicsAttributesManager.cpp:27] File (./data/default.physics_config.json) not found, so new default physics manager attributes created and registered.
I1008 16:06:35.641148 836307 AbstractObjectAttributesManagerBase.h:175] AbstractObjectAttributesManager<T>::createObject  (Stage) : Making attributes with handle : data/scene_datasets/mp3d/ur6pFq6Qu1A/ur6pFq6Qu1A.glb
I1008 16:06:35.641153 836307 ManagedContainerBase.cpp:19] ManagedContainerBase::convertFilenameToJSON : Filename : data/scene_datasets/mp3d/ur6pFq6Qu1A/ur6pFq6Qu1A.glb changed to proposed JSON configuration filename : data/scene_datasets/mp3d/ur6pFq6Qu1A/ur6pFq6Qu1A.stage_config.json
I1008 16:06:35.641177 836307 AttributesManagerBase.h:283] AttributesManager<T>::createFromJsonOrDefaultInternal  (Stage) : Proposing JSON name : data/scene_datasets/mp3d/ur6pFq6Qu1A/ur6pFq6Qu1A.stage_config.json from original name : data/scene_datasets/mp3d/ur6pFq6Qu1A/ur6pFq6Qu1A.glb | This file  does not exist.
I1008 16:06:35.641251 836307 AbstractObjectAttributesManagerBase.h:181] AbstractObjectAttributesManager<T>::createObject  (Stage) : Done making attributes with handle : data/scene_datasets/mp3d/ur6pFq6Qu1A/ur6pFq6Qu1A.glb
I1008 16:06:35.641253 836307 AbstractObjectAttributesManagerBase.h:188] File (data/scene_datasets/mp3d/ur6pFq6Qu1A/ur6pFq6Qu1A.glb) exists but is not a recognized config filename extension, so new default Stage attributes created and registered.
I1008 16:06:35.641256 836307 Simulator.cpp:156] Loading navmesh from data/scene_datasets/mp3d/ur6pFq6Qu1A/ur6pFq6Qu1A.navmesh
I1008 16:06:35.641580 836307 Simulator.cpp:158] Loaded.
I1008 16:06:35.641589 836307 SceneGraph.h:93] Created DrawableGroup: 
I1008 16:06:35.648010 836307 ResourceManager.cpp:234] ResourceManager::loadStage : Not loading semantic mesh
I1008 16:06:35.648025 836307 ResourceManager.cpp:262] ResourceManager::loadStage : start load render asset data/scene_datasets/mp3d/ur6pFq6Qu1A/ur6pFq6Qu1A.glb.
I1008 16:06:35.648025 836307 ResourceManager.cpp:569] ResourceManager::loadStageInternal : Attempting to load stage data/scene_datasets/mp3d/ur6pFq6Qu1A/ur6pFq6Qu1A.glb 
I1008 16:06:35.648051 836307 ResourceManager.cpp:1119] Importing Basis files as BC7 for ur6pFq6Qu1A.glb
W1008 16:06:37.966395 836307 Simulator.cpp:248] :
---
 The active scene does not contain semantic annotations. 
---
I1008 16:06:38.035911 836307 simulator.py:213] Loaded navmesh data/scene_datasets/mp3d/ur6pFq6Qu1A/ur6pFq6Qu1A.navmesh
I1008 16:06:38.861063 836307 PhysicsManager.cpp:33] Deconstructing PhysicsManager
I1008 16:06:38.861104 836307 SemanticScene.h:41] Deconstructing SemanticScene
I1008 16:06:38.866098 836307 SceneManager.h:25] Deconstructing SceneManager
I1008 16:06:38.866115 836307 SceneGraph.h:26] Deconstructing SceneGraph
I1008 16:06:38.866688 836307 Sensor.h:87] Deconstructing Sensor
I1008 16:06:38.867376 836307 Sensor.h:87] Deconstructing Sensor
I1008 16:06:38.867494 836307 Sensor.h:87] Deconstructing Sensor
I1008 16:06:38.867619 836307 Sensor.h:87] Deconstructing Sensor
I1008 16:06:38.867735 836307 Sensor.h:87] Deconstructing Sensor
I1008 16:06:38.867846 836307 Sensor.h:87] Deconstructing Sensor
I1008 16:06:38.867955 836307 Sensor.h:87] Deconstructing Sensor
I1008 16:06:38.868055 836307 Sensor.h:87] Deconstructing Sensor
I1008 16:06:38.868160 836307 Sensor.h:87] Deconstructing Sensor
I1008 16:06:38.868257 836307 Sensor.h:87] Deconstructing Sensor
I1008 16:06:38.868353 836307 Sensor.h:87] Deconstructing Sensor
I1008 16:06:38.868458 836307 Sensor.h:87] Deconstructing Sensor
I1008 16:06:38.868556 836307 Sensor.h:87] Deconstructing Sensor
I1008 16:06:38.868695 836307 Sensor.h:87] Deconstructing Sensor
I1008 16:06:38.868829 836307 Sensor.h:87] Deconstructing Sensor
I1008 16:06:38.868954 836307 Sensor.h:87] Deconstructing Sensor
I1008 16:06:38.869083 836307 Sensor.h:87] Deconstructing Sensor
I1008 16:06:38.869208 836307 Sensor.h:87] Deconstructing Sensor
I1008 16:06:38.869338 836307 Sensor.h:87] Deconstructing Sensor
I1008 16:06:38.869465 836307 Sensor.h:87] Deconstructing Sensor
I1008 16:06:38.869587 836307 Sensor.h:87] Deconstructing Sensor
I1008 16:06:38.869720 836307 Sensor.h:87] Deconstructing Sensor
I1008 16:06:38.869853 836307 Sensor.h:87] Deconstructing Sensor
I1008 16:06:38.870019 836307 Sensor.h:87] Deconstructing Sensor
I1008 16:06:38.874948 836307 Renderer.cpp:34] Deconstructing Renderer
I1008 16:06:38.874974 836307 WindowlessContext.h:17] Deconstructing WindowlessContext
I1008 16:06:38.881511 836307 MetadataMediator.cpp:56] MetadataMediator::setActiveSceneDatasetName : Old active dataset default changed to default successfully.
I1008 16:06:38.883370 836307 AttributesManagerBase.h:283] AttributesManager<T>::createFromJsonOrDefaultInternal  (Physics Manager) : Proposing JSON name : ./data/default.physics_config.json from original name : ./data/default.physics_config.json | This file  does not exist.
I1008 16:06:38.883415 836307 PhysicsAttributesManager.cpp:27] File (./data/default.physics_config.json) not found, so new default physics manager attributes created and registered.
I1008 16:06:38.883435 836307 AbstractObjectAttributesManagerBase.h:175] AbstractObjectAttributesManager<T>::createObject  (Stage) : Making attributes with handle : data/scene_datasets/mp3d/qoiz87JEwZ2/qoiz87JEwZ2.glb
I1008 16:06:38.883437 836307 ManagedContainerBase.cpp:19] ManagedContainerBase::convertFilenameToJSON : Filename : data/scene_datasets/mp3d/qoiz87JEwZ2/qoiz87JEwZ2.glb changed to proposed JSON configuration filename : data/scene_datasets/mp3d/qoiz87JEwZ2/qoiz87JEwZ2.stage_config.json
I1008 16:06:38.883457 836307 AttributesManagerBase.h:283] AttributesManager<T>::createFromJsonOrDefaultInternal  (Stage) : Proposing JSON name : data/scene_datasets/mp3d/qoiz87JEwZ2/qoiz87JEwZ2.stage_config.json from original name : data/scene_datasets/mp3d/qoiz87JEwZ2/qoiz87JEwZ2.glb | This file  does not exist.
I1008 16:06:38.883510 836307 AbstractObjectAttributesManagerBase.h:181] AbstractObjectAttributesManager<T>::createObject  (Stage) : Done making attributes with handle : data/scene_datasets/mp3d/qoiz87JEwZ2/qoiz87JEwZ2.glb
I1008 16:06:38.883512 836307 AbstractObjectAttributesManagerBase.h:188] File (data/scene_datasets/mp3d/qoiz87JEwZ2/qoiz87JEwZ2.glb) exists but is not a recognized config filename extension, so new default Stage attributes created and registered.
I1008 16:06:38.883517 836307 Simulator.cpp:156] Loading navmesh from data/scene_datasets/mp3d/qoiz87JEwZ2/qoiz87JEwZ2.navmesh
I1008 16:06:38.883695 836307 Simulator.cpp:158] Loaded.
I1008 16:06:38.883703 836307 SceneGraph.h:93] Created DrawableGroup: 
I1008 16:06:38.890370 836307 ResourceManager.cpp:234] ResourceManager::loadStage : Not loading semantic mesh
I1008 16:06:38.890385 836307 ResourceManager.cpp:262] ResourceManager::loadStage : start load render asset data/scene_datasets/mp3d/qoiz87JEwZ2/qoiz87JEwZ2.glb.
I1008 16:06:38.890386 836307 ResourceManager.cpp:569] ResourceManager::loadStageInternal : Attempting to load stage data/scene_datasets/mp3d/qoiz87JEwZ2/qoiz87JEwZ2.glb 
I1008 16:06:38.890417 836307 ResourceManager.cpp:1119] Importing Basis files as BC7 for qoiz87JEwZ2.glb
W1008 16:06:40.722573 836307 Simulator.cpp:248] :
---
 The active scene does not contain semantic annotations. 
---
I1008 16:06:40.789893 836307 simulator.py:213] Loaded navmesh data/scene_datasets/mp3d/qoiz87JEwZ2/qoiz87JEwZ2.navmesh
I1008 16:06:41.501308 836307 PhysicsManager.cpp:33] Deconstructing PhysicsManager
I1008 16:06:41.501348 836307 SemanticScene.h:41] Deconstructing SemanticScene
I1008 16:06:41.510090 836307 SceneManager.h:25] Deconstructing SceneManager
I1008 16:06:41.510140 836307 SceneGraph.h:26] Deconstructing SceneGraph
I1008 16:06:41.510793 836307 Sensor.h:87] Deconstructing Sensor
I1008 16:06:41.513188 836307 Sensor.h:87] Deconstructing Sensor
I1008 16:06:41.513352 836307 Sensor.h:87] Deconstructing Sensor
I1008 16:06:41.513504 836307 Sensor.h:87] Deconstructing Sensor
I1008 16:06:41.513643 836307 Sensor.h:87] Deconstructing Sensor
I1008 16:06:41.513777 836307 Sensor.h:87] Deconstructing Sensor
I1008 16:06:41.513911 836307 Sensor.h:87] Deconstructing Sensor
I1008 16:06:41.514032 836307 Sensor.h:87] Deconstructing Sensor
I1008 16:06:41.514169 836307 Sensor.h:87] Deconstructing Sensor
I1008 16:06:41.514304 836307 Sensor.h:87] Deconstructing Sensor
I1008 16:06:41.515020 836307 Sensor.h:87] Deconstructing Sensor
I1008 16:06:41.515166 836307 Sensor.h:87] Deconstructing Sensor
I1008 16:06:41.515323 836307 Sensor.h:87] Deconstructing Sensor
I1008 16:06:41.515539 836307 Sensor.h:87] Deconstructing Sensor
I1008 16:06:41.515713 836307 Sensor.h:87] Deconstructing Sensor
I1008 16:06:41.515866 836307 Sensor.h:87] Deconstructing Sensor
I1008 16:06:41.516023 836307 Sensor.h:87] Deconstructing Sensor
I1008 16:06:41.516172 836307 Sensor.h:87] Deconstructing Sensor
I1008 16:06:41.516323 836307 Sensor.h:87] Deconstructing Sensor
I1008 16:06:41.516484 836307 Sensor.h:87] Deconstructing Sensor
I1008 16:06:41.516634 836307 Sensor.h:87] Deconstructing Sensor
I1008 16:06:41.516813 836307 Sensor.h:87] Deconstructing Sensor
I1008 16:06:41.516976 836307 Sensor.h:87] Deconstructing Sensor
I1008 16:06:41.517079 836307 Sensor.h:87] Deconstructing Sensor
I1008 16:06:41.523386 836307 Renderer.cpp:34] Deconstructing Renderer
I1008 16:06:41.523430 836307 WindowlessContext.h:17] Deconstructing WindowlessContext
I1008 16:06:41.527658 836307 MetadataMediator.cpp:56] MetadataMediator::setActiveSceneDatasetName : Old active dataset default changed to default successfully.
I1008 16:06:41.529314 836307 AttributesManagerBase.h:283] AttributesManager<T>::createFromJsonOrDefaultInternal  (Physics Manager) : Proposing JSON name : ./data/default.physics_config.json from original name : ./data/default.physics_config.json | This file  does not exist.
I1008 16:06:41.529363 836307 PhysicsAttributesManager.cpp:27] File (./data/default.physics_config.json) not found, so new default physics manager attributes created and registered.
I1008 16:06:41.529371 836307 AbstractObjectAttributesManagerBase.h:175] AbstractObjectAttributesManager<T>::createObject  (Stage) : Making attributes with handle : data/scene_datasets/mp3d/JmbYfDe2QKZ/JmbYfDe2QKZ.glb
I1008 16:06:41.529373 836307 ManagedContainerBase.cpp:19] ManagedContainerBase::convertFilenameToJSON : Filename : data/scene_datasets/mp3d/JmbYfDe2QKZ/JmbYfDe2QKZ.glb changed to proposed JSON configuration filename : data/scene_datasets/mp3d/JmbYfDe2QKZ/JmbYfDe2QKZ.stage_config.json
I1008 16:06:41.529393 836307 AttributesManagerBase.h:283] AttributesManager<T>::createFromJsonOrDefaultInternal  (Stage) : Proposing JSON name : data/scene_datasets/mp3d/JmbYfDe2QKZ/JmbYfDe2QKZ.stage_config.json from original name : data/scene_datasets/mp3d/JmbYfDe2QKZ/JmbYfDe2QKZ.glb | This file  does not exist.
I1008 16:06:41.529452 836307 AbstractObjectAttributesManagerBase.h:181] AbstractObjectAttributesManager<T>::createObject  (Stage) : Done making attributes with handle : data/scene_datasets/mp3d/JmbYfDe2QKZ/JmbYfDe2QKZ.glb
I1008 16:06:41.529453 836307 AbstractObjectAttributesManagerBase.h:188] File (data/scene_datasets/mp3d/JmbYfDe2QKZ/JmbYfDe2QKZ.glb) exists but is not a recognized config filename extension, so new default Stage attributes created and registered.
I1008 16:06:41.529458 836307 Simulator.cpp:156] Loading navmesh from data/scene_datasets/mp3d/JmbYfDe2QKZ/JmbYfDe2QKZ.navmesh
I1008 16:06:41.529592 836307 Simulator.cpp:158] Loaded.
I1008 16:06:41.529599 836307 SceneGraph.h:93] Created DrawableGroup: 
I1008 16:06:41.534332 836307 ResourceManager.cpp:234] ResourceManager::loadStage : Not loading semantic mesh
I1008 16:06:41.534355 836307 ResourceManager.cpp:262] ResourceManager::loadStage : start load render asset data/scene_datasets/mp3d/JmbYfDe2QKZ/JmbYfDe2QKZ.glb.
I1008 16:06:41.534358 836307 ResourceManager.cpp:569] ResourceManager::loadStageInternal : Attempting to load stage data/scene_datasets/mp3d/JmbYfDe2QKZ/JmbYfDe2QKZ.glb 
I1008 16:06:41.534385 836307 ResourceManager.cpp:1119] Importing Basis files as BC7 for JmbYfDe2QKZ.glb
W1008 16:06:42.770995 836307 Simulator.cpp:248] :
---
 The active scene does not contain semantic annotations. 
---
I1008 16:06:42.828619 836307 simulator.py:213] Loaded navmesh data/scene_datasets/mp3d/JmbYfDe2QKZ/JmbYfDe2QKZ.navmesh
I1008 16:06:43.497387 836307 PhysicsManager.cpp:33] Deconstructing PhysicsManager
I1008 16:06:43.497421 836307 SemanticScene.h:41] Deconstructing SemanticScene
I1008 16:06:43.504572 836307 SceneManager.h:25] Deconstructing SceneManager
I1008 16:06:43.504598 836307 SceneGraph.h:26] Deconstructing SceneGraph
I1008 16:06:43.505127 836307 Sensor.h:87] Deconstructing Sensor
I1008 16:06:43.505970 836307 Sensor.h:87] Deconstructing Sensor
I1008 16:06:43.506106 836307 Sensor.h:87] Deconstructing Sensor
I1008 16:06:43.506240 836307 Sensor.h:87] Deconstructing Sensor
I1008 16:06:43.506364 836307 Sensor.h:87] Deconstructing Sensor
I1008 16:06:43.506485 836307 Sensor.h:87] Deconstructing Sensor
I1008 16:06:43.506601 836307 Sensor.h:87] Deconstructing Sensor
I1008 16:06:43.506707 836307 Sensor.h:87] Deconstructing Sensor
I1008 16:06:43.506829 836307 Sensor.h:87] Deconstructing Sensor
I1008 16:06:43.506932 836307 Sensor.h:87] Deconstructing Sensor
I1008 16:06:43.507032 836307 Sensor.h:87] Deconstructing Sensor
I1008 16:06:43.507138 836307 Sensor.h:87] Deconstructing Sensor
I1008 16:06:43.507239 836307 Sensor.h:87] Deconstructing Sensor
I1008 16:06:43.507385 836307 Sensor.h:87] Deconstructing Sensor
I1008 16:06:43.507519 836307 Sensor.h:87] Deconstructing Sensor
I1008 16:06:43.507644 836307 Sensor.h:87] Deconstructing Sensor
I1008 16:06:43.507776 836307 Sensor.h:87] Deconstructing Sensor
I1008 16:06:43.507900 836307 Sensor.h:87] Deconstructing Sensor
I1008 16:06:43.508028 836307 Sensor.h:87] Deconstructing Sensor
I1008 16:06:43.508154 836307 Sensor.h:87] Deconstructing Sensor
I1008 16:06:43.508276 836307 Sensor.h:87] Deconstructing Sensor
I1008 16:06:43.508400 836307 Sensor.h:87] Deconstructing Sensor
I1008 16:06:43.508533 836307 Sensor.h:87] Deconstructing Sensor
I1008 16:06:43.508635 836307 Sensor.h:87] Deconstructing Sensor
I1008 16:06:43.513990 836307 Renderer.cpp:34] Deconstructing Renderer
I1008 16:06:43.514014 836307 WindowlessContext.h:17] Deconstructing WindowlessContext
I1008 16:06:43.517047 836307 MetadataMediator.cpp:56] MetadataMediator::setActiveSceneDatasetName : Old active dataset default changed to default successfully.
I1008 16:06:43.518185 836307 AttributesManagerBase.h:283] AttributesManager<T>::createFromJsonOrDefaultInternal  (Physics Manager) : Proposing JSON name : ./data/default.physics_config.json from original name : ./data/default.physics_config.json | This file  does not exist.
I1008 16:06:43.518216 836307 PhysicsAttributesManager.cpp:27] File (./data/default.physics_config.json) not found, so new default physics manager attributes created and registered.
I1008 16:06:43.518222 836307 AbstractObjectAttributesManagerBase.h:175] AbstractObjectAttributesManager<T>::createObject  (Stage) : Making attributes with handle : data/scene_datasets/mp3d/2n8kARJN3HM/2n8kARJN3HM.glb
I1008 16:06:43.518225 836307 ManagedContainerBase.cpp:19] ManagedContainerBase::convertFilenameToJSON : Filename : data/scene_datasets/mp3d/2n8kARJN3HM/2n8kARJN3HM.glb changed to proposed JSON configuration filename : data/scene_datasets/mp3d/2n8kARJN3HM/2n8kARJN3HM.stage_config.json
I1008 16:06:43.518242 836307 AttributesManagerBase.h:283] AttributesManager<T>::createFromJsonOrDefaultInternal  (Stage) : Proposing JSON name : data/scene_datasets/mp3d/2n8kARJN3HM/2n8kARJN3HM.stage_config.json from original name : data/scene_datasets/mp3d/2n8kARJN3HM/2n8kARJN3HM.glb | This file  does not exist.
I1008 16:06:43.518289 836307 AbstractObjectAttributesManagerBase.h:181] AbstractObjectAttributesManager<T>::createObject  (Stage) : Done making attributes with handle : data/scene_datasets/mp3d/2n8kARJN3HM/2n8kARJN3HM.glb
I1008 16:06:43.518290 836307 AbstractObjectAttributesManagerBase.h:188] File (data/scene_datasets/mp3d/2n8kARJN3HM/2n8kARJN3HM.glb) exists but is not a recognized config filename extension, so new default Stage attributes created and registered.
I1008 16:06:43.518293 836307 Simulator.cpp:156] Loading navmesh from data/scene_datasets/mp3d/2n8kARJN3HM/2n8kARJN3HM.navmesh
I1008 16:06:43.518538 836307 Simulator.cpp:158] Loaded.
I1008 16:06:43.518545 836307 SceneGraph.h:93] Created DrawableGroup: 
I1008 16:06:43.522782 836307 ResourceManager.cpp:234] ResourceManager::loadStage : Not loading semantic mesh
I1008 16:06:43.522796 836307 ResourceManager.cpp:262] ResourceManager::loadStage : start load render asset data/scene_datasets/mp3d/2n8kARJN3HM/2n8kARJN3HM.glb.
I1008 16:06:43.522797 836307 ResourceManager.cpp:569] ResourceManager::loadStageInternal : Attempting to load stage data/scene_datasets/mp3d/2n8kARJN3HM/2n8kARJN3HM.glb 
I1008 16:06:43.522826 836307 ResourceManager.cpp:1119] Importing Basis files as BC7 for 2n8kARJN3HM.glb
W1008 16:06:46.575126 836307 Simulator.cpp:248] :
---
 The active scene does not contain semantic annotations. 
---
I1008 16:06:46.654792 836307 simulator.py:213] Loaded navmesh data/scene_datasets/mp3d/2n8kARJN3HM/2n8kARJN3HM.navmesh
I1008 16:06:47.957962 836307 PhysicsManager.cpp:33] Deconstructing PhysicsManager
I1008 16:06:47.958004 836307 SemanticScene.h:41] Deconstructing SemanticScene
I1008 16:06:47.971817 836307 SceneManager.h:25] Deconstructing SceneManager
I1008 16:06:47.971859 836307 SceneGraph.h:26] Deconstructing SceneGraph
I1008 16:06:47.972470 836307 Sensor.h:87] Deconstructing Sensor
I1008 16:06:47.973752 836307 Sensor.h:87] Deconstructing Sensor
I1008 16:06:47.973905 836307 Sensor.h:87] Deconstructing Sensor
I1008 16:06:47.974041 836307 Sensor.h:87] Deconstructing Sensor
I1008 16:06:47.974171 836307 Sensor.h:87] Deconstructing Sensor
I1008 16:06:47.974299 836307 Sensor.h:87] Deconstructing Sensor
I1008 16:06:47.974465 836307 Sensor.h:87] Deconstructing Sensor
I1008 16:06:47.974589 836307 Sensor.h:87] Deconstructing Sensor
I1008 16:06:47.974725 836307 Sensor.h:87] Deconstructing Sensor
I1008 16:06:47.974854 836307 Sensor.h:87] Deconstructing Sensor
I1008 16:06:47.974978 836307 Sensor.h:87] Deconstructing Sensor
I1008 16:06:47.975106 836307 Sensor.h:87] Deconstructing Sensor
I1008 16:06:47.975226 836307 Sensor.h:87] Deconstructing Sensor
I1008 16:06:47.975399 836307 Sensor.h:87] Deconstructing Sensor
I1008 16:06:47.975561 836307 Sensor.h:87] Deconstructing Sensor
I1008 16:06:47.975724 836307 Sensor.h:87] Deconstructing Sensor
I1008 16:06:47.975886 836307 Sensor.h:87] Deconstructing Sensor
I1008 16:06:47.976045 836307 Sensor.h:87] Deconstructing Sensor
I1008 16:06:47.976203 836307 Sensor.h:87] Deconstructing Sensor
I1008 16:06:47.976363 836307 Sensor.h:87] Deconstructing Sensor
I1008 16:06:47.976519 836307 Sensor.h:87] Deconstructing Sensor
I1008 16:06:47.976682 836307 Sensor.h:87] Deconstructing Sensor
I1008 16:06:47.976852 836307 Sensor.h:87] Deconstructing Sensor
I1008 16:06:47.976969 836307 Sensor.h:87] Deconstructing Sensor
I1008 16:06:47.986464 836307 Renderer.cpp:34] Deconstructing Renderer
I1008 16:06:47.986505 836307 WindowlessContext.h:17] Deconstructing WindowlessContext
I1008 16:06:47.993474 836307 MetadataMediator.cpp:56] MetadataMediator::setActiveSceneDatasetName : Old active dataset default changed to default successfully.
I1008 16:06:47.996300 836307 AttributesManagerBase.h:283] AttributesManager<T>::createFromJsonOrDefaultInternal  (Physics Manager) : Proposing JSON name : ./data/default.physics_config.json from original name : ./data/default.physics_config.json | This file  does not exist.
I1008 16:06:47.996371 836307 PhysicsAttributesManager.cpp:27] File (./data/default.physics_config.json) not found, so new default physics manager attributes created and registered.
I1008 16:06:47.996381 836307 AbstractObjectAttributesManagerBase.h:175] AbstractObjectAttributesManager<T>::createObject  (Stage) : Making attributes with handle : data/scene_datasets/mp3d/PX4nDJXEHrG/PX4nDJXEHrG.glb
I1008 16:06:47.996387 836307 ManagedContainerBase.cpp:19] ManagedContainerBase::convertFilenameToJSON : Filename : data/scene_datasets/mp3d/PX4nDJXEHrG/PX4nDJXEHrG.glb changed to proposed JSON configuration filename : data/scene_datasets/mp3d/PX4nDJXEHrG/PX4nDJXEHrG.stage_config.json
I1008 16:06:47.996410 836307 AttributesManagerBase.h:283] AttributesManager<T>::createFromJsonOrDefaultInternal  (Stage) : Proposing JSON name : data/scene_datasets/mp3d/PX4nDJXEHrG/PX4nDJXEHrG.stage_config.json from original name : data/scene_datasets/mp3d/PX4nDJXEHrG/PX4nDJXEHrG.glb | This file  does not exist.
I1008 16:06:47.996479 836307 AbstractObjectAttributesManagerBase.h:181] AbstractObjectAttributesManager<T>::createObject  (Stage) : Done making attributes with handle : data/scene_datasets/mp3d/PX4nDJXEHrG/PX4nDJXEHrG.glb
I1008 16:06:47.996481 836307 AbstractObjectAttributesManagerBase.h:188] File (data/scene_datasets/mp3d/PX4nDJXEHrG/PX4nDJXEHrG.glb) exists but is not a recognized config filename extension, so new default Stage attributes created and registered.
I1008 16:06:47.996487 836307 Simulator.cpp:156] Loading navmesh from data/scene_datasets/mp3d/PX4nDJXEHrG/PX4nDJXEHrG.navmesh
I1008 16:06:47.997032 836307 Simulator.cpp:158] Loaded.
I1008 16:06:47.997076 836307 SceneGraph.h:93] Created DrawableGroup: 
I1008 16:06:48.003523 836307 ResourceManager.cpp:234] ResourceManager::loadStage : Not loading semantic mesh
I1008 16:06:48.003544 836307 ResourceManager.cpp:262] ResourceManager::loadStage : start load render asset data/scene_datasets/mp3d/PX4nDJXEHrG/PX4nDJXEHrG.glb.
I1008 16:06:48.003545 836307 ResourceManager.cpp:569] ResourceManager::loadStageInternal : Attempting to load stage data/scene_datasets/mp3d/PX4nDJXEHrG/PX4nDJXEHrG.glb 
I1008 16:06:48.003578 836307 ResourceManager.cpp:1119] Importing Basis files as BC7 for PX4nDJXEHrG.glb
W1008 16:06:50.894558 836307 Simulator.cpp:248] :
---
 The active scene does not contain semantic annotations. 
---
I1008 16:06:51.002126 836307 simulator.py:213] Loaded navmesh data/scene_datasets/mp3d/PX4nDJXEHrG/PX4nDJXEHrG.navmesh
I1008 16:06:54.618582 836307 PhysicsManager.cpp:33] Deconstructing PhysicsManager
I1008 16:06:54.618608 836307 SemanticScene.h:41] Deconstructing SemanticScene
I1008 16:06:54.625001 836307 SceneManager.h:25] Deconstructing SceneManager
I1008 16:06:54.625020 836307 SceneGraph.h:26] Deconstructing SceneGraph
I1008 16:06:54.625790 836307 Sensor.h:87] Deconstructing Sensor
I1008 16:06:54.626464 836307 Sensor.h:87] Deconstructing Sensor
I1008 16:06:54.626585 836307 Sensor.h:87] Deconstructing Sensor
I1008 16:06:54.626718 836307 Sensor.h:87] Deconstructing Sensor
I1008 16:06:54.626833 836307 Sensor.h:87] Deconstructing Sensor
I1008 16:06:54.626946 836307 Sensor.h:87] Deconstructing Sensor
I1008 16:06:54.627065 836307 Sensor.h:87] Deconstructing Sensor
I1008 16:06:54.627178 836307 Sensor.h:87] Deconstructing Sensor
I1008 16:06:54.627295 836307 Sensor.h:87] Deconstructing Sensor
I1008 16:06:54.627426 836307 Sensor.h:87] Deconstructing Sensor
I1008 16:06:54.627538 836307 Sensor.h:87] Deconstructing Sensor
I1008 16:06:54.627655 836307 Sensor.h:87] Deconstructing Sensor
I1008 16:06:54.627770 836307 Sensor.h:87] Deconstructing Sensor
I1008 16:06:54.627918 836307 Sensor.h:87] Deconstructing Sensor
I1008 16:06:54.628058 836307 Sensor.h:87] Deconstructing Sensor
I1008 16:06:54.628194 836307 Sensor.h:87] Deconstructing Sensor
I1008 16:06:54.628336 836307 Sensor.h:87] Deconstructing Sensor
I1008 16:06:54.628468 836307 Sensor.h:87] Deconstructing Sensor
I1008 16:06:54.628603 836307 Sensor.h:87] Deconstructing Sensor
I1008 16:06:54.628830 836307 Sensor.h:87] Deconstructing Sensor
I1008 16:06:54.629021 836307 Sensor.h:87] Deconstructing Sensor
I1008 16:06:54.629171 836307 Sensor.h:87] Deconstructing Sensor
I1008 16:06:54.629317 836307 Sensor.h:87] Deconstructing Sensor
I1008 16:06:54.629508 836307 Sensor.h:87] Deconstructing Sensor
I1008 16:06:54.638569 836307 Renderer.cpp:34] Deconstructing Renderer
I1008 16:06:54.638602 836307 WindowlessContext.h:17] Deconstructing WindowlessContext
I1008 16:06:54.644637 836307 MetadataMediator.cpp:56] MetadataMediator::setActiveSceneDatasetName : Old active dataset default changed to default successfully.
I1008 16:06:54.646477 836307 AttributesManagerBase.h:283] AttributesManager<T>::createFromJsonOrDefaultInternal  (Physics Manager) : Proposing JSON name : ./data/default.physics_config.json from original name : ./data/default.physics_config.json | This file  does not exist.
I1008 16:06:54.646515 836307 PhysicsAttributesManager.cpp:27] File (./data/default.physics_config.json) not found, so new default physics manager attributes created and registered.
I1008 16:06:54.646522 836307 AbstractObjectAttributesManagerBase.h:175] AbstractObjectAttributesManager<T>::createObject  (Stage) : Making attributes with handle : data/scene_datasets/mp3d/ur6pFq6Qu1A/ur6pFq6Qu1A.glb
I1008 16:06:54.646525 836307 ManagedContainerBase.cpp:19] ManagedContainerBase::convertFilenameToJSON : Filename : data/scene_datasets/mp3d/ur6pFq6Qu1A/ur6pFq6Qu1A.glb changed to proposed JSON configuration filename : data/scene_datasets/mp3d/ur6pFq6Qu1A/ur6pFq6Qu1A.stage_config.json
I1008 16:06:54.646543 836307 AttributesManagerBase.h:283] AttributesManager<T>::createFromJsonOrDefaultInternal  (Stage) : Proposing JSON name : data/scene_datasets/mp3d/ur6pFq6Qu1A/ur6pFq6Qu1A.stage_config.json from original name : data/scene_datasets/mp3d/ur6pFq6Qu1A/ur6pFq6Qu1A.glb | This file  does not exist.
I1008 16:06:54.646598 836307 AbstractObjectAttributesManagerBase.h:181] AbstractObjectAttributesManager<T>::createObject  (Stage) : Done making attributes with handle : data/scene_datasets/mp3d/ur6pFq6Qu1A/ur6pFq6Qu1A.glb
I1008 16:06:54.646600 836307 AbstractObjectAttributesManagerBase.h:188] File (data/scene_datasets/mp3d/ur6pFq6Qu1A/ur6pFq6Qu1A.glb) exists but is not a recognized config filename extension, so new default Stage attributes created and registered.
I1008 16:06:54.646605 836307 Simulator.cpp:156] Loading navmesh from data/scene_datasets/mp3d/ur6pFq6Qu1A/ur6pFq6Qu1A.navmesh
I1008 16:06:54.646878 836307 Simulator.cpp:158] Loaded.
I1008 16:06:54.646884 836307 SceneGraph.h:93] Created DrawableGroup: 
I1008 16:06:54.650537 836307 ResourceManager.cpp:234] ResourceManager::loadStage : Not loading semantic mesh
I1008 16:06:54.650547 836307 ResourceManager.cpp:262] ResourceManager::loadStage : start load render asset data/scene_datasets/mp3d/ur6pFq6Qu1A/ur6pFq6Qu1A.glb.
I1008 16:06:54.650548 836307 ResourceManager.cpp:569] ResourceManager::loadStageInternal : Attempting to load stage data/scene_datasets/mp3d/ur6pFq6Qu1A/ur6pFq6Qu1A.glb 
I1008 16:06:54.650571 836307 ResourceManager.cpp:1119] Importing Basis files as BC7 for ur6pFq6Qu1A.glb
W1008 16:06:57.369321 836307 Simulator.cpp:248] :
---
 The active scene does not contain semantic annotations. 
---
I1008 16:06:57.441787 836307 simulator.py:213] Loaded navmesh data/scene_datasets/mp3d/ur6pFq6Qu1A/ur6pFq6Qu1A.navmesh
I1008 16:06:57.942693 836307 PhysicsManager.cpp:33] Deconstructing PhysicsManager
I1008 16:06:57.942744 836307 SemanticScene.h:41] Deconstructing SemanticScene
I1008 16:06:57.950798 836307 SceneManager.h:25] Deconstructing SceneManager
I1008 16:06:57.950841 836307 SceneGraph.h:26] Deconstructing SceneGraph
I1008 16:06:57.951418 836307 Sensor.h:87] Deconstructing Sensor
I1008 16:06:57.952593 836307 Sensor.h:87] Deconstructing Sensor
I1008 16:06:57.952724 836307 Sensor.h:87] Deconstructing Sensor
I1008 16:06:57.952843 836307 Sensor.h:87] Deconstructing Sensor
I1008 16:06:57.952958 836307 Sensor.h:87] Deconstructing Sensor
I1008 16:06:57.953068 836307 Sensor.h:87] Deconstructing Sensor
I1008 16:06:57.953178 836307 Sensor.h:87] Deconstructing Sensor
I1008 16:06:57.953279 836307 Sensor.h:87] Deconstructing Sensor
I1008 16:06:57.953387 836307 Sensor.h:87] Deconstructing Sensor
I1008 16:06:57.953485 836307 Sensor.h:87] Deconstructing Sensor
I1008 16:06:57.953639 836307 Sensor.h:87] Deconstructing Sensor
I1008 16:06:57.953759 836307 Sensor.h:87] Deconstructing Sensor
I1008 16:06:57.953871 836307 Sensor.h:87] Deconstructing Sensor
I1008 16:06:57.954015 836307 Sensor.h:87] Deconstructing Sensor
I1008 16:06:57.954176 836307 Sensor.h:87] Deconstructing Sensor
I1008 16:06:57.954303 836307 Sensor.h:87] Deconstructing Sensor
I1008 16:06:57.954438 836307 Sensor.h:87] Deconstructing Sensor
I1008 16:06:57.954572 836307 Sensor.h:87] Deconstructing Sensor
I1008 16:06:57.954718 836307 Sensor.h:87] Deconstructing Sensor
I1008 16:06:57.954860 836307 Sensor.h:87] Deconstructing Sensor
I1008 16:06:57.955013 836307 Sensor.h:87] Deconstructing Sensor
I1008 16:06:57.955142 836307 Sensor.h:87] Deconstructing Sensor
I1008 16:06:57.955279 836307 Sensor.h:87] Deconstructing Sensor
I1008 16:06:57.955461 836307 Sensor.h:87] Deconstructing Sensor
I1008 16:06:57.960315 836307 Renderer.cpp:34] Deconstructing Renderer
I1008 16:06:57.960340 836307 WindowlessContext.h:17] Deconstructing WindowlessContext
I1008 16:06:57.966517 836307 MetadataMediator.cpp:56] MetadataMediator::setActiveSceneDatasetName : Old active dataset default changed to default successfully.
I1008 16:06:57.968638 836307 AttributesManagerBase.h:283] AttributesManager<T>::createFromJsonOrDefaultInternal  (Physics Manager) : Proposing JSON name : ./data/default.physics_config.json from original name : ./data/default.physics_config.json | This file  does not exist.
I1008 16:06:57.968689 836307 PhysicsAttributesManager.cpp:27] File (./data/default.physics_config.json) not found, so new default physics manager attributes created and registered.
I1008 16:06:57.968696 836307 AbstractObjectAttributesManagerBase.h:175] AbstractObjectAttributesManager<T>::createObject  (Stage) : Making attributes with handle : data/scene_datasets/mp3d/qoiz87JEwZ2/qoiz87JEwZ2.glb
I1008 16:06:57.968700 836307 ManagedContainerBase.cpp:19] ManagedContainerBase::convertFilenameToJSON : Filename : data/scene_datasets/mp3d/qoiz87JEwZ2/qoiz87JEwZ2.glb changed to proposed JSON configuration filename : data/scene_datasets/mp3d/qoiz87JEwZ2/qoiz87JEwZ2.stage_config.json
I1008 16:06:57.968714 836307 AttributesManagerBase.h:283] AttributesManager<T>::createFromJsonOrDefaultInternal  (Stage) : Proposing JSON name : data/scene_datasets/mp3d/qoiz87JEwZ2/qoiz87JEwZ2.stage_config.json from original name : data/scene_datasets/mp3d/qoiz87JEwZ2/qoiz87JEwZ2.glb | This file  does not exist.
I1008 16:06:57.968765 836307 AbstractObjectAttributesManagerBase.h:181] AbstractObjectAttributesManager<T>::createObject  (Stage) : Done making attributes with handle : data/scene_datasets/mp3d/qoiz87JEwZ2/qoiz87JEwZ2.glb
I1008 16:06:57.968765 836307 AbstractObjectAttributesManagerBase.h:188] File (data/scene_datasets/mp3d/qoiz87JEwZ2/qoiz87JEwZ2.glb) exists but is not a recognized config filename extension, so new default Stage attributes created and registered.
I1008 16:06:57.968770 836307 Simulator.cpp:156] Loading navmesh from data/scene_datasets/mp3d/qoiz87JEwZ2/qoiz87JEwZ2.navmesh
I1008 16:06:57.968932 836307 Simulator.cpp:158] Loaded.
I1008 16:06:57.968938 836307 SceneGraph.h:93] Created DrawableGroup: 
I1008 16:06:57.973214 836307 ResourceManager.cpp:234] ResourceManager::loadStage : Not loading semantic mesh
I1008 16:06:57.973248 836307 ResourceManager.cpp:262] ResourceManager::loadStage : start load render asset data/scene_datasets/mp3d/qoiz87JEwZ2/qoiz87JEwZ2.glb.
I1008 16:06:57.973248 836307 ResourceManager.cpp:569] ResourceManager::loadStageInternal : Attempting to load stage data/scene_datasets/mp3d/qoiz87JEwZ2/qoiz87JEwZ2.glb 
I1008 16:06:57.973284 836307 ResourceManager.cpp:1119] Importing Basis files as BC7 for qoiz87JEwZ2.glb
W1008 16:07:00.933455 836307 Simulator.cpp:248] :
---
 The active scene does not contain semantic annotations. 
---
I1008 16:07:01.025871 836307 simulator.py:213] Loaded navmesh data/scene_datasets/mp3d/qoiz87JEwZ2/qoiz87JEwZ2.navmesh
I1008 16:07:01.476351 836307 PhysicsManager.cpp:33] Deconstructing PhysicsManager
I1008 16:07:01.476390 836307 SemanticScene.h:41] Deconstructing SemanticScene
I1008 16:07:01.488126 836307 SceneManager.h:25] Deconstructing SceneManager
I1008 16:07:01.488163 836307 SceneGraph.h:26] Deconstructing SceneGraph
I1008 16:07:01.488677 836307 Sensor.h:87] Deconstructing Sensor
I1008 16:07:01.489272 836307 Sensor.h:87] Deconstructing Sensor
I1008 16:07:01.489393 836307 Sensor.h:87] Deconstructing Sensor
I1008 16:07:01.489535 836307 Sensor.h:87] Deconstructing Sensor
I1008 16:07:01.489660 836307 Sensor.h:87] Deconstructing Sensor
I1008 16:07:01.489789 836307 Sensor.h:87] Deconstructing Sensor
I1008 16:07:01.489915 836307 Sensor.h:87] Deconstructing Sensor
I1008 16:07:01.490028 836307 Sensor.h:87] Deconstructing Sensor
I1008 16:07:01.490151 836307 Sensor.h:87] Deconstructing Sensor
I1008 16:07:01.490268 836307 Sensor.h:87] Deconstructing Sensor
I1008 16:07:01.492059 836307 Sensor.h:87] Deconstructing Sensor
I1008 16:07:01.492211 836307 Sensor.h:87] Deconstructing Sensor
I1008 16:07:01.492329 836307 Sensor.h:87] Deconstructing Sensor
I1008 16:07:01.493707 836307 Sensor.h:87] Deconstructing Sensor
I1008 16:07:01.493880 836307 Sensor.h:87] Deconstructing Sensor
I1008 16:07:01.494010 836307 Sensor.h:87] Deconstructing Sensor
I1008 16:07:01.494143 836307 Sensor.h:87] Deconstructing Sensor
I1008 16:07:01.494278 836307 Sensor.h:87] Deconstructing Sensor
I1008 16:07:01.494413 836307 Sensor.h:87] Deconstructing Sensor
I1008 16:07:01.494546 836307 Sensor.h:87] Deconstructing Sensor
I1008 16:07:01.494796 836307 Sensor.h:87] Deconstructing Sensor
I1008 16:07:01.494935 836307 Sensor.h:87] Deconstructing Sensor
I1008 16:07:01.495077 836307 Sensor.h:87] Deconstructing Sensor
I1008 16:07:01.495172 836307 Sensor.h:87] Deconstructing Sensor
I1008 16:07:01.501027 836307 Renderer.cpp:34] Deconstructing Renderer
I1008 16:07:01.501061 836307 WindowlessContext.h:17] Deconstructing WindowlessContext
I1008 16:07:01.506412 836307 MetadataMediator.cpp:56] MetadataMediator::setActiveSceneDatasetName : Old active dataset default changed to default successfully.
I1008 16:07:01.509275 836307 AttributesManagerBase.h:283] AttributesManager<T>::createFromJsonOrDefaultInternal  (Physics Manager) : Proposing JSON name : ./data/default.physics_config.json from original name : ./data/default.physics_config.json | This file  does not exist.
I1008 16:07:01.509323 836307 PhysicsAttributesManager.cpp:27] File (./data/default.physics_config.json) not found, so new default physics manager attributes created and registered.
I1008 16:07:01.509330 836307 AbstractObjectAttributesManagerBase.h:175] AbstractObjectAttributesManager<T>::createObject  (Stage) : Making attributes with handle : data/scene_datasets/mp3d/PX4nDJXEHrG/PX4nDJXEHrG.glb
I1008 16:07:01.509334 836307 ManagedContainerBase.cpp:19] ManagedContainerBase::convertFilenameToJSON : Filename : data/scene_datasets/mp3d/PX4nDJXEHrG/PX4nDJXEHrG.glb changed to proposed JSON configuration filename : data/scene_datasets/mp3d/PX4nDJXEHrG/PX4nDJXEHrG.stage_config.json
I1008 16:07:01.509349 836307 AttributesManagerBase.h:283] AttributesManager<T>::createFromJsonOrDefaultInternal  (Stage) : Proposing JSON name : data/scene_datasets/mp3d/PX4nDJXEHrG/PX4nDJXEHrG.stage_config.json from original name : data/scene_datasets/mp3d/PX4nDJXEHrG/PX4nDJXEHrG.glb | This file  does not exist.
I1008 16:07:01.509403 836307 AbstractObjectAttributesManagerBase.h:181] AbstractObjectAttributesManager<T>::createObject  (Stage) : Done making attributes with handle : data/scene_datasets/mp3d/PX4nDJXEHrG/PX4nDJXEHrG.glb
I1008 16:07:01.509405 836307 AbstractObjectAttributesManagerBase.h:188] File (data/scene_datasets/mp3d/PX4nDJXEHrG/PX4nDJXEHrG.glb) exists but is not a recognized config filename extension, so new default Stage attributes created and registered.
I1008 16:07:01.509409 836307 Simulator.cpp:156] Loading navmesh from data/scene_datasets/mp3d/PX4nDJXEHrG/PX4nDJXEHrG.navmesh
I1008 16:07:01.509824 836307 Simulator.cpp:158] Loaded.
I1008 16:07:01.509835 836307 SceneGraph.h:93] Created DrawableGroup: 
I1008 16:07:01.514191 836307 ResourceManager.cpp:234] ResourceManager::loadStage : Not loading semantic mesh
I1008 16:07:01.514204 836307 ResourceManager.cpp:262] ResourceManager::loadStage : start load render asset data/scene_datasets/mp3d/PX4nDJXEHrG/PX4nDJXEHrG.glb.
I1008 16:07:01.514205 836307 ResourceManager.cpp:569] ResourceManager::loadStageInternal : Attempting to load stage data/scene_datasets/mp3d/PX4nDJXEHrG/PX4nDJXEHrG.glb 
I1008 16:07:01.514228 836307 ResourceManager.cpp:1119] Importing Basis files as BC7 for PX4nDJXEHrG.glb
W1008 16:07:04.555428 836307 Simulator.cpp:248] :
---
 The active scene does not contain semantic annotations. 
---
I1008 16:07:04.665555 836307 simulator.py:213] Loaded navmesh data/scene_datasets/mp3d/PX4nDJXEHrG/PX4nDJXEHrG.navmesh
I1008 16:07:05.049517 836307 PhysicsManager.cpp:33] Deconstructing PhysicsManager
I1008 16:07:05.049544 836307 SemanticScene.h:41] Deconstructing SemanticScene
I1008 16:07:05.063306 836307 SceneManager.h:25] Deconstructing SceneManager
I1008 16:07:05.063339 836307 SceneGraph.h:26] Deconstructing SceneGraph
I1008 16:07:05.063899 836307 Sensor.h:87] Deconstructing Sensor
I1008 16:07:05.064878 836307 Sensor.h:87] Deconstructing Sensor
I1008 16:07:05.065013 836307 Sensor.h:87] Deconstructing Sensor
I1008 16:07:05.065160 836307 Sensor.h:87] Deconstructing Sensor
I1008 16:07:05.065281 836307 Sensor.h:87] Deconstructing Sensor
I1008 16:07:05.065400 836307 Sensor.h:87] Deconstructing Sensor
I1008 16:07:05.065531 836307 Sensor.h:87] Deconstructing Sensor
I1008 16:07:05.065657 836307 Sensor.h:87] Deconstructing Sensor
I1008 16:07:05.065784 836307 Sensor.h:87] Deconstructing Sensor
I1008 16:07:05.065899 836307 Sensor.h:87] Deconstructing Sensor
I1008 16:07:05.066009 836307 Sensor.h:87] Deconstructing Sensor
I1008 16:07:05.066123 836307 Sensor.h:87] Deconstructing Sensor
I1008 16:07:05.066221 836307 Sensor.h:87] Deconstructing Sensor
I1008 16:07:05.066357 836307 Sensor.h:87] Deconstructing Sensor
I1008 16:07:05.066545 836307 Sensor.h:87] Deconstructing Sensor
I1008 16:07:05.066677 836307 Sensor.h:87] Deconstructing Sensor
I1008 16:07:05.066845 836307 Sensor.h:87] Deconstructing Sensor
I1008 16:07:05.066977 836307 Sensor.h:87] Deconstructing Sensor
I1008 16:07:05.067108 836307 Sensor.h:87] Deconstructing Sensor
I1008 16:07:05.067238 836307 Sensor.h:87] Deconstructing Sensor
I1008 16:07:05.067371 836307 Sensor.h:87] Deconstructing Sensor
I1008 16:07:05.067502 836307 Sensor.h:87] Deconstructing Sensor
I1008 16:07:05.068331 836307 Sensor.h:87] Deconstructing Sensor
I1008 16:07:05.068451 836307 Sensor.h:87] Deconstructing Sensor
I1008 16:07:05.078585 836307 Renderer.cpp:34] Deconstructing Renderer
I1008 16:07:05.078627 836307 WindowlessContext.h:17] Deconstructing WindowlessContext
I1008 16:07:05.085269 836307 MetadataMediator.cpp:56] MetadataMediator::setActiveSceneDatasetName : Old active dataset default changed to default successfully.
I1008 16:07:05.087797 836307 AttributesManagerBase.h:283] AttributesManager<T>::createFromJsonOrDefaultInternal  (Physics Manager) : Proposing JSON name : ./data/default.physics_config.json from original name : ./data/default.physics_config.json | This file  does not exist.
I1008 16:07:05.087852 836307 PhysicsAttributesManager.cpp:27] File (./data/default.physics_config.json) not found, so new default physics manager attributes created and registered.
I1008 16:07:05.087859 836307 AbstractObjectAttributesManagerBase.h:175] AbstractObjectAttributesManager<T>::createObject  (Stage) : Making attributes with handle : data/scene_datasets/mp3d/2n8kARJN3HM/2n8kARJN3HM.glb
I1008 16:07:05.087875 836307 ManagedContainerBase.cpp:19] ManagedContainerBase::convertFilenameToJSON : Filename : data/scene_datasets/mp3d/2n8kARJN3HM/2n8kARJN3HM.glb changed to proposed JSON configuration filename : data/scene_datasets/mp3d/2n8kARJN3HM/2n8kARJN3HM.stage_config.json
I1008 16:07:05.087903 836307 AttributesManagerBase.h:283] AttributesManager<T>::createFromJsonOrDefaultInternal  (Stage) : Proposing JSON name : data/scene_datasets/mp3d/2n8kARJN3HM/2n8kARJN3HM.stage_config.json from original name : data/scene_datasets/mp3d/2n8kARJN3HM/2n8kARJN3HM.glb | This file  does not exist.
I1008 16:07:05.087970 836307 AbstractObjectAttributesManagerBase.h:181] AbstractObjectAttributesManager<T>::createObject  (Stage) : Done making attributes with handle : data/scene_datasets/mp3d/2n8kARJN3HM/2n8kARJN3HM.glb
I1008 16:07:05.087970 836307 AbstractObjectAttributesManagerBase.h:188] File (data/scene_datasets/mp3d/2n8kARJN3HM/2n8kARJN3HM.glb) exists but is not a recognized config filename extension, so new default Stage attributes created and registered.
I1008 16:07:05.087975 836307 Simulator.cpp:156] Loading navmesh from data/scene_datasets/mp3d/2n8kARJN3HM/2n8kARJN3HM.navmesh
I1008 16:07:05.091337 836307 Simulator.cpp:158] Loaded.
I1008 16:07:05.091382 836307 SceneGraph.h:93] Created DrawableGroup: 
I1008 16:07:05.095858 836307 ResourceManager.cpp:234] ResourceManager::loadStage : Not loading semantic mesh
I1008 16:07:05.095875 836307 ResourceManager.cpp:262] ResourceManager::loadStage : start load render asset data/scene_datasets/mp3d/2n8kARJN3HM/2n8kARJN3HM.glb.
I1008 16:07:05.095875 836307 ResourceManager.cpp:569] ResourceManager::loadStageInternal : Attempting to load stage data/scene_datasets/mp3d/2n8kARJN3HM/2n8kARJN3HM.glb 
I1008 16:07:05.095903 836307 ResourceManager.cpp:1119] Importing Basis files as BC7 for 2n8kARJN3HM.glb
W1008 16:07:08.460788 836307 Simulator.cpp:248] :
---
 The active scene does not contain semantic annotations. 
---
I1008 16:07:08.549054 836307 simulator.py:213] Loaded navmesh data/scene_datasets/mp3d/2n8kARJN3HM/2n8kARJN3HM.navmesh
I1008 16:07:09.357178 836307 PhysicsManager.cpp:33] Deconstructing PhysicsManager
I1008 16:07:09.357204 836307 SemanticScene.h:41] Deconstructing SemanticScene
I1008 16:07:09.364734 836307 SceneManager.h:25] Deconstructing SceneManager
I1008 16:07:09.364760 836307 SceneGraph.h:26] Deconstructing SceneGraph
I1008 16:07:09.365366 836307 Sensor.h:87] Deconstructing Sensor
I1008 16:07:09.365993 836307 Sensor.h:87] Deconstructing Sensor
I1008 16:07:09.366123 836307 Sensor.h:87] Deconstructing Sensor
I1008 16:07:09.366246 836307 Sensor.h:87] Deconstructing Sensor
I1008 16:07:09.366359 836307 Sensor.h:87] Deconstructing Sensor
I1008 16:07:09.366469 836307 Sensor.h:87] Deconstructing Sensor
I1008 16:07:09.366581 836307 Sensor.h:87] Deconstructing Sensor
I1008 16:07:09.366693 836307 Sensor.h:87] Deconstructing Sensor
I1008 16:07:09.366806 836307 Sensor.h:87] Deconstructing Sensor
I1008 16:07:09.366915 836307 Sensor.h:87] Deconstructing Sensor
I1008 16:07:09.367023 836307 Sensor.h:87] Deconstructing Sensor
I1008 16:07:09.367136 836307 Sensor.h:87] Deconstructing Sensor
I1008 16:07:09.367239 836307 Sensor.h:87] Deconstructing Sensor
I1008 16:07:09.367372 836307 Sensor.h:87] Deconstructing Sensor
I1008 16:07:09.367504 836307 Sensor.h:87] Deconstructing Sensor
I1008 16:07:09.367632 836307 Sensor.h:87] Deconstructing Sensor
I1008 16:07:09.367769 836307 Sensor.h:87] Deconstructing Sensor
I1008 16:07:09.367903 836307 Sensor.h:87] Deconstructing Sensor
I1008 16:07:09.368034 836307 Sensor.h:87] Deconstructing Sensor
I1008 16:07:09.368167 836307 Sensor.h:87] Deconstructing Sensor
I1008 16:07:09.368307 836307 Sensor.h:87] Deconstructing Sensor
I1008 16:07:09.368451 836307 Sensor.h:87] Deconstructing Sensor
I1008 16:07:09.368595 836307 Sensor.h:87] Deconstructing Sensor
I1008 16:07:09.368777 836307 Sensor.h:87] Deconstructing Sensor
I1008 16:07:09.374423 836307 Renderer.cpp:34] Deconstructing Renderer
I1008 16:07:09.374449 836307 WindowlessContext.h:17] Deconstructing WindowlessContext
I1008 16:07:09.380980 836307 MetadataMediator.cpp:56] MetadataMediator::setActiveSceneDatasetName : Old active dataset default changed to default successfully.
I1008 16:07:09.382997 836307 AttributesManagerBase.h:283] AttributesManager<T>::createFromJsonOrDefaultInternal  (Physics Manager) : Proposing JSON name : ./data/default.physics_config.json from original name : ./data/default.physics_config.json | This file  does not exist.
I1008 16:07:09.383039 836307 PhysicsAttributesManager.cpp:27] File (./data/default.physics_config.json) not found, so new default physics manager attributes created and registered.
I1008 16:07:09.383049 836307 AbstractObjectAttributesManagerBase.h:175] AbstractObjectAttributesManager<T>::createObject  (Stage) : Making attributes with handle : data/scene_datasets/mp3d/ZMojNkEp431/ZMojNkEp431.glb
I1008 16:07:09.383052 836307 ManagedContainerBase.cpp:19] ManagedContainerBase::convertFilenameToJSON : Filename : data/scene_datasets/mp3d/ZMojNkEp431/ZMojNkEp431.glb changed to proposed JSON configuration filename : data/scene_datasets/mp3d/ZMojNkEp431/ZMojNkEp431.stage_config.json
I1008 16:07:09.383076 836307 AttributesManagerBase.h:283] AttributesManager<T>::createFromJsonOrDefaultInternal  (Stage) : Proposing JSON name : data/scene_datasets/mp3d/ZMojNkEp431/ZMojNkEp431.stage_config.json from original name : data/scene_datasets/mp3d/ZMojNkEp431/ZMojNkEp431.glb | This file  does not exist.
I1008 16:07:09.383131 836307 AbstractObjectAttributesManagerBase.h:181] AbstractObjectAttributesManager<T>::createObject  (Stage) : Done making attributes with handle : data/scene_datasets/mp3d/ZMojNkEp431/ZMojNkEp431.glb
I1008 16:07:09.383133 836307 AbstractObjectAttributesManagerBase.h:188] File (data/scene_datasets/mp3d/ZMojNkEp431/ZMojNkEp431.glb) exists but is not a recognized config filename extension, so new default Stage attributes created and registered.
I1008 16:07:09.383136 836307 Simulator.cpp:156] Loading navmesh from data/scene_datasets/mp3d/ZMojNkEp431/ZMojNkEp431.navmesh
I1008 16:07:09.383332 836307 Simulator.cpp:158] Loaded.
I1008 16:07:09.383340 836307 SceneGraph.h:93] Created DrawableGroup: 
I1008 16:07:09.387555 836307 ResourceManager.cpp:234] ResourceManager::loadStage : Not loading semantic mesh
I1008 16:07:09.387567 836307 ResourceManager.cpp:262] ResourceManager::loadStage : start load render asset data/scene_datasets/mp3d/ZMojNkEp431/ZMojNkEp431.glb.
I1008 16:07:09.387568 836307 ResourceManager.cpp:569] ResourceManager::loadStageInternal : Attempting to load stage data/scene_datasets/mp3d/ZMojNkEp431/ZMojNkEp431.glb 
I1008 16:07:09.387593 836307 ResourceManager.cpp:1119] Importing Basis files as BC7 for ZMojNkEp431.glb
W1008 16:07:10.695648 836307 Simulator.cpp:248] :
---
 The active scene does not contain semantic annotations. 
---
I1008 16:07:10.742749 836307 simulator.py:213] Loaded navmesh data/scene_datasets/mp3d/ZMojNkEp431/ZMojNkEp431.navmesh
I1008 16:07:11.136189 836307 PhysicsManager.cpp:33] Deconstructing PhysicsManager
I1008 16:07:11.136245 836307 SemanticScene.h:41] Deconstructing SemanticScene
I1008 16:07:11.141830 836307 SceneManager.h:25] Deconstructing SceneManager
I1008 16:07:11.141853 836307 SceneGraph.h:26] Deconstructing SceneGraph
I1008 16:07:11.142349 836307 Sensor.h:87] Deconstructing Sensor
I1008 16:07:11.142812 836307 Sensor.h:87] Deconstructing Sensor
I1008 16:07:11.142930 836307 Sensor.h:87] Deconstructing Sensor
I1008 16:07:11.143043 836307 Sensor.h:87] Deconstructing Sensor
I1008 16:07:11.143155 836307 Sensor.h:87] Deconstructing Sensor
I1008 16:07:11.143261 836307 Sensor.h:87] Deconstructing Sensor
I1008 16:07:11.143368 836307 Sensor.h:87] Deconstructing Sensor
I1008 16:07:11.143471 836307 Sensor.h:87] Deconstructing Sensor
I1008 16:07:11.143577 836307 Sensor.h:87] Deconstructing Sensor
I1008 16:07:11.143702 836307 Sensor.h:87] Deconstructing Sensor
I1008 16:07:11.143810 836307 Sensor.h:87] Deconstructing Sensor
I1008 16:07:11.143916 836307 Sensor.h:87] Deconstructing Sensor
I1008 16:07:11.144018 836307 Sensor.h:87] Deconstructing Sensor
I1008 16:07:11.144398 836307 Sensor.h:87] Deconstructing Sensor
I1008 16:07:11.144550 836307 Sensor.h:87] Deconstructing Sensor
I1008 16:07:11.144685 836307 Sensor.h:87] Deconstructing Sensor
I1008 16:07:11.144841 836307 Sensor.h:87] Deconstructing Sensor
I1008 16:07:11.144984 836307 Sensor.h:87] Deconstructing Sensor
I1008 16:07:11.145125 836307 Sensor.h:87] Deconstructing Sensor
I1008 16:07:11.145259 836307 Sensor.h:87] Deconstructing Sensor
I1008 16:07:11.145393 836307 Sensor.h:87] Deconstructing Sensor
I1008 16:07:11.145522 836307 Sensor.h:87] Deconstructing Sensor
I1008 16:07:11.145668 836307 Sensor.h:87] Deconstructing Sensor
I1008 16:07:11.145854 836307 Sensor.h:87] Deconstructing Sensor
I1008 16:07:11.149766 836307 Renderer.cpp:34] Deconstructing Renderer
I1008 16:07:11.149787 836307 WindowlessContext.h:17] Deconstructing WindowlessContext
I1008 16:07:11.154258 836307 MetadataMediator.cpp:56] MetadataMediator::setActiveSceneDatasetName : Old active dataset default changed to default successfully.
I1008 16:07:11.156983 836307 AttributesManagerBase.h:283] AttributesManager<T>::createFromJsonOrDefaultInternal  (Physics Manager) : Proposing JSON name : ./data/default.physics_config.json from original name : ./data/default.physics_config.json | This file  does not exist.
I1008 16:07:11.157030 836307 PhysicsAttributesManager.cpp:27] File (./data/default.physics_config.json) not found, so new default physics manager attributes created and registered.
I1008 16:07:11.157037 836307 AbstractObjectAttributesManagerBase.h:175] AbstractObjectAttributesManager<T>::createObject  (Stage) : Making attributes with handle : data/scene_datasets/mp3d/qoiz87JEwZ2/qoiz87JEwZ2.glb
I1008 16:07:11.157040 836307 ManagedContainerBase.cpp:19] ManagedContainerBase::convertFilenameToJSON : Filename : data/scene_datasets/mp3d/qoiz87JEwZ2/qoiz87JEwZ2.glb changed to proposed JSON configuration filename : data/scene_datasets/mp3d/qoiz87JEwZ2/qoiz87JEwZ2.stage_config.json
I1008 16:07:11.157058 836307 AttributesManagerBase.h:283] AttributesManager<T>::createFromJsonOrDefaultInternal  (Stage) : Proposing JSON name : data/scene_datasets/mp3d/qoiz87JEwZ2/qoiz87JEwZ2.stage_config.json from original name : data/scene_datasets/mp3d/qoiz87JEwZ2/qoiz87JEwZ2.glb | This file  does not exist.
I1008 16:07:11.157114 836307 AbstractObjectAttributesManagerBase.h:181] AbstractObjectAttributesManager<T>::createObject  (Stage) : Done making attributes with handle : data/scene_datasets/mp3d/qoiz87JEwZ2/qoiz87JEwZ2.glb
I1008 16:07:11.157116 836307 AbstractObjectAttributesManagerBase.h:188] File (data/scene_datasets/mp3d/qoiz87JEwZ2/qoiz87JEwZ2.glb) exists but is not a recognized config filename extension, so new default Stage attributes created and registered.
I1008 16:07:11.157119 836307 Simulator.cpp:156] Loading navmesh from data/scene_datasets/mp3d/qoiz87JEwZ2/qoiz87JEwZ2.navmesh
I1008 16:07:11.157284 836307 Simulator.cpp:158] Loaded.
I1008 16:07:11.157289 836307 SceneGraph.h:93] Created DrawableGroup: 
I1008 16:07:11.161619 836307 ResourceManager.cpp:234] ResourceManager::loadStage : Not loading semantic mesh
I1008 16:07:11.161633 836307 ResourceManager.cpp:262] ResourceManager::loadStage : start load render asset data/scene_datasets/mp3d/qoiz87JEwZ2/qoiz87JEwZ2.glb.
I1008 16:07:11.161634 836307 ResourceManager.cpp:569] ResourceManager::loadStageInternal : Attempting to load stage data/scene_datasets/mp3d/qoiz87JEwZ2/qoiz87JEwZ2.glb 
I1008 16:07:11.161686 836307 ResourceManager.cpp:1119] Importing Basis files as BC7 for qoiz87JEwZ2.glb
W1008 16:07:13.120975 836307 Simulator.cpp:248] :
---
 The active scene does not contain semantic annotations. 
---
I1008 16:07:13.192749 836307 simulator.py:213] Loaded navmesh data/scene_datasets/mp3d/qoiz87JEwZ2/qoiz87JEwZ2.navmesh
I1008 16:07:13.697623 836307 PhysicsManager.cpp:33] Deconstructing PhysicsManager
I1008 16:07:13.697651 836307 SemanticScene.h:41] Deconstructing SemanticScene
I1008 16:07:13.704476 836307 SceneManager.h:25] Deconstructing SceneManager
I1008 16:07:13.704510 836307 SceneGraph.h:26] Deconstructing SceneGraph
I1008 16:07:13.705027 836307 Sensor.h:87] Deconstructing Sensor
I1008 16:07:13.706029 836307 Sensor.h:87] Deconstructing Sensor
I1008 16:07:13.706152 836307 Sensor.h:87] Deconstructing Sensor
I1008 16:07:13.706278 836307 Sensor.h:87] Deconstructing Sensor
I1008 16:07:13.706394 836307 Sensor.h:87] Deconstructing Sensor
I1008 16:07:13.706502 836307 Sensor.h:87] Deconstructing Sensor
I1008 16:07:13.706614 836307 Sensor.h:87] Deconstructing Sensor
I1008 16:07:13.706717 836307 Sensor.h:87] Deconstructing Sensor
I1008 16:07:13.706828 836307 Sensor.h:87] Deconstructing Sensor
I1008 16:07:13.706931 836307 Sensor.h:87] Deconstructing Sensor
I1008 16:07:13.707031 836307 Sensor.h:87] Deconstructing Sensor
I1008 16:07:13.707132 836307 Sensor.h:87] Deconstructing Sensor
I1008 16:07:13.707233 836307 Sensor.h:87] Deconstructing Sensor
I1008 16:07:13.707365 836307 Sensor.h:87] Deconstructing Sensor
I1008 16:07:13.707500 836307 Sensor.h:87] Deconstructing Sensor
I1008 16:07:13.707624 836307 Sensor.h:87] Deconstructing Sensor
I1008 16:07:13.707760 836307 Sensor.h:87] Deconstructing Sensor
I1008 16:07:13.707883 836307 Sensor.h:87] Deconstructing Sensor
I1008 16:07:13.708009 836307 Sensor.h:87] Deconstructing Sensor
I1008 16:07:13.708137 836307 Sensor.h:87] Deconstructing Sensor
I1008 16:07:13.708258 836307 Sensor.h:87] Deconstructing Sensor
I1008 16:07:13.708406 836307 Sensor.h:87] Deconstructing Sensor
I1008 16:07:13.708536 836307 Sensor.h:87] Deconstructing Sensor
I1008 16:07:13.708727 836307 Sensor.h:87] Deconstructing Sensor
I1008 16:07:13.713685 836307 Renderer.cpp:34] Deconstructing Renderer
I1008 16:07:13.713722 836307 WindowlessContext.h:17] Deconstructing WindowlessContext
I1008 16:07:13.719481 836307 MetadataMediator.cpp:56] MetadataMediator::setActiveSceneDatasetName : Old active dataset default changed to default successfully.
I1008 16:07:13.721181 836307 AttributesManagerBase.h:283] AttributesManager<T>::createFromJsonOrDefaultInternal  (Physics Manager) : Proposing JSON name : ./data/default.physics_config.json from original name : ./data/default.physics_config.json | This file  does not exist.
I1008 16:07:13.721227 836307 PhysicsAttributesManager.cpp:27] File (./data/default.physics_config.json) not found, so new default physics manager attributes created and registered.
I1008 16:07:13.721233 836307 AbstractObjectAttributesManagerBase.h:175] AbstractObjectAttributesManager<T>::createObject  (Stage) : Making attributes with handle : data/scene_datasets/mp3d/ur6pFq6Qu1A/ur6pFq6Qu1A.glb
I1008 16:07:13.721236 836307 ManagedContainerBase.cpp:19] ManagedContainerBase::convertFilenameToJSON : Filename : data/scene_datasets/mp3d/ur6pFq6Qu1A/ur6pFq6Qu1A.glb changed to proposed JSON configuration filename : data/scene_datasets/mp3d/ur6pFq6Qu1A/ur6pFq6Qu1A.stage_config.json
I1008 16:07:13.721253 836307 AttributesManagerBase.h:283] AttributesManager<T>::createFromJsonOrDefaultInternal  (Stage) : Proposing JSON name : data/scene_datasets/mp3d/ur6pFq6Qu1A/ur6pFq6Qu1A.stage_config.json from original name : data/scene_datasets/mp3d/ur6pFq6Qu1A/ur6pFq6Qu1A.glb | This file  does not exist.
I1008 16:07:13.721302 836307 AbstractObjectAttributesManagerBase.h:181] AbstractObjectAttributesManager<T>::createObject  (Stage) : Done making attributes with handle : data/scene_datasets/mp3d/ur6pFq6Qu1A/ur6pFq6Qu1A.glb
I1008 16:07:13.721303 836307 AbstractObjectAttributesManagerBase.h:188] File (data/scene_datasets/mp3d/ur6pFq6Qu1A/ur6pFq6Qu1A.glb) exists but is not a recognized config filename extension, so new default Stage attributes created and registered.
I1008 16:07:13.721307 836307 Simulator.cpp:156] Loading navmesh from data/scene_datasets/mp3d/ur6pFq6Qu1A/ur6pFq6Qu1A.navmesh
I1008 16:07:13.721575 836307 Simulator.cpp:158] Loaded.
I1008 16:07:13.721580 836307 SceneGraph.h:93] Created DrawableGroup: 
I1008 16:07:13.725596 836307 ResourceManager.cpp:234] ResourceManager::loadStage : Not loading semantic mesh
I1008 16:07:13.725613 836307 ResourceManager.cpp:262] ResourceManager::loadStage : start load render asset data/scene_datasets/mp3d/ur6pFq6Qu1A/ur6pFq6Qu1A.glb.
I1008 16:07:13.725615 836307 ResourceManager.cpp:569] ResourceManager::loadStageInternal : Attempting to load stage data/scene_datasets/mp3d/ur6pFq6Qu1A/ur6pFq6Qu1A.glb 
I1008 16:07:13.725646 836307 ResourceManager.cpp:1119] Importing Basis files as BC7 for ur6pFq6Qu1A.glb
W1008 16:07:16.231240 836307 Simulator.cpp:248] :
---
 The active scene does not contain semantic annotations. 
---
I1008 16:07:16.301245 836307 simulator.py:213] Loaded navmesh data/scene_datasets/mp3d/ur6pFq6Qu1A/ur6pFq6Qu1A.navmesh
I1008 16:07:16.940086 836307 PhysicsManager.cpp:33] Deconstructing PhysicsManager
I1008 16:07:16.940116 836307 SemanticScene.h:41] Deconstructing SemanticScene
I1008 16:07:16.945112 836307 SceneManager.h:25] Deconstructing SceneManager
I1008 16:07:16.945132 836307 SceneGraph.h:26] Deconstructing SceneGraph
I1008 16:07:16.945847 836307 Sensor.h:87] Deconstructing Sensor
I1008 16:07:16.947005 836307 Sensor.h:87] Deconstructing Sensor
I1008 16:07:16.947139 836307 Sensor.h:87] Deconstructing Sensor
I1008 16:07:16.947266 836307 Sensor.h:87] Deconstructing Sensor
I1008 16:07:16.947388 836307 Sensor.h:87] Deconstructing Sensor
I1008 16:07:16.947502 836307 Sensor.h:87] Deconstructing Sensor
I1008 16:07:16.947621 836307 Sensor.h:87] Deconstructing Sensor
I1008 16:07:16.947736 836307 Sensor.h:87] Deconstructing Sensor
I1008 16:07:16.947851 836307 Sensor.h:87] Deconstructing Sensor
I1008 16:07:16.947953 836307 Sensor.h:87] Deconstructing Sensor
I1008 16:07:16.948052 836307 Sensor.h:87] Deconstructing Sensor
I1008 16:07:16.948156 836307 Sensor.h:87] Deconstructing Sensor
I1008 16:07:16.948261 836307 Sensor.h:87] Deconstructing Sensor
I1008 16:07:16.948390 836307 Sensor.h:87] Deconstructing Sensor
I1008 16:07:16.948521 836307 Sensor.h:87] Deconstructing Sensor
I1008 16:07:16.948654 836307 Sensor.h:87] Deconstructing Sensor
I1008 16:07:16.948784 836307 Sensor.h:87] Deconstructing Sensor
I1008 16:07:16.948911 836307 Sensor.h:87] Deconstructing Sensor
I1008 16:07:16.949039 836307 Sensor.h:87] Deconstructing Sensor
I1008 16:07:16.949201 836307 Sensor.h:87] Deconstructing Sensor
I1008 16:07:16.949326 836307 Sensor.h:87] Deconstructing Sensor
I1008 16:07:16.949450 836307 Sensor.h:87] Deconstructing Sensor
I1008 16:07:16.949599 836307 Sensor.h:87] Deconstructing Sensor
I1008 16:07:16.949685 836307 Sensor.h:87] Deconstructing Sensor
I1008 16:07:16.954259 836307 Renderer.cpp:34] Deconstructing Renderer
I1008 16:07:16.954286 836307 WindowlessContext.h:17] Deconstructing WindowlessContext
I1008 16:07:16.960426 836307 MetadataMediator.cpp:56] MetadataMediator::setActiveSceneDatasetName : Old active dataset default changed to default successfully.
I1008 16:07:16.962409 836307 AttributesManagerBase.h:283] AttributesManager<T>::createFromJsonOrDefaultInternal  (Physics Manager) : Proposing JSON name : ./data/default.physics_config.json from original name : ./data/default.physics_config.json | This file  does not exist.
I1008 16:07:16.962448 836307 PhysicsAttributesManager.cpp:27] File (./data/default.physics_config.json) not found, so new default physics manager attributes created and registered.
I1008 16:07:16.962455 836307 AbstractObjectAttributesManagerBase.h:175] AbstractObjectAttributesManager<T>::createObject  (Stage) : Making attributes with handle : data/scene_datasets/mp3d/D7N2EKCX4Sj/D7N2EKCX4Sj.glb
I1008 16:07:16.962458 836307 ManagedContainerBase.cpp:19] ManagedContainerBase::convertFilenameToJSON : Filename : data/scene_datasets/mp3d/D7N2EKCX4Sj/D7N2EKCX4Sj.glb changed to proposed JSON configuration filename : data/scene_datasets/mp3d/D7N2EKCX4Sj/D7N2EKCX4Sj.stage_config.json
I1008 16:07:16.962476 836307 AttributesManagerBase.h:283] AttributesManager<T>::createFromJsonOrDefaultInternal  (Stage) : Proposing JSON name : data/scene_datasets/mp3d/D7N2EKCX4Sj/D7N2EKCX4Sj.stage_config.json from original name : data/scene_datasets/mp3d/D7N2EKCX4Sj/D7N2EKCX4Sj.glb | This file  does not exist.
I1008 16:07:16.962522 836307 AbstractObjectAttributesManagerBase.h:181] AbstractObjectAttributesManager<T>::createObject  (Stage) : Done making attributes with handle : data/scene_datasets/mp3d/D7N2EKCX4Sj/D7N2EKCX4Sj.glb
I1008 16:07:16.962523 836307 AbstractObjectAttributesManagerBase.h:188] File (data/scene_datasets/mp3d/D7N2EKCX4Sj/D7N2EKCX4Sj.glb) exists but is not a recognized config filename extension, so new default Stage attributes created and registered.
I1008 16:07:16.962527 836307 Simulator.cpp:156] Loading navmesh from data/scene_datasets/mp3d/D7N2EKCX4Sj/D7N2EKCX4Sj.navmesh
I1008 16:07:16.962960 836307 Simulator.cpp:158] Loaded.
I1008 16:07:16.962971 836307 SceneGraph.h:93] Created DrawableGroup: 
I1008 16:07:16.967193 836307 ResourceManager.cpp:234] ResourceManager::loadStage : Not loading semantic mesh
I1008 16:07:16.967206 836307 ResourceManager.cpp:262] ResourceManager::loadStage : start load render asset data/scene_datasets/mp3d/D7N2EKCX4Sj/D7N2EKCX4Sj.glb.
I1008 16:07:16.967206 836307 ResourceManager.cpp:569] ResourceManager::loadStageInternal : Attempting to load stage data/scene_datasets/mp3d/D7N2EKCX4Sj/D7N2EKCX4Sj.glb 
I1008 16:07:16.967232 836307 ResourceManager.cpp:1119] Importing Basis files as BC7 for D7N2EKCX4Sj.glb
W1008 16:07:22.038434 836307 Simulator.cpp:248] :
---
 The active scene does not contain semantic annotations. 
---
I1008 16:07:22.157070 836307 simulator.py:213] Loaded navmesh data/scene_datasets/mp3d/D7N2EKCX4Sj/D7N2EKCX4Sj.navmesh
I1008 16:07:23.800137 836307 PhysicsManager.cpp:33] Deconstructing PhysicsManager
I1008 16:07:23.800184 836307 SemanticScene.h:41] Deconstructing SemanticScene
I1008 16:07:23.812006 836307 SceneManager.h:25] Deconstructing SceneManager
I1008 16:07:23.812054 836307 SceneGraph.h:26] Deconstructing SceneGraph
I1008 16:07:23.812767 836307 Sensor.h:87] Deconstructing Sensor
I1008 16:07:23.813643 836307 Sensor.h:87] Deconstructing Sensor
I1008 16:07:23.813777 836307 Sensor.h:87] Deconstructing Sensor
I1008 16:07:23.813908 836307 Sensor.h:87] Deconstructing Sensor
I1008 16:07:23.814030 836307 Sensor.h:87] Deconstructing Sensor
I1008 16:07:23.814172 836307 Sensor.h:87] Deconstructing Sensor
I1008 16:07:23.814306 836307 Sensor.h:87] Deconstructing Sensor
I1008 16:07:23.814436 836307 Sensor.h:87] Deconstructing Sensor
I1008 16:07:23.814560 836307 Sensor.h:87] Deconstructing Sensor
I1008 16:07:23.814690 836307 Sensor.h:87] Deconstructing Sensor
I1008 16:07:23.814811 836307 Sensor.h:87] Deconstructing Sensor
I1008 16:07:23.814937 836307 Sensor.h:87] Deconstructing Sensor
I1008 16:07:23.815057 836307 Sensor.h:87] Deconstructing Sensor
I1008 16:07:23.815220 836307 Sensor.h:87] Deconstructing Sensor
I1008 16:07:23.815384 836307 Sensor.h:87] Deconstructing Sensor
I1008 16:07:23.815531 836307 Sensor.h:87] Deconstructing Sensor
I1008 16:07:23.815692 836307 Sensor.h:87] Deconstructing Sensor
I1008 16:07:23.815850 836307 Sensor.h:87] Deconstructing Sensor
I1008 16:07:23.816042 836307 Sensor.h:87] Deconstructing Sensor
I1008 16:07:23.816202 836307 Sensor.h:87] Deconstructing Sensor
I1008 16:07:23.816357 836307 Sensor.h:87] Deconstructing Sensor
I1008 16:07:23.819952 836307 Sensor.h:87] Deconstructing Sensor
I1008 16:07:23.820187 836307 Sensor.h:87] Deconstructing Sensor
I1008 16:07:23.820299 836307 Sensor.h:87] Deconstructing Sensor
I1008 16:07:23.828416 836307 Renderer.cpp:34] Deconstructing Renderer
I1008 16:07:23.828445 836307 WindowlessContext.h:17] Deconstructing WindowlessContext
I1008 16:07:23.835892 836307 MetadataMediator.cpp:56] MetadataMediator::setActiveSceneDatasetName : Old active dataset default changed to default successfully.
I1008 16:07:23.838450 836307 AttributesManagerBase.h:283] AttributesManager<T>::createFromJsonOrDefaultInternal  (Physics Manager) : Proposing JSON name : ./data/default.physics_config.json from original name : ./data/default.physics_config.json | This file  does not exist.
I1008 16:07:23.838496 836307 PhysicsAttributesManager.cpp:27] File (./data/default.physics_config.json) not found, so new default physics manager attributes created and registered.
I1008 16:07:23.838503 836307 AbstractObjectAttributesManagerBase.h:175] AbstractObjectAttributesManager<T>::createObject  (Stage) : Making attributes with handle : data/scene_datasets/mp3d/PX4nDJXEHrG/PX4nDJXEHrG.glb
I1008 16:07:23.838507 836307 ManagedContainerBase.cpp:19] ManagedContainerBase::convertFilenameToJSON : Filename : data/scene_datasets/mp3d/PX4nDJXEHrG/PX4nDJXEHrG.glb changed to proposed JSON configuration filename : data/scene_datasets/mp3d/PX4nDJXEHrG/PX4nDJXEHrG.stage_config.json
I1008 16:07:23.838528 836307 AttributesManagerBase.h:283] AttributesManager<T>::createFromJsonOrDefaultInternal  (Stage) : Proposing JSON name : data/scene_datasets/mp3d/PX4nDJXEHrG/PX4nDJXEHrG.stage_config.json from original name : data/scene_datasets/mp3d/PX4nDJXEHrG/PX4nDJXEHrG.glb | This file  does not exist.
I1008 16:07:23.838581 836307 AbstractObjectAttributesManagerBase.h:181] AbstractObjectAttributesManager<T>::createObject  (Stage) : Done making attributes with handle : data/scene_datasets/mp3d/PX4nDJXEHrG/PX4nDJXEHrG.glb
I1008 16:07:23.838583 836307 AbstractObjectAttributesManagerBase.h:188] File (data/scene_datasets/mp3d/PX4nDJXEHrG/PX4nDJXEHrG.glb) exists but is not a recognized config filename extension, so new default Stage attributes created and registered.
I1008 16:07:23.838586 836307 Simulator.cpp:156] Loading navmesh from data/scene_datasets/mp3d/PX4nDJXEHrG/PX4nDJXEHrG.navmesh
I1008 16:07:23.838948 836307 Simulator.cpp:158] Loaded.
I1008 16:07:23.838956 836307 SceneGraph.h:93] Created DrawableGroup: 
I1008 16:07:23.842886 836307 ResourceManager.cpp:234] ResourceManager::loadStage : Not loading semantic mesh
I1008 16:07:23.842901 836307 ResourceManager.cpp:262] ResourceManager::loadStage : start load render asset data/scene_datasets/mp3d/PX4nDJXEHrG/PX4nDJXEHrG.glb.
I1008 16:07:23.842903 836307 ResourceManager.cpp:569] ResourceManager::loadStageInternal : Attempting to load stage data/scene_datasets/mp3d/PX4nDJXEHrG/PX4nDJXEHrG.glb 
I1008 16:07:23.842932 836307 ResourceManager.cpp:1119] Importing Basis files as BC7 for PX4nDJXEHrG.glb
W1008 16:07:27.084605 836307 Simulator.cpp:248] :
---
 The active scene does not contain semantic annotations. 
---
I1008 16:07:27.197539 836307 simulator.py:213] Loaded navmesh data/scene_datasets/mp3d/PX4nDJXEHrG/PX4nDJXEHrG.navmesh
I1008 16:07:27.803098 836307 PhysicsManager.cpp:33] Deconstructing PhysicsManager
I1008 16:07:27.803123 836307 SemanticScene.h:41] Deconstructing SemanticScene
I1008 16:07:27.813494 836307 SceneManager.h:25] Deconstructing SceneManager
I1008 16:07:27.813653 836307 SceneGraph.h:26] Deconstructing SceneGraph
I1008 16:07:27.814412 836307 Sensor.h:87] Deconstructing Sensor
I1008 16:07:27.815155 836307 Sensor.h:87] Deconstructing Sensor
I1008 16:07:27.815300 836307 Sensor.h:87] Deconstructing Sensor
I1008 16:07:27.815425 836307 Sensor.h:87] Deconstructing Sensor
I1008 16:07:27.815541 836307 Sensor.h:87] Deconstructing Sensor
I1008 16:07:27.815655 836307 Sensor.h:87] Deconstructing Sensor
I1008 16:07:27.815783 836307 Sensor.h:87] Deconstructing Sensor
I1008 16:07:27.815897 836307 Sensor.h:87] Deconstructing Sensor
I1008 16:07:27.816018 836307 Sensor.h:87] Deconstructing Sensor
I1008 16:07:27.816128 836307 Sensor.h:87] Deconstructing Sensor
I1008 16:07:27.816236 836307 Sensor.h:87] Deconstructing Sensor
I1008 16:07:27.816349 836307 Sensor.h:87] Deconstructing Sensor
I1008 16:07:27.816457 836307 Sensor.h:87] Deconstructing Sensor
I1008 16:07:27.816602 836307 Sensor.h:87] Deconstructing Sensor
I1008 16:07:27.816740 836307 Sensor.h:87] Deconstructing Sensor
I1008 16:07:27.816869 836307 Sensor.h:87] Deconstructing Sensor
I1008 16:07:27.817000 836307 Sensor.h:87] Deconstructing Sensor
I1008 16:07:27.817128 836307 Sensor.h:87] Deconstructing Sensor
I1008 16:07:27.817260 836307 Sensor.h:87] Deconstructing Sensor
I1008 16:07:27.817394 836307 Sensor.h:87] Deconstructing Sensor
I1008 16:07:27.817523 836307 Sensor.h:87] Deconstructing Sensor
I1008 16:07:27.817647 836307 Sensor.h:87] Deconstructing Sensor
I1008 16:07:27.817792 836307 Sensor.h:87] Deconstructing Sensor
I1008 16:07:27.817893 836307 Sensor.h:87] Deconstructing Sensor
I1008 16:07:27.823179 836307 Renderer.cpp:34] Deconstructing Renderer
I1008 16:07:27.823210 836307 WindowlessContext.h:17] Deconstructing WindowlessContext
I1008 16:07:27.829630 836307 MetadataMediator.cpp:56] MetadataMediator::setActiveSceneDatasetName : Old active dataset default changed to default successfully.
I1008 16:07:27.832002 836307 AttributesManagerBase.h:283] AttributesManager<T>::createFromJsonOrDefaultInternal  (Physics Manager) : Proposing JSON name : ./data/default.physics_config.json from original name : ./data/default.physics_config.json | This file  does not exist.
I1008 16:07:27.832041 836307 PhysicsAttributesManager.cpp:27] File (./data/default.physics_config.json) not found, so new default physics manager attributes created and registered.
I1008 16:07:27.832046 836307 AbstractObjectAttributesManagerBase.h:175] AbstractObjectAttributesManager<T>::createObject  (Stage) : Making attributes with handle : data/scene_datasets/mp3d/qoiz87JEwZ2/qoiz87JEwZ2.glb
I1008 16:07:27.832048 836307 ManagedContainerBase.cpp:19] ManagedContainerBase::convertFilenameToJSON : Filename : data/scene_datasets/mp3d/qoiz87JEwZ2/qoiz87JEwZ2.glb changed to proposed JSON configuration filename : data/scene_datasets/mp3d/qoiz87JEwZ2/qoiz87JEwZ2.stage_config.json
I1008 16:07:27.832064 836307 AttributesManagerBase.h:283] AttributesManager<T>::createFromJsonOrDefaultInternal  (Stage) : Proposing JSON name : data/scene_datasets/mp3d/qoiz87JEwZ2/qoiz87JEwZ2.stage_config.json from original name : data/scene_datasets/mp3d/qoiz87JEwZ2/qoiz87JEwZ2.glb | This file  does not exist.
I1008 16:07:27.832111 836307 AbstractObjectAttributesManagerBase.h:181] AbstractObjectAttributesManager<T>::createObject  (Stage) : Done making attributes with handle : data/scene_datasets/mp3d/qoiz87JEwZ2/qoiz87JEwZ2.glb
I1008 16:07:27.832113 836307 AbstractObjectAttributesManagerBase.h:188] File (data/scene_datasets/mp3d/qoiz87JEwZ2/qoiz87JEwZ2.glb) exists but is not a recognized config filename extension, so new default Stage attributes created and registered.
I1008 16:07:27.832124 836307 Simulator.cpp:156] Loading navmesh from data/scene_datasets/mp3d/qoiz87JEwZ2/qoiz87JEwZ2.navmesh
I1008 16:07:27.832283 836307 Simulator.cpp:158] Loaded.
I1008 16:07:27.832290 836307 SceneGraph.h:93] Created DrawableGroup: 
I1008 16:07:27.836406 836307 ResourceManager.cpp:234] ResourceManager::loadStage : Not loading semantic mesh
I1008 16:07:27.836421 836307 ResourceManager.cpp:262] ResourceManager::loadStage : start load render asset data/scene_datasets/mp3d/qoiz87JEwZ2/qoiz87JEwZ2.glb.
I1008 16:07:27.836421 836307 ResourceManager.cpp:569] ResourceManager::loadStageInternal : Attempting to load stage data/scene_datasets/mp3d/qoiz87JEwZ2/qoiz87JEwZ2.glb 
I1008 16:07:27.836449 836307 ResourceManager.cpp:1119] Importing Basis files as BC7 for qoiz87JEwZ2.glb
W1008 16:07:29.935469 836307 Simulator.cpp:248] :
---
 The active scene does not contain semantic annotations. 
---
I1008 16:07:30.005730 836307 simulator.py:213] Loaded navmesh data/scene_datasets/mp3d/qoiz87JEwZ2/qoiz87JEwZ2.navmesh
I1008 16:07:30.299537 836307 PhysicsManager.cpp:33] Deconstructing PhysicsManager
I1008 16:07:30.299580 836307 SemanticScene.h:41] Deconstructing SemanticScene
I1008 16:07:30.311442 836307 SceneManager.h:25] Deconstructing SceneManager
I1008 16:07:30.311481 836307 SceneGraph.h:26] Deconstructing SceneGraph
I1008 16:07:30.312158 836307 Sensor.h:87] Deconstructing Sensor
I1008 16:07:30.313498 836307 Sensor.h:87] Deconstructing Sensor
I1008 16:07:30.313630 836307 Sensor.h:87] Deconstructing Sensor
I1008 16:07:30.313761 836307 Sensor.h:87] Deconstructing Sensor
I1008 16:07:30.313881 836307 Sensor.h:87] Deconstructing Sensor
I1008 16:07:30.313997 836307 Sensor.h:87] Deconstructing Sensor
I1008 16:07:30.314112 836307 Sensor.h:87] Deconstructing Sensor
I1008 16:07:30.314224 836307 Sensor.h:87] Deconstructing Sensor
I1008 16:07:30.314342 836307 Sensor.h:87] Deconstructing Sensor
I1008 16:07:30.314453 836307 Sensor.h:87] Deconstructing Sensor
I1008 16:07:30.314567 836307 Sensor.h:87] Deconstructing Sensor
I1008 16:07:30.314687 836307 Sensor.h:87] Deconstructing Sensor
I1008 16:07:30.314800 836307 Sensor.h:87] Deconstructing Sensor
I1008 16:07:30.314939 836307 Sensor.h:87] Deconstructing Sensor
I1008 16:07:30.315083 836307 Sensor.h:87] Deconstructing Sensor
I1008 16:07:30.315233 836307 Sensor.h:87] Deconstructing Sensor
I1008 16:07:30.315371 836307 Sensor.h:87] Deconstructing Sensor
I1008 16:07:30.315500 836307 Sensor.h:87] Deconstructing Sensor
I1008 16:07:30.315636 836307 Sensor.h:87] Deconstructing Sensor
I1008 16:07:30.315774 836307 Sensor.h:87] Deconstructing Sensor
I1008 16:07:30.315932 836307 Sensor.h:87] Deconstructing Sensor
I1008 16:07:30.316090 836307 Sensor.h:87] Deconstructing Sensor
I1008 16:07:30.316227 836307 Sensor.h:87] Deconstructing Sensor
I1008 16:07:30.316399 836307 Sensor.h:87] Deconstructing Sensor
I1008 16:07:30.320605 836307 Renderer.cpp:34] Deconstructing Renderer
I1008 16:07:30.320626 836307 WindowlessContext.h:17] Deconstructing WindowlessContext
I1008 16:07:30.324301 836307 MetadataMediator.cpp:56] MetadataMediator::setActiveSceneDatasetName : Old active dataset default changed to default successfully.
I1008 16:07:30.325726 836307 AttributesManagerBase.h:283] AttributesManager<T>::createFromJsonOrDefaultInternal  (Physics Manager) : Proposing JSON name : ./data/default.physics_config.json from original name : ./data/default.physics_config.json | This file  does not exist.
I1008 16:07:30.325758 836307 PhysicsAttributesManager.cpp:27] File (./data/default.physics_config.json) not found, so new default physics manager attributes created and registered.
I1008 16:07:30.325763 836307 AbstractObjectAttributesManagerBase.h:175] AbstractObjectAttributesManager<T>::createObject  (Stage) : Making attributes with handle : data/scene_datasets/mp3d/PX4nDJXEHrG/PX4nDJXEHrG.glb
I1008 16:07:30.325766 836307 ManagedContainerBase.cpp:19] ManagedContainerBase::convertFilenameToJSON : Filename : data/scene_datasets/mp3d/PX4nDJXEHrG/PX4nDJXEHrG.glb changed to proposed JSON configuration filename : data/scene_datasets/mp3d/PX4nDJXEHrG/PX4nDJXEHrG.stage_config.json
I1008 16:07:30.325794 836307 AttributesManagerBase.h:283] AttributesManager<T>::createFromJsonOrDefaultInternal  (Stage) : Proposing JSON name : data/scene_datasets/mp3d/PX4nDJXEHrG/PX4nDJXEHrG.stage_config.json from original name : data/scene_datasets/mp3d/PX4nDJXEHrG/PX4nDJXEHrG.glb | This file  does not exist.
I1008 16:07:30.325847 836307 AbstractObjectAttributesManagerBase.h:181] AbstractObjectAttributesManager<T>::createObject  (Stage) : Done making attributes with handle : data/scene_datasets/mp3d/PX4nDJXEHrG/PX4nDJXEHrG.glb
I1008 16:07:30.325850 836307 AbstractObjectAttributesManagerBase.h:188] File (data/scene_datasets/mp3d/PX4nDJXEHrG/PX4nDJXEHrG.glb) exists but is not a recognized config filename extension, so new default Stage attributes created and registered.
I1008 16:07:30.325852 836307 Simulator.cpp:156] Loading navmesh from data/scene_datasets/mp3d/PX4nDJXEHrG/PX4nDJXEHrG.navmesh
I1008 16:07:30.326220 836307 Simulator.cpp:158] Loaded.
I1008 16:07:30.326243 836307 SceneGraph.h:93] Created DrawableGroup: 
I1008 16:07:30.330715 836307 ResourceManager.cpp:234] ResourceManager::loadStage : Not loading semantic mesh
I1008 16:07:30.330729 836307 ResourceManager.cpp:262] ResourceManager::loadStage : start load render asset data/scene_datasets/mp3d/PX4nDJXEHrG/PX4nDJXEHrG.glb.
I1008 16:07:30.330750 836307 ResourceManager.cpp:569] ResourceManager::loadStageInternal : Attempting to load stage data/scene_datasets/mp3d/PX4nDJXEHrG/PX4nDJXEHrG.glb 
I1008 16:07:30.330777 836307 ResourceManager.cpp:1119] Importing Basis files as BC7 for PX4nDJXEHrG.glb
W1008 16:07:33.232304 836307 Simulator.cpp:248] :
---
 The active scene does not contain semantic annotations. 
---
I1008 16:07:33.344506 836307 simulator.py:213] Loaded navmesh data/scene_datasets/mp3d/PX4nDJXEHrG/PX4nDJXEHrG.navmesh
I1008 16:07:33.877348 836307 PhysicsManager.cpp:33] Deconstructing PhysicsManager
I1008 16:07:33.877388 836307 SemanticScene.h:41] Deconstructing SemanticScene
I1008 16:07:33.894649 836307 SceneManager.h:25] Deconstructing SceneManager
I1008 16:07:33.894687 836307 SceneGraph.h:26] Deconstructing SceneGraph
I1008 16:07:33.895697 836307 Sensor.h:87] Deconstructing Sensor
I1008 16:07:33.897297 836307 Sensor.h:87] Deconstructing Sensor
I1008 16:07:33.897454 836307 Sensor.h:87] Deconstructing Sensor
I1008 16:07:33.897594 836307 Sensor.h:87] Deconstructing Sensor
I1008 16:07:33.897740 836307 Sensor.h:87] Deconstructing Sensor
I1008 16:07:33.897881 836307 Sensor.h:87] Deconstructing Sensor
I1008 16:07:33.898030 836307 Sensor.h:87] Deconstructing Sensor
I1008 16:07:33.898154 836307 Sensor.h:87] Deconstructing Sensor
I1008 16:07:33.898286 836307 Sensor.h:87] Deconstructing Sensor
I1008 16:07:33.898411 836307 Sensor.h:87] Deconstructing Sensor
I1008 16:07:33.898532 836307 Sensor.h:87] Deconstructing Sensor
I1008 16:07:33.898667 836307 Sensor.h:87] Deconstructing Sensor
I1008 16:07:33.898795 836307 Sensor.h:87] Deconstructing Sensor
I1008 16:07:33.898986 836307 Sensor.h:87] Deconstructing Sensor
I1008 16:07:33.899168 836307 Sensor.h:87] Deconstructing Sensor
I1008 16:07:33.899335 836307 Sensor.h:87] Deconstructing Sensor
I1008 16:07:33.899503 836307 Sensor.h:87] Deconstructing Sensor
I1008 16:07:33.899676 836307 Sensor.h:87] Deconstructing Sensor
I1008 16:07:33.899840 836307 Sensor.h:87] Deconstructing Sensor
I1008 16:07:33.899996 836307 Sensor.h:87] Deconstructing Sensor
I1008 16:07:33.900168 836307 Sensor.h:87] Deconstructing Sensor
I1008 16:07:33.900337 836307 Sensor.h:87] Deconstructing Sensor
I1008 16:07:33.900508 836307 Sensor.h:87] Deconstructing Sensor
I1008 16:07:33.900614 836307 Sensor.h:87] Deconstructing Sensor
I1008 16:07:33.908119 836307 Renderer.cpp:34] Deconstructing Renderer
I1008 16:07:33.908182 836307 WindowlessContext.h:17] Deconstructing WindowlessContext
I1008 16:07:33.915755 836307 MetadataMediator.cpp:56] MetadataMediator::setActiveSceneDatasetName : Old active dataset default changed to default successfully.
I1008 16:07:33.919428 836307 AttributesManagerBase.h:283] AttributesManager<T>::createFromJsonOrDefaultInternal  (Physics Manager) : Proposing JSON name : ./data/default.physics_config.json from original name : ./data/default.physics_config.json | This file  does not exist.
I1008 16:07:33.919524 836307 PhysicsAttributesManager.cpp:27] File (./data/default.physics_config.json) not found, so new default physics manager attributes created and registered.
I1008 16:07:33.919535 836307 AbstractObjectAttributesManagerBase.h:175] AbstractObjectAttributesManager<T>::createObject  (Stage) : Making attributes with handle : data/scene_datasets/mp3d/2n8kARJN3HM/2n8kARJN3HM.glb
I1008 16:07:33.919539 836307 ManagedContainerBase.cpp:19] ManagedContainerBase::convertFilenameToJSON : Filename : data/scene_datasets/mp3d/2n8kARJN3HM/2n8kARJN3HM.glb changed to proposed JSON configuration filename : data/scene_datasets/mp3d/2n8kARJN3HM/2n8kARJN3HM.stage_config.json
I1008 16:07:33.919561 836307 AttributesManagerBase.h:283] AttributesManager<T>::createFromJsonOrDefaultInternal  (Stage) : Proposing JSON name : data/scene_datasets/mp3d/2n8kARJN3HM/2n8kARJN3HM.stage_config.json from original name : data/scene_datasets/mp3d/2n8kARJN3HM/2n8kARJN3HM.glb | This file  does not exist.
I1008 16:07:33.919632 836307 AbstractObjectAttributesManagerBase.h:181] AbstractObjectAttributesManager<T>::createObject  (Stage) : Done making attributes with handle : data/scene_datasets/mp3d/2n8kARJN3HM/2n8kARJN3HM.glb
I1008 16:07:33.919634 836307 AbstractObjectAttributesManagerBase.h:188] File (data/scene_datasets/mp3d/2n8kARJN3HM/2n8kARJN3HM.glb) exists but is not a recognized config filename extension, so new default Stage attributes created and registered.
I1008 16:07:33.919639 836307 Simulator.cpp:156] Loading navmesh from data/scene_datasets/mp3d/2n8kARJN3HM/2n8kARJN3HM.navmesh
I1008 16:07:33.920097 836307 Simulator.cpp:158] Loaded.
I1008 16:07:33.920125 836307 SceneGraph.h:93] Created DrawableGroup: 
I1008 16:07:33.925442 836307 ResourceManager.cpp:234] ResourceManager::loadStage : Not loading semantic mesh
I1008 16:07:33.925465 836307 ResourceManager.cpp:262] ResourceManager::loadStage : start load render asset data/scene_datasets/mp3d/2n8kARJN3HM/2n8kARJN3HM.glb.
I1008 16:07:33.925467 836307 ResourceManager.cpp:569] ResourceManager::loadStageInternal : Attempting to load stage data/scene_datasets/mp3d/2n8kARJN3HM/2n8kARJN3HM.glb 
I1008 16:07:33.925500 836307 ResourceManager.cpp:1119] Importing Basis files as BC7 for 2n8kARJN3HM.glb
W1008 16:07:37.143188 836307 Simulator.cpp:248] :
---
 The active scene does not contain semantic annotations. 
---
I1008 16:07:37.240215 836307 simulator.py:213] Loaded navmesh data/scene_datasets/mp3d/2n8kARJN3HM/2n8kARJN3HM.navmesh
I1008 16:07:37.801947 836307 PhysicsManager.cpp:33] Deconstructing PhysicsManager
I1008 16:07:37.801988 836307 SemanticScene.h:41] Deconstructing SemanticScene
I1008 16:07:37.813118 836307 SceneManager.h:25] Deconstructing SceneManager
I1008 16:07:37.813158 836307 SceneGraph.h:26] Deconstructing SceneGraph
I1008 16:07:37.813910 836307 Sensor.h:87] Deconstructing Sensor
I1008 16:07:37.815183 836307 Sensor.h:87] Deconstructing Sensor
I1008 16:07:37.815328 836307 Sensor.h:87] Deconstructing Sensor
I1008 16:07:37.815464 836307 Sensor.h:87] Deconstructing Sensor
I1008 16:07:37.815591 836307 Sensor.h:87] Deconstructing Sensor
I1008 16:07:37.815721 836307 Sensor.h:87] Deconstructing Sensor
I1008 16:07:37.815850 836307 Sensor.h:87] Deconstructing Sensor
I1008 16:07:37.815969 836307 Sensor.h:87] Deconstructing Sensor
I1008 16:07:37.816102 836307 Sensor.h:87] Deconstructing Sensor
I1008 16:07:37.816224 836307 Sensor.h:87] Deconstructing Sensor
I1008 16:07:37.816347 836307 Sensor.h:87] Deconstructing Sensor
I1008 16:07:37.816471 836307 Sensor.h:87] Deconstructing Sensor
I1008 16:07:37.816599 836307 Sensor.h:87] Deconstructing Sensor
I1008 16:07:37.816802 836307 Sensor.h:87] Deconstructing Sensor
I1008 16:07:37.816982 836307 Sensor.h:87] Deconstructing Sensor
I1008 16:07:37.817145 836307 Sensor.h:87] Deconstructing Sensor
I1008 16:07:37.817313 836307 Sensor.h:87] Deconstructing Sensor
I1008 16:07:37.817505 836307 Sensor.h:87] Deconstructing Sensor
I1008 16:07:37.817680 836307 Sensor.h:87] Deconstructing Sensor
I1008 16:07:37.817845 836307 Sensor.h:87] Deconstructing Sensor
I1008 16:07:37.818008 836307 Sensor.h:87] Deconstructing Sensor
I1008 16:07:37.818161 836307 Sensor.h:87] Deconstructing Sensor
I1008 16:07:37.818322 836307 Sensor.h:87] Deconstructing Sensor
I1008 16:07:37.818431 836307 Sensor.h:87] Deconstructing Sensor
I1008 16:07:37.827564 836307 Renderer.cpp:34] Deconstructing Renderer
I1008 16:07:37.827610 836307 WindowlessContext.h:17] Deconstructing WindowlessContext
I1008 16:07:37.834818 836307 MetadataMediator.cpp:56] MetadataMediator::setActiveSceneDatasetName : Old active dataset default changed to default successfully.
I1008 16:07:37.837307 836307 AttributesManagerBase.h:283] AttributesManager<T>::createFromJsonOrDefaultInternal  (Physics Manager) : Proposing JSON name : ./data/default.physics_config.json from original name : ./data/default.physics_config.json | This file  does not exist.
I1008 16:07:37.837368 836307 PhysicsAttributesManager.cpp:27] File (./data/default.physics_config.json) not found, so new default physics manager attributes created and registered.
I1008 16:07:37.837378 836307 AbstractObjectAttributesManagerBase.h:175] AbstractObjectAttributesManager<T>::createObject  (Stage) : Making attributes with handle : data/scene_datasets/mp3d/ur6pFq6Qu1A/ur6pFq6Qu1A.glb
I1008 16:07:37.837381 836307 ManagedContainerBase.cpp:19] ManagedContainerBase::convertFilenameToJSON : Filename : data/scene_datasets/mp3d/ur6pFq6Qu1A/ur6pFq6Qu1A.glb changed to proposed JSON configuration filename : data/scene_datasets/mp3d/ur6pFq6Qu1A/ur6pFq6Qu1A.stage_config.json
I1008 16:07:37.837404 836307 AttributesManagerBase.h:283] AttributesManager<T>::createFromJsonOrDefaultInternal  (Stage) : Proposing JSON name : data/scene_datasets/mp3d/ur6pFq6Qu1A/ur6pFq6Qu1A.stage_config.json from original name : data/scene_datasets/mp3d/ur6pFq6Qu1A/ur6pFq6Qu1A.glb | This file  does not exist.
I1008 16:07:37.837466 836307 AbstractObjectAttributesManagerBase.h:181] AbstractObjectAttributesManager<T>::createObject  (Stage) : Done making attributes with handle : data/scene_datasets/mp3d/ur6pFq6Qu1A/ur6pFq6Qu1A.glb
I1008 16:07:37.837468 836307 AbstractObjectAttributesManagerBase.h:188] File (data/scene_datasets/mp3d/ur6pFq6Qu1A/ur6pFq6Qu1A.glb) exists but is not a recognized config filename extension, so new default Stage attributes created and registered.
I1008 16:07:37.837472 836307 Simulator.cpp:156] Loading navmesh from data/scene_datasets/mp3d/ur6pFq6Qu1A/ur6pFq6Qu1A.navmesh
I1008 16:07:37.837833 836307 Simulator.cpp:158] Loaded.
I1008 16:07:37.837849 836307 SceneGraph.h:93] Created DrawableGroup: 
I1008 16:07:37.842537 836307 ResourceManager.cpp:234] ResourceManager::loadStage : Not loading semantic mesh
I1008 16:07:37.842558 836307 ResourceManager.cpp:262] ResourceManager::loadStage : start load render asset data/scene_datasets/mp3d/ur6pFq6Qu1A/ur6pFq6Qu1A.glb.
I1008 16:07:37.842559 836307 ResourceManager.cpp:569] ResourceManager::loadStageInternal : Attempting to load stage data/scene_datasets/mp3d/ur6pFq6Qu1A/ur6pFq6Qu1A.glb 
I1008 16:07:37.842592 836307 ResourceManager.cpp:1119] Importing Basis files as BC7 for ur6pFq6Qu1A.glb
W1008 16:07:40.247289 836307 Simulator.cpp:248] :
---
 The active scene does not contain semantic annotations. 
---
I1008 16:07:40.311742 836307 simulator.py:213] Loaded navmesh data/scene_datasets/mp3d/ur6pFq6Qu1A/ur6pFq6Qu1A.navmesh
I1008 16:07:40.690754 836307 PhysicsManager.cpp:33] Deconstructing PhysicsManager
I1008 16:07:40.690789 836307 SemanticScene.h:41] Deconstructing SemanticScene
I1008 16:07:40.700263 836307 SceneManager.h:25] Deconstructing SceneManager
I1008 16:07:40.700294 836307 SceneGraph.h:26] Deconstructing SceneGraph
I1008 16:07:40.701081 836307 Sensor.h:87] Deconstructing Sensor
I1008 16:07:40.702267 836307 Sensor.h:87] Deconstructing Sensor
I1008 16:07:40.702409 836307 Sensor.h:87] Deconstructing Sensor
I1008 16:07:40.702549 836307 Sensor.h:87] Deconstructing Sensor
I1008 16:07:40.702698 836307 Sensor.h:87] Deconstructing Sensor
I1008 16:07:40.702836 836307 Sensor.h:87] Deconstructing Sensor
I1008 16:07:40.702968 836307 Sensor.h:87] Deconstructing Sensor
I1008 16:07:40.703094 836307 Sensor.h:87] Deconstructing Sensor
I1008 16:07:40.703224 836307 Sensor.h:87] Deconstructing Sensor
I1008 16:07:40.703346 836307 Sensor.h:87] Deconstructing Sensor
I1008 16:07:40.703469 836307 Sensor.h:87] Deconstructing Sensor
I1008 16:07:40.703594 836307 Sensor.h:87] Deconstructing Sensor
I1008 16:07:40.703730 836307 Sensor.h:87] Deconstructing Sensor
I1008 16:07:40.703922 836307 Sensor.h:87] Deconstructing Sensor
I1008 16:07:40.704082 836307 Sensor.h:87] Deconstructing Sensor
I1008 16:07:40.704233 836307 Sensor.h:87] Deconstructing Sensor
I1008 16:07:40.704386 836307 Sensor.h:87] Deconstructing Sensor
I1008 16:07:40.704536 836307 Sensor.h:87] Deconstructing Sensor
I1008 16:07:40.704708 836307 Sensor.h:87] Deconstructing Sensor
I1008 16:07:40.704869 836307 Sensor.h:87] Deconstructing Sensor
I1008 16:07:40.705026 836307 Sensor.h:87] Deconstructing Sensor
I1008 16:07:40.705181 836307 Sensor.h:87] Deconstructing Sensor
I1008 16:07:40.705343 836307 Sensor.h:87] Deconstructing Sensor
I1008 16:07:40.705554 836307 Sensor.h:87] Deconstructing Sensor
I1008 16:07:40.715071 836307 Renderer.cpp:34] Deconstructing Renderer
I1008 16:07:40.715118 836307 WindowlessContext.h:17] Deconstructing WindowlessContext
I1008 16:07:40.722811 836307 MetadataMediator.cpp:56] MetadataMediator::setActiveSceneDatasetName : Old active dataset default changed to default successfully.
I1008 16:07:40.725008 836307 AttributesManagerBase.h:283] AttributesManager<T>::createFromJsonOrDefaultInternal  (Physics Manager) : Proposing JSON name : ./data/default.physics_config.json from original name : ./data/default.physics_config.json | This file  does not exist.
I1008 16:07:40.725059 836307 PhysicsAttributesManager.cpp:27] File (./data/default.physics_config.json) not found, so new default physics manager attributes created and registered.
I1008 16:07:40.725066 836307 AbstractObjectAttributesManagerBase.h:175] AbstractObjectAttributesManager<T>::createObject  (Stage) : Making attributes with handle : data/scene_datasets/mp3d/JmbYfDe2QKZ/JmbYfDe2QKZ.glb
I1008 16:07:40.725069 836307 ManagedContainerBase.cpp:19] ManagedContainerBase::convertFilenameToJSON : Filename : data/scene_datasets/mp3d/JmbYfDe2QKZ/JmbYfDe2QKZ.glb changed to proposed JSON configuration filename : data/scene_datasets/mp3d/JmbYfDe2QKZ/JmbYfDe2QKZ.stage_config.json
I1008 16:07:40.725090 836307 AttributesManagerBase.h:283] AttributesManager<T>::createFromJsonOrDefaultInternal  (Stage) : Proposing JSON name : data/scene_datasets/mp3d/JmbYfDe2QKZ/JmbYfDe2QKZ.stage_config.json from original name : data/scene_datasets/mp3d/JmbYfDe2QKZ/JmbYfDe2QKZ.glb | This file  does not exist.
I1008 16:07:40.725149 836307 AbstractObjectAttributesManagerBase.h:181] AbstractObjectAttributesManager<T>::createObject  (Stage) : Done making attributes with handle : data/scene_datasets/mp3d/JmbYfDe2QKZ/JmbYfDe2QKZ.glb
I1008 16:07:40.725152 836307 AbstractObjectAttributesManagerBase.h:188] File (data/scene_datasets/mp3d/JmbYfDe2QKZ/JmbYfDe2QKZ.glb) exists but is not a recognized config filename extension, so new default Stage attributes created and registered.
I1008 16:07:40.725155 836307 Simulator.cpp:156] Loading navmesh from data/scene_datasets/mp3d/JmbYfDe2QKZ/JmbYfDe2QKZ.navmesh
I1008 16:07:40.725297 836307 Simulator.cpp:158] Loaded.
I1008 16:07:40.725306 836307 SceneGraph.h:93] Created DrawableGroup: 
I1008 16:07:40.730149 836307 ResourceManager.cpp:234] ResourceManager::loadStage : Not loading semantic mesh
I1008 16:07:40.730168 836307 ResourceManager.cpp:262] ResourceManager::loadStage : start load render asset data/scene_datasets/mp3d/JmbYfDe2QKZ/JmbYfDe2QKZ.glb.
I1008 16:07:40.730170 836307 ResourceManager.cpp:569] ResourceManager::loadStageInternal : Attempting to load stage data/scene_datasets/mp3d/JmbYfDe2QKZ/JmbYfDe2QKZ.glb 
I1008 16:07:40.730201 836307 ResourceManager.cpp:1119] Importing Basis files as BC7 for JmbYfDe2QKZ.glb
W1008 16:07:41.916572 836307 Simulator.cpp:248] :
---
 The active scene does not contain semantic annotations. 
---
I1008 16:07:41.972929 836307 simulator.py:213] Loaded navmesh data/scene_datasets/mp3d/JmbYfDe2QKZ/JmbYfDe2QKZ.navmesh
I1008 16:07:42.306565 836307 PhysicsManager.cpp:33] Deconstructing PhysicsManager
I1008 16:07:42.306592 836307 SemanticScene.h:41] Deconstructing SemanticScene
I1008 16:07:42.311511 836307 SceneManager.h:25] Deconstructing SceneManager
I1008 16:07:42.311559 836307 SceneGraph.h:26] Deconstructing SceneGraph
I1008 16:07:42.312147 836307 Sensor.h:87] Deconstructing Sensor
I1008 16:07:42.312812 836307 Sensor.h:87] Deconstructing Sensor
I1008 16:07:42.312929 836307 Sensor.h:87] Deconstructing Sensor
I1008 16:07:42.313050 836307 Sensor.h:87] Deconstructing Sensor
I1008 16:07:42.313166 836307 Sensor.h:87] Deconstructing Sensor
I1008 16:07:42.313279 836307 Sensor.h:87] Deconstructing Sensor
I1008 16:07:42.313390 836307 Sensor.h:87] Deconstructing Sensor
I1008 16:07:42.313503 836307 Sensor.h:87] Deconstructing Sensor
I1008 16:07:42.313625 836307 Sensor.h:87] Deconstructing Sensor
I1008 16:07:42.313745 836307 Sensor.h:87] Deconstructing Sensor
I1008 16:07:42.313864 836307 Sensor.h:87] Deconstructing Sensor
I1008 16:07:42.314005 836307 Sensor.h:87] Deconstructing Sensor
I1008 16:07:42.314114 836307 Sensor.h:87] Deconstructing Sensor
I1008 16:07:42.314250 836307 Sensor.h:87] Deconstructing Sensor
I1008 16:07:42.314392 836307 Sensor.h:87] Deconstructing Sensor
I1008 16:07:42.314528 836307 Sensor.h:87] Deconstructing Sensor
I1008 16:07:42.314672 836307 Sensor.h:87] Deconstructing Sensor
I1008 16:07:42.314805 836307 Sensor.h:87] Deconstructing Sensor
I1008 16:07:42.314946 836307 Sensor.h:87] Deconstructing Sensor
I1008 16:07:42.315084 836307 Sensor.h:87] Deconstructing Sensor
I1008 16:07:42.315224 836307 Sensor.h:87] Deconstructing Sensor
I1008 16:07:42.315361 836307 Sensor.h:87] Deconstructing Sensor
I1008 16:07:42.315505 836307 Sensor.h:87] Deconstructing Sensor
I1008 16:07:42.315594 836307 Sensor.h:87] Deconstructing Sensor
I1008 16:07:42.321905 836307 Renderer.cpp:34] Deconstructing Renderer
I1008 16:07:42.321934 836307 WindowlessContext.h:17] Deconstructing WindowlessContext
I1008 16:07:42.327487 836307 MetadataMediator.cpp:56] MetadataMediator::setActiveSceneDatasetName : Old active dataset default changed to default successfully.
I1008 16:07:42.329491 836307 AttributesManagerBase.h:283] AttributesManager<T>::createFromJsonOrDefaultInternal  (Physics Manager) : Proposing JSON name : ./data/default.physics_config.json from original name : ./data/default.physics_config.json | This file  does not exist.
I1008 16:07:42.329538 836307 PhysicsAttributesManager.cpp:27] File (./data/default.physics_config.json) not found, so new default physics manager attributes created and registered.
I1008 16:07:42.329545 836307 AbstractObjectAttributesManagerBase.h:175] AbstractObjectAttributesManager<T>::createObject  (Stage) : Making attributes with handle : data/scene_datasets/mp3d/2n8kARJN3HM/2n8kARJN3HM.glb
I1008 16:07:42.329548 836307 ManagedContainerBase.cpp:19] ManagedContainerBase::convertFilenameToJSON : Filename : data/scene_datasets/mp3d/2n8kARJN3HM/2n8kARJN3HM.glb changed to proposed JSON configuration filename : data/scene_datasets/mp3d/2n8kARJN3HM/2n8kARJN3HM.stage_config.json
I1008 16:07:42.329567 836307 AttributesManagerBase.h:283] AttributesManager<T>::createFromJsonOrDefaultInternal  (Stage) : Proposing JSON name : data/scene_datasets/mp3d/2n8kARJN3HM/2n8kARJN3HM.stage_config.json from original name : data/scene_datasets/mp3d/2n8kARJN3HM/2n8kARJN3HM.glb | This file  does not exist.
I1008 16:07:42.329619 836307 AbstractObjectAttributesManagerBase.h:181] AbstractObjectAttributesManager<T>::createObject  (Stage) : Done making attributes with handle : data/scene_datasets/mp3d/2n8kARJN3HM/2n8kARJN3HM.glb
I1008 16:07:42.329620 836307 AbstractObjectAttributesManagerBase.h:188] File (data/scene_datasets/mp3d/2n8kARJN3HM/2n8kARJN3HM.glb) exists but is not a recognized config filename extension, so new default Stage attributes created and registered.
I1008 16:07:42.329634 836307 Simulator.cpp:156] Loading navmesh from data/scene_datasets/mp3d/2n8kARJN3HM/2n8kARJN3HM.navmesh
I1008 16:07:42.329923 836307 Simulator.cpp:158] Loaded.
I1008 16:07:42.329932 836307 SceneGraph.h:93] Created DrawableGroup: 
I1008 16:07:42.333932 836307 ResourceManager.cpp:234] ResourceManager::loadStage : Not loading semantic mesh
I1008 16:07:42.333945 836307 ResourceManager.cpp:262] ResourceManager::loadStage : start load render asset data/scene_datasets/mp3d/2n8kARJN3HM/2n8kARJN3HM.glb.
I1008 16:07:42.333946 836307 ResourceManager.cpp:569] ResourceManager::loadStageInternal : Attempting to load stage data/scene_datasets/mp3d/2n8kARJN3HM/2n8kARJN3HM.glb 
I1008 16:07:42.333972 836307 ResourceManager.cpp:1119] Importing Basis files as BC7 for 2n8kARJN3HM.glb
W1008 16:07:45.417135 836307 Simulator.cpp:248] :
---
 The active scene does not contain semantic annotations. 
---
I1008 16:07:45.501545 836307 simulator.py:213] Loaded navmesh data/scene_datasets/mp3d/2n8kARJN3HM/2n8kARJN3HM.navmesh
I1008 16:07:46.263455 836307 PhysicsManager.cpp:33] Deconstructing PhysicsManager
I1008 16:07:46.263501 836307 SemanticScene.h:41] Deconstructing SemanticScene
I1008 16:07:46.274703 836307 SceneManager.h:25] Deconstructing SceneManager
I1008 16:07:46.274734 836307 SceneGraph.h:26] Deconstructing SceneGraph
I1008 16:07:46.275345 836307 Sensor.h:87] Deconstructing Sensor
I1008 16:07:46.276594 836307 Sensor.h:87] Deconstructing Sensor
I1008 16:07:46.276772 836307 Sensor.h:87] Deconstructing Sensor
I1008 16:07:46.276926 836307 Sensor.h:87] Deconstructing Sensor
I1008 16:07:46.277068 836307 Sensor.h:87] Deconstructing Sensor
I1008 16:07:46.277205 836307 Sensor.h:87] Deconstructing Sensor
I1008 16:07:46.277352 836307 Sensor.h:87] Deconstructing Sensor
I1008 16:07:46.277480 836307 Sensor.h:87] Deconstructing Sensor
I1008 16:07:46.277623 836307 Sensor.h:87] Deconstructing Sensor
I1008 16:07:46.277767 836307 Sensor.h:87] Deconstructing Sensor
I1008 16:07:46.277906 836307 Sensor.h:87] Deconstructing Sensor
I1008 16:07:46.278039 836307 Sensor.h:87] Deconstructing Sensor
I1008 16:07:46.278170 836307 Sensor.h:87] Deconstructing Sensor
I1008 16:07:46.278352 836307 Sensor.h:87] Deconstructing Sensor
I1008 16:07:46.278533 836307 Sensor.h:87] Deconstructing Sensor
I1008 16:07:46.278707 836307 Sensor.h:87] Deconstructing Sensor
I1008 16:07:46.278878 836307 Sensor.h:87] Deconstructing Sensor
I1008 16:07:46.279047 836307 Sensor.h:87] Deconstructing Sensor
I1008 16:07:46.279217 836307 Sensor.h:87] Deconstructing Sensor
I1008 16:07:46.279397 836307 Sensor.h:87] Deconstructing Sensor
I1008 16:07:46.279578 836307 Sensor.h:87] Deconstructing Sensor
I1008 16:07:46.279760 836307 Sensor.h:87] Deconstructing Sensor
I1008 16:07:46.279944 836307 Sensor.h:87] Deconstructing Sensor
I1008 16:07:46.280071 836307 Sensor.h:87] Deconstructing Sensor
I1008 16:07:46.293038 836307 Renderer.cpp:34] Deconstructing Renderer
I1008 16:07:46.293084 836307 WindowlessContext.h:17] Deconstructing WindowlessContext
I1008 16:07:46.300128 836307 MetadataMediator.cpp:56] MetadataMediator::setActiveSceneDatasetName : Old active dataset default changed to default successfully.
I1008 16:07:46.302711 836307 AttributesManagerBase.h:283] AttributesManager<T>::createFromJsonOrDefaultInternal  (Physics Manager) : Proposing JSON name : ./data/default.physics_config.json from original name : ./data/default.physics_config.json | This file  does not exist.
I1008 16:07:46.302770 836307 PhysicsAttributesManager.cpp:27] File (./data/default.physics_config.json) not found, so new default physics manager attributes created and registered.
I1008 16:07:46.302778 836307 AbstractObjectAttributesManagerBase.h:175] AbstractObjectAttributesManager<T>::createObject  (Stage) : Making attributes with handle : data/scene_datasets/mp3d/D7N2EKCX4Sj/D7N2EKCX4Sj.glb
I1008 16:07:46.302783 836307 ManagedContainerBase.cpp:19] ManagedContainerBase::convertFilenameToJSON : Filename : data/scene_datasets/mp3d/D7N2EKCX4Sj/D7N2EKCX4Sj.glb changed to proposed JSON configuration filename : data/scene_datasets/mp3d/D7N2EKCX4Sj/D7N2EKCX4Sj.stage_config.json
I1008 16:07:46.302817 836307 AttributesManagerBase.h:283] AttributesManager<T>::createFromJsonOrDefaultInternal  (Stage) : Proposing JSON name : data/scene_datasets/mp3d/D7N2EKCX4Sj/D7N2EKCX4Sj.stage_config.json from original name : data/scene_datasets/mp3d/D7N2EKCX4Sj/D7N2EKCX4Sj.glb | This file  does not exist.
I1008 16:07:46.302876 836307 AbstractObjectAttributesManagerBase.h:181] AbstractObjectAttributesManager<T>::createObject  (Stage) : Done making attributes with handle : data/scene_datasets/mp3d/D7N2EKCX4Sj/D7N2EKCX4Sj.glb
I1008 16:07:46.302878 836307 AbstractObjectAttributesManagerBase.h:188] File (data/scene_datasets/mp3d/D7N2EKCX4Sj/D7N2EKCX4Sj.glb) exists but is not a recognized config filename extension, so new default Stage attributes created and registered.
I1008 16:07:46.302882 836307 Simulator.cpp:156] Loading navmesh from data/scene_datasets/mp3d/D7N2EKCX4Sj/D7N2EKCX4Sj.navmesh
I1008 16:07:46.303412 836307 Simulator.cpp:158] Loaded.
I1008 16:07:46.303426 836307 SceneGraph.h:93] Created DrawableGroup: 
I1008 16:07:46.308248 836307 ResourceManager.cpp:234] ResourceManager::loadStage : Not loading semantic mesh
I1008 16:07:46.308272 836307 ResourceManager.cpp:262] ResourceManager::loadStage : start load render asset data/scene_datasets/mp3d/D7N2EKCX4Sj/D7N2EKCX4Sj.glb.
I1008 16:07:46.308274 836307 ResourceManager.cpp:569] ResourceManager::loadStageInternal : Attempting to load stage data/scene_datasets/mp3d/D7N2EKCX4Sj/D7N2EKCX4Sj.glb 
I1008 16:07:46.308305 836307 ResourceManager.cpp:1119] Importing Basis files as BC7 for D7N2EKCX4Sj.glb
W1008 16:07:50.987803 836307 Simulator.cpp:248] :
---
 The active scene does not contain semantic annotations. 
---
I1008 16:07:51.123452 836307 simulator.py:213] Loaded navmesh data/scene_datasets/mp3d/D7N2EKCX4Sj/D7N2EKCX4Sj.navmesh
I1008 16:07:52.091735 836307 PhysicsManager.cpp:33] Deconstructing PhysicsManager
I1008 16:07:52.091765 836307 SemanticScene.h:41] Deconstructing SemanticScene
I1008 16:07:52.101764 836307 SceneManager.h:25] Deconstructing SceneManager
I1008 16:07:52.101785 836307 SceneGraph.h:26] Deconstructing SceneGraph
I1008 16:07:52.102330 836307 Sensor.h:87] Deconstructing Sensor
I1008 16:07:52.103127 836307 Sensor.h:87] Deconstructing Sensor
I1008 16:07:52.103255 836307 Sensor.h:87] Deconstructing Sensor
I1008 16:07:52.103374 836307 Sensor.h:87] Deconstructing Sensor
I1008 16:07:52.103572 836307 Sensor.h:87] Deconstructing Sensor
I1008 16:07:52.103691 836307 Sensor.h:87] Deconstructing Sensor
I1008 16:07:52.103807 836307 Sensor.h:87] Deconstructing Sensor
I1008 16:07:52.103936 836307 Sensor.h:87] Deconstructing Sensor
I1008 16:07:52.104048 836307 Sensor.h:87] Deconstructing Sensor
I1008 16:07:52.104149 836307 Sensor.h:87] Deconstructing Sensor
I1008 16:07:52.104250 836307 Sensor.h:87] Deconstructing Sensor
I1008 16:07:52.104357 836307 Sensor.h:87] Deconstructing Sensor
I1008 16:07:52.104461 836307 Sensor.h:87] Deconstructing Sensor
I1008 16:07:52.104597 836307 Sensor.h:87] Deconstructing Sensor
I1008 16:07:52.104755 836307 Sensor.h:87] Deconstructing Sensor
I1008 16:07:52.104885 836307 Sensor.h:87] Deconstructing Sensor
I1008 16:07:52.105015 836307 Sensor.h:87] Deconstructing Sensor
I1008 16:07:52.105152 836307 Sensor.h:87] Deconstructing Sensor
I1008 16:07:52.105288 836307 Sensor.h:87] Deconstructing Sensor
I1008 16:07:52.105419 836307 Sensor.h:87] Deconstructing Sensor
I1008 16:07:52.105551 836307 Sensor.h:87] Deconstructing Sensor
I1008 16:07:52.105688 836307 Sensor.h:87] Deconstructing Sensor
I1008 16:07:52.105827 836307 Sensor.h:87] Deconstructing Sensor
I1008 16:07:52.106033 836307 Sensor.h:87] Deconstructing Sensor
I1008 16:07:52.115116 836307 Renderer.cpp:34] Deconstructing Renderer
I1008 16:07:52.115152 836307 WindowlessContext.h:17] Deconstructing WindowlessContext
I1008 16:07:52.125020 836307 MetadataMediator.cpp:56] MetadataMediator::setActiveSceneDatasetName : Old active dataset default changed to default successfully.
I1008 16:07:52.127533 836307 AttributesManagerBase.h:283] AttributesManager<T>::createFromJsonOrDefaultInternal  (Physics Manager) : Proposing JSON name : ./data/default.physics_config.json from original name : ./data/default.physics_config.json | This file  does not exist.
I1008 16:07:52.127583 836307 PhysicsAttributesManager.cpp:27] File (./data/default.physics_config.json) not found, so new default physics manager attributes created and registered.
I1008 16:07:52.127589 836307 AbstractObjectAttributesManagerBase.h:175] AbstractObjectAttributesManager<T>::createObject  (Stage) : Making attributes with handle : data/scene_datasets/mp3d/qoiz87JEwZ2/qoiz87JEwZ2.glb
I1008 16:07:52.127594 836307 ManagedContainerBase.cpp:19] ManagedContainerBase::convertFilenameToJSON : Filename : data/scene_datasets/mp3d/qoiz87JEwZ2/qoiz87JEwZ2.glb changed to proposed JSON configuration filename : data/scene_datasets/mp3d/qoiz87JEwZ2/qoiz87JEwZ2.stage_config.json
I1008 16:07:52.127612 836307 AttributesManagerBase.h:283] AttributesManager<T>::createFromJsonOrDefaultInternal  (Stage) : Proposing JSON name : data/scene_datasets/mp3d/qoiz87JEwZ2/qoiz87JEwZ2.stage_config.json from original name : data/scene_datasets/mp3d/qoiz87JEwZ2/qoiz87JEwZ2.glb | This file  does not exist.
I1008 16:07:52.127676 836307 AbstractObjectAttributesManagerBase.h:181] AbstractObjectAttributesManager<T>::createObject  (Stage) : Done making attributes with handle : data/scene_datasets/mp3d/qoiz87JEwZ2/qoiz87JEwZ2.glb
I1008 16:07:52.127677 836307 AbstractObjectAttributesManagerBase.h:188] File (data/scene_datasets/mp3d/qoiz87JEwZ2/qoiz87JEwZ2.glb) exists but is not a recognized config filename extension, so new default Stage attributes created and registered.
I1008 16:07:52.127682 836307 Simulator.cpp:156] Loading navmesh from data/scene_datasets/mp3d/qoiz87JEwZ2/qoiz87JEwZ2.navmesh
I1008 16:07:52.127864 836307 Simulator.cpp:158] Loaded.
I1008 16:07:52.127871 836307 SceneGraph.h:93] Created DrawableGroup: 
I1008 16:07:52.131913 836307 ResourceManager.cpp:234] ResourceManager::loadStage : Not loading semantic mesh
I1008 16:07:52.131922 836307 ResourceManager.cpp:262] ResourceManager::loadStage : start load render asset data/scene_datasets/mp3d/qoiz87JEwZ2/qoiz87JEwZ2.glb.
I1008 16:07:52.131922 836307 ResourceManager.cpp:569] ResourceManager::loadStageInternal : Attempting to load stage data/scene_datasets/mp3d/qoiz87JEwZ2/qoiz87JEwZ2.glb 
I1008 16:07:52.131944 836307 ResourceManager.cpp:1119] Importing Basis files as BC7 for qoiz87JEwZ2.glb
W1008 16:07:53.986475 836307 Simulator.cpp:248] :
---
 The active scene does not contain semantic annotations. 
---
I1008 16:07:54.054054 836307 simulator.py:213] Loaded navmesh data/scene_datasets/mp3d/qoiz87JEwZ2/qoiz87JEwZ2.navmesh
I1008 16:07:54.564437 836307 PhysicsManager.cpp:33] Deconstructing PhysicsManager
I1008 16:07:54.564486 836307 SemanticScene.h:41] Deconstructing SemanticScene
I1008 16:07:54.574172 836307 SceneManager.h:25] Deconstructing SceneManager
I1008 16:07:54.574204 836307 SceneGraph.h:26] Deconstructing SceneGraph
I1008 16:07:54.574680 836307 Sensor.h:87] Deconstructing Sensor
I1008 16:07:54.575955 836307 Sensor.h:87] Deconstructing Sensor
I1008 16:07:54.576118 836307 Sensor.h:87] Deconstructing Sensor
I1008 16:07:54.576262 836307 Sensor.h:87] Deconstructing Sensor
I1008 16:07:54.576396 836307 Sensor.h:87] Deconstructing Sensor
I1008 16:07:54.576527 836307 Sensor.h:87] Deconstructing Sensor
I1008 16:07:54.576661 836307 Sensor.h:87] Deconstructing Sensor
I1008 16:07:54.576792 836307 Sensor.h:87] Deconstructing Sensor
I1008 16:07:54.576920 836307 Sensor.h:87] Deconstructing Sensor
I1008 16:07:54.577054 836307 Sensor.h:87] Deconstructing Sensor
I1008 16:07:54.577173 836307 Sensor.h:87] Deconstructing Sensor
I1008 16:07:54.577296 836307 Sensor.h:87] Deconstructing Sensor
I1008 16:07:54.577431 836307 Sensor.h:87] Deconstructing Sensor
I1008 16:07:54.577610 836307 Sensor.h:87] Deconstructing Sensor
I1008 16:07:54.577796 836307 Sensor.h:87] Deconstructing Sensor
I1008 16:07:54.577956 836307 Sensor.h:87] Deconstructing Sensor
I1008 16:07:54.578133 836307 Sensor.h:87] Deconstructing Sensor
I1008 16:07:54.578289 836307 Sensor.h:87] Deconstructing Sensor
I1008 16:07:54.578454 836307 Sensor.h:87] Deconstructing Sensor
I1008 16:07:54.578613 836307 Sensor.h:87] Deconstructing Sensor
I1008 16:07:54.578783 836307 Sensor.h:87] Deconstructing Sensor
I1008 16:07:54.578948 836307 Sensor.h:87] Deconstructing Sensor
I1008 16:07:54.579121 836307 Sensor.h:87] Deconstructing Sensor
I1008 16:07:54.579259 836307 Sensor.h:87] Deconstructing Sensor
I1008 16:07:54.589547 836307 Renderer.cpp:34] Deconstructing Renderer
I1008 16:07:54.589591 836307 WindowlessContext.h:17] Deconstructing WindowlessContext
I1008 16:07:54.594396 836307 MetadataMediator.cpp:56] MetadataMediator::setActiveSceneDatasetName : Old active dataset default changed to default successfully.
I1008 16:07:54.596347 836307 AttributesManagerBase.h:283] AttributesManager<T>::createFromJsonOrDefaultInternal  (Physics Manager) : Proposing JSON name : ./data/default.physics_config.json from original name : ./data/default.physics_config.json | This file  does not exist.
I1008 16:07:54.596395 836307 PhysicsAttributesManager.cpp:27] File (./data/default.physics_config.json) not found, so new default physics manager attributes created and registered.
I1008 16:07:54.596402 836307 AbstractObjectAttributesManagerBase.h:175] AbstractObjectAttributesManager<T>::createObject  (Stage) : Making attributes with handle : data/scene_datasets/mp3d/2n8kARJN3HM/2n8kARJN3HM.glb
I1008 16:07:54.596406 836307 ManagedContainerBase.cpp:19] ManagedContainerBase::convertFilenameToJSON : Filename : data/scene_datasets/mp3d/2n8kARJN3HM/2n8kARJN3HM.glb changed to proposed JSON configuration filename : data/scene_datasets/mp3d/2n8kARJN3HM/2n8kARJN3HM.stage_config.json
I1008 16:07:54.596426 836307 AttributesManagerBase.h:283] AttributesManager<T>::createFromJsonOrDefaultInternal  (Stage) : Proposing JSON name : data/scene_datasets/mp3d/2n8kARJN3HM/2n8kARJN3HM.stage_config.json from original name : data/scene_datasets/mp3d/2n8kARJN3HM/2n8kARJN3HM.glb | This file  does not exist.
I1008 16:07:54.596482 836307 AbstractObjectAttributesManagerBase.h:181] AbstractObjectAttributesManager<T>::createObject  (Stage) : Done making attributes with handle : data/scene_datasets/mp3d/2n8kARJN3HM/2n8kARJN3HM.glb
I1008 16:07:54.596484 836307 AbstractObjectAttributesManagerBase.h:188] File (data/scene_datasets/mp3d/2n8kARJN3HM/2n8kARJN3HM.glb) exists but is not a recognized config filename extension, so new default Stage attributes created and registered.
I1008 16:07:54.596488 836307 Simulator.cpp:156] Loading navmesh from data/scene_datasets/mp3d/2n8kARJN3HM/2n8kARJN3HM.navmesh
I1008 16:07:54.596843 836307 Simulator.cpp:158] Loaded.
I1008 16:07:54.596854 836307 SceneGraph.h:93] Created DrawableGroup: 
I1008 16:07:54.601569 836307 ResourceManager.cpp:234] ResourceManager::loadStage : Not loading semantic mesh
I1008 16:07:54.601588 836307 ResourceManager.cpp:262] ResourceManager::loadStage : start load render asset data/scene_datasets/mp3d/2n8kARJN3HM/2n8kARJN3HM.glb.
I1008 16:07:54.601589 836307 ResourceManager.cpp:569] ResourceManager::loadStageInternal : Attempting to load stage data/scene_datasets/mp3d/2n8kARJN3HM/2n8kARJN3HM.glb 
I1008 16:07:54.601620 836307 ResourceManager.cpp:1119] Importing Basis files as BC7 for 2n8kARJN3HM.glb
W1008 16:07:57.728914 836307 Simulator.cpp:248] :
---
 The active scene does not contain semantic annotations. 
---
I1008 16:07:57.814389 836307 simulator.py:213] Loaded navmesh data/scene_datasets/mp3d/2n8kARJN3HM/2n8kARJN3HM.navmesh
I1008 16:07:58.311489 836307 PhysicsManager.cpp:33] Deconstructing PhysicsManager
I1008 16:07:58.311543 836307 SemanticScene.h:41] Deconstructing SemanticScene
I1008 16:07:58.326232 836307 SceneManager.h:25] Deconstructing SceneManager
I1008 16:07:58.326259 836307 SceneGraph.h:26] Deconstructing SceneGraph
I1008 16:07:58.326933 836307 Sensor.h:87] Deconstructing Sensor
I1008 16:07:58.328258 836307 Sensor.h:87] Deconstructing Sensor
I1008 16:07:58.328408 836307 Sensor.h:87] Deconstructing Sensor
I1008 16:07:58.328583 836307 Sensor.h:87] Deconstructing Sensor
I1008 16:07:58.328714 836307 Sensor.h:87] Deconstructing Sensor
I1008 16:07:58.328840 836307 Sensor.h:87] Deconstructing Sensor
I1008 16:07:58.328977 836307 Sensor.h:87] Deconstructing Sensor
I1008 16:07:58.329100 836307 Sensor.h:87] Deconstructing Sensor
I1008 16:07:58.329231 836307 Sensor.h:87] Deconstructing Sensor
I1008 16:07:58.329360 836307 Sensor.h:87] Deconstructing Sensor
I1008 16:07:58.329484 836307 Sensor.h:87] Deconstructing Sensor
I1008 16:07:58.329617 836307 Sensor.h:87] Deconstructing Sensor
I1008 16:07:58.329757 836307 Sensor.h:87] Deconstructing Sensor
I1008 16:07:58.329952 836307 Sensor.h:87] Deconstructing Sensor
I1008 16:07:58.330127 836307 Sensor.h:87] Deconstructing Sensor
I1008 16:07:58.330284 836307 Sensor.h:87] Deconstructing Sensor
I1008 16:07:58.330444 836307 Sensor.h:87] Deconstructing Sensor
I1008 16:07:58.330602 836307 Sensor.h:87] Deconstructing Sensor
I1008 16:07:58.330768 836307 Sensor.h:87] Deconstructing Sensor
I1008 16:07:58.330924 836307 Sensor.h:87] Deconstructing Sensor
I1008 16:07:58.331084 836307 Sensor.h:87] Deconstructing Sensor
I1008 16:07:58.331239 836307 Sensor.h:87] Deconstructing Sensor
I1008 16:07:58.331403 836307 Sensor.h:87] Deconstructing Sensor
I1008 16:07:58.331517 836307 Sensor.h:87] Deconstructing Sensor
I1008 16:07:58.342340 836307 Renderer.cpp:34] Deconstructing Renderer
I1008 16:07:58.342413 836307 WindowlessContext.h:17] Deconstructing WindowlessContext
I1008 16:07:58.349478 836307 MetadataMediator.cpp:56] MetadataMediator::setActiveSceneDatasetName : Old active dataset default changed to default successfully.
I1008 16:07:58.352459 836307 AttributesManagerBase.h:283] AttributesManager<T>::createFromJsonOrDefaultInternal  (Physics Manager) : Proposing JSON name : ./data/default.physics_config.json from original name : ./data/default.physics_config.json | This file  does not exist.
I1008 16:07:58.352527 836307 PhysicsAttributesManager.cpp:27] File (./data/default.physics_config.json) not found, so new default physics manager attributes created and registered.
I1008 16:07:58.352537 836307 AbstractObjectAttributesManagerBase.h:175] AbstractObjectAttributesManager<T>::createObject  (Stage) : Making attributes with handle : data/scene_datasets/mp3d/pRbA3pwrgk9/pRbA3pwrgk9.glb
I1008 16:07:58.352541 836307 ManagedContainerBase.cpp:19] ManagedContainerBase::convertFilenameToJSON : Filename : data/scene_datasets/mp3d/pRbA3pwrgk9/pRbA3pwrgk9.glb changed to proposed JSON configuration filename : data/scene_datasets/mp3d/pRbA3pwrgk9/pRbA3pwrgk9.stage_config.json
I1008 16:07:58.352564 836307 AttributesManagerBase.h:283] AttributesManager<T>::createFromJsonOrDefaultInternal  (Stage) : Proposing JSON name : data/scene_datasets/mp3d/pRbA3pwrgk9/pRbA3pwrgk9.stage_config.json from original name : data/scene_datasets/mp3d/pRbA3pwrgk9/pRbA3pwrgk9.glb | This file  does not exist.
I1008 16:07:58.352632 836307 AbstractObjectAttributesManagerBase.h:181] AbstractObjectAttributesManager<T>::createObject  (Stage) : Done making attributes with handle : data/scene_datasets/mp3d/pRbA3pwrgk9/pRbA3pwrgk9.glb
I1008 16:07:58.352635 836307 AbstractObjectAttributesManagerBase.h:188] File (data/scene_datasets/mp3d/pRbA3pwrgk9/pRbA3pwrgk9.glb) exists but is not a recognized config filename extension, so new default Stage attributes created and registered.
I1008 16:07:58.352640 836307 Simulator.cpp:156] Loading navmesh from data/scene_datasets/mp3d/pRbA3pwrgk9/pRbA3pwrgk9.navmesh
I1008 16:07:58.352886 836307 Simulator.cpp:158] Loaded.
I1008 16:07:58.352903 836307 SceneGraph.h:93] Created DrawableGroup: 
I1008 16:07:58.359086 836307 ResourceManager.cpp:234] ResourceManager::loadStage : Not loading semantic mesh
I1008 16:07:58.359107 836307 ResourceManager.cpp:262] ResourceManager::loadStage : start load render asset data/scene_datasets/mp3d/pRbA3pwrgk9/pRbA3pwrgk9.glb.
I1008 16:07:58.359108 836307 ResourceManager.cpp:569] ResourceManager::loadStageInternal : Attempting to load stage data/scene_datasets/mp3d/pRbA3pwrgk9/pRbA3pwrgk9.glb 
I1008 16:07:58.359143 836307 ResourceManager.cpp:1119] Importing Basis files as BC7 for pRbA3pwrgk9.glb
W1008 16:07:59.738751 836307 Simulator.cpp:248] :
---
 The active scene does not contain semantic annotations. 
---
I1008 16:07:59.803452 836307 simulator.py:213] Loaded navmesh data/scene_datasets/mp3d/pRbA3pwrgk9/pRbA3pwrgk9.navmesh
I1008 16:08:00.328118 836307 PhysicsManager.cpp:33] Deconstructing PhysicsManager
I1008 16:08:00.328146 836307 SemanticScene.h:41] Deconstructing SemanticScene
I1008 16:08:00.334242 836307 SceneManager.h:25] Deconstructing SceneManager
I1008 16:08:00.334283 836307 SceneGraph.h:26] Deconstructing SceneGraph
I1008 16:08:00.334772 836307 Sensor.h:87] Deconstructing Sensor
I1008 16:08:00.335481 836307 Sensor.h:87] Deconstructing Sensor
I1008 16:08:00.335604 836307 Sensor.h:87] Deconstructing Sensor
I1008 16:08:00.335729 836307 Sensor.h:87] Deconstructing Sensor
I1008 16:08:00.335847 836307 Sensor.h:87] Deconstructing Sensor
I1008 16:08:00.335966 836307 Sensor.h:87] Deconstructing Sensor
I1008 16:08:00.336081 836307 Sensor.h:87] Deconstructing Sensor
I1008 16:08:00.336190 836307 Sensor.h:87] Deconstructing Sensor
I1008 16:08:00.336308 836307 Sensor.h:87] Deconstructing Sensor
I1008 16:08:00.336416 836307 Sensor.h:87] Deconstructing Sensor
I1008 16:08:00.336516 836307 Sensor.h:87] Deconstructing Sensor
I1008 16:08:00.336625 836307 Sensor.h:87] Deconstructing Sensor
I1008 16:08:00.336728 836307 Sensor.h:87] Deconstructing Sensor
I1008 16:08:00.336870 836307 Sensor.h:87] Deconstructing Sensor
I1008 16:08:00.337006 836307 Sensor.h:87] Deconstructing Sensor
I1008 16:08:00.337132 836307 Sensor.h:87] Deconstructing Sensor
I1008 16:08:00.337263 836307 Sensor.h:87] Deconstructing Sensor
I1008 16:08:00.337389 836307 Sensor.h:87] Deconstructing Sensor
I1008 16:08:00.337522 836307 Sensor.h:87] Deconstructing Sensor
I1008 16:08:00.337653 836307 Sensor.h:87] Deconstructing Sensor
I1008 16:08:00.337788 836307 Sensor.h:87] Deconstructing Sensor
I1008 16:08:00.337919 836307 Sensor.h:87] Deconstructing Sensor
I1008 16:08:00.338049 836307 Sensor.h:87] Deconstructing Sensor
I1008 16:08:00.338258 836307 Sensor.h:87] Deconstructing Sensor
I1008 16:08:00.342882 836307 Renderer.cpp:34] Deconstructing Renderer
I1008 16:08:00.342905 836307 WindowlessContext.h:17] Deconstructing WindowlessContext
I1008 16:08:00.346310 836307 MetadataMediator.cpp:56] MetadataMediator::setActiveSceneDatasetName : Old active dataset default changed to default successfully.
I1008 16:08:00.347800 836307 AttributesManagerBase.h:283] AttributesManager<T>::createFromJsonOrDefaultInternal  (Physics Manager) : Proposing JSON name : ./data/default.physics_config.json from original name : ./data/default.physics_config.json | This file  does not exist.
I1008 16:08:00.347834 836307 PhysicsAttributesManager.cpp:27] File (./data/default.physics_config.json) not found, so new default physics manager attributes created and registered.
I1008 16:08:00.347842 836307 AbstractObjectAttributesManagerBase.h:175] AbstractObjectAttributesManager<T>::createObject  (Stage) : Making attributes with handle : data/scene_datasets/mp3d/JmbYfDe2QKZ/JmbYfDe2QKZ.glb
I1008 16:08:00.347846 836307 ManagedContainerBase.cpp:19] ManagedContainerBase::convertFilenameToJSON : Filename : data/scene_datasets/mp3d/JmbYfDe2QKZ/JmbYfDe2QKZ.glb changed to proposed JSON configuration filename : data/scene_datasets/mp3d/JmbYfDe2QKZ/JmbYfDe2QKZ.stage_config.json
I1008 16:08:00.347862 836307 AttributesManagerBase.h:283] AttributesManager<T>::createFromJsonOrDefaultInternal  (Stage) : Proposing JSON name : data/scene_datasets/mp3d/JmbYfDe2QKZ/JmbYfDe2QKZ.stage_config.json from original name : data/scene_datasets/mp3d/JmbYfDe2QKZ/JmbYfDe2QKZ.glb | This file  does not exist.
I1008 16:08:00.347911 836307 AbstractObjectAttributesManagerBase.h:181] AbstractObjectAttributesManager<T>::createObject  (Stage) : Done making attributes with handle : data/scene_datasets/mp3d/JmbYfDe2QKZ/JmbYfDe2QKZ.glb
I1008 16:08:00.347913 836307 AbstractObjectAttributesManagerBase.h:188] File (data/scene_datasets/mp3d/JmbYfDe2QKZ/JmbYfDe2QKZ.glb) exists but is not a recognized config filename extension, so new default Stage attributes created and registered.
I1008 16:08:00.347926 836307 Simulator.cpp:156] Loading navmesh from data/scene_datasets/mp3d/JmbYfDe2QKZ/JmbYfDe2QKZ.navmesh
I1008 16:08:00.348045 836307 Simulator.cpp:158] Loaded.
I1008 16:08:00.348052 836307 SceneGraph.h:93] Created DrawableGroup: 
I1008 16:08:00.352428 836307 ResourceManager.cpp:234] ResourceManager::loadStage : Not loading semantic mesh
I1008 16:08:00.352447 836307 ResourceManager.cpp:262] ResourceManager::loadStage : start load render asset data/scene_datasets/mp3d/JmbYfDe2QKZ/JmbYfDe2QKZ.glb.
I1008 16:08:00.352447 836307 ResourceManager.cpp:569] ResourceManager::loadStageInternal : Attempting to load stage data/scene_datasets/mp3d/JmbYfDe2QKZ/JmbYfDe2QKZ.glb 
I1008 16:08:00.352481 836307 ResourceManager.cpp:1119] Importing Basis files as BC7 for JmbYfDe2QKZ.glb
W1008 16:08:01.507139 836307 Simulator.cpp:248] :
---
 The active scene does not contain semantic annotations. 
---
I1008 16:08:01.569675 836307 simulator.py:213] Loaded navmesh data/scene_datasets/mp3d/JmbYfDe2QKZ/JmbYfDe2QKZ.navmesh
I1008 16:08:02.111264 836307 PhysicsManager.cpp:33] Deconstructing PhysicsManager
I1008 16:08:02.111337 836307 SemanticScene.h:41] Deconstructing SemanticScene
I1008 16:08:02.124191 836307 SceneManager.h:25] Deconstructing SceneManager
I1008 16:08:02.124225 836307 SceneGraph.h:26] Deconstructing SceneGraph
I1008 16:08:02.124750 836307 Sensor.h:87] Deconstructing Sensor
I1008 16:08:02.126720 836307 Sensor.h:87] Deconstructing Sensor
I1008 16:08:02.126868 836307 Sensor.h:87] Deconstructing Sensor
I1008 16:08:02.127008 836307 Sensor.h:87] Deconstructing Sensor
I1008 16:08:02.127137 836307 Sensor.h:87] Deconstructing Sensor
I1008 16:08:02.127262 836307 Sensor.h:87] Deconstructing Sensor
I1008 16:08:02.127395 836307 Sensor.h:87] Deconstructing Sensor
I1008 16:08:02.127521 836307 Sensor.h:87] Deconstructing Sensor
I1008 16:08:02.127660 836307 Sensor.h:87] Deconstructing Sensor
I1008 16:08:02.127795 836307 Sensor.h:87] Deconstructing Sensor
I1008 16:08:02.127924 836307 Sensor.h:87] Deconstructing Sensor
I1008 16:08:02.128058 836307 Sensor.h:87] Deconstructing Sensor
I1008 16:08:02.128191 836307 Sensor.h:87] Deconstructing Sensor
I1008 16:08:02.128360 836307 Sensor.h:87] Deconstructing Sensor
I1008 16:08:02.128646 836307 Sensor.h:87] Deconstructing Sensor
I1008 16:08:02.128845 836307 Sensor.h:87] Deconstructing Sensor
I1008 16:08:02.129016 836307 Sensor.h:87] Deconstructing Sensor
I1008 16:08:02.129173 836307 Sensor.h:87] Deconstructing Sensor
I1008 16:08:02.129334 836307 Sensor.h:87] Deconstructing Sensor
I1008 16:08:02.129494 836307 Sensor.h:87] Deconstructing Sensor
I1008 16:08:02.129647 836307 Sensor.h:87] Deconstructing Sensor
I1008 16:08:02.129805 836307 Sensor.h:87] Deconstructing Sensor
I1008 16:08:02.130029 836307 Sensor.h:87] Deconstructing Sensor
I1008 16:08:02.130174 836307 Sensor.h:87] Deconstructing Sensor
I1008 16:08:02.137244 836307 Renderer.cpp:34] Deconstructing Renderer
I1008 16:08:02.137282 836307 WindowlessContext.h:17] Deconstructing WindowlessContext
I1008 16:08:02.140727 836307 MetadataMediator.cpp:56] MetadataMediator::setActiveSceneDatasetName : Old active dataset default changed to default successfully.
I1008 16:08:02.142751 836307 AttributesManagerBase.h:283] AttributesManager<T>::createFromJsonOrDefaultInternal  (Physics Manager) : Proposing JSON name : ./data/default.physics_config.json from original name : ./data/default.physics_config.json | This file  does not exist.
I1008 16:08:02.142805 836307 PhysicsAttributesManager.cpp:27] File (./data/default.physics_config.json) not found, so new default physics manager attributes created and registered.
I1008 16:08:02.142813 836307 AbstractObjectAttributesManagerBase.h:175] AbstractObjectAttributesManager<T>::createObject  (Stage) : Making attributes with handle : data/scene_datasets/mp3d/PX4nDJXEHrG/PX4nDJXEHrG.glb
I1008 16:08:02.142817 836307 ManagedContainerBase.cpp:19] ManagedContainerBase::convertFilenameToJSON : Filename : data/scene_datasets/mp3d/PX4nDJXEHrG/PX4nDJXEHrG.glb changed to proposed JSON configuration filename : data/scene_datasets/mp3d/PX4nDJXEHrG/PX4nDJXEHrG.stage_config.json
I1008 16:08:02.142848 836307 AttributesManagerBase.h:283] AttributesManager<T>::createFromJsonOrDefaultInternal  (Stage) : Proposing JSON name : data/scene_datasets/mp3d/PX4nDJXEHrG/PX4nDJXEHrG.stage_config.json from original name : data/scene_datasets/mp3d/PX4nDJXEHrG/PX4nDJXEHrG.glb | This file  does not exist.
I1008 16:08:02.142913 836307 AbstractObjectAttributesManagerBase.h:181] AbstractObjectAttributesManager<T>::createObject  (Stage) : Done making attributes with handle : data/scene_datasets/mp3d/PX4nDJXEHrG/PX4nDJXEHrG.glb
I1008 16:08:02.142915 836307 AbstractObjectAttributesManagerBase.h:188] File (data/scene_datasets/mp3d/PX4nDJXEHrG/PX4nDJXEHrG.glb) exists but is not a recognized config filename extension, so new default Stage attributes created and registered.
I1008 16:08:02.142921 836307 Simulator.cpp:156] Loading navmesh from data/scene_datasets/mp3d/PX4nDJXEHrG/PX4nDJXEHrG.navmesh
I1008 16:08:02.143401 836307 Simulator.cpp:158] Loaded.
I1008 16:08:02.143417 836307 SceneGraph.h:93] Created DrawableGroup: 
I1008 16:08:02.148438 836307 ResourceManager.cpp:234] ResourceManager::loadStage : Not loading semantic mesh
I1008 16:08:02.148460 836307 ResourceManager.cpp:262] ResourceManager::loadStage : start load render asset data/scene_datasets/mp3d/PX4nDJXEHrG/PX4nDJXEHrG.glb.
I1008 16:08:02.148463 836307 ResourceManager.cpp:569] ResourceManager::loadStageInternal : Attempting to load stage data/scene_datasets/mp3d/PX4nDJXEHrG/PX4nDJXEHrG.glb 
I1008 16:08:02.148491 836307 ResourceManager.cpp:1119] Importing Basis files as BC7 for PX4nDJXEHrG.glb
W1008 16:08:05.168277 836307 Simulator.cpp:248] :
---
 The active scene does not contain semantic annotations. 
---
I1008 16:08:05.297185 836307 simulator.py:213] Loaded navmesh data/scene_datasets/mp3d/PX4nDJXEHrG/PX4nDJXEHrG.navmesh
I1008 16:08:05.987087 836307 PhysicsManager.cpp:33] Deconstructing PhysicsManager
I1008 16:08:05.987128 836307 SemanticScene.h:41] Deconstructing SemanticScene
I1008 16:08:06.002836 836307 SceneManager.h:25] Deconstructing SceneManager
I1008 16:08:06.002871 836307 SceneGraph.h:26] Deconstructing SceneGraph
I1008 16:08:06.004032 836307 Sensor.h:87] Deconstructing Sensor
I1008 16:08:06.006016 836307 Sensor.h:87] Deconstructing Sensor
I1008 16:08:06.006174 836307 Sensor.h:87] Deconstructing Sensor
I1008 16:08:06.006314 836307 Sensor.h:87] Deconstructing Sensor
I1008 16:08:06.006440 836307 Sensor.h:87] Deconstructing Sensor
I1008 16:08:06.006574 836307 Sensor.h:87] Deconstructing Sensor
I1008 16:08:06.006718 836307 Sensor.h:87] Deconstructing Sensor
I1008 16:08:06.006860 836307 Sensor.h:87] Deconstructing Sensor
I1008 16:08:06.007011 836307 Sensor.h:87] Deconstructing Sensor
I1008 16:08:06.007144 836307 Sensor.h:87] Deconstructing Sensor
I1008 16:08:06.007277 836307 Sensor.h:87] Deconstructing Sensor
I1008 16:08:06.007417 836307 Sensor.h:87] Deconstructing Sensor
I1008 16:08:06.007551 836307 Sensor.h:87] Deconstructing Sensor
I1008 16:08:06.007961 836307 Sensor.h:87] Deconstructing Sensor
I1008 16:08:06.008196 836307 Sensor.h:87] Deconstructing Sensor
I1008 16:08:06.008359 836307 Sensor.h:87] Deconstructing Sensor
I1008 16:08:06.008524 836307 Sensor.h:87] Deconstructing Sensor
I1008 16:08:06.008693 836307 Sensor.h:87] Deconstructing Sensor
I1008 16:08:06.008853 836307 Sensor.h:87] Deconstructing Sensor
I1008 16:08:06.009017 836307 Sensor.h:87] Deconstructing Sensor
I1008 16:08:06.009176 836307 Sensor.h:87] Deconstructing Sensor
I1008 16:08:06.009328 836307 Sensor.h:87] Deconstructing Sensor
I1008 16:08:06.009498 836307 Sensor.h:87] Deconstructing Sensor
I1008 16:08:06.009620 836307 Sensor.h:87] Deconstructing Sensor
I1008 16:08:06.022450 836307 Renderer.cpp:34] Deconstructing Renderer
I1008 16:08:06.022495 836307 WindowlessContext.h:17] Deconstructing WindowlessContext
I1008 16:08:06.030045 836307 MetadataMediator.cpp:56] MetadataMediator::setActiveSceneDatasetName : Old active dataset default changed to default successfully.
I1008 16:08:06.032634 836307 AttributesManagerBase.h:283] AttributesManager<T>::createFromJsonOrDefaultInternal  (Physics Manager) : Proposing JSON name : ./data/default.physics_config.json from original name : ./data/default.physics_config.json | This file  does not exist.
I1008 16:08:06.032716 836307 PhysicsAttributesManager.cpp:27] File (./data/default.physics_config.json) not found, so new default physics manager attributes created and registered.
I1008 16:08:06.032725 836307 AbstractObjectAttributesManagerBase.h:175] AbstractObjectAttributesManager<T>::createObject  (Stage) : Making attributes with handle : data/scene_datasets/mp3d/ur6pFq6Qu1A/ur6pFq6Qu1A.glb
I1008 16:08:06.032732 836307 ManagedContainerBase.cpp:19] ManagedContainerBase::convertFilenameToJSON : Filename : data/scene_datasets/mp3d/ur6pFq6Qu1A/ur6pFq6Qu1A.glb changed to proposed JSON configuration filename : data/scene_datasets/mp3d/ur6pFq6Qu1A/ur6pFq6Qu1A.stage_config.json
I1008 16:08:06.032749 836307 AttributesManagerBase.h:283] AttributesManager<T>::createFromJsonOrDefaultInternal  (Stage) : Proposing JSON name : data/scene_datasets/mp3d/ur6pFq6Qu1A/ur6pFq6Qu1A.stage_config.json from original name : data/scene_datasets/mp3d/ur6pFq6Qu1A/ur6pFq6Qu1A.glb | This file  does not exist.
I1008 16:08:06.032809 836307 AbstractObjectAttributesManagerBase.h:181] AbstractObjectAttributesManager<T>::createObject  (Stage) : Done making attributes with handle : data/scene_datasets/mp3d/ur6pFq6Qu1A/ur6pFq6Qu1A.glb
I1008 16:08:06.032810 836307 AbstractObjectAttributesManagerBase.h:188] File (data/scene_datasets/mp3d/ur6pFq6Qu1A/ur6pFq6Qu1A.glb) exists but is not a recognized config filename extension, so new default Stage attributes created and registered.
I1008 16:08:06.032814 836307 Simulator.cpp:156] Loading navmesh from data/scene_datasets/mp3d/ur6pFq6Qu1A/ur6pFq6Qu1A.navmesh
I1008 16:08:06.033157 836307 Simulator.cpp:158] Loaded.
I1008 16:08:06.033166 836307 SceneGraph.h:93] Created DrawableGroup: 
I1008 16:08:06.038053 836307 ResourceManager.cpp:234] ResourceManager::loadStage : Not loading semantic mesh
I1008 16:08:06.038075 836307 ResourceManager.cpp:262] ResourceManager::loadStage : start load render asset data/scene_datasets/mp3d/ur6pFq6Qu1A/ur6pFq6Qu1A.glb.
I1008 16:08:06.038076 836307 ResourceManager.cpp:569] ResourceManager::loadStageInternal : Attempting to load stage data/scene_datasets/mp3d/ur6pFq6Qu1A/ur6pFq6Qu1A.glb 
I1008 16:08:06.038106 836307 ResourceManager.cpp:1119] Importing Basis files as BC7 for ur6pFq6Qu1A.glb
W1008 16:08:08.533866 836307 Simulator.cpp:248] :
---
 The active scene does not contain semantic annotations. 
---
I1008 16:08:08.602234 836307 simulator.py:213] Loaded navmesh data/scene_datasets/mp3d/ur6pFq6Qu1A/ur6pFq6Qu1A.navmesh
I1008 16:08:09.437209 836307 PhysicsManager.cpp:33] Deconstructing PhysicsManager
I1008 16:08:09.437237 836307 SemanticScene.h:41] Deconstructing SemanticScene
I1008 16:08:09.442848 836307 SceneManager.h:25] Deconstructing SceneManager
I1008 16:08:09.442866 836307 SceneGraph.h:26] Deconstructing SceneGraph
I1008 16:08:09.443491 836307 Sensor.h:87] Deconstructing Sensor
I1008 16:08:09.444141 836307 Sensor.h:87] Deconstructing Sensor
I1008 16:08:09.444267 836307 Sensor.h:87] Deconstructing Sensor
I1008 16:08:09.444408 836307 Sensor.h:87] Deconstructing Sensor
I1008 16:08:09.444531 836307 Sensor.h:87] Deconstructing Sensor
I1008 16:08:09.444653 836307 Sensor.h:87] Deconstructing Sensor
I1008 16:08:09.444787 836307 Sensor.h:87] Deconstructing Sensor
I1008 16:08:09.444906 836307 Sensor.h:87] Deconstructing Sensor
I1008 16:08:09.445032 836307 Sensor.h:87] Deconstructing Sensor
I1008 16:08:09.445156 836307 Sensor.h:87] Deconstructing Sensor
I1008 16:08:09.445266 836307 Sensor.h:87] Deconstructing Sensor
I1008 16:08:09.445382 836307 Sensor.h:87] Deconstructing Sensor
I1008 16:08:09.445492 836307 Sensor.h:87] Deconstructing Sensor
I1008 16:08:09.445629 836307 Sensor.h:87] Deconstructing Sensor
I1008 16:08:09.445777 836307 Sensor.h:87] Deconstructing Sensor
I1008 16:08:09.445931 836307 Sensor.h:87] Deconstructing Sensor
I1008 16:08:09.446069 836307 Sensor.h:87] Deconstructing Sensor
I1008 16:08:09.446199 836307 Sensor.h:87] Deconstructing Sensor
I1008 16:08:09.446336 836307 Sensor.h:87] Deconstructing Sensor
I1008 16:08:09.446470 836307 Sensor.h:87] Deconstructing Sensor
I1008 16:08:09.446607 836307 Sensor.h:87] Deconstructing Sensor
I1008 16:08:09.446754 836307 Sensor.h:87] Deconstructing Sensor
I1008 16:08:09.446926 836307 Sensor.h:87] Deconstructing Sensor
I1008 16:08:09.447078 836307 Sensor.h:87] Deconstructing Sensor
I1008 16:08:09.456310 836307 Renderer.cpp:34] Deconstructing Renderer
I1008 16:08:09.456343 836307 WindowlessContext.h:17] Deconstructing WindowlessContext
I1008 16:08:09.461979 836307 MetadataMediator.cpp:56] MetadataMediator::setActiveSceneDatasetName : Old active dataset default changed to default successfully.
I1008 16:08:09.463852 836307 AttributesManagerBase.h:283] AttributesManager<T>::createFromJsonOrDefaultInternal  (Physics Manager) : Proposing JSON name : ./data/default.physics_config.json from original name : ./data/default.physics_config.json | This file  does not exist.
I1008 16:08:09.463891 836307 PhysicsAttributesManager.cpp:27] File (./data/default.physics_config.json) not found, so new default physics manager attributes created and registered.
I1008 16:08:09.463896 836307 AbstractObjectAttributesManagerBase.h:175] AbstractObjectAttributesManager<T>::createObject  (Stage) : Making attributes with handle : data/scene_datasets/mp3d/JmbYfDe2QKZ/JmbYfDe2QKZ.glb
I1008 16:08:09.463899 836307 ManagedContainerBase.cpp:19] ManagedContainerBase::convertFilenameToJSON : Filename : data/scene_datasets/mp3d/JmbYfDe2QKZ/JmbYfDe2QKZ.glb changed to proposed JSON configuration filename : data/scene_datasets/mp3d/JmbYfDe2QKZ/JmbYfDe2QKZ.stage_config.json
I1008 16:08:09.463920 836307 AttributesManagerBase.h:283] AttributesManager<T>::createFromJsonOrDefaultInternal  (Stage) : Proposing JSON name : data/scene_datasets/mp3d/JmbYfDe2QKZ/JmbYfDe2QKZ.stage_config.json from original name : data/scene_datasets/mp3d/JmbYfDe2QKZ/JmbYfDe2QKZ.glb | This file  does not exist.
I1008 16:08:09.463977 836307 AbstractObjectAttributesManagerBase.h:181] AbstractObjectAttributesManager<T>::createObject  (Stage) : Done making attributes with handle : data/scene_datasets/mp3d/JmbYfDe2QKZ/JmbYfDe2QKZ.glb
I1008 16:08:09.463979 836307 AbstractObjectAttributesManagerBase.h:188] File (data/scene_datasets/mp3d/JmbYfDe2QKZ/JmbYfDe2QKZ.glb) exists but is not a recognized config filename extension, so new default Stage attributes created and registered.
I1008 16:08:09.463984 836307 Simulator.cpp:156] Loading navmesh from data/scene_datasets/mp3d/JmbYfDe2QKZ/JmbYfDe2QKZ.navmesh
I1008 16:08:09.464102 836307 Simulator.cpp:158] Loaded.
I1008 16:08:09.464109 836307 SceneGraph.h:93] Created DrawableGroup: 
I1008 16:08:09.468065 836307 ResourceManager.cpp:234] ResourceManager::loadStage : Not loading semantic mesh
I1008 16:08:09.468077 836307 ResourceManager.cpp:262] ResourceManager::loadStage : start load render asset data/scene_datasets/mp3d/JmbYfDe2QKZ/JmbYfDe2QKZ.glb.
I1008 16:08:09.468079 836307 ResourceManager.cpp:569] ResourceManager::loadStageInternal : Attempting to load stage data/scene_datasets/mp3d/JmbYfDe2QKZ/JmbYfDe2QKZ.glb 
I1008 16:08:09.468106 836307 ResourceManager.cpp:1119] Importing Basis files as BC7 for JmbYfDe2QKZ.glb
W1008 16:08:10.635274 836307 Simulator.cpp:248] :
---
 The active scene does not contain semantic annotations. 
---
I1008 16:08:10.695562 836307 simulator.py:213] Loaded navmesh data/scene_datasets/mp3d/JmbYfDe2QKZ/JmbYfDe2QKZ.navmesh
I1008 16:08:11.285377 836307 PhysicsManager.cpp:33] Deconstructing PhysicsManager
I1008 16:08:11.285411 836307 SemanticScene.h:41] Deconstructing SemanticScene
I1008 16:08:11.290678 836307 SceneManager.h:25] Deconstructing SceneManager
I1008 16:08:11.290695 836307 SceneGraph.h:26] Deconstructing SceneGraph
I1008 16:08:11.291111 836307 Sensor.h:87] Deconstructing Sensor
I1008 16:08:11.291669 836307 Sensor.h:87] Deconstructing Sensor
I1008 16:08:11.291802 836307 Sensor.h:87] Deconstructing Sensor
I1008 16:08:11.291920 836307 Sensor.h:87] Deconstructing Sensor
I1008 16:08:11.292039 836307 Sensor.h:87] Deconstructing Sensor
I1008 16:08:11.292151 836307 Sensor.h:87] Deconstructing Sensor
I1008 16:08:11.292269 836307 Sensor.h:87] Deconstructing Sensor
I1008 16:08:11.292383 836307 Sensor.h:87] Deconstructing Sensor
I1008 16:08:11.292503 836307 Sensor.h:87] Deconstructing Sensor
I1008 16:08:11.292614 836307 Sensor.h:87] Deconstructing Sensor
I1008 16:08:11.292742 836307 Sensor.h:87] Deconstructing Sensor
I1008 16:08:11.292862 836307 Sensor.h:87] Deconstructing Sensor
I1008 16:08:11.292979 836307 Sensor.h:87] Deconstructing Sensor
I1008 16:08:11.293113 836307 Sensor.h:87] Deconstructing Sensor
I1008 16:08:11.293254 836307 Sensor.h:87] Deconstructing Sensor
I1008 16:08:11.293382 836307 Sensor.h:87] Deconstructing Sensor
I1008 16:08:11.293519 836307 Sensor.h:87] Deconstructing Sensor
I1008 16:08:11.293653 836307 Sensor.h:87] Deconstructing Sensor
I1008 16:08:11.293793 836307 Sensor.h:87] Deconstructing Sensor
I1008 16:08:11.293926 836307 Sensor.h:87] Deconstructing Sensor
I1008 16:08:11.294054 836307 Sensor.h:87] Deconstructing Sensor
I1008 16:08:11.294183 836307 Sensor.h:87] Deconstructing Sensor
I1008 16:08:11.294315 836307 Sensor.h:87] Deconstructing Sensor
I1008 16:08:11.294428 836307 Sensor.h:87] Deconstructing Sensor
I1008 16:08:11.301542 836307 Renderer.cpp:34] Deconstructing Renderer
I1008 16:08:11.301578 836307 WindowlessContext.h:17] Deconstructing WindowlessContext
I1008 16:08:11.306944 836307 MetadataMediator.cpp:56] MetadataMediator::setActiveSceneDatasetName : Old active dataset default changed to default successfully.
I1008 16:08:11.308928 836307 AttributesManagerBase.h:283] AttributesManager<T>::createFromJsonOrDefaultInternal  (Physics Manager) : Proposing JSON name : ./data/default.physics_config.json from original name : ./data/default.physics_config.json | This file  does not exist.
I1008 16:08:11.308967 836307 PhysicsAttributesManager.cpp:27] File (./data/default.physics_config.json) not found, so new default physics manager attributes created and registered.
I1008 16:08:11.308974 836307 AbstractObjectAttributesManagerBase.h:175] AbstractObjectAttributesManager<T>::createObject  (Stage) : Making attributes with handle : data/scene_datasets/mp3d/ur6pFq6Qu1A/ur6pFq6Qu1A.glb
I1008 16:08:11.308977 836307 ManagedContainerBase.cpp:19] ManagedContainerBase::convertFilenameToJSON : Filename : data/scene_datasets/mp3d/ur6pFq6Qu1A/ur6pFq6Qu1A.glb changed to proposed JSON configuration filename : data/scene_datasets/mp3d/ur6pFq6Qu1A/ur6pFq6Qu1A.stage_config.json
I1008 16:08:11.308996 836307 AttributesManagerBase.h:283] AttributesManager<T>::createFromJsonOrDefaultInternal  (Stage) : Proposing JSON name : data/scene_datasets/mp3d/ur6pFq6Qu1A/ur6pFq6Qu1A.stage_config.json from original name : data/scene_datasets/mp3d/ur6pFq6Qu1A/ur6pFq6Qu1A.glb | This file  does not exist.
I1008 16:08:11.309046 836307 AbstractObjectAttributesManagerBase.h:181] AbstractObjectAttributesManager<T>::createObject  (Stage) : Done making attributes with handle : data/scene_datasets/mp3d/ur6pFq6Qu1A/ur6pFq6Qu1A.glb
I1008 16:08:11.309046 836307 AbstractObjectAttributesManagerBase.h:188] File (data/scene_datasets/mp3d/ur6pFq6Qu1A/ur6pFq6Qu1A.glb) exists but is not a recognized config filename extension, so new default Stage attributes created and registered.
I1008 16:08:11.309049 836307 Simulator.cpp:156] Loading navmesh from data/scene_datasets/mp3d/ur6pFq6Qu1A/ur6pFq6Qu1A.navmesh
I1008 16:08:11.309306 836307 Simulator.cpp:158] Loaded.
I1008 16:08:11.309312 836307 SceneGraph.h:93] Created DrawableGroup: 
I1008 16:08:11.313462 836307 ResourceManager.cpp:234] ResourceManager::loadStage : Not loading semantic mesh
I1008 16:08:11.313477 836307 ResourceManager.cpp:262] ResourceManager::loadStage : start load render asset data/scene_datasets/mp3d/ur6pFq6Qu1A/ur6pFq6Qu1A.glb.
I1008 16:08:11.313478 836307 ResourceManager.cpp:569] ResourceManager::loadStageInternal : Attempting to load stage data/scene_datasets/mp3d/ur6pFq6Qu1A/ur6pFq6Qu1A.glb 
I1008 16:08:11.313508 836307 ResourceManager.cpp:1119] Importing Basis files as BC7 for ur6pFq6Qu1A.glb
W1008 16:08:13.731421 836307 Simulator.cpp:248] :
---
 The active scene does not contain semantic annotations. 
---
I1008 16:08:13.804133 836307 simulator.py:213] Loaded navmesh data/scene_datasets/mp3d/ur6pFq6Qu1A/ur6pFq6Qu1A.navmesh
I1008 16:08:14.536012 836307 PhysicsManager.cpp:33] Deconstructing PhysicsManager
I1008 16:08:14.536072 836307 SemanticScene.h:41] Deconstructing SemanticScene
I1008 16:08:14.546835 836307 SceneManager.h:25] Deconstructing SceneManager
I1008 16:08:14.546866 836307 SceneGraph.h:26] Deconstructing SceneGraph
I1008 16:08:14.547407 836307 Sensor.h:87] Deconstructing Sensor
I1008 16:08:14.549460 836307 Sensor.h:87] Deconstructing Sensor
I1008 16:08:14.549608 836307 Sensor.h:87] Deconstructing Sensor
I1008 16:08:14.549748 836307 Sensor.h:87] Deconstructing Sensor
I1008 16:08:14.549877 836307 Sensor.h:87] Deconstructing Sensor
I1008 16:08:14.550000 836307 Sensor.h:87] Deconstructing Sensor
I1008 16:08:14.550122 836307 Sensor.h:87] Deconstructing Sensor
I1008 16:08:14.550240 836307 Sensor.h:87] Deconstructing Sensor
I1008 16:08:14.550370 836307 Sensor.h:87] Deconstructing Sensor
I1008 16:08:14.550498 836307 Sensor.h:87] Deconstructing Sensor
I1008 16:08:14.550629 836307 Sensor.h:87] Deconstructing Sensor
I1008 16:08:14.550762 836307 Sensor.h:87] Deconstructing Sensor
I1008 16:08:14.550894 836307 Sensor.h:87] Deconstructing Sensor
I1008 16:08:14.551061 836307 Sensor.h:87] Deconstructing Sensor
I1008 16:08:14.551225 836307 Sensor.h:87] Deconstructing Sensor
I1008 16:08:14.551380 836307 Sensor.h:87] Deconstructing Sensor
I1008 16:08:14.551542 836307 Sensor.h:87] Deconstructing Sensor
I1008 16:08:14.551708 836307 Sensor.h:87] Deconstructing Sensor
I1008 16:08:14.551908 836307 Sensor.h:87] Deconstructing Sensor
I1008 16:08:14.552067 836307 Sensor.h:87] Deconstructing Sensor
I1008 16:08:14.552230 836307 Sensor.h:87] Deconstructing Sensor
I1008 16:08:14.552394 836307 Sensor.h:87] Deconstructing Sensor
I1008 16:08:14.552567 836307 Sensor.h:87] Deconstructing Sensor
I1008 16:08:14.552698 836307 Sensor.h:87] Deconstructing Sensor
I1008 16:08:14.560730 836307 Renderer.cpp:34] Deconstructing Renderer
I1008 16:08:14.560773 836307 WindowlessContext.h:17] Deconstructing WindowlessContext
I1008 16:08:14.568133 836307 MetadataMediator.cpp:56] MetadataMediator::setActiveSceneDatasetName : Old active dataset default changed to default successfully.
I1008 16:08:14.571451 836307 AttributesManagerBase.h:283] AttributesManager<T>::createFromJsonOrDefaultInternal  (Physics Manager) : Proposing JSON name : ./data/default.physics_config.json from original name : ./data/default.physics_config.json | This file  does not exist.
I1008 16:08:14.571503 836307 PhysicsAttributesManager.cpp:27] File (./data/default.physics_config.json) not found, so new default physics manager attributes created and registered.
I1008 16:08:14.571512 836307 AbstractObjectAttributesManagerBase.h:175] AbstractObjectAttributesManager<T>::createObject  (Stage) : Making attributes with handle : data/scene_datasets/mp3d/ZMojNkEp431/ZMojNkEp431.glb
I1008 16:08:14.571516 836307 ManagedContainerBase.cpp:19] ManagedContainerBase::convertFilenameToJSON : Filename : data/scene_datasets/mp3d/ZMojNkEp431/ZMojNkEp431.glb changed to proposed JSON configuration filename : data/scene_datasets/mp3d/ZMojNkEp431/ZMojNkEp431.stage_config.json
I1008 16:08:14.571535 836307 AttributesManagerBase.h:283] AttributesManager<T>::createFromJsonOrDefaultInternal  (Stage) : Proposing JSON name : data/scene_datasets/mp3d/ZMojNkEp431/ZMojNkEp431.stage_config.json from original name : data/scene_datasets/mp3d/ZMojNkEp431/ZMojNkEp431.glb | This file  does not exist.
I1008 16:08:14.571594 836307 AbstractObjectAttributesManagerBase.h:181] AbstractObjectAttributesManager<T>::createObject  (Stage) : Done making attributes with handle : data/scene_datasets/mp3d/ZMojNkEp431/ZMojNkEp431.glb
I1008 16:08:14.571609 836307 AbstractObjectAttributesManagerBase.h:188] File (data/scene_datasets/mp3d/ZMojNkEp431/ZMojNkEp431.glb) exists but is not a recognized config filename extension, so new default Stage attributes created and registered.
I1008 16:08:14.571614 836307 Simulator.cpp:156] Loading navmesh from data/scene_datasets/mp3d/ZMojNkEp431/ZMojNkEp431.navmesh
I1008 16:08:14.571830 836307 Simulator.cpp:158] Loaded.
I1008 16:08:14.571841 836307 SceneGraph.h:93] Created DrawableGroup: 
I1008 16:08:14.576751 836307 ResourceManager.cpp:234] ResourceManager::loadStage : Not loading semantic mesh
I1008 16:08:14.576771 836307 ResourceManager.cpp:262] ResourceManager::loadStage : start load render asset data/scene_datasets/mp3d/ZMojNkEp431/ZMojNkEp431.glb.
I1008 16:08:14.576773 836307 ResourceManager.cpp:569] ResourceManager::loadStageInternal : Attempting to load stage data/scene_datasets/mp3d/ZMojNkEp431/ZMojNkEp431.glb 
I1008 16:08:14.576805 836307 ResourceManager.cpp:1119] Importing Basis files as BC7 for ZMojNkEp431.glb
W1008 16:08:16.089959 836307 Simulator.cpp:248] :
---
 The active scene does not contain semantic annotations. 
---
I1008 16:08:16.135342 836307 simulator.py:213] Loaded navmesh data/scene_datasets/mp3d/ZMojNkEp431/ZMojNkEp431.navmesh
I1008 16:08:17.070122 836307 PhysicsManager.cpp:33] Deconstructing PhysicsManager
I1008 16:08:17.070168 836307 SemanticScene.h:41] Deconstructing SemanticScene
I1008 16:08:17.082510 836307 SceneManager.h:25] Deconstructing SceneManager
I1008 16:08:17.082541 836307 SceneGraph.h:26] Deconstructing SceneGraph
I1008 16:08:17.083400 836307 Sensor.h:87] Deconstructing Sensor
I1008 16:08:17.084602 836307 Sensor.h:87] Deconstructing Sensor
I1008 16:08:17.084746 836307 Sensor.h:87] Deconstructing Sensor
I1008 16:08:17.084875 836307 Sensor.h:87] Deconstructing Sensor
I1008 16:08:17.085002 836307 Sensor.h:87] Deconstructing Sensor
I1008 16:08:17.085139 836307 Sensor.h:87] Deconstructing Sensor
I1008 16:08:17.085278 836307 Sensor.h:87] Deconstructing Sensor
I1008 16:08:17.085400 836307 Sensor.h:87] Deconstructing Sensor
I1008 16:08:17.085534 836307 Sensor.h:87] Deconstructing Sensor
I1008 16:08:17.085656 836307 Sensor.h:87] Deconstructing Sensor
I1008 16:08:17.085809 836307 Sensor.h:87] Deconstructing Sensor
I1008 16:08:17.085942 836307 Sensor.h:87] Deconstructing Sensor
I1008 16:08:17.086069 836307 Sensor.h:87] Deconstructing Sensor
I1008 16:08:17.086230 836307 Sensor.h:87] Deconstructing Sensor
I1008 16:08:17.086397 836307 Sensor.h:87] Deconstructing Sensor
I1008 16:08:17.086550 836307 Sensor.h:87] Deconstructing Sensor
I1008 16:08:17.086750 836307 Sensor.h:87] Deconstructing Sensor
I1008 16:08:17.086908 836307 Sensor.h:87] Deconstructing Sensor
I1008 16:08:17.087070 836307 Sensor.h:87] Deconstructing Sensor
I1008 16:08:17.087230 836307 Sensor.h:87] Deconstructing Sensor
I1008 16:08:17.087385 836307 Sensor.h:87] Deconstructing Sensor
I1008 16:08:17.087535 836307 Sensor.h:87] Deconstructing Sensor
I1008 16:08:17.087702 836307 Sensor.h:87] Deconstructing Sensor
I1008 16:08:17.087808 836307 Sensor.h:87] Deconstructing Sensor
I1008 16:08:17.093504 836307 Renderer.cpp:34] Deconstructing Renderer
I1008 16:08:17.093546 836307 WindowlessContext.h:17] Deconstructing WindowlessContext
I1008 16:08:17.097880 836307 MetadataMediator.cpp:56] MetadataMediator::setActiveSceneDatasetName : Old active dataset default changed to default successfully.
I1008 16:08:17.101637 836307 AttributesManagerBase.h:283] AttributesManager<T>::createFromJsonOrDefaultInternal  (Physics Manager) : Proposing JSON name : ./data/default.physics_config.json from original name : ./data/default.physics_config.json | This file  does not exist.
I1008 16:08:17.101722 836307 PhysicsAttributesManager.cpp:27] File (./data/default.physics_config.json) not found, so new default physics manager attributes created and registered.
I1008 16:08:17.101735 836307 AbstractObjectAttributesManagerBase.h:175] AbstractObjectAttributesManager<T>::createObject  (Stage) : Making attributes with handle : data/scene_datasets/mp3d/JmbYfDe2QKZ/JmbYfDe2QKZ.glb
I1008 16:08:17.101763 836307 ManagedContainerBase.cpp:19] ManagedContainerBase::convertFilenameToJSON : Filename : data/scene_datasets/mp3d/JmbYfDe2QKZ/JmbYfDe2QKZ.glb changed to proposed JSON configuration filename : data/scene_datasets/mp3d/JmbYfDe2QKZ/JmbYfDe2QKZ.stage_config.json
I1008 16:08:17.101791 836307 AttributesManagerBase.h:283] AttributesManager<T>::createFromJsonOrDefaultInternal  (Stage) : Proposing JSON name : data/scene_datasets/mp3d/JmbYfDe2QKZ/JmbYfDe2QKZ.stage_config.json from original name : data/scene_datasets/mp3d/JmbYfDe2QKZ/JmbYfDe2QKZ.glb | This file  does not exist.
I1008 16:08:17.101864 836307 AbstractObjectAttributesManagerBase.h:181] AbstractObjectAttributesManager<T>::createObject  (Stage) : Done making attributes with handle : data/scene_datasets/mp3d/JmbYfDe2QKZ/JmbYfDe2QKZ.glb
I1008 16:08:17.101867 836307 AbstractObjectAttributesManagerBase.h:188] File (data/scene_datasets/mp3d/JmbYfDe2QKZ/JmbYfDe2QKZ.glb) exists but is not a recognized config filename extension, so new default Stage attributes created and registered.
I1008 16:08:17.101876 836307 Simulator.cpp:156] Loading navmesh from data/scene_datasets/mp3d/JmbYfDe2QKZ/JmbYfDe2QKZ.navmesh
I1008 16:08:17.102049 836307 Simulator.cpp:158] Loaded.
I1008 16:08:17.102059 836307 SceneGraph.h:93] Created DrawableGroup: 
I1008 16:08:17.107525 836307 ResourceManager.cpp:234] ResourceManager::loadStage : Not loading semantic mesh
I1008 16:08:17.107545 836307 ResourceManager.cpp:262] ResourceManager::loadStage : start load render asset data/scene_datasets/mp3d/JmbYfDe2QKZ/JmbYfDe2QKZ.glb.
I1008 16:08:17.107547 836307 ResourceManager.cpp:569] ResourceManager::loadStageInternal : Attempting to load stage data/scene_datasets/mp3d/JmbYfDe2QKZ/JmbYfDe2QKZ.glb 
I1008 16:08:17.107577 836307 ResourceManager.cpp:1119] Importing Basis files as BC7 for JmbYfDe2QKZ.glb
W1008 16:08:18.287791 836307 Simulator.cpp:248] :
---
 The active scene does not contain semantic annotations. 
---
I1008 16:08:18.346406 836307 simulator.py:213] Loaded navmesh data/scene_datasets/mp3d/JmbYfDe2QKZ/JmbYfDe2QKZ.navmesh
I1008 16:08:18.925562 836307 PhysicsManager.cpp:33] Deconstructing PhysicsManager
I1008 16:08:18.925599 836307 SemanticScene.h:41] Deconstructing SemanticScene
I1008 16:08:18.940264 836307 SceneManager.h:25] Deconstructing SceneManager
I1008 16:08:18.940315 836307 SceneGraph.h:26] Deconstructing SceneGraph
I1008 16:08:18.941658 836307 Sensor.h:87] Deconstructing Sensor
I1008 16:08:18.943104 836307 Sensor.h:87] Deconstructing Sensor
I1008 16:08:18.943248 836307 Sensor.h:87] Deconstructing Sensor
I1008 16:08:18.943379 836307 Sensor.h:87] Deconstructing Sensor
I1008 16:08:18.943507 836307 Sensor.h:87] Deconstructing Sensor
I1008 16:08:18.943636 836307 Sensor.h:87] Deconstructing Sensor
I1008 16:08:18.943778 836307 Sensor.h:87] Deconstructing Sensor
I1008 16:08:18.943909 836307 Sensor.h:87] Deconstructing Sensor
I1008 16:08:18.944048 836307 Sensor.h:87] Deconstructing Sensor
I1008 16:08:18.944175 836307 Sensor.h:87] Deconstructing Sensor
I1008 16:08:18.944301 836307 Sensor.h:87] Deconstructing Sensor
I1008 16:08:18.944437 836307 Sensor.h:87] Deconstructing Sensor
I1008 16:08:18.944566 836307 Sensor.h:87] Deconstructing Sensor
I1008 16:08:18.944739 836307 Sensor.h:87] Deconstructing Sensor
I1008 16:08:18.944911 836307 Sensor.h:87] Deconstructing Sensor
I1008 16:08:18.945070 836307 Sensor.h:87] Deconstructing Sensor
I1008 16:08:18.945240 836307 Sensor.h:87] Deconstructing Sensor
I1008 16:08:18.945397 836307 Sensor.h:87] Deconstructing Sensor
I1008 16:08:18.945554 836307 Sensor.h:87] Deconstructing Sensor
I1008 16:08:18.945719 836307 Sensor.h:87] Deconstructing Sensor
I1008 16:08:18.945876 836307 Sensor.h:87] Deconstructing Sensor
I1008 16:08:18.946027 836307 Sensor.h:87] Deconstructing Sensor
I1008 16:08:18.946189 836307 Sensor.h:87] Deconstructing Sensor
I1008 16:08:18.946316 836307 Sensor.h:87] Deconstructing Sensor
I1008 16:08:18.953123 836307 Renderer.cpp:34] Deconstructing Renderer
I1008 16:08:18.953163 836307 WindowlessContext.h:17] Deconstructing WindowlessContext
I1008 16:08:18.956600 836307 MetadataMediator.cpp:56] MetadataMediator::setActiveSceneDatasetName : Old active dataset default changed to default successfully.
I1008 16:08:18.958603 836307 AttributesManagerBase.h:283] AttributesManager<T>::createFromJsonOrDefaultInternal  (Physics Manager) : Proposing JSON name : ./data/default.physics_config.json from original name : ./data/default.physics_config.json | This file  does not exist.
I1008 16:08:18.958666 836307 PhysicsAttributesManager.cpp:27] File (./data/default.physics_config.json) not found, so new default physics manager attributes created and registered.
I1008 16:08:18.958674 836307 AbstractObjectAttributesManagerBase.h:175] AbstractObjectAttributesManager<T>::createObject  (Stage) : Making attributes with handle : data/scene_datasets/mp3d/ZMojNkEp431/ZMojNkEp431.glb
I1008 16:08:18.958678 836307 ManagedContainerBase.cpp:19] ManagedContainerBase::convertFilenameToJSON : Filename : data/scene_datasets/mp3d/ZMojNkEp431/ZMojNkEp431.glb changed to proposed JSON configuration filename : data/scene_datasets/mp3d/ZMojNkEp431/ZMojNkEp431.stage_config.json
I1008 16:08:18.958698 836307 AttributesManagerBase.h:283] AttributesManager<T>::createFromJsonOrDefaultInternal  (Stage) : Proposing JSON name : data/scene_datasets/mp3d/ZMojNkEp431/ZMojNkEp431.stage_config.json from original name : data/scene_datasets/mp3d/ZMojNkEp431/ZMojNkEp431.glb | This file  does not exist.
I1008 16:08:18.958757 836307 AbstractObjectAttributesManagerBase.h:181] AbstractObjectAttributesManager<T>::createObject  (Stage) : Done making attributes with handle : data/scene_datasets/mp3d/ZMojNkEp431/ZMojNkEp431.glb
I1008 16:08:18.958760 836307 AbstractObjectAttributesManagerBase.h:188] File (data/scene_datasets/mp3d/ZMojNkEp431/ZMojNkEp431.glb) exists but is not a recognized config filename extension, so new default Stage attributes created and registered.
I1008 16:08:18.958763 836307 Simulator.cpp:156] Loading navmesh from data/scene_datasets/mp3d/ZMojNkEp431/ZMojNkEp431.navmesh
I1008 16:08:18.958969 836307 Simulator.cpp:158] Loaded.
I1008 16:08:18.958981 836307 SceneGraph.h:93] Created DrawableGroup: 
I1008 16:08:18.964146 836307 ResourceManager.cpp:234] ResourceManager::loadStage : Not loading semantic mesh
I1008 16:08:18.964186 836307 ResourceManager.cpp:262] ResourceManager::loadStage : start load render asset data/scene_datasets/mp3d/ZMojNkEp431/ZMojNkEp431.glb.
I1008 16:08:18.964188 836307 ResourceManager.cpp:569] ResourceManager::loadStageInternal : Attempting to load stage data/scene_datasets/mp3d/ZMojNkEp431/ZMojNkEp431.glb 
I1008 16:08:18.964231 836307 ResourceManager.cpp:1119] Importing Basis files as BC7 for ZMojNkEp431.glb
W1008 16:08:20.449596 836307 Simulator.cpp:248] :
---
 The active scene does not contain semantic annotations. 
---
I1008 16:08:20.505272 836307 simulator.py:213] Loaded navmesh data/scene_datasets/mp3d/ZMojNkEp431/ZMojNkEp431.navmesh
I1008 16:08:22.139194 836307 PhysicsManager.cpp:33] Deconstructing PhysicsManager
I1008 16:08:22.139227 836307 SemanticScene.h:41] Deconstructing SemanticScene
I1008 16:08:22.147023 836307 SceneManager.h:25] Deconstructing SceneManager
I1008 16:08:22.147046 836307 SceneGraph.h:26] Deconstructing SceneGraph
I1008 16:08:22.147468 836307 Sensor.h:87] Deconstructing Sensor
I1008 16:08:22.147883 836307 Sensor.h:87] Deconstructing Sensor
I1008 16:08:22.148002 836307 Sensor.h:87] Deconstructing Sensor
I1008 16:08:22.148123 836307 Sensor.h:87] Deconstructing Sensor
I1008 16:08:22.148237 836307 Sensor.h:87] Deconstructing Sensor
I1008 16:08:22.148350 836307 Sensor.h:87] Deconstructing Sensor
I1008 16:08:22.148463 836307 Sensor.h:87] Deconstructing Sensor
I1008 16:08:22.148563 836307 Sensor.h:87] Deconstructing Sensor
I1008 16:08:22.148687 836307 Sensor.h:87] Deconstructing Sensor
I1008 16:08:22.148793 836307 Sensor.h:87] Deconstructing Sensor
I1008 16:08:22.148900 836307 Sensor.h:87] Deconstructing Sensor
I1008 16:08:22.149009 836307 Sensor.h:87] Deconstructing Sensor
I1008 16:08:22.149118 836307 Sensor.h:87] Deconstructing Sensor
I1008 16:08:22.149273 836307 Sensor.h:87] Deconstructing Sensor
I1008 16:08:22.149420 836307 Sensor.h:87] Deconstructing Sensor
I1008 16:08:22.149550 836307 Sensor.h:87] Deconstructing Sensor
I1008 16:08:22.149711 836307 Sensor.h:87] Deconstructing Sensor
I1008 16:08:22.149847 836307 Sensor.h:87] Deconstructing Sensor
I1008 16:08:22.150097 836307 Sensor.h:87] Deconstructing Sensor
I1008 16:08:22.150238 836307 Sensor.h:87] Deconstructing Sensor
I1008 16:08:22.150360 836307 Sensor.h:87] Deconstructing Sensor
I1008 16:08:22.150487 836307 Sensor.h:87] Deconstructing Sensor
I1008 16:08:22.150621 836307 Sensor.h:87] Deconstructing Sensor
I1008 16:08:22.150714 836307 Sensor.h:87] Deconstructing Sensor
I1008 16:08:22.156352 836307 Renderer.cpp:34] Deconstructing Renderer
I1008 16:08:22.156389 836307 WindowlessContext.h:17] Deconstructing WindowlessContext
I1008 16:08:22.160236 836307 MetadataMediator.cpp:56] MetadataMediator::setActiveSceneDatasetName : Old active dataset default changed to default successfully.
I1008 16:08:22.162467 836307 AttributesManagerBase.h:283] AttributesManager<T>::createFromJsonOrDefaultInternal  (Physics Manager) : Proposing JSON name : ./data/default.physics_config.json from original name : ./data/default.physics_config.json | This file  does not exist.
I1008 16:08:22.162501 836307 PhysicsAttributesManager.cpp:27] File (./data/default.physics_config.json) not found, so new default physics manager attributes created and registered.
I1008 16:08:22.162506 836307 AbstractObjectAttributesManagerBase.h:175] AbstractObjectAttributesManager<T>::createObject  (Stage) : Making attributes with handle : data/scene_datasets/mp3d/pRbA3pwrgk9/pRbA3pwrgk9.glb
I1008 16:08:22.162509 836307 ManagedContainerBase.cpp:19] ManagedContainerBase::convertFilenameToJSON : Filename : data/scene_datasets/mp3d/pRbA3pwrgk9/pRbA3pwrgk9.glb changed to proposed JSON configuration filename : data/scene_datasets/mp3d/pRbA3pwrgk9/pRbA3pwrgk9.stage_config.json
I1008 16:08:22.162523 836307 AttributesManagerBase.h:283] AttributesManager<T>::createFromJsonOrDefaultInternal  (Stage) : Proposing JSON name : data/scene_datasets/mp3d/pRbA3pwrgk9/pRbA3pwrgk9.stage_config.json from original name : data/scene_datasets/mp3d/pRbA3pwrgk9/pRbA3pwrgk9.glb | This file  does not exist.
I1008 16:08:22.162573 836307 AbstractObjectAttributesManagerBase.h:181] AbstractObjectAttributesManager<T>::createObject  (Stage) : Done making attributes with handle : data/scene_datasets/mp3d/pRbA3pwrgk9/pRbA3pwrgk9.glb
I1008 16:08:22.162575 836307 AbstractObjectAttributesManagerBase.h:188] File (data/scene_datasets/mp3d/pRbA3pwrgk9/pRbA3pwrgk9.glb) exists but is not a recognized config filename extension, so new default Stage attributes created and registered.
I1008 16:08:22.162578 836307 Simulator.cpp:156] Loading navmesh from data/scene_datasets/mp3d/pRbA3pwrgk9/pRbA3pwrgk9.navmesh
I1008 16:08:22.162740 836307 Simulator.cpp:158] Loaded.
I1008 16:08:22.162748 836307 SceneGraph.h:93] Created DrawableGroup: 
I1008 16:08:22.166798 836307 ResourceManager.cpp:234] ResourceManager::loadStage : Not loading semantic mesh
I1008 16:08:22.166811 836307 ResourceManager.cpp:262] ResourceManager::loadStage : start load render asset data/scene_datasets/mp3d/pRbA3pwrgk9/pRbA3pwrgk9.glb.
I1008 16:08:22.166812 836307 ResourceManager.cpp:569] ResourceManager::loadStageInternal : Attempting to load stage data/scene_datasets/mp3d/pRbA3pwrgk9/pRbA3pwrgk9.glb 
I1008 16:08:22.166839 836307 ResourceManager.cpp:1119] Importing Basis files as BC7 for pRbA3pwrgk9.glb
W1008 16:08:23.498309 836307 Simulator.cpp:248] :
---
 The active scene does not contain semantic annotations. 
---
I1008 16:08:23.566483 836307 simulator.py:213] Loaded navmesh data/scene_datasets/mp3d/pRbA3pwrgk9/pRbA3pwrgk9.navmesh
I1008 16:08:24.007871 836307 PhysicsManager.cpp:33] Deconstructing PhysicsManager
I1008 16:08:24.007915 836307 SemanticScene.h:41] Deconstructing SemanticScene
I1008 16:08:24.015393 836307 SceneManager.h:25] Deconstructing SceneManager
I1008 16:08:24.015425 836307 SceneGraph.h:26] Deconstructing SceneGraph
I1008 16:08:24.016029 836307 Sensor.h:87] Deconstructing Sensor
I1008 16:08:24.017050 836307 Sensor.h:87] Deconstructing Sensor
I1008 16:08:24.017176 836307 Sensor.h:87] Deconstructing Sensor
I1008 16:08:24.017313 836307 Sensor.h:87] Deconstructing Sensor
I1008 16:08:24.017439 836307 Sensor.h:87] Deconstructing Sensor
I1008 16:08:24.017570 836307 Sensor.h:87] Deconstructing Sensor
I1008 16:08:24.017709 836307 Sensor.h:87] Deconstructing Sensor
I1008 16:08:24.017839 836307 Sensor.h:87] Deconstructing Sensor
I1008 16:08:24.017963 836307 Sensor.h:87] Deconstructing Sensor
I1008 16:08:24.018091 836307 Sensor.h:87] Deconstructing Sensor
I1008 16:08:24.018221 836307 Sensor.h:87] Deconstructing Sensor
I1008 16:08:24.018364 836307 Sensor.h:87] Deconstructing Sensor
I1008 16:08:24.018483 836307 Sensor.h:87] Deconstructing Sensor
I1008 16:08:24.018656 836307 Sensor.h:87] Deconstructing Sensor
I1008 16:08:24.018813 836307 Sensor.h:87] Deconstructing Sensor
I1008 16:08:24.018956 836307 Sensor.h:87] Deconstructing Sensor
I1008 16:08:24.019423 836307 Sensor.h:87] Deconstructing Sensor
I1008 16:08:24.019606 836307 Sensor.h:87] Deconstructing Sensor
I1008 16:08:24.019742 836307 Sensor.h:87] Deconstructing Sensor
I1008 16:08:24.019915 836307 Sensor.h:87] Deconstructing Sensor
I1008 16:08:24.020056 836307 Sensor.h:87] Deconstructing Sensor
I1008 16:08:24.020183 836307 Sensor.h:87] Deconstructing Sensor
I1008 16:08:24.020341 836307 Sensor.h:87] Deconstructing Sensor
I1008 16:08:24.020480 836307 Sensor.h:87] Deconstructing Sensor
I1008 16:08:24.027105 836307 Renderer.cpp:34] Deconstructing Renderer
I1008 16:08:24.027136 836307 WindowlessContext.h:17] Deconstructing WindowlessContext
I1008 16:08:24.030692 836307 MetadataMediator.cpp:56] MetadataMediator::setActiveSceneDatasetName : Old active dataset default changed to default successfully.
I1008 16:08:24.032368 836307 AttributesManagerBase.h:283] AttributesManager<T>::createFromJsonOrDefaultInternal  (Physics Manager) : Proposing JSON name : ./data/default.physics_config.json from original name : ./data/default.physics_config.json | This file  does not exist.
I1008 16:08:24.032411 836307 PhysicsAttributesManager.cpp:27] File (./data/default.physics_config.json) not found, so new default physics manager attributes created and registered.
I1008 16:08:24.032419 836307 AbstractObjectAttributesManagerBase.h:175] AbstractObjectAttributesManager<T>::createObject  (Stage) : Making attributes with handle : data/scene_datasets/mp3d/ur6pFq6Qu1A/ur6pFq6Qu1A.glb
I1008 16:08:24.032423 836307 ManagedContainerBase.cpp:19] ManagedContainerBase::convertFilenameToJSON : Filename : data/scene_datasets/mp3d/ur6pFq6Qu1A/ur6pFq6Qu1A.glb changed to proposed JSON configuration filename : data/scene_datasets/mp3d/ur6pFq6Qu1A/ur6pFq6Qu1A.stage_config.json
I1008 16:08:24.032444 836307 AttributesManagerBase.h:283] AttributesManager<T>::createFromJsonOrDefaultInternal  (Stage) : Proposing JSON name : data/scene_datasets/mp3d/ur6pFq6Qu1A/ur6pFq6Qu1A.stage_config.json from original name : data/scene_datasets/mp3d/ur6pFq6Qu1A/ur6pFq6Qu1A.glb | This file  does not exist.
I1008 16:08:24.032493 836307 AbstractObjectAttributesManagerBase.h:181] AbstractObjectAttributesManager<T>::createObject  (Stage) : Done making attributes with handle : data/scene_datasets/mp3d/ur6pFq6Qu1A/ur6pFq6Qu1A.glb
I1008 16:08:24.032495 836307 AbstractObjectAttributesManagerBase.h:188] File (data/scene_datasets/mp3d/ur6pFq6Qu1A/ur6pFq6Qu1A.glb) exists but is not a recognized config filename extension, so new default Stage attributes created and registered.
I1008 16:08:24.032498 836307 Simulator.cpp:156] Loading navmesh from data/scene_datasets/mp3d/ur6pFq6Qu1A/ur6pFq6Qu1A.navmesh
I1008 16:08:24.032786 836307 Simulator.cpp:158] Loaded.
I1008 16:08:24.032797 836307 SceneGraph.h:93] Created DrawableGroup: 
I1008 16:08:24.036981 836307 ResourceManager.cpp:234] ResourceManager::loadStage : Not loading semantic mesh
I1008 16:08:24.036995 836307 ResourceManager.cpp:262] ResourceManager::loadStage : start load render asset data/scene_datasets/mp3d/ur6pFq6Qu1A/ur6pFq6Qu1A.glb.
I1008 16:08:24.037005 836307 ResourceManager.cpp:569] ResourceManager::loadStageInternal : Attempting to load stage data/scene_datasets/mp3d/ur6pFq6Qu1A/ur6pFq6Qu1A.glb 
I1008 16:08:24.037034 836307 ResourceManager.cpp:1119] Importing Basis files as BC7 for ur6pFq6Qu1A.glb
W1008 16:08:27.019483 836307 Simulator.cpp:248] :
---
 The active scene does not contain semantic annotations. 
---
I1008 16:08:27.104250 836307 simulator.py:213] Loaded navmesh data/scene_datasets/mp3d/ur6pFq6Qu1A/ur6pFq6Qu1A.navmesh
I1008 16:08:27.836319 836307 PhysicsManager.cpp:33] Deconstructing PhysicsManager
I1008 16:08:27.836349 836307 SemanticScene.h:41] Deconstructing SemanticScene
I1008 16:08:27.842013 836307 SceneManager.h:25] Deconstructing SceneManager
I1008 16:08:27.842036 836307 SceneGraph.h:26] Deconstructing SceneGraph
I1008 16:08:27.842722 836307 Sensor.h:87] Deconstructing Sensor
I1008 16:08:27.843835 836307 Sensor.h:87] Deconstructing Sensor
I1008 16:08:27.843981 836307 Sensor.h:87] Deconstructing Sensor
I1008 16:08:27.844110 836307 Sensor.h:87] Deconstructing Sensor
I1008 16:08:27.844240 836307 Sensor.h:87] Deconstructing Sensor
I1008 16:08:27.844364 836307 Sensor.h:87] Deconstructing Sensor
I1008 16:08:27.844488 836307 Sensor.h:87] Deconstructing Sensor
I1008 16:08:27.844624 836307 Sensor.h:87] Deconstructing Sensor
I1008 16:08:27.844763 836307 Sensor.h:87] Deconstructing Sensor
I1008 16:08:27.844889 836307 Sensor.h:87] Deconstructing Sensor
I1008 16:08:27.845022 836307 Sensor.h:87] Deconstructing Sensor
I1008 16:08:27.845149 836307 Sensor.h:87] Deconstructing Sensor
I1008 16:08:27.845264 836307 Sensor.h:87] Deconstructing Sensor
I1008 16:08:27.845419 836307 Sensor.h:87] Deconstructing Sensor
I1008 16:08:27.846199 836307 Sensor.h:87] Deconstructing Sensor
I1008 16:08:27.846433 836307 Sensor.h:87] Deconstructing Sensor
I1008 16:08:27.846601 836307 Sensor.h:87] Deconstructing Sensor
I1008 16:08:27.846791 836307 Sensor.h:87] Deconstructing Sensor
I1008 16:08:27.846966 836307 Sensor.h:87] Deconstructing Sensor
I1008 16:08:27.847183 836307 Sensor.h:87] Deconstructing Sensor
I1008 16:08:27.847329 836307 Sensor.h:87] Deconstructing Sensor
I1008 16:08:27.847471 836307 Sensor.h:87] Deconstructing Sensor
I1008 16:08:27.847636 836307 Sensor.h:87] Deconstructing Sensor
I1008 16:08:27.847900 836307 Sensor.h:87] Deconstructing Sensor
I1008 16:08:27.852876 836307 Renderer.cpp:34] Deconstructing Renderer
I1008 16:08:27.852900 836307 WindowlessContext.h:17] Deconstructing WindowlessContext
I1008 16:08:27.858448 836307 MetadataMediator.cpp:56] MetadataMediator::setActiveSceneDatasetName : Old active dataset default changed to default successfully.
I1008 16:08:27.860117 836307 AttributesManagerBase.h:283] AttributesManager<T>::createFromJsonOrDefaultInternal  (Physics Manager) : Proposing JSON name : ./data/default.physics_config.json from original name : ./data/default.physics_config.json | This file  does not exist.
I1008 16:08:27.860157 836307 PhysicsAttributesManager.cpp:27] File (./data/default.physics_config.json) not found, so new default physics manager attributes created and registered.
I1008 16:08:27.860163 836307 AbstractObjectAttributesManagerBase.h:175] AbstractObjectAttributesManager<T>::createObject  (Stage) : Making attributes with handle : data/scene_datasets/mp3d/ZMojNkEp431/ZMojNkEp431.glb
I1008 16:08:27.860168 836307 ManagedContainerBase.cpp:19] ManagedContainerBase::convertFilenameToJSON : Filename : data/scene_datasets/mp3d/ZMojNkEp431/ZMojNkEp431.glb changed to proposed JSON configuration filename : data/scene_datasets/mp3d/ZMojNkEp431/ZMojNkEp431.stage_config.json
I1008 16:08:27.860190 836307 AttributesManagerBase.h:283] AttributesManager<T>::createFromJsonOrDefaultInternal  (Stage) : Proposing JSON name : data/scene_datasets/mp3d/ZMojNkEp431/ZMojNkEp431.stage_config.json from original name : data/scene_datasets/mp3d/ZMojNkEp431/ZMojNkEp431.glb | This file  does not exist.
I1008 16:08:27.860244 836307 AbstractObjectAttributesManagerBase.h:181] AbstractObjectAttributesManager<T>::createObject  (Stage) : Done making attributes with handle : data/scene_datasets/mp3d/ZMojNkEp431/ZMojNkEp431.glb
I1008 16:08:27.860258 836307 AbstractObjectAttributesManagerBase.h:188] File (data/scene_datasets/mp3d/ZMojNkEp431/ZMojNkEp431.glb) exists but is not a recognized config filename extension, so new default Stage attributes created and registered.
I1008 16:08:27.860262 836307 Simulator.cpp:156] Loading navmesh from data/scene_datasets/mp3d/ZMojNkEp431/ZMojNkEp431.navmesh
I1008 16:08:27.860430 836307 Simulator.cpp:158] Loaded.
I1008 16:08:27.860436 836307 SceneGraph.h:93] Created DrawableGroup: 
I1008 16:08:27.864282 836307 ResourceManager.cpp:234] ResourceManager::loadStage : Not loading semantic mesh
I1008 16:08:27.864296 836307 ResourceManager.cpp:262] ResourceManager::loadStage : start load render asset data/scene_datasets/mp3d/ZMojNkEp431/ZMojNkEp431.glb.
I1008 16:08:27.864297 836307 ResourceManager.cpp:569] ResourceManager::loadStageInternal : Attempting to load stage data/scene_datasets/mp3d/ZMojNkEp431/ZMojNkEp431.glb 
I1008 16:08:27.864323 836307 ResourceManager.cpp:1119] Importing Basis files as BC7 for ZMojNkEp431.glb
W1008 16:08:29.305439 836307 Simulator.cpp:248] :
---
 The active scene does not contain semantic annotations. 
---
I1008 16:08:29.360176 836307 simulator.py:213] Loaded navmesh data/scene_datasets/mp3d/ZMojNkEp431/ZMojNkEp431.navmesh
I1008 16:08:29.722018 836307 PhysicsManager.cpp:33] Deconstructing PhysicsManager
I1008 16:08:29.722069 836307 SemanticScene.h:41] Deconstructing SemanticScene
I1008 16:08:29.733049 836307 SceneManager.h:25] Deconstructing SceneManager
I1008 16:08:29.733078 836307 SceneGraph.h:26] Deconstructing SceneGraph
I1008 16:08:29.733537 836307 Sensor.h:87] Deconstructing Sensor
I1008 16:08:29.735502 836307 Sensor.h:87] Deconstructing Sensor
I1008 16:08:29.735656 836307 Sensor.h:87] Deconstructing Sensor
I1008 16:08:29.735797 836307 Sensor.h:87] Deconstructing Sensor
I1008 16:08:29.735930 836307 Sensor.h:87] Deconstructing Sensor
I1008 16:08:29.736053 836307 Sensor.h:87] Deconstructing Sensor
I1008 16:08:29.736181 836307 Sensor.h:87] Deconstructing Sensor
I1008 16:08:29.736302 836307 Sensor.h:87] Deconstructing Sensor
I1008 16:08:29.736433 836307 Sensor.h:87] Deconstructing Sensor
I1008 16:08:29.736555 836307 Sensor.h:87] Deconstructing Sensor
I1008 16:08:29.736706 836307 Sensor.h:87] Deconstructing Sensor
I1008 16:08:29.736843 836307 Sensor.h:87] Deconstructing Sensor
I1008 16:08:29.736966 836307 Sensor.h:87] Deconstructing Sensor
I1008 16:08:29.737130 836307 Sensor.h:87] Deconstructing Sensor
I1008 16:08:29.737300 836307 Sensor.h:87] Deconstructing Sensor
I1008 16:08:29.737449 836307 Sensor.h:87] Deconstructing Sensor
I1008 16:08:29.737609 836307 Sensor.h:87] Deconstructing Sensor
I1008 16:08:29.737766 836307 Sensor.h:87] Deconstructing Sensor
I1008 16:08:29.737923 836307 Sensor.h:87] Deconstructing Sensor
I1008 16:08:29.738080 836307 Sensor.h:87] Deconstructing Sensor
I1008 16:08:29.738231 836307 Sensor.h:87] Deconstructing Sensor
I1008 16:08:29.738380 836307 Sensor.h:87] Deconstructing Sensor
I1008 16:08:29.738535 836307 Sensor.h:87] Deconstructing Sensor
I1008 16:08:29.738636 836307 Sensor.h:87] Deconstructing Sensor
I1008 16:08:29.742878 836307 Renderer.cpp:34] Deconstructing Renderer
I1008 16:08:29.742923 836307 WindowlessContext.h:17] Deconstructing WindowlessContext
I1008 16:08:29.747152 836307 MetadataMediator.cpp:56] MetadataMediator::setActiveSceneDatasetName : Old active dataset default changed to default successfully.
I1008 16:08:29.749071 836307 AttributesManagerBase.h:283] AttributesManager<T>::createFromJsonOrDefaultInternal  (Physics Manager) : Proposing JSON name : ./data/default.physics_config.json from original name : ./data/default.physics_config.json | This file  does not exist.
I1008 16:08:29.749136 836307 PhysicsAttributesManager.cpp:27] File (./data/default.physics_config.json) not found, so new default physics manager attributes created and registered.
I1008 16:08:29.749145 836307 AbstractObjectAttributesManagerBase.h:175] AbstractObjectAttributesManager<T>::createObject  (Stage) : Making attributes with handle : data/scene_datasets/mp3d/D7N2EKCX4Sj/D7N2EKCX4Sj.glb
I1008 16:08:29.749163 836307 ManagedContainerBase.cpp:19] ManagedContainerBase::convertFilenameToJSON : Filename : data/scene_datasets/mp3d/D7N2EKCX4Sj/D7N2EKCX4Sj.glb changed to proposed JSON configuration filename : data/scene_datasets/mp3d/D7N2EKCX4Sj/D7N2EKCX4Sj.stage_config.json
I1008 16:08:29.749181 836307 AttributesManagerBase.h:283] AttributesManager<T>::createFromJsonOrDefaultInternal  (Stage) : Proposing JSON name : data/scene_datasets/mp3d/D7N2EKCX4Sj/D7N2EKCX4Sj.stage_config.json from original name : data/scene_datasets/mp3d/D7N2EKCX4Sj/D7N2EKCX4Sj.glb | This file  does not exist.
I1008 16:08:29.749239 836307 AbstractObjectAttributesManagerBase.h:181] AbstractObjectAttributesManager<T>::createObject  (Stage) : Done making attributes with handle : data/scene_datasets/mp3d/D7N2EKCX4Sj/D7N2EKCX4Sj.glb
I1008 16:08:29.749241 836307 AbstractObjectAttributesManagerBase.h:188] File (data/scene_datasets/mp3d/D7N2EKCX4Sj/D7N2EKCX4Sj.glb) exists but is not a recognized config filename extension, so new default Stage attributes created and registered.
I1008 16:08:29.749245 836307 Simulator.cpp:156] Loading navmesh from data/scene_datasets/mp3d/D7N2EKCX4Sj/D7N2EKCX4Sj.navmesh
I1008 16:08:29.749825 836307 Simulator.cpp:158] Loaded.
I1008 16:08:29.749842 836307 SceneGraph.h:93] Created DrawableGroup: 
I1008 16:08:29.754717 836307 ResourceManager.cpp:234] ResourceManager::loadStage : Not loading semantic mesh
I1008 16:08:29.754742 836307 ResourceManager.cpp:262] ResourceManager::loadStage : start load render asset data/scene_datasets/mp3d/D7N2EKCX4Sj/D7N2EKCX4Sj.glb.
I1008 16:08:29.754745 836307 ResourceManager.cpp:569] ResourceManager::loadStageInternal : Attempting to load stage data/scene_datasets/mp3d/D7N2EKCX4Sj/D7N2EKCX4Sj.glb 
I1008 16:08:29.754781 836307 ResourceManager.cpp:1119] Importing Basis files as BC7 for D7N2EKCX4Sj.glb
W1008 16:08:35.278389 836307 Simulator.cpp:248] :
---
 The active scene does not contain semantic annotations. 
---
I1008 16:08:35.415468 836307 simulator.py:213] Loaded navmesh data/scene_datasets/mp3d/D7N2EKCX4Sj/D7N2EKCX4Sj.navmesh
I1008 16:08:35.817703 836307 PhysicsManager.cpp:33] Deconstructing PhysicsManager
I1008 16:08:35.817734 836307 SemanticScene.h:41] Deconstructing SemanticScene
I1008 16:08:35.829180 836307 SceneManager.h:25] Deconstructing SceneManager
I1008 16:08:35.829201 836307 SceneGraph.h:26] Deconstructing SceneGraph
I1008 16:08:35.829764 836307 Sensor.h:87] Deconstructing Sensor
I1008 16:08:35.830983 836307 Sensor.h:87] Deconstructing Sensor
I1008 16:08:35.831127 836307 Sensor.h:87] Deconstructing Sensor
I1008 16:08:35.831261 836307 Sensor.h:87] Deconstructing Sensor
I1008 16:08:35.831400 836307 Sensor.h:87] Deconstructing Sensor
I1008 16:08:35.831557 836307 Sensor.h:87] Deconstructing Sensor
I1008 16:08:35.831687 836307 Sensor.h:87] Deconstructing Sensor
I1008 16:08:35.831804 836307 Sensor.h:87] Deconstructing Sensor
I1008 16:08:35.831931 836307 Sensor.h:87] Deconstructing Sensor
I1008 16:08:35.832046 836307 Sensor.h:87] Deconstructing Sensor
I1008 16:08:35.832162 836307 Sensor.h:87] Deconstructing Sensor
I1008 16:08:35.832281 836307 Sensor.h:87] Deconstructing Sensor
I1008 16:08:35.832396 836307 Sensor.h:87] Deconstructing Sensor
I1008 16:08:35.832551 836307 Sensor.h:87] Deconstructing Sensor
I1008 16:08:35.832715 836307 Sensor.h:87] Deconstructing Sensor
I1008 16:08:35.832858 836307 Sensor.h:87] Deconstructing Sensor
I1008 16:08:35.833015 836307 Sensor.h:87] Deconstructing Sensor
I1008 16:08:35.833158 836307 Sensor.h:87] Deconstructing Sensor
I1008 16:08:35.833333 836307 Sensor.h:87] Deconstructing Sensor
I1008 16:08:35.833483 836307 Sensor.h:87] Deconstructing Sensor
I1008 16:08:35.833638 836307 Sensor.h:87] Deconstructing Sensor
I1008 16:08:35.833801 836307 Sensor.h:87] Deconstructing Sensor
I1008 16:08:35.833999 836307 Sensor.h:87] Deconstructing Sensor
I1008 16:08:35.836798 836307 Sensor.h:87] Deconstructing Sensor
I1008 16:08:35.844657 836307 Renderer.cpp:34] Deconstructing Renderer
I1008 16:08:35.844718 836307 WindowlessContext.h:17] Deconstructing WindowlessContext
I1008 16:08:35.852169 836307 MetadataMediator.cpp:56] MetadataMediator::setActiveSceneDatasetName : Old active dataset default changed to default successfully.
I1008 16:08:35.854286 836307 AttributesManagerBase.h:283] AttributesManager<T>::createFromJsonOrDefaultInternal  (Physics Manager) : Proposing JSON name : ./data/default.physics_config.json from original name : ./data/default.physics_config.json | This file  does not exist.
I1008 16:08:35.854343 836307 PhysicsAttributesManager.cpp:27] File (./data/default.physics_config.json) not found, so new default physics manager attributes created and registered.
I1008 16:08:35.854350 836307 AbstractObjectAttributesManagerBase.h:175] AbstractObjectAttributesManager<T>::createObject  (Stage) : Making attributes with handle : data/scene_datasets/mp3d/2n8kARJN3HM/2n8kARJN3HM.glb
I1008 16:08:35.854354 836307 ManagedContainerBase.cpp:19] ManagedContainerBase::convertFilenameToJSON : Filename : data/scene_datasets/mp3d/2n8kARJN3HM/2n8kARJN3HM.glb changed to proposed JSON configuration filename : data/scene_datasets/mp3d/2n8kARJN3HM/2n8kARJN3HM.stage_config.json
I1008 16:08:35.854369 836307 AttributesManagerBase.h:283] AttributesManager<T>::createFromJsonOrDefaultInternal  (Stage) : Proposing JSON name : data/scene_datasets/mp3d/2n8kARJN3HM/2n8kARJN3HM.stage_config.json from original name : data/scene_datasets/mp3d/2n8kARJN3HM/2n8kARJN3HM.glb | This file  does not exist.
I1008 16:08:35.854420 836307 AbstractObjectAttributesManagerBase.h:181] AbstractObjectAttributesManager<T>::createObject  (Stage) : Done making attributes with handle : data/scene_datasets/mp3d/2n8kARJN3HM/2n8kARJN3HM.glb
I1008 16:08:35.854421 836307 AbstractObjectAttributesManagerBase.h:188] File (data/scene_datasets/mp3d/2n8kARJN3HM/2n8kARJN3HM.glb) exists but is not a recognized config filename extension, so new default Stage attributes created and registered.
I1008 16:08:35.854425 836307 Simulator.cpp:156] Loading navmesh from data/scene_datasets/mp3d/2n8kARJN3HM/2n8kARJN3HM.navmesh
I1008 16:08:35.854686 836307 Simulator.cpp:158] Loaded.
I1008 16:08:35.854694 836307 SceneGraph.h:93] Created DrawableGroup: 
I1008 16:08:35.858961 836307 ResourceManager.cpp:234] ResourceManager::loadStage : Not loading semantic mesh
I1008 16:08:35.858975 836307 ResourceManager.cpp:262] ResourceManager::loadStage : start load render asset data/scene_datasets/mp3d/2n8kARJN3HM/2n8kARJN3HM.glb.
I1008 16:08:35.858976 836307 ResourceManager.cpp:569] ResourceManager::loadStageInternal : Attempting to load stage data/scene_datasets/mp3d/2n8kARJN3HM/2n8kARJN3HM.glb 
I1008 16:08:35.859005 836307 ResourceManager.cpp:1119] Importing Basis files as BC7 for 2n8kARJN3HM.glb
W1008 16:08:39.055511 836307 Simulator.cpp:248] :
---
 The active scene does not contain semantic annotations. 
---
I1008 16:08:39.145540 836307 simulator.py:213] Loaded navmesh data/scene_datasets/mp3d/2n8kARJN3HM/2n8kARJN3HM.navmesh
I1008 16:08:39.705821 836307 PhysicsManager.cpp:33] Deconstructing PhysicsManager
I1008 16:08:39.705852 836307 SemanticScene.h:41] Deconstructing SemanticScene
I1008 16:08:39.713640 836307 SceneManager.h:25] Deconstructing SceneManager
I1008 16:08:39.713667 836307 SceneGraph.h:26] Deconstructing SceneGraph
I1008 16:08:39.714337 836307 Sensor.h:87] Deconstructing Sensor
I1008 16:08:39.715003 836307 Sensor.h:87] Deconstructing Sensor
I1008 16:08:39.715124 836307 Sensor.h:87] Deconstructing Sensor
I1008 16:08:39.715245 836307 Sensor.h:87] Deconstructing Sensor
I1008 16:08:39.715380 836307 Sensor.h:87] Deconstructing Sensor
I1008 16:08:39.715495 836307 Sensor.h:87] Deconstructing Sensor
I1008 16:08:39.715613 836307 Sensor.h:87] Deconstructing Sensor
I1008 16:08:39.716249 836307 Sensor.h:87] Deconstructing Sensor
I1008 16:08:39.716377 836307 Sensor.h:87] Deconstructing Sensor
I1008 16:08:39.716493 836307 Sensor.h:87] Deconstructing Sensor
I1008 16:08:39.717345 836307 Sensor.h:87] Deconstructing Sensor
I1008 16:08:39.717491 836307 Sensor.h:87] Deconstructing Sensor
I1008 16:08:39.717630 836307 Sensor.h:87] Deconstructing Sensor
I1008 16:08:39.717815 836307 Sensor.h:87] Deconstructing Sensor
I1008 16:08:39.718017 836307 Sensor.h:87] Deconstructing Sensor
I1008 16:08:39.718158 836307 Sensor.h:87] Deconstructing Sensor
I1008 16:08:39.718309 836307 Sensor.h:87] Deconstructing Sensor
I1008 16:08:39.718447 836307 Sensor.h:87] Deconstructing Sensor
I1008 16:08:39.718609 836307 Sensor.h:87] Deconstructing Sensor
I1008 16:08:39.718768 836307 Sensor.h:87] Deconstructing Sensor
I1008 16:08:39.718911 836307 Sensor.h:87] Deconstructing Sensor
I1008 16:08:39.719048 836307 Sensor.h:87] Deconstructing Sensor
I1008 16:08:39.719192 836307 Sensor.h:87] Deconstructing Sensor
I1008 16:08:39.719307 836307 Sensor.h:87] Deconstructing Sensor
I1008 16:08:39.726255 836307 Renderer.cpp:34] Deconstructing Renderer
I1008 16:08:39.726292 836307 WindowlessContext.h:17] Deconstructing WindowlessContext
I1008 16:08:39.732627 836307 MetadataMediator.cpp:56] MetadataMediator::setActiveSceneDatasetName : Old active dataset default changed to default successfully.
I1008 16:08:39.734880 836307 AttributesManagerBase.h:283] AttributesManager<T>::createFromJsonOrDefaultInternal  (Physics Manager) : Proposing JSON name : ./data/default.physics_config.json from original name : ./data/default.physics_config.json | This file  does not exist.
I1008 16:08:39.734925 836307 PhysicsAttributesManager.cpp:27] File (./data/default.physics_config.json) not found, so new default physics manager attributes created and registered.
I1008 16:08:39.734931 836307 AbstractObjectAttributesManagerBase.h:175] AbstractObjectAttributesManager<T>::createObject  (Stage) : Making attributes with handle : data/scene_datasets/mp3d/qoiz87JEwZ2/qoiz87JEwZ2.glb
I1008 16:08:39.734935 836307 ManagedContainerBase.cpp:19] ManagedContainerBase::convertFilenameToJSON : Filename : data/scene_datasets/mp3d/qoiz87JEwZ2/qoiz87JEwZ2.glb changed to proposed JSON configuration filename : data/scene_datasets/mp3d/qoiz87JEwZ2/qoiz87JEwZ2.stage_config.json
I1008 16:08:39.734953 836307 AttributesManagerBase.h:283] AttributesManager<T>::createFromJsonOrDefaultInternal  (Stage) : Proposing JSON name : data/scene_datasets/mp3d/qoiz87JEwZ2/qoiz87JEwZ2.stage_config.json from original name : data/scene_datasets/mp3d/qoiz87JEwZ2/qoiz87JEwZ2.glb | This file  does not exist.
I1008 16:08:39.735006 836307 AbstractObjectAttributesManagerBase.h:181] AbstractObjectAttributesManager<T>::createObject  (Stage) : Done making attributes with handle : data/scene_datasets/mp3d/qoiz87JEwZ2/qoiz87JEwZ2.glb
I1008 16:08:39.735008 836307 AbstractObjectAttributesManagerBase.h:188] File (data/scene_datasets/mp3d/qoiz87JEwZ2/qoiz87JEwZ2.glb) exists but is not a recognized config filename extension, so new default Stage attributes created and registered.
I1008 16:08:39.735011 836307 Simulator.cpp:156] Loading navmesh from data/scene_datasets/mp3d/qoiz87JEwZ2/qoiz87JEwZ2.navmesh
I1008 16:08:39.735179 836307 Simulator.cpp:158] Loaded.
I1008 16:08:39.735185 836307 SceneGraph.h:93] Created DrawableGroup: 
I1008 16:08:39.740562 836307 ResourceManager.cpp:234] ResourceManager::loadStage : Not loading semantic mesh
I1008 16:08:39.740573 836307 ResourceManager.cpp:262] ResourceManager::loadStage : start load render asset data/scene_datasets/mp3d/qoiz87JEwZ2/qoiz87JEwZ2.glb.
I1008 16:08:39.740574 836307 ResourceManager.cpp:569] ResourceManager::loadStageInternal : Attempting to load stage data/scene_datasets/mp3d/qoiz87JEwZ2/qoiz87JEwZ2.glb 
I1008 16:08:39.740599 836307 ResourceManager.cpp:1119] Importing Basis files as BC7 for qoiz87JEwZ2.glb
W1008 16:08:41.666051 836307 Simulator.cpp:248] :
---
 The active scene does not contain semantic annotations. 
---
I1008 16:08:41.740334 836307 simulator.py:213] Loaded navmesh data/scene_datasets/mp3d/qoiz87JEwZ2/qoiz87JEwZ2.navmesh
I1008 16:08:42.289880 836307 PhysicsManager.cpp:33] Deconstructing PhysicsManager
I1008 16:08:42.289915 836307 SemanticScene.h:41] Deconstructing SemanticScene
I1008 16:08:42.299412 836307 SceneManager.h:25] Deconstructing SceneManager
I1008 16:08:42.299453 836307 SceneGraph.h:26] Deconstructing SceneGraph
I1008 16:08:42.299921 836307 Sensor.h:87] Deconstructing Sensor
I1008 16:08:42.301810 836307 Sensor.h:87] Deconstructing Sensor
I1008 16:08:42.301959 836307 Sensor.h:87] Deconstructing Sensor
I1008 16:08:42.302089 836307 Sensor.h:87] Deconstructing Sensor
I1008 16:08:42.302217 836307 Sensor.h:87] Deconstructing Sensor
I1008 16:08:42.302336 836307 Sensor.h:87] Deconstructing Sensor
I1008 16:08:42.302461 836307 Sensor.h:87] Deconstructing Sensor
I1008 16:08:42.302579 836307 Sensor.h:87] Deconstructing Sensor
I1008 16:08:42.302711 836307 Sensor.h:87] Deconstructing Sensor
I1008 16:08:42.302837 836307 Sensor.h:87] Deconstructing Sensor
I1008 16:08:42.302959 836307 Sensor.h:87] Deconstructing Sensor
I1008 16:08:42.303081 836307 Sensor.h:87] Deconstructing Sensor
I1008 16:08:42.303202 836307 Sensor.h:87] Deconstructing Sensor
I1008 16:08:42.303371 836307 Sensor.h:87] Deconstructing Sensor
I1008 16:08:42.303534 836307 Sensor.h:87] Deconstructing Sensor
I1008 16:08:42.303689 836307 Sensor.h:87] Deconstructing Sensor
I1008 16:08:42.303851 836307 Sensor.h:87] Deconstructing Sensor
I1008 16:08:42.304003 836307 Sensor.h:87] Deconstructing Sensor
I1008 16:08:42.304158 836307 Sensor.h:87] Deconstructing Sensor
I1008 16:08:42.304319 836307 Sensor.h:87] Deconstructing Sensor
I1008 16:08:42.304471 836307 Sensor.h:87] Deconstructing Sensor
I1008 16:08:42.304621 836307 Sensor.h:87] Deconstructing Sensor
I1008 16:08:42.304795 836307 Sensor.h:87] Deconstructing Sensor
I1008 16:08:42.305011 836307 Sensor.h:87] Deconstructing Sensor
I1008 16:08:42.310322 836307 Renderer.cpp:34] Deconstructing Renderer
I1008 16:08:42.310377 836307 WindowlessContext.h:17] Deconstructing WindowlessContext
I1008 16:08:42.315069 836307 MetadataMediator.cpp:56] MetadataMediator::setActiveSceneDatasetName : Old active dataset default changed to default successfully.
I1008 16:08:42.317538 836307 AttributesManagerBase.h:283] AttributesManager<T>::createFromJsonOrDefaultInternal  (Physics Manager) : Proposing JSON name : ./data/default.physics_config.json from original name : ./data/default.physics_config.json | This file  does not exist.
I1008 16:08:42.317624 836307 PhysicsAttributesManager.cpp:27] File (./data/default.physics_config.json) not found, so new default physics manager attributes created and registered.
I1008 16:08:42.317634 836307 AbstractObjectAttributesManagerBase.h:175] AbstractObjectAttributesManager<T>::createObject  (Stage) : Making attributes with handle : data/scene_datasets/mp3d/D7N2EKCX4Sj/D7N2EKCX4Sj.glb
I1008 16:08:42.317638 836307 ManagedContainerBase.cpp:19] ManagedContainerBase::convertFilenameToJSON : Filename : data/scene_datasets/mp3d/D7N2EKCX4Sj/D7N2EKCX4Sj.glb changed to proposed JSON configuration filename : data/scene_datasets/mp3d/D7N2EKCX4Sj/D7N2EKCX4Sj.stage_config.json
I1008 16:08:42.317672 836307 AttributesManagerBase.h:283] AttributesManager<T>::createFromJsonOrDefaultInternal  (Stage) : Proposing JSON name : data/scene_datasets/mp3d/D7N2EKCX4Sj/D7N2EKCX4Sj.stage_config.json from original name : data/scene_datasets/mp3d/D7N2EKCX4Sj/D7N2EKCX4Sj.glb | This file  does not exist.
I1008 16:08:42.317744 836307 AbstractObjectAttributesManagerBase.h:181] AbstractObjectAttributesManager<T>::createObject  (Stage) : Done making attributes with handle : data/scene_datasets/mp3d/D7N2EKCX4Sj/D7N2EKCX4Sj.glb
I1008 16:08:42.317746 836307 AbstractObjectAttributesManagerBase.h:188] File (data/scene_datasets/mp3d/D7N2EKCX4Sj/D7N2EKCX4Sj.glb) exists but is not a recognized config filename extension, so new default Stage attributes created and registered.
I1008 16:08:42.317751 836307 Simulator.cpp:156] Loading navmesh from data/scene_datasets/mp3d/D7N2EKCX4Sj/D7N2EKCX4Sj.navmesh
I1008 16:08:42.318428 836307 Simulator.cpp:158] Loaded.
I1008 16:08:42.318446 836307 SceneGraph.h:93] Created DrawableGroup: 
I1008 16:08:42.323315 836307 ResourceManager.cpp:234] ResourceManager::loadStage : Not loading semantic mesh
I1008 16:08:42.323335 836307 ResourceManager.cpp:262] ResourceManager::loadStage : start load render asset data/scene_datasets/mp3d/D7N2EKCX4Sj/D7N2EKCX4Sj.glb.
I1008 16:08:42.323348 836307 ResourceManager.cpp:569] ResourceManager::loadStageInternal : Attempting to load stage data/scene_datasets/mp3d/D7N2EKCX4Sj/D7N2EKCX4Sj.glb 
I1008 16:08:42.323379 836307 ResourceManager.cpp:1119] Importing Basis files as BC7 for D7N2EKCX4Sj.glb
W1008 16:08:47.292958 836307 Simulator.cpp:248] :
---
 The active scene does not contain semantic annotations. 
---
I1008 16:08:47.431415 836307 simulator.py:213] Loaded navmesh data/scene_datasets/mp3d/D7N2EKCX4Sj/D7N2EKCX4Sj.navmesh
I1008 16:08:50.273422 836307 PhysicsManager.cpp:33] Deconstructing PhysicsManager
I1008 16:08:50.273478 836307 SemanticScene.h:41] Deconstructing SemanticScene
I1008 16:08:50.293277 836307 SceneManager.h:25] Deconstructing SceneManager
I1008 16:08:50.293316 836307 SceneGraph.h:26] Deconstructing SceneGraph
I1008 16:08:50.294062 836307 Sensor.h:87] Deconstructing Sensor
I1008 16:08:50.295679 836307 Sensor.h:87] Deconstructing Sensor
I1008 16:08:50.295830 836307 Sensor.h:87] Deconstructing Sensor
I1008 16:08:50.295966 836307 Sensor.h:87] Deconstructing Sensor
I1008 16:08:50.296096 836307 Sensor.h:87] Deconstructing Sensor
I1008 16:08:50.296219 836307 Sensor.h:87] Deconstructing Sensor
I1008 16:08:50.296351 836307 Sensor.h:87] Deconstructing Sensor
I1008 16:08:50.296485 836307 Sensor.h:87] Deconstructing Sensor
I1008 16:08:50.296633 836307 Sensor.h:87] Deconstructing Sensor
I1008 16:08:50.296892 836307 Sensor.h:87] Deconstructing Sensor
I1008 16:08:50.297035 836307 Sensor.h:87] Deconstructing Sensor
I1008 16:08:50.297169 836307 Sensor.h:87] Deconstructing Sensor
I1008 16:08:50.297303 836307 Sensor.h:87] Deconstructing Sensor
I1008 16:08:50.297475 836307 Sensor.h:87] Deconstructing Sensor
I1008 16:08:50.297645 836307 Sensor.h:87] Deconstructing Sensor
I1008 16:08:50.297847 836307 Sensor.h:87] Deconstructing Sensor
I1008 16:08:50.298017 836307 Sensor.h:87] Deconstructing Sensor
I1008 16:08:50.298171 836307 Sensor.h:87] Deconstructing Sensor
I1008 16:08:50.298336 836307 Sensor.h:87] Deconstructing Sensor
I1008 16:08:50.298502 836307 Sensor.h:87] Deconstructing Sensor
I1008 16:08:50.298673 836307 Sensor.h:87] Deconstructing Sensor
I1008 16:08:50.298836 836307 Sensor.h:87] Deconstructing Sensor
I1008 16:08:50.299003 836307 Sensor.h:87] Deconstructing Sensor
I1008 16:08:50.299113 836307 Sensor.h:87] Deconstructing Sensor
I1008 16:08:50.308957 836307 Renderer.cpp:34] Deconstructing Renderer
I1008 16:08:50.309006 836307 WindowlessContext.h:17] Deconstructing WindowlessContext
I1008 16:08:50.318737 836307 MetadataMediator.cpp:56] MetadataMediator::setActiveSceneDatasetName : Old active dataset default changed to default successfully.
I1008 16:08:50.321264 836307 AttributesManagerBase.h:283] AttributesManager<T>::createFromJsonOrDefaultInternal  (Physics Manager) : Proposing JSON name : ./data/default.physics_config.json from original name : ./data/default.physics_config.json | This file  does not exist.
I1008 16:08:50.321314 836307 PhysicsAttributesManager.cpp:27] File (./data/default.physics_config.json) not found, so new default physics manager attributes created and registered.
I1008 16:08:50.321321 836307 AbstractObjectAttributesManagerBase.h:175] AbstractObjectAttributesManager<T>::createObject  (Stage) : Making attributes with handle : data/scene_datasets/mp3d/qoiz87JEwZ2/qoiz87JEwZ2.glb
I1008 16:08:50.321326 836307 ManagedContainerBase.cpp:19] ManagedContainerBase::convertFilenameToJSON : Filename : data/scene_datasets/mp3d/qoiz87JEwZ2/qoiz87JEwZ2.glb changed to proposed JSON configuration filename : data/scene_datasets/mp3d/qoiz87JEwZ2/qoiz87JEwZ2.stage_config.json
I1008 16:08:50.321345 836307 AttributesManagerBase.h:283] AttributesManager<T>::createFromJsonOrDefaultInternal  (Stage) : Proposing JSON name : data/scene_datasets/mp3d/qoiz87JEwZ2/qoiz87JEwZ2.stage_config.json from original name : data/scene_datasets/mp3d/qoiz87JEwZ2/qoiz87JEwZ2.glb | This file  does not exist.
I1008 16:08:50.321403 836307 AbstractObjectAttributesManagerBase.h:181] AbstractObjectAttributesManager<T>::createObject  (Stage) : Done making attributes with handle : data/scene_datasets/mp3d/qoiz87JEwZ2/qoiz87JEwZ2.glb
I1008 16:08:50.321419 836307 AbstractObjectAttributesManagerBase.h:188] File (data/scene_datasets/mp3d/qoiz87JEwZ2/qoiz87JEwZ2.glb) exists but is not a recognized config filename extension, so new default Stage attributes created and registered.
I1008 16:08:50.321425 836307 Simulator.cpp:156] Loading navmesh from data/scene_datasets/mp3d/qoiz87JEwZ2/qoiz87JEwZ2.navmesh
I1008 16:08:50.321626 836307 Simulator.cpp:158] Loaded.
I1008 16:08:50.321635 836307 SceneGraph.h:93] Created DrawableGroup: 
I1008 16:08:50.326572 836307 ResourceManager.cpp:234] ResourceManager::loadStage : Not loading semantic mesh
I1008 16:08:50.326593 836307 ResourceManager.cpp:262] ResourceManager::loadStage : start load render asset data/scene_datasets/mp3d/qoiz87JEwZ2/qoiz87JEwZ2.glb.
I1008 16:08:50.326596 836307 ResourceManager.cpp:569] ResourceManager::loadStageInternal : Attempting to load stage data/scene_datasets/mp3d/qoiz87JEwZ2/qoiz87JEwZ2.glb 
I1008 16:08:50.326623 836307 ResourceManager.cpp:1119] Importing Basis files as BC7 for qoiz87JEwZ2.glb
W1008 16:08:52.261262 836307 Simulator.cpp:248] :
---
 The active scene does not contain semantic annotations. 
---
I1008 16:08:52.335586 836307 simulator.py:213] Loaded navmesh data/scene_datasets/mp3d/qoiz87JEwZ2/qoiz87JEwZ2.navmesh
I1008 16:08:53.334661 836307 PhysicsManager.cpp:33] Deconstructing PhysicsManager
I1008 16:08:53.334697 836307 SemanticScene.h:41] Deconstructing SemanticScene
I1008 16:08:53.341464 836307 SceneManager.h:25] Deconstructing SceneManager
I1008 16:08:53.341495 836307 SceneGraph.h:26] Deconstructing SceneGraph
I1008 16:08:53.342067 836307 Sensor.h:87] Deconstructing Sensor
I1008 16:08:53.343240 836307 Sensor.h:87] Deconstructing Sensor
I1008 16:08:53.343369 836307 Sensor.h:87] Deconstructing Sensor
I1008 16:08:53.343492 836307 Sensor.h:87] Deconstructing Sensor
I1008 16:08:53.343613 836307 Sensor.h:87] Deconstructing Sensor
I1008 16:08:53.344084 836307 Sensor.h:87] Deconstructing Sensor
I1008 16:08:53.344219 836307 Sensor.h:87] Deconstructing Sensor
I1008 16:08:53.344336 836307 Sensor.h:87] Deconstructing Sensor
I1008 16:08:53.344456 836307 Sensor.h:87] Deconstructing Sensor
I1008 16:08:53.344564 836307 Sensor.h:87] Deconstructing Sensor
I1008 16:08:53.344677 836307 Sensor.h:87] Deconstructing Sensor
I1008 16:08:53.344792 836307 Sensor.h:87] Deconstructing Sensor
I1008 16:08:53.344900 836307 Sensor.h:87] Deconstructing Sensor
I1008 16:08:53.345058 836307 Sensor.h:87] Deconstructing Sensor
I1008 16:08:53.345206 836307 Sensor.h:87] Deconstructing Sensor
I1008 16:08:53.345342 836307 Sensor.h:87] Deconstructing Sensor
I1008 16:08:53.345487 836307 Sensor.h:87] Deconstructing Sensor
I1008 16:08:53.345618 836307 Sensor.h:87] Deconstructing Sensor
I1008 16:08:53.346417 836307 Sensor.h:87] Deconstructing Sensor
I1008 16:08:53.346613 836307 Sensor.h:87] Deconstructing Sensor
I1008 16:08:53.346772 836307 Sensor.h:87] Deconstructing Sensor
I1008 16:08:53.347002 836307 Sensor.h:87] Deconstructing Sensor
I1008 16:08:53.347158 836307 Sensor.h:87] Deconstructing Sensor
I1008 16:08:53.347256 836307 Sensor.h:87] Deconstructing Sensor
I1008 16:08:53.353011 836307 Renderer.cpp:34] Deconstructing Renderer
I1008 16:08:53.353040 836307 WindowlessContext.h:17] Deconstructing WindowlessContext
I1008 16:08:53.356853 836307 MetadataMediator.cpp:56] MetadataMediator::setActiveSceneDatasetName : Old active dataset default changed to default successfully.
I1008 16:08:53.358285 836307 AttributesManagerBase.h:283] AttributesManager<T>::createFromJsonOrDefaultInternal  (Physics Manager) : Proposing JSON name : ./data/default.physics_config.json from original name : ./data/default.physics_config.json | This file  does not exist.
I1008 16:08:53.358316 836307 PhysicsAttributesManager.cpp:27] File (./data/default.physics_config.json) not found, so new default physics manager attributes created and registered.
I1008 16:08:53.358322 836307 AbstractObjectAttributesManagerBase.h:175] AbstractObjectAttributesManager<T>::createObject  (Stage) : Making attributes with handle : data/scene_datasets/mp3d/2n8kARJN3HM/2n8kARJN3HM.glb
I1008 16:08:53.358335 836307 ManagedContainerBase.cpp:19] ManagedContainerBase::convertFilenameToJSON : Filename : data/scene_datasets/mp3d/2n8kARJN3HM/2n8kARJN3HM.glb changed to proposed JSON configuration filename : data/scene_datasets/mp3d/2n8kARJN3HM/2n8kARJN3HM.stage_config.json
I1008 16:08:53.358352 836307 AttributesManagerBase.h:283] AttributesManager<T>::createFromJsonOrDefaultInternal  (Stage) : Proposing JSON name : data/scene_datasets/mp3d/2n8kARJN3HM/2n8kARJN3HM.stage_config.json from original name : data/scene_datasets/mp3d/2n8kARJN3HM/2n8kARJN3HM.glb | This file  does not exist.
I1008 16:08:53.358402 836307 AbstractObjectAttributesManagerBase.h:181] AbstractObjectAttributesManager<T>::createObject  (Stage) : Done making attributes with handle : data/scene_datasets/mp3d/2n8kARJN3HM/2n8kARJN3HM.glb
I1008 16:08:53.358403 836307 AbstractObjectAttributesManagerBase.h:188] File (data/scene_datasets/mp3d/2n8kARJN3HM/2n8kARJN3HM.glb) exists but is not a recognized config filename extension, so new default Stage attributes created and registered.
I1008 16:08:53.358407 836307 Simulator.cpp:156] Loading navmesh from data/scene_datasets/mp3d/2n8kARJN3HM/2n8kARJN3HM.navmesh
I1008 16:08:53.358657 836307 Simulator.cpp:158] Loaded.
I1008 16:08:53.358668 836307 SceneGraph.h:93] Created DrawableGroup: 
I1008 16:08:53.362489 836307 ResourceManager.cpp:234] ResourceManager::loadStage : Not loading semantic mesh
I1008 16:08:53.362504 836307 ResourceManager.cpp:262] ResourceManager::loadStage : start load render asset data/scene_datasets/mp3d/2n8kARJN3HM/2n8kARJN3HM.glb.
I1008 16:08:53.362504 836307 ResourceManager.cpp:569] ResourceManager::loadStageInternal : Attempting to load stage data/scene_datasets/mp3d/2n8kARJN3HM/2n8kARJN3HM.glb 
I1008 16:08:53.362538 836307 ResourceManager.cpp:1119] Importing Basis files as BC7 for 2n8kARJN3HM.glb
W1008 16:08:56.407827 836307 Simulator.cpp:248] :
---
 The active scene does not contain semantic annotations. 
---
I1008 16:08:56.492743 836307 simulator.py:213] Loaded navmesh data/scene_datasets/mp3d/2n8kARJN3HM/2n8kARJN3HM.navmesh
I1008 16:08:58.266469 836307 PhysicsManager.cpp:33] Deconstructing PhysicsManager
I1008 16:08:58.266496 836307 SemanticScene.h:41] Deconstructing SemanticScene
I1008 16:08:58.275305 836307 SceneManager.h:25] Deconstructing SceneManager
I1008 16:08:58.275336 836307 SceneGraph.h:26] Deconstructing SceneGraph
I1008 16:08:58.275939 836307 Sensor.h:87] Deconstructing Sensor
I1008 16:08:58.276983 836307 Sensor.h:87] Deconstructing Sensor
I1008 16:08:58.277130 836307 Sensor.h:87] Deconstructing Sensor
I1008 16:08:58.277271 836307 Sensor.h:87] Deconstructing Sensor
I1008 16:08:58.277397 836307 Sensor.h:87] Deconstructing Sensor
I1008 16:08:58.277521 836307 Sensor.h:87] Deconstructing Sensor
I1008 16:08:58.277650 836307 Sensor.h:87] Deconstructing Sensor
I1008 16:08:58.278721 836307 Sensor.h:87] Deconstructing Sensor
I1008 16:08:58.278873 836307 Sensor.h:87] Deconstructing Sensor
I1008 16:08:58.279027 836307 Sensor.h:87] Deconstructing Sensor
I1008 16:08:58.279142 836307 Sensor.h:87] Deconstructing Sensor
I1008 16:08:58.279256 836307 Sensor.h:87] Deconstructing Sensor
I1008 16:08:58.279377 836307 Sensor.h:87] Deconstructing Sensor
I1008 16:08:58.279552 836307 Sensor.h:87] Deconstructing Sensor
I1008 16:08:58.279723 836307 Sensor.h:87] Deconstructing Sensor
I1008 16:08:58.279862 836307 Sensor.h:87] Deconstructing Sensor
I1008 16:08:58.280014 836307 Sensor.h:87] Deconstructing Sensor
I1008 16:08:58.280157 836307 Sensor.h:87] Deconstructing Sensor
I1008 16:08:58.280328 836307 Sensor.h:87] Deconstructing Sensor
I1008 16:08:58.280469 836307 Sensor.h:87] Deconstructing Sensor
I1008 16:08:58.280607 836307 Sensor.h:87] Deconstructing Sensor
I1008 16:08:58.280757 836307 Sensor.h:87] Deconstructing Sensor
I1008 16:08:58.281695 836307 Sensor.h:87] Deconstructing Sensor
I1008 16:08:58.281844 836307 Sensor.h:87] Deconstructing Sensor
I1008 16:08:58.290329 836307 Renderer.cpp:34] Deconstructing Renderer
I1008 16:08:58.290364 836307 WindowlessContext.h:17] Deconstructing WindowlessContext
I1008 16:08:58.296277 836307 MetadataMediator.cpp:56] MetadataMediator::setActiveSceneDatasetName : Old active dataset default changed to default successfully.
I1008 16:08:58.298377 836307 AttributesManagerBase.h:283] AttributesManager<T>::createFromJsonOrDefaultInternal  (Physics Manager) : Proposing JSON name : ./data/default.physics_config.json from original name : ./data/default.physics_config.json | This file  does not exist.
I1008 16:08:58.298427 836307 PhysicsAttributesManager.cpp:27] File (./data/default.physics_config.json) not found, so new default physics manager attributes created and registered.
I1008 16:08:58.298434 836307 AbstractObjectAttributesManagerBase.h:175] AbstractObjectAttributesManager<T>::createObject  (Stage) : Making attributes with handle : data/scene_datasets/mp3d/D7N2EKCX4Sj/D7N2EKCX4Sj.glb
I1008 16:08:58.298437 836307 ManagedContainerBase.cpp:19] ManagedContainerBase::convertFilenameToJSON : Filename : data/scene_datasets/mp3d/D7N2EKCX4Sj/D7N2EKCX4Sj.glb changed to proposed JSON configuration filename : data/scene_datasets/mp3d/D7N2EKCX4Sj/D7N2EKCX4Sj.stage_config.json
I1008 16:08:58.298456 836307 AttributesManagerBase.h:283] AttributesManager<T>::createFromJsonOrDefaultInternal  (Stage) : Proposing JSON name : data/scene_datasets/mp3d/D7N2EKCX4Sj/D7N2EKCX4Sj.stage_config.json from original name : data/scene_datasets/mp3d/D7N2EKCX4Sj/D7N2EKCX4Sj.glb | This file  does not exist.
I1008 16:08:58.298507 836307 AbstractObjectAttributesManagerBase.h:181] AbstractObjectAttributesManager<T>::createObject  (Stage) : Done making attributes with handle : data/scene_datasets/mp3d/D7N2EKCX4Sj/D7N2EKCX4Sj.glb
I1008 16:08:58.298508 836307 AbstractObjectAttributesManagerBase.h:188] File (data/scene_datasets/mp3d/D7N2EKCX4Sj/D7N2EKCX4Sj.glb) exists but is not a recognized config filename extension, so new default Stage attributes created and registered.
I1008 16:08:58.298512 836307 Simulator.cpp:156] Loading navmesh from data/scene_datasets/mp3d/D7N2EKCX4Sj/D7N2EKCX4Sj.navmesh
I1008 16:08:58.298959 836307 Simulator.cpp:158] Loaded.
I1008 16:08:58.298970 836307 SceneGraph.h:93] Created DrawableGroup: 
I1008 16:08:58.302891 836307 ResourceManager.cpp:234] ResourceManager::loadStage : Not loading semantic mesh
I1008 16:08:58.302901 836307 ResourceManager.cpp:262] ResourceManager::loadStage : start load render asset data/scene_datasets/mp3d/D7N2EKCX4Sj/D7N2EKCX4Sj.glb.
I1008 16:08:58.302902 836307 ResourceManager.cpp:569] ResourceManager::loadStageInternal : Attempting to load stage data/scene_datasets/mp3d/D7N2EKCX4Sj/D7N2EKCX4Sj.glb 
I1008 16:08:58.302924 836307 ResourceManager.cpp:1119] Importing Basis files as BC7 for D7N2EKCX4Sj.glb
W1008 16:09:02.971148 836307 Simulator.cpp:248] :
---
 The active scene does not contain semantic annotations. 
---
I1008 16:09:03.108146 836307 simulator.py:213] Loaded navmesh data/scene_datasets/mp3d/D7N2EKCX4Sj/D7N2EKCX4Sj.navmesh
I1008 16:09:04.537228 836307 PhysicsManager.cpp:33] Deconstructing PhysicsManager
I1008 16:09:04.537258 836307 SemanticScene.h:41] Deconstructing SemanticScene
I1008 16:09:04.552366 836307 SceneManager.h:25] Deconstructing SceneManager
I1008 16:09:04.552392 836307 SceneGraph.h:26] Deconstructing SceneGraph
I1008 16:09:04.553038 836307 Sensor.h:87] Deconstructing Sensor
I1008 16:09:04.554503 836307 Sensor.h:87] Deconstructing Sensor
I1008 16:09:04.554615 836307 Sensor.h:87] Deconstructing Sensor
I1008 16:09:04.554733 836307 Sensor.h:87] Deconstructing Sensor
I1008 16:09:04.554836 836307 Sensor.h:87] Deconstructing Sensor
I1008 16:09:04.554935 836307 Sensor.h:87] Deconstructing Sensor
I1008 16:09:04.555042 836307 Sensor.h:87] Deconstructing Sensor
I1008 16:09:04.555142 836307 Sensor.h:87] Deconstructing Sensor
I1008 16:09:04.555248 836307 Sensor.h:87] Deconstructing Sensor
I1008 16:09:04.555346 836307 Sensor.h:87] Deconstructing Sensor
I1008 16:09:04.555445 836307 Sensor.h:87] Deconstructing Sensor
I1008 16:09:04.555560 836307 Sensor.h:87] Deconstructing Sensor
I1008 16:09:04.555661 836307 Sensor.h:87] Deconstructing Sensor
I1008 16:09:04.555807 836307 Sensor.h:87] Deconstructing Sensor
I1008 16:09:04.555943 836307 Sensor.h:87] Deconstructing Sensor
I1008 16:09:04.556067 836307 Sensor.h:87] Deconstructing Sensor
I1008 16:09:04.556197 836307 Sensor.h:87] Deconstructing Sensor
I1008 16:09:04.556325 836307 Sensor.h:87] Deconstructing Sensor
I1008 16:09:04.556455 836307 Sensor.h:87] Deconstructing Sensor
I1008 16:09:04.556583 836307 Sensor.h:87] Deconstructing Sensor
I1008 16:09:04.556712 836307 Sensor.h:87] Deconstructing Sensor
I1008 16:09:04.556833 836307 Sensor.h:87] Deconstructing Sensor
I1008 16:09:04.556968 836307 Sensor.h:87] Deconstructing Sensor
I1008 16:09:04.557135 836307 Sensor.h:87] Deconstructing Sensor
I1008 16:09:04.566236 836307 Renderer.cpp:34] Deconstructing Renderer
I1008 16:09:04.566287 836307 WindowlessContext.h:17] Deconstructing WindowlessContext
I1008 16:09:04.573599 836307 MetadataMediator.cpp:56] MetadataMediator::setActiveSceneDatasetName : Old active dataset default changed to default successfully.
I1008 16:09:04.576467 836307 AttributesManagerBase.h:283] AttributesManager<T>::createFromJsonOrDefaultInternal  (Physics Manager) : Proposing JSON name : ./data/default.physics_config.json from original name : ./data/default.physics_config.json | This file  does not exist.
I1008 16:09:04.576521 836307 PhysicsAttributesManager.cpp:27] File (./data/default.physics_config.json) not found, so new default physics manager attributes created and registered.
I1008 16:09:04.576529 836307 AbstractObjectAttributesManagerBase.h:175] AbstractObjectAttributesManager<T>::createObject  (Stage) : Making attributes with handle : data/scene_datasets/mp3d/qoiz87JEwZ2/qoiz87JEwZ2.glb
I1008 16:09:04.576534 836307 ManagedContainerBase.cpp:19] ManagedContainerBase::convertFilenameToJSON : Filename : data/scene_datasets/mp3d/qoiz87JEwZ2/qoiz87JEwZ2.glb changed to proposed JSON configuration filename : data/scene_datasets/mp3d/qoiz87JEwZ2/qoiz87JEwZ2.stage_config.json
I1008 16:09:04.576555 836307 AttributesManagerBase.h:283] AttributesManager<T>::createFromJsonOrDefaultInternal  (Stage) : Proposing JSON name : data/scene_datasets/mp3d/qoiz87JEwZ2/qoiz87JEwZ2.stage_config.json from original name : data/scene_datasets/mp3d/qoiz87JEwZ2/qoiz87JEwZ2.glb | This file  does not exist.
I1008 16:09:04.576613 836307 AbstractObjectAttributesManagerBase.h:181] AbstractObjectAttributesManager<T>::createObject  (Stage) : Done making attributes with handle : data/scene_datasets/mp3d/qoiz87JEwZ2/qoiz87JEwZ2.glb
I1008 16:09:04.576615 836307 AbstractObjectAttributesManagerBase.h:188] File (data/scene_datasets/mp3d/qoiz87JEwZ2/qoiz87JEwZ2.glb) exists but is not a recognized config filename extension, so new default Stage attributes created and registered.
I1008 16:09:04.576619 836307 Simulator.cpp:156] Loading navmesh from data/scene_datasets/mp3d/qoiz87JEwZ2/qoiz87JEwZ2.navmesh
I1008 16:09:04.576810 836307 Simulator.cpp:158] Loaded.
I1008 16:09:04.576820 836307 SceneGraph.h:93] Created DrawableGroup: 
I1008 16:09:04.582281 836307 ResourceManager.cpp:234] ResourceManager::loadStage : Not loading semantic mesh
I1008 16:09:04.582296 836307 ResourceManager.cpp:262] ResourceManager::loadStage : start load render asset data/scene_datasets/mp3d/qoiz87JEwZ2/qoiz87JEwZ2.glb.
I1008 16:09:04.582297 836307 ResourceManager.cpp:569] ResourceManager::loadStageInternal : Attempting to load stage data/scene_datasets/mp3d/qoiz87JEwZ2/qoiz87JEwZ2.glb 
I1008 16:09:04.582330 836307 ResourceManager.cpp:1119] Importing Basis files as BC7 for qoiz87JEwZ2.glb
W1008 16:09:06.466722 836307 Simulator.cpp:248] :
---
 The active scene does not contain semantic annotations. 
---
I1008 16:09:06.540329 836307 simulator.py:213] Loaded navmesh data/scene_datasets/mp3d/qoiz87JEwZ2/qoiz87JEwZ2.navmesh
I1008 16:09:08.572286 836307 PhysicsManager.cpp:33] Deconstructing PhysicsManager
I1008 16:09:08.572324 836307 SemanticScene.h:41] Deconstructing SemanticScene
I1008 16:09:08.583814 836307 SceneManager.h:25] Deconstructing SceneManager
I1008 16:09:08.583844 836307 SceneGraph.h:26] Deconstructing SceneGraph
I1008 16:09:08.584292 836307 Sensor.h:87] Deconstructing Sensor
I1008 16:09:08.585191 836307 Sensor.h:87] Deconstructing Sensor
I1008 16:09:08.585314 836307 Sensor.h:87] Deconstructing Sensor
I1008 16:09:08.585435 836307 Sensor.h:87] Deconstructing Sensor
I1008 16:09:08.585589 836307 Sensor.h:87] Deconstructing Sensor
I1008 16:09:08.585711 836307 Sensor.h:87] Deconstructing Sensor
I1008 16:09:08.585821 836307 Sensor.h:87] Deconstructing Sensor
I1008 16:09:08.585923 836307 Sensor.h:87] Deconstructing Sensor
I1008 16:09:08.586028 836307 Sensor.h:87] Deconstructing Sensor
I1008 16:09:08.586127 836307 Sensor.h:87] Deconstructing Sensor
I1008 16:09:08.586227 836307 Sensor.h:87] Deconstructing Sensor
I1008 16:09:08.586331 836307 Sensor.h:87] Deconstructing Sensor
I1008 16:09:08.586432 836307 Sensor.h:87] Deconstructing Sensor
I1008 16:09:08.586570 836307 Sensor.h:87] Deconstructing Sensor
I1008 16:09:08.586707 836307 Sensor.h:87] Deconstructing Sensor
I1008 16:09:08.586833 836307 Sensor.h:87] Deconstructing Sensor
I1008 16:09:08.586966 836307 Sensor.h:87] Deconstructing Sensor
I1008 16:09:08.587087 836307 Sensor.h:87] Deconstructing Sensor
I1008 16:09:08.587216 836307 Sensor.h:87] Deconstructing Sensor
I1008 16:09:08.587342 836307 Sensor.h:87] Deconstructing Sensor
I1008 16:09:08.587463 836307 Sensor.h:87] Deconstructing Sensor
I1008 16:09:08.587584 836307 Sensor.h:87] Deconstructing Sensor
I1008 16:09:08.587716 836307 Sensor.h:87] Deconstructing Sensor
I1008 16:09:08.587814 836307 Sensor.h:87] Deconstructing Sensor
I1008 16:09:08.593768 836307 Renderer.cpp:34] Deconstructing Renderer
I1008 16:09:08.593798 836307 WindowlessContext.h:17] Deconstructing WindowlessContext
I1008 16:09:08.597293 836307 MetadataMediator.cpp:56] MetadataMediator::setActiveSceneDatasetName : Old active dataset default changed to default successfully.
I1008 16:09:08.598641 836307 AttributesManagerBase.h:283] AttributesManager<T>::createFromJsonOrDefaultInternal  (Physics Manager) : Proposing JSON name : ./data/default.physics_config.json from original name : ./data/default.physics_config.json | This file  does not exist.
I1008 16:09:08.598696 836307 PhysicsAttributesManager.cpp:27] File (./data/default.physics_config.json) not found, so new default physics manager attributes created and registered.
I1008 16:09:08.598703 836307 AbstractObjectAttributesManagerBase.h:175] AbstractObjectAttributesManager<T>::createObject  (Stage) : Making attributes with handle : data/scene_datasets/mp3d/PX4nDJXEHrG/PX4nDJXEHrG.glb
I1008 16:09:08.598706 836307 ManagedContainerBase.cpp:19] ManagedContainerBase::convertFilenameToJSON : Filename : data/scene_datasets/mp3d/PX4nDJXEHrG/PX4nDJXEHrG.glb changed to proposed JSON configuration filename : data/scene_datasets/mp3d/PX4nDJXEHrG/PX4nDJXEHrG.stage_config.json
I1008 16:09:08.598724 836307 AttributesManagerBase.h:283] AttributesManager<T>::createFromJsonOrDefaultInternal  (Stage) : Proposing JSON name : data/scene_datasets/mp3d/PX4nDJXEHrG/PX4nDJXEHrG.stage_config.json from original name : data/scene_datasets/mp3d/PX4nDJXEHrG/PX4nDJXEHrG.glb | This file  does not exist.
I1008 16:09:08.598774 836307 AbstractObjectAttributesManagerBase.h:181] AbstractObjectAttributesManager<T>::createObject  (Stage) : Done making attributes with handle : data/scene_datasets/mp3d/PX4nDJXEHrG/PX4nDJXEHrG.glb
I1008 16:09:08.598775 836307 AbstractObjectAttributesManagerBase.h:188] File (data/scene_datasets/mp3d/PX4nDJXEHrG/PX4nDJXEHrG.glb) exists but is not a recognized config filename extension, so new default Stage attributes created and registered.
I1008 16:09:08.598779 836307 Simulator.cpp:156] Loading navmesh from data/scene_datasets/mp3d/PX4nDJXEHrG/PX4nDJXEHrG.navmesh
I1008 16:09:08.599121 836307 Simulator.cpp:158] Loaded.
I1008 16:09:08.599128 836307 SceneGraph.h:93] Created DrawableGroup: 
I1008 16:09:08.603039 836307 ResourceManager.cpp:234] ResourceManager::loadStage : Not loading semantic mesh
I1008 16:09:08.603060 836307 ResourceManager.cpp:262] ResourceManager::loadStage : start load render asset data/scene_datasets/mp3d/PX4nDJXEHrG/PX4nDJXEHrG.glb.
I1008 16:09:08.603060 836307 ResourceManager.cpp:569] ResourceManager::loadStageInternal : Attempting to load stage data/scene_datasets/mp3d/PX4nDJXEHrG/PX4nDJXEHrG.glb 
I1008 16:09:08.603083 836307 ResourceManager.cpp:1119] Importing Basis files as BC7 for PX4nDJXEHrG.glb
W1008 16:09:11.498389 836307 Simulator.cpp:248] :
---
 The active scene does not contain semantic annotations. 
---
I1008 16:09:11.607739 836307 simulator.py:213] Loaded navmesh data/scene_datasets/mp3d/PX4nDJXEHrG/PX4nDJXEHrG.navmesh
I1008 16:09:13.785821 836307 PhysicsManager.cpp:33] Deconstructing PhysicsManager
I1008 16:09:13.785851 836307 SemanticScene.h:41] Deconstructing SemanticScene
I1008 16:09:13.794519 836307 SceneManager.h:25] Deconstructing SceneManager
I1008 16:09:13.794545 836307 SceneGraph.h:26] Deconstructing SceneGraph
I1008 16:09:13.795270 836307 Sensor.h:87] Deconstructing Sensor
I1008 16:09:13.796140 836307 Sensor.h:87] Deconstructing Sensor
I1008 16:09:13.796263 836307 Sensor.h:87] Deconstructing Sensor
I1008 16:09:13.796386 836307 Sensor.h:87] Deconstructing Sensor
I1008 16:09:13.796499 836307 Sensor.h:87] Deconstructing Sensor
I1008 16:09:13.796612 836307 Sensor.h:87] Deconstructing Sensor
I1008 16:09:13.796738 836307 Sensor.h:87] Deconstructing Sensor
I1008 16:09:13.796849 836307 Sensor.h:87] Deconstructing Sensor
I1008 16:09:13.796958 836307 Sensor.h:87] Deconstructing Sensor
I1008 16:09:13.797065 836307 Sensor.h:87] Deconstructing Sensor
I1008 16:09:13.797168 836307 Sensor.h:87] Deconstructing Sensor
I1008 16:09:13.797274 836307 Sensor.h:87] Deconstructing Sensor
I1008 16:09:13.797376 836307 Sensor.h:87] Deconstructing Sensor
I1008 16:09:13.797519 836307 Sensor.h:87] Deconstructing Sensor
I1008 16:09:13.797654 836307 Sensor.h:87] Deconstructing Sensor
I1008 16:09:13.797804 836307 Sensor.h:87] Deconstructing Sensor
I1008 16:09:13.797938 836307 Sensor.h:87] Deconstructing Sensor
I1008 16:09:13.798067 836307 Sensor.h:87] Deconstructing Sensor
I1008 16:09:13.798198 836307 Sensor.h:87] Deconstructing Sensor
I1008 16:09:13.798329 836307 Sensor.h:87] Deconstructing Sensor
I1008 16:09:13.798460 836307 Sensor.h:87] Deconstructing Sensor
I1008 16:09:13.798591 836307 Sensor.h:87] Deconstructing Sensor
I1008 16:09:13.798729 836307 Sensor.h:87] Deconstructing Sensor
I1008 16:09:13.798811 836307 Sensor.h:87] Deconstructing Sensor
I1008 16:09:13.806639 836307 Renderer.cpp:34] Deconstructing Renderer
I1008 16:09:13.806684 836307 WindowlessContext.h:17] Deconstructing WindowlessContext
I1008 16:09:13.814730 836307 MetadataMediator.cpp:56] MetadataMediator::setActiveSceneDatasetName : Old active dataset default changed to default successfully.
I1008 16:09:13.816963 836307 AttributesManagerBase.h:283] AttributesManager<T>::createFromJsonOrDefaultInternal  (Physics Manager) : Proposing JSON name : ./data/default.physics_config.json from original name : ./data/default.physics_config.json | This file  does not exist.
I1008 16:09:13.817000 836307 PhysicsAttributesManager.cpp:27] File (./data/default.physics_config.json) not found, so new default physics manager attributes created and registered.
I1008 16:09:13.817006 836307 AbstractObjectAttributesManagerBase.h:175] AbstractObjectAttributesManager<T>::createObject  (Stage) : Making attributes with handle : data/scene_datasets/mp3d/ZMojNkEp431/ZMojNkEp431.glb
I1008 16:09:13.817009 836307 ManagedContainerBase.cpp:19] ManagedContainerBase::convertFilenameToJSON : Filename : data/scene_datasets/mp3d/ZMojNkEp431/ZMojNkEp431.glb changed to proposed JSON configuration filename : data/scene_datasets/mp3d/ZMojNkEp431/ZMojNkEp431.stage_config.json
I1008 16:09:13.817024 836307 AttributesManagerBase.h:283] AttributesManager<T>::createFromJsonOrDefaultInternal  (Stage) : Proposing JSON name : data/scene_datasets/mp3d/ZMojNkEp431/ZMojNkEp431.stage_config.json from original name : data/scene_datasets/mp3d/ZMojNkEp431/ZMojNkEp431.glb | This file  does not exist.
I1008 16:09:13.817082 836307 AbstractObjectAttributesManagerBase.h:181] AbstractObjectAttributesManager<T>::createObject  (Stage) : Done making attributes with handle : data/scene_datasets/mp3d/ZMojNkEp431/ZMojNkEp431.glb
I1008 16:09:13.817083 836307 AbstractObjectAttributesManagerBase.h:188] File (data/scene_datasets/mp3d/ZMojNkEp431/ZMojNkEp431.glb) exists but is not a recognized config filename extension, so new default Stage attributes created and registered.
I1008 16:09:13.817087 836307 Simulator.cpp:156] Loading navmesh from data/scene_datasets/mp3d/ZMojNkEp431/ZMojNkEp431.navmesh
I1008 16:09:13.817261 836307 Simulator.cpp:158] Loaded.
I1008 16:09:13.817271 836307 SceneGraph.h:93] Created DrawableGroup: 
I1008 16:09:13.821519 836307 ResourceManager.cpp:234] ResourceManager::loadStage : Not loading semantic mesh
I1008 16:09:13.821529 836307 ResourceManager.cpp:262] ResourceManager::loadStage : start load render asset data/scene_datasets/mp3d/ZMojNkEp431/ZMojNkEp431.glb.
I1008 16:09:13.821530 836307 ResourceManager.cpp:569] ResourceManager::loadStageInternal : Attempting to load stage data/scene_datasets/mp3d/ZMojNkEp431/ZMojNkEp431.glb 
I1008 16:09:13.821554 836307 ResourceManager.cpp:1119] Importing Basis files as BC7 for ZMojNkEp431.glb
W1008 16:09:15.236492 836307 Simulator.cpp:248] :
---
 The active scene does not contain semantic annotations. 
---
I1008 16:09:15.292212 836307 simulator.py:213] Loaded navmesh data/scene_datasets/mp3d/ZMojNkEp431/ZMojNkEp431.navmesh
I1008 16:09:17.120199 836307 PhysicsManager.cpp:33] Deconstructing PhysicsManager
I1008 16:09:17.120237 836307 SemanticScene.h:41] Deconstructing SemanticScene
I1008 16:09:17.128752 836307 SceneManager.h:25] Deconstructing SceneManager
I1008 16:09:17.128782 836307 SceneGraph.h:26] Deconstructing SceneGraph
I1008 16:09:17.129217 836307 Sensor.h:87] Deconstructing Sensor
I1008 16:09:17.130918 836307 Sensor.h:87] Deconstructing Sensor
I1008 16:09:17.131067 836307 Sensor.h:87] Deconstructing Sensor
I1008 16:09:17.131199 836307 Sensor.h:87] Deconstructing Sensor
I1008 16:09:17.131328 836307 Sensor.h:87] Deconstructing Sensor
I1008 16:09:17.131456 836307 Sensor.h:87] Deconstructing Sensor
I1008 16:09:17.131589 836307 Sensor.h:87] Deconstructing Sensor
I1008 16:09:17.131716 836307 Sensor.h:87] Deconstructing Sensor
I1008 16:09:17.131860 836307 Sensor.h:87] Deconstructing Sensor
I1008 16:09:17.131997 836307 Sensor.h:87] Deconstructing Sensor
I1008 16:09:17.132140 836307 Sensor.h:87] Deconstructing Sensor
I1008 16:09:17.132272 836307 Sensor.h:87] Deconstructing Sensor
I1008 16:09:17.132401 836307 Sensor.h:87] Deconstructing Sensor
I1008 16:09:17.132586 836307 Sensor.h:87] Deconstructing Sensor
I1008 16:09:17.132761 836307 Sensor.h:87] Deconstructing Sensor
I1008 16:09:17.132920 836307 Sensor.h:87] Deconstructing Sensor
I1008 16:09:17.133082 836307 Sensor.h:87] Deconstructing Sensor
I1008 16:09:17.133244 836307 Sensor.h:87] Deconstructing Sensor
I1008 16:09:17.133406 836307 Sensor.h:87] Deconstructing Sensor
I1008 16:09:17.133570 836307 Sensor.h:87] Deconstructing Sensor
I1008 16:09:17.133736 836307 Sensor.h:87] Deconstructing Sensor
I1008 16:09:17.133893 836307 Sensor.h:87] Deconstructing Sensor
I1008 16:09:17.134053 836307 Sensor.h:87] Deconstructing Sensor
I1008 16:09:17.134155 836307 Sensor.h:87] Deconstructing Sensor
I1008 16:09:17.140906 836307 Renderer.cpp:34] Deconstructing Renderer
I1008 16:09:17.140955 836307 WindowlessContext.h:17] Deconstructing WindowlessContext
I1008 16:09:17.145659 836307 MetadataMediator.cpp:56] MetadataMediator::setActiveSceneDatasetName : Old active dataset default changed to default successfully.
I1008 16:09:17.148154 836307 AttributesManagerBase.h:283] AttributesManager<T>::createFromJsonOrDefaultInternal  (Physics Manager) : Proposing JSON name : ./data/default.physics_config.json from original name : ./data/default.physics_config.json | This file  does not exist.
I1008 16:09:17.148213 836307 PhysicsAttributesManager.cpp:27] File (./data/default.physics_config.json) not found, so new default physics manager attributes created and registered.
I1008 16:09:17.148241 836307 AbstractObjectAttributesManagerBase.h:175] AbstractObjectAttributesManager<T>::createObject  (Stage) : Making attributes with handle : data/scene_datasets/mp3d/pRbA3pwrgk9/pRbA3pwrgk9.glb
I1008 16:09:17.148245 836307 ManagedContainerBase.cpp:19] ManagedContainerBase::convertFilenameToJSON : Filename : data/scene_datasets/mp3d/pRbA3pwrgk9/pRbA3pwrgk9.glb changed to proposed JSON configuration filename : data/scene_datasets/mp3d/pRbA3pwrgk9/pRbA3pwrgk9.stage_config.json
I1008 16:09:17.148264 836307 AttributesManagerBase.h:283] AttributesManager<T>::createFromJsonOrDefaultInternal  (Stage) : Proposing JSON name : data/scene_datasets/mp3d/pRbA3pwrgk9/pRbA3pwrgk9.stage_config.json from original name : data/scene_datasets/mp3d/pRbA3pwrgk9/pRbA3pwrgk9.glb | This file  does not exist.
I1008 16:09:17.148326 836307 AbstractObjectAttributesManagerBase.h:181] AbstractObjectAttributesManager<T>::createObject  (Stage) : Done making attributes with handle : data/scene_datasets/mp3d/pRbA3pwrgk9/pRbA3pwrgk9.glb
I1008 16:09:17.148329 836307 AbstractObjectAttributesManagerBase.h:188] File (data/scene_datasets/mp3d/pRbA3pwrgk9/pRbA3pwrgk9.glb) exists but is not a recognized config filename extension, so new default Stage attributes created and registered.
I1008 16:09:17.148332 836307 Simulator.cpp:156] Loading navmesh from data/scene_datasets/mp3d/pRbA3pwrgk9/pRbA3pwrgk9.navmesh
I1008 16:09:17.149232 836307 Simulator.cpp:158] Loaded.
I1008 16:09:17.149260 836307 SceneGraph.h:93] Created DrawableGroup: 
I1008 16:09:17.153944 836307 ResourceManager.cpp:234] ResourceManager::loadStage : Not loading semantic mesh
I1008 16:09:17.153961 836307 ResourceManager.cpp:262] ResourceManager::loadStage : start load render asset data/scene_datasets/mp3d/pRbA3pwrgk9/pRbA3pwrgk9.glb.
I1008 16:09:17.153963 836307 ResourceManager.cpp:569] ResourceManager::loadStageInternal : Attempting to load stage data/scene_datasets/mp3d/pRbA3pwrgk9/pRbA3pwrgk9.glb 
I1008 16:09:17.153990 836307 ResourceManager.cpp:1119] Importing Basis files as BC7 for pRbA3pwrgk9.glb
W1008 16:09:18.463955 836307 Simulator.cpp:248] :
---
 The active scene does not contain semantic annotations. 
---
I1008 16:09:18.536021 836307 simulator.py:213] Loaded navmesh data/scene_datasets/mp3d/pRbA3pwrgk9/pRbA3pwrgk9.navmesh
I1008 16:09:20.465571 836307 PhysicsManager.cpp:33] Deconstructing PhysicsManager
I1008 16:09:20.465619 836307 SemanticScene.h:41] Deconstructing SemanticScene
I1008 16:09:20.471328 836307 SceneManager.h:25] Deconstructing SceneManager
I1008 16:09:20.471350 836307 SceneGraph.h:26] Deconstructing SceneGraph
I1008 16:09:20.471801 836307 Sensor.h:87] Deconstructing Sensor
I1008 16:09:20.472759 836307 Sensor.h:87] Deconstructing Sensor
I1008 16:09:20.472882 836307 Sensor.h:87] Deconstructing Sensor
I1008 16:09:20.473011 836307 Sensor.h:87] Deconstructing Sensor
I1008 16:09:20.473125 836307 Sensor.h:87] Deconstructing Sensor
I1008 16:09:20.473241 836307 Sensor.h:87] Deconstructing Sensor
I1008 16:09:20.473352 836307 Sensor.h:87] Deconstructing Sensor
I1008 16:09:20.473459 836307 Sensor.h:87] Deconstructing Sensor
I1008 16:09:20.473577 836307 Sensor.h:87] Deconstructing Sensor
I1008 16:09:20.473701 836307 Sensor.h:87] Deconstructing Sensor
I1008 16:09:20.473814 836307 Sensor.h:87] Deconstructing Sensor
I1008 16:09:20.473928 836307 Sensor.h:87] Deconstructing Sensor
I1008 16:09:20.474042 836307 Sensor.h:87] Deconstructing Sensor
I1008 16:09:20.474179 836307 Sensor.h:87] Deconstructing Sensor
I1008 16:09:20.474314 836307 Sensor.h:87] Deconstructing Sensor
I1008 16:09:20.474453 836307 Sensor.h:87] Deconstructing Sensor
I1008 16:09:20.474594 836307 Sensor.h:87] Deconstructing Sensor
I1008 16:09:20.474740 836307 Sensor.h:87] Deconstructing Sensor
I1008 16:09:20.474892 836307 Sensor.h:87] Deconstructing Sensor
I1008 16:09:20.475037 836307 Sensor.h:87] Deconstructing Sensor
I1008 16:09:20.475179 836307 Sensor.h:87] Deconstructing Sensor
I1008 16:09:20.475325 836307 Sensor.h:87] Deconstructing Sensor
I1008 16:09:20.475495 836307 Sensor.h:87] Deconstructing Sensor
I1008 16:09:20.475701 836307 Sensor.h:87] Deconstructing Sensor
I1008 16:09:20.482679 836307 Renderer.cpp:34] Deconstructing Renderer
I1008 16:09:20.482709 836307 WindowlessContext.h:17] Deconstructing WindowlessContext
I1008 16:09:20.485879 836307 MetadataMediator.cpp:56] MetadataMediator::setActiveSceneDatasetName : Old active dataset default changed to default successfully.
I1008 16:09:20.487398 836307 AttributesManagerBase.h:283] AttributesManager<T>::createFromJsonOrDefaultInternal  (Physics Manager) : Proposing JSON name : ./data/default.physics_config.json from original name : ./data/default.physics_config.json | This file  does not exist.
I1008 16:09:20.487432 836307 PhysicsAttributesManager.cpp:27] File (./data/default.physics_config.json) not found, so new default physics manager attributes created and registered.
I1008 16:09:20.487439 836307 AbstractObjectAttributesManagerBase.h:175] AbstractObjectAttributesManager<T>::createObject  (Stage) : Making attributes with handle : data/scene_datasets/mp3d/D7N2EKCX4Sj/D7N2EKCX4Sj.glb
I1008 16:09:20.487442 836307 ManagedContainerBase.cpp:19] ManagedContainerBase::convertFilenameToJSON : Filename : data/scene_datasets/mp3d/D7N2EKCX4Sj/D7N2EKCX4Sj.glb changed to proposed JSON configuration filename : data/scene_datasets/mp3d/D7N2EKCX4Sj/D7N2EKCX4Sj.stage_config.json
I1008 16:09:20.487462 836307 AttributesManagerBase.h:283] AttributesManager<T>::createFromJsonOrDefaultInternal  (Stage) : Proposing JSON name : data/scene_datasets/mp3d/D7N2EKCX4Sj/D7N2EKCX4Sj.stage_config.json from original name : data/scene_datasets/mp3d/D7N2EKCX4Sj/D7N2EKCX4Sj.glb | This file  does not exist.
I1008 16:09:20.487514 836307 AbstractObjectAttributesManagerBase.h:181] AbstractObjectAttributesManager<T>::createObject  (Stage) : Done making attributes with handle : data/scene_datasets/mp3d/D7N2EKCX4Sj/D7N2EKCX4Sj.glb
I1008 16:09:20.487515 836307 AbstractObjectAttributesManagerBase.h:188] File (data/scene_datasets/mp3d/D7N2EKCX4Sj/D7N2EKCX4Sj.glb) exists but is not a recognized config filename extension, so new default Stage attributes created and registered.
I1008 16:09:20.487519 836307 Simulator.cpp:156] Loading navmesh from data/scene_datasets/mp3d/D7N2EKCX4Sj/D7N2EKCX4Sj.navmesh
I1008 16:09:20.487960 836307 Simulator.cpp:158] Loaded.
I1008 16:09:20.487970 836307 SceneGraph.h:93] Created DrawableGroup: 
I1008 16:09:20.492069 836307 ResourceManager.cpp:234] ResourceManager::loadStage : Not loading semantic mesh
I1008 16:09:20.492082 836307 ResourceManager.cpp:262] ResourceManager::loadStage : start load render asset data/scene_datasets/mp3d/D7N2EKCX4Sj/D7N2EKCX4Sj.glb.
I1008 16:09:20.492084 836307 ResourceManager.cpp:569] ResourceManager::loadStageInternal : Attempting to load stage data/scene_datasets/mp3d/D7N2EKCX4Sj/D7N2EKCX4Sj.glb 
I1008 16:09:20.492108 836307 ResourceManager.cpp:1119] Importing Basis files as BC7 for D7N2EKCX4Sj.glb
W1008 16:09:25.372725 836307 Simulator.cpp:248] :
---
 The active scene does not contain semantic annotations. 
---
I1008 16:09:25.510470 836307 simulator.py:213] Loaded navmesh data/scene_datasets/mp3d/D7N2EKCX4Sj/D7N2EKCX4Sj.navmesh
I1008 16:09:27.420766 836307 PhysicsManager.cpp:33] Deconstructing PhysicsManager
I1008 16:09:27.420795 836307 SemanticScene.h:41] Deconstructing SemanticScene
I1008 16:09:27.434958 836307 SceneManager.h:25] Deconstructing SceneManager
I1008 16:09:27.434986 836307 SceneGraph.h:26] Deconstructing SceneGraph
I1008 16:09:27.435600 836307 Sensor.h:87] Deconstructing Sensor
I1008 16:09:27.436617 836307 Sensor.h:87] Deconstructing Sensor
I1008 16:09:27.436753 836307 Sensor.h:87] Deconstructing Sensor
I1008 16:09:27.436882 836307 Sensor.h:87] Deconstructing Sensor
I1008 16:09:27.437000 836307 Sensor.h:87] Deconstructing Sensor
I1008 16:09:27.437115 836307 Sensor.h:87] Deconstructing Sensor
I1008 16:09:27.437233 836307 Sensor.h:87] Deconstructing Sensor
I1008 16:09:27.437347 836307 Sensor.h:87] Deconstructing Sensor
I1008 16:09:27.437464 836307 Sensor.h:87] Deconstructing Sensor
I1008 16:09:27.437592 836307 Sensor.h:87] Deconstructing Sensor
I1008 16:09:27.437722 836307 Sensor.h:87] Deconstructing Sensor
I1008 16:09:27.437839 836307 Sensor.h:87] Deconstructing Sensor
I1008 16:09:27.437949 836307 Sensor.h:87] Deconstructing Sensor
I1008 16:09:27.438086 836307 Sensor.h:87] Deconstructing Sensor
I1008 16:09:27.438222 836307 Sensor.h:87] Deconstructing Sensor
I1008 16:09:27.438356 836307 Sensor.h:87] Deconstructing Sensor
I1008 16:09:27.438490 836307 Sensor.h:87] Deconstructing Sensor
I1008 16:09:27.438618 836307 Sensor.h:87] Deconstructing Sensor
I1008 16:09:27.438746 836307 Sensor.h:87] Deconstructing Sensor
I1008 16:09:27.438879 836307 Sensor.h:87] Deconstructing Sensor
I1008 16:09:27.439000 836307 Sensor.h:87] Deconstructing Sensor
I1008 16:09:27.439126 836307 Sensor.h:87] Deconstructing Sensor
I1008 16:09:27.439260 836307 Sensor.h:87] Deconstructing Sensor
I1008 16:09:27.439363 836307 Sensor.h:87] Deconstructing Sensor
I1008 16:09:27.447872 836307 Renderer.cpp:34] Deconstructing Renderer
I1008 16:09:27.447898 836307 WindowlessContext.h:17] Deconstructing WindowlessContext
I1008 16:09:27.455004 836307 MetadataMediator.cpp:56] MetadataMediator::setActiveSceneDatasetName : Old active dataset default changed to default successfully.
I1008 16:09:27.457546 836307 AttributesManagerBase.h:283] AttributesManager<T>::createFromJsonOrDefaultInternal  (Physics Manager) : Proposing JSON name : ./data/default.physics_config.json from original name : ./data/default.physics_config.json | This file  does not exist.
I1008 16:09:27.457604 836307 PhysicsAttributesManager.cpp:27] File (./data/default.physics_config.json) not found, so new default physics manager attributes created and registered.
I1008 16:09:27.457614 836307 AbstractObjectAttributesManagerBase.h:175] AbstractObjectAttributesManager<T>::createObject  (Stage) : Making attributes with handle : data/scene_datasets/mp3d/JmbYfDe2QKZ/JmbYfDe2QKZ.glb
I1008 16:09:27.457619 836307 ManagedContainerBase.cpp:19] ManagedContainerBase::convertFilenameToJSON : Filename : data/scene_datasets/mp3d/JmbYfDe2QKZ/JmbYfDe2QKZ.glb changed to proposed JSON configuration filename : data/scene_datasets/mp3d/JmbYfDe2QKZ/JmbYfDe2QKZ.stage_config.json
I1008 16:09:27.457644 836307 AttributesManagerBase.h:283] AttributesManager<T>::createFromJsonOrDefaultInternal  (Stage) : Proposing JSON name : data/scene_datasets/mp3d/JmbYfDe2QKZ/JmbYfDe2QKZ.stage_config.json from original name : data/scene_datasets/mp3d/JmbYfDe2QKZ/JmbYfDe2QKZ.glb | This file  does not exist.
I1008 16:09:27.457708 836307 AbstractObjectAttributesManagerBase.h:181] AbstractObjectAttributesManager<T>::createObject  (Stage) : Done making attributes with handle : data/scene_datasets/mp3d/JmbYfDe2QKZ/JmbYfDe2QKZ.glb
I1008 16:09:27.457710 836307 AbstractObjectAttributesManagerBase.h:188] File (data/scene_datasets/mp3d/JmbYfDe2QKZ/JmbYfDe2QKZ.glb) exists but is not a recognized config filename extension, so new default Stage attributes created and registered.
I1008 16:09:27.457715 836307 Simulator.cpp:156] Loading navmesh from data/scene_datasets/mp3d/JmbYfDe2QKZ/JmbYfDe2QKZ.navmesh
I1008 16:09:27.457849 836307 Simulator.cpp:158] Loaded.
I1008 16:09:27.457854 836307 SceneGraph.h:93] Created DrawableGroup: 
I1008 16:09:27.464751 836307 ResourceManager.cpp:234] ResourceManager::loadStage : Not loading semantic mesh
I1008 16:09:27.464764 836307 ResourceManager.cpp:262] ResourceManager::loadStage : start load render asset data/scene_datasets/mp3d/JmbYfDe2QKZ/JmbYfDe2QKZ.glb.
I1008 16:09:27.464766 836307 ResourceManager.cpp:569] ResourceManager::loadStageInternal : Attempting to load stage data/scene_datasets/mp3d/JmbYfDe2QKZ/JmbYfDe2QKZ.glb 
I1008 16:09:27.464792 836307 ResourceManager.cpp:1119] Importing Basis files as BC7 for JmbYfDe2QKZ.glb
W1008 16:09:28.652761 836307 Simulator.cpp:248] :
---
 The active scene does not contain semantic annotations. 
---
I1008 16:09:28.718624 836307 simulator.py:213] Loaded navmesh data/scene_datasets/mp3d/JmbYfDe2QKZ/JmbYfDe2QKZ.navmesh
I1008 16:09:30.140995 836307 PhysicsManager.cpp:33] Deconstructing PhysicsManager
I1008 16:09:30.141032 836307 SemanticScene.h:41] Deconstructing SemanticScene
I1008 16:09:30.146732 836307 SceneManager.h:25] Deconstructing SceneManager
I1008 16:09:30.146750 836307 SceneGraph.h:26] Deconstructing SceneGraph
I1008 16:09:30.147228 836307 Sensor.h:87] Deconstructing Sensor
I1008 16:09:30.147907 836307 Sensor.h:87] Deconstructing Sensor
I1008 16:09:30.148030 836307 Sensor.h:87] Deconstructing Sensor
I1008 16:09:30.148150 836307 Sensor.h:87] Deconstructing Sensor
I1008 16:09:30.148267 836307 Sensor.h:87] Deconstructing Sensor
I1008 16:09:30.148383 836307 Sensor.h:87] Deconstructing Sensor
I1008 16:09:30.148500 836307 Sensor.h:87] Deconstructing Sensor
I1008 16:09:30.148613 836307 Sensor.h:87] Deconstructing Sensor
I1008 16:09:30.148746 836307 Sensor.h:87] Deconstructing Sensor
I1008 16:09:30.148865 836307 Sensor.h:87] Deconstructing Sensor
I1008 16:09:30.148970 836307 Sensor.h:87] Deconstructing Sensor
I1008 16:09:30.149073 836307 Sensor.h:87] Deconstructing Sensor
I1008 16:09:30.149175 836307 Sensor.h:87] Deconstructing Sensor
I1008 16:09:30.149310 836307 Sensor.h:87] Deconstructing Sensor
I1008 16:09:30.149467 836307 Sensor.h:87] Deconstructing Sensor
I1008 16:09:30.149596 836307 Sensor.h:87] Deconstructing Sensor
I1008 16:09:30.149734 836307 Sensor.h:87] Deconstructing Sensor
I1008 16:09:30.149861 836307 Sensor.h:87] Deconstructing Sensor
I1008 16:09:30.149998 836307 Sensor.h:87] Deconstructing Sensor
I1008 16:09:30.150243 836307 Sensor.h:87] Deconstructing Sensor
I1008 16:09:30.150375 836307 Sensor.h:87] Deconstructing Sensor
I1008 16:09:30.150517 836307 Sensor.h:87] Deconstructing Sensor
I1008 16:09:30.150653 836307 Sensor.h:87] Deconstructing Sensor
I1008 16:09:30.150766 836307 Sensor.h:87] Deconstructing Sensor
I1008 16:09:30.154979 836307 Renderer.cpp:34] Deconstructing Renderer
I1008 16:09:30.155007 836307 WindowlessContext.h:17] Deconstructing WindowlessContext
I1008 16:09:30.158129 836307 MetadataMediator.cpp:56] MetadataMediator::setActiveSceneDatasetName : Old active dataset default changed to default successfully.
I1008 16:09:30.160140 836307 AttributesManagerBase.h:283] AttributesManager<T>::createFromJsonOrDefaultInternal  (Physics Manager) : Proposing JSON name : ./data/default.physics_config.json from original name : ./data/default.physics_config.json | This file  does not exist.
I1008 16:09:30.160189 836307 PhysicsAttributesManager.cpp:27] File (./data/default.physics_config.json) not found, so new default physics manager attributes created and registered.
I1008 16:09:30.160197 836307 AbstractObjectAttributesManagerBase.h:175] AbstractObjectAttributesManager<T>::createObject  (Stage) : Making attributes with handle : data/scene_datasets/mp3d/pRbA3pwrgk9/pRbA3pwrgk9.glb
I1008 16:09:30.160223 836307 ManagedContainerBase.cpp:19] ManagedContainerBase::convertFilenameToJSON : Filename : data/scene_datasets/mp3d/pRbA3pwrgk9/pRbA3pwrgk9.glb changed to proposed JSON configuration filename : data/scene_datasets/mp3d/pRbA3pwrgk9/pRbA3pwrgk9.stage_config.json
I1008 16:09:30.160244 836307 AttributesManagerBase.h:283] AttributesManager<T>::createFromJsonOrDefaultInternal  (Stage) : Proposing JSON name : data/scene_datasets/mp3d/pRbA3pwrgk9/pRbA3pwrgk9.stage_config.json from original name : data/scene_datasets/mp3d/pRbA3pwrgk9/pRbA3pwrgk9.glb | This file  does not exist.
I1008 16:09:30.160305 836307 AbstractObjectAttributesManagerBase.h:181] AbstractObjectAttributesManager<T>::createObject  (Stage) : Done making attributes with handle : data/scene_datasets/mp3d/pRbA3pwrgk9/pRbA3pwrgk9.glb
I1008 16:09:30.160306 836307 AbstractObjectAttributesManagerBase.h:188] File (data/scene_datasets/mp3d/pRbA3pwrgk9/pRbA3pwrgk9.glb) exists but is not a recognized config filename extension, so new default Stage attributes created and registered.
I1008 16:09:30.160311 836307 Simulator.cpp:156] Loading navmesh from data/scene_datasets/mp3d/pRbA3pwrgk9/pRbA3pwrgk9.navmesh
I1008 16:09:30.160499 836307 Simulator.cpp:158] Loaded.
I1008 16:09:30.160508 836307 SceneGraph.h:93] Created DrawableGroup: 
I1008 16:09:30.164740 836307 ResourceManager.cpp:234] ResourceManager::loadStage : Not loading semantic mesh
I1008 16:09:30.164752 836307 ResourceManager.cpp:262] ResourceManager::loadStage : start load render asset data/scene_datasets/mp3d/pRbA3pwrgk9/pRbA3pwrgk9.glb.
I1008 16:09:30.164754 836307 ResourceManager.cpp:569] ResourceManager::loadStageInternal : Attempting to load stage data/scene_datasets/mp3d/pRbA3pwrgk9/pRbA3pwrgk9.glb 
I1008 16:09:30.164783 836307 ResourceManager.cpp:1119] Importing Basis files as BC7 for pRbA3pwrgk9.glb
W1008 16:09:31.423627 836307 Simulator.cpp:248] :
---
 The active scene does not contain semantic annotations. 
---
I1008 16:09:31.490517 836307 simulator.py:213] Loaded navmesh data/scene_datasets/mp3d/pRbA3pwrgk9/pRbA3pwrgk9.navmesh
I1008 16:09:32.478318 836307 PhysicsManager.cpp:33] Deconstructing PhysicsManager
I1008 16:09:32.478348 836307 SemanticScene.h:41] Deconstructing SemanticScene
I1008 16:09:32.484031 836307 SceneManager.h:25] Deconstructing SceneManager
I1008 16:09:32.484046 836307 SceneGraph.h:26] Deconstructing SceneGraph
I1008 16:09:32.484485 836307 Sensor.h:87] Deconstructing Sensor
I1008 16:09:32.485206 836307 Sensor.h:87] Deconstructing Sensor
I1008 16:09:32.485329 836307 Sensor.h:87] Deconstructing Sensor
I1008 16:09:32.485456 836307 Sensor.h:87] Deconstructing Sensor
I1008 16:09:32.485574 836307 Sensor.h:87] Deconstructing Sensor
I1008 16:09:32.485692 836307 Sensor.h:87] Deconstructing Sensor
I1008 16:09:32.485810 836307 Sensor.h:87] Deconstructing Sensor
I1008 16:09:32.485914 836307 Sensor.h:87] Deconstructing Sensor
I1008 16:09:32.486027 836307 Sensor.h:87] Deconstructing Sensor
I1008 16:09:32.486135 836307 Sensor.h:87] Deconstructing Sensor
I1008 16:09:32.486239 836307 Sensor.h:87] Deconstructing Sensor
I1008 16:09:32.486349 836307 Sensor.h:87] Deconstructing Sensor
I1008 16:09:32.486452 836307 Sensor.h:87] Deconstructing Sensor
I1008 16:09:32.486598 836307 Sensor.h:87] Deconstructing Sensor
I1008 16:09:32.486768 836307 Sensor.h:87] Deconstructing Sensor
I1008 16:09:32.486896 836307 Sensor.h:87] Deconstructing Sensor
I1008 16:09:32.487027 836307 Sensor.h:87] Deconstructing Sensor
I1008 16:09:32.487154 836307 Sensor.h:87] Deconstructing Sensor
I1008 16:09:32.487289 836307 Sensor.h:87] Deconstructing Sensor
I1008 16:09:32.487421 836307 Sensor.h:87] Deconstructing Sensor
I1008 16:09:32.487545 836307 Sensor.h:87] Deconstructing Sensor
I1008 16:09:32.487690 836307 Sensor.h:87] Deconstructing Sensor
I1008 16:09:32.487825 836307 Sensor.h:87] Deconstructing Sensor
I1008 16:09:32.487913 836307 Sensor.h:87] Deconstructing Sensor
I1008 16:09:32.496240 836307 Renderer.cpp:34] Deconstructing Renderer
I1008 16:09:32.496282 836307 WindowlessContext.h:17] Deconstructing WindowlessContext
I1008 16:09:32.502326 836307 MetadataMediator.cpp:56] MetadataMediator::setActiveSceneDatasetName : Old active dataset default changed to default successfully.
I1008 16:09:32.504204 836307 AttributesManagerBase.h:283] AttributesManager<T>::createFromJsonOrDefaultInternal  (Physics Manager) : Proposing JSON name : ./data/default.physics_config.json from original name : ./data/default.physics_config.json | This file  does not exist.
I1008 16:09:32.504245 836307 PhysicsAttributesManager.cpp:27] File (./data/default.physics_config.json) not found, so new default physics manager attributes created and registered.
I1008 16:09:32.504251 836307 AbstractObjectAttributesManagerBase.h:175] AbstractObjectAttributesManager<T>::createObject  (Stage) : Making attributes with handle : data/scene_datasets/mp3d/qoiz87JEwZ2/qoiz87JEwZ2.glb
I1008 16:09:32.504256 836307 ManagedContainerBase.cpp:19] ManagedContainerBase::convertFilenameToJSON : Filename : data/scene_datasets/mp3d/qoiz87JEwZ2/qoiz87JEwZ2.glb changed to proposed JSON configuration filename : data/scene_datasets/mp3d/qoiz87JEwZ2/qoiz87JEwZ2.stage_config.json
I1008 16:09:32.504272 836307 AttributesManagerBase.h:283] AttributesManager<T>::createFromJsonOrDefaultInternal  (Stage) : Proposing JSON name : data/scene_datasets/mp3d/qoiz87JEwZ2/qoiz87JEwZ2.stage_config.json from original name : data/scene_datasets/mp3d/qoiz87JEwZ2/qoiz87JEwZ2.glb | This file  does not exist.
I1008 16:09:32.504341 836307 AbstractObjectAttributesManagerBase.h:181] AbstractObjectAttributesManager<T>::createObject  (Stage) : Done making attributes with handle : data/scene_datasets/mp3d/qoiz87JEwZ2/qoiz87JEwZ2.glb
I1008 16:09:32.504343 836307 AbstractObjectAttributesManagerBase.h:188] File (data/scene_datasets/mp3d/qoiz87JEwZ2/qoiz87JEwZ2.glb) exists but is not a recognized config filename extension, so new default Stage attributes created and registered.
I1008 16:09:32.504346 836307 Simulator.cpp:156] Loading navmesh from data/scene_datasets/mp3d/qoiz87JEwZ2/qoiz87JEwZ2.navmesh
I1008 16:09:32.504519 836307 Simulator.cpp:158] Loaded.
I1008 16:09:32.504527 836307 SceneGraph.h:93] Created DrawableGroup: 
I1008 16:09:32.509188 836307 ResourceManager.cpp:234] ResourceManager::loadStage : Not loading semantic mesh
I1008 16:09:32.509205 836307 ResourceManager.cpp:262] ResourceManager::loadStage : start load render asset data/scene_datasets/mp3d/qoiz87JEwZ2/qoiz87JEwZ2.glb.
I1008 16:09:32.509207 836307 ResourceManager.cpp:569] ResourceManager::loadStageInternal : Attempting to load stage data/scene_datasets/mp3d/qoiz87JEwZ2/qoiz87JEwZ2.glb 
I1008 16:09:32.509231 836307 ResourceManager.cpp:1119] Importing Basis files as BC7 for qoiz87JEwZ2.glb
W1008 16:09:34.418001 836307 Simulator.cpp:248] :
---
 The active scene does not contain semantic annotations. 
---
I1008 16:09:34.488408 836307 simulator.py:213] Loaded navmesh data/scene_datasets/mp3d/qoiz87JEwZ2/qoiz87JEwZ2.navmesh
I1008 16:09:35.134028 836307 PhysicsManager.cpp:33] Deconstructing PhysicsManager
I1008 16:09:35.134056 836307 SemanticScene.h:41] Deconstructing SemanticScene
I1008 16:09:35.140209 836307 SceneManager.h:25] Deconstructing SceneManager
I1008 16:09:35.140225 836307 SceneGraph.h:26] Deconstructing SceneGraph
I1008 16:09:35.140671 836307 Sensor.h:87] Deconstructing Sensor
I1008 16:09:35.141422 836307 Sensor.h:87] Deconstructing Sensor
I1008 16:09:35.141544 836307 Sensor.h:87] Deconstructing Sensor
I1008 16:09:35.141669 836307 Sensor.h:87] Deconstructing Sensor
I1008 16:09:35.141782 836307 Sensor.h:87] Deconstructing Sensor
I1008 16:09:35.141896 836307 Sensor.h:87] Deconstructing Sensor
I1008 16:09:35.142005 836307 Sensor.h:87] Deconstructing Sensor
I1008 16:09:35.142108 836307 Sensor.h:87] Deconstructing Sensor
I1008 16:09:35.142212 836307 Sensor.h:87] Deconstructing Sensor
I1008 16:09:35.142311 836307 Sensor.h:87] Deconstructing Sensor
I1008 16:09:35.142413 836307 Sensor.h:87] Deconstructing Sensor
I1008 16:09:35.142519 836307 Sensor.h:87] Deconstructing Sensor
I1008 16:09:35.142623 836307 Sensor.h:87] Deconstructing Sensor
I1008 16:09:35.142767 836307 Sensor.h:87] Deconstructing Sensor
I1008 16:09:35.142899 836307 Sensor.h:87] Deconstructing Sensor
I1008 16:09:35.143025 836307 Sensor.h:87] Deconstructing Sensor
I1008 16:09:35.143181 836307 Sensor.h:87] Deconstructing Sensor
I1008 16:09:35.143306 836307 Sensor.h:87] Deconstructing Sensor
I1008 16:09:35.143433 836307 Sensor.h:87] Deconstructing Sensor
I1008 16:09:35.143566 836307 Sensor.h:87] Deconstructing Sensor
I1008 16:09:35.143693 836307 Sensor.h:87] Deconstructing Sensor
I1008 16:09:35.143816 836307 Sensor.h:87] Deconstructing Sensor
I1008 16:09:35.143949 836307 Sensor.h:87] Deconstructing Sensor
I1008 16:09:35.144038 836307 Sensor.h:87] Deconstructing Sensor
I1008 16:09:35.149175 836307 Renderer.cpp:34] Deconstructing Renderer
I1008 16:09:35.149199 836307 WindowlessContext.h:17] Deconstructing WindowlessContext
I1008 16:09:35.153201 836307 MetadataMediator.cpp:56] MetadataMediator::setActiveSceneDatasetName : Old active dataset default changed to default successfully.
I1008 16:09:35.154909 836307 AttributesManagerBase.h:283] AttributesManager<T>::createFromJsonOrDefaultInternal  (Physics Manager) : Proposing JSON name : ./data/default.physics_config.json from original name : ./data/default.physics_config.json | This file  does not exist.
I1008 16:09:35.154951 836307 PhysicsAttributesManager.cpp:27] File (./data/default.physics_config.json) not found, so new default physics manager attributes created and registered.
I1008 16:09:35.154973 836307 AbstractObjectAttributesManagerBase.h:175] AbstractObjectAttributesManager<T>::createObject  (Stage) : Making attributes with handle : data/scene_datasets/mp3d/2n8kARJN3HM/2n8kARJN3HM.glb
I1008 16:09:35.154976 836307 ManagedContainerBase.cpp:19] ManagedContainerBase::convertFilenameToJSON : Filename : data/scene_datasets/mp3d/2n8kARJN3HM/2n8kARJN3HM.glb changed to proposed JSON configuration filename : data/scene_datasets/mp3d/2n8kARJN3HM/2n8kARJN3HM.stage_config.json
I1008 16:09:35.154995 836307 AttributesManagerBase.h:283] AttributesManager<T>::createFromJsonOrDefaultInternal  (Stage) : Proposing JSON name : data/scene_datasets/mp3d/2n8kARJN3HM/2n8kARJN3HM.stage_config.json from original name : data/scene_datasets/mp3d/2n8kARJN3HM/2n8kARJN3HM.glb | This file  does not exist.
I1008 16:09:35.155048 836307 AbstractObjectAttributesManagerBase.h:181] AbstractObjectAttributesManager<T>::createObject  (Stage) : Done making attributes with handle : data/scene_datasets/mp3d/2n8kARJN3HM/2n8kARJN3HM.glb
I1008 16:09:35.155049 836307 AbstractObjectAttributesManagerBase.h:188] File (data/scene_datasets/mp3d/2n8kARJN3HM/2n8kARJN3HM.glb) exists but is not a recognized config filename extension, so new default Stage attributes created and registered.
I1008 16:09:35.155052 836307 Simulator.cpp:156] Loading navmesh from data/scene_datasets/mp3d/2n8kARJN3HM/2n8kARJN3HM.navmesh
I1008 16:09:35.155323 836307 Simulator.cpp:158] Loaded.
I1008 16:09:35.155334 836307 SceneGraph.h:93] Created DrawableGroup: 
I1008 16:09:35.159619 836307 ResourceManager.cpp:234] ResourceManager::loadStage : Not loading semantic mesh
I1008 16:09:35.159636 836307 ResourceManager.cpp:262] ResourceManager::loadStage : start load render asset data/scene_datasets/mp3d/2n8kARJN3HM/2n8kARJN3HM.glb.
I1008 16:09:35.159637 836307 ResourceManager.cpp:569] ResourceManager::loadStageInternal : Attempting to load stage data/scene_datasets/mp3d/2n8kARJN3HM/2n8kARJN3HM.glb 
I1008 16:09:35.159677 836307 ResourceManager.cpp:1119] Importing Basis files as BC7 for 2n8kARJN3HM.glb
W1008 16:09:38.202998 836307 Simulator.cpp:248] :
---
 The active scene does not contain semantic annotations. 
---
I1008 16:09:38.289372 836307 simulator.py:213] Loaded navmesh data/scene_datasets/mp3d/2n8kARJN3HM/2n8kARJN3HM.navmesh
I1008 16:09:39.889410 836307 PhysicsManager.cpp:33] Deconstructing PhysicsManager
I1008 16:09:39.889438 836307 SemanticScene.h:41] Deconstructing SemanticScene
I1008 16:09:39.900990 836307 SceneManager.h:25] Deconstructing SceneManager
I1008 16:09:39.901021 836307 SceneGraph.h:26] Deconstructing SceneGraph
I1008 16:09:39.901659 836307 Sensor.h:87] Deconstructing Sensor
I1008 16:09:39.902452 836307 Sensor.h:87] Deconstructing Sensor
I1008 16:09:39.902573 836307 Sensor.h:87] Deconstructing Sensor
I1008 16:09:39.902693 836307 Sensor.h:87] Deconstructing Sensor
I1008 16:09:39.902808 836307 Sensor.h:87] Deconstructing Sensor
I1008 16:09:39.902920 836307 Sensor.h:87] Deconstructing Sensor
I1008 16:09:39.903035 836307 Sensor.h:87] Deconstructing Sensor
I1008 16:09:39.903137 836307 Sensor.h:87] Deconstructing Sensor
I1008 16:09:39.903244 836307 Sensor.h:87] Deconstructing Sensor
I1008 16:09:39.903342 836307 Sensor.h:87] Deconstructing Sensor
I1008 16:09:39.903442 836307 Sensor.h:87] Deconstructing Sensor
I1008 16:09:39.903644 836307 Sensor.h:87] Deconstructing Sensor
I1008 16:09:39.903754 836307 Sensor.h:87] Deconstructing Sensor
I1008 16:09:39.903888 836307 Sensor.h:87] Deconstructing Sensor
I1008 16:09:39.904039 836307 Sensor.h:87] Deconstructing Sensor
I1008 16:09:39.904165 836307 Sensor.h:87] Deconstructing Sensor
I1008 16:09:39.904295 836307 Sensor.h:87] Deconstructing Sensor
I1008 16:09:39.904422 836307 Sensor.h:87] Deconstructing Sensor
I1008 16:09:39.904549 836307 Sensor.h:87] Deconstructing Sensor
I1008 16:09:39.904695 836307 Sensor.h:87] Deconstructing Sensor
I1008 16:09:39.904841 836307 Sensor.h:87] Deconstructing Sensor
I1008 16:09:39.905002 836307 Sensor.h:87] Deconstructing Sensor
I1008 16:09:39.905143 836307 Sensor.h:87] Deconstructing Sensor
I1008 16:09:39.905263 836307 Sensor.h:87] Deconstructing Sensor
I1008 16:09:39.912499 836307 Renderer.cpp:34] Deconstructing Renderer
I1008 16:09:39.912530 836307 WindowlessContext.h:17] Deconstructing WindowlessContext
I1008 16:09:39.918570 836307 MetadataMediator.cpp:56] MetadataMediator::setActiveSceneDatasetName : Old active dataset default changed to default successfully.
I1008 16:09:39.920701 836307 AttributesManagerBase.h:283] AttributesManager<T>::createFromJsonOrDefaultInternal  (Physics Manager) : Proposing JSON name : ./data/default.physics_config.json from original name : ./data/default.physics_config.json | This file  does not exist.
I1008 16:09:39.920739 836307 PhysicsAttributesManager.cpp:27] File (./data/default.physics_config.json) not found, so new default physics manager attributes created and registered.
I1008 16:09:39.920745 836307 AbstractObjectAttributesManagerBase.h:175] AbstractObjectAttributesManager<T>::createObject  (Stage) : Making attributes with handle : data/scene_datasets/mp3d/PX4nDJXEHrG/PX4nDJXEHrG.glb
I1008 16:09:39.920748 836307 ManagedContainerBase.cpp:19] ManagedContainerBase::convertFilenameToJSON : Filename : data/scene_datasets/mp3d/PX4nDJXEHrG/PX4nDJXEHrG.glb changed to proposed JSON configuration filename : data/scene_datasets/mp3d/PX4nDJXEHrG/PX4nDJXEHrG.stage_config.json
I1008 16:09:39.920768 836307 AttributesManagerBase.h:283] AttributesManager<T>::createFromJsonOrDefaultInternal  (Stage) : Proposing JSON name : data/scene_datasets/mp3d/PX4nDJXEHrG/PX4nDJXEHrG.stage_config.json from original name : data/scene_datasets/mp3d/PX4nDJXEHrG/PX4nDJXEHrG.glb | This file  does not exist.
I1008 16:09:39.920815 836307 AbstractObjectAttributesManagerBase.h:181] AbstractObjectAttributesManager<T>::createObject  (Stage) : Done making attributes with handle : data/scene_datasets/mp3d/PX4nDJXEHrG/PX4nDJXEHrG.glb
I1008 16:09:39.920816 836307 AbstractObjectAttributesManagerBase.h:188] File (data/scene_datasets/mp3d/PX4nDJXEHrG/PX4nDJXEHrG.glb) exists but is not a recognized config filename extension, so new default Stage attributes created and registered.
I1008 16:09:39.920820 836307 Simulator.cpp:156] Loading navmesh from data/scene_datasets/mp3d/PX4nDJXEHrG/PX4nDJXEHrG.navmesh
I1008 16:09:39.921166 836307 Simulator.cpp:158] Loaded.
I1008 16:09:39.921173 836307 SceneGraph.h:93] Created DrawableGroup: 
I1008 16:09:39.925329 836307 ResourceManager.cpp:234] ResourceManager::loadStage : Not loading semantic mesh
I1008 16:09:39.925347 836307 ResourceManager.cpp:262] ResourceManager::loadStage : start load render asset data/scene_datasets/mp3d/PX4nDJXEHrG/PX4nDJXEHrG.glb.
I1008 16:09:39.925348 836307 ResourceManager.cpp:569] ResourceManager::loadStageInternal : Attempting to load stage data/scene_datasets/mp3d/PX4nDJXEHrG/PX4nDJXEHrG.glb 
I1008 16:09:39.925380 836307 ResourceManager.cpp:1119] Importing Basis files as BC7 for PX4nDJXEHrG.glb
W1008 16:09:42.832504 836307 Simulator.cpp:248] :
---
 The active scene does not contain semantic annotations. 
---
I1008 16:09:42.945510 836307 simulator.py:213] Loaded navmesh data/scene_datasets/mp3d/PX4nDJXEHrG/PX4nDJXEHrG.navmesh
I1008 16:09:45.442659 836307 PhysicsManager.cpp:33] Deconstructing PhysicsManager
I1008 16:09:45.442727 836307 SemanticScene.h:41] Deconstructing SemanticScene
I1008 16:09:45.451097 836307 SceneManager.h:25] Deconstructing SceneManager
I1008 16:09:45.451117 836307 SceneGraph.h:26] Deconstructing SceneGraph
I1008 16:09:45.451687 836307 Sensor.h:87] Deconstructing Sensor
I1008 16:09:45.452780 836307 Sensor.h:87] Deconstructing Sensor
I1008 16:09:45.453011 836307 Sensor.h:87] Deconstructing Sensor
I1008 16:09:45.453145 836307 Sensor.h:87] Deconstructing Sensor
I1008 16:09:45.453260 836307 Sensor.h:87] Deconstructing Sensor
I1008 16:09:45.453373 836307 Sensor.h:87] Deconstructing Sensor
I1008 16:09:45.453491 836307 Sensor.h:87] Deconstructing Sensor
I1008 16:09:45.453596 836307 Sensor.h:87] Deconstructing Sensor
I1008 16:09:45.453727 836307 Sensor.h:87] Deconstructing Sensor
I1008 16:09:45.453835 836307 Sensor.h:87] Deconstructing Sensor
I1008 16:09:45.453935 836307 Sensor.h:87] Deconstructing Sensor
I1008 16:09:45.454043 836307 Sensor.h:87] Deconstructing Sensor
I1008 16:09:45.454144 836307 Sensor.h:87] Deconstructing Sensor
I1008 16:09:45.454290 836307 Sensor.h:87] Deconstructing Sensor
I1008 16:09:45.454428 836307 Sensor.h:87] Deconstructing Sensor
I1008 16:09:45.454564 836307 Sensor.h:87] Deconstructing Sensor
I1008 16:09:45.454710 836307 Sensor.h:87] Deconstructing Sensor
I1008 16:09:45.454843 836307 Sensor.h:87] Deconstructing Sensor
I1008 16:09:45.454978 836307 Sensor.h:87] Deconstructing Sensor
I1008 16:09:45.455130 836307 Sensor.h:87] Deconstructing Sensor
I1008 16:09:45.455272 836307 Sensor.h:87] Deconstructing Sensor
I1008 16:09:45.455411 836307 Sensor.h:87] Deconstructing Sensor
I1008 16:09:45.455557 836307 Sensor.h:87] Deconstructing Sensor
I1008 16:09:45.455745 836307 Sensor.h:87] Deconstructing Sensor
I1008 16:09:45.487721 836307 Renderer.cpp:34] Deconstructing Renderer
I1008 16:09:45.487782 836307 WindowlessContext.h:17] Deconstructing WindowlessContext
I1008 16:09:45.499099 836307 MetadataMediator.cpp:56] MetadataMediator::setActiveSceneDatasetName : Old active dataset default changed to default successfully.
I1008 16:09:45.502272 836307 AttributesManagerBase.h:283] AttributesManager<T>::createFromJsonOrDefaultInternal  (Physics Manager) : Proposing JSON name : ./data/default.physics_config.json from original name : ./data/default.physics_config.json | This file  does not exist.
I1008 16:09:45.502327 836307 PhysicsAttributesManager.cpp:27] File (./data/default.physics_config.json) not found, so new default physics manager attributes created and registered.
I1008 16:09:45.502334 836307 AbstractObjectAttributesManagerBase.h:175] AbstractObjectAttributesManager<T>::createObject  (Stage) : Making attributes with handle : data/scene_datasets/mp3d/JmbYfDe2QKZ/JmbYfDe2QKZ.glb
I1008 16:09:45.502337 836307 ManagedContainerBase.cpp:19] ManagedContainerBase::convertFilenameToJSON : Filename : data/scene_datasets/mp3d/JmbYfDe2QKZ/JmbYfDe2QKZ.glb changed to proposed JSON configuration filename : data/scene_datasets/mp3d/JmbYfDe2QKZ/JmbYfDe2QKZ.stage_config.json
I1008 16:09:45.502355 836307 AttributesManagerBase.h:283] AttributesManager<T>::createFromJsonOrDefaultInternal  (Stage) : Proposing JSON name : data/scene_datasets/mp3d/JmbYfDe2QKZ/JmbYfDe2QKZ.stage_config.json from original name : data/scene_datasets/mp3d/JmbYfDe2QKZ/JmbYfDe2QKZ.glb | This file  does not exist.
I1008 16:09:45.502411 836307 AbstractObjectAttributesManagerBase.h:181] AbstractObjectAttributesManager<T>::createObject  (Stage) : Done making attributes with handle : data/scene_datasets/mp3d/JmbYfDe2QKZ/JmbYfDe2QKZ.glb
I1008 16:09:45.502413 836307 AbstractObjectAttributesManagerBase.h:188] File (data/scene_datasets/mp3d/JmbYfDe2QKZ/JmbYfDe2QKZ.glb) exists but is not a recognized config filename extension, so new default Stage attributes created and registered.
I1008 16:09:45.502417 836307 Simulator.cpp:156] Loading navmesh from data/scene_datasets/mp3d/JmbYfDe2QKZ/JmbYfDe2QKZ.navmesh
I1008 16:09:45.502547 836307 Simulator.cpp:158] Loaded.
I1008 16:09:45.502552 836307 SceneGraph.h:93] Created DrawableGroup: 
I1008 16:09:45.507321 836307 ResourceManager.cpp:234] ResourceManager::loadStage : Not loading semantic mesh
I1008 16:09:45.507342 836307 ResourceManager.cpp:262] ResourceManager::loadStage : start load render asset data/scene_datasets/mp3d/JmbYfDe2QKZ/JmbYfDe2QKZ.glb.
I1008 16:09:45.507344 836307 ResourceManager.cpp:569] ResourceManager::loadStageInternal : Attempting to load stage data/scene_datasets/mp3d/JmbYfDe2QKZ/JmbYfDe2QKZ.glb 
I1008 16:09:45.507380 836307 ResourceManager.cpp:1119] Importing Basis files as BC7 for JmbYfDe2QKZ.glb
W1008 16:09:46.837410 836307 Simulator.cpp:248] :
---
 The active scene does not contain semantic annotations. 
---
I1008 16:09:46.900523 836307 simulator.py:213] Loaded navmesh data/scene_datasets/mp3d/JmbYfDe2QKZ/JmbYfDe2QKZ.navmesh
I1008 16:09:47.819494 836307 PhysicsManager.cpp:33] Deconstructing PhysicsManager
I1008 16:09:47.819520 836307 SemanticScene.h:41] Deconstructing SemanticScene
I1008 16:09:47.827239 836307 SceneManager.h:25] Deconstructing SceneManager
I1008 16:09:47.827261 836307 SceneGraph.h:26] Deconstructing SceneGraph
I1008 16:09:47.829336 836307 Sensor.h:87] Deconstructing Sensor
I1008 16:09:47.831096 836307 Sensor.h:87] Deconstructing Sensor
I1008 16:09:47.831224 836307 Sensor.h:87] Deconstructing Sensor
I1008 16:09:47.831337 836307 Sensor.h:87] Deconstructing Sensor
I1008 16:09:47.831450 836307 Sensor.h:87] Deconstructing Sensor
I1008 16:09:47.831558 836307 Sensor.h:87] Deconstructing Sensor
I1008 16:09:47.831671 836307 Sensor.h:87] Deconstructing Sensor
I1008 16:09:47.831779 836307 Sensor.h:87] Deconstructing Sensor
I1008 16:09:47.831887 836307 Sensor.h:87] Deconstructing Sensor
I1008 16:09:47.831986 836307 Sensor.h:87] Deconstructing Sensor
I1008 16:09:47.832089 836307 Sensor.h:87] Deconstructing Sensor
I1008 16:09:47.832194 836307 Sensor.h:87] Deconstructing Sensor
I1008 16:09:47.832297 836307 Sensor.h:87] Deconstructing Sensor
I1008 16:09:47.832461 836307 Sensor.h:87] Deconstructing Sensor
I1008 16:09:47.832595 836307 Sensor.h:87] Deconstructing Sensor
I1008 16:09:47.832721 836307 Sensor.h:87] Deconstructing Sensor
I1008 16:09:47.832854 836307 Sensor.h:87] Deconstructing Sensor
I1008 16:09:47.832978 836307 Sensor.h:87] Deconstructing Sensor
I1008 16:09:47.833103 836307 Sensor.h:87] Deconstructing Sensor
I1008 16:09:47.833240 836307 Sensor.h:87] Deconstructing Sensor
I1008 16:09:47.833380 836307 Sensor.h:87] Deconstructing Sensor
I1008 16:09:47.833505 836307 Sensor.h:87] Deconstructing Sensor
I1008 16:09:47.833638 836307 Sensor.h:87] Deconstructing Sensor
I1008 16:09:47.833811 836307 Sensor.h:87] Deconstructing Sensor
I1008 16:09:47.838560 836307 Renderer.cpp:34] Deconstructing Renderer
I1008 16:09:47.838584 836307 WindowlessContext.h:17] Deconstructing WindowlessContext
I1008 16:09:47.841585 836307 MetadataMediator.cpp:56] MetadataMediator::setActiveSceneDatasetName : Old active dataset default changed to default successfully.
I1008 16:09:47.843269 836307 AttributesManagerBase.h:283] AttributesManager<T>::createFromJsonOrDefaultInternal  (Physics Manager) : Proposing JSON name : ./data/default.physics_config.json from original name : ./data/default.physics_config.json | This file  does not exist.
I1008 16:09:47.843307 836307 PhysicsAttributesManager.cpp:27] File (./data/default.physics_config.json) not found, so new default physics manager attributes created and registered.
I1008 16:09:47.843312 836307 AbstractObjectAttributesManagerBase.h:175] AbstractObjectAttributesManager<T>::createObject  (Stage) : Making attributes with handle : data/scene_datasets/mp3d/2n8kARJN3HM/2n8kARJN3HM.glb
I1008 16:09:47.843317 836307 ManagedContainerBase.cpp:19] ManagedContainerBase::convertFilenameToJSON : Filename : data/scene_datasets/mp3d/2n8kARJN3HM/2n8kARJN3HM.glb changed to proposed JSON configuration filename : data/scene_datasets/mp3d/2n8kARJN3HM/2n8kARJN3HM.stage_config.json
I1008 16:09:47.843333 836307 AttributesManagerBase.h:283] AttributesManager<T>::createFromJsonOrDefaultInternal  (Stage) : Proposing JSON name : data/scene_datasets/mp3d/2n8kARJN3HM/2n8kARJN3HM.stage_config.json from original name : data/scene_datasets/mp3d/2n8kARJN3HM/2n8kARJN3HM.glb | This file  does not exist.
I1008 16:09:47.843384 836307 AbstractObjectAttributesManagerBase.h:181] AbstractObjectAttributesManager<T>::createObject  (Stage) : Done making attributes with handle : data/scene_datasets/mp3d/2n8kARJN3HM/2n8kARJN3HM.glb
I1008 16:09:47.843384 836307 AbstractObjectAttributesManagerBase.h:188] File (data/scene_datasets/mp3d/2n8kARJN3HM/2n8kARJN3HM.glb) exists but is not a recognized config filename extension, so new default Stage attributes created and registered.
I1008 16:09:47.843389 836307 Simulator.cpp:156] Loading navmesh from data/scene_datasets/mp3d/2n8kARJN3HM/2n8kARJN3HM.navmesh
I1008 16:09:47.843652 836307 Simulator.cpp:158] Loaded.
I1008 16:09:47.843675 836307 SceneGraph.h:93] Created DrawableGroup: 
I1008 16:09:47.847371 836307 ResourceManager.cpp:234] ResourceManager::loadStage : Not loading semantic mesh
I1008 16:09:47.847381 836307 ResourceManager.cpp:262] ResourceManager::loadStage : start load render asset data/scene_datasets/mp3d/2n8kARJN3HM/2n8kARJN3HM.glb.
I1008 16:09:47.847383 836307 ResourceManager.cpp:569] ResourceManager::loadStageInternal : Attempting to load stage data/scene_datasets/mp3d/2n8kARJN3HM/2n8kARJN3HM.glb 
I1008 16:09:47.847409 836307 ResourceManager.cpp:1119] Importing Basis files as BC7 for 2n8kARJN3HM.glb
W1008 16:09:50.882244 836307 Simulator.cpp:248] :
---
 The active scene does not contain semantic annotations. 
---
I1008 16:09:50.968213 836307 simulator.py:213] Loaded navmesh data/scene_datasets/mp3d/2n8kARJN3HM/2n8kARJN3HM.navmesh
I1008 16:09:53.404844 836307 PhysicsManager.cpp:33] Deconstructing PhysicsManager
I1008 16:09:53.404870 836307 SemanticScene.h:41] Deconstructing SemanticScene
I1008 16:09:53.411921 836307 SceneManager.h:25] Deconstructing SceneManager
I1008 16:09:53.411940 836307 SceneGraph.h:26] Deconstructing SceneGraph
I1008 16:09:53.412505 836307 Sensor.h:87] Deconstructing Sensor
I1008 16:09:53.413251 836307 Sensor.h:87] Deconstructing Sensor
I1008 16:09:53.413367 836307 Sensor.h:87] Deconstructing Sensor
I1008 16:09:53.413480 836307 Sensor.h:87] Deconstructing Sensor
I1008 16:09:53.413585 836307 Sensor.h:87] Deconstructing Sensor
I1008 16:09:53.413693 836307 Sensor.h:87] Deconstructing Sensor
I1008 16:09:53.413801 836307 Sensor.h:87] Deconstructing Sensor
I1008 16:09:53.413906 836307 Sensor.h:87] Deconstructing Sensor
I1008 16:09:53.414012 836307 Sensor.h:87] Deconstructing Sensor
I1008 16:09:53.414114 836307 Sensor.h:87] Deconstructing Sensor
I1008 16:09:53.414217 836307 Sensor.h:87] Deconstructing Sensor
I1008 16:09:53.414325 836307 Sensor.h:87] Deconstructing Sensor
I1008 16:09:53.414436 836307 Sensor.h:87] Deconstructing Sensor
I1008 16:09:53.414615 836307 Sensor.h:87] Deconstructing Sensor
I1008 16:09:53.414772 836307 Sensor.h:87] Deconstructing Sensor
I1008 16:09:53.414909 836307 Sensor.h:87] Deconstructing Sensor
I1008 16:09:53.415050 836307 Sensor.h:87] Deconstructing Sensor
I1008 16:09:53.415190 836307 Sensor.h:87] Deconstructing Sensor
I1008 16:09:53.415321 836307 Sensor.h:87] Deconstructing Sensor
I1008 16:09:53.415447 836307 Sensor.h:87] Deconstructing Sensor
I1008 16:09:53.415571 836307 Sensor.h:87] Deconstructing Sensor
I1008 16:09:53.415702 836307 Sensor.h:87] Deconstructing Sensor
I1008 16:09:53.415835 836307 Sensor.h:87] Deconstructing Sensor
I1008 16:09:53.415916 836307 Sensor.h:87] Deconstructing Sensor
I1008 16:09:53.424383 836307 Renderer.cpp:34] Deconstructing Renderer
I1008 16:09:53.424412 836307 WindowlessContext.h:17] Deconstructing WindowlessContext
I1008 16:09:53.432124 836307 MetadataMediator.cpp:56] MetadataMediator::setActiveSceneDatasetName : Old active dataset default changed to default successfully.
I1008 16:09:53.434367 836307 AttributesManagerBase.h:283] AttributesManager<T>::createFromJsonOrDefaultInternal  (Physics Manager) : Proposing JSON name : ./data/default.physics_config.json from original name : ./data/default.physics_config.json | This file  does not exist.
I1008 16:09:53.434401 836307 PhysicsAttributesManager.cpp:27] File (./data/default.physics_config.json) not found, so new default physics manager attributes created and registered.
I1008 16:09:53.434406 836307 AbstractObjectAttributesManagerBase.h:175] AbstractObjectAttributesManager<T>::createObject  (Stage) : Making attributes with handle : data/scene_datasets/mp3d/ur6pFq6Qu1A/ur6pFq6Qu1A.glb
I1008 16:09:53.434409 836307 ManagedContainerBase.cpp:19] ManagedContainerBase::convertFilenameToJSON : Filename : data/scene_datasets/mp3d/ur6pFq6Qu1A/ur6pFq6Qu1A.glb changed to proposed JSON configuration filename : data/scene_datasets/mp3d/ur6pFq6Qu1A/ur6pFq6Qu1A.stage_config.json
I1008 16:09:53.434427 836307 AttributesManagerBase.h:283] AttributesManager<T>::createFromJsonOrDefaultInternal  (Stage) : Proposing JSON name : data/scene_datasets/mp3d/ur6pFq6Qu1A/ur6pFq6Qu1A.stage_config.json from original name : data/scene_datasets/mp3d/ur6pFq6Qu1A/ur6pFq6Qu1A.glb | This file  does not exist.
I1008 16:09:53.434481 836307 AbstractObjectAttributesManagerBase.h:181] AbstractObjectAttributesManager<T>::createObject  (Stage) : Done making attributes with handle : data/scene_datasets/mp3d/ur6pFq6Qu1A/ur6pFq6Qu1A.glb
I1008 16:09:53.434482 836307 AbstractObjectAttributesManagerBase.h:188] File (data/scene_datasets/mp3d/ur6pFq6Qu1A/ur6pFq6Qu1A.glb) exists but is not a recognized config filename extension, so new default Stage attributes created and registered.
I1008 16:09:53.434486 836307 Simulator.cpp:156] Loading navmesh from data/scene_datasets/mp3d/ur6pFq6Qu1A/ur6pFq6Qu1A.navmesh
I1008 16:09:53.434742 836307 Simulator.cpp:158] Loaded.
I1008 16:09:53.434751 836307 SceneGraph.h:93] Created DrawableGroup: 
I1008 16:09:53.438624 836307 ResourceManager.cpp:234] ResourceManager::loadStage : Not loading semantic mesh
I1008 16:09:53.438635 836307 ResourceManager.cpp:262] ResourceManager::loadStage : start load render asset data/scene_datasets/mp3d/ur6pFq6Qu1A/ur6pFq6Qu1A.glb.
I1008 16:09:53.438637 836307 ResourceManager.cpp:569] ResourceManager::loadStageInternal : Attempting to load stage data/scene_datasets/mp3d/ur6pFq6Qu1A/ur6pFq6Qu1A.glb 
I1008 16:09:53.438659 836307 ResourceManager.cpp:1119] Importing Basis files as BC7 for ur6pFq6Qu1A.glb
W1008 16:09:55.902714 836307 Simulator.cpp:248] :
---
 The active scene does not contain semantic annotations. 
---
I1008 16:09:55.975737 836307 simulator.py:213] Loaded navmesh data/scene_datasets/mp3d/ur6pFq6Qu1A/ur6pFq6Qu1A.navmesh
I1008 16:09:57.520622 836307 PhysicsManager.cpp:33] Deconstructing PhysicsManager
I1008 16:09:57.520654 836307 SemanticScene.h:41] Deconstructing SemanticScene
I1008 16:09:57.537580 836307 SceneManager.h:25] Deconstructing SceneManager
I1008 16:09:57.537633 836307 SceneGraph.h:26] Deconstructing SceneGraph
I1008 16:09:57.538497 836307 Sensor.h:87] Deconstructing Sensor
I1008 16:09:57.539942 836307 Sensor.h:87] Deconstructing Sensor
I1008 16:09:57.540091 836307 Sensor.h:87] Deconstructing Sensor
I1008 16:09:57.540227 836307 Sensor.h:87] Deconstructing Sensor
I1008 16:09:57.540355 836307 Sensor.h:87] Deconstructing Sensor
I1008 16:09:57.540484 836307 Sensor.h:87] Deconstructing Sensor
I1008 16:09:57.540621 836307 Sensor.h:87] Deconstructing Sensor
I1008 16:09:57.540757 836307 Sensor.h:87] Deconstructing Sensor
I1008 16:09:57.540892 836307 Sensor.h:87] Deconstructing Sensor
I1008 16:09:57.541015 836307 Sensor.h:87] Deconstructing Sensor
I1008 16:09:57.541139 836307 Sensor.h:87] Deconstructing Sensor
I1008 16:09:57.541272 836307 Sensor.h:87] Deconstructing Sensor
I1008 16:09:57.541406 836307 Sensor.h:87] Deconstructing Sensor
I1008 16:09:57.541595 836307 Sensor.h:87] Deconstructing Sensor
I1008 16:09:57.541772 836307 Sensor.h:87] Deconstructing Sensor
I1008 16:09:57.541939 836307 Sensor.h:87] Deconstructing Sensor
I1008 16:09:57.542104 836307 Sensor.h:87] Deconstructing Sensor
I1008 16:09:57.542265 836307 Sensor.h:87] Deconstructing Sensor
I1008 16:09:57.542424 836307 Sensor.h:87] Deconstructing Sensor
I1008 16:09:57.542585 836307 Sensor.h:87] Deconstructing Sensor
I1008 16:09:57.542744 836307 Sensor.h:87] Deconstructing Sensor
I1008 16:09:57.542902 836307 Sensor.h:87] Deconstructing Sensor
I1008 16:09:57.543061 836307 Sensor.h:87] Deconstructing Sensor
I1008 16:09:57.543268 836307 Sensor.h:87] Deconstructing Sensor
I1008 16:09:57.552115 836307 Renderer.cpp:34] Deconstructing Renderer
I1008 16:09:57.552156 836307 WindowlessContext.h:17] Deconstructing WindowlessContext
I1008 16:09:57.558832 836307 MetadataMediator.cpp:56] MetadataMediator::setActiveSceneDatasetName : Old active dataset default changed to default successfully.
I1008 16:09:57.562073 836307 AttributesManagerBase.h:283] AttributesManager<T>::createFromJsonOrDefaultInternal  (Physics Manager) : Proposing JSON name : ./data/default.physics_config.json from original name : ./data/default.physics_config.json | This file  does not exist.
I1008 16:09:57.562173 836307 PhysicsAttributesManager.cpp:27] File (./data/default.physics_config.json) not found, so new default physics manager attributes created and registered.
I1008 16:09:57.562183 836307 AbstractObjectAttributesManagerBase.h:175] AbstractObjectAttributesManager<T>::createObject  (Stage) : Making attributes with handle : data/scene_datasets/mp3d/D7N2EKCX4Sj/D7N2EKCX4Sj.glb
I1008 16:09:57.562188 836307 ManagedContainerBase.cpp:19] ManagedContainerBase::convertFilenameToJSON : Filename : data/scene_datasets/mp3d/D7N2EKCX4Sj/D7N2EKCX4Sj.glb changed to proposed JSON configuration filename : data/scene_datasets/mp3d/D7N2EKCX4Sj/D7N2EKCX4Sj.stage_config.json
I1008 16:09:57.562208 836307 AttributesManagerBase.h:283] AttributesManager<T>::createFromJsonOrDefaultInternal  (Stage) : Proposing JSON name : data/scene_datasets/mp3d/D7N2EKCX4Sj/D7N2EKCX4Sj.stage_config.json from original name : data/scene_datasets/mp3d/D7N2EKCX4Sj/D7N2EKCX4Sj.glb | This file  does not exist.
I1008 16:09:57.562273 836307 AbstractObjectAttributesManagerBase.h:181] AbstractObjectAttributesManager<T>::createObject  (Stage) : Done making attributes with handle : data/scene_datasets/mp3d/D7N2EKCX4Sj/D7N2EKCX4Sj.glb
I1008 16:09:57.562273 836307 AbstractObjectAttributesManagerBase.h:188] File (data/scene_datasets/mp3d/D7N2EKCX4Sj/D7N2EKCX4Sj.glb) exists but is not a recognized config filename extension, so new default Stage attributes created and registered.
I1008 16:09:57.562278 836307 Simulator.cpp:156] Loading navmesh from data/scene_datasets/mp3d/D7N2EKCX4Sj/D7N2EKCX4Sj.navmesh
I1008 16:09:57.562997 836307 Simulator.cpp:158] Loaded.
I1008 16:09:57.563035 836307 SceneGraph.h:93] Created DrawableGroup: 
I1008 16:09:57.568347 836307 ResourceManager.cpp:234] ResourceManager::loadStage : Not loading semantic mesh
I1008 16:09:57.568359 836307 ResourceManager.cpp:262] ResourceManager::loadStage : start load render asset data/scene_datasets/mp3d/D7N2EKCX4Sj/D7N2EKCX4Sj.glb.
I1008 16:09:57.568361 836307 ResourceManager.cpp:569] ResourceManager::loadStageInternal : Attempting to load stage data/scene_datasets/mp3d/D7N2EKCX4Sj/D7N2EKCX4Sj.glb 
I1008 16:09:57.568387 836307 ResourceManager.cpp:1119] Importing Basis files as BC7 for D7N2EKCX4Sj.glb
W1008 16:10:02.235755 836307 Simulator.cpp:248] :
---
 The active scene does not contain semantic annotations. 
---
I1008 16:10:02.373213 836307 simulator.py:213] Loaded navmesh data/scene_datasets/mp3d/D7N2EKCX4Sj/D7N2EKCX4Sj.navmesh
I1008 16:10:03.810875 836307 PhysicsManager.cpp:33] Deconstructing PhysicsManager
I1008 16:10:03.810904 836307 SemanticScene.h:41] Deconstructing SemanticScene
I1008 16:10:03.820719 836307 SceneManager.h:25] Deconstructing SceneManager
I1008 16:10:03.820740 836307 SceneGraph.h:26] Deconstructing SceneGraph
I1008 16:10:03.821324 836307 Sensor.h:87] Deconstructing Sensor
I1008 16:10:03.822206 836307 Sensor.h:87] Deconstructing Sensor
I1008 16:10:03.822336 836307 Sensor.h:87] Deconstructing Sensor
I1008 16:10:03.822463 836307 Sensor.h:87] Deconstructing Sensor
I1008 16:10:03.822582 836307 Sensor.h:87] Deconstructing Sensor
I1008 16:10:03.822939 836307 Sensor.h:87] Deconstructing Sensor
I1008 16:10:03.823071 836307 Sensor.h:87] Deconstructing Sensor
I1008 16:10:03.823190 836307 Sensor.h:87] Deconstructing Sensor
I1008 16:10:03.823314 836307 Sensor.h:87] Deconstructing Sensor
I1008 16:10:03.823428 836307 Sensor.h:87] Deconstructing Sensor
I1008 16:10:03.823544 836307 Sensor.h:87] Deconstructing Sensor
I1008 16:10:03.823660 836307 Sensor.h:87] Deconstructing Sensor
I1008 16:10:03.823779 836307 Sensor.h:87] Deconstructing Sensor
I1008 16:10:03.823918 836307 Sensor.h:87] Deconstructing Sensor
I1008 16:10:03.824057 836307 Sensor.h:87] Deconstructing Sensor
I1008 16:10:03.824185 836307 Sensor.h:87] Deconstructing Sensor
I1008 16:10:03.824337 836307 Sensor.h:87] Deconstructing Sensor
I1008 16:10:03.824498 836307 Sensor.h:87] Deconstructing Sensor
I1008 16:10:03.824644 836307 Sensor.h:87] Deconstructing Sensor
I1008 16:10:03.824791 836307 Sensor.h:87] Deconstructing Sensor
I1008 16:10:03.824945 836307 Sensor.h:87] Deconstructing Sensor
I1008 16:10:03.825083 836307 Sensor.h:87] Deconstructing Sensor
I1008 16:10:03.825222 836307 Sensor.h:87] Deconstructing Sensor
I1008 16:10:03.825346 836307 Sensor.h:87] Deconstructing Sensor
I1008 16:10:03.837054 836307 Renderer.cpp:34] Deconstructing Renderer
I1008 16:10:03.837092 836307 WindowlessContext.h:17] Deconstructing WindowlessContext
I1008 16:10:03.844390 836307 MetadataMediator.cpp:56] MetadataMediator::setActiveSceneDatasetName : Old active dataset default changed to default successfully.
I1008 16:10:03.846740 836307 AttributesManagerBase.h:283] AttributesManager<T>::createFromJsonOrDefaultInternal  (Physics Manager) : Proposing JSON name : ./data/default.physics_config.json from original name : ./data/default.physics_config.json | This file  does not exist.
I1008 16:10:03.846777 836307 PhysicsAttributesManager.cpp:27] File (./data/default.physics_config.json) not found, so new default physics manager attributes created and registered.
I1008 16:10:03.846783 836307 AbstractObjectAttributesManagerBase.h:175] AbstractObjectAttributesManager<T>::createObject  (Stage) : Making attributes with handle : data/scene_datasets/mp3d/qoiz87JEwZ2/qoiz87JEwZ2.glb
I1008 16:10:03.846787 836307 ManagedContainerBase.cpp:19] ManagedContainerBase::convertFilenameToJSON : Filename : data/scene_datasets/mp3d/qoiz87JEwZ2/qoiz87JEwZ2.glb changed to proposed JSON configuration filename : data/scene_datasets/mp3d/qoiz87JEwZ2/qoiz87JEwZ2.stage_config.json
I1008 16:10:03.846801 836307 AttributesManagerBase.h:283] AttributesManager<T>::createFromJsonOrDefaultInternal  (Stage) : Proposing JSON name : data/scene_datasets/mp3d/qoiz87JEwZ2/qoiz87JEwZ2.stage_config.json from original name : data/scene_datasets/mp3d/qoiz87JEwZ2/qoiz87JEwZ2.glb | This file  does not exist.
I1008 16:10:03.846850 836307 AbstractObjectAttributesManagerBase.h:181] AbstractObjectAttributesManager<T>::createObject  (Stage) : Done making attributes with handle : data/scene_datasets/mp3d/qoiz87JEwZ2/qoiz87JEwZ2.glb
I1008 16:10:03.846851 836307 AbstractObjectAttributesManagerBase.h:188] File (data/scene_datasets/mp3d/qoiz87JEwZ2/qoiz87JEwZ2.glb) exists but is not a recognized config filename extension, so new default Stage attributes created and registered.
I1008 16:10:03.846855 836307 Simulator.cpp:156] Loading navmesh from data/scene_datasets/mp3d/qoiz87JEwZ2/qoiz87JEwZ2.navmesh
I1008 16:10:03.847019 836307 Simulator.cpp:158] Loaded.
I1008 16:10:03.847025 836307 SceneGraph.h:93] Created DrawableGroup: 
I1008 16:10:03.851095 836307 ResourceManager.cpp:234] ResourceManager::loadStage : Not loading semantic mesh
I1008 16:10:03.851109 836307 ResourceManager.cpp:262] ResourceManager::loadStage : start load render asset data/scene_datasets/mp3d/qoiz87JEwZ2/qoiz87JEwZ2.glb.
I1008 16:10:03.851109 836307 ResourceManager.cpp:569] ResourceManager::loadStageInternal : Attempting to load stage data/scene_datasets/mp3d/qoiz87JEwZ2/qoiz87JEwZ2.glb 
I1008 16:10:03.851133 836307 ResourceManager.cpp:1119] Importing Basis files as BC7 for qoiz87JEwZ2.glb
W1008 16:10:05.729770 836307 Simulator.cpp:248] :
---
 The active scene does not contain semantic annotations. 
---
I1008 16:10:05.800017 836307 simulator.py:213] Loaded navmesh data/scene_datasets/mp3d/qoiz87JEwZ2/qoiz87JEwZ2.navmesh
I1008 16:10:06.654481 836307 PhysicsManager.cpp:33] Deconstructing PhysicsManager
I1008 16:10:06.654515 836307 SemanticScene.h:41] Deconstructing SemanticScene
I1008 16:10:06.661887 836307 SceneManager.h:25] Deconstructing SceneManager
I1008 16:10:06.661918 836307 SceneGraph.h:26] Deconstructing SceneGraph
I1008 16:10:06.662807 836307 Sensor.h:87] Deconstructing Sensor
I1008 16:10:06.666654 836307 Sensor.h:87] Deconstructing Sensor
I1008 16:10:06.666801 836307 Sensor.h:87] Deconstructing Sensor
I1008 16:10:06.666920 836307 Sensor.h:87] Deconstructing Sensor
I1008 16:10:06.667026 836307 Sensor.h:87] Deconstructing Sensor
I1008 16:10:06.667128 836307 Sensor.h:87] Deconstructing Sensor
I1008 16:10:06.667237 836307 Sensor.h:87] Deconstructing Sensor
I1008 16:10:06.667349 836307 Sensor.h:87] Deconstructing Sensor
I1008 16:10:06.667457 836307 Sensor.h:87] Deconstructing Sensor
I1008 16:10:06.667562 836307 Sensor.h:87] Deconstructing Sensor
I1008 16:10:06.667660 836307 Sensor.h:87] Deconstructing Sensor
I1008 16:10:06.667769 836307 Sensor.h:87] Deconstructing Sensor
I1008 16:10:06.667871 836307 Sensor.h:87] Deconstructing Sensor
I1008 16:10:06.668016 836307 Sensor.h:87] Deconstructing Sensor
I1008 16:10:06.668155 836307 Sensor.h:87] Deconstructing Sensor
I1008 16:10:06.668282 836307 Sensor.h:87] Deconstructing Sensor
I1008 16:10:06.668421 836307 Sensor.h:87] Deconstructing Sensor
I1008 16:10:06.668546 836307 Sensor.h:87] Deconstructing Sensor
I1008 16:10:06.668682 836307 Sensor.h:87] Deconstructing Sensor
I1008 16:10:06.668813 836307 Sensor.h:87] Deconstructing Sensor
I1008 16:10:06.668939 836307 Sensor.h:87] Deconstructing Sensor
I1008 16:10:06.669068 836307 Sensor.h:87] Deconstructing Sensor
I1008 16:10:06.669202 836307 Sensor.h:87] Deconstructing Sensor
I1008 16:10:06.669304 836307 Sensor.h:87] Deconstructing Sensor
I1008 16:10:06.674933 836307 Renderer.cpp:34] Deconstructing Renderer
I1008 16:10:06.674963 836307 WindowlessContext.h:17] Deconstructing WindowlessContext
I1008 16:10:06.678541 836307 MetadataMediator.cpp:56] MetadataMediator::setActiveSceneDatasetName : Old active dataset default changed to default successfully.
I1008 16:10:06.680205 836307 AttributesManagerBase.h:283] AttributesManager<T>::createFromJsonOrDefaultInternal  (Physics Manager) : Proposing JSON name : ./data/default.physics_config.json from original name : ./data/default.physics_config.json | This file  does not exist.
I1008 16:10:06.680243 836307 PhysicsAttributesManager.cpp:27] File (./data/default.physics_config.json) not found, so new default physics manager attributes created and registered.
I1008 16:10:06.680249 836307 AbstractObjectAttributesManagerBase.h:175] AbstractObjectAttributesManager<T>::createObject  (Stage) : Making attributes with handle : data/scene_datasets/mp3d/PX4nDJXEHrG/PX4nDJXEHrG.glb
I1008 16:10:06.680253 836307 ManagedContainerBase.cpp:19] ManagedContainerBase::convertFilenameToJSON : Filename : data/scene_datasets/mp3d/PX4nDJXEHrG/PX4nDJXEHrG.glb changed to proposed JSON configuration filename : data/scene_datasets/mp3d/PX4nDJXEHrG/PX4nDJXEHrG.stage_config.json
I1008 16:10:06.680271 836307 AttributesManagerBase.h:283] AttributesManager<T>::createFromJsonOrDefaultInternal  (Stage) : Proposing JSON name : data/scene_datasets/mp3d/PX4nDJXEHrG/PX4nDJXEHrG.stage_config.json from original name : data/scene_datasets/mp3d/PX4nDJXEHrG/PX4nDJXEHrG.glb | This file  does not exist.
I1008 16:10:06.680320 836307 AbstractObjectAttributesManagerBase.h:181] AbstractObjectAttributesManager<T>::createObject  (Stage) : Done making attributes with handle : data/scene_datasets/mp3d/PX4nDJXEHrG/PX4nDJXEHrG.glb
I1008 16:10:06.680320 836307 AbstractObjectAttributesManagerBase.h:188] File (data/scene_datasets/mp3d/PX4nDJXEHrG/PX4nDJXEHrG.glb) exists but is not a recognized config filename extension, so new default Stage attributes created and registered.
I1008 16:10:06.680325 836307 Simulator.cpp:156] Loading navmesh from data/scene_datasets/mp3d/PX4nDJXEHrG/PX4nDJXEHrG.navmesh
I1008 16:10:06.680675 836307 Simulator.cpp:158] Loaded.
I1008 16:10:06.680682 836307 SceneGraph.h:93] Created DrawableGroup: 
I1008 16:10:06.684521 836307 ResourceManager.cpp:234] ResourceManager::loadStage : Not loading semantic mesh
I1008 16:10:06.684532 836307 ResourceManager.cpp:262] ResourceManager::loadStage : start load render asset data/scene_datasets/mp3d/PX4nDJXEHrG/PX4nDJXEHrG.glb.
I1008 16:10:06.684533 836307 ResourceManager.cpp:569] ResourceManager::loadStageInternal : Attempting to load stage data/scene_datasets/mp3d/PX4nDJXEHrG/PX4nDJXEHrG.glb 
I1008 16:10:06.684558 836307 ResourceManager.cpp:1119] Importing Basis files as BC7 for PX4nDJXEHrG.glb
W1008 16:10:09.619469 836307 Simulator.cpp:248] :
---
 The active scene does not contain semantic annotations. 
---
I1008 16:10:09.775018 836307 simulator.py:213] Loaded navmesh data/scene_datasets/mp3d/PX4nDJXEHrG/PX4nDJXEHrG.navmesh
I1008 16:10:10.949218 836307 PhysicsManager.cpp:33] Deconstructing PhysicsManager
I1008 16:10:10.949244 836307 SemanticScene.h:41] Deconstructing SemanticScene
I1008 16:10:10.959494 836307 SceneManager.h:25] Deconstructing SceneManager
I1008 16:10:10.959538 836307 SceneGraph.h:26] Deconstructing SceneGraph
I1008 16:10:10.960363 836307 Sensor.h:87] Deconstructing Sensor
I1008 16:10:10.963912 836307 Sensor.h:87] Deconstructing Sensor
I1008 16:10:10.964068 836307 Sensor.h:87] Deconstructing Sensor
I1008 16:10:10.964201 836307 Sensor.h:87] Deconstructing Sensor
I1008 16:10:10.964316 836307 Sensor.h:87] Deconstructing Sensor
I1008 16:10:10.964429 836307 Sensor.h:87] Deconstructing Sensor
I1008 16:10:10.964546 836307 Sensor.h:87] Deconstructing Sensor
I1008 16:10:10.964660 836307 Sensor.h:87] Deconstructing Sensor
I1008 16:10:10.964783 836307 Sensor.h:87] Deconstructing Sensor
I1008 16:10:10.964901 836307 Sensor.h:87] Deconstructing Sensor
I1008 16:10:10.965011 836307 Sensor.h:87] Deconstructing Sensor
I1008 16:10:10.965124 836307 Sensor.h:87] Deconstructing Sensor
I1008 16:10:10.965229 836307 Sensor.h:87] Deconstructing Sensor
I1008 16:10:10.965384 836307 Sensor.h:87] Deconstructing Sensor
I1008 16:10:10.965523 836307 Sensor.h:87] Deconstructing Sensor
I1008 16:10:10.965657 836307 Sensor.h:87] Deconstructing Sensor
I1008 16:10:10.965809 836307 Sensor.h:87] Deconstructing Sensor
I1008 16:10:10.965936 836307 Sensor.h:87] Deconstructing Sensor
I1008 16:10:10.966071 836307 Sensor.h:87] Deconstructing Sensor
I1008 16:10:10.966220 836307 Sensor.h:87] Deconstructing Sensor
I1008 16:10:10.966351 836307 Sensor.h:87] Deconstructing Sensor
I1008 16:10:10.966477 836307 Sensor.h:87] Deconstructing Sensor
I1008 16:10:10.966611 836307 Sensor.h:87] Deconstructing Sensor
I1008 16:10:10.966697 836307 Sensor.h:87] Deconstructing Sensor
I1008 16:10:10.974903 836307 Renderer.cpp:34] Deconstructing Renderer
I1008 16:10:10.974936 836307 WindowlessContext.h:17] Deconstructing WindowlessContext
I1008 16:10:10.981168 836307 MetadataMediator.cpp:56] MetadataMediator::setActiveSceneDatasetName : Old active dataset default changed to default successfully.
I1008 16:10:10.983392 836307 AttributesManagerBase.h:283] AttributesManager<T>::createFromJsonOrDefaultInternal  (Physics Manager) : Proposing JSON name : ./data/default.physics_config.json from original name : ./data/default.physics_config.json | This file  does not exist.
I1008 16:10:10.983443 836307 PhysicsAttributesManager.cpp:27] File (./data/default.physics_config.json) not found, so new default physics manager attributes created and registered.
I1008 16:10:10.983449 836307 AbstractObjectAttributesManagerBase.h:175] AbstractObjectAttributesManager<T>::createObject  (Stage) : Making attributes with handle : data/scene_datasets/mp3d/2n8kARJN3HM/2n8kARJN3HM.glb
I1008 16:10:10.983453 836307 ManagedContainerBase.cpp:19] ManagedContainerBase::convertFilenameToJSON : Filename : data/scene_datasets/mp3d/2n8kARJN3HM/2n8kARJN3HM.glb changed to proposed JSON configuration filename : data/scene_datasets/mp3d/2n8kARJN3HM/2n8kARJN3HM.stage_config.json
I1008 16:10:10.983469 836307 AttributesManagerBase.h:283] AttributesManager<T>::createFromJsonOrDefaultInternal  (Stage) : Proposing JSON name : data/scene_datasets/mp3d/2n8kARJN3HM/2n8kARJN3HM.stage_config.json from original name : data/scene_datasets/mp3d/2n8kARJN3HM/2n8kARJN3HM.glb | This file  does not exist.
I1008 16:10:10.983520 836307 AbstractObjectAttributesManagerBase.h:181] AbstractObjectAttributesManager<T>::createObject  (Stage) : Done making attributes with handle : data/scene_datasets/mp3d/2n8kARJN3HM/2n8kARJN3HM.glb
I1008 16:10:10.983520 836307 AbstractObjectAttributesManagerBase.h:188] File (data/scene_datasets/mp3d/2n8kARJN3HM/2n8kARJN3HM.glb) exists but is not a recognized config filename extension, so new default Stage attributes created and registered.
I1008 16:10:10.983525 836307 Simulator.cpp:156] Loading navmesh from data/scene_datasets/mp3d/2n8kARJN3HM/2n8kARJN3HM.navmesh
I1008 16:10:10.983812 836307 Simulator.cpp:158] Loaded.
I1008 16:10:10.983821 836307 SceneGraph.h:93] Created DrawableGroup: 
I1008 16:10:10.988022 836307 ResourceManager.cpp:234] ResourceManager::loadStage : Not loading semantic mesh
I1008 16:10:10.988034 836307 ResourceManager.cpp:262] ResourceManager::loadStage : start load render asset data/scene_datasets/mp3d/2n8kARJN3HM/2n8kARJN3HM.glb.
I1008 16:10:10.988035 836307 ResourceManager.cpp:569] ResourceManager::loadStageInternal : Attempting to load stage data/scene_datasets/mp3d/2n8kARJN3HM/2n8kARJN3HM.glb 
I1008 16:10:10.988058 836307 ResourceManager.cpp:1119] Importing Basis files as BC7 for 2n8kARJN3HM.glb
W1008 16:10:14.083043 836307 Simulator.cpp:248] :
---
 The active scene does not contain semantic annotations. 
---
I1008 16:10:14.173228 836307 simulator.py:213] Loaded navmesh data/scene_datasets/mp3d/2n8kARJN3HM/2n8kARJN3HM.navmesh
I1008 16:10:16.819490 836307 PhysicsManager.cpp:33] Deconstructing PhysicsManager
I1008 16:10:16.819527 836307 SemanticScene.h:41] Deconstructing SemanticScene
I1008 16:10:16.836514 836307 SceneManager.h:25] Deconstructing SceneManager
I1008 16:10:16.836556 836307 SceneGraph.h:26] Deconstructing SceneGraph
I1008 16:10:16.837288 836307 Sensor.h:87] Deconstructing Sensor
I1008 16:10:16.839167 836307 Sensor.h:87] Deconstructing Sensor
I1008 16:10:16.839332 836307 Sensor.h:87] Deconstructing Sensor
I1008 16:10:16.839480 836307 Sensor.h:87] Deconstructing Sensor
I1008 16:10:16.839617 836307 Sensor.h:87] Deconstructing Sensor
I1008 16:10:16.839772 836307 Sensor.h:87] Deconstructing Sensor
I1008 16:10:16.839910 836307 Sensor.h:87] Deconstructing Sensor
I1008 16:10:16.840032 836307 Sensor.h:87] Deconstructing Sensor
I1008 16:10:16.840160 836307 Sensor.h:87] Deconstructing Sensor
I1008 16:10:16.840282 836307 Sensor.h:87] Deconstructing Sensor
I1008 16:10:16.840408 836307 Sensor.h:87] Deconstructing Sensor
I1008 16:10:16.840540 836307 Sensor.h:87] Deconstructing Sensor
I1008 16:10:16.840677 836307 Sensor.h:87] Deconstructing Sensor
I1008 16:10:16.840866 836307 Sensor.h:87] Deconstructing Sensor
I1008 16:10:16.841033 836307 Sensor.h:87] Deconstructing Sensor
I1008 16:10:16.841187 836307 Sensor.h:87] Deconstructing Sensor
I1008 16:10:16.841349 836307 Sensor.h:87] Deconstructing Sensor
I1008 16:10:16.841507 836307 Sensor.h:87] Deconstructing Sensor
I1008 16:10:16.841675 836307 Sensor.h:87] Deconstructing Sensor
I1008 16:10:16.841845 836307 Sensor.h:87] Deconstructing Sensor
I1008 16:10:16.842007 836307 Sensor.h:87] Deconstructing Sensor
I1008 16:10:16.842159 836307 Sensor.h:87] Deconstructing Sensor
I1008 16:10:16.842319 836307 Sensor.h:87] Deconstructing Sensor
I1008 16:10:16.842453 836307 Sensor.h:87] Deconstructing Sensor
I1008 16:10:16.853072 836307 Renderer.cpp:34] Deconstructing Renderer
I1008 16:10:16.853118 836307 WindowlessContext.h:17] Deconstructing WindowlessContext
I1008 16:10:16.860533 836307 MetadataMediator.cpp:56] MetadataMediator::setActiveSceneDatasetName : Old active dataset default changed to default successfully.
I1008 16:10:16.863606 836307 AttributesManagerBase.h:283] AttributesManager<T>::createFromJsonOrDefaultInternal  (Physics Manager) : Proposing JSON name : ./data/default.physics_config.json from original name : ./data/default.physics_config.json | This file  does not exist.
I1008 16:10:16.863662 836307 PhysicsAttributesManager.cpp:27] File (./data/default.physics_config.json) not found, so new default physics manager attributes created and registered.
I1008 16:10:16.863677 836307 AbstractObjectAttributesManagerBase.h:175] AbstractObjectAttributesManager<T>::createObject  (Stage) : Making attributes with handle : data/scene_datasets/mp3d/JmbYfDe2QKZ/JmbYfDe2QKZ.glb
I1008 16:10:16.863682 836307 ManagedContainerBase.cpp:19] ManagedContainerBase::convertFilenameToJSON : Filename : data/scene_datasets/mp3d/JmbYfDe2QKZ/JmbYfDe2QKZ.glb changed to proposed JSON configuration filename : data/scene_datasets/mp3d/JmbYfDe2QKZ/JmbYfDe2QKZ.stage_config.json
I1008 16:10:16.863699 836307 AttributesManagerBase.h:283] AttributesManager<T>::createFromJsonOrDefaultInternal  (Stage) : Proposing JSON name : data/scene_datasets/mp3d/JmbYfDe2QKZ/JmbYfDe2QKZ.stage_config.json from original name : data/scene_datasets/mp3d/JmbYfDe2QKZ/JmbYfDe2QKZ.glb | This file  does not exist.
I1008 16:10:16.863776 836307 AbstractObjectAttributesManagerBase.h:181] AbstractObjectAttributesManager<T>::createObject  (Stage) : Done making attributes with handle : data/scene_datasets/mp3d/JmbYfDe2QKZ/JmbYfDe2QKZ.glb
I1008 16:10:16.863778 836307 AbstractObjectAttributesManagerBase.h:188] File (data/scene_datasets/mp3d/JmbYfDe2QKZ/JmbYfDe2QKZ.glb) exists but is not a recognized config filename extension, so new default Stage attributes created and registered.
I1008 16:10:16.863783 836307 Simulator.cpp:156] Loading navmesh from data/scene_datasets/mp3d/JmbYfDe2QKZ/JmbYfDe2QKZ.navmesh
I1008 16:10:16.863927 836307 Simulator.cpp:158] Loaded.
I1008 16:10:16.863935 836307 SceneGraph.h:93] Created DrawableGroup: 
I1008 16:10:16.868579 836307 ResourceManager.cpp:234] ResourceManager::loadStage : Not loading semantic mesh
I1008 16:10:16.868602 836307 ResourceManager.cpp:262] ResourceManager::loadStage : start load render asset data/scene_datasets/mp3d/JmbYfDe2QKZ/JmbYfDe2QKZ.glb.
I1008 16:10:16.868604 836307 ResourceManager.cpp:569] ResourceManager::loadStageInternal : Attempting to load stage data/scene_datasets/mp3d/JmbYfDe2QKZ/JmbYfDe2QKZ.glb 
I1008 16:10:16.868634 836307 ResourceManager.cpp:1119] Importing Basis files as BC7 for JmbYfDe2QKZ.glb
W1008 16:10:18.085239 836307 Simulator.cpp:248] :
---
 The active scene does not contain semantic annotations. 
---
I1008 16:10:18.148434 836307 simulator.py:213] Loaded navmesh data/scene_datasets/mp3d/JmbYfDe2QKZ/JmbYfDe2QKZ.navmesh
I1008 16:10:19.822829 836307 PhysicsManager.cpp:33] Deconstructing PhysicsManager
I1008 16:10:19.822871 836307 SemanticScene.h:41] Deconstructing SemanticScene
I1008 16:10:19.836692 836307 SceneManager.h:25] Deconstructing SceneManager
I1008 16:10:19.836726 836307 SceneGraph.h:26] Deconstructing SceneGraph
I1008 16:10:19.837177 836307 Sensor.h:87] Deconstructing Sensor
I1008 16:10:19.838217 836307 Sensor.h:87] Deconstructing Sensor
I1008 16:10:19.838344 836307 Sensor.h:87] Deconstructing Sensor
I1008 16:10:19.838471 836307 Sensor.h:87] Deconstructing Sensor
I1008 16:10:19.838595 836307 Sensor.h:87] Deconstructing Sensor
I1008 16:10:19.838721 836307 Sensor.h:87] Deconstructing Sensor
I1008 16:10:19.838845 836307 Sensor.h:87] Deconstructing Sensor
I1008 16:10:19.838959 836307 Sensor.h:87] Deconstructing Sensor
I1008 16:10:19.839090 836307 Sensor.h:87] Deconstructing Sensor
I1008 16:10:19.839205 836307 Sensor.h:87] Deconstructing Sensor
I1008 16:10:19.839344 836307 Sensor.h:87] Deconstructing Sensor
I1008 16:10:19.839465 836307 Sensor.h:87] Deconstructing Sensor
I1008 16:10:19.839584 836307 Sensor.h:87] Deconstructing Sensor
I1008 16:10:19.839723 836307 Sensor.h:87] Deconstructing Sensor
I1008 16:10:19.839867 836307 Sensor.h:87] Deconstructing Sensor
I1008 16:10:19.839994 836307 Sensor.h:87] Deconstructing Sensor
I1008 16:10:19.840126 836307 Sensor.h:87] Deconstructing Sensor
I1008 16:10:19.840251 836307 Sensor.h:87] Deconstructing Sensor
I1008 16:10:19.840401 836307 Sensor.h:87] Deconstructing Sensor
I1008 16:10:19.840528 836307 Sensor.h:87] Deconstructing Sensor
I1008 16:10:19.840658 836307 Sensor.h:87] Deconstructing Sensor
I1008 16:10:19.840796 836307 Sensor.h:87] Deconstructing Sensor
I1008 16:10:19.840936 836307 Sensor.h:87] Deconstructing Sensor
I1008 16:10:19.841126 836307 Sensor.h:87] Deconstructing Sensor
I1008 16:10:19.845883 836307 Renderer.cpp:34] Deconstructing Renderer
I1008 16:10:19.845906 836307 WindowlessContext.h:17] Deconstructing WindowlessContext
I1008 16:10:19.848802 836307 MetadataMediator.cpp:56] MetadataMediator::setActiveSceneDatasetName : Old active dataset default changed to default successfully.
I1008 16:10:19.850687 836307 AttributesManagerBase.h:283] AttributesManager<T>::createFromJsonOrDefaultInternal  (Physics Manager) : Proposing JSON name : ./data/default.physics_config.json from original name : ./data/default.physics_config.json | This file  does not exist.
I1008 16:10:19.850762 836307 PhysicsAttributesManager.cpp:27] File (./data/default.physics_config.json) not found, so new default physics manager attributes created and registered.
I1008 16:10:19.850769 836307 AbstractObjectAttributesManagerBase.h:175] AbstractObjectAttributesManager<T>::createObject  (Stage) : Making attributes with handle : data/scene_datasets/mp3d/PX4nDJXEHrG/PX4nDJXEHrG.glb
I1008 16:10:19.850772 836307 ManagedContainerBase.cpp:19] ManagedContainerBase::convertFilenameToJSON : Filename : data/scene_datasets/mp3d/PX4nDJXEHrG/PX4nDJXEHrG.glb changed to proposed JSON configuration filename : data/scene_datasets/mp3d/PX4nDJXEHrG/PX4nDJXEHrG.stage_config.json
I1008 16:10:19.850791 836307 AttributesManagerBase.h:283] AttributesManager<T>::createFromJsonOrDefaultInternal  (Stage) : Proposing JSON name : data/scene_datasets/mp3d/PX4nDJXEHrG/PX4nDJXEHrG.stage_config.json from original name : data/scene_datasets/mp3d/PX4nDJXEHrG/PX4nDJXEHrG.glb | This file  does not exist.
I1008 16:10:19.850844 836307 AbstractObjectAttributesManagerBase.h:181] AbstractObjectAttributesManager<T>::createObject  (Stage) : Done making attributes with handle : data/scene_datasets/mp3d/PX4nDJXEHrG/PX4nDJXEHrG.glb
I1008 16:10:19.850845 836307 AbstractObjectAttributesManagerBase.h:188] File (data/scene_datasets/mp3d/PX4nDJXEHrG/PX4nDJXEHrG.glb) exists but is not a recognized config filename extension, so new default Stage attributes created and registered.
I1008 16:10:19.850848 836307 Simulator.cpp:156] Loading navmesh from data/scene_datasets/mp3d/PX4nDJXEHrG/PX4nDJXEHrG.navmesh
I1008 16:10:19.851209 836307 Simulator.cpp:158] Loaded.
I1008 16:10:19.851217 836307 SceneGraph.h:93] Created DrawableGroup: 
I1008 16:10:19.854951 836307 ResourceManager.cpp:234] ResourceManager::loadStage : Not loading semantic mesh
I1008 16:10:19.854962 836307 ResourceManager.cpp:262] ResourceManager::loadStage : start load render asset data/scene_datasets/mp3d/PX4nDJXEHrG/PX4nDJXEHrG.glb.
I1008 16:10:19.854964 836307 ResourceManager.cpp:569] ResourceManager::loadStageInternal : Attempting to load stage data/scene_datasets/mp3d/PX4nDJXEHrG/PX4nDJXEHrG.glb 
I1008 16:10:19.854985 836307 ResourceManager.cpp:1119] Importing Basis files as BC7 for PX4nDJXEHrG.glb
W1008 16:10:22.711007 836307 Simulator.cpp:248] :
---
 The active scene does not contain semantic annotations. 
---
I1008 16:10:22.825569 836307 simulator.py:213] Loaded navmesh data/scene_datasets/mp3d/PX4nDJXEHrG/PX4nDJXEHrG.navmesh
I1008 16:10:24.208446 836307 PhysicsManager.cpp:33] Deconstructing PhysicsManager
I1008 16:10:24.208489 836307 SemanticScene.h:41] Deconstructing SemanticScene
I1008 16:10:24.224529 836307 SceneManager.h:25] Deconstructing SceneManager
I1008 16:10:24.224587 836307 SceneGraph.h:26] Deconstructing SceneGraph
I1008 16:10:24.225529 836307 Sensor.h:87] Deconstructing Sensor
I1008 16:10:24.228641 836307 Sensor.h:87] Deconstructing Sensor
I1008 16:10:24.228825 836307 Sensor.h:87] Deconstructing Sensor
I1008 16:10:24.228973 836307 Sensor.h:87] Deconstructing Sensor
I1008 16:10:24.229106 836307 Sensor.h:87] Deconstructing Sensor
I1008 16:10:24.229234 836307 Sensor.h:87] Deconstructing Sensor
I1008 16:10:24.229375 836307 Sensor.h:87] Deconstructing Sensor
I1008 16:10:24.229501 836307 Sensor.h:87] Deconstructing Sensor
I1008 16:10:24.229638 836307 Sensor.h:87] Deconstructing Sensor
I1008 16:10:24.229770 836307 Sensor.h:87] Deconstructing Sensor
I1008 16:10:24.229897 836307 Sensor.h:87] Deconstructing Sensor
I1008 16:10:24.230027 836307 Sensor.h:87] Deconstructing Sensor
I1008 16:10:24.230151 836307 Sensor.h:87] Deconstructing Sensor
I1008 16:10:24.230322 836307 Sensor.h:87] Deconstructing Sensor
I1008 16:10:24.230486 836307 Sensor.h:87] Deconstructing Sensor
I1008 16:10:24.230643 836307 Sensor.h:87] Deconstructing Sensor
I1008 16:10:24.230810 836307 Sensor.h:87] Deconstructing Sensor
I1008 16:10:24.230958 836307 Sensor.h:87] Deconstructing Sensor
I1008 16:10:24.231137 836307 Sensor.h:87] Deconstructing Sensor
I1008 16:10:24.231304 836307 Sensor.h:87] Deconstructing Sensor
I1008 16:10:24.231460 836307 Sensor.h:87] Deconstructing Sensor
I1008 16:10:24.231613 836307 Sensor.h:87] Deconstructing Sensor
I1008 16:10:24.231789 836307 Sensor.h:87] Deconstructing Sensor
I1008 16:10:24.231904 836307 Sensor.h:87] Deconstructing Sensor
I1008 16:10:24.241076 836307 Renderer.cpp:34] Deconstructing Renderer
I1008 16:10:24.241127 836307 WindowlessContext.h:17] Deconstructing WindowlessContext
I1008 16:10:24.248440 836307 MetadataMediator.cpp:56] MetadataMediator::setActiveSceneDatasetName : Old active dataset default changed to default successfully.
I1008 16:10:24.251508 836307 AttributesManagerBase.h:283] AttributesManager<T>::createFromJsonOrDefaultInternal  (Physics Manager) : Proposing JSON name : ./data/default.physics_config.json from original name : ./data/default.physics_config.json | This file  does not exist.
I1008 16:10:24.251579 836307 PhysicsAttributesManager.cpp:27] File (./data/default.physics_config.json) not found, so new default physics manager attributes created and registered.
I1008 16:10:24.251587 836307 AbstractObjectAttributesManagerBase.h:175] AbstractObjectAttributesManager<T>::createObject  (Stage) : Making attributes with handle : data/scene_datasets/mp3d/pRbA3pwrgk9/pRbA3pwrgk9.glb
I1008 16:10:24.251591 836307 ManagedContainerBase.cpp:19] ManagedContainerBase::convertFilenameToJSON : Filename : data/scene_datasets/mp3d/pRbA3pwrgk9/pRbA3pwrgk9.glb changed to proposed JSON configuration filename : data/scene_datasets/mp3d/pRbA3pwrgk9/pRbA3pwrgk9.stage_config.json
I1008 16:10:24.251612 836307 AttributesManagerBase.h:283] AttributesManager<T>::createFromJsonOrDefaultInternal  (Stage) : Proposing JSON name : data/scene_datasets/mp3d/pRbA3pwrgk9/pRbA3pwrgk9.stage_config.json from original name : data/scene_datasets/mp3d/pRbA3pwrgk9/pRbA3pwrgk9.glb | This file  does not exist.
I1008 16:10:24.251682 836307 AbstractObjectAttributesManagerBase.h:181] AbstractObjectAttributesManager<T>::createObject  (Stage) : Done making attributes with handle : data/scene_datasets/mp3d/pRbA3pwrgk9/pRbA3pwrgk9.glb
I1008 16:10:24.251686 836307 AbstractObjectAttributesManagerBase.h:188] File (data/scene_datasets/mp3d/pRbA3pwrgk9/pRbA3pwrgk9.glb) exists but is not a recognized config filename extension, so new default Stage attributes created and registered.
I1008 16:10:24.251691 836307 Simulator.cpp:156] Loading navmesh from data/scene_datasets/mp3d/pRbA3pwrgk9/pRbA3pwrgk9.navmesh
I1008 16:10:24.251888 836307 Simulator.cpp:158] Loaded.
I1008 16:10:24.251895 836307 SceneGraph.h:93] Created DrawableGroup: 
I1008 16:10:24.256824 836307 ResourceManager.cpp:234] ResourceManager::loadStage : Not loading semantic mesh
I1008 16:10:24.256852 836307 ResourceManager.cpp:262] ResourceManager::loadStage : start load render asset data/scene_datasets/mp3d/pRbA3pwrgk9/pRbA3pwrgk9.glb.
I1008 16:10:24.256855 836307 ResourceManager.cpp:569] ResourceManager::loadStageInternal : Attempting to load stage data/scene_datasets/mp3d/pRbA3pwrgk9/pRbA3pwrgk9.glb 
I1008 16:10:24.256892 836307 ResourceManager.cpp:1119] Importing Basis files as BC7 for pRbA3pwrgk9.glb
W1008 16:10:25.632959 836307 Simulator.cpp:248] :
---
 The active scene does not contain semantic annotations. 
---
I1008 16:10:25.703221 836307 simulator.py:213] Loaded navmesh data/scene_datasets/mp3d/pRbA3pwrgk9/pRbA3pwrgk9.navmesh
I1008 16:10:29.764048 836307 PhysicsManager.cpp:33] Deconstructing PhysicsManager
I1008 16:10:29.764093 836307 SemanticScene.h:41] Deconstructing SemanticScene
I1008 16:10:29.775096 836307 SceneManager.h:25] Deconstructing SceneManager
I1008 16:10:29.775132 836307 SceneGraph.h:26] Deconstructing SceneGraph
I1008 16:10:29.775892 836307 Sensor.h:87] Deconstructing Sensor
I1008 16:10:29.778831 836307 Sensor.h:87] Deconstructing Sensor
I1008 16:10:29.779001 836307 Sensor.h:87] Deconstructing Sensor
I1008 16:10:29.779151 836307 Sensor.h:87] Deconstructing Sensor
I1008 16:10:29.779282 836307 Sensor.h:87] Deconstructing Sensor
I1008 16:10:29.779455 836307 Sensor.h:87] Deconstructing Sensor
I1008 16:10:29.779592 836307 Sensor.h:87] Deconstructing Sensor
I1008 16:10:29.779739 836307 Sensor.h:87] Deconstructing Sensor
I1008 16:10:29.779878 836307 Sensor.h:87] Deconstructing Sensor
I1008 16:10:29.780009 836307 Sensor.h:87] Deconstructing Sensor
I1008 16:10:29.780143 836307 Sensor.h:87] Deconstructing Sensor
I1008 16:10:29.780287 836307 Sensor.h:87] Deconstructing Sensor
I1008 16:10:29.780421 836307 Sensor.h:87] Deconstructing Sensor
I1008 16:10:29.780640 836307 Sensor.h:87] Deconstructing Sensor
I1008 16:10:29.780823 836307 Sensor.h:87] Deconstructing Sensor
I1008 16:10:29.780988 836307 Sensor.h:87] Deconstructing Sensor
I1008 16:10:29.781157 836307 Sensor.h:87] Deconstructing Sensor
I1008 16:10:29.781319 836307 Sensor.h:87] Deconstructing Sensor
I1008 16:10:29.781481 836307 Sensor.h:87] Deconstructing Sensor
I1008 16:10:29.781672 836307 Sensor.h:87] Deconstructing Sensor
I1008 16:10:29.781844 836307 Sensor.h:87] Deconstructing Sensor
I1008 16:10:29.782006 836307 Sensor.h:87] Deconstructing Sensor
I1008 16:10:29.782171 836307 Sensor.h:87] Deconstructing Sensor
I1008 16:10:29.782308 836307 Sensor.h:87] Deconstructing Sensor
I1008 16:10:29.788753 836307 Renderer.cpp:34] Deconstructing Renderer
I1008 16:10:29.788795 836307 WindowlessContext.h:17] Deconstructing WindowlessContext
I1008 16:10:29.792604 836307 MetadataMediator.cpp:56] MetadataMediator::setActiveSceneDatasetName : Old active dataset default changed to default successfully.
I1008 16:10:29.794797 836307 AttributesManagerBase.h:283] AttributesManager<T>::createFromJsonOrDefaultInternal  (Physics Manager) : Proposing JSON name : ./data/default.physics_config.json from original name : ./data/default.physics_config.json | This file  does not exist.
I1008 16:10:29.794848 836307 PhysicsAttributesManager.cpp:27] File (./data/default.physics_config.json) not found, so new default physics manager attributes created and registered.
I1008 16:10:29.794857 836307 AbstractObjectAttributesManagerBase.h:175] AbstractObjectAttributesManager<T>::createObject  (Stage) : Making attributes with handle : data/scene_datasets/mp3d/D7N2EKCX4Sj/D7N2EKCX4Sj.glb
I1008 16:10:29.794859 836307 ManagedContainerBase.cpp:19] ManagedContainerBase::convertFilenameToJSON : Filename : data/scene_datasets/mp3d/D7N2EKCX4Sj/D7N2EKCX4Sj.glb changed to proposed JSON configuration filename : data/scene_datasets/mp3d/D7N2EKCX4Sj/D7N2EKCX4Sj.stage_config.json
I1008 16:10:29.794881 836307 AttributesManagerBase.h:283] AttributesManager<T>::createFromJsonOrDefaultInternal  (Stage) : Proposing JSON name : data/scene_datasets/mp3d/D7N2EKCX4Sj/D7N2EKCX4Sj.stage_config.json from original name : data/scene_datasets/mp3d/D7N2EKCX4Sj/D7N2EKCX4Sj.glb | This file  does not exist.
I1008 16:10:29.794945 836307 AbstractObjectAttributesManagerBase.h:181] AbstractObjectAttributesManager<T>::createObject  (Stage) : Done making attributes with handle : data/scene_datasets/mp3d/D7N2EKCX4Sj/D7N2EKCX4Sj.glb
I1008 16:10:29.794947 836307 AbstractObjectAttributesManagerBase.h:188] File (data/scene_datasets/mp3d/D7N2EKCX4Sj/D7N2EKCX4Sj.glb) exists but is not a recognized config filename extension, so new default Stage attributes created and registered.
I1008 16:10:29.794951 836307 Simulator.cpp:156] Loading navmesh from data/scene_datasets/mp3d/D7N2EKCX4Sj/D7N2EKCX4Sj.navmesh
I1008 16:10:29.795495 836307 Simulator.cpp:158] Loaded.
I1008 16:10:29.795509 836307 SceneGraph.h:93] Created DrawableGroup: 
I1008 16:10:29.800000 836307 ResourceManager.cpp:234] ResourceManager::loadStage : Not loading semantic mesh
I1008 16:10:29.800022 836307 ResourceManager.cpp:262] ResourceManager::loadStage : start load render asset data/scene_datasets/mp3d/D7N2EKCX4Sj/D7N2EKCX4Sj.glb.
I1008 16:10:29.800024 836307 ResourceManager.cpp:569] ResourceManager::loadStageInternal : Attempting to load stage data/scene_datasets/mp3d/D7N2EKCX4Sj/D7N2EKCX4Sj.glb 
I1008 16:10:29.800055 836307 ResourceManager.cpp:1119] Importing Basis files as BC7 for D7N2EKCX4Sj.glb
W1008 16:10:34.518036 836307 Simulator.cpp:248] :
---
 The active scene does not contain semantic annotations. 
---
I1008 16:10:34.658891 836307 simulator.py:213] Loaded navmesh data/scene_datasets/mp3d/D7N2EKCX4Sj/D7N2EKCX4Sj.navmesh
I1008 16:10:35.826911 836307 PhysicsManager.cpp:33] Deconstructing PhysicsManager
I1008 16:10:35.826993 836307 SemanticScene.h:41] Deconstructing SemanticScene
I1008 16:10:35.847127 836307 SceneManager.h:25] Deconstructing SceneManager
I1008 16:10:35.847157 836307 SceneGraph.h:26] Deconstructing SceneGraph
I1008 16:10:35.847858 836307 Sensor.h:87] Deconstructing Sensor
I1008 16:10:35.849498 836307 Sensor.h:87] Deconstructing Sensor
I1008 16:10:35.849653 836307 Sensor.h:87] Deconstructing Sensor
I1008 16:10:35.849789 836307 Sensor.h:87] Deconstructing Sensor
I1008 16:10:35.849915 836307 Sensor.h:87] Deconstructing Sensor
I1008 16:10:35.850035 836307 Sensor.h:87] Deconstructing Sensor
I1008 16:10:35.850162 836307 Sensor.h:87] Deconstructing Sensor
I1008 16:10:35.850282 836307 Sensor.h:87] Deconstructing Sensor
I1008 16:10:35.850417 836307 Sensor.h:87] Deconstructing Sensor
I1008 16:10:35.850548 836307 Sensor.h:87] Deconstructing Sensor
I1008 16:10:35.850687 836307 Sensor.h:87] Deconstructing Sensor
I1008 16:10:35.850823 836307 Sensor.h:87] Deconstructing Sensor
I1008 16:10:35.850950 836307 Sensor.h:87] Deconstructing Sensor
I1008 16:10:35.851111 836307 Sensor.h:87] Deconstructing Sensor
I1008 16:10:35.851295 836307 Sensor.h:87] Deconstructing Sensor
I1008 16:10:35.851459 836307 Sensor.h:87] Deconstructing Sensor
I1008 16:10:35.851629 836307 Sensor.h:87] Deconstructing Sensor
I1008 16:10:35.851805 836307 Sensor.h:87] Deconstructing Sensor
I1008 16:10:35.851969 836307 Sensor.h:87] Deconstructing Sensor
I1008 16:10:35.852125 836307 Sensor.h:87] Deconstructing Sensor
I1008 16:10:35.852279 836307 Sensor.h:87] Deconstructing Sensor
I1008 16:10:35.852428 836307 Sensor.h:87] Deconstructing Sensor
I1008 16:10:35.852589 836307 Sensor.h:87] Deconstructing Sensor
I1008 16:10:35.852734 836307 Sensor.h:87] Deconstructing Sensor
I1008 16:10:35.863317 836307 Renderer.cpp:34] Deconstructing Renderer
I1008 16:10:35.863361 836307 WindowlessContext.h:17] Deconstructing WindowlessContext
I1008 16:10:35.871901 836307 MetadataMediator.cpp:56] MetadataMediator::setActiveSceneDatasetName : Old active dataset default changed to default successfully.
I1008 16:10:35.874490 836307 AttributesManagerBase.h:283] AttributesManager<T>::createFromJsonOrDefaultInternal  (Physics Manager) : Proposing JSON name : ./data/default.physics_config.json from original name : ./data/default.physics_config.json | This file  does not exist.
I1008 16:10:35.874562 836307 PhysicsAttributesManager.cpp:27] File (./data/default.physics_config.json) not found, so new default physics manager attributes created and registered.
I1008 16:10:35.874571 836307 AbstractObjectAttributesManagerBase.h:175] AbstractObjectAttributesManager<T>::createObject  (Stage) : Making attributes with handle : data/scene_datasets/mp3d/pRbA3pwrgk9/pRbA3pwrgk9.glb
I1008 16:10:35.874574 836307 ManagedContainerBase.cpp:19] ManagedContainerBase::convertFilenameToJSON : Filename : data/scene_datasets/mp3d/pRbA3pwrgk9/pRbA3pwrgk9.glb changed to proposed JSON configuration filename : data/scene_datasets/mp3d/pRbA3pwrgk9/pRbA3pwrgk9.stage_config.json
I1008 16:10:35.874600 836307 AttributesManagerBase.h:283] AttributesManager<T>::createFromJsonOrDefaultInternal  (Stage) : Proposing JSON name : data/scene_datasets/mp3d/pRbA3pwrgk9/pRbA3pwrgk9.stage_config.json from original name : data/scene_datasets/mp3d/pRbA3pwrgk9/pRbA3pwrgk9.glb | This file  does not exist.
I1008 16:10:35.874684 836307 AbstractObjectAttributesManagerBase.h:181] AbstractObjectAttributesManager<T>::createObject  (Stage) : Done making attributes with handle : data/scene_datasets/mp3d/pRbA3pwrgk9/pRbA3pwrgk9.glb
I1008 16:10:35.874688 836307 AbstractObjectAttributesManagerBase.h:188] File (data/scene_datasets/mp3d/pRbA3pwrgk9/pRbA3pwrgk9.glb) exists but is not a recognized config filename extension, so new default Stage attributes created and registered.
I1008 16:10:35.874713 836307 Simulator.cpp:156] Loading navmesh from data/scene_datasets/mp3d/pRbA3pwrgk9/pRbA3pwrgk9.navmesh
I1008 16:10:35.874957 836307 Simulator.cpp:158] Loaded.
I1008 16:10:35.874967 836307 SceneGraph.h:93] Created DrawableGroup: 
I1008 16:10:35.880857 836307 ResourceManager.cpp:234] ResourceManager::loadStage : Not loading semantic mesh
I1008 16:10:35.880890 836307 ResourceManager.cpp:262] ResourceManager::loadStage : start load render asset data/scene_datasets/mp3d/pRbA3pwrgk9/pRbA3pwrgk9.glb.
I1008 16:10:35.880891 836307 ResourceManager.cpp:569] ResourceManager::loadStageInternal : Attempting to load stage data/scene_datasets/mp3d/pRbA3pwrgk9/pRbA3pwrgk9.glb 
I1008 16:10:35.880940 836307 ResourceManager.cpp:1119] Importing Basis files as BC7 for pRbA3pwrgk9.glb
W1008 16:10:37.218572 836307 Simulator.cpp:248] :
---
 The active scene does not contain semantic annotations. 
---
I1008 16:10:37.289136 836307 simulator.py:213] Loaded navmesh data/scene_datasets/mp3d/pRbA3pwrgk9/pRbA3pwrgk9.navmesh
I1008 16:10:40.536634 836307 PhysicsManager.cpp:33] Deconstructing PhysicsManager
I1008 16:10:40.536670 836307 SemanticScene.h:41] Deconstructing SemanticScene
I1008 16:10:40.547190 836307 SceneManager.h:25] Deconstructing SceneManager
I1008 16:10:40.547225 836307 SceneGraph.h:26] Deconstructing SceneGraph
I1008 16:10:40.547721 836307 Sensor.h:87] Deconstructing Sensor
I1008 16:10:40.548792 836307 Sensor.h:87] Deconstructing Sensor
I1008 16:10:40.548931 836307 Sensor.h:87] Deconstructing Sensor
I1008 16:10:40.549057 836307 Sensor.h:87] Deconstructing Sensor
I1008 16:10:40.549175 836307 Sensor.h:87] Deconstructing Sensor
I1008 16:10:40.549289 836307 Sensor.h:87] Deconstructing Sensor
I1008 16:10:40.549407 836307 Sensor.h:87] Deconstructing Sensor
I1008 16:10:40.549520 836307 Sensor.h:87] Deconstructing Sensor
I1008 16:10:40.549639 836307 Sensor.h:87] Deconstructing Sensor
I1008 16:10:40.549758 836307 Sensor.h:87] Deconstructing Sensor
I1008 16:10:40.549870 836307 Sensor.h:87] Deconstructing Sensor
I1008 16:10:40.549986 836307 Sensor.h:87] Deconstructing Sensor
I1008 16:10:40.550100 836307 Sensor.h:87] Deconstructing Sensor
I1008 16:10:40.550257 836307 Sensor.h:87] Deconstructing Sensor
I1008 16:10:40.550396 836307 Sensor.h:87] Deconstructing Sensor
I1008 16:10:40.550525 836307 Sensor.h:87] Deconstructing Sensor
I1008 16:10:40.550657 836307 Sensor.h:87] Deconstructing Sensor
I1008 16:10:40.550840 836307 Sensor.h:87] Deconstructing Sensor
I1008 16:10:40.550967 836307 Sensor.h:87] Deconstructing Sensor
I1008 16:10:40.551100 836307 Sensor.h:87] Deconstructing Sensor
I1008 16:10:40.551226 836307 Sensor.h:87] Deconstructing Sensor
I1008 16:10:40.551352 836307 Sensor.h:87] Deconstructing Sensor
I1008 16:10:40.551481 836307 Sensor.h:87] Deconstructing Sensor
I1008 16:10:40.551578 836307 Sensor.h:87] Deconstructing Sensor
I1008 16:10:40.556049 836307 Renderer.cpp:34] Deconstructing Renderer
I1008 16:10:40.556095 836307 WindowlessContext.h:17] Deconstructing WindowlessContext
I1008 16:10:40.559284 836307 MetadataMediator.cpp:56] MetadataMediator::setActiveSceneDatasetName : Old active dataset default changed to default successfully.
I1008 16:10:40.560846 836307 AttributesManagerBase.h:283] AttributesManager<T>::createFromJsonOrDefaultInternal  (Physics Manager) : Proposing JSON name : ./data/default.physics_config.json from original name : ./data/default.physics_config.json | This file  does not exist.
I1008 16:10:40.560884 836307 PhysicsAttributesManager.cpp:27] File (./data/default.physics_config.json) not found, so new default physics manager attributes created and registered.
I1008 16:10:40.560889 836307 AbstractObjectAttributesManagerBase.h:175] AbstractObjectAttributesManager<T>::createObject  (Stage) : Making attributes with handle : data/scene_datasets/mp3d/qoiz87JEwZ2/qoiz87JEwZ2.glb
I1008 16:10:40.560894 836307 ManagedContainerBase.cpp:19] ManagedContainerBase::convertFilenameToJSON : Filename : data/scene_datasets/mp3d/qoiz87JEwZ2/qoiz87JEwZ2.glb changed to proposed JSON configuration filename : data/scene_datasets/mp3d/qoiz87JEwZ2/qoiz87JEwZ2.stage_config.json
I1008 16:10:40.560926 836307 AttributesManagerBase.h:283] AttributesManager<T>::createFromJsonOrDefaultInternal  (Stage) : Proposing JSON name : data/scene_datasets/mp3d/qoiz87JEwZ2/qoiz87JEwZ2.stage_config.json from original name : data/scene_datasets/mp3d/qoiz87JEwZ2/qoiz87JEwZ2.glb | This file  does not exist.
I1008 16:10:40.560973 836307 AbstractObjectAttributesManagerBase.h:181] AbstractObjectAttributesManager<T>::createObject  (Stage) : Done making attributes with handle : data/scene_datasets/mp3d/qoiz87JEwZ2/qoiz87JEwZ2.glb
I1008 16:10:40.560974 836307 AbstractObjectAttributesManagerBase.h:188] File (data/scene_datasets/mp3d/qoiz87JEwZ2/qoiz87JEwZ2.glb) exists but is not a recognized config filename extension, so new default Stage attributes created and registered.
I1008 16:10:40.560978 836307 Simulator.cpp:156] Loading navmesh from data/scene_datasets/mp3d/qoiz87JEwZ2/qoiz87JEwZ2.navmesh
I1008 16:10:40.561141 836307 Simulator.cpp:158] Loaded.
I1008 16:10:40.561147 836307 SceneGraph.h:93] Created DrawableGroup: 
I1008 16:10:40.565029 836307 ResourceManager.cpp:234] ResourceManager::loadStage : Not loading semantic mesh
I1008 16:10:40.565045 836307 ResourceManager.cpp:262] ResourceManager::loadStage : start load render asset data/scene_datasets/mp3d/qoiz87JEwZ2/qoiz87JEwZ2.glb.
I1008 16:10:40.565047 836307 ResourceManager.cpp:569] ResourceManager::loadStageInternal : Attempting to load stage data/scene_datasets/mp3d/qoiz87JEwZ2/qoiz87JEwZ2.glb 
I1008 16:10:40.565075 836307 ResourceManager.cpp:1119] Importing Basis files as BC7 for qoiz87JEwZ2.glb
W1008 16:10:42.451813 836307 Simulator.cpp:248] :
---
 The active scene does not contain semantic annotations. 
---
I1008 16:10:42.526425 836307 simulator.py:213] Loaded navmesh data/scene_datasets/mp3d/qoiz87JEwZ2/qoiz87JEwZ2.navmesh
I1008 16:10:44.063540 836307 PhysicsManager.cpp:33] Deconstructing PhysicsManager
I1008 16:10:44.063568 836307 SemanticScene.h:41] Deconstructing SemanticScene
I1008 16:10:44.070693 836307 SceneManager.h:25] Deconstructing SceneManager
I1008 16:10:44.070820 836307 SceneGraph.h:26] Deconstructing SceneGraph
I1008 16:10:44.071259 836307 Sensor.h:87] Deconstructing Sensor
I1008 16:10:44.072237 836307 Sensor.h:87] Deconstructing Sensor
I1008 16:10:44.072356 836307 Sensor.h:87] Deconstructing Sensor
I1008 16:10:44.072474 836307 Sensor.h:87] Deconstructing Sensor
I1008 16:10:44.072580 836307 Sensor.h:87] Deconstructing Sensor
I1008 16:10:44.072695 836307 Sensor.h:87] Deconstructing Sensor
I1008 16:10:44.072803 836307 Sensor.h:87] Deconstructing Sensor
I1008 16:10:44.072908 836307 Sensor.h:87] Deconstructing Sensor
I1008 16:10:44.073019 836307 Sensor.h:87] Deconstructing Sensor
I1008 16:10:44.073122 836307 Sensor.h:87] Deconstructing Sensor
I1008 16:10:44.073227 836307 Sensor.h:87] Deconstructing Sensor
I1008 16:10:44.073335 836307 Sensor.h:87] Deconstructing Sensor
I1008 16:10:44.073469 836307 Sensor.h:87] Deconstructing Sensor
I1008 16:10:44.073606 836307 Sensor.h:87] Deconstructing Sensor
I1008 16:10:44.073763 836307 Sensor.h:87] Deconstructing Sensor
I1008 16:10:44.073902 836307 Sensor.h:87] Deconstructing Sensor
I1008 16:10:44.074041 836307 Sensor.h:87] Deconstructing Sensor
I1008 16:10:44.074167 836307 Sensor.h:87] Deconstructing Sensor
I1008 16:10:44.074293 836307 Sensor.h:87] Deconstructing Sensor
I1008 16:10:44.074429 836307 Sensor.h:87] Deconstructing Sensor
I1008 16:10:44.074563 836307 Sensor.h:87] Deconstructing Sensor
I1008 16:10:44.074702 836307 Sensor.h:87] Deconstructing Sensor
I1008 16:10:44.074843 836307 Sensor.h:87] Deconstructing Sensor
I1008 16:10:44.074971 836307 Sensor.h:87] Deconstructing Sensor
I1008 16:10:44.081874 836307 Renderer.cpp:34] Deconstructing Renderer
I1008 16:10:44.081930 836307 WindowlessContext.h:17] Deconstructing WindowlessContext
I1008 16:10:44.086803 836307 MetadataMediator.cpp:56] MetadataMediator::setActiveSceneDatasetName : Old active dataset default changed to default successfully.
I1008 16:10:44.088698 836307 AttributesManagerBase.h:283] AttributesManager<T>::createFromJsonOrDefaultInternal  (Physics Manager) : Proposing JSON name : ./data/default.physics_config.json from original name : ./data/default.physics_config.json | This file  does not exist.
I1008 16:10:44.088744 836307 PhysicsAttributesManager.cpp:27] File (./data/default.physics_config.json) not found, so new default physics manager attributes created and registered.
I1008 16:10:44.088750 836307 AbstractObjectAttributesManagerBase.h:175] AbstractObjectAttributesManager<T>::createObject  (Stage) : Making attributes with handle : data/scene_datasets/mp3d/PX4nDJXEHrG/PX4nDJXEHrG.glb
I1008 16:10:44.088754 836307 ManagedContainerBase.cpp:19] ManagedContainerBase::convertFilenameToJSON : Filename : data/scene_datasets/mp3d/PX4nDJXEHrG/PX4nDJXEHrG.glb changed to proposed JSON configuration filename : data/scene_datasets/mp3d/PX4nDJXEHrG/PX4nDJXEHrG.stage_config.json
I1008 16:10:44.088768 836307 AttributesManagerBase.h:283] AttributesManager<T>::createFromJsonOrDefaultInternal  (Stage) : Proposing JSON name : data/scene_datasets/mp3d/PX4nDJXEHrG/PX4nDJXEHrG.stage_config.json from original name : data/scene_datasets/mp3d/PX4nDJXEHrG/PX4nDJXEHrG.glb | This file  does not exist.
I1008 16:10:44.088816 836307 AbstractObjectAttributesManagerBase.h:181] AbstractObjectAttributesManager<T>::createObject  (Stage) : Done making attributes with handle : data/scene_datasets/mp3d/PX4nDJXEHrG/PX4nDJXEHrG.glb
I1008 16:10:44.088817 836307 AbstractObjectAttributesManagerBase.h:188] File (data/scene_datasets/mp3d/PX4nDJXEHrG/PX4nDJXEHrG.glb) exists but is not a recognized config filename extension, so new default Stage attributes created and registered.
I1008 16:10:44.088821 836307 Simulator.cpp:156] Loading navmesh from data/scene_datasets/mp3d/PX4nDJXEHrG/PX4nDJXEHrG.navmesh
I1008 16:10:44.089190 836307 Simulator.cpp:158] Loaded.
I1008 16:10:44.089198 836307 SceneGraph.h:93] Created DrawableGroup: 
I1008 16:10:44.093138 836307 ResourceManager.cpp:234] ResourceManager::loadStage : Not loading semantic mesh
I1008 16:10:44.093153 836307 ResourceManager.cpp:262] ResourceManager::loadStage : start load render asset data/scene_datasets/mp3d/PX4nDJXEHrG/PX4nDJXEHrG.glb.
I1008 16:10:44.093155 836307 ResourceManager.cpp:569] ResourceManager::loadStageInternal : Attempting to load stage data/scene_datasets/mp3d/PX4nDJXEHrG/PX4nDJXEHrG.glb 
I1008 16:10:44.093181 836307 ResourceManager.cpp:1119] Importing Basis files as BC7 for PX4nDJXEHrG.glb
W1008 16:10:46.978812 836307 Simulator.cpp:248] :
---
 The active scene does not contain semantic annotations. 
---
I1008 16:10:47.095527 836307 simulator.py:213] Loaded navmesh data/scene_datasets/mp3d/PX4nDJXEHrG/PX4nDJXEHrG.navmesh
I1008 16:10:49.685382 836307 PhysicsManager.cpp:33] Deconstructing PhysicsManager
I1008 16:10:49.685410 836307 SemanticScene.h:41] Deconstructing SemanticScene
I1008 16:10:49.695422 836307 SceneManager.h:25] Deconstructing SceneManager
I1008 16:10:49.695448 836307 SceneGraph.h:26] Deconstructing SceneGraph
I1008 16:10:49.696265 836307 Sensor.h:87] Deconstructing Sensor
I1008 16:10:49.697139 836307 Sensor.h:87] Deconstructing Sensor
I1008 16:10:49.697260 836307 Sensor.h:87] Deconstructing Sensor
I1008 16:10:49.697386 836307 Sensor.h:87] Deconstructing Sensor
I1008 16:10:49.697497 836307 Sensor.h:87] Deconstructing Sensor
I1008 16:10:49.697607 836307 Sensor.h:87] Deconstructing Sensor
I1008 16:10:49.697721 836307 Sensor.h:87] Deconstructing Sensor
I1008 16:10:49.697834 836307 Sensor.h:87] Deconstructing Sensor
I1008 16:10:49.697942 836307 Sensor.h:87] Deconstructing Sensor
I1008 16:10:49.698041 836307 Sensor.h:87] Deconstructing Sensor
I1008 16:10:49.698141 836307 Sensor.h:87] Deconstructing Sensor
I1008 16:10:49.698244 836307 Sensor.h:87] Deconstructing Sensor
I1008 16:10:49.698342 836307 Sensor.h:87] Deconstructing Sensor
I1008 16:10:49.698482 836307 Sensor.h:87] Deconstructing Sensor
I1008 16:10:49.698616 836307 Sensor.h:87] Deconstructing Sensor
I1008 16:10:49.698748 836307 Sensor.h:87] Deconstructing Sensor
I1008 16:10:49.698884 836307 Sensor.h:87] Deconstructing Sensor
I1008 16:10:49.699035 836307 Sensor.h:87] Deconstructing Sensor
I1008 16:10:49.699167 836307 Sensor.h:87] Deconstructing Sensor
I1008 16:10:49.699309 836307 Sensor.h:87] Deconstructing Sensor
I1008 16:10:49.699445 836307 Sensor.h:87] Deconstructing Sensor
I1008 16:10:49.699573 836307 Sensor.h:87] Deconstructing Sensor
I1008 16:10:49.699726 836307 Sensor.h:87] Deconstructing Sensor
I1008 16:10:49.699836 836307 Sensor.h:87] Deconstructing Sensor
I1008 16:10:49.708197 836307 Renderer.cpp:34] Deconstructing Renderer
I1008 16:10:49.708236 836307 WindowlessContext.h:17] Deconstructing WindowlessContext
I1008 16:10:49.716077 836307 MetadataMediator.cpp:56] MetadataMediator::setActiveSceneDatasetName : Old active dataset default changed to default successfully.
I1008 16:10:49.718495 836307 AttributesManagerBase.h:283] AttributesManager<T>::createFromJsonOrDefaultInternal  (Physics Manager) : Proposing JSON name : ./data/default.physics_config.json from original name : ./data/default.physics_config.json | This file  does not exist.
I1008 16:10:49.718535 836307 PhysicsAttributesManager.cpp:27] File (./data/default.physics_config.json) not found, so new default physics manager attributes created and registered.
I1008 16:10:49.718541 836307 AbstractObjectAttributesManagerBase.h:175] AbstractObjectAttributesManager<T>::createObject  (Stage) : Making attributes with handle : data/scene_datasets/mp3d/qoiz87JEwZ2/qoiz87JEwZ2.glb
I1008 16:10:49.718545 836307 ManagedContainerBase.cpp:19] ManagedContainerBase::convertFilenameToJSON : Filename : data/scene_datasets/mp3d/qoiz87JEwZ2/qoiz87JEwZ2.glb changed to proposed JSON configuration filename : data/scene_datasets/mp3d/qoiz87JEwZ2/qoiz87JEwZ2.stage_config.json
I1008 16:10:49.718562 836307 AttributesManagerBase.h:283] AttributesManager<T>::createFromJsonOrDefaultInternal  (Stage) : Proposing JSON name : data/scene_datasets/mp3d/qoiz87JEwZ2/qoiz87JEwZ2.stage_config.json from original name : data/scene_datasets/mp3d/qoiz87JEwZ2/qoiz87JEwZ2.glb | This file  does not exist.
I1008 16:10:49.718613 836307 AbstractObjectAttributesManagerBase.h:181] AbstractObjectAttributesManager<T>::createObject  (Stage) : Done making attributes with handle : data/scene_datasets/mp3d/qoiz87JEwZ2/qoiz87JEwZ2.glb
I1008 16:10:49.718614 836307 AbstractObjectAttributesManagerBase.h:188] File (data/scene_datasets/mp3d/qoiz87JEwZ2/qoiz87JEwZ2.glb) exists but is not a recognized config filename extension, so new default Stage attributes created and registered.
I1008 16:10:49.718618 836307 Simulator.cpp:156] Loading navmesh from data/scene_datasets/mp3d/qoiz87JEwZ2/qoiz87JEwZ2.navmesh
I1008 16:10:49.718794 836307 Simulator.cpp:158] Loaded.
I1008 16:10:49.718801 836307 SceneGraph.h:93] Created DrawableGroup: 
I1008 16:10:49.722715 836307 ResourceManager.cpp:234] ResourceManager::loadStage : Not loading semantic mesh
I1008 16:10:49.722729 836307 ResourceManager.cpp:262] ResourceManager::loadStage : start load render asset data/scene_datasets/mp3d/qoiz87JEwZ2/qoiz87JEwZ2.glb.
I1008 16:10:49.722730 836307 ResourceManager.cpp:569] ResourceManager::loadStageInternal : Attempting to load stage data/scene_datasets/mp3d/qoiz87JEwZ2/qoiz87JEwZ2.glb 
I1008 16:10:49.722759 836307 ResourceManager.cpp:1119] Importing Basis files as BC7 for qoiz87JEwZ2.glb
W1008 16:10:51.592463 836307 Simulator.cpp:248] :
---
 The active scene does not contain semantic annotations. 
---
I1008 16:10:51.665808 836307 simulator.py:213] Loaded navmesh data/scene_datasets/mp3d/qoiz87JEwZ2/qoiz87JEwZ2.navmesh
I1008 16:10:52.603626 836307 PhysicsManager.cpp:33] Deconstructing PhysicsManager
I1008 16:10:52.603657 836307 SemanticScene.h:41] Deconstructing SemanticScene
I1008 16:10:52.611660 836307 SceneManager.h:25] Deconstructing SceneManager
I1008 16:10:52.611687 836307 SceneGraph.h:26] Deconstructing SceneGraph
I1008 16:10:52.612175 836307 Sensor.h:87] Deconstructing Sensor
I1008 16:10:52.613330 836307 Sensor.h:87] Deconstructing Sensor
I1008 16:10:52.613471 836307 Sensor.h:87] Deconstructing Sensor
I1008 16:10:52.613601 836307 Sensor.h:87] Deconstructing Sensor
I1008 16:10:52.613749 836307 Sensor.h:87] Deconstructing Sensor
I1008 16:10:52.613873 836307 Sensor.h:87] Deconstructing Sensor
I1008 16:10:52.614002 836307 Sensor.h:87] Deconstructing Sensor
I1008 16:10:52.614120 836307 Sensor.h:87] Deconstructing Sensor
I1008 16:10:52.614243 836307 Sensor.h:87] Deconstructing Sensor
I1008 16:10:52.614365 836307 Sensor.h:87] Deconstructing Sensor
I1008 16:10:52.614482 836307 Sensor.h:87] Deconstructing Sensor
I1008 16:10:52.614603 836307 Sensor.h:87] Deconstructing Sensor
I1008 16:10:52.617059 836307 Sensor.h:87] Deconstructing Sensor
I1008 16:10:52.617292 836307 Sensor.h:87] Deconstructing Sensor
I1008 16:10:52.617444 836307 Sensor.h:87] Deconstructing Sensor
I1008 16:10:52.617599 836307 Sensor.h:87] Deconstructing Sensor
I1008 16:10:52.617748 836307 Sensor.h:87] Deconstructing Sensor
I1008 16:10:52.617879 836307 Sensor.h:87] Deconstructing Sensor
I1008 16:10:52.618014 836307 Sensor.h:87] Deconstructing Sensor
I1008 16:10:52.618145 836307 Sensor.h:87] Deconstructing Sensor
I1008 16:10:52.618276 836307 Sensor.h:87] Deconstructing Sensor
I1008 16:10:52.618402 836307 Sensor.h:87] Deconstructing Sensor
I1008 16:10:52.618535 836307 Sensor.h:87] Deconstructing Sensor
I1008 16:10:52.618619 836307 Sensor.h:87] Deconstructing Sensor
I1008 16:10:52.624704 836307 Renderer.cpp:34] Deconstructing Renderer
I1008 16:10:52.624732 836307 WindowlessContext.h:17] Deconstructing WindowlessContext
I1008 16:10:52.628294 836307 MetadataMediator.cpp:56] MetadataMediator::setActiveSceneDatasetName : Old active dataset default changed to default successfully.
I1008 16:10:52.630173 836307 AttributesManagerBase.h:283] AttributesManager<T>::createFromJsonOrDefaultInternal  (Physics Manager) : Proposing JSON name : ./data/default.physics_config.json from original name : ./data/default.physics_config.json | This file  does not exist.
I1008 16:10:52.630218 836307 PhysicsAttributesManager.cpp:27] File (./data/default.physics_config.json) not found, so new default physics manager attributes created and registered.
I1008 16:10:52.630225 836307 AbstractObjectAttributesManagerBase.h:175] AbstractObjectAttributesManager<T>::createObject  (Stage) : Making attributes with handle : data/scene_datasets/mp3d/D7N2EKCX4Sj/D7N2EKCX4Sj.glb
I1008 16:10:52.630229 836307 ManagedContainerBase.cpp:19] ManagedContainerBase::convertFilenameToJSON : Filename : data/scene_datasets/mp3d/D7N2EKCX4Sj/D7N2EKCX4Sj.glb changed to proposed JSON configuration filename : data/scene_datasets/mp3d/D7N2EKCX4Sj/D7N2EKCX4Sj.stage_config.json
I1008 16:10:52.630249 836307 AttributesManagerBase.h:283] AttributesManager<T>::createFromJsonOrDefaultInternal  (Stage) : Proposing JSON name : data/scene_datasets/mp3d/D7N2EKCX4Sj/D7N2EKCX4Sj.stage_config.json from original name : data/scene_datasets/mp3d/D7N2EKCX4Sj/D7N2EKCX4Sj.glb | This file  does not exist.
I1008 16:10:52.630298 836307 AbstractObjectAttributesManagerBase.h:181] AbstractObjectAttributesManager<T>::createObject  (Stage) : Done making attributes with handle : data/scene_datasets/mp3d/D7N2EKCX4Sj/D7N2EKCX4Sj.glb
I1008 16:10:52.630300 836307 AbstractObjectAttributesManagerBase.h:188] File (data/scene_datasets/mp3d/D7N2EKCX4Sj/D7N2EKCX4Sj.glb) exists but is not a recognized config filename extension, so new default Stage attributes created and registered.
I1008 16:10:52.630303 836307 Simulator.cpp:156] Loading navmesh from data/scene_datasets/mp3d/D7N2EKCX4Sj/D7N2EKCX4Sj.navmesh
I1008 16:10:52.630808 836307 Simulator.cpp:158] Loaded.
I1008 16:10:52.630818 836307 SceneGraph.h:93] Created DrawableGroup: 
I1008 16:10:52.634654 836307 ResourceManager.cpp:234] ResourceManager::loadStage : Not loading semantic mesh
I1008 16:10:52.634670 836307 ResourceManager.cpp:262] ResourceManager::loadStage : start load render asset data/scene_datasets/mp3d/D7N2EKCX4Sj/D7N2EKCX4Sj.glb.
I1008 16:10:52.634672 836307 ResourceManager.cpp:569] ResourceManager::loadStageInternal : Attempting to load stage data/scene_datasets/mp3d/D7N2EKCX4Sj/D7N2EKCX4Sj.glb 
I1008 16:10:52.634697 836307 ResourceManager.cpp:1119] Importing Basis files as BC7 for D7N2EKCX4Sj.glb
W1008 16:10:57.310964 836307 Simulator.cpp:248] :
---
 The active scene does not contain semantic annotations. 
---
I1008 16:10:57.453450 836307 simulator.py:213] Loaded navmesh data/scene_datasets/mp3d/D7N2EKCX4Sj/D7N2EKCX4Sj.navmesh
I1008 16:11:01.132438 836307 PhysicsManager.cpp:33] Deconstructing PhysicsManager
I1008 16:11:01.132472 836307 SemanticScene.h:41] Deconstructing SemanticScene
I1008 16:11:01.147789 836307 SceneManager.h:25] Deconstructing SceneManager
I1008 16:11:01.147820 836307 SceneGraph.h:26] Deconstructing SceneGraph
I1008 16:11:01.148595 836307 Sensor.h:87] Deconstructing Sensor
I1008 16:11:01.150213 836307 Sensor.h:87] Deconstructing Sensor
I1008 16:11:01.150332 836307 Sensor.h:87] Deconstructing Sensor
I1008 16:11:01.150449 836307 Sensor.h:87] Deconstructing Sensor
I1008 16:11:01.150565 836307 Sensor.h:87] Deconstructing Sensor
I1008 16:11:01.150687 836307 Sensor.h:87] Deconstructing Sensor
I1008 16:11:01.150854 836307 Sensor.h:87] Deconstructing Sensor
I1008 16:11:01.150974 836307 Sensor.h:87] Deconstructing Sensor
I1008 16:11:01.151095 836307 Sensor.h:87] Deconstructing Sensor
I1008 16:11:01.151206 836307 Sensor.h:87] Deconstructing Sensor
I1008 16:11:01.151317 836307 Sensor.h:87] Deconstructing Sensor
I1008 16:11:01.151432 836307 Sensor.h:87] Deconstructing Sensor
I1008 16:11:01.151535 836307 Sensor.h:87] Deconstructing Sensor
I1008 16:11:01.151679 836307 Sensor.h:87] Deconstructing Sensor
I1008 16:11:01.151818 836307 Sensor.h:87] Deconstructing Sensor
I1008 16:11:01.151945 836307 Sensor.h:87] Deconstructing Sensor
I1008 16:11:01.152079 836307 Sensor.h:87] Deconstructing Sensor
I1008 16:11:01.152211 836307 Sensor.h:87] Deconstructing Sensor
I1008 16:11:01.152338 836307 Sensor.h:87] Deconstructing Sensor
I1008 16:11:01.152465 836307 Sensor.h:87] Deconstructing Sensor
I1008 16:11:01.152597 836307 Sensor.h:87] Deconstructing Sensor
I1008 16:11:01.152729 836307 Sensor.h:87] Deconstructing Sensor
I1008 16:11:01.152864 836307 Sensor.h:87] Deconstructing Sensor
I1008 16:11:01.152966 836307 Sensor.h:87] Deconstructing Sensor
I1008 16:11:01.162055 836307 Renderer.cpp:34] Deconstructing Renderer
I1008 16:11:01.162084 836307 WindowlessContext.h:17] Deconstructing WindowlessContext
I1008 16:11:01.169224 836307 MetadataMediator.cpp:56] MetadataMediator::setActiveSceneDatasetName : Old active dataset default changed to default successfully.
I1008 16:11:01.171624 836307 AttributesManagerBase.h:283] AttributesManager<T>::createFromJsonOrDefaultInternal  (Physics Manager) : Proposing JSON name : ./data/default.physics_config.json from original name : ./data/default.physics_config.json | This file  does not exist.
I1008 16:11:01.171671 836307 PhysicsAttributesManager.cpp:27] File (./data/default.physics_config.json) not found, so new default physics manager attributes created and registered.
I1008 16:11:01.171679 836307 AbstractObjectAttributesManagerBase.h:175] AbstractObjectAttributesManager<T>::createObject  (Stage) : Making attributes with handle : data/scene_datasets/mp3d/PX4nDJXEHrG/PX4nDJXEHrG.glb
I1008 16:11:01.171682 836307 ManagedContainerBase.cpp:19] ManagedContainerBase::convertFilenameToJSON : Filename : data/scene_datasets/mp3d/PX4nDJXEHrG/PX4nDJXEHrG.glb changed to proposed JSON configuration filename : data/scene_datasets/mp3d/PX4nDJXEHrG/PX4nDJXEHrG.stage_config.json
I1008 16:11:01.171700 836307 AttributesManagerBase.h:283] AttributesManager<T>::createFromJsonOrDefaultInternal  (Stage) : Proposing JSON name : data/scene_datasets/mp3d/PX4nDJXEHrG/PX4nDJXEHrG.stage_config.json from original name : data/scene_datasets/mp3d/PX4nDJXEHrG/PX4nDJXEHrG.glb | This file  does not exist.
I1008 16:11:01.171751 836307 AbstractObjectAttributesManagerBase.h:181] AbstractObjectAttributesManager<T>::createObject  (Stage) : Done making attributes with handle : data/scene_datasets/mp3d/PX4nDJXEHrG/PX4nDJXEHrG.glb
I1008 16:11:01.171751 836307 AbstractObjectAttributesManagerBase.h:188] File (data/scene_datasets/mp3d/PX4nDJXEHrG/PX4nDJXEHrG.glb) exists but is not a recognized config filename extension, so new default Stage attributes created and registered.
I1008 16:11:01.171765 836307 Simulator.cpp:156] Loading navmesh from data/scene_datasets/mp3d/PX4nDJXEHrG/PX4nDJXEHrG.navmesh
I1008 16:11:01.172147 836307 Simulator.cpp:158] Loaded.
I1008 16:11:01.172154 836307 SceneGraph.h:93] Created DrawableGroup: 
I1008 16:11:01.176391 836307 ResourceManager.cpp:234] ResourceManager::loadStage : Not loading semantic mesh
I1008 16:11:01.176407 836307 ResourceManager.cpp:262] ResourceManager::loadStage : start load render asset data/scene_datasets/mp3d/PX4nDJXEHrG/PX4nDJXEHrG.glb.
I1008 16:11:01.176409 836307 ResourceManager.cpp:569] ResourceManager::loadStageInternal : Attempting to load stage data/scene_datasets/mp3d/PX4nDJXEHrG/PX4nDJXEHrG.glb 
I1008 16:11:01.176440 836307 ResourceManager.cpp:1119] Importing Basis files as BC7 for PX4nDJXEHrG.glb
W1008 16:11:04.047868 836307 Simulator.cpp:248] :
---
 The active scene does not contain semantic annotations. 
---
I1008 16:11:04.168532 836307 simulator.py:213] Loaded navmesh data/scene_datasets/mp3d/PX4nDJXEHrG/PX4nDJXEHrG.navmesh
I1008 16:11:05.443034 836307 PhysicsManager.cpp:33] Deconstructing PhysicsManager
I1008 16:11:05.443097 836307 SemanticScene.h:41] Deconstructing SemanticScene
I1008 16:11:05.463724 836307 SceneManager.h:25] Deconstructing SceneManager
I1008 16:11:05.463771 836307 SceneGraph.h:26] Deconstructing SceneGraph
I1008 16:11:05.464386 836307 Sensor.h:87] Deconstructing Sensor
I1008 16:11:05.466323 836307 Sensor.h:87] Deconstructing Sensor
I1008 16:11:05.466475 836307 Sensor.h:87] Deconstructing Sensor
I1008 16:11:05.466609 836307 Sensor.h:87] Deconstructing Sensor
I1008 16:11:05.466740 836307 Sensor.h:87] Deconstructing Sensor
I1008 16:11:05.466862 836307 Sensor.h:87] Deconstructing Sensor
I1008 16:11:05.466989 836307 Sensor.h:87] Deconstructing Sensor
I1008 16:11:05.467108 836307 Sensor.h:87] Deconstructing Sensor
I1008 16:11:05.467238 836307 Sensor.h:87] Deconstructing Sensor
I1008 16:11:05.467366 836307 Sensor.h:87] Deconstructing Sensor
I1008 16:11:05.467490 836307 Sensor.h:87] Deconstructing Sensor
I1008 16:11:05.467622 836307 Sensor.h:87] Deconstructing Sensor
I1008 16:11:05.467749 836307 Sensor.h:87] Deconstructing Sensor
I1008 16:11:05.467938 836307 Sensor.h:87] Deconstructing Sensor
I1008 16:11:05.468106 836307 Sensor.h:87] Deconstructing Sensor
I1008 16:11:05.468259 836307 Sensor.h:87] Deconstructing Sensor
I1008 16:11:05.468438 836307 Sensor.h:87] Deconstructing Sensor
I1008 16:11:05.468604 836307 Sensor.h:87] Deconstructing Sensor
I1008 16:11:05.468771 836307 Sensor.h:87] Deconstructing Sensor
I1008 16:11:05.468940 836307 Sensor.h:87] Deconstructing Sensor
I1008 16:11:05.469098 836307 Sensor.h:87] Deconstructing Sensor
I1008 16:11:05.469264 836307 Sensor.h:87] Deconstructing Sensor
I1008 16:11:05.469429 836307 Sensor.h:87] Deconstructing Sensor
I1008 16:11:05.469569 836307 Sensor.h:87] Deconstructing Sensor
I1008 16:11:05.482523 836307 Renderer.cpp:34] Deconstructing Renderer
I1008 16:11:05.482571 836307 WindowlessContext.h:17] Deconstructing WindowlessContext
I1008 16:11:05.490546 836307 MetadataMediator.cpp:56] MetadataMediator::setActiveSceneDatasetName : Old active dataset default changed to default successfully.
I1008 16:11:05.493254 836307 AttributesManagerBase.h:283] AttributesManager<T>::createFromJsonOrDefaultInternal  (Physics Manager) : Proposing JSON name : ./data/default.physics_config.json from original name : ./data/default.physics_config.json | This file  does not exist.
I1008 16:11:05.493304 836307 PhysicsAttributesManager.cpp:27] File (./data/default.physics_config.json) not found, so new default physics manager attributes created and registered.
I1008 16:11:05.493311 836307 AbstractObjectAttributesManagerBase.h:175] AbstractObjectAttributesManager<T>::createObject  (Stage) : Making attributes with handle : data/scene_datasets/mp3d/qoiz87JEwZ2/qoiz87JEwZ2.glb
I1008 16:11:05.493315 836307 ManagedContainerBase.cpp:19] ManagedContainerBase::convertFilenameToJSON : Filename : data/scene_datasets/mp3d/qoiz87JEwZ2/qoiz87JEwZ2.glb changed to proposed JSON configuration filename : data/scene_datasets/mp3d/qoiz87JEwZ2/qoiz87JEwZ2.stage_config.json
I1008 16:11:05.493345 836307 AttributesManagerBase.h:283] AttributesManager<T>::createFromJsonOrDefaultInternal  (Stage) : Proposing JSON name : data/scene_datasets/mp3d/qoiz87JEwZ2/qoiz87JEwZ2.stage_config.json from original name : data/scene_datasets/mp3d/qoiz87JEwZ2/qoiz87JEwZ2.glb | This file  does not exist.
I1008 16:11:05.493402 836307 AbstractObjectAttributesManagerBase.h:181] AbstractObjectAttributesManager<T>::createObject  (Stage) : Done making attributes with handle : data/scene_datasets/mp3d/qoiz87JEwZ2/qoiz87JEwZ2.glb
I1008 16:11:05.493404 836307 AbstractObjectAttributesManagerBase.h:188] File (data/scene_datasets/mp3d/qoiz87JEwZ2/qoiz87JEwZ2.glb) exists but is not a recognized config filename extension, so new default Stage attributes created and registered.
I1008 16:11:05.493408 836307 Simulator.cpp:156] Loading navmesh from data/scene_datasets/mp3d/qoiz87JEwZ2/qoiz87JEwZ2.navmesh
I1008 16:11:05.493610 836307 Simulator.cpp:158] Loaded.
I1008 16:11:05.493618 836307 SceneGraph.h:93] Created DrawableGroup: 
I1008 16:11:05.498399 836307 ResourceManager.cpp:234] ResourceManager::loadStage : Not loading semantic mesh
I1008 16:11:05.498420 836307 ResourceManager.cpp:262] ResourceManager::loadStage : start load render asset data/scene_datasets/mp3d/qoiz87JEwZ2/qoiz87JEwZ2.glb.
I1008 16:11:05.498421 836307 ResourceManager.cpp:569] ResourceManager::loadStageInternal : Attempting to load stage data/scene_datasets/mp3d/qoiz87JEwZ2/qoiz87JEwZ2.glb 
I1008 16:11:05.498452 836307 ResourceManager.cpp:1119] Importing Basis files as BC7 for qoiz87JEwZ2.glb
W1008 16:11:07.378566 836307 Simulator.cpp:248] :
---
 The active scene does not contain semantic annotations. 
---
I1008 16:11:07.459893 836307 simulator.py:213] Loaded navmesh data/scene_datasets/mp3d/qoiz87JEwZ2/qoiz87JEwZ2.navmesh
I1008 16:11:08.196146 836307 PhysicsManager.cpp:33] Deconstructing PhysicsManager
I1008 16:11:08.196170 836307 SemanticScene.h:41] Deconstructing SemanticScene
I1008 16:11:08.204097 836307 SceneManager.h:25] Deconstructing SceneManager
I1008 16:11:08.204118 836307 SceneGraph.h:26] Deconstructing SceneGraph
I1008 16:11:08.204612 836307 Sensor.h:87] Deconstructing Sensor
I1008 16:11:08.205787 836307 Sensor.h:87] Deconstructing Sensor
I1008 16:11:08.205973 836307 Sensor.h:87] Deconstructing Sensor
I1008 16:11:08.206099 836307 Sensor.h:87] Deconstructing Sensor
I1008 16:11:08.206219 836307 Sensor.h:87] Deconstructing Sensor
I1008 16:11:08.206334 836307 Sensor.h:87] Deconstructing Sensor
I1008 16:11:08.206461 836307 Sensor.h:87] Deconstructing Sensor
I1008 16:11:08.206578 836307 Sensor.h:87] Deconstructing Sensor
I1008 16:11:08.206701 836307 Sensor.h:87] Deconstructing Sensor
I1008 16:11:08.206841 836307 Sensor.h:87] Deconstructing Sensor
I1008 16:11:08.206952 836307 Sensor.h:87] Deconstructing Sensor
I1008 16:11:08.207070 836307 Sensor.h:87] Deconstructing Sensor
I1008 16:11:08.207185 836307 Sensor.h:87] Deconstructing Sensor
I1008 16:11:08.207356 836307 Sensor.h:87] Deconstructing Sensor
I1008 16:11:08.207520 836307 Sensor.h:87] Deconstructing Sensor
I1008 16:11:08.207654 836307 Sensor.h:87] Deconstructing Sensor
I1008 16:11:08.207804 836307 Sensor.h:87] Deconstructing Sensor
I1008 16:11:08.207937 836307 Sensor.h:87] Deconstructing Sensor
I1008 16:11:08.208077 836307 Sensor.h:87] Deconstructing Sensor
I1008 16:11:08.208220 836307 Sensor.h:87] Deconstructing Sensor
I1008 16:11:08.208349 836307 Sensor.h:87] Deconstructing Sensor
I1008 16:11:08.208478 836307 Sensor.h:87] Deconstructing Sensor
I1008 16:11:08.208611 836307 Sensor.h:87] Deconstructing Sensor
I1008 16:11:08.208822 836307 Sensor.h:87] Deconstructing Sensor
I1008 16:11:08.217803 836307 Renderer.cpp:34] Deconstructing Renderer
I1008 16:11:08.217837 836307 WindowlessContext.h:17] Deconstructing WindowlessContext
I1008 16:11:08.221449 836307 MetadataMediator.cpp:56] MetadataMediator::setActiveSceneDatasetName : Old active dataset default changed to default successfully.
I1008 16:11:08.223647 836307 AttributesManagerBase.h:283] AttributesManager<T>::createFromJsonOrDefaultInternal  (Physics Manager) : Proposing JSON name : ./data/default.physics_config.json from original name : ./data/default.physics_config.json | This file  does not exist.
I1008 16:11:08.223694 836307 PhysicsAttributesManager.cpp:27] File (./data/default.physics_config.json) not found, so new default physics manager attributes created and registered.
I1008 16:11:08.223701 836307 AbstractObjectAttributesManagerBase.h:175] AbstractObjectAttributesManager<T>::createObject  (Stage) : Making attributes with handle : data/scene_datasets/mp3d/JmbYfDe2QKZ/JmbYfDe2QKZ.glb
I1008 16:11:08.223706 836307 ManagedContainerBase.cpp:19] ManagedContainerBase::convertFilenameToJSON : Filename : data/scene_datasets/mp3d/JmbYfDe2QKZ/JmbYfDe2QKZ.glb changed to proposed JSON configuration filename : data/scene_datasets/mp3d/JmbYfDe2QKZ/JmbYfDe2QKZ.stage_config.json
I1008 16:11:08.223721 836307 AttributesManagerBase.h:283] AttributesManager<T>::createFromJsonOrDefaultInternal  (Stage) : Proposing JSON name : data/scene_datasets/mp3d/JmbYfDe2QKZ/JmbYfDe2QKZ.stage_config.json from original name : data/scene_datasets/mp3d/JmbYfDe2QKZ/JmbYfDe2QKZ.glb | This file  does not exist.
I1008 16:11:08.223771 836307 AbstractObjectAttributesManagerBase.h:181] AbstractObjectAttributesManager<T>::createObject  (Stage) : Done making attributes with handle : data/scene_datasets/mp3d/JmbYfDe2QKZ/JmbYfDe2QKZ.glb
I1008 16:11:08.223773 836307 AbstractObjectAttributesManagerBase.h:188] File (data/scene_datasets/mp3d/JmbYfDe2QKZ/JmbYfDe2QKZ.glb) exists but is not a recognized config filename extension, so new default Stage attributes created and registered.
I1008 16:11:08.223775 836307 Simulator.cpp:156] Loading navmesh from data/scene_datasets/mp3d/JmbYfDe2QKZ/JmbYfDe2QKZ.navmesh
I1008 16:11:08.223888 836307 Simulator.cpp:158] Loaded.
I1008 16:11:08.223894 836307 SceneGraph.h:93] Created DrawableGroup: 
I1008 16:11:08.227785 836307 ResourceManager.cpp:234] ResourceManager::loadStage : Not loading semantic mesh
I1008 16:11:08.227795 836307 ResourceManager.cpp:262] ResourceManager::loadStage : start load render asset data/scene_datasets/mp3d/JmbYfDe2QKZ/JmbYfDe2QKZ.glb.
I1008 16:11:08.227797 836307 ResourceManager.cpp:569] ResourceManager::loadStageInternal : Attempting to load stage data/scene_datasets/mp3d/JmbYfDe2QKZ/JmbYfDe2QKZ.glb 
I1008 16:11:08.227819 836307 ResourceManager.cpp:1119] Importing Basis files as BC7 for JmbYfDe2QKZ.glb
W1008 16:11:09.504644 836307 Simulator.cpp:248] :
---
 The active scene does not contain semantic annotations. 
---
I1008 16:11:09.567528 836307 simulator.py:213] Loaded navmesh data/scene_datasets/mp3d/JmbYfDe2QKZ/JmbYfDe2QKZ.navmesh
I1008 16:11:10.391657 836307 PhysicsManager.cpp:33] Deconstructing PhysicsManager
I1008 16:11:10.391686 836307 SemanticScene.h:41] Deconstructing SemanticScene
I1008 16:11:10.397905 836307 SceneManager.h:25] Deconstructing SceneManager
I1008 16:11:10.397922 836307 SceneGraph.h:26] Deconstructing SceneGraph
I1008 16:11:10.398388 836307 Sensor.h:87] Deconstructing Sensor
I1008 16:11:10.399322 836307 Sensor.h:87] Deconstructing Sensor
I1008 16:11:10.399444 836307 Sensor.h:87] Deconstructing Sensor
I1008 16:11:10.399566 836307 Sensor.h:87] Deconstructing Sensor
I1008 16:11:10.399688 836307 Sensor.h:87] Deconstructing Sensor
I1008 16:11:10.399799 836307 Sensor.h:87] Deconstructing Sensor
I1008 16:11:10.399914 836307 Sensor.h:87] Deconstructing Sensor
I1008 16:11:10.400027 836307 Sensor.h:87] Deconstructing Sensor
I1008 16:11:10.400143 836307 Sensor.h:87] Deconstructing Sensor
I1008 16:11:10.400245 836307 Sensor.h:87] Deconstructing Sensor
I1008 16:11:10.400343 836307 Sensor.h:87] Deconstructing Sensor
I1008 16:11:10.400444 836307 Sensor.h:87] Deconstructing Sensor
I1008 16:11:10.400544 836307 Sensor.h:87] Deconstructing Sensor
I1008 16:11:10.400683 836307 Sensor.h:87] Deconstructing Sensor
I1008 16:11:10.400820 836307 Sensor.h:87] Deconstructing Sensor
I1008 16:11:10.400942 836307 Sensor.h:87] Deconstructing Sensor
I1008 16:11:10.401083 836307 Sensor.h:87] Deconstructing Sensor
I1008 16:11:10.401209 836307 Sensor.h:87] Deconstructing Sensor
I1008 16:11:10.401336 836307 Sensor.h:87] Deconstructing Sensor
I1008 16:11:10.401461 836307 Sensor.h:87] Deconstructing Sensor
I1008 16:11:10.401584 836307 Sensor.h:87] Deconstructing Sensor
I1008 16:11:10.401712 836307 Sensor.h:87] Deconstructing Sensor
I1008 16:11:10.401845 836307 Sensor.h:87] Deconstructing Sensor
I1008 16:11:10.401932 836307 Sensor.h:87] Deconstructing Sensor
I1008 16:11:10.406906 836307 Renderer.cpp:34] Deconstructing Renderer
I1008 16:11:10.406934 836307 WindowlessContext.h:17] Deconstructing WindowlessContext
I1008 16:11:10.409888 836307 MetadataMediator.cpp:56] MetadataMediator::setActiveSceneDatasetName : Old active dataset default changed to default successfully.
I1008 16:11:10.411968 836307 AttributesManagerBase.h:283] AttributesManager<T>::createFromJsonOrDefaultInternal  (Physics Manager) : Proposing JSON name : ./data/default.physics_config.json from original name : ./data/default.physics_config.json | This file  does not exist.
I1008 16:11:10.412017 836307 PhysicsAttributesManager.cpp:27] File (./data/default.physics_config.json) not found, so new default physics manager attributes created and registered.
I1008 16:11:10.412024 836307 AbstractObjectAttributesManagerBase.h:175] AbstractObjectAttributesManager<T>::createObject  (Stage) : Making attributes with handle : data/scene_datasets/mp3d/2n8kARJN3HM/2n8kARJN3HM.glb
I1008 16:11:10.412029 836307 ManagedContainerBase.cpp:19] ManagedContainerBase::convertFilenameToJSON : Filename : data/scene_datasets/mp3d/2n8kARJN3HM/2n8kARJN3HM.glb changed to proposed JSON configuration filename : data/scene_datasets/mp3d/2n8kARJN3HM/2n8kARJN3HM.stage_config.json
I1008 16:11:10.412047 836307 AttributesManagerBase.h:283] AttributesManager<T>::createFromJsonOrDefaultInternal  (Stage) : Proposing JSON name : data/scene_datasets/mp3d/2n8kARJN3HM/2n8kARJN3HM.stage_config.json from original name : data/scene_datasets/mp3d/2n8kARJN3HM/2n8kARJN3HM.glb | This file  does not exist.
I1008 16:11:10.412102 836307 AbstractObjectAttributesManagerBase.h:181] AbstractObjectAttributesManager<T>::createObject  (Stage) : Done making attributes with handle : data/scene_datasets/mp3d/2n8kARJN3HM/2n8kARJN3HM.glb
I1008 16:11:10.412103 836307 AbstractObjectAttributesManagerBase.h:188] File (data/scene_datasets/mp3d/2n8kARJN3HM/2n8kARJN3HM.glb) exists but is not a recognized config filename extension, so new default Stage attributes created and registered.
I1008 16:11:10.412107 836307 Simulator.cpp:156] Loading navmesh from data/scene_datasets/mp3d/2n8kARJN3HM/2n8kARJN3HM.navmesh
I1008 16:11:10.412413 836307 Simulator.cpp:158] Loaded.
I1008 16:11:10.412422 836307 SceneGraph.h:93] Created DrawableGroup: 
I1008 16:11:10.418504 836307 ResourceManager.cpp:234] ResourceManager::loadStage : Not loading semantic mesh
I1008 16:11:10.418519 836307 ResourceManager.cpp:262] ResourceManager::loadStage : start load render asset data/scene_datasets/mp3d/2n8kARJN3HM/2n8kARJN3HM.glb.
I1008 16:11:10.418521 836307 ResourceManager.cpp:569] ResourceManager::loadStageInternal : Attempting to load stage data/scene_datasets/mp3d/2n8kARJN3HM/2n8kARJN3HM.glb 
I1008 16:11:10.418551 836307 ResourceManager.cpp:1119] Importing Basis files as BC7 for 2n8kARJN3HM.glb
W1008 16:11:13.483454 836307 Simulator.cpp:248] :
---
 The active scene does not contain semantic annotations. 
---
I1008 16:11:13.567151 836307 simulator.py:213] Loaded navmesh data/scene_datasets/mp3d/2n8kARJN3HM/2n8kARJN3HM.navmesh
I1008 16:11:15.106858 836307 PhysicsManager.cpp:33] Deconstructing PhysicsManager
I1008 16:11:15.106894 836307 SemanticScene.h:41] Deconstructing SemanticScene
I1008 16:11:15.116995 836307 SceneManager.h:25] Deconstructing SceneManager
I1008 16:11:15.117012 836307 SceneGraph.h:26] Deconstructing SceneGraph
I1008 16:11:15.117589 836307 Sensor.h:87] Deconstructing Sensor
I1008 16:11:15.118732 836307 Sensor.h:87] Deconstructing Sensor
I1008 16:11:15.118861 836307 Sensor.h:87] Deconstructing Sensor
I1008 16:11:15.118996 836307 Sensor.h:87] Deconstructing Sensor
I1008 16:11:15.119112 836307 Sensor.h:87] Deconstructing Sensor
I1008 16:11:15.119225 836307 Sensor.h:87] Deconstructing Sensor
I1008 16:11:15.119341 836307 Sensor.h:87] Deconstructing Sensor
I1008 16:11:15.119449 836307 Sensor.h:87] Deconstructing Sensor
I1008 16:11:15.119562 836307 Sensor.h:87] Deconstructing Sensor
I1008 16:11:15.119676 836307 Sensor.h:87] Deconstructing Sensor
I1008 16:11:15.119791 836307 Sensor.h:87] Deconstructing Sensor
I1008 16:11:15.119901 836307 Sensor.h:87] Deconstructing Sensor
I1008 16:11:15.120007 836307 Sensor.h:87] Deconstructing Sensor
I1008 16:11:15.120152 836307 Sensor.h:87] Deconstructing Sensor
I1008 16:11:15.120306 836307 Sensor.h:87] Deconstructing Sensor
I1008 16:11:15.120433 836307 Sensor.h:87] Deconstructing Sensor
I1008 16:11:15.120565 836307 Sensor.h:87] Deconstructing Sensor
I1008 16:11:15.120710 836307 Sensor.h:87] Deconstructing Sensor
I1008 16:11:15.120849 836307 Sensor.h:87] Deconstructing Sensor
I1008 16:11:15.120983 836307 Sensor.h:87] Deconstructing Sensor
I1008 16:11:15.121112 836307 Sensor.h:87] Deconstructing Sensor
I1008 16:11:15.121240 836307 Sensor.h:87] Deconstructing Sensor
I1008 16:11:15.121373 836307 Sensor.h:87] Deconstructing Sensor
I1008 16:11:15.121459 836307 Sensor.h:87] Deconstructing Sensor
I1008 16:11:15.132656 836307 Renderer.cpp:34] Deconstructing Renderer
I1008 16:11:15.132699 836307 WindowlessContext.h:17] Deconstructing WindowlessContext
I1008 16:11:15.139178 836307 MetadataMediator.cpp:56] MetadataMediator::setActiveSceneDatasetName : Old active dataset default changed to default successfully.
I1008 16:11:15.141461 836307 AttributesManagerBase.h:283] AttributesManager<T>::createFromJsonOrDefaultInternal  (Physics Manager) : Proposing JSON name : ./data/default.physics_config.json from original name : ./data/default.physics_config.json | This file  does not exist.
I1008 16:11:15.141507 836307 PhysicsAttributesManager.cpp:27] File (./data/default.physics_config.json) not found, so new default physics manager attributes created and registered.
I1008 16:11:15.141515 836307 AbstractObjectAttributesManagerBase.h:175] AbstractObjectAttributesManager<T>::createObject  (Stage) : Making attributes with handle : data/scene_datasets/mp3d/D7N2EKCX4Sj/D7N2EKCX4Sj.glb
I1008 16:11:15.141518 836307 ManagedContainerBase.cpp:19] ManagedContainerBase::convertFilenameToJSON : Filename : data/scene_datasets/mp3d/D7N2EKCX4Sj/D7N2EKCX4Sj.glb changed to proposed JSON configuration filename : data/scene_datasets/mp3d/D7N2EKCX4Sj/D7N2EKCX4Sj.stage_config.json
I1008 16:11:15.141537 836307 AttributesManagerBase.h:283] AttributesManager<T>::createFromJsonOrDefaultInternal  (Stage) : Proposing JSON name : data/scene_datasets/mp3d/D7N2EKCX4Sj/D7N2EKCX4Sj.stage_config.json from original name : data/scene_datasets/mp3d/D7N2EKCX4Sj/D7N2EKCX4Sj.glb | This file  does not exist.
I1008 16:11:15.141587 836307 AbstractObjectAttributesManagerBase.h:181] AbstractObjectAttributesManager<T>::createObject  (Stage) : Done making attributes with handle : data/scene_datasets/mp3d/D7N2EKCX4Sj/D7N2EKCX4Sj.glb
I1008 16:11:15.141589 836307 AbstractObjectAttributesManagerBase.h:188] File (data/scene_datasets/mp3d/D7N2EKCX4Sj/D7N2EKCX4Sj.glb) exists but is not a recognized config filename extension, so new default Stage attributes created and registered.
I1008 16:11:15.141593 836307 Simulator.cpp:156] Loading navmesh from data/scene_datasets/mp3d/D7N2EKCX4Sj/D7N2EKCX4Sj.navmesh
I1008 16:11:15.142091 836307 Simulator.cpp:158] Loaded.
I1008 16:11:15.142100 836307 SceneGraph.h:93] Created DrawableGroup: 
I1008 16:11:15.146095 836307 ResourceManager.cpp:234] ResourceManager::loadStage : Not loading semantic mesh
I1008 16:11:15.146107 836307 ResourceManager.cpp:262] ResourceManager::loadStage : start load render asset data/scene_datasets/mp3d/D7N2EKCX4Sj/D7N2EKCX4Sj.glb.
I1008 16:11:15.146109 836307 ResourceManager.cpp:569] ResourceManager::loadStageInternal : Attempting to load stage data/scene_datasets/mp3d/D7N2EKCX4Sj/D7N2EKCX4Sj.glb 
I1008 16:11:15.146139 836307 ResourceManager.cpp:1119] Importing Basis files as BC7 for D7N2EKCX4Sj.glb
W1008 16:11:20.196391 836307 Simulator.cpp:248] :
---
 The active scene does not contain semantic annotations. 
---
I1008 16:11:20.320255 836307 simulator.py:213] Loaded navmesh data/scene_datasets/mp3d/D7N2EKCX4Sj/D7N2EKCX4Sj.navmesh
I1008 16:11:22.175637 836307 PhysicsManager.cpp:33] Deconstructing PhysicsManager
I1008 16:11:22.175668 836307 SemanticScene.h:41] Deconstructing SemanticScene
I1008 16:11:22.185161 836307 SceneManager.h:25] Deconstructing SceneManager
I1008 16:11:22.185187 836307 SceneGraph.h:26] Deconstructing SceneGraph
I1008 16:11:22.185724 836307 Sensor.h:87] Deconstructing Sensor
I1008 16:11:22.186440 836307 Sensor.h:87] Deconstructing Sensor
I1008 16:11:22.186553 836307 Sensor.h:87] Deconstructing Sensor
I1008 16:11:22.186666 836307 Sensor.h:87] Deconstructing Sensor
I1008 16:11:22.186769 836307 Sensor.h:87] Deconstructing Sensor
I1008 16:11:22.186872 836307 Sensor.h:87] Deconstructing Sensor
I1008 16:11:22.186976 836307 Sensor.h:87] Deconstructing Sensor
I1008 16:11:22.187074 836307 Sensor.h:87] Deconstructing Sensor
I1008 16:11:22.187178 836307 Sensor.h:87] Deconstructing Sensor
I1008 16:11:22.187276 836307 Sensor.h:87] Deconstructing Sensor
I1008 16:11:22.187382 836307 Sensor.h:87] Deconstructing Sensor
I1008 16:11:22.187484 836307 Sensor.h:87] Deconstructing Sensor
I1008 16:11:22.187587 836307 Sensor.h:87] Deconstructing Sensor
I1008 16:11:22.187731 836307 Sensor.h:87] Deconstructing Sensor
I1008 16:11:22.188027 836307 Sensor.h:87] Deconstructing Sensor
I1008 16:11:22.188179 836307 Sensor.h:87] Deconstructing Sensor
I1008 16:11:22.188314 836307 Sensor.h:87] Deconstructing Sensor
I1008 16:11:22.188444 836307 Sensor.h:87] Deconstructing Sensor
I1008 16:11:22.188575 836307 Sensor.h:87] Deconstructing Sensor
I1008 16:11:22.188715 836307 Sensor.h:87] Deconstructing Sensor
I1008 16:11:22.188848 836307 Sensor.h:87] Deconstructing Sensor
I1008 16:11:22.188972 836307 Sensor.h:87] Deconstructing Sensor
I1008 16:11:22.189106 836307 Sensor.h:87] Deconstructing Sensor
I1008 16:11:22.189275 836307 Sensor.h:87] Deconstructing Sensor
I1008 16:11:22.199947 836307 Renderer.cpp:34] Deconstructing Renderer
I1008 16:11:22.199980 836307 WindowlessContext.h:17] Deconstructing WindowlessContext
I1008 16:11:22.206863 836307 MetadataMediator.cpp:56] MetadataMediator::setActiveSceneDatasetName : Old active dataset default changed to default successfully.
I1008 16:11:22.208946 836307 AttributesManagerBase.h:283] AttributesManager<T>::createFromJsonOrDefaultInternal  (Physics Manager) : Proposing JSON name : ./data/default.physics_config.json from original name : ./data/default.physics_config.json | This file  does not exist.
I1008 16:11:22.208977 836307 PhysicsAttributesManager.cpp:27] File (./data/default.physics_config.json) not found, so new default physics manager attributes created and registered.
I1008 16:11:22.208983 836307 AbstractObjectAttributesManagerBase.h:175] AbstractObjectAttributesManager<T>::createObject  (Stage) : Making attributes with handle : data/scene_datasets/mp3d/PX4nDJXEHrG/PX4nDJXEHrG.glb
I1008 16:11:22.208986 836307 ManagedContainerBase.cpp:19] ManagedContainerBase::convertFilenameToJSON : Filename : data/scene_datasets/mp3d/PX4nDJXEHrG/PX4nDJXEHrG.glb changed to proposed JSON configuration filename : data/scene_datasets/mp3d/PX4nDJXEHrG/PX4nDJXEHrG.stage_config.json
I1008 16:11:22.209004 836307 AttributesManagerBase.h:283] AttributesManager<T>::createFromJsonOrDefaultInternal  (Stage) : Proposing JSON name : data/scene_datasets/mp3d/PX4nDJXEHrG/PX4nDJXEHrG.stage_config.json from original name : data/scene_datasets/mp3d/PX4nDJXEHrG/PX4nDJXEHrG.glb | This file  does not exist.
I1008 16:11:22.209049 836307 AbstractObjectAttributesManagerBase.h:181] AbstractObjectAttributesManager<T>::createObject  (Stage) : Done making attributes with handle : data/scene_datasets/mp3d/PX4nDJXEHrG/PX4nDJXEHrG.glb
I1008 16:11:22.209050 836307 AbstractObjectAttributesManagerBase.h:188] File (data/scene_datasets/mp3d/PX4nDJXEHrG/PX4nDJXEHrG.glb) exists but is not a recognized config filename extension, so new default Stage attributes created and registered.
I1008 16:11:22.209065 836307 Simulator.cpp:156] Loading navmesh from data/scene_datasets/mp3d/PX4nDJXEHrG/PX4nDJXEHrG.navmesh
I1008 16:11:22.209398 836307 Simulator.cpp:158] Loaded.
I1008 16:11:22.209404 836307 SceneGraph.h:93] Created DrawableGroup: 
I1008 16:11:22.213193 836307 ResourceManager.cpp:234] ResourceManager::loadStage : Not loading semantic mesh
I1008 16:11:22.213203 836307 ResourceManager.cpp:262] ResourceManager::loadStage : start load render asset data/scene_datasets/mp3d/PX4nDJXEHrG/PX4nDJXEHrG.glb.
I1008 16:11:22.213204 836307 ResourceManager.cpp:569] ResourceManager::loadStageInternal : Attempting to load stage data/scene_datasets/mp3d/PX4nDJXEHrG/PX4nDJXEHrG.glb 
I1008 16:11:22.213227 836307 ResourceManager.cpp:1119] Importing Basis files as BC7 for PX4nDJXEHrG.glb
W1008 16:11:25.022398 836307 Simulator.cpp:248] :
---
 The active scene does not contain semantic annotations. 
---
I1008 16:11:25.151530 836307 simulator.py:213] Loaded navmesh data/scene_datasets/mp3d/PX4nDJXEHrG/PX4nDJXEHrG.navmesh
I1008 16:11:26.604619 836307 PhysicsManager.cpp:33] Deconstructing PhysicsManager
I1008 16:11:26.604651 836307 SemanticScene.h:41] Deconstructing SemanticScene
I1008 16:11:26.619359 836307 SceneManager.h:25] Deconstructing SceneManager
I1008 16:11:26.619396 836307 SceneGraph.h:26] Deconstructing SceneGraph
I1008 16:11:26.620215 836307 Sensor.h:87] Deconstructing Sensor
I1008 16:11:26.621987 836307 Sensor.h:87] Deconstructing Sensor
I1008 16:11:26.622113 836307 Sensor.h:87] Deconstructing Sensor
I1008 16:11:26.622238 836307 Sensor.h:87] Deconstructing Sensor
I1008 16:11:26.622342 836307 Sensor.h:87] Deconstructing Sensor
I1008 16:11:26.622450 836307 Sensor.h:87] Deconstructing Sensor
I1008 16:11:26.622557 836307 Sensor.h:87] Deconstructing Sensor
I1008 16:11:26.622673 836307 Sensor.h:87] Deconstructing Sensor
I1008 16:11:26.622782 836307 Sensor.h:87] Deconstructing Sensor
I1008 16:11:26.622892 836307 Sensor.h:87] Deconstructing Sensor
I1008 16:11:26.622995 836307 Sensor.h:87] Deconstructing Sensor
I1008 16:11:26.623102 836307 Sensor.h:87] Deconstructing Sensor
I1008 16:11:26.623204 836307 Sensor.h:87] Deconstructing Sensor
I1008 16:11:26.623340 836307 Sensor.h:87] Deconstructing Sensor
I1008 16:11:26.623476 836307 Sensor.h:87] Deconstructing Sensor
I1008 16:11:26.623603 836307 Sensor.h:87] Deconstructing Sensor
I1008 16:11:26.623773 836307 Sensor.h:87] Deconstructing Sensor
I1008 16:11:26.623905 836307 Sensor.h:87] Deconstructing Sensor
I1008 16:11:26.624038 836307 Sensor.h:87] Deconstructing Sensor
I1008 16:11:26.624176 836307 Sensor.h:87] Deconstructing Sensor
I1008 16:11:26.624310 836307 Sensor.h:87] Deconstructing Sensor
I1008 16:11:26.624437 836307 Sensor.h:87] Deconstructing Sensor
I1008 16:11:26.624569 836307 Sensor.h:87] Deconstructing Sensor
I1008 16:11:26.624679 836307 Sensor.h:87] Deconstructing Sensor
I1008 16:11:26.638989 836307 Renderer.cpp:34] Deconstructing Renderer
I1008 16:11:26.639058 836307 WindowlessContext.h:17] Deconstructing WindowlessContext
I1008 16:11:26.645932 836307 MetadataMediator.cpp:56] MetadataMediator::setActiveSceneDatasetName : Old active dataset default changed to default successfully.
I1008 16:11:26.648471 836307 AttributesManagerBase.h:283] AttributesManager<T>::createFromJsonOrDefaultInternal  (Physics Manager) : Proposing JSON name : ./data/default.physics_config.json from original name : ./data/default.physics_config.json | This file  does not exist.
I1008 16:11:26.648514 836307 PhysicsAttributesManager.cpp:27] File (./data/default.physics_config.json) not found, so new default physics manager attributes created and registered.
I1008 16:11:26.648521 836307 AbstractObjectAttributesManagerBase.h:175] AbstractObjectAttributesManager<T>::createObject  (Stage) : Making attributes with handle : data/scene_datasets/mp3d/JmbYfDe2QKZ/JmbYfDe2QKZ.glb
I1008 16:11:26.648525 836307 ManagedContainerBase.cpp:19] ManagedContainerBase::convertFilenameToJSON : Filename : data/scene_datasets/mp3d/JmbYfDe2QKZ/JmbYfDe2QKZ.glb changed to proposed JSON configuration filename : data/scene_datasets/mp3d/JmbYfDe2QKZ/JmbYfDe2QKZ.stage_config.json
I1008 16:11:26.648557 836307 AttributesManagerBase.h:283] AttributesManager<T>::createFromJsonOrDefaultInternal  (Stage) : Proposing JSON name : data/scene_datasets/mp3d/JmbYfDe2QKZ/JmbYfDe2QKZ.stage_config.json from original name : data/scene_datasets/mp3d/JmbYfDe2QKZ/JmbYfDe2QKZ.glb | This file  does not exist.
I1008 16:11:26.648612 836307 AbstractObjectAttributesManagerBase.h:181] AbstractObjectAttributesManager<T>::createObject  (Stage) : Done making attributes with handle : data/scene_datasets/mp3d/JmbYfDe2QKZ/JmbYfDe2QKZ.glb
I1008 16:11:26.648612 836307 AbstractObjectAttributesManagerBase.h:188] File (data/scene_datasets/mp3d/JmbYfDe2QKZ/JmbYfDe2QKZ.glb) exists but is not a recognized config filename extension, so new default Stage attributes created and registered.
I1008 16:11:26.648617 836307 Simulator.cpp:156] Loading navmesh from data/scene_datasets/mp3d/JmbYfDe2QKZ/JmbYfDe2QKZ.navmesh
I1008 16:11:26.648762 836307 Simulator.cpp:158] Loaded.
I1008 16:11:26.648772 836307 SceneGraph.h:93] Created DrawableGroup: 
I1008 16:11:26.653838 836307 ResourceManager.cpp:234] ResourceManager::loadStage : Not loading semantic mesh
I1008 16:11:26.653854 836307 ResourceManager.cpp:262] ResourceManager::loadStage : start load render asset data/scene_datasets/mp3d/JmbYfDe2QKZ/JmbYfDe2QKZ.glb.
I1008 16:11:26.653856 836307 ResourceManager.cpp:569] ResourceManager::loadStageInternal : Attempting to load stage data/scene_datasets/mp3d/JmbYfDe2QKZ/JmbYfDe2QKZ.glb 
I1008 16:11:26.653899 836307 ResourceManager.cpp:1119] Importing Basis files as BC7 for JmbYfDe2QKZ.glb
W1008 16:11:27.846596 836307 Simulator.cpp:248] :
---
 The active scene does not contain semantic annotations. 
---
I1008 16:11:27.913602 836307 simulator.py:213] Loaded navmesh data/scene_datasets/mp3d/JmbYfDe2QKZ/JmbYfDe2QKZ.navmesh
I1008 16:11:29.464730 836307 PhysicsManager.cpp:33] Deconstructing PhysicsManager
I1008 16:11:29.464751 836307 SemanticScene.h:41] Deconstructing SemanticScene
I1008 16:11:29.470109 836307 SceneManager.h:25] Deconstructing SceneManager
I1008 16:11:29.470120 836307 SceneGraph.h:26] Deconstructing SceneGraph
I1008 16:11:29.470495 836307 Sensor.h:87] Deconstructing Sensor
I1008 16:11:29.471170 836307 Sensor.h:87] Deconstructing Sensor
I1008 16:11:29.471292 836307 Sensor.h:87] Deconstructing Sensor
I1008 16:11:29.471415 836307 Sensor.h:87] Deconstructing Sensor
I1008 16:11:29.471522 836307 Sensor.h:87] Deconstructing Sensor
I1008 16:11:29.471630 836307 Sensor.h:87] Deconstructing Sensor
I1008 16:11:29.471755 836307 Sensor.h:87] Deconstructing Sensor
I1008 16:11:29.471871 836307 Sensor.h:87] Deconstructing Sensor
I1008 16:11:29.471989 836307 Sensor.h:87] Deconstructing Sensor
I1008 16:11:29.472100 836307 Sensor.h:87] Deconstructing Sensor
I1008 16:11:29.472201 836307 Sensor.h:87] Deconstructing Sensor
I1008 16:11:29.472302 836307 Sensor.h:87] Deconstructing Sensor
I1008 16:11:29.472401 836307 Sensor.h:87] Deconstructing Sensor
I1008 16:11:29.472534 836307 Sensor.h:87] Deconstructing Sensor
I1008 16:11:29.472668 836307 Sensor.h:87] Deconstructing Sensor
I1008 16:11:29.472792 836307 Sensor.h:87] Deconstructing Sensor
I1008 16:11:29.472923 836307 Sensor.h:87] Deconstructing Sensor
I1008 16:11:29.473044 836307 Sensor.h:87] Deconstructing Sensor
I1008 16:11:29.473168 836307 Sensor.h:87] Deconstructing Sensor
I1008 16:11:29.473292 836307 Sensor.h:87] Deconstructing Sensor
I1008 16:11:29.473414 836307 Sensor.h:87] Deconstructing Sensor
I1008 16:11:29.473537 836307 Sensor.h:87] Deconstructing Sensor
I1008 16:11:29.473670 836307 Sensor.h:87] Deconstructing Sensor
I1008 16:11:29.474027 836307 Sensor.h:87] Deconstructing Sensor
I1008 16:11:29.479084 836307 Renderer.cpp:34] Deconstructing Renderer
I1008 16:11:29.479100 836307 WindowlessContext.h:17] Deconstructing WindowlessContext
I1008 16:11:29.483454 836307 MetadataMediator.cpp:56] MetadataMediator::setActiveSceneDatasetName : Old active dataset default changed to default successfully.
I1008 16:11:29.485376 836307 AttributesManagerBase.h:283] AttributesManager<T>::createFromJsonOrDefaultInternal  (Physics Manager) : Proposing JSON name : ./data/default.physics_config.json from original name : ./data/default.physics_config.json | This file  does not exist.
I1008 16:11:29.485410 836307 PhysicsAttributesManager.cpp:27] File (./data/default.physics_config.json) not found, so new default physics manager attributes created and registered.
I1008 16:11:29.485415 836307 AbstractObjectAttributesManagerBase.h:175] AbstractObjectAttributesManager<T>::createObject  (Stage) : Making attributes with handle : data/scene_datasets/mp3d/D7N2EKCX4Sj/D7N2EKCX4Sj.glb
I1008 16:11:29.485419 836307 ManagedContainerBase.cpp:19] ManagedContainerBase::convertFilenameToJSON : Filename : data/scene_datasets/mp3d/D7N2EKCX4Sj/D7N2EKCX4Sj.glb changed to proposed JSON configuration filename : data/scene_datasets/mp3d/D7N2EKCX4Sj/D7N2EKCX4Sj.stage_config.json
I1008 16:11:29.485433 836307 AttributesManagerBase.h:283] AttributesManager<T>::createFromJsonOrDefaultInternal  (Stage) : Proposing JSON name : data/scene_datasets/mp3d/D7N2EKCX4Sj/D7N2EKCX4Sj.stage_config.json from original name : data/scene_datasets/mp3d/D7N2EKCX4Sj/D7N2EKCX4Sj.glb | This file  does not exist.
I1008 16:11:29.485481 836307 AbstractObjectAttributesManagerBase.h:181] AbstractObjectAttributesManager<T>::createObject  (Stage) : Done making attributes with handle : data/scene_datasets/mp3d/D7N2EKCX4Sj/D7N2EKCX4Sj.glb
I1008 16:11:29.485481 836307 AbstractObjectAttributesManagerBase.h:188] File (data/scene_datasets/mp3d/D7N2EKCX4Sj/D7N2EKCX4Sj.glb) exists but is not a recognized config filename extension, so new default Stage attributes created and registered.
I1008 16:11:29.485486 836307 Simulator.cpp:156] Loading navmesh from data/scene_datasets/mp3d/D7N2EKCX4Sj/D7N2EKCX4Sj.navmesh
I1008 16:11:29.485909 836307 Simulator.cpp:158] Loaded.
I1008 16:11:29.485918 836307 SceneGraph.h:93] Created DrawableGroup: 
I1008 16:11:29.492645 836307 ResourceManager.cpp:234] ResourceManager::loadStage : Not loading semantic mesh
I1008 16:11:29.492658 836307 ResourceManager.cpp:262] ResourceManager::loadStage : start load render asset data/scene_datasets/mp3d/D7N2EKCX4Sj/D7N2EKCX4Sj.glb.
I1008 16:11:29.492659 836307 ResourceManager.cpp:569] ResourceManager::loadStageInternal : Attempting to load stage data/scene_datasets/mp3d/D7N2EKCX4Sj/D7N2EKCX4Sj.glb 
I1008 16:11:29.492690 836307 ResourceManager.cpp:1119] Importing Basis files as BC7 for D7N2EKCX4Sj.glb
W1008 16:11:34.531777 836307 Simulator.cpp:248] :
---
 The active scene does not contain semantic annotations. 
---
I1008 16:11:34.669471 836307 simulator.py:213] Loaded navmesh data/scene_datasets/mp3d/D7N2EKCX4Sj/D7N2EKCX4Sj.navmesh
I1008 16:11:42.544893 836307 PhysicsManager.cpp:33] Deconstructing PhysicsManager
I1008 16:11:42.544915 836307 SemanticScene.h:41] Deconstructing SemanticScene
I1008 16:11:42.552433 836307 SceneManager.h:25] Deconstructing SceneManager
I1008 16:11:42.552444 836307 SceneGraph.h:26] Deconstructing SceneGraph
I1008 16:11:42.552930 836307 Sensor.h:87] Deconstructing Sensor
I1008 16:11:42.553454 836307 Sensor.h:87] Deconstructing Sensor
I1008 16:11:42.553560 836307 Sensor.h:87] Deconstructing Sensor
I1008 16:11:42.553669 836307 Sensor.h:87] Deconstructing Sensor
I1008 16:11:42.553771 836307 Sensor.h:87] Deconstructing Sensor
I1008 16:11:42.553867 836307 Sensor.h:87] Deconstructing Sensor
I1008 16:11:42.553967 836307 Sensor.h:87] Deconstructing Sensor
I1008 16:11:42.554065 836307 Sensor.h:87] Deconstructing Sensor
I1008 16:11:42.554165 836307 Sensor.h:87] Deconstructing Sensor
I1008 16:11:42.554265 836307 Sensor.h:87] Deconstructing Sensor
I1008 16:11:42.554436 836307 Sensor.h:87] Deconstructing Sensor
I1008 16:11:42.554538 836307 Sensor.h:87] Deconstructing Sensor
I1008 16:11:42.554636 836307 Sensor.h:87] Deconstructing Sensor
I1008 16:11:42.554769 836307 Sensor.h:87] Deconstructing Sensor
I1008 16:11:42.554898 836307 Sensor.h:87] Deconstructing Sensor
I1008 16:11:42.555029 836307 Sensor.h:87] Deconstructing Sensor
I1008 16:11:42.555153 836307 Sensor.h:87] Deconstructing Sensor
I1008 16:11:42.555276 836307 Sensor.h:87] Deconstructing Sensor
I1008 16:11:42.555400 836307 Sensor.h:87] Deconstructing Sensor
I1008 16:11:42.555529 836307 Sensor.h:87] Deconstructing Sensor
I1008 16:11:42.555663 836307 Sensor.h:87] Deconstructing Sensor
I1008 16:11:42.555783 836307 Sensor.h:87] Deconstructing Sensor
I1008 16:11:42.555907 836307 Sensor.h:87] Deconstructing Sensor
I1008 16:11:42.555984 836307 Sensor.h:87] Deconstructing Sensor
I1008 16:11:42.565724 836307 Renderer.cpp:34] Deconstructing Renderer
I1008 16:11:42.565752 836307 WindowlessContext.h:17] Deconstructing WindowlessContext
I1008 16:11:42.573578 836307 MetadataMediator.cpp:56] MetadataMediator::setActiveSceneDatasetName : Old active dataset default changed to default successfully.
I1008 16:11:42.575699 836307 AttributesManagerBase.h:283] AttributesManager<T>::createFromJsonOrDefaultInternal  (Physics Manager) : Proposing JSON name : ./data/default.physics_config.json from original name : ./data/default.physics_config.json | This file  does not exist.
I1008 16:11:42.575729 836307 PhysicsAttributesManager.cpp:27] File (./data/default.physics_config.json) not found, so new default physics manager attributes created and registered.
I1008 16:11:42.575734 836307 AbstractObjectAttributesManagerBase.h:175] AbstractObjectAttributesManager<T>::createObject  (Stage) : Making attributes with handle : data/scene_datasets/mp3d/qoiz87JEwZ2/qoiz87JEwZ2.glb
I1008 16:11:42.575738 836307 ManagedContainerBase.cpp:19] ManagedContainerBase::convertFilenameToJSON : Filename : data/scene_datasets/mp3d/qoiz87JEwZ2/qoiz87JEwZ2.glb changed to proposed JSON configuration filename : data/scene_datasets/mp3d/qoiz87JEwZ2/qoiz87JEwZ2.stage_config.json
I1008 16:11:42.575753 836307 AttributesManagerBase.h:283] AttributesManager<T>::createFromJsonOrDefaultInternal  (Stage) : Proposing JSON name : data/scene_datasets/mp3d/qoiz87JEwZ2/qoiz87JEwZ2.stage_config.json from original name : data/scene_datasets/mp3d/qoiz87JEwZ2/qoiz87JEwZ2.glb | This file  does not exist.
I1008 16:11:42.575796 836307 AbstractObjectAttributesManagerBase.h:181] AbstractObjectAttributesManager<T>::createObject  (Stage) : Done making attributes with handle : data/scene_datasets/mp3d/qoiz87JEwZ2/qoiz87JEwZ2.glb
I1008 16:11:42.575798 836307 AbstractObjectAttributesManagerBase.h:188] File (data/scene_datasets/mp3d/qoiz87JEwZ2/qoiz87JEwZ2.glb) exists but is not a recognized config filename extension, so new default Stage attributes created and registered.
I1008 16:11:42.575800 836307 Simulator.cpp:156] Loading navmesh from data/scene_datasets/mp3d/qoiz87JEwZ2/qoiz87JEwZ2.navmesh
I1008 16:11:42.575946 836307 Simulator.cpp:158] Loaded.
I1008 16:11:42.575951 836307 SceneGraph.h:93] Created DrawableGroup: 
I1008 16:11:42.579427 836307 ResourceManager.cpp:234] ResourceManager::loadStage : Not loading semantic mesh
I1008 16:11:42.579434 836307 ResourceManager.cpp:262] ResourceManager::loadStage : start load render asset data/scene_datasets/mp3d/qoiz87JEwZ2/qoiz87JEwZ2.glb.
I1008 16:11:42.579435 836307 ResourceManager.cpp:569] ResourceManager::loadStageInternal : Attempting to load stage data/scene_datasets/mp3d/qoiz87JEwZ2/qoiz87JEwZ2.glb 
I1008 16:11:42.579448 836307 ResourceManager.cpp:1119] Importing Basis files as BC7 for qoiz87JEwZ2.glb
W1008 16:11:44.316793 836307 Simulator.cpp:248] :
---
 The active scene does not contain semantic annotations. 
---
I1008 16:11:44.393536 836307 simulator.py:213] Loaded navmesh data/scene_datasets/mp3d/qoiz87JEwZ2/qoiz87JEwZ2.navmesh
I1008 16:11:46.973253 836307 PhysicsManager.cpp:33] Deconstructing PhysicsManager
I1008 16:11:46.973274 836307 SemanticScene.h:41] Deconstructing SemanticScene
I1008 16:11:46.979064 836307 SceneManager.h:25] Deconstructing SceneManager
I1008 16:11:46.979077 836307 SceneGraph.h:26] Deconstructing SceneGraph
I1008 16:11:46.979506 836307 Sensor.h:87] Deconstructing Sensor
I1008 16:11:46.979962 836307 Sensor.h:87] Deconstructing Sensor
I1008 16:11:46.980072 836307 Sensor.h:87] Deconstructing Sensor
I1008 16:11:46.980181 836307 Sensor.h:87] Deconstructing Sensor
I1008 16:11:46.980285 836307 Sensor.h:87] Deconstructing Sensor
I1008 16:11:46.980396 836307 Sensor.h:87] Deconstructing Sensor
I1008 16:11:46.980504 836307 Sensor.h:87] Deconstructing Sensor
I1008 16:11:46.980602 836307 Sensor.h:87] Deconstructing Sensor
I1008 16:11:46.980722 836307 Sensor.h:87] Deconstructing Sensor
I1008 16:11:46.980824 836307 Sensor.h:87] Deconstructing Sensor
I1008 16:11:46.980922 836307 Sensor.h:87] Deconstructing Sensor
I1008 16:11:46.981025 836307 Sensor.h:87] Deconstructing Sensor
I1008 16:11:46.981129 836307 Sensor.h:87] Deconstructing Sensor
I1008 16:11:46.981256 836307 Sensor.h:87] Deconstructing Sensor
I1008 16:11:46.981385 836307 Sensor.h:87] Deconstructing Sensor
I1008 16:11:46.981505 836307 Sensor.h:87] Deconstructing Sensor
I1008 16:11:46.981630 836307 Sensor.h:87] Deconstructing Sensor
I1008 16:11:46.981755 836307 Sensor.h:87] Deconstructing Sensor
I1008 16:11:46.981879 836307 Sensor.h:87] Deconstructing Sensor
I1008 16:11:46.982002 836307 Sensor.h:87] Deconstructing Sensor
I1008 16:11:46.982121 836307 Sensor.h:87] Deconstructing Sensor
I1008 16:11:46.982239 836307 Sensor.h:87] Deconstructing Sensor
I1008 16:11:46.982364 836307 Sensor.h:87] Deconstructing Sensor
I1008 16:11:46.982457 836307 Sensor.h:87] Deconstructing Sensor
I1008 16:11:46.988225 836307 Renderer.cpp:34] Deconstructing Renderer
I1008 16:11:46.988250 836307 WindowlessContext.h:17] Deconstructing WindowlessContext
I1008 16:11:46.993599 836307 MetadataMediator.cpp:56] MetadataMediator::setActiveSceneDatasetName : Old active dataset default changed to default successfully.
I1008 16:11:46.995558 836307 AttributesManagerBase.h:283] AttributesManager<T>::createFromJsonOrDefaultInternal  (Physics Manager) : Proposing JSON name : ./data/default.physics_config.json from original name : ./data/default.physics_config.json | This file  does not exist.
I1008 16:11:46.995587 836307 PhysicsAttributesManager.cpp:27] File (./data/default.physics_config.json) not found, so new default physics manager attributes created and registered.
I1008 16:11:46.995594 836307 AbstractObjectAttributesManagerBase.h:175] AbstractObjectAttributesManager<T>::createObject  (Stage) : Making attributes with handle : data/scene_datasets/mp3d/2n8kARJN3HM/2n8kARJN3HM.glb
I1008 16:11:46.995596 836307 ManagedContainerBase.cpp:19] ManagedContainerBase::convertFilenameToJSON : Filename : data/scene_datasets/mp3d/2n8kARJN3HM/2n8kARJN3HM.glb changed to proposed JSON configuration filename : data/scene_datasets/mp3d/2n8kARJN3HM/2n8kARJN3HM.stage_config.json
I1008 16:11:46.995608 836307 AttributesManagerBase.h:283] AttributesManager<T>::createFromJsonOrDefaultInternal  (Stage) : Proposing JSON name : data/scene_datasets/mp3d/2n8kARJN3HM/2n8kARJN3HM.stage_config.json from original name : data/scene_datasets/mp3d/2n8kARJN3HM/2n8kARJN3HM.glb | This file  does not exist.
I1008 16:11:46.995651 836307 AbstractObjectAttributesManagerBase.h:181] AbstractObjectAttributesManager<T>::createObject  (Stage) : Done making attributes with handle : data/scene_datasets/mp3d/2n8kARJN3HM/2n8kARJN3HM.glb
I1008 16:11:46.995652 836307 AbstractObjectAttributesManagerBase.h:188] File (data/scene_datasets/mp3d/2n8kARJN3HM/2n8kARJN3HM.glb) exists but is not a recognized config filename extension, so new default Stage attributes created and registered.
I1008 16:11:46.995656 836307 Simulator.cpp:156] Loading navmesh from data/scene_datasets/mp3d/2n8kARJN3HM/2n8kARJN3HM.navmesh
I1008 16:11:46.995893 836307 Simulator.cpp:158] Loaded.
I1008 16:11:46.995899 836307 SceneGraph.h:93] Created DrawableGroup: 
I1008 16:11:46.999379 836307 ResourceManager.cpp:234] ResourceManager::loadStage : Not loading semantic mesh
I1008 16:11:46.999385 836307 ResourceManager.cpp:262] ResourceManager::loadStage : start load render asset data/scene_datasets/mp3d/2n8kARJN3HM/2n8kARJN3HM.glb.
I1008 16:11:46.999387 836307 ResourceManager.cpp:569] ResourceManager::loadStageInternal : Attempting to load stage data/scene_datasets/mp3d/2n8kARJN3HM/2n8kARJN3HM.glb 
I1008 16:11:46.999404 836307 ResourceManager.cpp:1119] Importing Basis files as BC7 for 2n8kARJN3HM.glb
W1008 16:11:49.867470 836307 Simulator.cpp:248] :
---
 The active scene does not contain semantic annotations. 
---
I1008 16:11:49.953733 836307 simulator.py:213] Loaded navmesh data/scene_datasets/mp3d/2n8kARJN3HM/2n8kARJN3HM.navmesh
I1008 16:11:54.981333 836307 PhysicsManager.cpp:33] Deconstructing PhysicsManager
I1008 16:11:54.981367 836307 SemanticScene.h:41] Deconstructing SemanticScene
I1008 16:11:54.993387 836307 SceneManager.h:25] Deconstructing SceneManager
I1008 16:11:54.993412 836307 SceneGraph.h:26] Deconstructing SceneGraph
I1008 16:11:54.993988 836307 Sensor.h:87] Deconstructing Sensor
I1008 16:11:54.995173 836307 Sensor.h:87] Deconstructing Sensor
I1008 16:11:54.995303 836307 Sensor.h:87] Deconstructing Sensor
I1008 16:11:54.995429 836307 Sensor.h:87] Deconstructing Sensor
I1008 16:11:54.995549 836307 Sensor.h:87] Deconstructing Sensor
I1008 16:11:54.995673 836307 Sensor.h:87] Deconstructing Sensor
I1008 16:11:54.995800 836307 Sensor.h:87] Deconstructing Sensor
I1008 16:11:54.995915 836307 Sensor.h:87] Deconstructing Sensor
I1008 16:11:54.996038 836307 Sensor.h:87] Deconstructing Sensor
I1008 16:11:54.996157 836307 Sensor.h:87] Deconstructing Sensor
I1008 16:11:54.996272 836307 Sensor.h:87] Deconstructing Sensor
I1008 16:11:54.996393 836307 Sensor.h:87] Deconstructing Sensor
I1008 16:11:54.996510 836307 Sensor.h:87] Deconstructing Sensor
I1008 16:11:54.996672 836307 Sensor.h:87] Deconstructing Sensor
I1008 16:11:54.996827 836307 Sensor.h:87] Deconstructing Sensor
I1008 16:11:54.996973 836307 Sensor.h:87] Deconstructing Sensor
I1008 16:11:54.997124 836307 Sensor.h:87] Deconstructing Sensor
I1008 16:11:54.997270 836307 Sensor.h:87] Deconstructing Sensor
I1008 16:11:54.997421 836307 Sensor.h:87] Deconstructing Sensor
I1008 16:11:54.997566 836307 Sensor.h:87] Deconstructing Sensor
I1008 16:11:54.997716 836307 Sensor.h:87] Deconstructing Sensor
I1008 16:11:54.997861 836307 Sensor.h:87] Deconstructing Sensor
I1008 16:11:54.998014 836307 Sensor.h:87] Deconstructing Sensor
I1008 16:11:54.998111 836307 Sensor.h:87] Deconstructing Sensor
I1008 16:11:55.009411 836307 Renderer.cpp:34] Deconstructing Renderer
I1008 16:11:55.009449 836307 WindowlessContext.h:17] Deconstructing WindowlessContext
I1008 16:11:55.015828 836307 MetadataMediator.cpp:56] MetadataMediator::setActiveSceneDatasetName : Old active dataset default changed to default successfully.
I1008 16:11:55.018296 836307 AttributesManagerBase.h:283] AttributesManager<T>::createFromJsonOrDefaultInternal  (Physics Manager) : Proposing JSON name : ./data/default.physics_config.json from original name : ./data/default.physics_config.json | This file  does not exist.
I1008 16:11:55.018343 836307 PhysicsAttributesManager.cpp:27] File (./data/default.physics_config.json) not found, so new default physics manager attributes created and registered.
I1008 16:11:55.018352 836307 AbstractObjectAttributesManagerBase.h:175] AbstractObjectAttributesManager<T>::createObject  (Stage) : Making attributes with handle : data/scene_datasets/mp3d/D7N2EKCX4Sj/D7N2EKCX4Sj.glb
I1008 16:11:55.018355 836307 ManagedContainerBase.cpp:19] ManagedContainerBase::convertFilenameToJSON : Filename : data/scene_datasets/mp3d/D7N2EKCX4Sj/D7N2EKCX4Sj.glb changed to proposed JSON configuration filename : data/scene_datasets/mp3d/D7N2EKCX4Sj/D7N2EKCX4Sj.stage_config.json
I1008 16:11:55.018373 836307 AttributesManagerBase.h:283] AttributesManager<T>::createFromJsonOrDefaultInternal  (Stage) : Proposing JSON name : data/scene_datasets/mp3d/D7N2EKCX4Sj/D7N2EKCX4Sj.stage_config.json from original name : data/scene_datasets/mp3d/D7N2EKCX4Sj/D7N2EKCX4Sj.glb | This file  does not exist.
I1008 16:11:55.018430 836307 AbstractObjectAttributesManagerBase.h:181] AbstractObjectAttributesManager<T>::createObject  (Stage) : Done making attributes with handle : data/scene_datasets/mp3d/D7N2EKCX4Sj/D7N2EKCX4Sj.glb
I1008 16:11:55.018445 836307 AbstractObjectAttributesManagerBase.h:188] File (data/scene_datasets/mp3d/D7N2EKCX4Sj/D7N2EKCX4Sj.glb) exists but is not a recognized config filename extension, so new default Stage attributes created and registered.
I1008 16:11:55.018450 836307 Simulator.cpp:156] Loading navmesh from data/scene_datasets/mp3d/D7N2EKCX4Sj/D7N2EKCX4Sj.navmesh
I1008 16:11:55.018965 836307 Simulator.cpp:158] Loaded.
I1008 16:11:55.018976 836307 SceneGraph.h:93] Created DrawableGroup: 
I1008 16:11:55.023363 836307 ResourceManager.cpp:234] ResourceManager::loadStage : Not loading semantic mesh
I1008 16:11:55.023377 836307 ResourceManager.cpp:262] ResourceManager::loadStage : start load render asset data/scene_datasets/mp3d/D7N2EKCX4Sj/D7N2EKCX4Sj.glb.
I1008 16:11:55.023379 836307 ResourceManager.cpp:569] ResourceManager::loadStageInternal : Attempting to load stage data/scene_datasets/mp3d/D7N2EKCX4Sj/D7N2EKCX4Sj.glb 
I1008 16:11:55.023404 836307 ResourceManager.cpp:1119] Importing Basis files as BC7 for D7N2EKCX4Sj.glb
W1008 16:11:59.228576 836307 Simulator.cpp:248] :
---
 The active scene does not contain semantic annotations. 
---
I1008 16:11:59.352547 836307 simulator.py:213] Loaded navmesh data/scene_datasets/mp3d/D7N2EKCX4Sj/D7N2EKCX4Sj.navmesh
I1008 16:12:03.083395 836307 PhysicsManager.cpp:33] Deconstructing PhysicsManager
I1008 16:12:03.083423 836307 SemanticScene.h:41] Deconstructing SemanticScene
I1008 16:12:03.095127 836307 SceneManager.h:25] Deconstructing SceneManager
I1008 16:12:03.095148 836307 SceneGraph.h:26] Deconstructing SceneGraph
I1008 16:12:03.095651 836307 Sensor.h:87] Deconstructing Sensor
I1008 16:12:03.096273 836307 Sensor.h:87] Deconstructing Sensor
I1008 16:12:03.096381 836307 Sensor.h:87] Deconstructing Sensor
I1008 16:12:03.096503 836307 Sensor.h:87] Deconstructing Sensor
I1008 16:12:03.096604 836307 Sensor.h:87] Deconstructing Sensor
I1008 16:12:03.096704 836307 Sensor.h:87] Deconstructing Sensor
I1008 16:12:03.096807 836307 Sensor.h:87] Deconstructing Sensor
I1008 16:12:03.096903 836307 Sensor.h:87] Deconstructing Sensor
I1008 16:12:03.097005 836307 Sensor.h:87] Deconstructing Sensor
I1008 16:12:03.097105 836307 Sensor.h:87] Deconstructing Sensor
I1008 16:12:03.097201 836307 Sensor.h:87] Deconstructing Sensor
I1008 16:12:03.097301 836307 Sensor.h:87] Deconstructing Sensor
I1008 16:12:03.097401 836307 Sensor.h:87] Deconstructing Sensor
I1008 16:12:03.097534 836307 Sensor.h:87] Deconstructing Sensor
I1008 16:12:03.097666 836307 Sensor.h:87] Deconstructing Sensor
I1008 16:12:03.097790 836307 Sensor.h:87] Deconstructing Sensor
I1008 16:12:03.097910 836307 Sensor.h:87] Deconstructing Sensor
I1008 16:12:03.098029 836307 Sensor.h:87] Deconstructing Sensor
I1008 16:12:03.098150 836307 Sensor.h:87] Deconstructing Sensor
I1008 16:12:03.098284 836307 Sensor.h:87] Deconstructing Sensor
I1008 16:12:03.098404 836307 Sensor.h:87] Deconstructing Sensor
I1008 16:12:03.098524 836307 Sensor.h:87] Deconstructing Sensor
I1008 16:12:03.098649 836307 Sensor.h:87] Deconstructing Sensor
I1008 16:12:03.098810 836307 Sensor.h:87] Deconstructing Sensor
I1008 16:12:03.111280 836307 Renderer.cpp:34] Deconstructing Renderer
I1008 16:12:03.111307 836307 WindowlessContext.h:17] Deconstructing WindowlessContext
I1008 16:12:03.118036 836307 MetadataMediator.cpp:56] MetadataMediator::setActiveSceneDatasetName : Old active dataset default changed to default successfully.
I1008 16:12:03.120561 836307 AttributesManagerBase.h:283] AttributesManager<T>::createFromJsonOrDefaultInternal  (Physics Manager) : Proposing JSON name : ./data/default.physics_config.json from original name : ./data/default.physics_config.json | This file  does not exist.
I1008 16:12:03.120599 836307 PhysicsAttributesManager.cpp:27] File (./data/default.physics_config.json) not found, so new default physics manager attributes created and registered.
I1008 16:12:03.120605 836307 AbstractObjectAttributesManagerBase.h:175] AbstractObjectAttributesManager<T>::createObject  (Stage) : Making attributes with handle : data/scene_datasets/mp3d/qoiz87JEwZ2/qoiz87JEwZ2.glb
I1008 16:12:03.120618 836307 ManagedContainerBase.cpp:19] ManagedContainerBase::convertFilenameToJSON : Filename : data/scene_datasets/mp3d/qoiz87JEwZ2/qoiz87JEwZ2.glb changed to proposed JSON configuration filename : data/scene_datasets/mp3d/qoiz87JEwZ2/qoiz87JEwZ2.stage_config.json
I1008 16:12:03.120635 836307 AttributesManagerBase.h:283] AttributesManager<T>::createFromJsonOrDefaultInternal  (Stage) : Proposing JSON name : data/scene_datasets/mp3d/qoiz87JEwZ2/qoiz87JEwZ2.stage_config.json from original name : data/scene_datasets/mp3d/qoiz87JEwZ2/qoiz87JEwZ2.glb | This file  does not exist.
I1008 16:12:03.120689 836307 AbstractObjectAttributesManagerBase.h:181] AbstractObjectAttributesManager<T>::createObject  (Stage) : Done making attributes with handle : data/scene_datasets/mp3d/qoiz87JEwZ2/qoiz87JEwZ2.glb
I1008 16:12:03.120692 836307 AbstractObjectAttributesManagerBase.h:188] File (data/scene_datasets/mp3d/qoiz87JEwZ2/qoiz87JEwZ2.glb) exists but is not a recognized config filename extension, so new default Stage attributes created and registered.
I1008 16:12:03.120695 836307 Simulator.cpp:156] Loading navmesh from data/scene_datasets/mp3d/qoiz87JEwZ2/qoiz87JEwZ2.navmesh
I1008 16:12:03.123028 836307 Simulator.cpp:158] Loaded.
I1008 16:12:03.123050 836307 SceneGraph.h:93] Created DrawableGroup: 
I1008 16:12:03.126899 836307 ResourceManager.cpp:234] ResourceManager::loadStage : Not loading semantic mesh
I1008 16:12:03.126907 836307 ResourceManager.cpp:262] ResourceManager::loadStage : start load render asset data/scene_datasets/mp3d/qoiz87JEwZ2/qoiz87JEwZ2.glb.
I1008 16:12:03.126909 836307 ResourceManager.cpp:569] ResourceManager::loadStageInternal : Attempting to load stage data/scene_datasets/mp3d/qoiz87JEwZ2/qoiz87JEwZ2.glb 
I1008 16:12:03.126932 836307 ResourceManager.cpp:1119] Importing Basis files as BC7 for qoiz87JEwZ2.glb
W1008 16:12:04.798458 836307 Simulator.cpp:248] :
---
 The active scene does not contain semantic annotations. 
---
I1008 16:12:04.865483 836307 simulator.py:213] Loaded navmesh data/scene_datasets/mp3d/qoiz87JEwZ2/qoiz87JEwZ2.navmesh
I1008 16:12:09.633874 836307 PhysicsManager.cpp:33] Deconstructing PhysicsManager
I1008 16:12:09.633911 836307 SemanticScene.h:41] Deconstructing SemanticScene
I1008 16:12:09.642185 836307 SceneManager.h:25] Deconstructing SceneManager
I1008 16:12:09.642210 836307 SceneGraph.h:26] Deconstructing SceneGraph
I1008 16:12:09.642829 836307 Sensor.h:87] Deconstructing Sensor
I1008 16:12:09.643491 836307 Sensor.h:87] Deconstructing Sensor
I1008 16:12:09.643610 836307 Sensor.h:87] Deconstructing Sensor
I1008 16:12:09.643734 836307 Sensor.h:87] Deconstructing Sensor
I1008 16:12:09.643850 836307 Sensor.h:87] Deconstructing Sensor
I1008 16:12:09.643965 836307 Sensor.h:87] Deconstructing Sensor
I1008 16:12:09.644084 836307 Sensor.h:87] Deconstructing Sensor
I1008 16:12:09.644196 836307 Sensor.h:87] Deconstructing Sensor
I1008 16:12:09.644315 836307 Sensor.h:87] Deconstructing Sensor
I1008 16:12:09.644421 836307 Sensor.h:87] Deconstructing Sensor
I1008 16:12:09.644524 836307 Sensor.h:87] Deconstructing Sensor
I1008 16:12:09.644632 836307 Sensor.h:87] Deconstructing Sensor
I1008 16:12:09.644743 836307 Sensor.h:87] Deconstructing Sensor
I1008 16:12:09.644876 836307 Sensor.h:87] Deconstructing Sensor
I1008 16:12:09.645004 836307 Sensor.h:87] Deconstructing Sensor
I1008 16:12:09.645139 836307 Sensor.h:87] Deconstructing Sensor
I1008 16:12:09.645265 836307 Sensor.h:87] Deconstructing Sensor
I1008 16:12:09.645386 836307 Sensor.h:87] Deconstructing Sensor
I1008 16:12:09.645512 836307 Sensor.h:87] Deconstructing Sensor
I1008 16:12:09.645637 836307 Sensor.h:87] Deconstructing Sensor
I1008 16:12:09.645764 836307 Sensor.h:87] Deconstructing Sensor
I1008 16:12:09.645898 836307 Sensor.h:87] Deconstructing Sensor
I1008 16:12:09.646028 836307 Sensor.h:87] Deconstructing Sensor
I1008 16:12:09.646129 836307 Sensor.h:87] Deconstructing Sensor
I1008 16:12:09.654814 836307 Renderer.cpp:34] Deconstructing Renderer
I1008 16:12:09.654850 836307 WindowlessContext.h:17] Deconstructing WindowlessContext
I1008 16:12:09.658941 836307 MetadataMediator.cpp:56] MetadataMediator::setActiveSceneDatasetName : Old active dataset default changed to default successfully.
I1008 16:12:09.661828 836307 AttributesManagerBase.h:283] AttributesManager<T>::createFromJsonOrDefaultInternal  (Physics Manager) : Proposing JSON name : ./data/default.physics_config.json from original name : ./data/default.physics_config.json | This file  does not exist.
I1008 16:12:09.661883 836307 PhysicsAttributesManager.cpp:27] File (./data/default.physics_config.json) not found, so new default physics manager attributes created and registered.
I1008 16:12:09.661893 836307 AbstractObjectAttributesManagerBase.h:175] AbstractObjectAttributesManager<T>::createObject  (Stage) : Making attributes with handle : data/scene_datasets/mp3d/PX4nDJXEHrG/PX4nDJXEHrG.glb
I1008 16:12:09.661898 836307 ManagedContainerBase.cpp:19] ManagedContainerBase::convertFilenameToJSON : Filename : data/scene_datasets/mp3d/PX4nDJXEHrG/PX4nDJXEHrG.glb changed to proposed JSON configuration filename : data/scene_datasets/mp3d/PX4nDJXEHrG/PX4nDJXEHrG.stage_config.json
I1008 16:12:09.661919 836307 AttributesManagerBase.h:283] AttributesManager<T>::createFromJsonOrDefaultInternal  (Stage) : Proposing JSON name : data/scene_datasets/mp3d/PX4nDJXEHrG/PX4nDJXEHrG.stage_config.json from original name : data/scene_datasets/mp3d/PX4nDJXEHrG/PX4nDJXEHrG.glb | This file  does not exist.
I1008 16:12:09.661979 836307 AbstractObjectAttributesManagerBase.h:181] AbstractObjectAttributesManager<T>::createObject  (Stage) : Done making attributes with handle : data/scene_datasets/mp3d/PX4nDJXEHrG/PX4nDJXEHrG.glb
I1008 16:12:09.661981 836307 AbstractObjectAttributesManagerBase.h:188] File (data/scene_datasets/mp3d/PX4nDJXEHrG/PX4nDJXEHrG.glb) exists but is not a recognized config filename extension, so new default Stage attributes created and registered.
I1008 16:12:09.661985 836307 Simulator.cpp:156] Loading navmesh from data/scene_datasets/mp3d/PX4nDJXEHrG/PX4nDJXEHrG.navmesh
I1008 16:12:09.663198 836307 Simulator.cpp:158] Loaded.
I1008 16:12:09.663214 836307 SceneGraph.h:93] Created DrawableGroup: 
I1008 16:12:09.667261 836307 ResourceManager.cpp:234] ResourceManager::loadStage : Not loading semantic mesh
I1008 16:12:09.667273 836307 ResourceManager.cpp:262] ResourceManager::loadStage : start load render asset data/scene_datasets/mp3d/PX4nDJXEHrG/PX4nDJXEHrG.glb.
I1008 16:12:09.667274 836307 ResourceManager.cpp:569] ResourceManager::loadStageInternal : Attempting to load stage data/scene_datasets/mp3d/PX4nDJXEHrG/PX4nDJXEHrG.glb 
I1008 16:12:09.667299 836307 ResourceManager.cpp:1119] Importing Basis files as BC7 for PX4nDJXEHrG.glb
W1008 16:12:12.372725 836307 Simulator.cpp:248] :
---
 The active scene does not contain semantic annotations. 
---
I1008 16:12:12.471912 836307 simulator.py:213] Loaded navmesh data/scene_datasets/mp3d/PX4nDJXEHrG/PX4nDJXEHrG.navmesh
I1008 16:12:18.514740 836307 PhysicsManager.cpp:33] Deconstructing PhysicsManager
I1008 16:12:18.514779 836307 SemanticScene.h:41] Deconstructing SemanticScene
I1008 16:12:18.534636 836307 SceneManager.h:25] Deconstructing SceneManager
I1008 16:12:18.534675 836307 SceneGraph.h:26] Deconstructing SceneGraph
I1008 16:12:18.535292 836307 Sensor.h:87] Deconstructing Sensor
I1008 16:12:18.536469 836307 Sensor.h:87] Deconstructing Sensor
I1008 16:12:18.536597 836307 Sensor.h:87] Deconstructing Sensor
I1008 16:12:18.536727 836307 Sensor.h:87] Deconstructing Sensor
I1008 16:12:18.536839 836307 Sensor.h:87] Deconstructing Sensor
I1008 16:12:18.536950 836307 Sensor.h:87] Deconstructing Sensor
I1008 16:12:18.537074 836307 Sensor.h:87] Deconstructing Sensor
I1008 16:12:18.537189 836307 Sensor.h:87] Deconstructing Sensor
I1008 16:12:18.537300 836307 Sensor.h:87] Deconstructing Sensor
I1008 16:12:18.537421 836307 Sensor.h:87] Deconstructing Sensor
I1008 16:12:18.537530 836307 Sensor.h:87] Deconstructing Sensor
I1008 16:12:18.537639 836307 Sensor.h:87] Deconstructing Sensor
I1008 16:12:18.537750 836307 Sensor.h:87] Deconstructing Sensor
I1008 16:12:18.537892 836307 Sensor.h:87] Deconstructing Sensor
I1008 16:12:18.538021 836307 Sensor.h:87] Deconstructing Sensor
I1008 16:12:18.538151 836307 Sensor.h:87] Deconstructing Sensor
I1008 16:12:18.538276 836307 Sensor.h:87] Deconstructing Sensor
I1008 16:12:18.538398 836307 Sensor.h:87] Deconstructing Sensor
I1008 16:12:18.538520 836307 Sensor.h:87] Deconstructing Sensor
I1008 16:12:18.538645 836307 Sensor.h:87] Deconstructing Sensor
I1008 16:12:18.538775 836307 Sensor.h:87] Deconstructing Sensor
I1008 16:12:18.538898 836307 Sensor.h:87] Deconstructing Sensor
I1008 16:12:18.539027 836307 Sensor.h:87] Deconstructing Sensor
I1008 16:12:18.539119 836307 Sensor.h:87] Deconstructing Sensor
I1008 16:12:18.549757 836307 Renderer.cpp:34] Deconstructing Renderer
I1008 16:12:18.549784 836307 WindowlessContext.h:17] Deconstructing WindowlessContext
I1008 16:12:18.556674 836307 MetadataMediator.cpp:56] MetadataMediator::setActiveSceneDatasetName : Old active dataset default changed to default successfully.
I1008 16:12:18.560130 836307 AttributesManagerBase.h:283] AttributesManager<T>::createFromJsonOrDefaultInternal  (Physics Manager) : Proposing JSON name : ./data/default.physics_config.json from original name : ./data/default.physics_config.json | This file  does not exist.
I1008 16:12:18.560176 836307 PhysicsAttributesManager.cpp:27] File (./data/default.physics_config.json) not found, so new default physics manager attributes created and registered.
I1008 16:12:18.560182 836307 AbstractObjectAttributesManagerBase.h:175] AbstractObjectAttributesManager<T>::createObject  (Stage) : Making attributes with handle : data/scene_datasets/mp3d/ZMojNkEp431/ZMojNkEp431.glb
I1008 16:12:18.560187 836307 ManagedContainerBase.cpp:19] ManagedContainerBase::convertFilenameToJSON : Filename : data/scene_datasets/mp3d/ZMojNkEp431/ZMojNkEp431.glb changed to proposed JSON configuration filename : data/scene_datasets/mp3d/ZMojNkEp431/ZMojNkEp431.stage_config.json
I1008 16:12:18.560205 836307 AttributesManagerBase.h:283] AttributesManager<T>::createFromJsonOrDefaultInternal  (Stage) : Proposing JSON name : data/scene_datasets/mp3d/ZMojNkEp431/ZMojNkEp431.stage_config.json from original name : data/scene_datasets/mp3d/ZMojNkEp431/ZMojNkEp431.glb | This file  does not exist.
I1008 16:12:18.560257 836307 AbstractObjectAttributesManagerBase.h:181] AbstractObjectAttributesManager<T>::createObject  (Stage) : Done making attributes with handle : data/scene_datasets/mp3d/ZMojNkEp431/ZMojNkEp431.glb
I1008 16:12:18.560258 836307 AbstractObjectAttributesManagerBase.h:188] File (data/scene_datasets/mp3d/ZMojNkEp431/ZMojNkEp431.glb) exists but is not a recognized config filename extension, so new default Stage attributes created and registered.
I1008 16:12:18.560261 836307 Simulator.cpp:156] Loading navmesh from data/scene_datasets/mp3d/ZMojNkEp431/ZMojNkEp431.navmesh
I1008 16:12:18.560428 836307 Simulator.cpp:158] Loaded.
I1008 16:12:18.560434 836307 SceneGraph.h:93] Created DrawableGroup: 
I1008 16:12:18.564378 836307 ResourceManager.cpp:234] ResourceManager::loadStage : Not loading semantic mesh
I1008 16:12:18.564411 836307 ResourceManager.cpp:262] ResourceManager::loadStage : start load render asset data/scene_datasets/mp3d/ZMojNkEp431/ZMojNkEp431.glb.
I1008 16:12:18.564414 836307 ResourceManager.cpp:569] ResourceManager::loadStageInternal : Attempting to load stage data/scene_datasets/mp3d/ZMojNkEp431/ZMojNkEp431.glb 
I1008 16:12:18.564436 836307 ResourceManager.cpp:1119] Importing Basis files as BC7 for ZMojNkEp431.glb
W1008 16:12:19.900846 836307 Simulator.cpp:248] :
---
 The active scene does not contain semantic annotations. 
---
I1008 16:12:19.944941 836307 simulator.py:213] Loaded navmesh data/scene_datasets/mp3d/ZMojNkEp431/ZMojNkEp431.navmesh
I1008 16:12:24.141593 836307 PhysicsManager.cpp:33] Deconstructing PhysicsManager
I1008 16:12:24.141631 836307 SemanticScene.h:41] Deconstructing SemanticScene
I1008 16:12:24.147644 836307 SceneManager.h:25] Deconstructing SceneManager
I1008 16:12:24.147665 836307 SceneGraph.h:26] Deconstructing SceneGraph
I1008 16:12:24.148096 836307 Sensor.h:87] Deconstructing Sensor
I1008 16:12:24.148815 836307 Sensor.h:87] Deconstructing Sensor
I1008 16:12:24.148933 836307 Sensor.h:87] Deconstructing Sensor
I1008 16:12:24.149050 836307 Sensor.h:87] Deconstructing Sensor
I1008 16:12:24.149163 836307 Sensor.h:87] Deconstructing Sensor
I1008 16:12:24.149274 836307 Sensor.h:87] Deconstructing Sensor
I1008 16:12:24.149392 836307 Sensor.h:87] Deconstructing Sensor
I1008 16:12:24.149501 836307 Sensor.h:87] Deconstructing Sensor
I1008 16:12:24.149618 836307 Sensor.h:87] Deconstructing Sensor
I1008 16:12:24.149752 836307 Sensor.h:87] Deconstructing Sensor
I1008 16:12:24.149868 836307 Sensor.h:87] Deconstructing Sensor
I1008 16:12:24.149986 836307 Sensor.h:87] Deconstructing Sensor
I1008 16:12:24.150089 836307 Sensor.h:87] Deconstructing Sensor
I1008 16:12:24.150235 836307 Sensor.h:87] Deconstructing Sensor
I1008 16:12:24.150377 836307 Sensor.h:87] Deconstructing Sensor
I1008 16:12:24.150507 836307 Sensor.h:87] Deconstructing Sensor
I1008 16:12:24.150767 836307 Sensor.h:87] Deconstructing Sensor
I1008 16:12:24.150929 836307 Sensor.h:87] Deconstructing Sensor
I1008 16:12:24.151067 836307 Sensor.h:87] Deconstructing Sensor
I1008 16:12:24.151201 836307 Sensor.h:87] Deconstructing Sensor
I1008 16:12:24.151332 836307 Sensor.h:87] Deconstructing Sensor
I1008 16:12:24.151460 836307 Sensor.h:87] Deconstructing Sensor
I1008 16:12:24.151604 836307 Sensor.h:87] Deconstructing Sensor
I1008 16:12:24.151717 836307 Sensor.h:87] Deconstructing Sensor
I1008 16:12:24.160998 836307 Renderer.cpp:34] Deconstructing Renderer
I1008 16:12:24.161031 836307 WindowlessContext.h:17] Deconstructing WindowlessContext
I1008 16:12:24.164832 836307 MetadataMediator.cpp:56] MetadataMediator::setActiveSceneDatasetName : Old active dataset default changed to default successfully.
I1008 16:12:24.166685 836307 AttributesManagerBase.h:283] AttributesManager<T>::createFromJsonOrDefaultInternal  (Physics Manager) : Proposing JSON name : ./data/default.physics_config.json from original name : ./data/default.physics_config.json | This file  does not exist.
I1008 16:12:24.166721 836307 PhysicsAttributesManager.cpp:27] File (./data/default.physics_config.json) not found, so new default physics manager attributes created and registered.
I1008 16:12:24.166728 836307 AbstractObjectAttributesManagerBase.h:175] AbstractObjectAttributesManager<T>::createObject  (Stage) : Making attributes with handle : data/scene_datasets/mp3d/pRbA3pwrgk9/pRbA3pwrgk9.glb
I1008 16:12:24.166730 836307 ManagedContainerBase.cpp:19] ManagedContainerBase::convertFilenameToJSON : Filename : data/scene_datasets/mp3d/pRbA3pwrgk9/pRbA3pwrgk9.glb changed to proposed JSON configuration filename : data/scene_datasets/mp3d/pRbA3pwrgk9/pRbA3pwrgk9.stage_config.json
I1008 16:12:24.166746 836307 AttributesManagerBase.h:283] AttributesManager<T>::createFromJsonOrDefaultInternal  (Stage) : Proposing JSON name : data/scene_datasets/mp3d/pRbA3pwrgk9/pRbA3pwrgk9.stage_config.json from original name : data/scene_datasets/mp3d/pRbA3pwrgk9/pRbA3pwrgk9.glb | This file  does not exist.
I1008 16:12:24.166795 836307 AbstractObjectAttributesManagerBase.h:181] AbstractObjectAttributesManager<T>::createObject  (Stage) : Done making attributes with handle : data/scene_datasets/mp3d/pRbA3pwrgk9/pRbA3pwrgk9.glb
I1008 16:12:24.166796 836307 AbstractObjectAttributesManagerBase.h:188] File (data/scene_datasets/mp3d/pRbA3pwrgk9/pRbA3pwrgk9.glb) exists but is not a recognized config filename extension, so new default Stage attributes created and registered.
I1008 16:12:24.166800 836307 Simulator.cpp:156] Loading navmesh from data/scene_datasets/mp3d/pRbA3pwrgk9/pRbA3pwrgk9.navmesh
I1008 16:12:24.166947 836307 Simulator.cpp:158] Loaded.
I1008 16:12:24.166953 836307 SceneGraph.h:93] Created DrawableGroup: 
I1008 16:12:24.170836 836307 ResourceManager.cpp:234] ResourceManager::loadStage : Not loading semantic mesh
I1008 16:12:24.170849 836307 ResourceManager.cpp:262] ResourceManager::loadStage : start load render asset data/scene_datasets/mp3d/pRbA3pwrgk9/pRbA3pwrgk9.glb.
I1008 16:12:24.170857 836307 ResourceManager.cpp:569] ResourceManager::loadStageInternal : Attempting to load stage data/scene_datasets/mp3d/pRbA3pwrgk9/pRbA3pwrgk9.glb 
I1008 16:12:24.170881 836307 ResourceManager.cpp:1119] Importing Basis files as BC7 for pRbA3pwrgk9.glb
W1008 16:12:25.363056 836307 Simulator.cpp:248] :
---
 The active scene does not contain semantic annotations. 
---
I1008 16:12:25.427243 836307 simulator.py:213] Loaded navmesh data/scene_datasets/mp3d/pRbA3pwrgk9/pRbA3pwrgk9.navmesh
I1008 16:12:30.449427 836307 PhysicsManager.cpp:33] Deconstructing PhysicsManager
I1008 16:12:30.449455 836307 SemanticScene.h:41] Deconstructing SemanticScene
I1008 16:12:30.459928 836307 SceneManager.h:25] Deconstructing SceneManager
I1008 16:12:30.459955 836307 SceneGraph.h:26] Deconstructing SceneGraph
I1008 16:12:30.460350 836307 Sensor.h:87] Deconstructing Sensor
I1008 16:12:30.461107 836307 Sensor.h:87] Deconstructing Sensor
I1008 16:12:30.461216 836307 Sensor.h:87] Deconstructing Sensor
I1008 16:12:30.461328 836307 Sensor.h:87] Deconstructing Sensor
I1008 16:12:30.461431 836307 Sensor.h:87] Deconstructing Sensor
I1008 16:12:30.461531 836307 Sensor.h:87] Deconstructing Sensor
I1008 16:12:30.461637 836307 Sensor.h:87] Deconstructing Sensor
I1008 16:12:30.461741 836307 Sensor.h:87] Deconstructing Sensor
I1008 16:12:30.461846 836307 Sensor.h:87] Deconstructing Sensor
I1008 16:12:30.461949 836307 Sensor.h:87] Deconstructing Sensor
I1008 16:12:30.462049 836307 Sensor.h:87] Deconstructing Sensor
I1008 16:12:30.462153 836307 Sensor.h:87] Deconstructing Sensor
I1008 16:12:30.462252 836307 Sensor.h:87] Deconstructing Sensor
I1008 16:12:30.462389 836307 Sensor.h:87] Deconstructing Sensor
I1008 16:12:30.462517 836307 Sensor.h:87] Deconstructing Sensor
I1008 16:12:30.462642 836307 Sensor.h:87] Deconstructing Sensor
I1008 16:12:30.462771 836307 Sensor.h:87] Deconstructing Sensor
I1008 16:12:30.462894 836307 Sensor.h:87] Deconstructing Sensor
I1008 16:12:30.463023 836307 Sensor.h:87] Deconstructing Sensor
I1008 16:12:30.463150 836307 Sensor.h:87] Deconstructing Sensor
I1008 16:12:30.463274 836307 Sensor.h:87] Deconstructing Sensor
I1008 16:12:30.463398 836307 Sensor.h:87] Deconstructing Sensor
I1008 16:12:30.463526 836307 Sensor.h:87] Deconstructing Sensor
I1008 16:12:30.463692 836307 Sensor.h:87] Deconstructing Sensor
I1008 16:12:30.468425 836307 Renderer.cpp:34] Deconstructing Renderer
I1008 16:12:30.468441 836307 WindowlessContext.h:17] Deconstructing WindowlessContext
I1008 16:12:30.471755 836307 MetadataMediator.cpp:56] MetadataMediator::setActiveSceneDatasetName : Old active dataset default changed to default successfully.
I1008 16:12:30.473596 836307 AttributesManagerBase.h:283] AttributesManager<T>::createFromJsonOrDefaultInternal  (Physics Manager) : Proposing JSON name : ./data/default.physics_config.json from original name : ./data/default.physics_config.json | This file  does not exist.
I1008 16:12:30.473624 836307 PhysicsAttributesManager.cpp:27] File (./data/default.physics_config.json) not found, so new default physics manager attributes created and registered.
I1008 16:12:30.473629 836307 AbstractObjectAttributesManagerBase.h:175] AbstractObjectAttributesManager<T>::createObject  (Stage) : Making attributes with handle : data/scene_datasets/mp3d/D7N2EKCX4Sj/D7N2EKCX4Sj.glb
I1008 16:12:30.473632 836307 ManagedContainerBase.cpp:19] ManagedContainerBase::convertFilenameToJSON : Filename : data/scene_datasets/mp3d/D7N2EKCX4Sj/D7N2EKCX4Sj.glb changed to proposed JSON configuration filename : data/scene_datasets/mp3d/D7N2EKCX4Sj/D7N2EKCX4Sj.stage_config.json
I1008 16:12:30.473647 836307 AttributesManagerBase.h:283] AttributesManager<T>::createFromJsonOrDefaultInternal  (Stage) : Proposing JSON name : data/scene_datasets/mp3d/D7N2EKCX4Sj/D7N2EKCX4Sj.stage_config.json from original name : data/scene_datasets/mp3d/D7N2EKCX4Sj/D7N2EKCX4Sj.glb | This file  does not exist.
I1008 16:12:30.473696 836307 AbstractObjectAttributesManagerBase.h:181] AbstractObjectAttributesManager<T>::createObject  (Stage) : Done making attributes with handle : data/scene_datasets/mp3d/D7N2EKCX4Sj/D7N2EKCX4Sj.glb
I1008 16:12:30.473707 836307 AbstractObjectAttributesManagerBase.h:188] File (data/scene_datasets/mp3d/D7N2EKCX4Sj/D7N2EKCX4Sj.glb) exists but is not a recognized config filename extension, so new default Stage attributes created and registered.
I1008 16:12:30.473711 836307 Simulator.cpp:156] Loading navmesh from data/scene_datasets/mp3d/D7N2EKCX4Sj/D7N2EKCX4Sj.navmesh
I1008 16:12:30.474113 836307 Simulator.cpp:158] Loaded.
I1008 16:12:30.474119 836307 SceneGraph.h:93] Created DrawableGroup: 
I1008 16:12:30.477749 836307 ResourceManager.cpp:234] ResourceManager::loadStage : Not loading semantic mesh
I1008 16:12:30.477761 836307 ResourceManager.cpp:262] ResourceManager::loadStage : start load render asset data/scene_datasets/mp3d/D7N2EKCX4Sj/D7N2EKCX4Sj.glb.
I1008 16:12:30.477761 836307 ResourceManager.cpp:569] ResourceManager::loadStageInternal : Attempting to load stage data/scene_datasets/mp3d/D7N2EKCX4Sj/D7N2EKCX4Sj.glb 
I1008 16:12:30.477783 836307 ResourceManager.cpp:1119] Importing Basis files as BC7 for D7N2EKCX4Sj.glb
W1008 16:12:34.698704 836307 Simulator.cpp:248] :
---
 The active scene does not contain semantic annotations. 
---
I1008 16:12:34.831769 836307 simulator.py:213] Loaded navmesh data/scene_datasets/mp3d/D7N2EKCX4Sj/D7N2EKCX4Sj.navmesh
I1008 16:12:40.148236 836307 PhysicsManager.cpp:33] Deconstructing PhysicsManager
I1008 16:12:40.148264 836307 SemanticScene.h:41] Deconstructing SemanticScene
I1008 16:12:40.160323 836307 SceneManager.h:25] Deconstructing SceneManager
I1008 16:12:40.160346 836307 SceneGraph.h:26] Deconstructing SceneGraph
I1008 16:12:40.160851 836307 Sensor.h:87] Deconstructing Sensor
I1008 16:12:40.161636 836307 Sensor.h:87] Deconstructing Sensor
I1008 16:12:40.161744 836307 Sensor.h:87] Deconstructing Sensor
I1008 16:12:40.161852 836307 Sensor.h:87] Deconstructing Sensor
I1008 16:12:40.161954 836307 Sensor.h:87] Deconstructing Sensor
I1008 16:12:40.162051 836307 Sensor.h:87] Deconstructing Sensor
I1008 16:12:40.162153 836307 Sensor.h:87] Deconstructing Sensor
I1008 16:12:40.162247 836307 Sensor.h:87] Deconstructing Sensor
I1008 16:12:40.162355 836307 Sensor.h:87] Deconstructing Sensor
I1008 16:12:40.162451 836307 Sensor.h:87] Deconstructing Sensor
I1008 16:12:40.162546 836307 Sensor.h:87] Deconstructing Sensor
I1008 16:12:40.162644 836307 Sensor.h:87] Deconstructing Sensor
I1008 16:12:40.162743 836307 Sensor.h:87] Deconstructing Sensor
I1008 16:12:40.162864 836307 Sensor.h:87] Deconstructing Sensor
I1008 16:12:40.162992 836307 Sensor.h:87] Deconstructing Sensor
I1008 16:12:40.163156 836307 Sensor.h:87] Deconstructing Sensor
I1008 16:12:40.163297 836307 Sensor.h:87] Deconstructing Sensor
I1008 16:12:40.163416 836307 Sensor.h:87] Deconstructing Sensor
I1008 16:12:40.163534 836307 Sensor.h:87] Deconstructing Sensor
I1008 16:12:40.163654 836307 Sensor.h:87] Deconstructing Sensor
I1008 16:12:40.163775 836307 Sensor.h:87] Deconstructing Sensor
I1008 16:12:40.163892 836307 Sensor.h:87] Deconstructing Sensor
I1008 16:12:40.164024 836307 Sensor.h:87] Deconstructing Sensor
I1008 16:12:40.164117 836307 Sensor.h:87] Deconstructing Sensor
I1008 16:12:40.174217 836307 Renderer.cpp:34] Deconstructing Renderer
I1008 16:12:40.174238 836307 WindowlessContext.h:17] Deconstructing WindowlessContext
I1008 16:12:40.181035 836307 MetadataMediator.cpp:56] MetadataMediator::setActiveSceneDatasetName : Old active dataset default changed to default successfully.
I1008 16:12:40.182334 836307 AttributesManagerBase.h:283] AttributesManager<T>::createFromJsonOrDefaultInternal  (Physics Manager) : Proposing JSON name : ./data/default.physics_config.json from original name : ./data/default.physics_config.json | This file  does not exist.
I1008 16:12:40.182358 836307 PhysicsAttributesManager.cpp:27] File (./data/default.physics_config.json) not found, so new default physics manager attributes created and registered.
I1008 16:12:40.182363 836307 AbstractObjectAttributesManagerBase.h:175] AbstractObjectAttributesManager<T>::createObject  (Stage) : Making attributes with handle : data/scene_datasets/mp3d/JmbYfDe2QKZ/JmbYfDe2QKZ.glb
I1008 16:12:40.182374 836307 ManagedContainerBase.cpp:19] ManagedContainerBase::convertFilenameToJSON : Filename : data/scene_datasets/mp3d/JmbYfDe2QKZ/JmbYfDe2QKZ.glb changed to proposed JSON configuration filename : data/scene_datasets/mp3d/JmbYfDe2QKZ/JmbYfDe2QKZ.stage_config.json
I1008 16:12:40.182389 836307 AttributesManagerBase.h:283] AttributesManager<T>::createFromJsonOrDefaultInternal  (Stage) : Proposing JSON name : data/scene_datasets/mp3d/JmbYfDe2QKZ/JmbYfDe2QKZ.stage_config.json from original name : data/scene_datasets/mp3d/JmbYfDe2QKZ/JmbYfDe2QKZ.glb | This file  does not exist.
I1008 16:12:40.182433 836307 AbstractObjectAttributesManagerBase.h:181] AbstractObjectAttributesManager<T>::createObject  (Stage) : Done making attributes with handle : data/scene_datasets/mp3d/JmbYfDe2QKZ/JmbYfDe2QKZ.glb
I1008 16:12:40.182435 836307 AbstractObjectAttributesManagerBase.h:188] File (data/scene_datasets/mp3d/JmbYfDe2QKZ/JmbYfDe2QKZ.glb) exists but is not a recognized config filename extension, so new default Stage attributes created and registered.
I1008 16:12:40.182438 836307 Simulator.cpp:156] Loading navmesh from data/scene_datasets/mp3d/JmbYfDe2QKZ/JmbYfDe2QKZ.navmesh
I1008 16:12:40.182535 836307 Simulator.cpp:158] Loaded.
I1008 16:12:40.182539 836307 SceneGraph.h:93] Created DrawableGroup: 
I1008 16:12:40.185853 836307 ResourceManager.cpp:234] ResourceManager::loadStage : Not loading semantic mesh
I1008 16:12:40.185863 836307 ResourceManager.cpp:262] ResourceManager::loadStage : start load render asset data/scene_datasets/mp3d/JmbYfDe2QKZ/JmbYfDe2QKZ.glb.
I1008 16:12:40.185863 836307 ResourceManager.cpp:569] ResourceManager::loadStageInternal : Attempting to load stage data/scene_datasets/mp3d/JmbYfDe2QKZ/JmbYfDe2QKZ.glb 
I1008 16:12:40.185883 836307 ResourceManager.cpp:1119] Importing Basis files as BC7 for JmbYfDe2QKZ.glb
W1008 16:12:41.239713 836307 Simulator.cpp:248] :
---
 The active scene does not contain semantic annotations. 
---
I1008 16:12:41.295701 836307 simulator.py:213] Loaded navmesh data/scene_datasets/mp3d/JmbYfDe2QKZ/JmbYfDe2QKZ.navmesh
I1008 16:12:46.629383 836307 PhysicsManager.cpp:33] Deconstructing PhysicsManager
I1008 16:12:46.629415 836307 SemanticScene.h:41] Deconstructing SemanticScene
I1008 16:12:46.637430 836307 SceneManager.h:25] Deconstructing SceneManager
I1008 16:12:46.637454 836307 SceneGraph.h:26] Deconstructing SceneGraph
I1008 16:12:46.638016 836307 Sensor.h:87] Deconstructing Sensor
I1008 16:12:46.638693 836307 Sensor.h:87] Deconstructing Sensor
I1008 16:12:46.638839 836307 Sensor.h:87] Deconstructing Sensor
I1008 16:12:46.638960 836307 Sensor.h:87] Deconstructing Sensor
I1008 16:12:46.639089 836307 Sensor.h:87] Deconstructing Sensor
I1008 16:12:46.639199 836307 Sensor.h:87] Deconstructing Sensor
I1008 16:12:46.639314 836307 Sensor.h:87] Deconstructing Sensor
I1008 16:12:46.639426 836307 Sensor.h:87] Deconstructing Sensor
I1008 16:12:46.639542 836307 Sensor.h:87] Deconstructing Sensor
I1008 16:12:46.639652 836307 Sensor.h:87] Deconstructing Sensor
I1008 16:12:46.639765 836307 Sensor.h:87] Deconstructing Sensor
I1008 16:12:46.639883 836307 Sensor.h:87] Deconstructing Sensor
I1008 16:12:46.639997 836307 Sensor.h:87] Deconstructing Sensor
I1008 16:12:46.640147 836307 Sensor.h:87] Deconstructing Sensor
I1008 16:12:46.640306 836307 Sensor.h:87] Deconstructing Sensor
I1008 16:12:46.640434 836307 Sensor.h:87] Deconstructing Sensor
I1008 16:12:46.640569 836307 Sensor.h:87] Deconstructing Sensor
I1008 16:12:46.640708 836307 Sensor.h:87] Deconstructing Sensor
I1008 16:12:46.640839 836307 Sensor.h:87] Deconstructing Sensor
I1008 16:12:46.640966 836307 Sensor.h:87] Deconstructing Sensor
I1008 16:12:46.641093 836307 Sensor.h:87] Deconstructing Sensor
I1008 16:12:46.641220 836307 Sensor.h:87] Deconstructing Sensor
I1008 16:12:46.641355 836307 Sensor.h:87] Deconstructing Sensor
I1008 16:12:46.641456 836307 Sensor.h:87] Deconstructing Sensor
I1008 16:12:46.647089 836307 Renderer.cpp:34] Deconstructing Renderer
I1008 16:12:46.647121 836307 WindowlessContext.h:17] Deconstructing WindowlessContext
I1008 16:12:46.650038 836307 MetadataMediator.cpp:56] MetadataMediator::setActiveSceneDatasetName : Old active dataset default changed to default successfully.
I1008 16:12:46.652437 836307 AttributesManagerBase.h:283] AttributesManager<T>::createFromJsonOrDefaultInternal  (Physics Manager) : Proposing JSON name : ./data/default.physics_config.json from original name : ./data/default.physics_config.json | This file  does not exist.
I1008 16:12:46.652474 836307 PhysicsAttributesManager.cpp:27] File (./data/default.physics_config.json) not found, so new default physics manager attributes created and registered.
I1008 16:12:46.652480 836307 AbstractObjectAttributesManagerBase.h:175] AbstractObjectAttributesManager<T>::createObject  (Stage) : Making attributes with handle : data/scene_datasets/mp3d/pRbA3pwrgk9/pRbA3pwrgk9.glb
I1008 16:12:46.652484 836307 ManagedContainerBase.cpp:19] ManagedContainerBase::convertFilenameToJSON : Filename : data/scene_datasets/mp3d/pRbA3pwrgk9/pRbA3pwrgk9.glb changed to proposed JSON configuration filename : data/scene_datasets/mp3d/pRbA3pwrgk9/pRbA3pwrgk9.stage_config.json
I1008 16:12:46.652501 836307 AttributesManagerBase.h:283] AttributesManager<T>::createFromJsonOrDefaultInternal  (Stage) : Proposing JSON name : data/scene_datasets/mp3d/pRbA3pwrgk9/pRbA3pwrgk9.stage_config.json from original name : data/scene_datasets/mp3d/pRbA3pwrgk9/pRbA3pwrgk9.glb | This file  does not exist.
I1008 16:12:46.652554 836307 AbstractObjectAttributesManagerBase.h:181] AbstractObjectAttributesManager<T>::createObject  (Stage) : Done making attributes with handle : data/scene_datasets/mp3d/pRbA3pwrgk9/pRbA3pwrgk9.glb
I1008 16:12:46.652554 836307 AbstractObjectAttributesManagerBase.h:188] File (data/scene_datasets/mp3d/pRbA3pwrgk9/pRbA3pwrgk9.glb) exists but is not a recognized config filename extension, so new default Stage attributes created and registered.
I1008 16:12:46.652559 836307 Simulator.cpp:156] Loading navmesh from data/scene_datasets/mp3d/pRbA3pwrgk9/pRbA3pwrgk9.navmesh
I1008 16:12:46.652740 836307 Simulator.cpp:158] Loaded.
I1008 16:12:46.652747 836307 SceneGraph.h:93] Created DrawableGroup: 
I1008 16:12:46.657137 836307 ResourceManager.cpp:234] ResourceManager::loadStage : Not loading semantic mesh
I1008 16:12:46.657158 836307 ResourceManager.cpp:262] ResourceManager::loadStage : start load render asset data/scene_datasets/mp3d/pRbA3pwrgk9/pRbA3pwrgk9.glb.
I1008 16:12:46.657160 836307 ResourceManager.cpp:569] ResourceManager::loadStageInternal : Attempting to load stage data/scene_datasets/mp3d/pRbA3pwrgk9/pRbA3pwrgk9.glb 
I1008 16:12:46.657192 836307 ResourceManager.cpp:1119] Importing Basis files as BC7 for pRbA3pwrgk9.glb
W1008 16:12:47.862720 836307 Simulator.cpp:248] :
---
 The active scene does not contain semantic annotations. 
---
I1008 16:12:47.926459 836307 simulator.py:213] Loaded navmesh data/scene_datasets/mp3d/pRbA3pwrgk9/pRbA3pwrgk9.navmesh
I1008 16:12:50.483239 836307 PhysicsManager.cpp:33] Deconstructing PhysicsManager
I1008 16:12:50.483290 836307 SemanticScene.h:41] Deconstructing SemanticScene
I1008 16:12:50.496500 836307 SceneManager.h:25] Deconstructing SceneManager
I1008 16:12:50.496533 836307 SceneGraph.h:26] Deconstructing SceneGraph
I1008 16:12:50.497052 836307 Sensor.h:87] Deconstructing Sensor
I1008 16:12:50.498566 836307 Sensor.h:87] Deconstructing Sensor
I1008 16:12:50.498683 836307 Sensor.h:87] Deconstructing Sensor
I1008 16:12:50.498797 836307 Sensor.h:87] Deconstructing Sensor
I1008 16:12:50.498905 836307 Sensor.h:87] Deconstructing Sensor
I1008 16:12:50.499010 836307 Sensor.h:87] Deconstructing Sensor
I1008 16:12:50.499115 836307 Sensor.h:87] Deconstructing Sensor
I1008 16:12:50.499217 836307 Sensor.h:87] Deconstructing Sensor
I1008 16:12:50.499333 836307 Sensor.h:87] Deconstructing Sensor
I1008 16:12:50.499439 836307 Sensor.h:87] Deconstructing Sensor
I1008 16:12:50.499543 836307 Sensor.h:87] Deconstructing Sensor
I1008 16:12:50.499651 836307 Sensor.h:87] Deconstructing Sensor
I1008 16:12:50.499776 836307 Sensor.h:87] Deconstructing Sensor
I1008 16:12:50.499934 836307 Sensor.h:87] Deconstructing Sensor
I1008 16:12:50.500073 836307 Sensor.h:87] Deconstructing Sensor
I1008 16:12:50.500267 836307 Sensor.h:87] Deconstructing Sensor
I1008 16:12:50.500402 836307 Sensor.h:87] Deconstructing Sensor
I1008 16:12:50.500528 836307 Sensor.h:87] Deconstructing Sensor
I1008 16:12:50.500658 836307 Sensor.h:87] Deconstructing Sensor
I1008 16:12:50.500792 836307 Sensor.h:87] Deconstructing Sensor
I1008 16:12:50.500921 836307 Sensor.h:87] Deconstructing Sensor
I1008 16:12:50.501046 836307 Sensor.h:87] Deconstructing Sensor
I1008 16:12:50.501180 836307 Sensor.h:87] Deconstructing Sensor
I1008 16:12:50.501315 836307 Sensor.h:87] Deconstructing Sensor
I1008 16:12:50.507126 836307 Renderer.cpp:34] Deconstructing Renderer
I1008 16:12:50.507153 836307 WindowlessContext.h:17] Deconstructing WindowlessContext
I1008 16:12:50.510667 836307 MetadataMediator.cpp:56] MetadataMediator::setActiveSceneDatasetName : Old active dataset default changed to default successfully.
I1008 16:12:50.512936 836307 AttributesManagerBase.h:283] AttributesManager<T>::createFromJsonOrDefaultInternal  (Physics Manager) : Proposing JSON name : ./data/default.physics_config.json from original name : ./data/default.physics_config.json | This file  does not exist.
I1008 16:12:50.512972 836307 PhysicsAttributesManager.cpp:27] File (./data/default.physics_config.json) not found, so new default physics manager attributes created and registered.
I1008 16:12:50.512979 836307 AbstractObjectAttributesManagerBase.h:175] AbstractObjectAttributesManager<T>::createObject  (Stage) : Making attributes with handle : data/scene_datasets/mp3d/qoiz87JEwZ2/qoiz87JEwZ2.glb
I1008 16:12:50.512981 836307 ManagedContainerBase.cpp:19] ManagedContainerBase::convertFilenameToJSON : Filename : data/scene_datasets/mp3d/qoiz87JEwZ2/qoiz87JEwZ2.glb changed to proposed JSON configuration filename : data/scene_datasets/mp3d/qoiz87JEwZ2/qoiz87JEwZ2.stage_config.json
I1008 16:12:50.512998 836307 AttributesManagerBase.h:283] AttributesManager<T>::createFromJsonOrDefaultInternal  (Stage) : Proposing JSON name : data/scene_datasets/mp3d/qoiz87JEwZ2/qoiz87JEwZ2.stage_config.json from original name : data/scene_datasets/mp3d/qoiz87JEwZ2/qoiz87JEwZ2.glb | This file  does not exist.
I1008 16:12:50.513044 836307 AbstractObjectAttributesManagerBase.h:181] AbstractObjectAttributesManager<T>::createObject  (Stage) : Done making attributes with handle : data/scene_datasets/mp3d/qoiz87JEwZ2/qoiz87JEwZ2.glb
I1008 16:12:50.513046 836307 AbstractObjectAttributesManagerBase.h:188] File (data/scene_datasets/mp3d/qoiz87JEwZ2/qoiz87JEwZ2.glb) exists but is not a recognized config filename extension, so new default Stage attributes created and registered.
I1008 16:12:50.513049 836307 Simulator.cpp:156] Loading navmesh from data/scene_datasets/mp3d/qoiz87JEwZ2/qoiz87JEwZ2.navmesh
I1008 16:12:50.513224 836307 Simulator.cpp:158] Loaded.
I1008 16:12:50.513230 836307 SceneGraph.h:93] Created DrawableGroup: 
I1008 16:12:50.517198 836307 ResourceManager.cpp:234] ResourceManager::loadStage : Not loading semantic mesh
I1008 16:12:50.517215 836307 ResourceManager.cpp:262] ResourceManager::loadStage : start load render asset data/scene_datasets/mp3d/qoiz87JEwZ2/qoiz87JEwZ2.glb.
I1008 16:12:50.517216 836307 ResourceManager.cpp:569] ResourceManager::loadStageInternal : Attempting to load stage data/scene_datasets/mp3d/qoiz87JEwZ2/qoiz87JEwZ2.glb 
I1008 16:12:50.517243 836307 ResourceManager.cpp:1119] Importing Basis files as BC7 for qoiz87JEwZ2.glb
W1008 16:12:52.290639 836307 Simulator.cpp:248] :
---
 The active scene does not contain semantic annotations. 
---
I1008 16:12:52.359772 836307 simulator.py:213] Loaded navmesh data/scene_datasets/mp3d/qoiz87JEwZ2/qoiz87JEwZ2.navmesh
I1008 16:12:54.262130 836307 PhysicsManager.cpp:33] Deconstructing PhysicsManager
I1008 16:12:54.262157 836307 SemanticScene.h:41] Deconstructing SemanticScene
I1008 16:12:54.270807 836307 SceneManager.h:25] Deconstructing SceneManager
I1008 16:12:54.270841 836307 SceneGraph.h:26] Deconstructing SceneGraph
I1008 16:12:54.271322 836307 Sensor.h:87] Deconstructing Sensor
I1008 16:12:54.272387 836307 Sensor.h:87] Deconstructing Sensor
I1008 16:12:54.272511 836307 Sensor.h:87] Deconstructing Sensor
I1008 16:12:54.272630 836307 Sensor.h:87] Deconstructing Sensor
I1008 16:12:54.272754 836307 Sensor.h:87] Deconstructing Sensor
I1008 16:12:54.272867 836307 Sensor.h:87] Deconstructing Sensor
I1008 16:12:54.272984 836307 Sensor.h:87] Deconstructing Sensor
I1008 16:12:54.273095 836307 Sensor.h:87] Deconstructing Sensor
I1008 16:12:54.273212 836307 Sensor.h:87] Deconstructing Sensor
I1008 16:12:54.273324 836307 Sensor.h:87] Deconstructing Sensor
I1008 16:12:54.273437 836307 Sensor.h:87] Deconstructing Sensor
I1008 16:12:54.273550 836307 Sensor.h:87] Deconstructing Sensor
I1008 16:12:54.273660 836307 Sensor.h:87] Deconstructing Sensor
I1008 16:12:54.273805 836307 Sensor.h:87] Deconstructing Sensor
I1008 16:12:54.273947 836307 Sensor.h:87] Deconstructing Sensor
I1008 16:12:54.274075 836307 Sensor.h:87] Deconstructing Sensor
I1008 16:12:54.274204 836307 Sensor.h:87] Deconstructing Sensor
I1008 16:12:54.274329 836307 Sensor.h:87] Deconstructing Sensor
I1008 16:12:54.274459 836307 Sensor.h:87] Deconstructing Sensor
I1008 16:12:54.274587 836307 Sensor.h:87] Deconstructing Sensor
I1008 16:12:54.274724 836307 Sensor.h:87] Deconstructing Sensor
I1008 16:12:54.274848 836307 Sensor.h:87] Deconstructing Sensor
I1008 16:12:54.274984 836307 Sensor.h:87] Deconstructing Sensor
I1008 16:12:54.275072 836307 Sensor.h:87] Deconstructing Sensor
I1008 16:12:54.281756 836307 Renderer.cpp:34] Deconstructing Renderer
I1008 16:12:54.281782 836307 WindowlessContext.h:17] Deconstructing WindowlessContext
I1008 16:12:54.285434 836307 MetadataMediator.cpp:56] MetadataMediator::setActiveSceneDatasetName : Old active dataset default changed to default successfully.
I1008 16:12:54.288112 836307 AttributesManagerBase.h:283] AttributesManager<T>::createFromJsonOrDefaultInternal  (Physics Manager) : Proposing JSON name : ./data/default.physics_config.json from original name : ./data/default.physics_config.json | This file  does not exist.
I1008 16:12:54.288167 836307 PhysicsAttributesManager.cpp:27] File (./data/default.physics_config.json) not found, so new default physics manager attributes created and registered.
I1008 16:12:54.288173 836307 AbstractObjectAttributesManagerBase.h:175] AbstractObjectAttributesManager<T>::createObject  (Stage) : Making attributes with handle : data/scene_datasets/mp3d/2n8kARJN3HM/2n8kARJN3HM.glb
I1008 16:12:54.288178 836307 ManagedContainerBase.cpp:19] ManagedContainerBase::convertFilenameToJSON : Filename : data/scene_datasets/mp3d/2n8kARJN3HM/2n8kARJN3HM.glb changed to proposed JSON configuration filename : data/scene_datasets/mp3d/2n8kARJN3HM/2n8kARJN3HM.stage_config.json
I1008 16:12:54.288198 836307 AttributesManagerBase.h:283] AttributesManager<T>::createFromJsonOrDefaultInternal  (Stage) : Proposing JSON name : data/scene_datasets/mp3d/2n8kARJN3HM/2n8kARJN3HM.stage_config.json from original name : data/scene_datasets/mp3d/2n8kARJN3HM/2n8kARJN3HM.glb | This file  does not exist.
I1008 16:12:54.288249 836307 AbstractObjectAttributesManagerBase.h:181] AbstractObjectAttributesManager<T>::createObject  (Stage) : Done making attributes with handle : data/scene_datasets/mp3d/2n8kARJN3HM/2n8kARJN3HM.glb
I1008 16:12:54.288250 836307 AbstractObjectAttributesManagerBase.h:188] File (data/scene_datasets/mp3d/2n8kARJN3HM/2n8kARJN3HM.glb) exists but is not a recognized config filename extension, so new default Stage attributes created and registered.
I1008 16:12:54.288254 836307 Simulator.cpp:156] Loading navmesh from data/scene_datasets/mp3d/2n8kARJN3HM/2n8kARJN3HM.navmesh
I1008 16:12:54.288517 836307 Simulator.cpp:158] Loaded.
I1008 16:12:54.288524 836307 SceneGraph.h:93] Created DrawableGroup: 
I1008 16:12:54.292838 836307 ResourceManager.cpp:234] ResourceManager::loadStage : Not loading semantic mesh
I1008 16:12:54.292855 836307 ResourceManager.cpp:262] ResourceManager::loadStage : start load render asset data/scene_datasets/mp3d/2n8kARJN3HM/2n8kARJN3HM.glb.
I1008 16:12:54.292865 836307 ResourceManager.cpp:569] ResourceManager::loadStageInternal : Attempting to load stage data/scene_datasets/mp3d/2n8kARJN3HM/2n8kARJN3HM.glb 
I1008 16:12:54.292898 836307 ResourceManager.cpp:1119] Importing Basis files as BC7 for 2n8kARJN3HM.glb
W1008 16:12:56.927227 836307 Simulator.cpp:248] :
---
 The active scene does not contain semantic annotations. 
---
I1008 16:12:56.999300 836307 simulator.py:213] Loaded navmesh data/scene_datasets/mp3d/2n8kARJN3HM/2n8kARJN3HM.navmesh
I1008 16:13:01.267946 836307 PhysicsManager.cpp:33] Deconstructing PhysicsManager
I1008 16:13:01.267973 836307 SemanticScene.h:41] Deconstructing SemanticScene
I1008 16:13:01.273540 836307 SceneManager.h:25] Deconstructing SceneManager
I1008 16:13:01.273547 836307 SceneGraph.h:26] Deconstructing SceneGraph
I1008 16:13:01.274003 836307 Sensor.h:87] Deconstructing Sensor
I1008 16:13:01.274600 836307 Sensor.h:87] Deconstructing Sensor
I1008 16:13:01.274706 836307 Sensor.h:87] Deconstructing Sensor
I1008 16:13:01.274811 836307 Sensor.h:87] Deconstructing Sensor
I1008 16:13:01.274914 836307 Sensor.h:87] Deconstructing Sensor
I1008 16:13:01.275012 836307 Sensor.h:87] Deconstructing Sensor
I1008 16:13:01.275110 836307 Sensor.h:87] Deconstructing Sensor
I1008 16:13:01.275204 836307 Sensor.h:87] Deconstructing Sensor
I1008 16:13:01.275305 836307 Sensor.h:87] Deconstructing Sensor
I1008 16:13:01.275398 836307 Sensor.h:87] Deconstructing Sensor
I1008 16:13:01.275492 836307 Sensor.h:87] Deconstructing Sensor
I1008 16:13:01.275588 836307 Sensor.h:87] Deconstructing Sensor
I1008 16:13:01.275687 836307 Sensor.h:87] Deconstructing Sensor
I1008 16:13:01.275804 836307 Sensor.h:87] Deconstructing Sensor
I1008 16:13:01.275929 836307 Sensor.h:87] Deconstructing Sensor
I1008 16:13:01.276046 836307 Sensor.h:87] Deconstructing Sensor
I1008 16:13:01.276165 836307 Sensor.h:87] Deconstructing Sensor
I1008 16:13:01.276288 836307 Sensor.h:87] Deconstructing Sensor
I1008 16:13:01.276409 836307 Sensor.h:87] Deconstructing Sensor
I1008 16:13:01.276526 836307 Sensor.h:87] Deconstructing Sensor
I1008 16:13:01.276643 836307 Sensor.h:87] Deconstructing Sensor
I1008 16:13:01.276762 836307 Sensor.h:87] Deconstructing Sensor
I1008 16:13:01.276885 836307 Sensor.h:87] Deconstructing Sensor
I1008 16:13:01.276974 836307 Sensor.h:87] Deconstructing Sensor
I1008 16:13:01.283610 836307 Renderer.cpp:34] Deconstructing Renderer
I1008 16:13:01.283620 836307 WindowlessContext.h:17] Deconstructing WindowlessContext
I1008 16:13:01.288983 836307 MetadataMediator.cpp:56] MetadataMediator::setActiveSceneDatasetName : Old active dataset default changed to default successfully.
I1008 16:13:01.290975 836307 AttributesManagerBase.h:283] AttributesManager<T>::createFromJsonOrDefaultInternal  (Physics Manager) : Proposing JSON name : ./data/default.physics_config.json from original name : ./data/default.physics_config.json | This file  does not exist.
I1008 16:13:01.291003 836307 PhysicsAttributesManager.cpp:27] File (./data/default.physics_config.json) not found, so new default physics manager attributes created and registered.
I1008 16:13:01.291007 836307 AbstractObjectAttributesManagerBase.h:175] AbstractObjectAttributesManager<T>::createObject  (Stage) : Making attributes with handle : data/scene_datasets/mp3d/PX4nDJXEHrG/PX4nDJXEHrG.glb
I1008 16:13:01.291010 836307 ManagedContainerBase.cpp:19] ManagedContainerBase::convertFilenameToJSON : Filename : data/scene_datasets/mp3d/PX4nDJXEHrG/PX4nDJXEHrG.glb changed to proposed JSON configuration filename : data/scene_datasets/mp3d/PX4nDJXEHrG/PX4nDJXEHrG.stage_config.json
I1008 16:13:01.291028 836307 AttributesManagerBase.h:283] AttributesManager<T>::createFromJsonOrDefaultInternal  (Stage) : Proposing JSON name : data/scene_datasets/mp3d/PX4nDJXEHrG/PX4nDJXEHrG.stage_config.json from original name : data/scene_datasets/mp3d/PX4nDJXEHrG/PX4nDJXEHrG.glb | This file  does not exist.
I1008 16:13:01.291070 836307 AbstractObjectAttributesManagerBase.h:181] AbstractObjectAttributesManager<T>::createObject  (Stage) : Done making attributes with handle : data/scene_datasets/mp3d/PX4nDJXEHrG/PX4nDJXEHrG.glb
I1008 16:13:01.291078 836307 AbstractObjectAttributesManagerBase.h:188] File (data/scene_datasets/mp3d/PX4nDJXEHrG/PX4nDJXEHrG.glb) exists but is not a recognized config filename extension, so new default Stage attributes created and registered.
I1008 16:13:01.291082 836307 Simulator.cpp:156] Loading navmesh from data/scene_datasets/mp3d/PX4nDJXEHrG/PX4nDJXEHrG.navmesh
I1008 16:13:01.291392 836307 Simulator.cpp:158] Loaded.
I1008 16:13:01.291397 836307 SceneGraph.h:93] Created DrawableGroup: 
I1008 16:13:01.294751 836307 ResourceManager.cpp:234] ResourceManager::loadStage : Not loading semantic mesh
I1008 16:13:01.294757 836307 ResourceManager.cpp:262] ResourceManager::loadStage : start load render asset data/scene_datasets/mp3d/PX4nDJXEHrG/PX4nDJXEHrG.glb.
I1008 16:13:01.294759 836307 ResourceManager.cpp:569] ResourceManager::loadStageInternal : Attempting to load stage data/scene_datasets/mp3d/PX4nDJXEHrG/PX4nDJXEHrG.glb 
I1008 16:13:01.294775 836307 ResourceManager.cpp:1119] Importing Basis files as BC7 for PX4nDJXEHrG.glb
W1008 16:13:03.805256 836307 Simulator.cpp:248] :
---
 The active scene does not contain semantic annotations. 
---
I1008 16:13:03.911010 836307 simulator.py:213] Loaded navmesh data/scene_datasets/mp3d/PX4nDJXEHrG/PX4nDJXEHrG.navmesh
I1008 16:13:10.808893 836307 PhysicsManager.cpp:33] Deconstructing PhysicsManager
I1008 16:13:10.808918 836307 SemanticScene.h:41] Deconstructing SemanticScene
I1008 16:13:10.815356 836307 SceneManager.h:25] Deconstructing SceneManager
I1008 16:13:10.815364 836307 SceneGraph.h:26] Deconstructing SceneGraph
I1008 16:13:10.815838 836307 Sensor.h:87] Deconstructing Sensor
I1008 16:13:10.816510 836307 Sensor.h:87] Deconstructing Sensor
I1008 16:13:10.816614 836307 Sensor.h:87] Deconstructing Sensor
I1008 16:13:10.816730 836307 Sensor.h:87] Deconstructing Sensor
I1008 16:13:10.816829 836307 Sensor.h:87] Deconstructing Sensor
I1008 16:13:10.816928 836307 Sensor.h:87] Deconstructing Sensor
I1008 16:13:10.817031 836307 Sensor.h:87] Deconstructing Sensor
I1008 16:13:10.817128 836307 Sensor.h:87] Deconstructing Sensor
I1008 16:13:10.817234 836307 Sensor.h:87] Deconstructing Sensor
I1008 16:13:10.817333 836307 Sensor.h:87] Deconstructing Sensor
I1008 16:13:10.817430 836307 Sensor.h:87] Deconstructing Sensor
I1008 16:13:10.817533 836307 Sensor.h:87] Deconstructing Sensor
I1008 16:13:10.817631 836307 Sensor.h:87] Deconstructing Sensor
I1008 16:13:10.817756 836307 Sensor.h:87] Deconstructing Sensor
I1008 16:13:10.817888 836307 Sensor.h:87] Deconstructing Sensor
I1008 16:13:10.818011 836307 Sensor.h:87] Deconstructing Sensor
I1008 16:13:10.818140 836307 Sensor.h:87] Deconstructing Sensor
I1008 16:13:10.818267 836307 Sensor.h:87] Deconstructing Sensor
I1008 16:13:10.818391 836307 Sensor.h:87] Deconstructing Sensor
I1008 16:13:10.818522 836307 Sensor.h:87] Deconstructing Sensor
I1008 16:13:10.818650 836307 Sensor.h:87] Deconstructing Sensor
I1008 16:13:10.818771 836307 Sensor.h:87] Deconstructing Sensor
I1008 16:13:10.818899 836307 Sensor.h:87] Deconstructing Sensor
I1008 16:13:10.819058 836307 Sensor.h:87] Deconstructing Sensor
I1008 16:13:10.826880 836307 Renderer.cpp:34] Deconstructing Renderer
I1008 16:13:10.826905 836307 WindowlessContext.h:17] Deconstructing WindowlessContext
I1008 16:13:10.833403 836307 MetadataMediator.cpp:56] MetadataMediator::setActiveSceneDatasetName : Old active dataset default changed to default successfully.
I1008 16:13:10.836388 836307 AttributesManagerBase.h:283] AttributesManager<T>::createFromJsonOrDefaultInternal  (Physics Manager) : Proposing JSON name : ./data/default.physics_config.json from original name : ./data/default.physics_config.json | This file  does not exist.
I1008 16:13:10.836431 836307 PhysicsAttributesManager.cpp:27] File (./data/default.physics_config.json) not found, so new default physics manager attributes created and registered.
I1008 16:13:10.836437 836307 AbstractObjectAttributesManagerBase.h:175] AbstractObjectAttributesManager<T>::createObject  (Stage) : Making attributes with handle : data/scene_datasets/mp3d/JmbYfDe2QKZ/JmbYfDe2QKZ.glb
I1008 16:13:10.836450 836307 ManagedContainerBase.cpp:19] ManagedContainerBase::convertFilenameToJSON : Filename : data/scene_datasets/mp3d/JmbYfDe2QKZ/JmbYfDe2QKZ.glb changed to proposed JSON configuration filename : data/scene_datasets/mp3d/JmbYfDe2QKZ/JmbYfDe2QKZ.stage_config.json
I1008 16:13:10.836469 836307 AttributesManagerBase.h:283] AttributesManager<T>::createFromJsonOrDefaultInternal  (Stage) : Proposing JSON name : data/scene_datasets/mp3d/JmbYfDe2QKZ/JmbYfDe2QKZ.stage_config.json from original name : data/scene_datasets/mp3d/JmbYfDe2QKZ/JmbYfDe2QKZ.glb | This file  does not exist.
I1008 16:13:10.836516 836307 AbstractObjectAttributesManagerBase.h:181] AbstractObjectAttributesManager<T>::createObject  (Stage) : Done making attributes with handle : data/scene_datasets/mp3d/JmbYfDe2QKZ/JmbYfDe2QKZ.glb
I1008 16:13:10.836517 836307 AbstractObjectAttributesManagerBase.h:188] File (data/scene_datasets/mp3d/JmbYfDe2QKZ/JmbYfDe2QKZ.glb) exists but is not a recognized config filename extension, so new default Stage attributes created and registered.
I1008 16:13:10.836521 836307 Simulator.cpp:156] Loading navmesh from data/scene_datasets/mp3d/JmbYfDe2QKZ/JmbYfDe2QKZ.navmesh
I1008 16:13:10.836639 836307 Simulator.cpp:158] Loaded.
I1008 16:13:10.836647 836307 SceneGraph.h:93] Created DrawableGroup: 
I1008 16:13:10.840373 836307 ResourceManager.cpp:234] ResourceManager::loadStage : Not loading semantic mesh
I1008 16:13:10.840385 836307 ResourceManager.cpp:262] ResourceManager::loadStage : start load render asset data/scene_datasets/mp3d/JmbYfDe2QKZ/JmbYfDe2QKZ.glb.
I1008 16:13:10.840386 836307 ResourceManager.cpp:569] ResourceManager::loadStageInternal : Attempting to load stage data/scene_datasets/mp3d/JmbYfDe2QKZ/JmbYfDe2QKZ.glb 
I1008 16:13:10.840409 836307 ResourceManager.cpp:1119] Importing Basis files as BC7 for JmbYfDe2QKZ.glb
W1008 16:13:11.893101 836307 Simulator.cpp:248] :
---
 The active scene does not contain semantic annotations. 
---
I1008 16:13:11.955355 836307 simulator.py:213] Loaded navmesh data/scene_datasets/mp3d/JmbYfDe2QKZ/JmbYfDe2QKZ.navmesh
I1008 16:13:14.381930 836307 PhysicsManager.cpp:33] Deconstructing PhysicsManager
I1008 16:13:14.381953 836307 SemanticScene.h:41] Deconstructing SemanticScene
I1008 16:13:14.390527 836307 SceneManager.h:25] Deconstructing SceneManager
I1008 16:13:14.390547 836307 SceneGraph.h:26] Deconstructing SceneGraph
I1008 16:13:14.390954 836307 Sensor.h:87] Deconstructing Sensor
I1008 16:13:14.391703 836307 Sensor.h:87] Deconstructing Sensor
I1008 16:13:14.391815 836307 Sensor.h:87] Deconstructing Sensor
I1008 16:13:14.391922 836307 Sensor.h:87] Deconstructing Sensor
I1008 16:13:14.392027 836307 Sensor.h:87] Deconstructing Sensor
I1008 16:13:14.392127 836307 Sensor.h:87] Deconstructing Sensor
I1008 16:13:14.392232 836307 Sensor.h:87] Deconstructing Sensor
I1008 16:13:14.392339 836307 Sensor.h:87] Deconstructing Sensor
I1008 16:13:14.392444 836307 Sensor.h:87] Deconstructing Sensor
I1008 16:13:14.392542 836307 Sensor.h:87] Deconstructing Sensor
I1008 16:13:14.392642 836307 Sensor.h:87] Deconstructing Sensor
I1008 16:13:14.392743 836307 Sensor.h:87] Deconstructing Sensor
I1008 16:13:14.392845 836307 Sensor.h:87] Deconstructing Sensor
I1008 16:13:14.392968 836307 Sensor.h:87] Deconstructing Sensor
I1008 16:13:14.393097 836307 Sensor.h:87] Deconstructing Sensor
I1008 16:13:14.393225 836307 Sensor.h:87] Deconstructing Sensor
I1008 16:13:14.393350 836307 Sensor.h:87] Deconstructing Sensor
I1008 16:13:14.393469 836307 Sensor.h:87] Deconstructing Sensor
I1008 16:13:14.393597 836307 Sensor.h:87] Deconstructing Sensor
I1008 16:13:14.393724 836307 Sensor.h:87] Deconstructing Sensor
I1008 16:13:14.393846 836307 Sensor.h:87] Deconstructing Sensor
I1008 16:13:14.393965 836307 Sensor.h:87] Deconstructing Sensor
I1008 16:13:14.394091 836307 Sensor.h:87] Deconstructing Sensor
I1008 16:13:14.394244 836307 Sensor.h:87] Deconstructing Sensor
I1008 16:13:14.398317 836307 Renderer.cpp:34] Deconstructing Renderer
I1008 16:13:14.398324 836307 WindowlessContext.h:17] Deconstructing WindowlessContext
I1008 16:13:14.400885 836307 MetadataMediator.cpp:56] MetadataMediator::setActiveSceneDatasetName : Old active dataset default changed to default successfully.
I1008 16:13:14.401619 836307 AttributesManagerBase.h:283] AttributesManager<T>::createFromJsonOrDefaultInternal  (Physics Manager) : Proposing JSON name : ./data/default.physics_config.json from original name : ./data/default.physics_config.json | This file  does not exist.
I1008 16:13:14.401641 836307 PhysicsAttributesManager.cpp:27] File (./data/default.physics_config.json) not found, so new default physics manager attributes created and registered.
I1008 16:13:14.401646 836307 AbstractObjectAttributesManagerBase.h:175] AbstractObjectAttributesManager<T>::createObject  (Stage) : Making attributes with handle : data/scene_datasets/mp3d/2n8kARJN3HM/2n8kARJN3HM.glb
I1008 16:13:14.401648 836307 ManagedContainerBase.cpp:19] ManagedContainerBase::convertFilenameToJSON : Filename : data/scene_datasets/mp3d/2n8kARJN3HM/2n8kARJN3HM.glb changed to proposed JSON configuration filename : data/scene_datasets/mp3d/2n8kARJN3HM/2n8kARJN3HM.stage_config.json
I1008 16:13:14.401669 836307 AttributesManagerBase.h:283] AttributesManager<T>::createFromJsonOrDefaultInternal  (Stage) : Proposing JSON name : data/scene_datasets/mp3d/2n8kARJN3HM/2n8kARJN3HM.stage_config.json from original name : data/scene_datasets/mp3d/2n8kARJN3HM/2n8kARJN3HM.glb | This file  does not exist.
I1008 16:13:14.401708 836307 AbstractObjectAttributesManagerBase.h:181] AbstractObjectAttributesManager<T>::createObject  (Stage) : Done making attributes with handle : data/scene_datasets/mp3d/2n8kARJN3HM/2n8kARJN3HM.glb
I1008 16:13:14.401710 836307 AbstractObjectAttributesManagerBase.h:188] File (data/scene_datasets/mp3d/2n8kARJN3HM/2n8kARJN3HM.glb) exists but is not a recognized config filename extension, so new default Stage attributes created and registered.
I1008 16:13:14.401712 836307 Simulator.cpp:156] Loading navmesh from data/scene_datasets/mp3d/2n8kARJN3HM/2n8kARJN3HM.navmesh
I1008 16:13:14.401875 836307 Simulator.cpp:158] Loaded.
I1008 16:13:14.401880 836307 SceneGraph.h:93] Created DrawableGroup: 
I1008 16:13:14.404968 836307 ResourceManager.cpp:234] ResourceManager::loadStage : Not loading semantic mesh
I1008 16:13:14.404973 836307 ResourceManager.cpp:262] ResourceManager::loadStage : start load render asset data/scene_datasets/mp3d/2n8kARJN3HM/2n8kARJN3HM.glb.
I1008 16:13:14.404974 836307 ResourceManager.cpp:569] ResourceManager::loadStageInternal : Attempting to load stage data/scene_datasets/mp3d/2n8kARJN3HM/2n8kARJN3HM.glb 
I1008 16:13:14.404983 836307 ResourceManager.cpp:1119] Importing Basis files as BC7 for 2n8kARJN3HM.glb
W1008 16:13:17.231756 836307 Simulator.cpp:248] :
---
 The active scene does not contain semantic annotations. 
---
I1008 16:13:17.313466 836307 simulator.py:213] Loaded navmesh data/scene_datasets/mp3d/2n8kARJN3HM/2n8kARJN3HM.navmesh
I1008 16:13:23.402238 836307 PhysicsManager.cpp:33] Deconstructing PhysicsManager
I1008 16:13:23.402261 836307 SemanticScene.h:41] Deconstructing SemanticScene
I1008 16:13:23.407907 836307 SceneManager.h:25] Deconstructing SceneManager
I1008 16:13:23.407914 836307 SceneGraph.h:26] Deconstructing SceneGraph
I1008 16:13:23.408535 836307 Sensor.h:87] Deconstructing Sensor
I1008 16:13:23.408933 836307 Sensor.h:87] Deconstructing Sensor
I1008 16:13:23.409039 836307 Sensor.h:87] Deconstructing Sensor
I1008 16:13:23.409143 836307 Sensor.h:87] Deconstructing Sensor
I1008 16:13:23.409242 836307 Sensor.h:87] Deconstructing Sensor
I1008 16:13:23.409339 836307 Sensor.h:87] Deconstructing Sensor
I1008 16:13:23.409440 836307 Sensor.h:87] Deconstructing Sensor
I1008 16:13:23.409538 836307 Sensor.h:87] Deconstructing Sensor
I1008 16:13:23.409638 836307 Sensor.h:87] Deconstructing Sensor
I1008 16:13:23.409739 836307 Sensor.h:87] Deconstructing Sensor
I1008 16:13:23.409835 836307 Sensor.h:87] Deconstructing Sensor
I1008 16:13:23.409941 836307 Sensor.h:87] Deconstructing Sensor
I1008 16:13:23.410034 836307 Sensor.h:87] Deconstructing Sensor
I1008 16:13:23.410161 836307 Sensor.h:87] Deconstructing Sensor
I1008 16:13:23.410290 836307 Sensor.h:87] Deconstructing Sensor
I1008 16:13:23.410408 836307 Sensor.h:87] Deconstructing Sensor
I1008 16:13:23.410528 836307 Sensor.h:87] Deconstructing Sensor
I1008 16:13:23.410645 836307 Sensor.h:87] Deconstructing Sensor
I1008 16:13:23.410768 836307 Sensor.h:87] Deconstructing Sensor
I1008 16:13:23.410887 836307 Sensor.h:87] Deconstructing Sensor
I1008 16:13:23.411005 836307 Sensor.h:87] Deconstructing Sensor
I1008 16:13:23.411123 836307 Sensor.h:87] Deconstructing Sensor
I1008 16:13:23.411247 836307 Sensor.h:87] Deconstructing Sensor
I1008 16:13:23.411319 836307 Sensor.h:87] Deconstructing Sensor
I1008 16:13:23.418598 836307 Renderer.cpp:34] Deconstructing Renderer
I1008 16:13:23.418617 836307 WindowlessContext.h:17] Deconstructing WindowlessContext
I1008 16:13:23.423993 836307 MetadataMediator.cpp:56] MetadataMediator::setActiveSceneDatasetName : Old active dataset default changed to default successfully.
I1008 16:13:23.426008 836307 AttributesManagerBase.h:283] AttributesManager<T>::createFromJsonOrDefaultInternal  (Physics Manager) : Proposing JSON name : ./data/default.physics_config.json from original name : ./data/default.physics_config.json | This file  does not exist.
I1008 16:13:23.426034 836307 PhysicsAttributesManager.cpp:27] File (./data/default.physics_config.json) not found, so new default physics manager attributes created and registered.
I1008 16:13:23.426039 836307 AbstractObjectAttributesManagerBase.h:175] AbstractObjectAttributesManager<T>::createObject  (Stage) : Making attributes with handle : data/scene_datasets/mp3d/ur6pFq6Qu1A/ur6pFq6Qu1A.glb
I1008 16:13:23.426043 836307 ManagedContainerBase.cpp:19] ManagedContainerBase::convertFilenameToJSON : Filename : data/scene_datasets/mp3d/ur6pFq6Qu1A/ur6pFq6Qu1A.glb changed to proposed JSON configuration filename : data/scene_datasets/mp3d/ur6pFq6Qu1A/ur6pFq6Qu1A.stage_config.json
I1008 16:13:23.426056 836307 AttributesManagerBase.h:283] AttributesManager<T>::createFromJsonOrDefaultInternal  (Stage) : Proposing JSON name : data/scene_datasets/mp3d/ur6pFq6Qu1A/ur6pFq6Qu1A.stage_config.json from original name : data/scene_datasets/mp3d/ur6pFq6Qu1A/ur6pFq6Qu1A.glb | This file  does not exist.
I1008 16:13:23.426100 836307 AbstractObjectAttributesManagerBase.h:181] AbstractObjectAttributesManager<T>::createObject  (Stage) : Done making attributes with handle : data/scene_datasets/mp3d/ur6pFq6Qu1A/ur6pFq6Qu1A.glb
I1008 16:13:23.426101 836307 AbstractObjectAttributesManagerBase.h:188] File (data/scene_datasets/mp3d/ur6pFq6Qu1A/ur6pFq6Qu1A.glb) exists but is not a recognized config filename extension, so new default Stage attributes created and registered.
I1008 16:13:23.426105 836307 Simulator.cpp:156] Loading navmesh from data/scene_datasets/mp3d/ur6pFq6Qu1A/ur6pFq6Qu1A.navmesh
I1008 16:13:23.426338 836307 Simulator.cpp:158] Loaded.
I1008 16:13:23.426342 836307 SceneGraph.h:93] Created DrawableGroup: 
I1008 16:13:23.429605 836307 ResourceManager.cpp:234] ResourceManager::loadStage : Not loading semantic mesh
I1008 16:13:23.429610 836307 ResourceManager.cpp:262] ResourceManager::loadStage : start load render asset data/scene_datasets/mp3d/ur6pFq6Qu1A/ur6pFq6Qu1A.glb.
I1008 16:13:23.429610 836307 ResourceManager.cpp:569] ResourceManager::loadStageInternal : Attempting to load stage data/scene_datasets/mp3d/ur6pFq6Qu1A/ur6pFq6Qu1A.glb 
I1008 16:13:23.429620 836307 ResourceManager.cpp:1119] Importing Basis files as BC7 for ur6pFq6Qu1A.glb
W1008 16:13:25.505846 836307 Simulator.cpp:248] :
---
 The active scene does not contain semantic annotations. 
---
I1008 16:13:25.572607 836307 simulator.py:213] Loaded navmesh data/scene_datasets/mp3d/ur6pFq6Qu1A/ur6pFq6Qu1A.navmesh
I1008 16:13:30.051721 836307 PhysicsManager.cpp:33] Deconstructing PhysicsManager
I1008 16:13:30.051769 836307 SemanticScene.h:41] Deconstructing SemanticScene
I1008 16:13:30.066942 836307 SceneManager.h:25] Deconstructing SceneManager
I1008 16:13:30.066973 836307 SceneGraph.h:26] Deconstructing SceneGraph
I1008 16:13:30.067978 836307 Sensor.h:87] Deconstructing Sensor
I1008 16:13:30.069881 836307 Sensor.h:87] Deconstructing Sensor
I1008 16:13:30.070030 836307 Sensor.h:87] Deconstructing Sensor
I1008 16:13:30.070168 836307 Sensor.h:87] Deconstructing Sensor
I1008 16:13:30.070302 836307 Sensor.h:87] Deconstructing Sensor
I1008 16:13:30.070427 836307 Sensor.h:87] Deconstructing Sensor
I1008 16:13:30.070557 836307 Sensor.h:87] Deconstructing Sensor
I1008 16:13:30.070685 836307 Sensor.h:87] Deconstructing Sensor
I1008 16:13:30.070818 836307 Sensor.h:87] Deconstructing Sensor
I1008 16:13:30.070943 836307 Sensor.h:87] Deconstructing Sensor
I1008 16:13:30.071069 836307 Sensor.h:87] Deconstructing Sensor
I1008 16:13:30.071199 836307 Sensor.h:87] Deconstructing Sensor
I1008 16:13:30.071344 836307 Sensor.h:87] Deconstructing Sensor
I1008 16:13:30.071507 836307 Sensor.h:87] Deconstructing Sensor
I1008 16:13:30.071681 836307 Sensor.h:87] Deconstructing Sensor
I1008 16:13:30.071837 836307 Sensor.h:87] Deconstructing Sensor
I1008 16:13:30.071995 836307 Sensor.h:87] Deconstructing Sensor
I1008 16:13:30.072145 836307 Sensor.h:87] Deconstructing Sensor
I1008 16:13:30.072299 836307 Sensor.h:87] Deconstructing Sensor
I1008 16:13:30.072463 836307 Sensor.h:87] Deconstructing Sensor
I1008 16:13:30.072618 836307 Sensor.h:87] Deconstructing Sensor
I1008 16:13:30.072777 836307 Sensor.h:87] Deconstructing Sensor
I1008 16:13:30.072942 836307 Sensor.h:87] Deconstructing Sensor
I1008 16:13:30.073163 836307 Sensor.h:87] Deconstructing Sensor
I1008 16:13:30.083576 836307 Renderer.cpp:34] Deconstructing Renderer
I1008 16:13:30.083624 836307 WindowlessContext.h:17] Deconstructing WindowlessContext
I1008 16:13:30.091169 836307 MetadataMediator.cpp:56] MetadataMediator::setActiveSceneDatasetName : Old active dataset default changed to default successfully.
I1008 16:13:30.094583 836307 AttributesManagerBase.h:283] AttributesManager<T>::createFromJsonOrDefaultInternal  (Physics Manager) : Proposing JSON name : ./data/default.physics_config.json from original name : ./data/default.physics_config.json | This file  does not exist.
I1008 16:13:30.094636 836307 PhysicsAttributesManager.cpp:27] File (./data/default.physics_config.json) not found, so new default physics manager attributes created and registered.
I1008 16:13:30.094645 836307 AbstractObjectAttributesManagerBase.h:175] AbstractObjectAttributesManager<T>::createObject  (Stage) : Making attributes with handle : data/scene_datasets/mp3d/D7N2EKCX4Sj/D7N2EKCX4Sj.glb
I1008 16:13:30.094648 836307 ManagedContainerBase.cpp:19] ManagedContainerBase::convertFilenameToJSON : Filename : data/scene_datasets/mp3d/D7N2EKCX4Sj/D7N2EKCX4Sj.glb changed to proposed JSON configuration filename : data/scene_datasets/mp3d/D7N2EKCX4Sj/D7N2EKCX4Sj.stage_config.json
I1008 16:13:30.094677 836307 AttributesManagerBase.h:283] AttributesManager<T>::createFromJsonOrDefaultInternal  (Stage) : Proposing JSON name : data/scene_datasets/mp3d/D7N2EKCX4Sj/D7N2EKCX4Sj.stage_config.json from original name : data/scene_datasets/mp3d/D7N2EKCX4Sj/D7N2EKCX4Sj.glb | This file  does not exist.
I1008 16:13:30.094736 836307 AbstractObjectAttributesManagerBase.h:181] AbstractObjectAttributesManager<T>::createObject  (Stage) : Done making attributes with handle : data/scene_datasets/mp3d/D7N2EKCX4Sj/D7N2EKCX4Sj.glb
I1008 16:13:30.094738 836307 AbstractObjectAttributesManagerBase.h:188] File (data/scene_datasets/mp3d/D7N2EKCX4Sj/D7N2EKCX4Sj.glb) exists but is not a recognized config filename extension, so new default Stage attributes created and registered.
I1008 16:13:30.094743 836307 Simulator.cpp:156] Loading navmesh from data/scene_datasets/mp3d/D7N2EKCX4Sj/D7N2EKCX4Sj.navmesh
I1008 16:13:30.095283 836307 Simulator.cpp:158] Loaded.
I1008 16:13:30.095293 836307 SceneGraph.h:93] Created DrawableGroup: 
I1008 16:13:30.100116 836307 ResourceManager.cpp:234] ResourceManager::loadStage : Not loading semantic mesh
I1008 16:13:30.100152 836307 ResourceManager.cpp:262] ResourceManager::loadStage : start load render asset data/scene_datasets/mp3d/D7N2EKCX4Sj/D7N2EKCX4Sj.glb.
I1008 16:13:30.100153 836307 ResourceManager.cpp:569] ResourceManager::loadStageInternal : Attempting to load stage data/scene_datasets/mp3d/D7N2EKCX4Sj/D7N2EKCX4Sj.glb 
I1008 16:13:30.100183 836307 ResourceManager.cpp:1119] Importing Basis files as BC7 for D7N2EKCX4Sj.glb
W1008 16:13:34.545761 836307 Simulator.cpp:248] :
---
 The active scene does not contain semantic annotations. 
---
I1008 16:13:34.682654 836307 simulator.py:213] Loaded navmesh data/scene_datasets/mp3d/D7N2EKCX4Sj/D7N2EKCX4Sj.navmesh
I1008 16:13:38.766376 836307 PhysicsManager.cpp:33] Deconstructing PhysicsManager
I1008 16:13:38.766427 836307 SemanticScene.h:41] Deconstructing SemanticScene
I1008 16:13:38.787096 836307 SceneManager.h:25] Deconstructing SceneManager
I1008 16:13:38.787149 836307 SceneGraph.h:26] Deconstructing SceneGraph
I1008 16:13:38.788130 836307 Sensor.h:87] Deconstructing Sensor
I1008 16:13:38.791288 836307 Sensor.h:87] Deconstructing Sensor
I1008 16:13:38.791450 836307 Sensor.h:87] Deconstructing Sensor
I1008 16:13:38.791586 836307 Sensor.h:87] Deconstructing Sensor
I1008 16:13:38.791720 836307 Sensor.h:87] Deconstructing Sensor
I1008 16:13:38.791852 836307 Sensor.h:87] Deconstructing Sensor
I1008 16:13:38.791986 836307 Sensor.h:87] Deconstructing Sensor
I1008 16:13:38.792110 836307 Sensor.h:87] Deconstructing Sensor
I1008 16:13:38.792237 836307 Sensor.h:87] Deconstructing Sensor
I1008 16:13:38.792359 836307 Sensor.h:87] Deconstructing Sensor
I1008 16:13:38.792477 836307 Sensor.h:87] Deconstructing Sensor
I1008 16:13:38.792601 836307 Sensor.h:87] Deconstructing Sensor
I1008 16:13:38.792735 836307 Sensor.h:87] Deconstructing Sensor
I1008 16:13:38.792927 836307 Sensor.h:87] Deconstructing Sensor
I1008 16:13:38.793095 836307 Sensor.h:87] Deconstructing Sensor
I1008 16:13:38.793252 836307 Sensor.h:87] Deconstructing Sensor
I1008 16:13:38.793409 836307 Sensor.h:87] Deconstructing Sensor
I1008 16:13:38.793560 836307 Sensor.h:87] Deconstructing Sensor
I1008 16:13:38.793721 836307 Sensor.h:87] Deconstructing Sensor
I1008 16:13:38.793871 836307 Sensor.h:87] Deconstructing Sensor
I1008 16:13:38.794020 836307 Sensor.h:87] Deconstructing Sensor
I1008 16:13:38.794171 836307 Sensor.h:87] Deconstructing Sensor
I1008 16:13:38.794344 836307 Sensor.h:87] Deconstructing Sensor
I1008 16:13:38.794452 836307 Sensor.h:87] Deconstructing Sensor
I1008 16:13:38.809049 836307 Renderer.cpp:34] Deconstructing Renderer
I1008 16:13:38.809096 836307 WindowlessContext.h:17] Deconstructing WindowlessContext
I1008 16:13:38.816110 836307 MetadataMediator.cpp:56] MetadataMediator::setActiveSceneDatasetName : Old active dataset default changed to default successfully.
I1008 16:13:38.819099 836307 AttributesManagerBase.h:283] AttributesManager<T>::createFromJsonOrDefaultInternal  (Physics Manager) : Proposing JSON name : ./data/default.physics_config.json from original name : ./data/default.physics_config.json | This file  does not exist.
I1008 16:13:38.819156 836307 PhysicsAttributesManager.cpp:27] File (./data/default.physics_config.json) not found, so new default physics manager attributes created and registered.
I1008 16:13:38.819164 836307 AbstractObjectAttributesManagerBase.h:175] AbstractObjectAttributesManager<T>::createObject  (Stage) : Making attributes with handle : data/scene_datasets/mp3d/qoiz87JEwZ2/qoiz87JEwZ2.glb
I1008 16:13:38.819168 836307 ManagedContainerBase.cpp:19] ManagedContainerBase::convertFilenameToJSON : Filename : data/scene_datasets/mp3d/qoiz87JEwZ2/qoiz87JEwZ2.glb changed to proposed JSON configuration filename : data/scene_datasets/mp3d/qoiz87JEwZ2/qoiz87JEwZ2.stage_config.json
I1008 16:13:38.819192 836307 AttributesManagerBase.h:283] AttributesManager<T>::createFromJsonOrDefaultInternal  (Stage) : Proposing JSON name : data/scene_datasets/mp3d/qoiz87JEwZ2/qoiz87JEwZ2.stage_config.json from original name : data/scene_datasets/mp3d/qoiz87JEwZ2/qoiz87JEwZ2.glb | This file  does not exist.
I1008 16:13:38.819267 836307 AbstractObjectAttributesManagerBase.h:181] AbstractObjectAttributesManager<T>::createObject  (Stage) : Done making attributes with handle : data/scene_datasets/mp3d/qoiz87JEwZ2/qoiz87JEwZ2.glb
I1008 16:13:38.819268 836307 AbstractObjectAttributesManagerBase.h:188] File (data/scene_datasets/mp3d/qoiz87JEwZ2/qoiz87JEwZ2.glb) exists but is not a recognized config filename extension, so new default Stage attributes created and registered.
I1008 16:13:38.819272 836307 Simulator.cpp:156] Loading navmesh from data/scene_datasets/mp3d/qoiz87JEwZ2/qoiz87JEwZ2.navmesh
I1008 16:13:38.819465 836307 Simulator.cpp:158] Loaded.
I1008 16:13:38.819475 836307 SceneGraph.h:93] Created DrawableGroup: 
I1008 16:13:38.826519 836307 ResourceManager.cpp:234] ResourceManager::loadStage : Not loading semantic mesh
I1008 16:13:38.826534 836307 ResourceManager.cpp:262] ResourceManager::loadStage : start load render asset data/scene_datasets/mp3d/qoiz87JEwZ2/qoiz87JEwZ2.glb.
I1008 16:13:38.826536 836307 ResourceManager.cpp:569] ResourceManager::loadStageInternal : Attempting to load stage data/scene_datasets/mp3d/qoiz87JEwZ2/qoiz87JEwZ2.glb 
I1008 16:13:38.826562 836307 ResourceManager.cpp:1119] Importing Basis files as BC7 for qoiz87JEwZ2.glb
W1008 16:13:40.545825 836307 Simulator.cpp:248] :
---
 The active scene does not contain semantic annotations. 
---
I1008 16:13:40.612280 836307 simulator.py:213] Loaded navmesh data/scene_datasets/mp3d/qoiz87JEwZ2/qoiz87JEwZ2.navmesh
I1008 16:13:43.085633 836307 PhysicsManager.cpp:33] Deconstructing PhysicsManager
I1008 16:13:43.085675 836307 SemanticScene.h:41] Deconstructing SemanticScene
I1008 16:13:43.098702 836307 SceneManager.h:25] Deconstructing SceneManager
I1008 16:13:43.098737 836307 SceneGraph.h:26] Deconstructing SceneGraph
I1008 16:13:43.099279 836307 Sensor.h:87] Deconstructing Sensor
I1008 16:13:43.100080 836307 Sensor.h:87] Deconstructing Sensor
I1008 16:13:43.100199 836307 Sensor.h:87] Deconstructing Sensor
I1008 16:13:43.100320 836307 Sensor.h:87] Deconstructing Sensor
I1008 16:13:43.100436 836307 Sensor.h:87] Deconstructing Sensor
I1008 16:13:43.100548 836307 Sensor.h:87] Deconstructing Sensor
I1008 16:13:43.100658 836307 Sensor.h:87] Deconstructing Sensor
I1008 16:13:43.100764 836307 Sensor.h:87] Deconstructing Sensor
I1008 16:13:43.100871 836307 Sensor.h:87] Deconstructing Sensor
I1008 16:13:43.100970 836307 Sensor.h:87] Deconstructing Sensor
I1008 16:13:43.101073 836307 Sensor.h:87] Deconstructing Sensor
I1008 16:13:43.101177 836307 Sensor.h:87] Deconstructing Sensor
I1008 16:13:43.101279 836307 Sensor.h:87] Deconstructing Sensor
I1008 16:13:43.101408 836307 Sensor.h:87] Deconstructing Sensor
I1008 16:13:43.101569 836307 Sensor.h:87] Deconstructing Sensor
I1008 16:13:43.101699 836307 Sensor.h:87] Deconstructing Sensor
I1008 16:13:43.101835 836307 Sensor.h:87] Deconstructing Sensor
I1008 16:13:43.101958 836307 Sensor.h:87] Deconstructing Sensor
I1008 16:13:43.102084 836307 Sensor.h:87] Deconstructing Sensor
I1008 16:13:43.102216 836307 Sensor.h:87] Deconstructing Sensor
I1008 16:13:43.102346 836307 Sensor.h:87] Deconstructing Sensor
I1008 16:13:43.102474 836307 Sensor.h:87] Deconstructing Sensor
I1008 16:13:43.102612 836307 Sensor.h:87] Deconstructing Sensor
I1008 16:13:43.102722 836307 Sensor.h:87] Deconstructing Sensor
I1008 16:13:43.109503 836307 Renderer.cpp:34] Deconstructing Renderer
I1008 16:13:43.109534 836307 WindowlessContext.h:17] Deconstructing WindowlessContext
I1008 16:13:43.113214 836307 MetadataMediator.cpp:56] MetadataMediator::setActiveSceneDatasetName : Old active dataset default changed to default successfully.
I1008 16:13:43.115937 836307 AttributesManagerBase.h:283] AttributesManager<T>::createFromJsonOrDefaultInternal  (Physics Manager) : Proposing JSON name : ./data/default.physics_config.json from original name : ./data/default.physics_config.json | This file  does not exist.
I1008 16:13:43.115973 836307 PhysicsAttributesManager.cpp:27] File (./data/default.physics_config.json) not found, so new default physics manager attributes created and registered.
I1008 16:13:43.115995 836307 AbstractObjectAttributesManagerBase.h:175] AbstractObjectAttributesManager<T>::createObject  (Stage) : Making attributes with handle : data/scene_datasets/mp3d/PX4nDJXEHrG/PX4nDJXEHrG.glb
I1008 16:13:43.115998 836307 ManagedContainerBase.cpp:19] ManagedContainerBase::convertFilenameToJSON : Filename : data/scene_datasets/mp3d/PX4nDJXEHrG/PX4nDJXEHrG.glb changed to proposed JSON configuration filename : data/scene_datasets/mp3d/PX4nDJXEHrG/PX4nDJXEHrG.stage_config.json
I1008 16:13:43.116017 836307 AttributesManagerBase.h:283] AttributesManager<T>::createFromJsonOrDefaultInternal  (Stage) : Proposing JSON name : data/scene_datasets/mp3d/PX4nDJXEHrG/PX4nDJXEHrG.stage_config.json from original name : data/scene_datasets/mp3d/PX4nDJXEHrG/PX4nDJXEHrG.glb | This file  does not exist.
I1008 16:13:43.116067 836307 AbstractObjectAttributesManagerBase.h:181] AbstractObjectAttributesManager<T>::createObject  (Stage) : Done making attributes with handle : data/scene_datasets/mp3d/PX4nDJXEHrG/PX4nDJXEHrG.glb
I1008 16:13:43.116068 836307 AbstractObjectAttributesManagerBase.h:188] File (data/scene_datasets/mp3d/PX4nDJXEHrG/PX4nDJXEHrG.glb) exists but is not a recognized config filename extension, so new default Stage attributes created and registered.
I1008 16:13:43.116072 836307 Simulator.cpp:156] Loading navmesh from data/scene_datasets/mp3d/PX4nDJXEHrG/PX4nDJXEHrG.navmesh
I1008 16:13:43.116422 836307 Simulator.cpp:158] Loaded.
I1008 16:13:43.116428 836307 SceneGraph.h:93] Created DrawableGroup: 
I1008 16:13:43.123351 836307 ResourceManager.cpp:234] ResourceManager::loadStage : Not loading semantic mesh
I1008 16:13:43.123376 836307 ResourceManager.cpp:262] ResourceManager::loadStage : start load render asset data/scene_datasets/mp3d/PX4nDJXEHrG/PX4nDJXEHrG.glb.
I1008 16:13:43.123378 836307 ResourceManager.cpp:569] ResourceManager::loadStageInternal : Attempting to load stage data/scene_datasets/mp3d/PX4nDJXEHrG/PX4nDJXEHrG.glb 
I1008 16:13:43.123409 836307 ResourceManager.cpp:1119] Importing Basis files as BC7 for PX4nDJXEHrG.glb
W1008 16:13:45.818771 836307 Simulator.cpp:248] :
---
 The active scene does not contain semantic annotations. 
---
I1008 16:13:45.920494 836307 simulator.py:213] Loaded navmesh data/scene_datasets/mp3d/PX4nDJXEHrG/PX4nDJXEHrG.navmesh
I1008 16:13:49.279516 836307 PhysicsManager.cpp:33] Deconstructing PhysicsManager
I1008 16:13:49.279542 836307 SemanticScene.h:41] Deconstructing SemanticScene
I1008 16:13:49.286689 836307 SceneManager.h:25] Deconstructing SceneManager
I1008 16:13:49.286702 836307 SceneGraph.h:26] Deconstructing SceneGraph
I1008 16:13:49.287169 836307 Sensor.h:87] Deconstructing Sensor
I1008 16:13:49.287961 836307 Sensor.h:87] Deconstructing Sensor
I1008 16:13:49.288074 836307 Sensor.h:87] Deconstructing Sensor
I1008 16:13:49.288185 836307 Sensor.h:87] Deconstructing Sensor
I1008 16:13:49.288288 836307 Sensor.h:87] Deconstructing Sensor
I1008 16:13:49.288388 836307 Sensor.h:87] Deconstructing Sensor
I1008 16:13:49.288492 836307 Sensor.h:87] Deconstructing Sensor
I1008 16:13:49.288590 836307 Sensor.h:87] Deconstructing Sensor
I1008 16:13:49.288695 836307 Sensor.h:87] Deconstructing Sensor
I1008 16:13:49.288795 836307 Sensor.h:87] Deconstructing Sensor
I1008 16:13:49.288893 836307 Sensor.h:87] Deconstructing Sensor
I1008 16:13:49.288995 836307 Sensor.h:87] Deconstructing Sensor
I1008 16:13:49.289093 836307 Sensor.h:87] Deconstructing Sensor
I1008 16:13:49.289216 836307 Sensor.h:87] Deconstructing Sensor
I1008 16:13:49.289355 836307 Sensor.h:87] Deconstructing Sensor
I1008 16:13:49.289482 836307 Sensor.h:87] Deconstructing Sensor
I1008 16:13:49.289611 836307 Sensor.h:87] Deconstructing Sensor
I1008 16:13:49.289736 836307 Sensor.h:87] Deconstructing Sensor
I1008 16:13:49.289865 836307 Sensor.h:87] Deconstructing Sensor
I1008 16:13:49.289984 836307 Sensor.h:87] Deconstructing Sensor
I1008 16:13:49.290108 836307 Sensor.h:87] Deconstructing Sensor
I1008 16:13:49.290225 836307 Sensor.h:87] Deconstructing Sensor
I1008 16:13:49.290364 836307 Sensor.h:87] Deconstructing Sensor
I1008 16:13:49.290438 836307 Sensor.h:87] Deconstructing Sensor
I1008 16:13:49.297590 836307 Renderer.cpp:34] Deconstructing Renderer
I1008 16:13:49.297605 836307 WindowlessContext.h:17] Deconstructing WindowlessContext
I1008 16:13:49.303200 836307 MetadataMediator.cpp:56] MetadataMediator::setActiveSceneDatasetName : Old active dataset default changed to default successfully.
I1008 16:13:49.304744 836307 AttributesManagerBase.h:283] AttributesManager<T>::createFromJsonOrDefaultInternal  (Physics Manager) : Proposing JSON name : ./data/default.physics_config.json from original name : ./data/default.physics_config.json | This file  does not exist.
I1008 16:13:49.304768 836307 PhysicsAttributesManager.cpp:27] File (./data/default.physics_config.json) not found, so new default physics manager attributes created and registered.
I1008 16:13:49.304773 836307 AbstractObjectAttributesManagerBase.h:175] AbstractObjectAttributesManager<T>::createObject  (Stage) : Making attributes with handle : data/scene_datasets/mp3d/2n8kARJN3HM/2n8kARJN3HM.glb
I1008 16:13:49.304776 836307 ManagedContainerBase.cpp:19] ManagedContainerBase::convertFilenameToJSON : Filename : data/scene_datasets/mp3d/2n8kARJN3HM/2n8kARJN3HM.glb changed to proposed JSON configuration filename : data/scene_datasets/mp3d/2n8kARJN3HM/2n8kARJN3HM.stage_config.json
I1008 16:13:49.304790 836307 AttributesManagerBase.h:283] AttributesManager<T>::createFromJsonOrDefaultInternal  (Stage) : Proposing JSON name : data/scene_datasets/mp3d/2n8kARJN3HM/2n8kARJN3HM.stage_config.json from original name : data/scene_datasets/mp3d/2n8kARJN3HM/2n8kARJN3HM.glb | This file  does not exist.
I1008 16:13:49.304833 836307 AbstractObjectAttributesManagerBase.h:181] AbstractObjectAttributesManager<T>::createObject  (Stage) : Done making attributes with handle : data/scene_datasets/mp3d/2n8kARJN3HM/2n8kARJN3HM.glb
I1008 16:13:49.304834 836307 AbstractObjectAttributesManagerBase.h:188] File (data/scene_datasets/mp3d/2n8kARJN3HM/2n8kARJN3HM.glb) exists but is not a recognized config filename extension, so new default Stage attributes created and registered.
I1008 16:13:49.304837 836307 Simulator.cpp:156] Loading navmesh from data/scene_datasets/mp3d/2n8kARJN3HM/2n8kARJN3HM.navmesh
I1008 16:13:49.305058 836307 Simulator.cpp:158] Loaded.
I1008 16:13:49.305061 836307 SceneGraph.h:93] Created DrawableGroup: 
I1008 16:13:49.308179 836307 ResourceManager.cpp:234] ResourceManager::loadStage : Not loading semantic mesh
I1008 16:13:49.308184 836307 ResourceManager.cpp:262] ResourceManager::loadStage : start load render asset data/scene_datasets/mp3d/2n8kARJN3HM/2n8kARJN3HM.glb.
I1008 16:13:49.308185 836307 ResourceManager.cpp:569] ResourceManager::loadStageInternal : Attempting to load stage data/scene_datasets/mp3d/2n8kARJN3HM/2n8kARJN3HM.glb 
I1008 16:13:49.308198 836307 ResourceManager.cpp:1119] Importing Basis files as BC7 for 2n8kARJN3HM.glb
W1008 16:13:51.920590 836307 Simulator.cpp:248] :
---
 The active scene does not contain semantic annotations. 
---
I1008 16:13:51.999585 836307 simulator.py:213] Loaded navmesh data/scene_datasets/mp3d/2n8kARJN3HM/2n8kARJN3HM.navmesh
I1008 16:13:59.057010 836307 PhysicsManager.cpp:33] Deconstructing PhysicsManager
I1008 16:13:59.057044 836307 SemanticScene.h:41] Deconstructing SemanticScene
I1008 16:13:59.067085 836307 SceneManager.h:25] Deconstructing SceneManager
I1008 16:13:59.067108 836307 SceneGraph.h:26] Deconstructing SceneGraph
I1008 16:13:59.067719 836307 Sensor.h:87] Deconstructing Sensor
I1008 16:13:59.068650 836307 Sensor.h:87] Deconstructing Sensor
I1008 16:13:59.068779 836307 Sensor.h:87] Deconstructing Sensor
I1008 16:13:59.068904 836307 Sensor.h:87] Deconstructing Sensor
I1008 16:13:59.069032 836307 Sensor.h:87] Deconstructing Sensor
I1008 16:13:59.069149 836307 Sensor.h:87] Deconstructing Sensor
I1008 16:13:59.069269 836307 Sensor.h:87] Deconstructing Sensor
I1008 16:13:59.069386 836307 Sensor.h:87] Deconstructing Sensor
I1008 16:13:59.069501 836307 Sensor.h:87] Deconstructing Sensor
I1008 16:13:59.069625 836307 Sensor.h:87] Deconstructing Sensor
I1008 16:13:59.069742 836307 Sensor.h:87] Deconstructing Sensor
I1008 16:13:59.069856 836307 Sensor.h:87] Deconstructing Sensor
I1008 16:13:59.069962 836307 Sensor.h:87] Deconstructing Sensor
I1008 16:13:59.070107 836307 Sensor.h:87] Deconstructing Sensor
I1008 16:13:59.070385 836307 Sensor.h:87] Deconstructing Sensor
I1008 16:13:59.070511 836307 Sensor.h:87] Deconstructing Sensor
I1008 16:13:59.070644 836307 Sensor.h:87] Deconstructing Sensor
I1008 16:13:59.070787 836307 Sensor.h:87] Deconstructing Sensor
I1008 16:13:59.070922 836307 Sensor.h:87] Deconstructing Sensor
I1008 16:13:59.071053 836307 Sensor.h:87] Deconstructing Sensor
I1008 16:13:59.071183 836307 Sensor.h:87] Deconstructing Sensor
I1008 16:13:59.071310 836307 Sensor.h:87] Deconstructing Sensor
I1008 16:13:59.071455 836307 Sensor.h:87] Deconstructing Sensor
I1008 16:13:59.071547 836307 Sensor.h:87] Deconstructing Sensor
I1008 16:13:59.084488 836307 Renderer.cpp:34] Deconstructing Renderer
I1008 16:13:59.084530 836307 WindowlessContext.h:17] Deconstructing WindowlessContext
I1008 16:13:59.090348 836307 MetadataMediator.cpp:56] MetadataMediator::setActiveSceneDatasetName : Old active dataset default changed to default successfully.
I1008 16:13:59.093313 836307 AttributesManagerBase.h:283] AttributesManager<T>::createFromJsonOrDefaultInternal  (Physics Manager) : Proposing JSON name : ./data/default.physics_config.json from original name : ./data/default.physics_config.json | This file  does not exist.
I1008 16:13:59.093355 836307 PhysicsAttributesManager.cpp:27] File (./data/default.physics_config.json) not found, so new default physics manager attributes created and registered.
I1008 16:13:59.093361 836307 AbstractObjectAttributesManagerBase.h:175] AbstractObjectAttributesManager<T>::createObject  (Stage) : Making attributes with handle : data/scene_datasets/mp3d/JmbYfDe2QKZ/JmbYfDe2QKZ.glb
I1008 16:13:59.093364 836307 ManagedContainerBase.cpp:19] ManagedContainerBase::convertFilenameToJSON : Filename : data/scene_datasets/mp3d/JmbYfDe2QKZ/JmbYfDe2QKZ.glb changed to proposed JSON configuration filename : data/scene_datasets/mp3d/JmbYfDe2QKZ/JmbYfDe2QKZ.stage_config.json
I1008 16:13:59.093382 836307 AttributesManagerBase.h:283] AttributesManager<T>::createFromJsonOrDefaultInternal  (Stage) : Proposing JSON name : data/scene_datasets/mp3d/JmbYfDe2QKZ/JmbYfDe2QKZ.stage_config.json from original name : data/scene_datasets/mp3d/JmbYfDe2QKZ/JmbYfDe2QKZ.glb | This file  does not exist.
I1008 16:13:59.093431 836307 AbstractObjectAttributesManagerBase.h:181] AbstractObjectAttributesManager<T>::createObject  (Stage) : Done making attributes with handle : data/scene_datasets/mp3d/JmbYfDe2QKZ/JmbYfDe2QKZ.glb
I1008 16:13:59.093431 836307 AbstractObjectAttributesManagerBase.h:188] File (data/scene_datasets/mp3d/JmbYfDe2QKZ/JmbYfDe2QKZ.glb) exists but is not a recognized config filename extension, so new default Stage attributes created and registered.
I1008 16:13:59.093436 836307 Simulator.cpp:156] Loading navmesh from data/scene_datasets/mp3d/JmbYfDe2QKZ/JmbYfDe2QKZ.navmesh
I1008 16:13:59.093542 836307 Simulator.cpp:158] Loaded.
I1008 16:13:59.093547 836307 SceneGraph.h:93] Created DrawableGroup: 
I1008 16:13:59.097421 836307 ResourceManager.cpp:234] ResourceManager::loadStage : Not loading semantic mesh
I1008 16:13:59.097434 836307 ResourceManager.cpp:262] ResourceManager::loadStage : start load render asset data/scene_datasets/mp3d/JmbYfDe2QKZ/JmbYfDe2QKZ.glb.
I1008 16:13:59.097435 836307 ResourceManager.cpp:569] ResourceManager::loadStageInternal : Attempting to load stage data/scene_datasets/mp3d/JmbYfDe2QKZ/JmbYfDe2QKZ.glb 
I1008 16:13:59.097460 836307 ResourceManager.cpp:1119] Importing Basis files as BC7 for JmbYfDe2QKZ.glb
W1008 16:14:00.205547 836307 Simulator.cpp:248] :
---
 The active scene does not contain semantic annotations. 
---
I1008 16:14:00.265218 836307 simulator.py:213] Loaded navmesh data/scene_datasets/mp3d/JmbYfDe2QKZ/JmbYfDe2QKZ.navmesh
I1008 16:14:04.892064 836307 PhysicsManager.cpp:33] Deconstructing PhysicsManager
I1008 16:14:04.892097 836307 SemanticScene.h:41] Deconstructing SemanticScene
I1008 16:14:04.897184 836307 SceneManager.h:25] Deconstructing SceneManager
I1008 16:14:04.897192 836307 SceneGraph.h:26] Deconstructing SceneGraph
I1008 16:14:04.897593 836307 Sensor.h:87] Deconstructing Sensor
I1008 16:14:04.898188 836307 Sensor.h:87] Deconstructing Sensor
I1008 16:14:04.898295 836307 Sensor.h:87] Deconstructing Sensor
I1008 16:14:04.898401 836307 Sensor.h:87] Deconstructing Sensor
I1008 16:14:04.898506 836307 Sensor.h:87] Deconstructing Sensor
I1008 16:14:04.898607 836307 Sensor.h:87] Deconstructing Sensor
I1008 16:14:04.898713 836307 Sensor.h:87] Deconstructing Sensor
I1008 16:14:04.898813 836307 Sensor.h:87] Deconstructing Sensor
I1008 16:14:04.898917 836307 Sensor.h:87] Deconstructing Sensor
I1008 16:14:04.899017 836307 Sensor.h:87] Deconstructing Sensor
I1008 16:14:04.899117 836307 Sensor.h:87] Deconstructing Sensor
I1008 16:14:04.899220 836307 Sensor.h:87] Deconstructing Sensor
I1008 16:14:04.899328 836307 Sensor.h:87] Deconstructing Sensor
I1008 16:14:04.899452 836307 Sensor.h:87] Deconstructing Sensor
I1008 16:14:04.899582 836307 Sensor.h:87] Deconstructing Sensor
I1008 16:14:04.899705 836307 Sensor.h:87] Deconstructing Sensor
I1008 16:14:04.899832 836307 Sensor.h:87] Deconstructing Sensor
I1008 16:14:04.899953 836307 Sensor.h:87] Deconstructing Sensor
I1008 16:14:04.900086 836307 Sensor.h:87] Deconstructing Sensor
I1008 16:14:04.900210 836307 Sensor.h:87] Deconstructing Sensor
I1008 16:14:04.900331 836307 Sensor.h:87] Deconstructing Sensor
I1008 16:14:04.900451 836307 Sensor.h:87] Deconstructing Sensor
I1008 16:14:04.900578 836307 Sensor.h:87] Deconstructing Sensor
I1008 16:14:04.900732 836307 Sensor.h:87] Deconstructing Sensor
I1008 16:14:04.904665 836307 Renderer.cpp:34] Deconstructing Renderer
I1008 16:14:04.904685 836307 WindowlessContext.h:17] Deconstructing WindowlessContext
I1008 16:14:04.909399 836307 MetadataMediator.cpp:56] MetadataMediator::setActiveSceneDatasetName : Old active dataset default changed to default successfully.
I1008 16:14:04.911739 836307 AttributesManagerBase.h:283] AttributesManager<T>::createFromJsonOrDefaultInternal  (Physics Manager) : Proposing JSON name : ./data/default.physics_config.json from original name : ./data/default.physics_config.json | This file  does not exist.
I1008 16:14:04.911767 836307 PhysicsAttributesManager.cpp:27] File (./data/default.physics_config.json) not found, so new default physics manager attributes created and registered.
I1008 16:14:04.911773 836307 AbstractObjectAttributesManagerBase.h:175] AbstractObjectAttributesManager<T>::createObject  (Stage) : Making attributes with handle : data/scene_datasets/mp3d/PX4nDJXEHrG/PX4nDJXEHrG.glb
I1008 16:14:04.911777 836307 ManagedContainerBase.cpp:19] ManagedContainerBase::convertFilenameToJSON : Filename : data/scene_datasets/mp3d/PX4nDJXEHrG/PX4nDJXEHrG.glb changed to proposed JSON configuration filename : data/scene_datasets/mp3d/PX4nDJXEHrG/PX4nDJXEHrG.stage_config.json
I1008 16:14:04.911792 836307 AttributesManagerBase.h:283] AttributesManager<T>::createFromJsonOrDefaultInternal  (Stage) : Proposing JSON name : data/scene_datasets/mp3d/PX4nDJXEHrG/PX4nDJXEHrG.stage_config.json from original name : data/scene_datasets/mp3d/PX4nDJXEHrG/PX4nDJXEHrG.glb | This file  does not exist.
I1008 16:14:04.911839 836307 AbstractObjectAttributesManagerBase.h:181] AbstractObjectAttributesManager<T>::createObject  (Stage) : Done making attributes with handle : data/scene_datasets/mp3d/PX4nDJXEHrG/PX4nDJXEHrG.glb
I1008 16:14:04.911839 836307 AbstractObjectAttributesManagerBase.h:188] File (data/scene_datasets/mp3d/PX4nDJXEHrG/PX4nDJXEHrG.glb) exists but is not a recognized config filename extension, so new default Stage attributes created and registered.
I1008 16:14:04.911844 836307 Simulator.cpp:156] Loading navmesh from data/scene_datasets/mp3d/PX4nDJXEHrG/PX4nDJXEHrG.navmesh
I1008 16:14:04.912164 836307 Simulator.cpp:158] Loaded.
I1008 16:14:04.912169 836307 SceneGraph.h:93] Created DrawableGroup: 
I1008 16:14:04.915491 836307 ResourceManager.cpp:234] ResourceManager::loadStage : Not loading semantic mesh
I1008 16:14:04.915498 836307 ResourceManager.cpp:262] ResourceManager::loadStage : start load render asset data/scene_datasets/mp3d/PX4nDJXEHrG/PX4nDJXEHrG.glb.
I1008 16:14:04.915499 836307 ResourceManager.cpp:569] ResourceManager::loadStageInternal : Attempting to load stage data/scene_datasets/mp3d/PX4nDJXEHrG/PX4nDJXEHrG.glb 
I1008 16:14:04.915513 836307 ResourceManager.cpp:1119] Importing Basis files as BC7 for PX4nDJXEHrG.glb
W1008 16:14:07.595438 836307 Simulator.cpp:248] :
---
 The active scene does not contain semantic annotations. 
---
I1008 16:14:07.714076 836307 simulator.py:213] Loaded navmesh data/scene_datasets/mp3d/PX4nDJXEHrG/PX4nDJXEHrG.navmesh
I1008 16:14:11.234290 836307 PhysicsManager.cpp:33] Deconstructing PhysicsManager
I1008 16:14:11.234323 836307 SemanticScene.h:41] Deconstructing SemanticScene
I1008 16:14:11.253899 836307 SceneManager.h:25] Deconstructing SceneManager
I1008 16:14:11.253937 836307 SceneGraph.h:26] Deconstructing SceneGraph
I1008 16:14:11.254482 836307 Sensor.h:87] Deconstructing Sensor
I1008 16:14:11.255817 836307 Sensor.h:87] Deconstructing Sensor
I1008 16:14:11.255935 836307 Sensor.h:87] Deconstructing Sensor
I1008 16:14:11.256053 836307 Sensor.h:87] Deconstructing Sensor
I1008 16:14:11.256162 836307 Sensor.h:87] Deconstructing Sensor
I1008 16:14:11.256275 836307 Sensor.h:87] Deconstructing Sensor
I1008 16:14:11.256389 836307 Sensor.h:87] Deconstructing Sensor
I1008 16:14:11.256498 836307 Sensor.h:87] Deconstructing Sensor
I1008 16:14:11.256614 836307 Sensor.h:87] Deconstructing Sensor
I1008 16:14:11.256728 836307 Sensor.h:87] Deconstructing Sensor
I1008 16:14:11.256844 836307 Sensor.h:87] Deconstructing Sensor
I1008 16:14:11.256974 836307 Sensor.h:87] Deconstructing Sensor
I1008 16:14:11.257082 836307 Sensor.h:87] Deconstructing Sensor
I1008 16:14:11.257228 836307 Sensor.h:87] Deconstructing Sensor
I1008 16:14:11.257364 836307 Sensor.h:87] Deconstructing Sensor
I1008 16:14:11.257491 836307 Sensor.h:87] Deconstructing Sensor
I1008 16:14:11.257618 836307 Sensor.h:87] Deconstructing Sensor
I1008 16:14:11.257747 836307 Sensor.h:87] Deconstructing Sensor
I1008 16:14:11.257874 836307 Sensor.h:87] Deconstructing Sensor
I1008 16:14:11.257999 836307 Sensor.h:87] Deconstructing Sensor
I1008 16:14:11.258126 836307 Sensor.h:87] Deconstructing Sensor
I1008 16:14:11.258249 836307 Sensor.h:87] Deconstructing Sensor
I1008 16:14:11.258376 836307 Sensor.h:87] Deconstructing Sensor
I1008 16:14:11.258453 836307 Sensor.h:87] Deconstructing Sensor
I1008 16:14:11.268007 836307 Renderer.cpp:34] Deconstructing Renderer
I1008 16:14:11.268052 836307 WindowlessContext.h:17] Deconstructing WindowlessContext
I1008 16:14:11.277906 836307 MetadataMediator.cpp:56] MetadataMediator::setActiveSceneDatasetName : Old active dataset default changed to default successfully.
I1008 16:14:11.281265 836307 AttributesManagerBase.h:283] AttributesManager<T>::createFromJsonOrDefaultInternal  (Physics Manager) : Proposing JSON name : ./data/default.physics_config.json from original name : ./data/default.physics_config.json | This file  does not exist.
I1008 16:14:11.281314 836307 PhysicsAttributesManager.cpp:27] File (./data/default.physics_config.json) not found, so new default physics manager attributes created and registered.
I1008 16:14:11.281322 836307 AbstractObjectAttributesManagerBase.h:175] AbstractObjectAttributesManager<T>::createObject  (Stage) : Making attributes with handle : data/scene_datasets/mp3d/pRbA3pwrgk9/pRbA3pwrgk9.glb
I1008 16:14:11.281324 836307 ManagedContainerBase.cpp:19] ManagedContainerBase::convertFilenameToJSON : Filename : data/scene_datasets/mp3d/pRbA3pwrgk9/pRbA3pwrgk9.glb changed to proposed JSON configuration filename : data/scene_datasets/mp3d/pRbA3pwrgk9/pRbA3pwrgk9.stage_config.json
I1008 16:14:11.281342 836307 AttributesManagerBase.h:283] AttributesManager<T>::createFromJsonOrDefaultInternal  (Stage) : Proposing JSON name : data/scene_datasets/mp3d/pRbA3pwrgk9/pRbA3pwrgk9.stage_config.json from original name : data/scene_datasets/mp3d/pRbA3pwrgk9/pRbA3pwrgk9.glb | This file  does not exist.
I1008 16:14:11.281405 836307 AbstractObjectAttributesManagerBase.h:181] AbstractObjectAttributesManager<T>::createObject  (Stage) : Done making attributes with handle : data/scene_datasets/mp3d/pRbA3pwrgk9/pRbA3pwrgk9.glb
I1008 16:14:11.281406 836307 AbstractObjectAttributesManagerBase.h:188] File (data/scene_datasets/mp3d/pRbA3pwrgk9/pRbA3pwrgk9.glb) exists but is not a recognized config filename extension, so new default Stage attributes created and registered.
I1008 16:14:11.281410 836307 Simulator.cpp:156] Loading navmesh from data/scene_datasets/mp3d/pRbA3pwrgk9/pRbA3pwrgk9.navmesh
I1008 16:14:11.281563 836307 Simulator.cpp:158] Loaded.
I1008 16:14:11.281569 836307 SceneGraph.h:93] Created DrawableGroup: 
I1008 16:14:11.285482 836307 ResourceManager.cpp:234] ResourceManager::loadStage : Not loading semantic mesh
I1008 16:14:11.285496 836307 ResourceManager.cpp:262] ResourceManager::loadStage : start load render asset data/scene_datasets/mp3d/pRbA3pwrgk9/pRbA3pwrgk9.glb.
I1008 16:14:11.285497 836307 ResourceManager.cpp:569] ResourceManager::loadStageInternal : Attempting to load stage data/scene_datasets/mp3d/pRbA3pwrgk9/pRbA3pwrgk9.glb 
I1008 16:14:11.285522 836307 ResourceManager.cpp:1119] Importing Basis files as BC7 for pRbA3pwrgk9.glb
W1008 16:14:12.477316 836307 Simulator.cpp:248] :
---
 The active scene does not contain semantic annotations. 
---
I1008 16:14:12.536941 836307 simulator.py:213] Loaded navmesh data/scene_datasets/mp3d/pRbA3pwrgk9/pRbA3pwrgk9.navmesh
I1008 16:14:23.912037 836307 PhysicsManager.cpp:33] Deconstructing PhysicsManager
I1008 16:14:23.912074 836307 SemanticScene.h:41] Deconstructing SemanticScene
I1008 16:14:23.919950 836307 SceneManager.h:25] Deconstructing SceneManager
I1008 16:14:23.919967 836307 SceneGraph.h:26] Deconstructing SceneGraph
I1008 16:14:23.920372 836307 Sensor.h:87] Deconstructing Sensor
I1008 16:14:23.921304 836307 Sensor.h:87] Deconstructing Sensor
I1008 16:14:23.921428 836307 Sensor.h:87] Deconstructing Sensor
I1008 16:14:23.921552 836307 Sensor.h:87] Deconstructing Sensor
I1008 16:14:23.921680 836307 Sensor.h:87] Deconstructing Sensor
I1008 16:14:23.921799 836307 Sensor.h:87] Deconstructing Sensor
I1008 16:14:23.921911 836307 Sensor.h:87] Deconstructing Sensor
I1008 16:14:23.922016 836307 Sensor.h:87] Deconstructing Sensor
I1008 16:14:23.922123 836307 Sensor.h:87] Deconstructing Sensor
I1008 16:14:23.922230 836307 Sensor.h:87] Deconstructing Sensor
I1008 16:14:23.922330 836307 Sensor.h:87] Deconstructing Sensor
I1008 16:14:23.922438 836307 Sensor.h:87] Deconstructing Sensor
I1008 16:14:23.922542 836307 Sensor.h:87] Deconstructing Sensor
I1008 16:14:23.922681 836307 Sensor.h:87] Deconstructing Sensor
I1008 16:14:23.922816 836307 Sensor.h:87] Deconstructing Sensor
I1008 16:14:23.922941 836307 Sensor.h:87] Deconstructing Sensor
I1008 16:14:23.923090 836307 Sensor.h:87] Deconstructing Sensor
I1008 16:14:23.923219 836307 Sensor.h:87] Deconstructing Sensor
I1008 16:14:23.923345 836307 Sensor.h:87] Deconstructing Sensor
I1008 16:14:23.923471 836307 Sensor.h:87] Deconstructing Sensor
I1008 16:14:23.923591 836307 Sensor.h:87] Deconstructing Sensor
I1008 16:14:23.923717 836307 Sensor.h:87] Deconstructing Sensor
I1008 16:14:23.923852 836307 Sensor.h:87] Deconstructing Sensor
I1008 16:14:23.923956 836307 Sensor.h:87] Deconstructing Sensor
I1008 16:14:23.929751 836307 Renderer.cpp:34] Deconstructing Renderer
I1008 16:14:23.929783 836307 WindowlessContext.h:17] Deconstructing WindowlessContext
I1008 16:14:23.932984 836307 MetadataMediator.cpp:56] MetadataMediator::setActiveSceneDatasetName : Old active dataset default changed to default successfully.
I1008 16:14:23.935578 836307 AttributesManagerBase.h:283] AttributesManager<T>::createFromJsonOrDefaultInternal  (Physics Manager) : Proposing JSON name : ./data/default.physics_config.json from original name : ./data/default.physics_config.json | This file  does not exist.
I1008 16:14:23.935629 836307 PhysicsAttributesManager.cpp:27] File (./data/default.physics_config.json) not found, so new default physics manager attributes created and registered.
I1008 16:14:23.935652 836307 AbstractObjectAttributesManagerBase.h:175] AbstractObjectAttributesManager<T>::createObject  (Stage) : Making attributes with handle : data/scene_datasets/mp3d/D7N2EKCX4Sj/D7N2EKCX4Sj.glb
I1008 16:14:23.935655 836307 ManagedContainerBase.cpp:19] ManagedContainerBase::convertFilenameToJSON : Filename : data/scene_datasets/mp3d/D7N2EKCX4Sj/D7N2EKCX4Sj.glb changed to proposed JSON configuration filename : data/scene_datasets/mp3d/D7N2EKCX4Sj/D7N2EKCX4Sj.stage_config.json
I1008 16:14:23.935684 836307 AttributesManagerBase.h:283] AttributesManager<T>::createFromJsonOrDefaultInternal  (Stage) : Proposing JSON name : data/scene_datasets/mp3d/D7N2EKCX4Sj/D7N2EKCX4Sj.stage_config.json from original name : data/scene_datasets/mp3d/D7N2EKCX4Sj/D7N2EKCX4Sj.glb | This file  does not exist.
I1008 16:14:23.935735 836307 AbstractObjectAttributesManagerBase.h:181] AbstractObjectAttributesManager<T>::createObject  (Stage) : Done making attributes with handle : data/scene_datasets/mp3d/D7N2EKCX4Sj/D7N2EKCX4Sj.glb
I1008 16:14:23.935737 836307 AbstractObjectAttributesManagerBase.h:188] File (data/scene_datasets/mp3d/D7N2EKCX4Sj/D7N2EKCX4Sj.glb) exists but is not a recognized config filename extension, so new default Stage attributes created and registered.
I1008 16:14:23.935741 836307 Simulator.cpp:156] Loading navmesh from data/scene_datasets/mp3d/D7N2EKCX4Sj/D7N2EKCX4Sj.navmesh
I1008 16:14:23.936203 836307 Simulator.cpp:158] Loaded.
I1008 16:14:23.936213 836307 SceneGraph.h:93] Created DrawableGroup: 
I1008 16:14:23.940510 836307 ResourceManager.cpp:234] ResourceManager::loadStage : Not loading semantic mesh
I1008 16:14:23.940527 836307 ResourceManager.cpp:262] ResourceManager::loadStage : start load render asset data/scene_datasets/mp3d/D7N2EKCX4Sj/D7N2EKCX4Sj.glb.
I1008 16:14:23.940528 836307 ResourceManager.cpp:569] ResourceManager::loadStageInternal : Attempting to load stage data/scene_datasets/mp3d/D7N2EKCX4Sj/D7N2EKCX4Sj.glb 
I1008 16:14:23.940559 836307 ResourceManager.cpp:1119] Importing Basis files as BC7 for D7N2EKCX4Sj.glb
W1008 16:14:28.114301 836307 Simulator.cpp:248] :
---
 The active scene does not contain semantic annotations. 
---
I1008 16:14:28.243182 836307 simulator.py:213] Loaded navmesh data/scene_datasets/mp3d/D7N2EKCX4Sj/D7N2EKCX4Sj.navmesh
I1008 16:14:31.092355 836307 PhysicsManager.cpp:33] Deconstructing PhysicsManager
I1008 16:14:31.092376 836307 SemanticScene.h:41] Deconstructing SemanticScene
I1008 16:14:31.100291 836307 SceneManager.h:25] Deconstructing SceneManager
I1008 16:14:31.100299 836307 SceneGraph.h:26] Deconstructing SceneGraph
I1008 16:14:31.100771 836307 Sensor.h:87] Deconstructing Sensor
I1008 16:14:31.101251 836307 Sensor.h:87] Deconstructing Sensor
I1008 16:14:31.101356 836307 Sensor.h:87] Deconstructing Sensor
I1008 16:14:31.101460 836307 Sensor.h:87] Deconstructing Sensor
I1008 16:14:31.101558 836307 Sensor.h:87] Deconstructing Sensor
I1008 16:14:31.101655 836307 Sensor.h:87] Deconstructing Sensor
I1008 16:14:31.101756 836307 Sensor.h:87] Deconstructing Sensor
I1008 16:14:31.101853 836307 Sensor.h:87] Deconstructing Sensor
I1008 16:14:31.101953 836307 Sensor.h:87] Deconstructing Sensor
I1008 16:14:31.102046 836307 Sensor.h:87] Deconstructing Sensor
I1008 16:14:31.102139 836307 Sensor.h:87] Deconstructing Sensor
I1008 16:14:31.102238 836307 Sensor.h:87] Deconstructing Sensor
I1008 16:14:31.102335 836307 Sensor.h:87] Deconstructing Sensor
I1008 16:14:31.102458 836307 Sensor.h:87] Deconstructing Sensor
I1008 16:14:31.102584 836307 Sensor.h:87] Deconstructing Sensor
I1008 16:14:31.102711 836307 Sensor.h:87] Deconstructing Sensor
I1008 16:14:31.102836 836307 Sensor.h:87] Deconstructing Sensor
I1008 16:14:31.102957 836307 Sensor.h:87] Deconstructing Sensor
I1008 16:14:31.103081 836307 Sensor.h:87] Deconstructing Sensor
I1008 16:14:31.103204 836307 Sensor.h:87] Deconstructing Sensor
I1008 16:14:31.103324 836307 Sensor.h:87] Deconstructing Sensor
I1008 16:14:31.103453 836307 Sensor.h:87] Deconstructing Sensor
I1008 16:14:31.103582 836307 Sensor.h:87] Deconstructing Sensor
I1008 16:14:31.103685 836307 Sensor.h:87] Deconstructing Sensor
I1008 16:14:31.113278 836307 Renderer.cpp:34] Deconstructing Renderer
I1008 16:14:31.113296 836307 WindowlessContext.h:17] Deconstructing WindowlessContext
I1008 16:14:31.119763 836307 MetadataMediator.cpp:56] MetadataMediator::setActiveSceneDatasetName : Old active dataset default changed to default successfully.
I1008 16:14:31.121220 836307 AttributesManagerBase.h:283] AttributesManager<T>::createFromJsonOrDefaultInternal  (Physics Manager) : Proposing JSON name : ./data/default.physics_config.json from original name : ./data/default.physics_config.json | This file  does not exist.
I1008 16:14:31.121244 836307 PhysicsAttributesManager.cpp:27] File (./data/default.physics_config.json) not found, so new default physics manager attributes created and registered.
I1008 16:14:31.121249 836307 AbstractObjectAttributesManagerBase.h:175] AbstractObjectAttributesManager<T>::createObject  (Stage) : Making attributes with handle : data/scene_datasets/mp3d/pRbA3pwrgk9/pRbA3pwrgk9.glb
I1008 16:14:31.121253 836307 ManagedContainerBase.cpp:19] ManagedContainerBase::convertFilenameToJSON : Filename : data/scene_datasets/mp3d/pRbA3pwrgk9/pRbA3pwrgk9.glb changed to proposed JSON configuration filename : data/scene_datasets/mp3d/pRbA3pwrgk9/pRbA3pwrgk9.stage_config.json
I1008 16:14:31.121266 836307 AttributesManagerBase.h:283] AttributesManager<T>::createFromJsonOrDefaultInternal  (Stage) : Proposing JSON name : data/scene_datasets/mp3d/pRbA3pwrgk9/pRbA3pwrgk9.stage_config.json from original name : data/scene_datasets/mp3d/pRbA3pwrgk9/pRbA3pwrgk9.glb | This file  does not exist.
I1008 16:14:31.121308 836307 AbstractObjectAttributesManagerBase.h:181] AbstractObjectAttributesManager<T>::createObject  (Stage) : Done making attributes with handle : data/scene_datasets/mp3d/pRbA3pwrgk9/pRbA3pwrgk9.glb
I1008 16:14:31.121309 836307 AbstractObjectAttributesManagerBase.h:188] File (data/scene_datasets/mp3d/pRbA3pwrgk9/pRbA3pwrgk9.glb) exists but is not a recognized config filename extension, so new default Stage attributes created and registered.
I1008 16:14:31.121312 836307 Simulator.cpp:156] Loading navmesh from data/scene_datasets/mp3d/pRbA3pwrgk9/pRbA3pwrgk9.navmesh
I1008 16:14:31.121435 836307 Simulator.cpp:158] Loaded.
I1008 16:14:31.121439 836307 SceneGraph.h:93] Created DrawableGroup: 
I1008 16:14:31.124572 836307 ResourceManager.cpp:234] ResourceManager::loadStage : Not loading semantic mesh
I1008 16:14:31.124578 836307 ResourceManager.cpp:262] ResourceManager::loadStage : start load render asset data/scene_datasets/mp3d/pRbA3pwrgk9/pRbA3pwrgk9.glb.
I1008 16:14:31.124579 836307 ResourceManager.cpp:569] ResourceManager::loadStageInternal : Attempting to load stage data/scene_datasets/mp3d/pRbA3pwrgk9/pRbA3pwrgk9.glb 
I1008 16:14:31.124593 836307 ResourceManager.cpp:1119] Importing Basis files as BC7 for pRbA3pwrgk9.glb
W1008 16:14:32.212997 836307 Simulator.cpp:248] :
---
 The active scene does not contain semantic annotations. 
---
I1008 16:14:32.273637 836307 simulator.py:213] Loaded navmesh data/scene_datasets/mp3d/pRbA3pwrgk9/pRbA3pwrgk9.navmesh
I1008 16:14:41.269769 836307 PhysicsManager.cpp:33] Deconstructing PhysicsManager
I1008 16:14:41.269814 836307 SemanticScene.h:41] Deconstructing SemanticScene
I1008 16:14:41.283269 836307 SceneManager.h:25] Deconstructing SceneManager
I1008 16:14:41.283303 836307 SceneGraph.h:26] Deconstructing SceneGraph
I1008 16:14:41.283721 836307 Sensor.h:87] Deconstructing Sensor
I1008 16:14:41.284991 836307 Sensor.h:87] Deconstructing Sensor
I1008 16:14:41.285106 836307 Sensor.h:87] Deconstructing Sensor
I1008 16:14:41.285216 836307 Sensor.h:87] Deconstructing Sensor
I1008 16:14:41.285318 836307 Sensor.h:87] Deconstructing Sensor
I1008 16:14:41.285421 836307 Sensor.h:87] Deconstructing Sensor
I1008 16:14:41.285527 836307 Sensor.h:87] Deconstructing Sensor
I1008 16:14:41.285629 836307 Sensor.h:87] Deconstructing Sensor
I1008 16:14:41.285765 836307 Sensor.h:87] Deconstructing Sensor
I1008 16:14:41.285876 836307 Sensor.h:87] Deconstructing Sensor
I1008 16:14:41.285989 836307 Sensor.h:87] Deconstructing Sensor
I1008 16:14:41.286115 836307 Sensor.h:87] Deconstructing Sensor
I1008 16:14:41.286232 836307 Sensor.h:87] Deconstructing Sensor
I1008 16:14:41.286387 836307 Sensor.h:87] Deconstructing Sensor
I1008 16:14:41.286551 836307 Sensor.h:87] Deconstructing Sensor
I1008 16:14:41.286698 836307 Sensor.h:87] Deconstructing Sensor
I1008 16:14:41.286847 836307 Sensor.h:87] Deconstructing Sensor
I1008 16:14:41.286978 836307 Sensor.h:87] Deconstructing Sensor
I1008 16:14:41.287110 836307 Sensor.h:87] Deconstructing Sensor
I1008 16:14:41.287242 836307 Sensor.h:87] Deconstructing Sensor
I1008 16:14:41.287366 836307 Sensor.h:87] Deconstructing Sensor
I1008 16:14:41.287494 836307 Sensor.h:87] Deconstructing Sensor
I1008 16:14:41.287623 836307 Sensor.h:87] Deconstructing Sensor
I1008 16:14:41.287727 836307 Sensor.h:87] Deconstructing Sensor
I1008 16:14:41.295161 836307 Renderer.cpp:34] Deconstructing Renderer
I1008 16:14:41.295195 836307 WindowlessContext.h:17] Deconstructing WindowlessContext
I1008 16:14:41.298935 836307 MetadataMediator.cpp:56] MetadataMediator::setActiveSceneDatasetName : Old active dataset default changed to default successfully.
I1008 16:14:41.301636 836307 AttributesManagerBase.h:283] AttributesManager<T>::createFromJsonOrDefaultInternal  (Physics Manager) : Proposing JSON name : ./data/default.physics_config.json from original name : ./data/default.physics_config.json | This file  does not exist.
I1008 16:14:41.301689 836307 PhysicsAttributesManager.cpp:27] File (./data/default.physics_config.json) not found, so new default physics manager attributes created and registered.
I1008 16:14:41.301697 836307 AbstractObjectAttributesManagerBase.h:175] AbstractObjectAttributesManager<T>::createObject  (Stage) : Making attributes with handle : data/scene_datasets/mp3d/qoiz87JEwZ2/qoiz87JEwZ2.glb
I1008 16:14:41.301702 836307 ManagedContainerBase.cpp:19] ManagedContainerBase::convertFilenameToJSON : Filename : data/scene_datasets/mp3d/qoiz87JEwZ2/qoiz87JEwZ2.glb changed to proposed JSON configuration filename : data/scene_datasets/mp3d/qoiz87JEwZ2/qoiz87JEwZ2.stage_config.json
I1008 16:14:41.301718 836307 AttributesManagerBase.h:283] AttributesManager<T>::createFromJsonOrDefaultInternal  (Stage) : Proposing JSON name : data/scene_datasets/mp3d/qoiz87JEwZ2/qoiz87JEwZ2.stage_config.json from original name : data/scene_datasets/mp3d/qoiz87JEwZ2/qoiz87JEwZ2.glb | This file  does not exist.
I1008 16:14:41.301772 836307 AbstractObjectAttributesManagerBase.h:181] AbstractObjectAttributesManager<T>::createObject  (Stage) : Done making attributes with handle : data/scene_datasets/mp3d/qoiz87JEwZ2/qoiz87JEwZ2.glb
I1008 16:14:41.301774 836307 AbstractObjectAttributesManagerBase.h:188] File (data/scene_datasets/mp3d/qoiz87JEwZ2/qoiz87JEwZ2.glb) exists but is not a recognized config filename extension, so new default Stage attributes created and registered.
I1008 16:14:41.301777 836307 Simulator.cpp:156] Loading navmesh from data/scene_datasets/mp3d/qoiz87JEwZ2/qoiz87JEwZ2.navmesh
I1008 16:14:41.301952 836307 Simulator.cpp:158] Loaded.
I1008 16:14:41.301959 836307 SceneGraph.h:93] Created DrawableGroup: 
I1008 16:14:41.306249 836307 ResourceManager.cpp:234] ResourceManager::loadStage : Not loading semantic mesh
I1008 16:14:41.306264 836307 ResourceManager.cpp:262] ResourceManager::loadStage : start load render asset data/scene_datasets/mp3d/qoiz87JEwZ2/qoiz87JEwZ2.glb.
I1008 16:14:41.306265 836307 ResourceManager.cpp:569] ResourceManager::loadStageInternal : Attempting to load stage data/scene_datasets/mp3d/qoiz87JEwZ2/qoiz87JEwZ2.glb 
I1008 16:14:41.306296 836307 ResourceManager.cpp:1119] Importing Basis files as BC7 for qoiz87JEwZ2.glb
W1008 16:14:43.068310 836307 Simulator.cpp:248] :
---
 The active scene does not contain semantic annotations. 
---
I1008 16:14:43.134520 836307 simulator.py:213] Loaded navmesh data/scene_datasets/mp3d/qoiz87JEwZ2/qoiz87JEwZ2.navmesh
I1008 16:14:47.737102 836307 PhysicsManager.cpp:33] Deconstructing PhysicsManager
I1008 16:14:47.737134 836307 SemanticScene.h:41] Deconstructing SemanticScene
I1008 16:14:47.747526 836307 SceneManager.h:25] Deconstructing SceneManager
I1008 16:14:47.747545 836307 SceneGraph.h:26] Deconstructing SceneGraph
I1008 16:14:47.748004 836307 Sensor.h:87] Deconstructing Sensor
I1008 16:14:47.748505 836307 Sensor.h:87] Deconstructing Sensor
I1008 16:14:47.748610 836307 Sensor.h:87] Deconstructing Sensor
I1008 16:14:47.748723 836307 Sensor.h:87] Deconstructing Sensor
I1008 16:14:47.748824 836307 Sensor.h:87] Deconstructing Sensor
I1008 16:14:47.748925 836307 Sensor.h:87] Deconstructing Sensor
I1008 16:14:47.749032 836307 Sensor.h:87] Deconstructing Sensor
I1008 16:14:47.749130 836307 Sensor.h:87] Deconstructing Sensor
I1008 16:14:47.749233 836307 Sensor.h:87] Deconstructing Sensor
I1008 16:14:47.749331 836307 Sensor.h:87] Deconstructing Sensor
I1008 16:14:47.749429 836307 Sensor.h:87] Deconstructing Sensor
I1008 16:14:47.749531 836307 Sensor.h:87] Deconstructing Sensor
I1008 16:14:47.749630 836307 Sensor.h:87] Deconstructing Sensor
I1008 16:14:47.749755 836307 Sensor.h:87] Deconstructing Sensor
I1008 16:14:47.749884 836307 Sensor.h:87] Deconstructing Sensor
I1008 16:14:47.750005 836307 Sensor.h:87] Deconstructing Sensor
I1008 16:14:47.750133 836307 Sensor.h:87] Deconstructing Sensor
I1008 16:14:47.750288 836307 Sensor.h:87] Deconstructing Sensor
I1008 16:14:47.750414 836307 Sensor.h:87] Deconstructing Sensor
I1008 16:14:47.750540 836307 Sensor.h:87] Deconstructing Sensor
I1008 16:14:47.750710 836307 Sensor.h:87] Deconstructing Sensor
I1008 16:14:47.750833 836307 Sensor.h:87] Deconstructing Sensor
I1008 16:14:47.750960 836307 Sensor.h:87] Deconstructing Sensor
I1008 16:14:47.751055 836307 Sensor.h:87] Deconstructing Sensor
I1008 16:14:47.755398 836307 Renderer.cpp:34] Deconstructing Renderer
I1008 16:14:47.755411 836307 WindowlessContext.h:17] Deconstructing WindowlessContext
I1008 16:14:47.758697 836307 MetadataMediator.cpp:56] MetadataMediator::setActiveSceneDatasetName : Old active dataset default changed to default successfully.
I1008 16:14:47.760581 836307 AttributesManagerBase.h:283] AttributesManager<T>::createFromJsonOrDefaultInternal  (Physics Manager) : Proposing JSON name : ./data/default.physics_config.json from original name : ./data/default.physics_config.json | This file  does not exist.
I1008 16:14:47.760607 836307 PhysicsAttributesManager.cpp:27] File (./data/default.physics_config.json) not found, so new default physics manager attributes created and registered.
I1008 16:14:47.760612 836307 AbstractObjectAttributesManagerBase.h:175] AbstractObjectAttributesManager<T>::createObject  (Stage) : Making attributes with handle : data/scene_datasets/mp3d/PX4nDJXEHrG/PX4nDJXEHrG.glb
I1008 16:14:47.760615 836307 ManagedContainerBase.cpp:19] ManagedContainerBase::convertFilenameToJSON : Filename : data/scene_datasets/mp3d/PX4nDJXEHrG/PX4nDJXEHrG.glb changed to proposed JSON configuration filename : data/scene_datasets/mp3d/PX4nDJXEHrG/PX4nDJXEHrG.stage_config.json
I1008 16:14:47.760630 836307 AttributesManagerBase.h:283] AttributesManager<T>::createFromJsonOrDefaultInternal  (Stage) : Proposing JSON name : data/scene_datasets/mp3d/PX4nDJXEHrG/PX4nDJXEHrG.stage_config.json from original name : data/scene_datasets/mp3d/PX4nDJXEHrG/PX4nDJXEHrG.glb | This file  does not exist.
I1008 16:14:47.760677 836307 AbstractObjectAttributesManagerBase.h:181] AbstractObjectAttributesManager<T>::createObject  (Stage) : Done making attributes with handle : data/scene_datasets/mp3d/PX4nDJXEHrG/PX4nDJXEHrG.glb
I1008 16:14:47.760679 836307 AbstractObjectAttributesManagerBase.h:188] File (data/scene_datasets/mp3d/PX4nDJXEHrG/PX4nDJXEHrG.glb) exists but is not a recognized config filename extension, so new default Stage attributes created and registered.
I1008 16:14:47.760682 836307 Simulator.cpp:156] Loading navmesh from data/scene_datasets/mp3d/PX4nDJXEHrG/PX4nDJXEHrG.navmesh
I1008 16:14:47.760987 836307 Simulator.cpp:158] Loaded.
I1008 16:14:47.761000 836307 SceneGraph.h:93] Created DrawableGroup: 
I1008 16:14:47.764353 836307 ResourceManager.cpp:234] ResourceManager::loadStage : Not loading semantic mesh
I1008 16:14:47.764359 836307 ResourceManager.cpp:262] ResourceManager::loadStage : start load render asset data/scene_datasets/mp3d/PX4nDJXEHrG/PX4nDJXEHrG.glb.
I1008 16:14:47.764360 836307 ResourceManager.cpp:569] ResourceManager::loadStageInternal : Attempting to load stage data/scene_datasets/mp3d/PX4nDJXEHrG/PX4nDJXEHrG.glb 
I1008 16:14:47.764376 836307 ResourceManager.cpp:1119] Importing Basis files as BC7 for PX4nDJXEHrG.glb
W1008 16:14:50.501375 836307 Simulator.cpp:248] :
---
 The active scene does not contain semantic annotations. 
---
I1008 16:14:50.626017 836307 simulator.py:213] Loaded navmesh data/scene_datasets/mp3d/PX4nDJXEHrG/PX4nDJXEHrG.navmesh
I1008 16:14:57.232126 836307 PhysicsManager.cpp:33] Deconstructing PhysicsManager
I1008 16:14:57.232151 836307 SemanticScene.h:41] Deconstructing SemanticScene
I1008 16:14:57.239342 836307 SceneManager.h:25] Deconstructing SceneManager
I1008 16:14:57.239354 836307 SceneGraph.h:26] Deconstructing SceneGraph
I1008 16:14:57.239813 836307 Sensor.h:87] Deconstructing Sensor
I1008 16:14:57.240690 836307 Sensor.h:87] Deconstructing Sensor
I1008 16:14:57.240795 836307 Sensor.h:87] Deconstructing Sensor
I1008 16:14:57.240900 836307 Sensor.h:87] Deconstructing Sensor
I1008 16:14:57.240999 836307 Sensor.h:87] Deconstructing Sensor
I1008 16:14:57.241097 836307 Sensor.h:87] Deconstructing Sensor
I1008 16:14:57.241202 836307 Sensor.h:87] Deconstructing Sensor
I1008 16:14:57.241299 836307 Sensor.h:87] Deconstructing Sensor
I1008 16:14:57.241400 836307 Sensor.h:87] Deconstructing Sensor
I1008 16:14:57.241496 836307 Sensor.h:87] Deconstructing Sensor
I1008 16:14:57.241591 836307 Sensor.h:87] Deconstructing Sensor
I1008 16:14:57.241703 836307 Sensor.h:87] Deconstructing Sensor
I1008 16:14:57.241799 836307 Sensor.h:87] Deconstructing Sensor
I1008 16:14:57.241927 836307 Sensor.h:87] Deconstructing Sensor
I1008 16:14:57.242054 836307 Sensor.h:87] Deconstructing Sensor
I1008 16:14:57.242175 836307 Sensor.h:87] Deconstructing Sensor
I1008 16:14:57.242312 836307 Sensor.h:87] Deconstructing Sensor
I1008 16:14:57.242429 836307 Sensor.h:87] Deconstructing Sensor
I1008 16:14:57.242547 836307 Sensor.h:87] Deconstructing Sensor
I1008 16:14:57.242667 836307 Sensor.h:87] Deconstructing Sensor
I1008 16:14:57.242787 836307 Sensor.h:87] Deconstructing Sensor
I1008 16:14:57.242908 836307 Sensor.h:87] Deconstructing Sensor
I1008 16:14:57.243048 836307 Sensor.h:87] Deconstructing Sensor
I1008 16:14:57.243122 836307 Sensor.h:87] Deconstructing Sensor
I1008 16:14:57.250048 836307 Renderer.cpp:34] Deconstructing Renderer
I1008 16:14:57.250061 836307 WindowlessContext.h:17] Deconstructing WindowlessContext
I1008 16:14:57.255609 836307 MetadataMediator.cpp:56] MetadataMediator::setActiveSceneDatasetName : Old active dataset default changed to default successfully.
I1008 16:14:57.256852 836307 AttributesManagerBase.h:283] AttributesManager<T>::createFromJsonOrDefaultInternal  (Physics Manager) : Proposing JSON name : ./data/default.physics_config.json from original name : ./data/default.physics_config.json | This file  does not exist.
I1008 16:14:57.256876 836307 PhysicsAttributesManager.cpp:27] File (./data/default.physics_config.json) not found, so new default physics manager attributes created and registered.
I1008 16:14:57.256881 836307 AbstractObjectAttributesManagerBase.h:175] AbstractObjectAttributesManager<T>::createObject  (Stage) : Making attributes with handle : data/scene_datasets/mp3d/qoiz87JEwZ2/qoiz87JEwZ2.glb
I1008 16:14:57.256884 836307 ManagedContainerBase.cpp:19] ManagedContainerBase::convertFilenameToJSON : Filename : data/scene_datasets/mp3d/qoiz87JEwZ2/qoiz87JEwZ2.glb changed to proposed JSON configuration filename : data/scene_datasets/mp3d/qoiz87JEwZ2/qoiz87JEwZ2.stage_config.json
I1008 16:14:57.256899 836307 AttributesManagerBase.h:283] AttributesManager<T>::createFromJsonOrDefaultInternal  (Stage) : Proposing JSON name : data/scene_datasets/mp3d/qoiz87JEwZ2/qoiz87JEwZ2.stage_config.json from original name : data/scene_datasets/mp3d/qoiz87JEwZ2/qoiz87JEwZ2.glb | This file  does not exist.
I1008 16:14:57.256947 836307 AbstractObjectAttributesManagerBase.h:181] AbstractObjectAttributesManager<T>::createObject  (Stage) : Done making attributes with handle : data/scene_datasets/mp3d/qoiz87JEwZ2/qoiz87JEwZ2.glb
I1008 16:14:57.256948 836307 AbstractObjectAttributesManagerBase.h:188] File (data/scene_datasets/mp3d/qoiz87JEwZ2/qoiz87JEwZ2.glb) exists but is not a recognized config filename extension, so new default Stage attributes created and registered.
I1008 16:14:57.256951 836307 Simulator.cpp:156] Loading navmesh from data/scene_datasets/mp3d/qoiz87JEwZ2/qoiz87JEwZ2.navmesh
I1008 16:14:57.257095 836307 Simulator.cpp:158] Loaded.
I1008 16:14:57.257099 836307 SceneGraph.h:93] Created DrawableGroup: 
I1008 16:14:57.260113 836307 ResourceManager.cpp:234] ResourceManager::loadStage : Not loading semantic mesh
I1008 16:14:57.260118 836307 ResourceManager.cpp:262] ResourceManager::loadStage : start load render asset data/scene_datasets/mp3d/qoiz87JEwZ2/qoiz87JEwZ2.glb.
I1008 16:14:57.260119 836307 ResourceManager.cpp:569] ResourceManager::loadStageInternal : Attempting to load stage data/scene_datasets/mp3d/qoiz87JEwZ2/qoiz87JEwZ2.glb 
I1008 16:14:57.260128 836307 ResourceManager.cpp:1119] Importing Basis files as BC7 for qoiz87JEwZ2.glb
W1008 16:14:58.875208 836307 Simulator.cpp:248] :
---
 The active scene does not contain semantic annotations. 
---
I1008 16:14:58.960567 836307 simulator.py:213] Loaded navmesh data/scene_datasets/mp3d/qoiz87JEwZ2/qoiz87JEwZ2.navmesh
I1008 16:15:01.679250 836307 PhysicsManager.cpp:33] Deconstructing PhysicsManager
I1008 16:15:01.679271 836307 SemanticScene.h:41] Deconstructing SemanticScene
I1008 16:15:01.685190 836307 SceneManager.h:25] Deconstructing SceneManager
I1008 16:15:01.685197 836307 SceneGraph.h:26] Deconstructing SceneGraph
I1008 16:15:01.685551 836307 Sensor.h:87] Deconstructing Sensor
I1008 16:15:01.686105 836307 Sensor.h:87] Deconstructing Sensor
I1008 16:15:01.686244 836307 Sensor.h:87] Deconstructing Sensor
I1008 16:15:01.686355 836307 Sensor.h:87] Deconstructing Sensor
I1008 16:15:01.686460 836307 Sensor.h:87] Deconstructing Sensor
I1008 16:15:01.686563 836307 Sensor.h:87] Deconstructing Sensor
I1008 16:15:01.686669 836307 Sensor.h:87] Deconstructing Sensor
I1008 16:15:01.686769 836307 Sensor.h:87] Deconstructing Sensor
I1008 16:15:01.686872 836307 Sensor.h:87] Deconstructing Sensor
I1008 16:15:01.686966 836307 Sensor.h:87] Deconstructing Sensor
I1008 16:15:01.687065 836307 Sensor.h:87] Deconstructing Sensor
I1008 16:15:01.687166 836307 Sensor.h:87] Deconstructing Sensor
I1008 16:15:01.687264 836307 Sensor.h:87] Deconstructing Sensor
I1008 16:15:01.687395 836307 Sensor.h:87] Deconstructing Sensor
I1008 16:15:01.687528 836307 Sensor.h:87] Deconstructing Sensor
I1008 16:15:01.687649 836307 Sensor.h:87] Deconstructing Sensor
I1008 16:15:01.687779 836307 Sensor.h:87] Deconstructing Sensor
I1008 16:15:01.687903 836307 Sensor.h:87] Deconstructing Sensor
I1008 16:15:01.688026 836307 Sensor.h:87] Deconstructing Sensor
I1008 16:15:01.688150 836307 Sensor.h:87] Deconstructing Sensor
I1008 16:15:01.688271 836307 Sensor.h:87] Deconstructing Sensor
I1008 16:15:01.688391 836307 Sensor.h:87] Deconstructing Sensor
I1008 16:15:01.688519 836307 Sensor.h:87] Deconstructing Sensor
I1008 16:15:01.688592 836307 Sensor.h:87] Deconstructing Sensor
I1008 16:15:01.692865 836307 Renderer.cpp:34] Deconstructing Renderer
I1008 16:15:01.692876 836307 WindowlessContext.h:17] Deconstructing WindowlessContext
I1008 16:15:01.696270 836307 MetadataMediator.cpp:56] MetadataMediator::setActiveSceneDatasetName : Old active dataset default changed to default successfully.
I1008 16:15:01.697463 836307 AttributesManagerBase.h:283] AttributesManager<T>::createFromJsonOrDefaultInternal  (Physics Manager) : Proposing JSON name : ./data/default.physics_config.json from original name : ./data/default.physics_config.json | This file  does not exist.
I1008 16:15:01.697500 836307 PhysicsAttributesManager.cpp:27] File (./data/default.physics_config.json) not found, so new default physics manager attributes created and registered.
I1008 16:15:01.697505 836307 AbstractObjectAttributesManagerBase.h:175] AbstractObjectAttributesManager<T>::createObject  (Stage) : Making attributes with handle : data/scene_datasets/mp3d/D7N2EKCX4Sj/D7N2EKCX4Sj.glb
I1008 16:15:01.697508 836307 ManagedContainerBase.cpp:19] ManagedContainerBase::convertFilenameToJSON : Filename : data/scene_datasets/mp3d/D7N2EKCX4Sj/D7N2EKCX4Sj.glb changed to proposed JSON configuration filename : data/scene_datasets/mp3d/D7N2EKCX4Sj/D7N2EKCX4Sj.stage_config.json
I1008 16:15:01.697523 836307 AttributesManagerBase.h:283] AttributesManager<T>::createFromJsonOrDefaultInternal  (Stage) : Proposing JSON name : data/scene_datasets/mp3d/D7N2EKCX4Sj/D7N2EKCX4Sj.stage_config.json from original name : data/scene_datasets/mp3d/D7N2EKCX4Sj/D7N2EKCX4Sj.glb | This file  does not exist.
I1008 16:15:01.697563 836307 AbstractObjectAttributesManagerBase.h:181] AbstractObjectAttributesManager<T>::createObject  (Stage) : Done making attributes with handle : data/scene_datasets/mp3d/D7N2EKCX4Sj/D7N2EKCX4Sj.glb
I1008 16:15:01.697566 836307 AbstractObjectAttributesManagerBase.h:188] File (data/scene_datasets/mp3d/D7N2EKCX4Sj/D7N2EKCX4Sj.glb) exists but is not a recognized config filename extension, so new default Stage attributes created and registered.
I1008 16:15:01.697568 836307 Simulator.cpp:156] Loading navmesh from data/scene_datasets/mp3d/D7N2EKCX4Sj/D7N2EKCX4Sj.navmesh
I1008 16:15:01.697890 836307 Simulator.cpp:158] Loaded.
I1008 16:15:01.697896 836307 SceneGraph.h:93] Created DrawableGroup: 
I1008 16:15:01.701077 836307 ResourceManager.cpp:234] ResourceManager::loadStage : Not loading semantic mesh
I1008 16:15:01.701083 836307 ResourceManager.cpp:262] ResourceManager::loadStage : start load render asset data/scene_datasets/mp3d/D7N2EKCX4Sj/D7N2EKCX4Sj.glb.
I1008 16:15:01.701084 836307 ResourceManager.cpp:569] ResourceManager::loadStageInternal : Attempting to load stage data/scene_datasets/mp3d/D7N2EKCX4Sj/D7N2EKCX4Sj.glb 
I1008 16:15:01.701108 836307 ResourceManager.cpp:1119] Importing Basis files as BC7 for D7N2EKCX4Sj.glb
W1008 16:15:05.846625 836307 Simulator.cpp:248] :
---
 The active scene does not contain semantic annotations. 
---
I1008 16:15:05.971619 836307 simulator.py:213] Loaded navmesh data/scene_datasets/mp3d/D7N2EKCX4Sj/D7N2EKCX4Sj.navmesh
I1008 16:15:15.924033 836307 PhysicsManager.cpp:33] Deconstructing PhysicsManager
I1008 16:15:15.924060 836307 SemanticScene.h:41] Deconstructing SemanticScene
I1008 16:15:15.937963 836307 SceneManager.h:25] Deconstructing SceneManager
I1008 16:15:15.938014 836307 SceneGraph.h:26] Deconstructing SceneGraph
I1008 16:15:15.938849 836307 Sensor.h:87] Deconstructing Sensor
I1008 16:15:15.940557 836307 Sensor.h:87] Deconstructing Sensor
I1008 16:15:15.940691 836307 Sensor.h:87] Deconstructing Sensor
I1008 16:15:15.940857 836307 Sensor.h:87] Deconstructing Sensor
I1008 16:15:15.940985 836307 Sensor.h:87] Deconstructing Sensor
I1008 16:15:15.941104 836307 Sensor.h:87] Deconstructing Sensor
I1008 16:15:15.941241 836307 Sensor.h:87] Deconstructing Sensor
I1008 16:15:15.941370 836307 Sensor.h:87] Deconstructing Sensor
I1008 16:15:15.941498 836307 Sensor.h:87] Deconstructing Sensor
I1008 16:15:15.943969 836307 Sensor.h:87] Deconstructing Sensor
I1008 16:15:15.944133 836307 Sensor.h:87] Deconstructing Sensor
I1008 16:15:15.944242 836307 Sensor.h:87] Deconstructing Sensor
I1008 16:15:15.944342 836307 Sensor.h:87] Deconstructing Sensor
I1008 16:15:15.944481 836307 Sensor.h:87] Deconstructing Sensor
I1008 16:15:15.944617 836307 Sensor.h:87] Deconstructing Sensor
I1008 16:15:15.944772 836307 Sensor.h:87] Deconstructing Sensor
I1008 16:15:15.944905 836307 Sensor.h:87] Deconstructing Sensor
I1008 16:15:15.945032 836307 Sensor.h:87] Deconstructing Sensor
I1008 16:15:15.945155 836307 Sensor.h:87] Deconstructing Sensor
I1008 16:15:15.945281 836307 Sensor.h:87] Deconstructing Sensor
I1008 16:15:15.945431 836307 Sensor.h:87] Deconstructing Sensor
I1008 16:15:15.945562 836307 Sensor.h:87] Deconstructing Sensor
I1008 16:15:15.945698 836307 Sensor.h:87] Deconstructing Sensor
I1008 16:15:15.945807 836307 Sensor.h:87] Deconstructing Sensor
I1008 16:15:15.959069 836307 Renderer.cpp:34] Deconstructing Renderer
I1008 16:15:15.959103 836307 WindowlessContext.h:17] Deconstructing WindowlessContext
I1008 16:15:15.966156 836307 MetadataMediator.cpp:56] MetadataMediator::setActiveSceneDatasetName : Old active dataset default changed to default successfully.
I1008 16:15:15.969135 836307 AttributesManagerBase.h:283] AttributesManager<T>::createFromJsonOrDefaultInternal  (Physics Manager) : Proposing JSON name : ./data/default.physics_config.json from original name : ./data/default.physics_config.json | This file  does not exist.
I1008 16:15:15.969182 836307 PhysicsAttributesManager.cpp:27] File (./data/default.physics_config.json) not found, so new default physics manager attributes created and registered.
I1008 16:15:15.969188 836307 AbstractObjectAttributesManagerBase.h:175] AbstractObjectAttributesManager<T>::createObject  (Stage) : Making attributes with handle : data/scene_datasets/mp3d/PX4nDJXEHrG/PX4nDJXEHrG.glb
I1008 16:15:15.969192 836307 ManagedContainerBase.cpp:19] ManagedContainerBase::convertFilenameToJSON : Filename : data/scene_datasets/mp3d/PX4nDJXEHrG/PX4nDJXEHrG.glb changed to proposed JSON configuration filename : data/scene_datasets/mp3d/PX4nDJXEHrG/PX4nDJXEHrG.stage_config.json
I1008 16:15:15.969213 836307 AttributesManagerBase.h:283] AttributesManager<T>::createFromJsonOrDefaultInternal  (Stage) : Proposing JSON name : data/scene_datasets/mp3d/PX4nDJXEHrG/PX4nDJXEHrG.stage_config.json from original name : data/scene_datasets/mp3d/PX4nDJXEHrG/PX4nDJXEHrG.glb | This file  does not exist.
I1008 16:15:15.969262 836307 AbstractObjectAttributesManagerBase.h:181] AbstractObjectAttributesManager<T>::createObject  (Stage) : Done making attributes with handle : data/scene_datasets/mp3d/PX4nDJXEHrG/PX4nDJXEHrG.glb
I1008 16:15:15.969264 836307 AbstractObjectAttributesManagerBase.h:188] File (data/scene_datasets/mp3d/PX4nDJXEHrG/PX4nDJXEHrG.glb) exists but is not a recognized config filename extension, so new default Stage attributes created and registered.
I1008 16:15:15.969267 836307 Simulator.cpp:156] Loading navmesh from data/scene_datasets/mp3d/PX4nDJXEHrG/PX4nDJXEHrG.navmesh
I1008 16:15:15.969655 836307 Simulator.cpp:158] Loaded.
I1008 16:15:15.969671 836307 SceneGraph.h:93] Created DrawableGroup: 
I1008 16:15:15.974205 836307 ResourceManager.cpp:234] ResourceManager::loadStage : Not loading semantic mesh
I1008 16:15:15.974221 836307 ResourceManager.cpp:262] ResourceManager::loadStage : start load render asset data/scene_datasets/mp3d/PX4nDJXEHrG/PX4nDJXEHrG.glb.
I1008 16:15:15.974223 836307 ResourceManager.cpp:569] ResourceManager::loadStageInternal : Attempting to load stage data/scene_datasets/mp3d/PX4nDJXEHrG/PX4nDJXEHrG.glb 
I1008 16:15:15.974256 836307 ResourceManager.cpp:1119] Importing Basis files as BC7 for PX4nDJXEHrG.glb
W1008 16:15:18.696653 836307 Simulator.cpp:248] :
---
 The active scene does not contain semantic annotations. 
---
I1008 16:15:18.800221 836307 simulator.py:213] Loaded navmesh data/scene_datasets/mp3d/PX4nDJXEHrG/PX4nDJXEHrG.navmesh
I1008 16:15:22.262466 836307 PhysicsManager.cpp:33] Deconstructing PhysicsManager
I1008 16:15:22.262490 836307 SemanticScene.h:41] Deconstructing SemanticScene
I1008 16:15:22.271186 836307 SceneManager.h:25] Deconstructing SceneManager
I1008 16:15:22.271211 836307 SceneGraph.h:26] Deconstructing SceneGraph
I1008 16:15:22.271736 836307 Sensor.h:87] Deconstructing Sensor
I1008 16:15:22.272718 836307 Sensor.h:87] Deconstructing Sensor
I1008 16:15:22.272833 836307 Sensor.h:87] Deconstructing Sensor
I1008 16:15:22.272949 836307 Sensor.h:87] Deconstructing Sensor
I1008 16:15:22.273053 836307 Sensor.h:87] Deconstructing Sensor
I1008 16:15:22.273156 836307 Sensor.h:87] Deconstructing Sensor
I1008 16:15:22.273262 836307 Sensor.h:87] Deconstructing Sensor
I1008 16:15:22.273375 836307 Sensor.h:87] Deconstructing Sensor
I1008 16:15:22.273478 836307 Sensor.h:87] Deconstructing Sensor
I1008 16:15:22.273578 836307 Sensor.h:87] Deconstructing Sensor
I1008 16:15:22.273679 836307 Sensor.h:87] Deconstructing Sensor
I1008 16:15:22.273787 836307 Sensor.h:87] Deconstructing Sensor
I1008 16:15:22.273886 836307 Sensor.h:87] Deconstructing Sensor
I1008 16:15:22.274024 836307 Sensor.h:87] Deconstructing Sensor
I1008 16:15:22.274154 836307 Sensor.h:87] Deconstructing Sensor
I1008 16:15:22.274279 836307 Sensor.h:87] Deconstructing Sensor
I1008 16:15:22.274413 836307 Sensor.h:87] Deconstructing Sensor
I1008 16:15:22.274537 836307 Sensor.h:87] Deconstructing Sensor
I1008 16:15:22.274665 836307 Sensor.h:87] Deconstructing Sensor
I1008 16:15:22.274791 836307 Sensor.h:87] Deconstructing Sensor
I1008 16:15:22.274914 836307 Sensor.h:87] Deconstructing Sensor
I1008 16:15:22.275043 836307 Sensor.h:87] Deconstructing Sensor
I1008 16:15:22.275182 836307 Sensor.h:87] Deconstructing Sensor
I1008 16:15:22.276052 836307 Sensor.h:87] Deconstructing Sensor
I1008 16:15:22.284313 836307 Renderer.cpp:34] Deconstructing Renderer
I1008 16:15:22.284336 836307 WindowlessContext.h:17] Deconstructing WindowlessContext
I1008 16:15:22.290813 836307 MetadataMediator.cpp:56] MetadataMediator::setActiveSceneDatasetName : Old active dataset default changed to default successfully.
I1008 16:15:22.293361 836307 AttributesManagerBase.h:283] AttributesManager<T>::createFromJsonOrDefaultInternal  (Physics Manager) : Proposing JSON name : ./data/default.physics_config.json from original name : ./data/default.physics_config.json | This file  does not exist.
I1008 16:15:22.293393 836307 PhysicsAttributesManager.cpp:27] File (./data/default.physics_config.json) not found, so new default physics manager attributes created and registered.
I1008 16:15:22.293398 836307 AbstractObjectAttributesManagerBase.h:175] AbstractObjectAttributesManager<T>::createObject  (Stage) : Making attributes with handle : data/scene_datasets/mp3d/qoiz87JEwZ2/qoiz87JEwZ2.glb
I1008 16:15:22.293401 836307 ManagedContainerBase.cpp:19] ManagedContainerBase::convertFilenameToJSON : Filename : data/scene_datasets/mp3d/qoiz87JEwZ2/qoiz87JEwZ2.glb changed to proposed JSON configuration filename : data/scene_datasets/mp3d/qoiz87JEwZ2/qoiz87JEwZ2.stage_config.json
I1008 16:15:22.293449 836307 AttributesManagerBase.h:283] AttributesManager<T>::createFromJsonOrDefaultInternal  (Stage) : Proposing JSON name : data/scene_datasets/mp3d/qoiz87JEwZ2/qoiz87JEwZ2.stage_config.json from original name : data/scene_datasets/mp3d/qoiz87JEwZ2/qoiz87JEwZ2.glb | This file  does not exist.
I1008 16:15:22.293496 836307 AbstractObjectAttributesManagerBase.h:181] AbstractObjectAttributesManager<T>::createObject  (Stage) : Done making attributes with handle : data/scene_datasets/mp3d/qoiz87JEwZ2/qoiz87JEwZ2.glb
I1008 16:15:22.293497 836307 AbstractObjectAttributesManagerBase.h:188] File (data/scene_datasets/mp3d/qoiz87JEwZ2/qoiz87JEwZ2.glb) exists but is not a recognized config filename extension, so new default Stage attributes created and registered.
I1008 16:15:22.293501 836307 Simulator.cpp:156] Loading navmesh from data/scene_datasets/mp3d/qoiz87JEwZ2/qoiz87JEwZ2.navmesh
I1008 16:15:22.293655 836307 Simulator.cpp:158] Loaded.
I1008 16:15:22.293660 836307 SceneGraph.h:93] Created DrawableGroup: 
I1008 16:15:22.297247 836307 ResourceManager.cpp:234] ResourceManager::loadStage : Not loading semantic mesh
I1008 16:15:22.297256 836307 ResourceManager.cpp:262] ResourceManager::loadStage : start load render asset data/scene_datasets/mp3d/qoiz87JEwZ2/qoiz87JEwZ2.glb.
I1008 16:15:22.297257 836307 ResourceManager.cpp:569] ResourceManager::loadStageInternal : Attempting to load stage data/scene_datasets/mp3d/qoiz87JEwZ2/qoiz87JEwZ2.glb 
I1008 16:15:22.297278 836307 ResourceManager.cpp:1119] Importing Basis files as BC7 for qoiz87JEwZ2.glb
W1008 16:15:23.991555 836307 Simulator.cpp:248] :
---
 The active scene does not contain semantic annotations. 
---
I1008 16:15:24.055960 836307 simulator.py:213] Loaded navmesh data/scene_datasets/mp3d/qoiz87JEwZ2/qoiz87JEwZ2.navmesh
I1008 16:15:26.284813 836307 PhysicsManager.cpp:33] Deconstructing PhysicsManager
I1008 16:15:26.284840 836307 SemanticScene.h:41] Deconstructing SemanticScene
I1008 16:15:26.292230 836307 SceneManager.h:25] Deconstructing SceneManager
I1008 16:15:26.292248 836307 SceneGraph.h:26] Deconstructing SceneGraph
I1008 16:15:26.292622 836307 Sensor.h:87] Deconstructing Sensor
I1008 16:15:26.293354 836307 Sensor.h:87] Deconstructing Sensor
I1008 16:15:26.293462 836307 Sensor.h:87] Deconstructing Sensor
I1008 16:15:26.293569 836307 Sensor.h:87] Deconstructing Sensor
I1008 16:15:26.293677 836307 Sensor.h:87] Deconstructing Sensor
I1008 16:15:26.293783 836307 Sensor.h:87] Deconstructing Sensor
I1008 16:15:26.293892 836307 Sensor.h:87] Deconstructing Sensor
I1008 16:15:26.293992 836307 Sensor.h:87] Deconstructing Sensor
I1008 16:15:26.294098 836307 Sensor.h:87] Deconstructing Sensor
I1008 16:15:26.294201 836307 Sensor.h:87] Deconstructing Sensor
I1008 16:15:26.294302 836307 Sensor.h:87] Deconstructing Sensor
I1008 16:15:26.294409 836307 Sensor.h:87] Deconstructing Sensor
I1008 16:15:26.294512 836307 Sensor.h:87] Deconstructing Sensor
I1008 16:15:26.294651 836307 Sensor.h:87] Deconstructing Sensor
I1008 16:15:26.294791 836307 Sensor.h:87] Deconstructing Sensor
I1008 16:15:26.294915 836307 Sensor.h:87] Deconstructing Sensor
I1008 16:15:26.295045 836307 Sensor.h:87] Deconstructing Sensor
I1008 16:15:26.295171 836307 Sensor.h:87] Deconstructing Sensor
I1008 16:15:26.295311 836307 Sensor.h:87] Deconstructing Sensor
I1008 16:15:26.295439 836307 Sensor.h:87] Deconstructing Sensor
I1008 16:15:26.295564 836307 Sensor.h:87] Deconstructing Sensor
I1008 16:15:26.295692 836307 Sensor.h:87] Deconstructing Sensor
I1008 16:15:26.295842 836307 Sensor.h:87] Deconstructing Sensor
I1008 16:15:26.296021 836307 Sensor.h:87] Deconstructing Sensor
I1008 16:15:26.301620 836307 Renderer.cpp:34] Deconstructing Renderer
I1008 16:15:26.301636 836307 WindowlessContext.h:17] Deconstructing WindowlessContext
I1008 16:15:26.305406 836307 MetadataMediator.cpp:56] MetadataMediator::setActiveSceneDatasetName : Old active dataset default changed to default successfully.
I1008 16:15:26.308804 836307 AttributesManagerBase.h:283] AttributesManager<T>::createFromJsonOrDefaultInternal  (Physics Manager) : Proposing JSON name : ./data/default.physics_config.json from original name : ./data/default.physics_config.json | This file  does not exist.
I1008 16:15:26.308845 836307 PhysicsAttributesManager.cpp:27] File (./data/default.physics_config.json) not found, so new default physics manager attributes created and registered.
I1008 16:15:26.308852 836307 AbstractObjectAttributesManagerBase.h:175] AbstractObjectAttributesManager<T>::createObject  (Stage) : Making attributes with handle : data/scene_datasets/mp3d/JmbYfDe2QKZ/JmbYfDe2QKZ.glb
I1008 16:15:26.308856 836307 ManagedContainerBase.cpp:19] ManagedContainerBase::convertFilenameToJSON : Filename : data/scene_datasets/mp3d/JmbYfDe2QKZ/JmbYfDe2QKZ.glb changed to proposed JSON configuration filename : data/scene_datasets/mp3d/JmbYfDe2QKZ/JmbYfDe2QKZ.stage_config.json
I1008 16:15:26.308874 836307 AttributesManagerBase.h:283] AttributesManager<T>::createFromJsonOrDefaultInternal  (Stage) : Proposing JSON name : data/scene_datasets/mp3d/JmbYfDe2QKZ/JmbYfDe2QKZ.stage_config.json from original name : data/scene_datasets/mp3d/JmbYfDe2QKZ/JmbYfDe2QKZ.glb | This file  does not exist.
I1008 16:15:26.308930 836307 AbstractObjectAttributesManagerBase.h:181] AbstractObjectAttributesManager<T>::createObject  (Stage) : Done making attributes with handle : data/scene_datasets/mp3d/JmbYfDe2QKZ/JmbYfDe2QKZ.glb
I1008 16:15:26.308931 836307 AbstractObjectAttributesManagerBase.h:188] File (data/scene_datasets/mp3d/JmbYfDe2QKZ/JmbYfDe2QKZ.glb) exists but is not a recognized config filename extension, so new default Stage attributes created and registered.
I1008 16:15:26.308935 836307 Simulator.cpp:156] Loading navmesh from data/scene_datasets/mp3d/JmbYfDe2QKZ/JmbYfDe2QKZ.navmesh
I1008 16:15:26.309062 836307 Simulator.cpp:158] Loaded.
I1008 16:15:26.309068 836307 SceneGraph.h:93] Created DrawableGroup: 
I1008 16:15:26.313748 836307 ResourceManager.cpp:234] ResourceManager::loadStage : Not loading semantic mesh
I1008 16:15:26.313757 836307 ResourceManager.cpp:262] ResourceManager::loadStage : start load render asset data/scene_datasets/mp3d/JmbYfDe2QKZ/JmbYfDe2QKZ.glb.
I1008 16:15:26.313759 836307 ResourceManager.cpp:569] ResourceManager::loadStageInternal : Attempting to load stage data/scene_datasets/mp3d/JmbYfDe2QKZ/JmbYfDe2QKZ.glb 
I1008 16:15:26.313782 836307 ResourceManager.cpp:1119] Importing Basis files as BC7 for JmbYfDe2QKZ.glb
W1008 16:15:27.394917 836307 Simulator.cpp:248] :
---
 The active scene does not contain semantic annotations. 
---
I1008 16:15:27.455970 836307 simulator.py:213] Loaded navmesh data/scene_datasets/mp3d/JmbYfDe2QKZ/JmbYfDe2QKZ.navmesh
I1008 16:15:30.033948 836307 PhysicsManager.cpp:33] Deconstructing PhysicsManager
I1008 16:15:30.033980 836307 SemanticScene.h:41] Deconstructing SemanticScene
I1008 16:15:30.044381 836307 SceneManager.h:25] Deconstructing SceneManager
I1008 16:15:30.044402 836307 SceneGraph.h:26] Deconstructing SceneGraph
I1008 16:15:30.044931 836307 Sensor.h:87] Deconstructing Sensor
I1008 16:15:30.046166 836307 Sensor.h:87] Deconstructing Sensor
I1008 16:15:30.046296 836307 Sensor.h:87] Deconstructing Sensor
I1008 16:15:30.046425 836307 Sensor.h:87] Deconstructing Sensor
I1008 16:15:30.046550 836307 Sensor.h:87] Deconstructing Sensor
I1008 16:15:30.046661 836307 Sensor.h:87] Deconstructing Sensor
I1008 16:15:30.046782 836307 Sensor.h:87] Deconstructing Sensor
I1008 16:15:30.046898 836307 Sensor.h:87] Deconstructing Sensor
I1008 16:15:30.047013 836307 Sensor.h:87] Deconstructing Sensor
I1008 16:15:30.047118 836307 Sensor.h:87] Deconstructing Sensor
I1008 16:15:30.047223 836307 Sensor.h:87] Deconstructing Sensor
I1008 16:15:30.047328 836307 Sensor.h:87] Deconstructing Sensor
I1008 16:15:30.047433 836307 Sensor.h:87] Deconstructing Sensor
I1008 16:15:30.047564 836307 Sensor.h:87] Deconstructing Sensor
I1008 16:15:30.047701 836307 Sensor.h:87] Deconstructing Sensor
I1008 16:15:30.047825 836307 Sensor.h:87] Deconstructing Sensor
I1008 16:15:30.047953 836307 Sensor.h:87] Deconstructing Sensor
I1008 16:15:30.048075 836307 Sensor.h:87] Deconstructing Sensor
I1008 16:15:30.048202 836307 Sensor.h:87] Deconstructing Sensor
I1008 16:15:30.048343 836307 Sensor.h:87] Deconstructing Sensor
I1008 16:15:30.048470 836307 Sensor.h:87] Deconstructing Sensor
I1008 16:15:30.048599 836307 Sensor.h:87] Deconstructing Sensor
I1008 16:15:30.048740 836307 Sensor.h:87] Deconstructing Sensor
I1008 16:15:30.048825 836307 Sensor.h:87] Deconstructing Sensor
I1008 16:15:30.054338 836307 Renderer.cpp:34] Deconstructing Renderer
I1008 16:15:30.054365 836307 WindowlessContext.h:17] Deconstructing WindowlessContext
I1008 16:15:30.057235 836307 MetadataMediator.cpp:56] MetadataMediator::setActiveSceneDatasetName : Old active dataset default changed to default successfully.
I1008 16:15:30.059719 836307 AttributesManagerBase.h:283] AttributesManager<T>::createFromJsonOrDefaultInternal  (Physics Manager) : Proposing JSON name : ./data/default.physics_config.json from original name : ./data/default.physics_config.json | This file  does not exist.
I1008 16:15:30.059777 836307 PhysicsAttributesManager.cpp:27] File (./data/default.physics_config.json) not found, so new default physics manager attributes created and registered.
I1008 16:15:30.059787 836307 AbstractObjectAttributesManagerBase.h:175] AbstractObjectAttributesManager<T>::createObject  (Stage) : Making attributes with handle : data/scene_datasets/mp3d/2n8kARJN3HM/2n8kARJN3HM.glb
I1008 16:15:30.059791 836307 ManagedContainerBase.cpp:19] ManagedContainerBase::convertFilenameToJSON : Filename : data/scene_datasets/mp3d/2n8kARJN3HM/2n8kARJN3HM.glb changed to proposed JSON configuration filename : data/scene_datasets/mp3d/2n8kARJN3HM/2n8kARJN3HM.stage_config.json
I1008 16:15:30.059816 836307 AttributesManagerBase.h:283] AttributesManager<T>::createFromJsonOrDefaultInternal  (Stage) : Proposing JSON name : data/scene_datasets/mp3d/2n8kARJN3HM/2n8kARJN3HM.stage_config.json from original name : data/scene_datasets/mp3d/2n8kARJN3HM/2n8kARJN3HM.glb | This file  does not exist.
I1008 16:15:30.059872 836307 AbstractObjectAttributesManagerBase.h:181] AbstractObjectAttributesManager<T>::createObject  (Stage) : Done making attributes with handle : data/scene_datasets/mp3d/2n8kARJN3HM/2n8kARJN3HM.glb
I1008 16:15:30.059873 836307 AbstractObjectAttributesManagerBase.h:188] File (data/scene_datasets/mp3d/2n8kARJN3HM/2n8kARJN3HM.glb) exists but is not a recognized config filename extension, so new default Stage attributes created and registered.
I1008 16:15:30.059876 836307 Simulator.cpp:156] Loading navmesh from data/scene_datasets/mp3d/2n8kARJN3HM/2n8kARJN3HM.navmesh
I1008 16:15:30.060128 836307 Simulator.cpp:158] Loaded.
I1008 16:15:30.060134 836307 SceneGraph.h:93] Created DrawableGroup: 
I1008 16:15:30.063804 836307 ResourceManager.cpp:234] ResourceManager::loadStage : Not loading semantic mesh
I1008 16:15:30.063815 836307 ResourceManager.cpp:262] ResourceManager::loadStage : start load render asset data/scene_datasets/mp3d/2n8kARJN3HM/2n8kARJN3HM.glb.
I1008 16:15:30.063817 836307 ResourceManager.cpp:569] ResourceManager::loadStageInternal : Attempting to load stage data/scene_datasets/mp3d/2n8kARJN3HM/2n8kARJN3HM.glb 
I1008 16:15:30.063840 836307 ResourceManager.cpp:1119] Importing Basis files as BC7 for 2n8kARJN3HM.glb
W1008 16:15:32.784765 836307 Simulator.cpp:248] :
---
 The active scene does not contain semantic annotations. 
---
I1008 16:15:32.862310 836307 simulator.py:213] Loaded navmesh data/scene_datasets/mp3d/2n8kARJN3HM/2n8kARJN3HM.navmesh
I1008 16:15:36.798980 836307 PhysicsManager.cpp:33] Deconstructing PhysicsManager
I1008 16:15:36.799003 836307 SemanticScene.h:41] Deconstructing SemanticScene
I1008 16:15:36.805447 836307 SceneManager.h:25] Deconstructing SceneManager
I1008 16:15:36.805459 836307 SceneGraph.h:26] Deconstructing SceneGraph
I1008 16:15:36.806006 836307 Sensor.h:87] Deconstructing Sensor
I1008 16:15:36.806612 836307 Sensor.h:87] Deconstructing Sensor
I1008 16:15:36.806733 836307 Sensor.h:87] Deconstructing Sensor
I1008 16:15:36.806854 836307 Sensor.h:87] Deconstructing Sensor
I1008 16:15:36.806962 836307 Sensor.h:87] Deconstructing Sensor
I1008 16:15:36.807067 836307 Sensor.h:87] Deconstructing Sensor
I1008 16:15:36.807171 836307 Sensor.h:87] Deconstructing Sensor
I1008 16:15:36.807267 836307 Sensor.h:87] Deconstructing Sensor
I1008 16:15:36.807370 836307 Sensor.h:87] Deconstructing Sensor
I1008 16:15:36.807475 836307 Sensor.h:87] Deconstructing Sensor
I1008 16:15:36.807578 836307 Sensor.h:87] Deconstructing Sensor
I1008 16:15:36.807684 836307 Sensor.h:87] Deconstructing Sensor
I1008 16:15:36.807787 836307 Sensor.h:87] Deconstructing Sensor
I1008 16:15:36.807915 836307 Sensor.h:87] Deconstructing Sensor
I1008 16:15:36.808045 836307 Sensor.h:87] Deconstructing Sensor
I1008 16:15:36.808168 836307 Sensor.h:87] Deconstructing Sensor
I1008 16:15:36.808295 836307 Sensor.h:87] Deconstructing Sensor
I1008 16:15:36.808416 836307 Sensor.h:87] Deconstructing Sensor
I1008 16:15:36.808543 836307 Sensor.h:87] Deconstructing Sensor
I1008 16:15:36.808676 836307 Sensor.h:87] Deconstructing Sensor
I1008 16:15:36.808811 836307 Sensor.h:87] Deconstructing Sensor
I1008 16:15:36.808936 836307 Sensor.h:87] Deconstructing Sensor
I1008 16:15:36.809069 836307 Sensor.h:87] Deconstructing Sensor
I1008 16:15:36.809146 836307 Sensor.h:87] Deconstructing Sensor
I1008 16:15:36.817130 836307 Renderer.cpp:34] Deconstructing Renderer
I1008 16:15:36.817142 836307 WindowlessContext.h:17] Deconstructing WindowlessContext
I1008 16:15:36.822814 836307 MetadataMediator.cpp:56] MetadataMediator::setActiveSceneDatasetName : Old active dataset default changed to default successfully.
I1008 16:15:36.824189 836307 AttributesManagerBase.h:283] AttributesManager<T>::createFromJsonOrDefaultInternal  (Physics Manager) : Proposing JSON name : ./data/default.physics_config.json from original name : ./data/default.physics_config.json | This file  does not exist.
I1008 16:15:36.824220 836307 PhysicsAttributesManager.cpp:27] File (./data/default.physics_config.json) not found, so new default physics manager attributes created and registered.
I1008 16:15:36.824225 836307 AbstractObjectAttributesManagerBase.h:175] AbstractObjectAttributesManager<T>::createObject  (Stage) : Making attributes with handle : data/scene_datasets/mp3d/D7N2EKCX4Sj/D7N2EKCX4Sj.glb
I1008 16:15:36.824229 836307 ManagedContainerBase.cpp:19] ManagedContainerBase::convertFilenameToJSON : Filename : data/scene_datasets/mp3d/D7N2EKCX4Sj/D7N2EKCX4Sj.glb changed to proposed JSON configuration filename : data/scene_datasets/mp3d/D7N2EKCX4Sj/D7N2EKCX4Sj.stage_config.json
I1008 16:15:36.824241 836307 AttributesManagerBase.h:283] AttributesManager<T>::createFromJsonOrDefaultInternal  (Stage) : Proposing JSON name : data/scene_datasets/mp3d/D7N2EKCX4Sj/D7N2EKCX4Sj.stage_config.json from original name : data/scene_datasets/mp3d/D7N2EKCX4Sj/D7N2EKCX4Sj.glb | This file  does not exist.
I1008 16:15:36.824285 836307 AbstractObjectAttributesManagerBase.h:181] AbstractObjectAttributesManager<T>::createObject  (Stage) : Done making attributes with handle : data/scene_datasets/mp3d/D7N2EKCX4Sj/D7N2EKCX4Sj.glb
I1008 16:15:36.824285 836307 AbstractObjectAttributesManagerBase.h:188] File (data/scene_datasets/mp3d/D7N2EKCX4Sj/D7N2EKCX4Sj.glb) exists but is not a recognized config filename extension, so new default Stage attributes created and registered.
I1008 16:15:36.824288 836307 Simulator.cpp:156] Loading navmesh from data/scene_datasets/mp3d/D7N2EKCX4Sj/D7N2EKCX4Sj.navmesh
I1008 16:15:36.824647 836307 Simulator.cpp:158] Loaded.
I1008 16:15:36.824652 836307 SceneGraph.h:93] Created DrawableGroup: 
I1008 16:15:36.829094 836307 ResourceManager.cpp:234] ResourceManager::loadStage : Not loading semantic mesh
I1008 16:15:36.829100 836307 ResourceManager.cpp:262] ResourceManager::loadStage : start load render asset data/scene_datasets/mp3d/D7N2EKCX4Sj/D7N2EKCX4Sj.glb.
I1008 16:15:36.829101 836307 ResourceManager.cpp:569] ResourceManager::loadStageInternal : Attempting to load stage data/scene_datasets/mp3d/D7N2EKCX4Sj/D7N2EKCX4Sj.glb 
I1008 16:15:36.829113 836307 ResourceManager.cpp:1119] Importing Basis files as BC7 for D7N2EKCX4Sj.glb
W1008 16:15:40.706633 836307 Simulator.cpp:248] :
---
 The active scene does not contain semantic annotations. 
---
I1008 16:15:40.820430 836307 simulator.py:213] Loaded navmesh data/scene_datasets/mp3d/D7N2EKCX4Sj/D7N2EKCX4Sj.navmesh
I1008 16:15:46.783174 836307 PhysicsManager.cpp:33] Deconstructing PhysicsManager
I1008 16:15:46.783205 836307 SemanticScene.h:41] Deconstructing SemanticScene
I1008 16:15:46.801265 836307 SceneManager.h:25] Deconstructing SceneManager
I1008 16:15:46.801311 836307 SceneGraph.h:26] Deconstructing SceneGraph
I1008 16:15:46.801970 836307 Sensor.h:87] Deconstructing Sensor
I1008 16:15:46.803815 836307 Sensor.h:87] Deconstructing Sensor
I1008 16:15:46.803936 836307 Sensor.h:87] Deconstructing Sensor
I1008 16:15:46.804051 836307 Sensor.h:87] Deconstructing Sensor
I1008 16:15:46.804162 836307 Sensor.h:87] Deconstructing Sensor
I1008 16:15:46.804263 836307 Sensor.h:87] Deconstructing Sensor
I1008 16:15:46.804365 836307 Sensor.h:87] Deconstructing Sensor
I1008 16:15:46.804462 836307 Sensor.h:87] Deconstructing Sensor
I1008 16:15:46.804565 836307 Sensor.h:87] Deconstructing Sensor
I1008 16:15:46.804666 836307 Sensor.h:87] Deconstructing Sensor
I1008 16:15:46.804764 836307 Sensor.h:87] Deconstructing Sensor
I1008 16:15:46.804867 836307 Sensor.h:87] Deconstructing Sensor
I1008 16:15:46.804970 836307 Sensor.h:87] Deconstructing Sensor
I1008 16:15:46.805100 836307 Sensor.h:87] Deconstructing Sensor
I1008 16:15:46.805244 836307 Sensor.h:87] Deconstructing Sensor
I1008 16:15:46.805368 836307 Sensor.h:87] Deconstructing Sensor
I1008 16:15:46.805511 836307 Sensor.h:87] Deconstructing Sensor
I1008 16:15:46.805657 836307 Sensor.h:87] Deconstructing Sensor
I1008 16:15:46.805837 836307 Sensor.h:87] Deconstructing Sensor
I1008 16:15:46.805966 836307 Sensor.h:87] Deconstructing Sensor
I1008 16:15:46.806093 836307 Sensor.h:87] Deconstructing Sensor
I1008 16:15:46.806224 836307 Sensor.h:87] Deconstructing Sensor
I1008 16:15:46.806356 836307 Sensor.h:87] Deconstructing Sensor
I1008 16:15:46.806535 836307 Sensor.h:87] Deconstructing Sensor
I1008 16:15:46.818851 836307 Renderer.cpp:34] Deconstructing Renderer
I1008 16:15:46.818881 836307 WindowlessContext.h:17] Deconstructing WindowlessContext
I1008 16:15:46.825883 836307 MetadataMediator.cpp:56] MetadataMediator::setActiveSceneDatasetName : Old active dataset default changed to default successfully.
I1008 16:15:46.828856 836307 AttributesManagerBase.h:283] AttributesManager<T>::createFromJsonOrDefaultInternal  (Physics Manager) : Proposing JSON name : ./data/default.physics_config.json from original name : ./data/default.physics_config.json | This file  does not exist.
I1008 16:15:46.828892 836307 PhysicsAttributesManager.cpp:27] File (./data/default.physics_config.json) not found, so new default physics manager attributes created and registered.
I1008 16:15:46.828897 836307 AbstractObjectAttributesManagerBase.h:175] AbstractObjectAttributesManager<T>::createObject  (Stage) : Making attributes with handle : data/scene_datasets/mp3d/PX4nDJXEHrG/PX4nDJXEHrG.glb
I1008 16:15:46.828900 836307 ManagedContainerBase.cpp:19] ManagedContainerBase::convertFilenameToJSON : Filename : data/scene_datasets/mp3d/PX4nDJXEHrG/PX4nDJXEHrG.glb changed to proposed JSON configuration filename : data/scene_datasets/mp3d/PX4nDJXEHrG/PX4nDJXEHrG.stage_config.json
I1008 16:15:46.828917 836307 AttributesManagerBase.h:283] AttributesManager<T>::createFromJsonOrDefaultInternal  (Stage) : Proposing JSON name : data/scene_datasets/mp3d/PX4nDJXEHrG/PX4nDJXEHrG.stage_config.json from original name : data/scene_datasets/mp3d/PX4nDJXEHrG/PX4nDJXEHrG.glb | This file  does not exist.
I1008 16:15:46.828966 836307 AbstractObjectAttributesManagerBase.h:181] AbstractObjectAttributesManager<T>::createObject  (Stage) : Done making attributes with handle : data/scene_datasets/mp3d/PX4nDJXEHrG/PX4nDJXEHrG.glb
I1008 16:15:46.828967 836307 AbstractObjectAttributesManagerBase.h:188] File (data/scene_datasets/mp3d/PX4nDJXEHrG/PX4nDJXEHrG.glb) exists but is not a recognized config filename extension, so new default Stage attributes created and registered.
I1008 16:15:46.828971 836307 Simulator.cpp:156] Loading navmesh from data/scene_datasets/mp3d/PX4nDJXEHrG/PX4nDJXEHrG.navmesh
I1008 16:15:46.829442 836307 Simulator.cpp:158] Loaded.
I1008 16:15:46.829449 836307 SceneGraph.h:93] Created DrawableGroup: 
I1008 16:15:46.833986 836307 ResourceManager.cpp:234] ResourceManager::loadStage : Not loading semantic mesh
I1008 16:15:46.834002 836307 ResourceManager.cpp:262] ResourceManager::loadStage : start load render asset data/scene_datasets/mp3d/PX4nDJXEHrG/PX4nDJXEHrG.glb.
I1008 16:15:46.834002 836307 ResourceManager.cpp:569] ResourceManager::loadStageInternal : Attempting to load stage data/scene_datasets/mp3d/PX4nDJXEHrG/PX4nDJXEHrG.glb 
I1008 16:15:46.834033 836307 ResourceManager.cpp:1119] Importing Basis files as BC7 for PX4nDJXEHrG.glb
W1008 16:15:49.478567 836307 Simulator.cpp:248] :
---
 The active scene does not contain semantic annotations. 
---
I1008 16:15:49.578914 836307 simulator.py:213] Loaded navmesh data/scene_datasets/mp3d/PX4nDJXEHrG/PX4nDJXEHrG.navmesh
I1008 16:15:53.185441 836307 PhysicsManager.cpp:33] Deconstructing PhysicsManager
I1008 16:15:53.185467 836307 SemanticScene.h:41] Deconstructing SemanticScene
I1008 16:15:53.192384 836307 SceneManager.h:25] Deconstructing SceneManager
I1008 16:15:53.192390 836307 SceneGraph.h:26] Deconstructing SceneGraph
I1008 16:15:53.192806 836307 Sensor.h:87] Deconstructing Sensor
I1008 16:15:53.193389 836307 Sensor.h:87] Deconstructing Sensor
I1008 16:15:53.193497 836307 Sensor.h:87] Deconstructing Sensor
I1008 16:15:53.193603 836307 Sensor.h:87] Deconstructing Sensor
I1008 16:15:53.194093 836307 Sensor.h:87] Deconstructing Sensor
I1008 16:15:53.194223 836307 Sensor.h:87] Deconstructing Sensor
I1008 16:15:53.194327 836307 Sensor.h:87] Deconstructing Sensor
I1008 16:15:53.194425 836307 Sensor.h:87] Deconstructing Sensor
I1008 16:15:53.194528 836307 Sensor.h:87] Deconstructing Sensor
I1008 16:15:53.194626 836307 Sensor.h:87] Deconstructing Sensor
I1008 16:15:53.194742 836307 Sensor.h:87] Deconstructing Sensor
I1008 16:15:53.194849 836307 Sensor.h:87] Deconstructing Sensor
I1008 16:15:53.194947 836307 Sensor.h:87] Deconstructing Sensor
I1008 16:15:53.195082 836307 Sensor.h:87] Deconstructing Sensor
I1008 16:15:53.195210 836307 Sensor.h:87] Deconstructing Sensor
I1008 16:15:53.195329 836307 Sensor.h:87] Deconstructing Sensor
I1008 16:15:53.195453 836307 Sensor.h:87] Deconstructing Sensor
I1008 16:15:53.195573 836307 Sensor.h:87] Deconstructing Sensor
I1008 16:15:53.195695 836307 Sensor.h:87] Deconstructing Sensor
I1008 16:15:53.195822 836307 Sensor.h:87] Deconstructing Sensor
I1008 16:15:53.195941 836307 Sensor.h:87] Deconstructing Sensor
I1008 16:15:53.196060 836307 Sensor.h:87] Deconstructing Sensor
I1008 16:15:53.196184 836307 Sensor.h:87] Deconstructing Sensor
I1008 16:15:53.196277 836307 Sensor.h:87] Deconstructing Sensor
I1008 16:15:53.203852 836307 Renderer.cpp:34] Deconstructing Renderer
I1008 16:15:53.203868 836307 WindowlessContext.h:17] Deconstructing WindowlessContext
I1008 16:15:53.209388 836307 MetadataMediator.cpp:56] MetadataMediator::setActiveSceneDatasetName : Old active dataset default changed to default successfully.
I1008 16:15:53.210819 836307 AttributesManagerBase.h:283] AttributesManager<T>::createFromJsonOrDefaultInternal  (Physics Manager) : Proposing JSON name : ./data/default.physics_config.json from original name : ./data/default.physics_config.json | This file  does not exist.
I1008 16:15:53.210842 836307 PhysicsAttributesManager.cpp:27] File (./data/default.physics_config.json) not found, so new default physics manager attributes created and registered.
I1008 16:15:53.210847 836307 AbstractObjectAttributesManagerBase.h:175] AbstractObjectAttributesManager<T>::createObject  (Stage) : Making attributes with handle : data/scene_datasets/mp3d/JmbYfDe2QKZ/JmbYfDe2QKZ.glb
I1008 16:15:53.210850 836307 ManagedContainerBase.cpp:19] ManagedContainerBase::convertFilenameToJSON : Filename : data/scene_datasets/mp3d/JmbYfDe2QKZ/JmbYfDe2QKZ.glb changed to proposed JSON configuration filename : data/scene_datasets/mp3d/JmbYfDe2QKZ/JmbYfDe2QKZ.stage_config.json
I1008 16:15:53.210865 836307 AttributesManagerBase.h:283] AttributesManager<T>::createFromJsonOrDefaultInternal  (Stage) : Proposing JSON name : data/scene_datasets/mp3d/JmbYfDe2QKZ/JmbYfDe2QKZ.stage_config.json from original name : data/scene_datasets/mp3d/JmbYfDe2QKZ/JmbYfDe2QKZ.glb | This file  does not exist.
I1008 16:15:53.210907 836307 AbstractObjectAttributesManagerBase.h:181] AbstractObjectAttributesManager<T>::createObject  (Stage) : Done making attributes with handle : data/scene_datasets/mp3d/JmbYfDe2QKZ/JmbYfDe2QKZ.glb
I1008 16:15:53.210908 836307 AbstractObjectAttributesManagerBase.h:188] File (data/scene_datasets/mp3d/JmbYfDe2QKZ/JmbYfDe2QKZ.glb) exists but is not a recognized config filename extension, so new default Stage attributes created and registered.
I1008 16:15:53.210911 836307 Simulator.cpp:156] Loading navmesh from data/scene_datasets/mp3d/JmbYfDe2QKZ/JmbYfDe2QKZ.navmesh
I1008 16:15:53.211010 836307 Simulator.cpp:158] Loaded.
I1008 16:15:53.211014 836307 SceneGraph.h:93] Created DrawableGroup: 
I1008 16:15:53.214035 836307 ResourceManager.cpp:234] ResourceManager::loadStage : Not loading semantic mesh
I1008 16:15:53.214040 836307 ResourceManager.cpp:262] ResourceManager::loadStage : start load render asset data/scene_datasets/mp3d/JmbYfDe2QKZ/JmbYfDe2QKZ.glb.
I1008 16:15:53.214041 836307 ResourceManager.cpp:569] ResourceManager::loadStageInternal : Attempting to load stage data/scene_datasets/mp3d/JmbYfDe2QKZ/JmbYfDe2QKZ.glb 
I1008 16:15:53.214051 836307 ResourceManager.cpp:1119] Importing Basis files as BC7 for JmbYfDe2QKZ.glb
W1008 16:15:54.210573 836307 Simulator.cpp:248] :
---
 The active scene does not contain semantic annotations. 
---
I1008 16:15:54.269376 836307 simulator.py:213] Loaded navmesh data/scene_datasets/mp3d/JmbYfDe2QKZ/JmbYfDe2QKZ.navmesh
I1008 16:15:58.289371 836307 PhysicsManager.cpp:33] Deconstructing PhysicsManager
I1008 16:15:58.289422 836307 SemanticScene.h:41] Deconstructing SemanticScene
I1008 16:15:58.301190 836307 SceneManager.h:25] Deconstructing SceneManager
I1008 16:15:58.301220 836307 SceneGraph.h:26] Deconstructing SceneGraph
I1008 16:15:58.301728 836307 Sensor.h:87] Deconstructing Sensor
I1008 16:15:58.302754 836307 Sensor.h:87] Deconstructing Sensor
I1008 16:15:58.302884 836307 Sensor.h:87] Deconstructing Sensor
I1008 16:15:58.303009 836307 Sensor.h:87] Deconstructing Sensor
I1008 16:15:58.303128 836307 Sensor.h:87] Deconstructing Sensor
I1008 16:15:58.303251 836307 Sensor.h:87] Deconstructing Sensor
I1008 16:15:58.303412 836307 Sensor.h:87] Deconstructing Sensor
I1008 16:15:58.303529 836307 Sensor.h:87] Deconstructing Sensor
I1008 16:15:58.303645 836307 Sensor.h:87] Deconstructing Sensor
I1008 16:15:58.303764 836307 Sensor.h:87] Deconstructing Sensor
I1008 16:15:58.303879 836307 Sensor.h:87] Deconstructing Sensor
I1008 16:15:58.303992 836307 Sensor.h:87] Deconstructing Sensor
I1008 16:15:58.304111 836307 Sensor.h:87] Deconstructing Sensor
I1008 16:15:58.304253 836307 Sensor.h:87] Deconstructing Sensor
I1008 16:15:58.304394 836307 Sensor.h:87] Deconstructing Sensor
I1008 16:15:58.304522 836307 Sensor.h:87] Deconstructing Sensor
I1008 16:15:58.304654 836307 Sensor.h:87] Deconstructing Sensor
I1008 16:15:58.304786 836307 Sensor.h:87] Deconstructing Sensor
I1008 16:15:58.304916 836307 Sensor.h:87] Deconstructing Sensor
I1008 16:15:58.305047 836307 Sensor.h:87] Deconstructing Sensor
I1008 16:15:58.305176 836307 Sensor.h:87] Deconstructing Sensor
I1008 16:15:58.305301 836307 Sensor.h:87] Deconstructing Sensor
I1008 16:15:58.305433 836307 Sensor.h:87] Deconstructing Sensor
I1008 16:15:58.305604 836307 Sensor.h:87] Deconstructing Sensor
I1008 16:15:58.311213 836307 Renderer.cpp:34] Deconstructing Renderer
I1008 16:15:58.311237 836307 WindowlessContext.h:17] Deconstructing WindowlessContext
I1008 16:15:58.315135 836307 Simulator.cpp:49] Deconstructing Simulator

2026-10-08 16:15:58,316 Episodes evaluated: 1
2026-10-08 16:15:58,316 Average episode steps_taken: 55.000000
2026-10-08 16:15:58,317 Average episode distance_to_goal: 0.277348
2026-10-08 16:15:58,317 Average episode success: 1.000000
2026-10-08 16:15:58,317 Average episode oracle_success: 1.000000
2026-10-08 16:15:58,317 Average episode path_length: 11.750000
2026-10-08 16:15:58,317 Average episode collisions: 0.000000
2026-10-08 16:15:58,317 Average episode spl: 0.958836
2026-10-08 16:15:58,317 Average episode ndtw: 0.952632
2026-10-08 16:15:58,317 Average episode sdtw: 0.952632
2026-10-08 16:15:58,317 Average episode ghost_cnt: 19.000000
2026-10-08 16:15:58,317 Average episode high_level_steps: 9.000000
2026-10-08 16:15:58,318 Average episode policy_stop_count: 1.000000
2026-10-08 16:15:58,318 Average episode forced_stop_count: 0.000000
2026-10-08 16:15:58,318 Average episode forced_stop_max_len_count: 0.000000
2026-10-08 16:15:58,318 Average episode forced_stop_no_vp_count: 0.000000
2026-10-08 16:15:58,318 Average episode policy_stop_rate: 0.111111
2026-10-08 16:15:58,318 Average episode forced_stop_rate: 0.000000
2026-10-08 16:15:58,318 Average episode actual_stop_rate: 0.111111
