2026-10-08 15:34:54,399 checkpoint_path: data/logs/checkpoints/release_r2r/ckpt.iter12000.pth
2026-10-08 15:34:54,399 Initializing dataset VLN-CE-v1
2026-10-08 15:34:54,428 SPLTI: train, NUMBER OF SCENES: 8
2026-10-08 15:34:58,679 Initializing dataset VLN-CE-v1
2026-10-08 15:34:58,708 initializing sim Sim-v1
WARNING: Logging before InitGoogleLogging() is written to STDERR
I1008 15:34:58.712450 697359 ManagedContainerBase.cpp:19] ManagedContainerBase::convertFilenameToJSON : Filename : default changed to proposed JSON configuration filename : default.scene_dataset_config.json
I1008 15:34:58.712477 697359 AttributesManagerBase.h:283] AttributesManager<T>::createFromJsonOrDefaultInternal  (Dataset) : Proposing JSON name : default.scene_dataset_config.json from original name : default | This file  does not exist.
I1008 15:34:58.712518 697359 AssetAttributesManager.cpp:117] Asset attributes (capsule3DSolid : capsule3DSolid_hemiRings_4_cylRings_1_segments_12_halfLen_0.75_useTexCoords_false_useTangents_false) created and registered.
I1008 15:34:58.712535 697359 AssetAttributesManager.cpp:117] Asset attributes (capsule3DWireframe : capsule3DWireframe_hemiRings_8_cylRings_1_segments_16_halfLen_1) created and registered.
I1008 15:34:58.712549 697359 AssetAttributesManager.cpp:117] Asset attributes (coneSolid : coneSolid_segments_12_halfLen_1.25_rings_1_useTexCoords_false_useTangents_false_capEnd_true) created and registered.
I1008 15:34:58.712558 697359 AssetAttributesManager.cpp:117] Asset attributes (coneWireframe : coneWireframe_segments_32_halfLen_1.25) created and registered.
I1008 15:34:58.712563 697359 AssetAttributesManager.cpp:117] Asset attributes (cubeSolid : cubeSolid) created and registered.
I1008 15:34:58.712566 697359 AssetAttributesManager.cpp:117] Asset attributes (cubeWireframe : cubeWireframe) created and registered.
I1008 15:34:58.712577 697359 AssetAttributesManager.cpp:117] Asset attributes (cylinderSolid : cylinderSolid_rings_1_segments_12_halfLen_1_useTexCoords_false_useTangents_false_capEnds_true) created and registered.
I1008 15:34:58.712586 697359 AssetAttributesManager.cpp:117] Asset attributes (cylinderWireframe : cylinderWireframe_rings_1_segments_32_halfLen_1) created and registered.
I1008 15:34:58.712592 697359 AssetAttributesManager.cpp:117] Asset attributes (icosphereSolid : icosphereSolid_subdivs_1) created and registered.
I1008 15:34:58.712598 697359 AssetAttributesManager.cpp:117] Asset attributes (icosphereWireframe : icosphereWireframe_subdivs_1) created and registered.
I1008 15:34:58.712606 697359 AssetAttributesManager.cpp:117] Asset attributes (uvSphereSolid : uvSphereSolid_rings_8_segments_16_useTexCoords_false_useTangents_false) created and registered.
I1008 15:34:58.712612 697359 AssetAttributesManager.cpp:117] Asset attributes (uvSphereWireframe : uvSphereWireframe_rings_16_segments_32) created and registered.
I1008 15:34:58.712615 697359 AssetAttributesManager.cpp:105] AssetAttributesManager::buildCtorFuncPtrMaps : Built default primitive asset templates : 12
I1008 15:34:58.712857 697359 SceneDatasetAttributesManager.cpp:23] File (default) not found, so new default dataset attributes created and registered.
I1008 15:34:58.712860 697359 MetadataMediator.cpp:47] MetadataMediator::createDataset : Dataset default successfully created.
I1008 15:34:58.714630 697359 AttributesManagerBase.h:283] AttributesManager<T>::createFromJsonOrDefaultInternal  (Physics Manager) : Proposing JSON name : ./data/default.physics_config.json from original name : ./data/default.physics_config.json | This file  does not exist.
I1008 15:34:58.714641 697359 PhysicsAttributesManager.cpp:27] File (./data/default.physics_config.json) not found, so new default physics manager attributes created and registered.
I1008 15:34:58.714644 697359 AbstractObjectAttributesManagerBase.h:175] AbstractObjectAttributesManager<T>::createObject  (Stage) : Making attributes with handle : data/scene_datasets/mp3d/2n8kARJN3HM/2n8kARJN3HM.glb
I1008 15:34:58.714646 697359 ManagedContainerBase.cpp:19] ManagedContainerBase::convertFilenameToJSON : Filename : data/scene_datasets/mp3d/2n8kARJN3HM/2n8kARJN3HM.glb changed to proposed JSON configuration filename : data/scene_datasets/mp3d/2n8kARJN3HM/2n8kARJN3HM.stage_config.json
I1008 15:34:58.714671 697359 AttributesManagerBase.h:283] AttributesManager<T>::createFromJsonOrDefaultInternal  (Stage) : Proposing JSON name : data/scene_datasets/mp3d/2n8kARJN3HM/2n8kARJN3HM.stage_config.json from original name : data/scene_datasets/mp3d/2n8kARJN3HM/2n8kARJN3HM.glb | This file  does not exist.
I1008 15:34:58.714700 697359 AbstractObjectAttributesManagerBase.h:181] AbstractObjectAttributesManager<T>::createObject  (Stage) : Done making attributes with handle : data/scene_datasets/mp3d/2n8kARJN3HM/2n8kARJN3HM.glb
I1008 15:34:58.714701 697359 AbstractObjectAttributesManagerBase.h:188] File (data/scene_datasets/mp3d/2n8kARJN3HM/2n8kARJN3HM.glb) exists but is not a recognized config filename extension, so new default Stage attributes created and registered.
I1008 15:34:58.714705 697359 Simulator.cpp:156] Loading navmesh from data/scene_datasets/mp3d/2n8kARJN3HM/2n8kARJN3HM.navmesh
I1008 15:34:58.714866 697359 Simulator.cpp:158] Loaded.
I1008 15:34:58.714872 697359 SceneGraph.h:93] Created DrawableGroup: 
I1008 15:34:58.810863 697359 ResourceManager.cpp:234] ResourceManager::loadStage : Not loading semantic mesh
I1008 15:34:58.810875 697359 ResourceManager.cpp:262] ResourceManager::loadStage : start load render asset data/scene_datasets/mp3d/2n8kARJN3HM/2n8kARJN3HM.glb.
I1008 15:34:58.810877 697359 ResourceManager.cpp:569] ResourceManager::loadStageInternal : Attempting to load stage data/scene_datasets/mp3d/2n8kARJN3HM/2n8kARJN3HM.glb 
I1008 15:34:58.810901 697359 ResourceManager.cpp:1119] Importing Basis files as BC7 for 2n8kARJN3HM.glb
W1008 15:35:01.485206 697359 Simulator.cpp:248] :
---
 The active scene does not contain semantic annotations. 
---
I1008 15:35:01.552293 697359 simulator.py:213] Loaded navmesh data/scene_datasets/mp3d/2n8kARJN3HM/2n8kARJN3HM.navmesh
2026-10-08 15:35:01,556 Initializing task VLN-v0
You are using a model of type bert to instantiate a model of type . This is not supported for all configurations of models and can yield errors.
Some weights of the model checkpoint at None were not used when initializing GlocalTextPathNavCMT: ['bert.global_encoder.encoder.x_layers.3.lang_self_att.output.LayerNorm.weight', 'bert.global_encoder.encoder.x_layers.3.lang_self_att.output.dense.weight', 'bert.global_encoder.encoder.x_layers.3.lang_self_att.output.LayerNorm.bias', 'bert.global_encoder.encoder.x_layers.1.lang_inter.dense.bias', 'bert.global_encoder.encoder.x_layers.1.lang_self_att.output.dense.weight', 'bert.global_encoder.encoder.x_layers.1.lang_inter.dense.weight', 'bert.global_encoder.encoder.x_layers.2.lang_output.LayerNorm.weight', 'bert.global_encoder.encoder.x_layers.0.lang_self_att.self.query.bias', 'bert.global_encoder.encoder.x_layers.3.lang_self_att.self.query.bias', 'bert.global_encoder.encoder.x_layers.0.lang_self_att.self.value.bias', 'bert.global_encoder.encoder.x_layers.1.lang_output.LayerNorm.bias', 'bert.global_encoder.encoder.x_layers.3.lang_self_att.output.dense.bias', 'bert.global_encoder.encoder.x_layers.0.lang_self_att.output.dense.bias', 'bert.global_encoder.encoder.x_layers.2.lang_self_att.output.LayerNorm.bias', 'bert.global_encoder.encoder.x_layers.1.lang_self_att.output.LayerNorm.weight', 'bert.global_encoder.encoder.x_layers.3.lang_self_att.self.key.weight', 'bert.global_encoder.encoder.x_layers.2.lang_self_att.output.LayerNorm.weight', 'bert.global_encoder.encoder.x_layers.0.lang_self_att.output.LayerNorm.bias', 'bert.global_encoder.encoder.x_layers.2.lang_self_att.self.value.weight', 'mlm_head.predictions.transform.dense.weight', 'bert.global_encoder.encoder.x_layers.0.lang_self_att.self.value.weight', 'bert.global_encoder.encoder.x_layers.3.lang_output.dense.weight', 'bert.global_encoder.encoder.x_layers.1.lang_self_att.self.key.weight', 'bert.global_encoder.encoder.x_layers.3.lang_output.LayerNorm.bias', 'bert.global_encoder.encoder.x_layers.3.lang_self_att.self.value.weight', 'bert.global_encoder.encoder.x_layers.0.lang_self_att.self.key.bias', 'bert.global_encoder.encoder.x_layers.3.lang_inter.dense.bias', 'bert.global_encoder.encoder.x_layers.3.lang_self_att.self.key.bias', 'bert.global_encoder.encoder.x_layers.3.lang_self_att.self.value.bias', 'bert.global_encoder.encoder.x_layers.2.lang_inter.dense.bias', 'bert.global_encoder.encoder.x_layers.2.lang_output.LayerNorm.bias', 'bert.global_encoder.encoder.x_layers.1.lang_self_att.self.key.bias', 'bert.global_encoder.encoder.x_layers.0.lang_self_att.self.query.weight', 'bert.global_encoder.encoder.x_layers.1.lang_self_att.output.dense.bias', 'bert.global_encoder.encoder.x_layers.0.lang_output.dense.weight', 'bert.global_encoder.encoder.x_layers.3.lang_inter.dense.weight', 'bert.global_encoder.encoder.x_layers.0.lang_inter.dense.weight', 'bert.global_encoder.encoder.x_layers.3.lang_self_att.self.query.weight', 'bert.global_encoder.encoder.x_layers.0.lang_self_att.self.key.weight', 'bert.global_encoder.encoder.x_layers.1.lang_self_att.self.value.bias', 'bert.global_encoder.encoder.x_layers.2.lang_self_att.self.query.weight', 'bert.global_encoder.encoder.x_layers.1.lang_self_att.self.query.bias', 'bert.global_encoder.encoder.x_layers.2.lang_self_att.self.value.bias', 'mlm_head.predictions.decoder.weight', 'bert.global_encoder.encoder.x_layers.0.lang_output.LayerNorm.weight', 'bert.global_encoder.encoder.x_layers.2.lang_inter.dense.weight', 'bert.global_encoder.encoder.x_layers.2.lang_self_att.self.key.weight', 'bert.global_encoder.encoder.x_layers.0.lang_output.LayerNorm.bias', 'bert.global_encoder.encoder.x_layers.1.lang_self_att.self.value.weight', 'bert.global_encoder.encoder.x_layers.1.lang_output.LayerNorm.weight', 'mlm_head.predictions.bias', 'bert.global_encoder.encoder.x_layers.2.lang_output.dense.weight', 'mlm_head.predictions.transform.dense.bias', 'bert.global_encoder.encoder.x_layers.3.lang_output.LayerNorm.weight', 'bert.global_encoder.encoder.x_layers.1.lang_output.dense.weight', 'bert.global_encoder.encoder.x_layers.2.lang_self_att.self.key.bias', 'bert.global_encoder.encoder.x_layers.2.lang_self_att.self.query.bias', 'bert.global_encoder.encoder.x_layers.2.lang_self_att.output.dense.weight', 'mlm_head.predictions.transform.LayerNorm.weight', 'bert.global_encoder.encoder.x_layers.0.lang_self_att.output.LayerNorm.weight', 'bert.global_encoder.encoder.x_layers.0.lang_inter.dense.bias', 'bert.global_encoder.encoder.x_layers.1.lang_self_att.self.query.weight', 'bert.global_encoder.encoder.x_layers.2.lang_output.dense.bias', 'bert.global_encoder.encoder.x_layers.2.lang_self_att.output.dense.bias', 'bert.global_encoder.encoder.x_layers.3.lang_output.dense.bias', 'bert.global_encoder.encoder.x_layers.1.lang_output.dense.bias', 'bert.global_encoder.encoder.x_layers.0.lang_output.dense.bias', 'mlm_head.predictions.transform.LayerNorm.bias', 'bert.global_encoder.encoder.x_layers.1.lang_self_att.output.LayerNorm.bias', 'bert.global_encoder.encoder.x_layers.0.lang_self_att.output.dense.weight']
- This IS expected if you are initializing GlocalTextPathNavCMT from the checkpoint of a model trained on another task or with another architecture (e.g. initializing a BertForSequenceClassification model from a BertForPreTraining model).
- This IS NOT expected if you are initializing GlocalTextPathNavCMT from the checkpoint of a model that you expect to be exactly identical (initializing a BertForSequenceClassification model from a BertForSequenceClassification model).
2026-10-08 15:35:08,862 Agent parameters: 299.54 MB. Trainable: 140.79 MB.
2026-10-08 15:35:08,862 Finished setting up policy.
  0%|          | 0/1 [00:00<?, ?it/s]  0%|          | 0/1 [00:01<?, ?it/s]I1008 15:35:10.551096 697359 PhysicsManager.cpp:33] Deconstructing PhysicsManager
I1008 15:35:10.551115 697359 SemanticScene.h:41] Deconstructing SemanticScene
I1008 15:35:10.554059 697359 SceneManager.h:25] Deconstructing SceneManager
I1008 15:35:10.554068 697359 SceneGraph.h:26] Deconstructing SceneGraph
I1008 15:35:10.554471 697359 Sensor.h:87] Deconstructing Sensor
I1008 15:35:10.554584 697359 Sensor.h:87] Deconstructing Sensor
I1008 15:35:10.554697 697359 Sensor.h:87] Deconstructing Sensor
I1008 15:35:10.554808 697359 Sensor.h:87] Deconstructing Sensor
I1008 15:35:10.554919 697359 Sensor.h:87] Deconstructing Sensor
I1008 15:35:10.555035 697359 Sensor.h:87] Deconstructing Sensor
I1008 15:35:10.555140 697359 Sensor.h:87] Deconstructing Sensor
I1008 15:35:10.555243 697359 Sensor.h:87] Deconstructing Sensor
I1008 15:35:10.555348 697359 Sensor.h:87] Deconstructing Sensor
I1008 15:35:10.555450 697359 Sensor.h:87] Deconstructing Sensor
I1008 15:35:10.555549 697359 Sensor.h:87] Deconstructing Sensor
I1008 15:35:10.555652 697359 Sensor.h:87] Deconstructing Sensor
I1008 15:35:10.555757 697359 Sensor.h:87] Deconstructing Sensor
I1008 15:35:10.555858 697359 Sensor.h:87] Deconstructing Sensor
I1008 15:35:10.555960 697359 Sensor.h:87] Deconstructing Sensor
I1008 15:35:10.556133 697359 Sensor.h:87] Deconstructing Sensor
I1008 15:35:10.556234 697359 Sensor.h:87] Deconstructing Sensor
I1008 15:35:10.556331 697359 Sensor.h:87] Deconstructing Sensor
I1008 15:35:10.556428 697359 Sensor.h:87] Deconstructing Sensor
I1008 15:35:10.556531 697359 Sensor.h:87] Deconstructing Sensor
I1008 15:35:10.556629 697359 Sensor.h:87] Deconstructing Sensor
I1008 15:35:10.556730 697359 Sensor.h:87] Deconstructing Sensor
I1008 15:35:10.556831 697359 Sensor.h:87] Deconstructing Sensor
I1008 15:35:10.556839 697359 Sensor.h:87] Deconstructing Sensor
I1008 15:35:10.563019 697359 Renderer.cpp:34] Deconstructing Renderer
I1008 15:35:10.563048 697359 WindowlessContext.h:17] Deconstructing WindowlessContext
I1008 15:35:10.568295 697359 MetadataMediator.cpp:56] MetadataMediator::setActiveSceneDatasetName : Old active dataset default changed to default successfully.
I1008 15:35:10.568437 697359 AttributesManagerBase.h:283] AttributesManager<T>::createFromJsonOrDefaultInternal  (Physics Manager) : Proposing JSON name : ./data/default.physics_config.json from original name : ./data/default.physics_config.json | This file  does not exist.
I1008 15:35:10.568457 697359 PhysicsAttributesManager.cpp:27] File (./data/default.physics_config.json) not found, so new default physics manager attributes created and registered.
I1008 15:35:10.568461 697359 AbstractObjectAttributesManagerBase.h:175] AbstractObjectAttributesManager<T>::createObject  (Stage) : Making attributes with handle : data/scene_datasets/mp3d/D7N2EKCX4Sj/D7N2EKCX4Sj.glb
I1008 15:35:10.568464 697359 ManagedContainerBase.cpp:19] ManagedContainerBase::convertFilenameToJSON : Filename : data/scene_datasets/mp3d/D7N2EKCX4Sj/D7N2EKCX4Sj.glb changed to proposed JSON configuration filename : data/scene_datasets/mp3d/D7N2EKCX4Sj/D7N2EKCX4Sj.stage_config.json
I1008 15:35:10.568480 697359 AttributesManagerBase.h:283] AttributesManager<T>::createFromJsonOrDefaultInternal  (Stage) : Proposing JSON name : data/scene_datasets/mp3d/D7N2EKCX4Sj/D7N2EKCX4Sj.stage_config.json from original name : data/scene_datasets/mp3d/D7N2EKCX4Sj/D7N2EKCX4Sj.glb | This file  does not exist.
I1008 15:35:10.568513 697359 AbstractObjectAttributesManagerBase.h:181] AbstractObjectAttributesManager<T>::createObject  (Stage) : Done making attributes with handle : data/scene_datasets/mp3d/D7N2EKCX4Sj/D7N2EKCX4Sj.glb
I1008 15:35:10.568514 697359 AbstractObjectAttributesManagerBase.h:188] File (data/scene_datasets/mp3d/D7N2EKCX4Sj/D7N2EKCX4Sj.glb) exists but is not a recognized config filename extension, so new default Stage attributes created and registered.
I1008 15:35:10.568517 697359 Simulator.cpp:156] Loading navmesh from data/scene_datasets/mp3d/D7N2EKCX4Sj/D7N2EKCX4Sj.navmesh
I1008 15:35:10.568759 697359 Simulator.cpp:158] Loaded.
I1008 15:35:10.568766 697359 SceneGraph.h:93] Created DrawableGroup: 
I1008 15:35:10.571734 697359 ResourceManager.cpp:234] ResourceManager::loadStage : Not loading semantic mesh
I1008 15:35:10.571740 697359 ResourceManager.cpp:262] ResourceManager::loadStage : start load render asset data/scene_datasets/mp3d/D7N2EKCX4Sj/D7N2EKCX4Sj.glb.
I1008 15:35:10.571741 697359 ResourceManager.cpp:569] ResourceManager::loadStageInternal : Attempting to load stage data/scene_datasets/mp3d/D7N2EKCX4Sj/D7N2EKCX4Sj.glb 
I1008 15:35:10.571762 697359 ResourceManager.cpp:1119] Importing Basis files as BC7 for D7N2EKCX4Sj.glb
W1008 15:35:14.473915 697359 Simulator.cpp:248] :
---
 The active scene does not contain semantic annotations. 
---
I1008 15:35:14.578474 697359 simulator.py:213] Loaded navmesh data/scene_datasets/mp3d/D7N2EKCX4Sj/D7N2EKCX4Sj.navmesh
I1008 15:35:15.254544 697359 PhysicsManager.cpp:33] Deconstructing PhysicsManager
I1008 15:35:15.254567 697359 SemanticScene.h:41] Deconstructing SemanticScene
I1008 15:35:15.261722 697359 SceneManager.h:25] Deconstructing SceneManager
I1008 15:35:15.261744 697359 SceneGraph.h:26] Deconstructing SceneGraph
I1008 15:35:15.262126 697359 Sensor.h:87] Deconstructing Sensor
I1008 15:35:15.262377 697359 Sensor.h:87] Deconstructing Sensor
I1008 15:35:15.262477 697359 Sensor.h:87] Deconstructing Sensor
I1008 15:35:15.262583 697359 Sensor.h:87] Deconstructing Sensor
I1008 15:35:15.262688 697359 Sensor.h:87] Deconstructing Sensor
I1008 15:35:15.262789 697359 Sensor.h:87] Deconstructing Sensor
I1008 15:35:15.262889 697359 Sensor.h:87] Deconstructing Sensor
I1008 15:35:15.262986 697359 Sensor.h:87] Deconstructing Sensor
I1008 15:35:15.263088 697359 Sensor.h:87] Deconstructing Sensor
I1008 15:35:15.263183 697359 Sensor.h:87] Deconstructing Sensor
I1008 15:35:15.263280 697359 Sensor.h:87] Deconstructing Sensor
I1008 15:35:15.263381 697359 Sensor.h:87] Deconstructing Sensor
I1008 15:35:15.263478 697359 Sensor.h:87] Deconstructing Sensor
I1008 15:35:15.263598 697359 Sensor.h:87] Deconstructing Sensor
I1008 15:35:15.263724 697359 Sensor.h:87] Deconstructing Sensor
I1008 15:35:15.263847 697359 Sensor.h:87] Deconstructing Sensor
I1008 15:35:15.263975 697359 Sensor.h:87] Deconstructing Sensor
I1008 15:35:15.264096 697359 Sensor.h:87] Deconstructing Sensor
I1008 15:35:15.264215 697359 Sensor.h:87] Deconstructing Sensor
I1008 15:35:15.264336 697359 Sensor.h:87] Deconstructing Sensor
I1008 15:35:15.264457 697359 Sensor.h:87] Deconstructing Sensor
I1008 15:35:15.264577 697359 Sensor.h:87] Deconstructing Sensor
I1008 15:35:15.264703 697359 Sensor.h:87] Deconstructing Sensor
I1008 15:35:15.264866 697359 Sensor.h:87] Deconstructing Sensor
I1008 15:35:15.269599 697359 Renderer.cpp:34] Deconstructing Renderer
I1008 15:35:15.269608 697359 WindowlessContext.h:17] Deconstructing WindowlessContext
I1008 15:35:15.275977 697359 MetadataMediator.cpp:56] MetadataMediator::setActiveSceneDatasetName : Old active dataset default changed to default successfully.
I1008 15:35:15.276130 697359 AttributesManagerBase.h:283] AttributesManager<T>::createFromJsonOrDefaultInternal  (Physics Manager) : Proposing JSON name : ./data/default.physics_config.json from original name : ./data/default.physics_config.json | This file  does not exist.
I1008 15:35:15.276150 697359 PhysicsAttributesManager.cpp:27] File (./data/default.physics_config.json) not found, so new default physics manager attributes created and registered.
I1008 15:35:15.276154 697359 AbstractObjectAttributesManagerBase.h:175] AbstractObjectAttributesManager<T>::createObject  (Stage) : Making attributes with handle : data/scene_datasets/mp3d/2n8kARJN3HM/2n8kARJN3HM.glb
I1008 15:35:15.276157 697359 ManagedContainerBase.cpp:19] ManagedContainerBase::convertFilenameToJSON : Filename : data/scene_datasets/mp3d/2n8kARJN3HM/2n8kARJN3HM.glb changed to proposed JSON configuration filename : data/scene_datasets/mp3d/2n8kARJN3HM/2n8kARJN3HM.stage_config.json
I1008 15:35:15.276171 697359 AttributesManagerBase.h:283] AttributesManager<T>::createFromJsonOrDefaultInternal  (Stage) : Proposing JSON name : data/scene_datasets/mp3d/2n8kARJN3HM/2n8kARJN3HM.stage_config.json from original name : data/scene_datasets/mp3d/2n8kARJN3HM/2n8kARJN3HM.glb | This file  does not exist.
I1008 15:35:15.276208 697359 AbstractObjectAttributesManagerBase.h:181] AbstractObjectAttributesManager<T>::createObject  (Stage) : Done making attributes with handle : data/scene_datasets/mp3d/2n8kARJN3HM/2n8kARJN3HM.glb
I1008 15:35:15.276216 697359 AbstractObjectAttributesManagerBase.h:188] File (data/scene_datasets/mp3d/2n8kARJN3HM/2n8kARJN3HM.glb) exists but is not a recognized config filename extension, so new default Stage attributes created and registered.
I1008 15:35:15.276219 697359 Simulator.cpp:156] Loading navmesh from data/scene_datasets/mp3d/2n8kARJN3HM/2n8kARJN3HM.navmesh
I1008 15:35:15.276365 697359 Simulator.cpp:158] Loaded.
I1008 15:35:15.276371 697359 SceneGraph.h:93] Created DrawableGroup: 
I1008 15:35:15.279289 697359 ResourceManager.cpp:234] ResourceManager::loadStage : Not loading semantic mesh
I1008 15:35:15.279294 697359 ResourceManager.cpp:262] ResourceManager::loadStage : start load render asset data/scene_datasets/mp3d/2n8kARJN3HM/2n8kARJN3HM.glb.
I1008 15:35:15.279295 697359 ResourceManager.cpp:569] ResourceManager::loadStageInternal : Attempting to load stage data/scene_datasets/mp3d/2n8kARJN3HM/2n8kARJN3HM.glb 
I1008 15:35:15.279307 697359 ResourceManager.cpp:1119] Importing Basis files as BC7 for 2n8kARJN3HM.glb
W1008 15:35:17.916350 697359 Simulator.cpp:248] :
---
 The active scene does not contain semantic annotations. 
---
I1008 15:35:17.983691 697359 simulator.py:213] Loaded navmesh data/scene_datasets/mp3d/2n8kARJN3HM/2n8kARJN3HM.navmesh
I1008 15:35:18.328276 697359 PhysicsManager.cpp:33] Deconstructing PhysicsManager
I1008 15:35:18.328296 697359 SemanticScene.h:41] Deconstructing SemanticScene
I1008 15:35:18.331298 697359 SceneManager.h:25] Deconstructing SceneManager
I1008 15:35:18.331305 697359 SceneGraph.h:26] Deconstructing SceneGraph
I1008 15:35:18.331714 697359 Sensor.h:87] Deconstructing Sensor
I1008 15:35:18.332029 697359 Sensor.h:87] Deconstructing Sensor
I1008 15:35:18.332131 697359 Sensor.h:87] Deconstructing Sensor
I1008 15:35:18.332235 697359 Sensor.h:87] Deconstructing Sensor
I1008 15:35:18.332337 697359 Sensor.h:87] Deconstructing Sensor
I1008 15:35:18.332435 697359 Sensor.h:87] Deconstructing Sensor
I1008 15:35:18.332535 697359 Sensor.h:87] Deconstructing Sensor
I1008 15:35:18.332633 697359 Sensor.h:87] Deconstructing Sensor
I1008 15:35:18.332734 697359 Sensor.h:87] Deconstructing Sensor
I1008 15:35:18.332830 697359 Sensor.h:87] Deconstructing Sensor
I1008 15:35:18.332927 697359 Sensor.h:87] Deconstructing Sensor
I1008 15:35:18.333026 697359 Sensor.h:87] Deconstructing Sensor
I1008 15:35:18.333122 697359 Sensor.h:87] Deconstructing Sensor
I1008 15:35:18.333243 697359 Sensor.h:87] Deconstructing Sensor
I1008 15:35:18.333370 697359 Sensor.h:87] Deconstructing Sensor
I1008 15:35:18.333493 697359 Sensor.h:87] Deconstructing Sensor
I1008 15:35:18.333618 697359 Sensor.h:87] Deconstructing Sensor
I1008 15:35:18.333738 697359 Sensor.h:87] Deconstructing Sensor
I1008 15:35:18.333878 697359 Sensor.h:87] Deconstructing Sensor
I1008 15:35:18.333998 697359 Sensor.h:87] Deconstructing Sensor
I1008 15:35:18.334117 697359 Sensor.h:87] Deconstructing Sensor
I1008 15:35:18.334234 697359 Sensor.h:87] Deconstructing Sensor
I1008 15:35:18.334360 697359 Sensor.h:87] Deconstructing Sensor
I1008 15:35:18.334455 697359 Sensor.h:87] Deconstructing Sensor
I1008 15:35:18.339315 697359 Renderer.cpp:34] Deconstructing Renderer
I1008 15:35:18.339326 697359 WindowlessContext.h:17] Deconstructing WindowlessContext
I1008 15:35:18.344730 697359 MetadataMediator.cpp:56] MetadataMediator::setActiveSceneDatasetName : Old active dataset default changed to default successfully.
I1008 15:35:18.344911 697359 AttributesManagerBase.h:283] AttributesManager<T>::createFromJsonOrDefaultInternal  (Physics Manager) : Proposing JSON name : ./data/default.physics_config.json from original name : ./data/default.physics_config.json | This file  does not exist.
I1008 15:35:18.344933 697359 PhysicsAttributesManager.cpp:27] File (./data/default.physics_config.json) not found, so new default physics manager attributes created and registered.
I1008 15:35:18.344937 697359 AbstractObjectAttributesManagerBase.h:175] AbstractObjectAttributesManager<T>::createObject  (Stage) : Making attributes with handle : data/scene_datasets/mp3d/D7N2EKCX4Sj/D7N2EKCX4Sj.glb
I1008 15:35:18.344945 697359 ManagedContainerBase.cpp:19] ManagedContainerBase::convertFilenameToJSON : Filename : data/scene_datasets/mp3d/D7N2EKCX4Sj/D7N2EKCX4Sj.glb changed to proposed JSON configuration filename : data/scene_datasets/mp3d/D7N2EKCX4Sj/D7N2EKCX4Sj.stage_config.json
I1008 15:35:18.344959 697359 AttributesManagerBase.h:283] AttributesManager<T>::createFromJsonOrDefaultInternal  (Stage) : Proposing JSON name : data/scene_datasets/mp3d/D7N2EKCX4Sj/D7N2EKCX4Sj.stage_config.json from original name : data/scene_datasets/mp3d/D7N2EKCX4Sj/D7N2EKCX4Sj.glb | This file  does not exist.
I1008 15:35:18.344997 697359 AbstractObjectAttributesManagerBase.h:181] AbstractObjectAttributesManager<T>::createObject  (Stage) : Done making attributes with handle : data/scene_datasets/mp3d/D7N2EKCX4Sj/D7N2EKCX4Sj.glb
I1008 15:35:18.344998 697359 AbstractObjectAttributesManagerBase.h:188] File (data/scene_datasets/mp3d/D7N2EKCX4Sj/D7N2EKCX4Sj.glb) exists but is not a recognized config filename extension, so new default Stage attributes created and registered.
I1008 15:35:18.345001 697359 Simulator.cpp:156] Loading navmesh from data/scene_datasets/mp3d/D7N2EKCX4Sj/D7N2EKCX4Sj.navmesh
I1008 15:35:18.345230 697359 Simulator.cpp:158] Loaded.
I1008 15:35:18.345234 697359 SceneGraph.h:93] Created DrawableGroup: 
I1008 15:35:18.348150 697359 ResourceManager.cpp:234] ResourceManager::loadStage : Not loading semantic mesh
I1008 15:35:18.348156 697359 ResourceManager.cpp:262] ResourceManager::loadStage : start load render asset data/scene_datasets/mp3d/D7N2EKCX4Sj/D7N2EKCX4Sj.glb.
I1008 15:35:18.348157 697359 ResourceManager.cpp:569] ResourceManager::loadStageInternal : Attempting to load stage data/scene_datasets/mp3d/D7N2EKCX4Sj/D7N2EKCX4Sj.glb 
I1008 15:35:18.348168 697359 ResourceManager.cpp:1119] Importing Basis files as BC7 for D7N2EKCX4Sj.glb
W1008 15:35:22.239768 697359 Simulator.cpp:248] :
---
 The active scene does not contain semantic annotations. 
---
I1008 15:35:22.348312 697359 simulator.py:213] Loaded navmesh data/scene_datasets/mp3d/D7N2EKCX4Sj/D7N2EKCX4Sj.navmesh
I1008 15:35:23.451645 697359 PhysicsManager.cpp:33] Deconstructing PhysicsManager
I1008 15:35:23.451675 697359 SemanticScene.h:41] Deconstructing SemanticScene
I1008 15:35:23.457022 697359 SceneManager.h:25] Deconstructing SceneManager
I1008 15:35:23.457041 697359 SceneGraph.h:26] Deconstructing SceneGraph
I1008 15:35:23.457562 697359 Sensor.h:87] Deconstructing Sensor
I1008 15:35:23.457926 697359 Sensor.h:87] Deconstructing Sensor
I1008 15:35:23.458036 697359 Sensor.h:87] Deconstructing Sensor
I1008 15:35:23.458149 697359 Sensor.h:87] Deconstructing Sensor
I1008 15:35:23.458256 697359 Sensor.h:87] Deconstructing Sensor
I1008 15:35:23.458359 697359 Sensor.h:87] Deconstructing Sensor
I1008 15:35:23.458463 697359 Sensor.h:87] Deconstructing Sensor
I1008 15:35:23.458981 697359 Sensor.h:87] Deconstructing Sensor
I1008 15:35:23.459128 697359 Sensor.h:87] Deconstructing Sensor
I1008 15:35:23.459239 697359 Sensor.h:87] Deconstructing Sensor
I1008 15:35:23.459457 697359 Sensor.h:87] Deconstructing Sensor
I1008 15:35:23.459569 697359 Sensor.h:87] Deconstructing Sensor
I1008 15:35:23.459673 697359 Sensor.h:87] Deconstructing Sensor
I1008 15:35:23.459810 697359 Sensor.h:87] Deconstructing Sensor
I1008 15:35:23.460031 697359 Sensor.h:87] Deconstructing Sensor
I1008 15:35:23.460166 697359 Sensor.h:87] Deconstructing Sensor
I1008 15:35:23.460294 697359 Sensor.h:87] Deconstructing Sensor
I1008 15:35:23.460418 697359 Sensor.h:87] Deconstructing Sensor
I1008 15:35:23.460542 697359 Sensor.h:87] Deconstructing Sensor
I1008 15:35:23.460665 697359 Sensor.h:87] Deconstructing Sensor
I1008 15:35:23.460791 697359 Sensor.h:87] Deconstructing Sensor
I1008 15:35:23.460911 697359 Sensor.h:87] Deconstructing Sensor
I1008 15:35:23.461038 697359 Sensor.h:87] Deconstructing Sensor
I1008 15:35:23.461203 697359 Sensor.h:87] Deconstructing Sensor
I1008 15:35:23.466823 697359 Renderer.cpp:34] Deconstructing Renderer
I1008 15:35:23.466847 697359 WindowlessContext.h:17] Deconstructing WindowlessContext
I1008 15:35:23.473495 697359 MetadataMediator.cpp:56] MetadataMediator::setActiveSceneDatasetName : Old active dataset default changed to default successfully.
I1008 15:35:23.473801 697359 AttributesManagerBase.h:283] AttributesManager<T>::createFromJsonOrDefaultInternal  (Physics Manager) : Proposing JSON name : ./data/default.physics_config.json from original name : ./data/default.physics_config.json | This file  does not exist.
I1008 15:35:23.473824 697359 PhysicsAttributesManager.cpp:27] File (./data/default.physics_config.json) not found, so new default physics manager attributes created and registered.
I1008 15:35:23.473829 697359 AbstractObjectAttributesManagerBase.h:175] AbstractObjectAttributesManager<T>::createObject  (Stage) : Making attributes with handle : data/scene_datasets/mp3d/ZMojNkEp431/ZMojNkEp431.glb
I1008 15:35:23.473832 697359 ManagedContainerBase.cpp:19] ManagedContainerBase::convertFilenameToJSON : Filename : data/scene_datasets/mp3d/ZMojNkEp431/ZMojNkEp431.glb changed to proposed JSON configuration filename : data/scene_datasets/mp3d/ZMojNkEp431/ZMojNkEp431.stage_config.json
I1008 15:35:23.473846 697359 AttributesManagerBase.h:283] AttributesManager<T>::createFromJsonOrDefaultInternal  (Stage) : Proposing JSON name : data/scene_datasets/mp3d/ZMojNkEp431/ZMojNkEp431.stage_config.json from original name : data/scene_datasets/mp3d/ZMojNkEp431/ZMojNkEp431.glb | This file  does not exist.
I1008 15:35:23.473881 697359 AbstractObjectAttributesManagerBase.h:181] AbstractObjectAttributesManager<T>::createObject  (Stage) : Done making attributes with handle : data/scene_datasets/mp3d/ZMojNkEp431/ZMojNkEp431.glb
I1008 15:35:23.473882 697359 AbstractObjectAttributesManagerBase.h:188] File (data/scene_datasets/mp3d/ZMojNkEp431/ZMojNkEp431.glb) exists but is not a recognized config filename extension, so new default Stage attributes created and registered.
I1008 15:35:23.473886 697359 Simulator.cpp:156] Loading navmesh from data/scene_datasets/mp3d/ZMojNkEp431/ZMojNkEp431.navmesh
I1008 15:35:23.473997 697359 Simulator.cpp:158] Loaded.
I1008 15:35:23.474002 697359 SceneGraph.h:93] Created DrawableGroup: 
I1008 15:35:23.477238 697359 ResourceManager.cpp:234] ResourceManager::loadStage : Not loading semantic mesh
I1008 15:35:23.477264 697359 ResourceManager.cpp:262] ResourceManager::loadStage : start load render asset data/scene_datasets/mp3d/ZMojNkEp431/ZMojNkEp431.glb.
I1008 15:35:23.477265 697359 ResourceManager.cpp:569] ResourceManager::loadStageInternal : Attempting to load stage data/scene_datasets/mp3d/ZMojNkEp431/ZMojNkEp431.glb 
I1008 15:35:23.477281 697359 ResourceManager.cpp:1119] Importing Basis files as BC7 for ZMojNkEp431.glb
W1008 15:35:24.750769 697359 Simulator.cpp:248] :
---
 The active scene does not contain semantic annotations. 
---
I1008 15:35:24.789174 697359 simulator.py:213] Loaded navmesh data/scene_datasets/mp3d/ZMojNkEp431/ZMojNkEp431.navmesh
I1008 15:35:25.338157 697359 PhysicsManager.cpp:33] Deconstructing PhysicsManager
I1008 15:35:25.338179 697359 SemanticScene.h:41] Deconstructing SemanticScene
I1008 15:35:25.339766 697359 SceneManager.h:25] Deconstructing SceneManager
I1008 15:35:25.339769 697359 SceneGraph.h:26] Deconstructing SceneGraph
I1008 15:35:25.340122 697359 Sensor.h:87] Deconstructing Sensor
I1008 15:35:25.340282 697359 Sensor.h:87] Deconstructing Sensor
I1008 15:35:25.340384 697359 Sensor.h:87] Deconstructing Sensor
I1008 15:35:25.340488 697359 Sensor.h:87] Deconstructing Sensor
I1008 15:35:25.340587 697359 Sensor.h:87] Deconstructing Sensor
I1008 15:35:25.340685 697359 Sensor.h:87] Deconstructing Sensor
I1008 15:35:25.340785 697359 Sensor.h:87] Deconstructing Sensor
I1008 15:35:25.340879 697359 Sensor.h:87] Deconstructing Sensor
I1008 15:35:25.340975 697359 Sensor.h:87] Deconstructing Sensor
I1008 15:35:25.341069 697359 Sensor.h:87] Deconstructing Sensor
I1008 15:35:25.341162 697359 Sensor.h:87] Deconstructing Sensor
I1008 15:35:25.341260 697359 Sensor.h:87] Deconstructing Sensor
I1008 15:35:25.341355 697359 Sensor.h:87] Deconstructing Sensor
I1008 15:35:25.341478 697359 Sensor.h:87] Deconstructing Sensor
I1008 15:35:25.341607 697359 Sensor.h:87] Deconstructing Sensor
I1008 15:35:25.341725 697359 Sensor.h:87] Deconstructing Sensor
I1008 15:35:25.341846 697359 Sensor.h:87] Deconstructing Sensor
I1008 15:35:25.341966 697359 Sensor.h:87] Deconstructing Sensor
I1008 15:35:25.342087 697359 Sensor.h:87] Deconstructing Sensor
I1008 15:35:25.342207 697359 Sensor.h:87] Deconstructing Sensor
I1008 15:35:25.342326 697359 Sensor.h:87] Deconstructing Sensor
I1008 15:35:25.342442 697359 Sensor.h:87] Deconstructing Sensor
I1008 15:35:25.342564 697359 Sensor.h:87] Deconstructing Sensor
I1008 15:35:25.342653 697359 Sensor.h:87] Deconstructing Sensor
I1008 15:35:25.344739 697359 Renderer.cpp:34] Deconstructing Renderer
I1008 15:35:25.344745 697359 WindowlessContext.h:17] Deconstructing WindowlessContext
I1008 15:35:25.347880 697359 MetadataMediator.cpp:56] MetadataMediator::setActiveSceneDatasetName : Old active dataset default changed to default successfully.
I1008 15:35:25.348052 697359 AttributesManagerBase.h:283] AttributesManager<T>::createFromJsonOrDefaultInternal  (Physics Manager) : Proposing JSON name : ./data/default.physics_config.json from original name : ./data/default.physics_config.json | This file  does not exist.
I1008 15:35:25.348070 697359 PhysicsAttributesManager.cpp:27] File (./data/default.physics_config.json) not found, so new default physics manager attributes created and registered.
I1008 15:35:25.348075 697359 AbstractObjectAttributesManagerBase.h:175] AbstractObjectAttributesManager<T>::createObject  (Stage) : Making attributes with handle : data/scene_datasets/mp3d/2n8kARJN3HM/2n8kARJN3HM.glb
I1008 15:35:25.348078 697359 ManagedContainerBase.cpp:19] ManagedContainerBase::convertFilenameToJSON : Filename : data/scene_datasets/mp3d/2n8kARJN3HM/2n8kARJN3HM.glb changed to proposed JSON configuration filename : data/scene_datasets/mp3d/2n8kARJN3HM/2n8kARJN3HM.stage_config.json
I1008 15:35:25.348091 697359 AttributesManagerBase.h:283] AttributesManager<T>::createFromJsonOrDefaultInternal  (Stage) : Proposing JSON name : data/scene_datasets/mp3d/2n8kARJN3HM/2n8kARJN3HM.stage_config.json from original name : data/scene_datasets/mp3d/2n8kARJN3HM/2n8kARJN3HM.glb | This file  does not exist.
I1008 15:35:25.348129 697359 AbstractObjectAttributesManagerBase.h:181] AbstractObjectAttributesManager<T>::createObject  (Stage) : Done making attributes with handle : data/scene_datasets/mp3d/2n8kARJN3HM/2n8kARJN3HM.glb
I1008 15:35:25.348129 697359 AbstractObjectAttributesManagerBase.h:188] File (data/scene_datasets/mp3d/2n8kARJN3HM/2n8kARJN3HM.glb) exists but is not a recognized config filename extension, so new default Stage attributes created and registered.
I1008 15:35:25.348132 697359 Simulator.cpp:156] Loading navmesh from data/scene_datasets/mp3d/2n8kARJN3HM/2n8kARJN3HM.navmesh
I1008 15:35:25.348272 697359 Simulator.cpp:158] Loaded.
I1008 15:35:25.348276 697359 SceneGraph.h:93] Created DrawableGroup: 
I1008 15:35:25.351151 697359 ResourceManager.cpp:234] ResourceManager::loadStage : Not loading semantic mesh
I1008 15:35:25.351157 697359 ResourceManager.cpp:262] ResourceManager::loadStage : start load render asset data/scene_datasets/mp3d/2n8kARJN3HM/2n8kARJN3HM.glb.
I1008 15:35:25.351159 697359 ResourceManager.cpp:569] ResourceManager::loadStageInternal : Attempting to load stage data/scene_datasets/mp3d/2n8kARJN3HM/2n8kARJN3HM.glb 
I1008 15:35:25.351167 697359 ResourceManager.cpp:1119] Importing Basis files as BC7 for 2n8kARJN3HM.glb
W1008 15:35:27.837522 697359 Simulator.cpp:248] :
---
 The active scene does not contain semantic annotations. 
---
I1008 15:35:27.903162 697359 simulator.py:213] Loaded navmesh data/scene_datasets/mp3d/2n8kARJN3HM/2n8kARJN3HM.navmesh
I1008 15:35:28.544654 697359 PhysicsManager.cpp:33] Deconstructing PhysicsManager
I1008 15:35:28.544679 697359 SemanticScene.h:41] Deconstructing SemanticScene
I1008 15:35:28.547688 697359 SceneManager.h:25] Deconstructing SceneManager
I1008 15:35:28.547696 697359 SceneGraph.h:26] Deconstructing SceneGraph
I1008 15:35:28.548107 697359 Sensor.h:87] Deconstructing Sensor
I1008 15:35:28.548421 697359 Sensor.h:87] Deconstructing Sensor
I1008 15:35:28.548525 697359 Sensor.h:87] Deconstructing Sensor
I1008 15:35:28.548635 697359 Sensor.h:87] Deconstructing Sensor
I1008 15:35:28.548739 697359 Sensor.h:87] Deconstructing Sensor
I1008 15:35:28.548842 697359 Sensor.h:87] Deconstructing Sensor
I1008 15:35:28.548949 697359 Sensor.h:87] Deconstructing Sensor
I1008 15:35:28.549060 697359 Sensor.h:87] Deconstructing Sensor
I1008 15:35:28.549168 697359 Sensor.h:87] Deconstructing Sensor
I1008 15:35:28.549268 697359 Sensor.h:87] Deconstructing Sensor
I1008 15:35:28.549363 697359 Sensor.h:87] Deconstructing Sensor
I1008 15:35:28.549465 697359 Sensor.h:87] Deconstructing Sensor
I1008 15:35:28.549566 697359 Sensor.h:87] Deconstructing Sensor
I1008 15:35:28.549695 697359 Sensor.h:87] Deconstructing Sensor
I1008 15:35:28.550002 697359 Sensor.h:87] Deconstructing Sensor
I1008 15:35:28.550130 697359 Sensor.h:87] Deconstructing Sensor
I1008 15:35:28.550254 697359 Sensor.h:87] Deconstructing Sensor
I1008 15:35:28.550374 697359 Sensor.h:87] Deconstructing Sensor
I1008 15:35:28.550494 697359 Sensor.h:87] Deconstructing Sensor
I1008 15:35:28.550634 697359 Sensor.h:87] Deconstructing Sensor
I1008 15:35:28.550757 697359 Sensor.h:87] Deconstructing Sensor
I1008 15:35:28.550880 697359 Sensor.h:87] Deconstructing Sensor
I1008 15:35:28.551007 697359 Sensor.h:87] Deconstructing Sensor
I1008 15:35:28.551162 697359 Sensor.h:87] Deconstructing Sensor
I1008 15:35:28.555908 697359 Renderer.cpp:34] Deconstructing Renderer
I1008 15:35:28.555934 697359 WindowlessContext.h:17] Deconstructing WindowlessContext
I1008 15:35:28.562093 697359 MetadataMediator.cpp:56] MetadataMediator::setActiveSceneDatasetName : Old active dataset default changed to default successfully.
I1008 15:35:28.562526 697359 AttributesManagerBase.h:283] AttributesManager<T>::createFromJsonOrDefaultInternal  (Physics Manager) : Proposing JSON name : ./data/default.physics_config.json from original name : ./data/default.physics_config.json | This file  does not exist.
I1008 15:35:28.562549 697359 PhysicsAttributesManager.cpp:27] File (./data/default.physics_config.json) not found, so new default physics manager attributes created and registered.
I1008 15:35:28.562553 697359 AbstractObjectAttributesManagerBase.h:175] AbstractObjectAttributesManager<T>::createObject  (Stage) : Making attributes with handle : data/scene_datasets/mp3d/D7N2EKCX4Sj/D7N2EKCX4Sj.glb
I1008 15:35:28.562556 697359 ManagedContainerBase.cpp:19] ManagedContainerBase::convertFilenameToJSON : Filename : data/scene_datasets/mp3d/D7N2EKCX4Sj/D7N2EKCX4Sj.glb changed to proposed JSON configuration filename : data/scene_datasets/mp3d/D7N2EKCX4Sj/D7N2EKCX4Sj.stage_config.json
I1008 15:35:28.562572 697359 AttributesManagerBase.h:283] AttributesManager<T>::createFromJsonOrDefaultInternal  (Stage) : Proposing JSON name : data/scene_datasets/mp3d/D7N2EKCX4Sj/D7N2EKCX4Sj.stage_config.json from original name : data/scene_datasets/mp3d/D7N2EKCX4Sj/D7N2EKCX4Sj.glb | This file  does not exist.
I1008 15:35:28.562613 697359 AbstractObjectAttributesManagerBase.h:181] AbstractObjectAttributesManager<T>::createObject  (Stage) : Done making attributes with handle : data/scene_datasets/mp3d/D7N2EKCX4Sj/D7N2EKCX4Sj.glb
I1008 15:35:28.562613 697359 AbstractObjectAttributesManagerBase.h:188] File (data/scene_datasets/mp3d/D7N2EKCX4Sj/D7N2EKCX4Sj.glb) exists but is not a recognized config filename extension, so new default Stage attributes created and registered.
I1008 15:35:28.562616 697359 Simulator.cpp:156] Loading navmesh from data/scene_datasets/mp3d/D7N2EKCX4Sj/D7N2EKCX4Sj.navmesh
I1008 15:35:28.562885 697359 Simulator.cpp:158] Loaded.
I1008 15:35:28.562892 697359 SceneGraph.h:93] Created DrawableGroup: 
I1008 15:35:28.566080 697359 ResourceManager.cpp:234] ResourceManager::loadStage : Not loading semantic mesh
I1008 15:35:28.566088 697359 ResourceManager.cpp:262] ResourceManager::loadStage : start load render asset data/scene_datasets/mp3d/D7N2EKCX4Sj/D7N2EKCX4Sj.glb.
I1008 15:35:28.566095 697359 ResourceManager.cpp:569] ResourceManager::loadStageInternal : Attempting to load stage data/scene_datasets/mp3d/D7N2EKCX4Sj/D7N2EKCX4Sj.glb 
I1008 15:35:28.566111 697359 ResourceManager.cpp:1119] Importing Basis files as BC7 for D7N2EKCX4Sj.glb
W1008 15:35:32.513011 697359 Simulator.cpp:248] :
---
 The active scene does not contain semantic annotations. 
---
I1008 15:35:32.622706 697359 simulator.py:213] Loaded navmesh data/scene_datasets/mp3d/D7N2EKCX4Sj/D7N2EKCX4Sj.navmesh
I1008 15:35:32.993388 697359 PhysicsManager.cpp:33] Deconstructing PhysicsManager
I1008 15:35:32.993414 697359 SemanticScene.h:41] Deconstructing SemanticScene
I1008 15:35:32.997961 697359 SceneManager.h:25] Deconstructing SceneManager
I1008 15:35:32.997969 697359 SceneGraph.h:26] Deconstructing SceneGraph
I1008 15:35:32.998373 697359 Sensor.h:87] Deconstructing Sensor
I1008 15:35:32.998620 697359 Sensor.h:87] Deconstructing Sensor
I1008 15:35:32.998728 697359 Sensor.h:87] Deconstructing Sensor
I1008 15:35:32.998835 697359 Sensor.h:87] Deconstructing Sensor
I1008 15:35:32.998937 697359 Sensor.h:87] Deconstructing Sensor
I1008 15:35:32.999038 697359 Sensor.h:87] Deconstructing Sensor
I1008 15:35:32.999140 697359 Sensor.h:87] Deconstructing Sensor
I1008 15:35:32.999235 697359 Sensor.h:87] Deconstructing Sensor
I1008 15:35:32.999339 697359 Sensor.h:87] Deconstructing Sensor
I1008 15:35:32.999435 697359 Sensor.h:87] Deconstructing Sensor
I1008 15:35:32.999531 697359 Sensor.h:87] Deconstructing Sensor
I1008 15:35:32.999629 697359 Sensor.h:87] Deconstructing Sensor
I1008 15:35:32.999728 697359 Sensor.h:87] Deconstructing Sensor
I1008 15:35:32.999854 697359 Sensor.h:87] Deconstructing Sensor
I1008 15:35:32.999984 697359 Sensor.h:87] Deconstructing Sensor
I1008 15:35:33.000101 697359 Sensor.h:87] Deconstructing Sensor
I1008 15:35:33.000224 697359 Sensor.h:87] Deconstructing Sensor
I1008 15:35:33.000433 697359 Sensor.h:87] Deconstructing Sensor
I1008 15:35:33.000562 697359 Sensor.h:87] Deconstructing Sensor
I1008 15:35:33.000700 697359 Sensor.h:87] Deconstructing Sensor
I1008 15:35:33.000823 697359 Sensor.h:87] Deconstructing Sensor
I1008 15:35:33.000941 697359 Sensor.h:87] Deconstructing Sensor
I1008 15:35:33.001067 697359 Sensor.h:87] Deconstructing Sensor
I1008 15:35:33.001220 697359 Sensor.h:87] Deconstructing Sensor
I1008 15:35:33.006145 697359 Renderer.cpp:34] Deconstructing Renderer
I1008 15:35:33.006157 697359 WindowlessContext.h:17] Deconstructing WindowlessContext
I1008 15:35:33.012705 697359 MetadataMediator.cpp:56] MetadataMediator::setActiveSceneDatasetName : Old active dataset default changed to default successfully.
I1008 15:35:33.012946 697359 AttributesManagerBase.h:283] AttributesManager<T>::createFromJsonOrDefaultInternal  (Physics Manager) : Proposing JSON name : ./data/default.physics_config.json from original name : ./data/default.physics_config.json | This file  does not exist.
I1008 15:35:33.012965 697359 PhysicsAttributesManager.cpp:27] File (./data/default.physics_config.json) not found, so new default physics manager attributes created and registered.
I1008 15:35:33.012970 697359 AbstractObjectAttributesManagerBase.h:175] AbstractObjectAttributesManager<T>::createObject  (Stage) : Making attributes with handle : data/scene_datasets/mp3d/qoiz87JEwZ2/qoiz87JEwZ2.glb
I1008 15:35:33.012974 697359 ManagedContainerBase.cpp:19] ManagedContainerBase::convertFilenameToJSON : Filename : data/scene_datasets/mp3d/qoiz87JEwZ2/qoiz87JEwZ2.glb changed to proposed JSON configuration filename : data/scene_datasets/mp3d/qoiz87JEwZ2/qoiz87JEwZ2.stage_config.json
I1008 15:35:33.012988 697359 AttributesManagerBase.h:283] AttributesManager<T>::createFromJsonOrDefaultInternal  (Stage) : Proposing JSON name : data/scene_datasets/mp3d/qoiz87JEwZ2/qoiz87JEwZ2.stage_config.json from original name : data/scene_datasets/mp3d/qoiz87JEwZ2/qoiz87JEwZ2.glb | This file  does not exist.
I1008 15:35:33.013021 697359 AbstractObjectAttributesManagerBase.h:181] AbstractObjectAttributesManager<T>::createObject  (Stage) : Done making attributes with handle : data/scene_datasets/mp3d/qoiz87JEwZ2/qoiz87JEwZ2.glb
I1008 15:35:33.013029 697359 AbstractObjectAttributesManagerBase.h:188] File (data/scene_datasets/mp3d/qoiz87JEwZ2/qoiz87JEwZ2.glb) exists but is not a recognized config filename extension, so new default Stage attributes created and registered.
I1008 15:35:33.013032 697359 Simulator.cpp:156] Loading navmesh from data/scene_datasets/mp3d/qoiz87JEwZ2/qoiz87JEwZ2.navmesh
I1008 15:35:33.013134 697359 Simulator.cpp:158] Loaded.
I1008 15:35:33.013137 697359 SceneGraph.h:93] Created DrawableGroup: 
I1008 15:35:33.016127 697359 ResourceManager.cpp:234] ResourceManager::loadStage : Not loading semantic mesh
I1008 15:35:33.016134 697359 ResourceManager.cpp:262] ResourceManager::loadStage : start load render asset data/scene_datasets/mp3d/qoiz87JEwZ2/qoiz87JEwZ2.glb.
I1008 15:35:33.016135 697359 ResourceManager.cpp:569] ResourceManager::loadStageInternal : Attempting to load stage data/scene_datasets/mp3d/qoiz87JEwZ2/qoiz87JEwZ2.glb 
I1008 15:35:33.016146 697359 ResourceManager.cpp:1119] Importing Basis files as BC7 for qoiz87JEwZ2.glb
W1008 15:35:34.647732 697359 Simulator.cpp:248] :
---
 The active scene does not contain semantic annotations. 
---
I1008 15:35:34.704504 697359 simulator.py:213] Loaded navmesh data/scene_datasets/mp3d/qoiz87JEwZ2/qoiz87JEwZ2.navmesh
I1008 15:35:34.997399 697359 PhysicsManager.cpp:33] Deconstructing PhysicsManager
I1008 15:35:34.997422 697359 SemanticScene.h:41] Deconstructing SemanticScene
I1008 15:35:34.999779 697359 SceneManager.h:25] Deconstructing SceneManager
I1008 15:35:34.999786 697359 SceneGraph.h:26] Deconstructing SceneGraph
I1008 15:35:35.000175 697359 Sensor.h:87] Deconstructing Sensor
I1008 15:35:35.000495 697359 Sensor.h:87] Deconstructing Sensor
I1008 15:35:35.000597 697359 Sensor.h:87] Deconstructing Sensor
I1008 15:35:35.000705 697359 Sensor.h:87] Deconstructing Sensor
I1008 15:35:35.000806 697359 Sensor.h:87] Deconstructing Sensor
I1008 15:35:35.000905 697359 Sensor.h:87] Deconstructing Sensor
I1008 15:35:35.001008 697359 Sensor.h:87] Deconstructing Sensor
I1008 15:35:35.001106 697359 Sensor.h:87] Deconstructing Sensor
I1008 15:35:35.001209 697359 Sensor.h:87] Deconstructing Sensor
I1008 15:35:35.001307 697359 Sensor.h:87] Deconstructing Sensor
I1008 15:35:35.001405 697359 Sensor.h:87] Deconstructing Sensor
I1008 15:35:35.001506 697359 Sensor.h:87] Deconstructing Sensor
I1008 15:35:35.001602 697359 Sensor.h:87] Deconstructing Sensor
I1008 15:35:35.001731 697359 Sensor.h:87] Deconstructing Sensor
I1008 15:35:35.001873 697359 Sensor.h:87] Deconstructing Sensor
I1008 15:35:35.001994 697359 Sensor.h:87] Deconstructing Sensor
I1008 15:35:35.002120 697359 Sensor.h:87] Deconstructing Sensor
I1008 15:35:35.002238 697359 Sensor.h:87] Deconstructing Sensor
I1008 15:35:35.002359 697359 Sensor.h:87] Deconstructing Sensor
I1008 15:35:35.002481 697359 Sensor.h:87] Deconstructing Sensor
I1008 15:35:35.002600 697359 Sensor.h:87] Deconstructing Sensor
I1008 15:35:35.002719 697359 Sensor.h:87] Deconstructing Sensor
I1008 15:35:35.002864 697359 Sensor.h:87] Deconstructing Sensor
I1008 15:35:35.002960 697359 Sensor.h:87] Deconstructing Sensor
I1008 15:35:35.005836 697359 Renderer.cpp:34] Deconstructing Renderer
I1008 15:35:35.005847 697359 WindowlessContext.h:17] Deconstructing WindowlessContext
I1008 15:35:35.009092 697359 MetadataMediator.cpp:56] MetadataMediator::setActiveSceneDatasetName : Old active dataset default changed to default successfully.
I1008 15:35:35.009420 697359 AttributesManagerBase.h:283] AttributesManager<T>::createFromJsonOrDefaultInternal  (Physics Manager) : Proposing JSON name : ./data/default.physics_config.json from original name : ./data/default.physics_config.json | This file  does not exist.
I1008 15:35:35.009443 697359 PhysicsAttributesManager.cpp:27] File (./data/default.physics_config.json) not found, so new default physics manager attributes created and registered.
I1008 15:35:35.009449 697359 AbstractObjectAttributesManagerBase.h:175] AbstractObjectAttributesManager<T>::createObject  (Stage) : Making attributes with handle : data/scene_datasets/mp3d/2n8kARJN3HM/2n8kARJN3HM.glb
I1008 15:35:35.009460 697359 ManagedContainerBase.cpp:19] ManagedContainerBase::convertFilenameToJSON : Filename : data/scene_datasets/mp3d/2n8kARJN3HM/2n8kARJN3HM.glb changed to proposed JSON configuration filename : data/scene_datasets/mp3d/2n8kARJN3HM/2n8kARJN3HM.stage_config.json
I1008 15:35:35.009475 697359 AttributesManagerBase.h:283] AttributesManager<T>::createFromJsonOrDefaultInternal  (Stage) : Proposing JSON name : data/scene_datasets/mp3d/2n8kARJN3HM/2n8kARJN3HM.stage_config.json from original name : data/scene_datasets/mp3d/2n8kARJN3HM/2n8kARJN3HM.glb | This file  does not exist.
I1008 15:35:35.009516 697359 AbstractObjectAttributesManagerBase.h:181] AbstractObjectAttributesManager<T>::createObject  (Stage) : Done making attributes with handle : data/scene_datasets/mp3d/2n8kARJN3HM/2n8kARJN3HM.glb
I1008 15:35:35.009516 697359 AbstractObjectAttributesManagerBase.h:188] File (data/scene_datasets/mp3d/2n8kARJN3HM/2n8kARJN3HM.glb) exists but is not a recognized config filename extension, so new default Stage attributes created and registered.
I1008 15:35:35.009519 697359 Simulator.cpp:156] Loading navmesh from data/scene_datasets/mp3d/2n8kARJN3HM/2n8kARJN3HM.navmesh
I1008 15:35:35.009693 697359 Simulator.cpp:158] Loaded.
I1008 15:35:35.009699 697359 SceneGraph.h:93] Created DrawableGroup: 
I1008 15:35:35.012748 697359 ResourceManager.cpp:234] ResourceManager::loadStage : Not loading semantic mesh
I1008 15:35:35.012755 697359 ResourceManager.cpp:262] ResourceManager::loadStage : start load render asset data/scene_datasets/mp3d/2n8kARJN3HM/2n8kARJN3HM.glb.
I1008 15:35:35.012758 697359 ResourceManager.cpp:569] ResourceManager::loadStageInternal : Attempting to load stage data/scene_datasets/mp3d/2n8kARJN3HM/2n8kARJN3HM.glb 
I1008 15:35:35.012773 697359 ResourceManager.cpp:1119] Importing Basis files as BC7 for 2n8kARJN3HM.glb
W1008 15:35:37.648458 697359 Simulator.cpp:248] :
---
 The active scene does not contain semantic annotations. 
---
I1008 15:35:37.716368 697359 simulator.py:213] Loaded navmesh data/scene_datasets/mp3d/2n8kARJN3HM/2n8kARJN3HM.navmesh
I1008 15:35:38.317101 697359 PhysicsManager.cpp:33] Deconstructing PhysicsManager
I1008 15:35:38.317121 697359 SemanticScene.h:41] Deconstructing SemanticScene
I1008 15:35:38.319828 697359 SceneManager.h:25] Deconstructing SceneManager
I1008 15:35:38.319831 697359 SceneGraph.h:26] Deconstructing SceneGraph
I1008 15:35:38.320223 697359 Sensor.h:87] Deconstructing Sensor
I1008 15:35:38.320461 697359 Sensor.h:87] Deconstructing Sensor
I1008 15:35:38.320561 697359 Sensor.h:87] Deconstructing Sensor
I1008 15:35:38.320668 697359 Sensor.h:87] Deconstructing Sensor
I1008 15:35:38.320770 697359 Sensor.h:87] Deconstructing Sensor
I1008 15:35:38.320868 697359 Sensor.h:87] Deconstructing Sensor
I1008 15:35:38.320967 697359 Sensor.h:87] Deconstructing Sensor
I1008 15:35:38.321061 697359 Sensor.h:87] Deconstructing Sensor
I1008 15:35:38.321162 697359 Sensor.h:87] Deconstructing Sensor
I1008 15:35:38.321259 697359 Sensor.h:87] Deconstructing Sensor
I1008 15:35:38.321353 697359 Sensor.h:87] Deconstructing Sensor
I1008 15:35:38.321455 697359 Sensor.h:87] Deconstructing Sensor
I1008 15:35:38.321552 697359 Sensor.h:87] Deconstructing Sensor
I1008 15:35:38.321678 697359 Sensor.h:87] Deconstructing Sensor
I1008 15:35:38.321815 697359 Sensor.h:87] Deconstructing Sensor
I1008 15:35:38.321936 697359 Sensor.h:87] Deconstructing Sensor
I1008 15:35:38.322062 697359 Sensor.h:87] Deconstructing Sensor
I1008 15:35:38.322187 697359 Sensor.h:87] Deconstructing Sensor
I1008 15:35:38.322307 697359 Sensor.h:87] Deconstructing Sensor
I1008 15:35:38.322428 697359 Sensor.h:87] Deconstructing Sensor
I1008 15:35:38.322546 697359 Sensor.h:87] Deconstructing Sensor
I1008 15:35:38.322665 697359 Sensor.h:87] Deconstructing Sensor
I1008 15:35:38.322793 697359 Sensor.h:87] Deconstructing Sensor
I1008 15:35:38.322873 697359 Sensor.h:87] Deconstructing Sensor
I1008 15:35:38.327414 697359 Renderer.cpp:34] Deconstructing Renderer
I1008 15:35:38.327440 697359 WindowlessContext.h:17] Deconstructing WindowlessContext
I1008 15:35:38.332563 697359 MetadataMediator.cpp:56] MetadataMediator::setActiveSceneDatasetName : Old active dataset default changed to default successfully.
I1008 15:35:38.332839 697359 AttributesManagerBase.h:283] AttributesManager<T>::createFromJsonOrDefaultInternal  (Physics Manager) : Proposing JSON name : ./data/default.physics_config.json from original name : ./data/default.physics_config.json | This file  does not exist.
I1008 15:35:38.332861 697359 PhysicsAttributesManager.cpp:27] File (./data/default.physics_config.json) not found, so new default physics manager attributes created and registered.
I1008 15:35:38.332865 697359 AbstractObjectAttributesManagerBase.h:175] AbstractObjectAttributesManager<T>::createObject  (Stage) : Making attributes with handle : data/scene_datasets/mp3d/D7N2EKCX4Sj/D7N2EKCX4Sj.glb
I1008 15:35:38.332868 697359 ManagedContainerBase.cpp:19] ManagedContainerBase::convertFilenameToJSON : Filename : data/scene_datasets/mp3d/D7N2EKCX4Sj/D7N2EKCX4Sj.glb changed to proposed JSON configuration filename : data/scene_datasets/mp3d/D7N2EKCX4Sj/D7N2EKCX4Sj.stage_config.json
I1008 15:35:38.332881 697359 AttributesManagerBase.h:283] AttributesManager<T>::createFromJsonOrDefaultInternal  (Stage) : Proposing JSON name : data/scene_datasets/mp3d/D7N2EKCX4Sj/D7N2EKCX4Sj.stage_config.json from original name : data/scene_datasets/mp3d/D7N2EKCX4Sj/D7N2EKCX4Sj.glb | This file  does not exist.
I1008 15:35:38.332918 697359 AbstractObjectAttributesManagerBase.h:181] AbstractObjectAttributesManager<T>::createObject  (Stage) : Done making attributes with handle : data/scene_datasets/mp3d/D7N2EKCX4Sj/D7N2EKCX4Sj.glb
I1008 15:35:38.332919 697359 AbstractObjectAttributesManagerBase.h:188] File (data/scene_datasets/mp3d/D7N2EKCX4Sj/D7N2EKCX4Sj.glb) exists but is not a recognized config filename extension, so new default Stage attributes created and registered.
I1008 15:35:38.332922 697359 Simulator.cpp:156] Loading navmesh from data/scene_datasets/mp3d/D7N2EKCX4Sj/D7N2EKCX4Sj.navmesh
I1008 15:35:38.333163 697359 Simulator.cpp:158] Loaded.
I1008 15:35:38.333168 697359 SceneGraph.h:93] Created DrawableGroup: 
I1008 15:35:38.336081 697359 ResourceManager.cpp:234] ResourceManager::loadStage : Not loading semantic mesh
I1008 15:35:38.336086 697359 ResourceManager.cpp:262] ResourceManager::loadStage : start load render asset data/scene_datasets/mp3d/D7N2EKCX4Sj/D7N2EKCX4Sj.glb.
I1008 15:35:38.336087 697359 ResourceManager.cpp:569] ResourceManager::loadStageInternal : Attempting to load stage data/scene_datasets/mp3d/D7N2EKCX4Sj/D7N2EKCX4Sj.glb 
I1008 15:35:38.336097 697359 ResourceManager.cpp:1119] Importing Basis files as BC7 for D7N2EKCX4Sj.glb
W1008 15:35:42.052536 697359 Simulator.cpp:248] :
---
 The active scene does not contain semantic annotations. 
---
I1008 15:35:42.154031 697359 simulator.py:213] Loaded navmesh data/scene_datasets/mp3d/D7N2EKCX4Sj/D7N2EKCX4Sj.navmesh
I1008 15:35:42.763343 697359 PhysicsManager.cpp:33] Deconstructing PhysicsManager
I1008 15:35:42.763363 697359 SemanticScene.h:41] Deconstructing SemanticScene
I1008 15:35:42.768429 697359 SceneManager.h:25] Deconstructing SceneManager
I1008 15:35:42.768440 697359 SceneGraph.h:26] Deconstructing SceneGraph
I1008 15:35:42.768898 697359 Sensor.h:87] Deconstructing Sensor
I1008 15:35:42.769204 697359 Sensor.h:87] Deconstructing Sensor
I1008 15:35:42.769310 697359 Sensor.h:87] Deconstructing Sensor
I1008 15:35:42.769418 697359 Sensor.h:87] Deconstructing Sensor
I1008 15:35:42.769522 697359 Sensor.h:87] Deconstructing Sensor
I1008 15:35:42.769621 697359 Sensor.h:87] Deconstructing Sensor
I1008 15:35:42.769726 697359 Sensor.h:87] Deconstructing Sensor
I1008 15:35:42.769824 697359 Sensor.h:87] Deconstructing Sensor
I1008 15:35:42.769925 697359 Sensor.h:87] Deconstructing Sensor
I1008 15:35:42.770023 697359 Sensor.h:87] Deconstructing Sensor
I1008 15:35:42.770119 697359 Sensor.h:87] Deconstructing Sensor
I1008 15:35:42.770219 697359 Sensor.h:87] Deconstructing Sensor
I1008 15:35:42.770328 697359 Sensor.h:87] Deconstructing Sensor
I1008 15:35:42.770457 697359 Sensor.h:87] Deconstructing Sensor
I1008 15:35:42.770586 697359 Sensor.h:87] Deconstructing Sensor
I1008 15:35:42.770705 697359 Sensor.h:87] Deconstructing Sensor
I1008 15:35:42.770828 697359 Sensor.h:87] Deconstructing Sensor
I1008 15:35:42.770946 697359 Sensor.h:87] Deconstructing Sensor
I1008 15:35:42.771066 697359 Sensor.h:87] Deconstructing Sensor
I1008 15:35:42.771188 697359 Sensor.h:87] Deconstructing Sensor
I1008 15:35:42.771308 697359 Sensor.h:87] Deconstructing Sensor
I1008 15:35:42.771423 697359 Sensor.h:87] Deconstructing Sensor
I1008 15:35:42.771553 697359 Sensor.h:87] Deconstructing Sensor
I1008 15:35:42.771714 697359 Sensor.h:87] Deconstructing Sensor
I1008 15:35:42.777537 697359 Renderer.cpp:34] Deconstructing Renderer
I1008 15:35:42.777552 697359 WindowlessContext.h:17] Deconstructing WindowlessContext
I1008 15:35:42.784387 697359 MetadataMediator.cpp:56] MetadataMediator::setActiveSceneDatasetName : Old active dataset default changed to default successfully.
I1008 15:35:42.784981 697359 AttributesManagerBase.h:283] AttributesManager<T>::createFromJsonOrDefaultInternal  (Physics Manager) : Proposing JSON name : ./data/default.physics_config.json from original name : ./data/default.physics_config.json | This file  does not exist.
I1008 15:35:42.785006 697359 PhysicsAttributesManager.cpp:27] File (./data/default.physics_config.json) not found, so new default physics manager attributes created and registered.
I1008 15:35:42.785012 697359 AbstractObjectAttributesManagerBase.h:175] AbstractObjectAttributesManager<T>::createObject  (Stage) : Making attributes with handle : data/scene_datasets/mp3d/JmbYfDe2QKZ/JmbYfDe2QKZ.glb
I1008 15:35:42.785013 697359 ManagedContainerBase.cpp:19] ManagedContainerBase::convertFilenameToJSON : Filename : data/scene_datasets/mp3d/JmbYfDe2QKZ/JmbYfDe2QKZ.glb changed to proposed JSON configuration filename : data/scene_datasets/mp3d/JmbYfDe2QKZ/JmbYfDe2QKZ.stage_config.json
I1008 15:35:42.785027 697359 AttributesManagerBase.h:283] AttributesManager<T>::createFromJsonOrDefaultInternal  (Stage) : Proposing JSON name : data/scene_datasets/mp3d/JmbYfDe2QKZ/JmbYfDe2QKZ.stage_config.json from original name : data/scene_datasets/mp3d/JmbYfDe2QKZ/JmbYfDe2QKZ.glb | This file  does not exist.
I1008 15:35:42.785068 697359 AbstractObjectAttributesManagerBase.h:181] AbstractObjectAttributesManager<T>::createObject  (Stage) : Done making attributes with handle : data/scene_datasets/mp3d/JmbYfDe2QKZ/JmbYfDe2QKZ.glb
I1008 15:35:42.785068 697359 AbstractObjectAttributesManagerBase.h:188] File (data/scene_datasets/mp3d/JmbYfDe2QKZ/JmbYfDe2QKZ.glb) exists but is not a recognized config filename extension, so new default Stage attributes created and registered.
I1008 15:35:42.785071 697359 Simulator.cpp:156] Loading navmesh from data/scene_datasets/mp3d/JmbYfDe2QKZ/JmbYfDe2QKZ.navmesh
I1008 15:35:42.785164 697359 Simulator.cpp:158] Loaded.
I1008 15:35:42.785169 697359 SceneGraph.h:93] Created DrawableGroup: 
I1008 15:35:42.788388 697359 ResourceManager.cpp:234] ResourceManager::loadStage : Not loading semantic mesh
I1008 15:35:42.788398 697359 ResourceManager.cpp:262] ResourceManager::loadStage : start load render asset data/scene_datasets/mp3d/JmbYfDe2QKZ/JmbYfDe2QKZ.glb.
I1008 15:35:42.788398 697359 ResourceManager.cpp:569] ResourceManager::loadStageInternal : Attempting to load stage data/scene_datasets/mp3d/JmbYfDe2QKZ/JmbYfDe2QKZ.glb 
I1008 15:35:42.788419 697359 ResourceManager.cpp:1119] Importing Basis files as BC7 for JmbYfDe2QKZ.glb
W1008 15:35:43.837298 697359 Simulator.cpp:248] :
---
 The active scene does not contain semantic annotations. 
---
I1008 15:35:43.883335 697359 simulator.py:213] Loaded navmesh data/scene_datasets/mp3d/JmbYfDe2QKZ/JmbYfDe2QKZ.navmesh
I1008 15:35:44.347100 697359 PhysicsManager.cpp:33] Deconstructing PhysicsManager
I1008 15:35:44.347122 697359 SemanticScene.h:41] Deconstructing SemanticScene
I1008 15:35:44.349195 697359 SceneManager.h:25] Deconstructing SceneManager
I1008 15:35:44.349205 697359 SceneGraph.h:26] Deconstructing SceneGraph
I1008 15:35:44.349645 697359 Sensor.h:87] Deconstructing Sensor
I1008 15:35:44.349841 697359 Sensor.h:87] Deconstructing Sensor
I1008 15:35:44.349944 697359 Sensor.h:87] Deconstructing Sensor
I1008 15:35:44.350050 697359 Sensor.h:87] Deconstructing Sensor
I1008 15:35:44.350150 697359 Sensor.h:87] Deconstructing Sensor
I1008 15:35:44.350247 697359 Sensor.h:87] Deconstructing Sensor
I1008 15:35:44.350350 697359 Sensor.h:87] Deconstructing Sensor
I1008 15:35:44.350445 697359 Sensor.h:87] Deconstructing Sensor
I1008 15:35:44.350548 697359 Sensor.h:87] Deconstructing Sensor
I1008 15:35:44.350644 697359 Sensor.h:87] Deconstructing Sensor
I1008 15:35:44.350744 697359 Sensor.h:87] Deconstructing Sensor
I1008 15:35:44.350843 697359 Sensor.h:87] Deconstructing Sensor
I1008 15:35:44.350941 697359 Sensor.h:87] Deconstructing Sensor
I1008 15:35:44.351068 697359 Sensor.h:87] Deconstructing Sensor
I1008 15:35:44.351200 697359 Sensor.h:87] Deconstructing Sensor
I1008 15:35:44.351320 697359 Sensor.h:87] Deconstructing Sensor
I1008 15:35:44.351449 697359 Sensor.h:87] Deconstructing Sensor
I1008 15:35:44.351572 697359 Sensor.h:87] Deconstructing Sensor
I1008 15:35:44.351696 697359 Sensor.h:87] Deconstructing Sensor
I1008 15:35:44.351820 697359 Sensor.h:87] Deconstructing Sensor
I1008 15:35:44.351938 697359 Sensor.h:87] Deconstructing Sensor
I1008 15:35:44.352058 697359 Sensor.h:87] Deconstructing Sensor
I1008 15:35:44.352185 697359 Sensor.h:87] Deconstructing Sensor
I1008 15:35:44.352279 697359 Sensor.h:87] Deconstructing Sensor
I1008 15:35:44.355047 697359 Renderer.cpp:34] Deconstructing Renderer
I1008 15:35:44.355063 697359 WindowlessContext.h:17] Deconstructing WindowlessContext
I1008 15:35:44.357750 697359 MetadataMediator.cpp:56] MetadataMediator::setActiveSceneDatasetName : Old active dataset default changed to default successfully.
I1008 15:35:44.360124 697359 AttributesManagerBase.h:283] AttributesManager<T>::createFromJsonOrDefaultInternal  (Physics Manager) : Proposing JSON name : ./data/default.physics_config.json from original name : ./data/default.physics_config.json | This file  does not exist.
I1008 15:35:44.360163 697359 PhysicsAttributesManager.cpp:27] File (./data/default.physics_config.json) not found, so new default physics manager attributes created and registered.
I1008 15:35:44.360169 697359 AbstractObjectAttributesManagerBase.h:175] AbstractObjectAttributesManager<T>::createObject  (Stage) : Making attributes with handle : data/scene_datasets/mp3d/PX4nDJXEHrG/PX4nDJXEHrG.glb
I1008 15:35:44.360172 697359 ManagedContainerBase.cpp:19] ManagedContainerBase::convertFilenameToJSON : Filename : data/scene_datasets/mp3d/PX4nDJXEHrG/PX4nDJXEHrG.glb changed to proposed JSON configuration filename : data/scene_datasets/mp3d/PX4nDJXEHrG/PX4nDJXEHrG.stage_config.json
I1008 15:35:44.360186 697359 AttributesManagerBase.h:283] AttributesManager<T>::createFromJsonOrDefaultInternal  (Stage) : Proposing JSON name : data/scene_datasets/mp3d/PX4nDJXEHrG/PX4nDJXEHrG.stage_config.json from original name : data/scene_datasets/mp3d/PX4nDJXEHrG/PX4nDJXEHrG.glb | This file  does not exist.
I1008 15:35:44.360227 697359 AbstractObjectAttributesManagerBase.h:181] AbstractObjectAttributesManager<T>::createObject  (Stage) : Done making attributes with handle : data/scene_datasets/mp3d/PX4nDJXEHrG/PX4nDJXEHrG.glb
I1008 15:35:44.360229 697359 AbstractObjectAttributesManagerBase.h:188] File (data/scene_datasets/mp3d/PX4nDJXEHrG/PX4nDJXEHrG.glb) exists but is not a recognized config filename extension, so new default Stage attributes created and registered.
I1008 15:35:44.360232 697359 Simulator.cpp:156] Loading navmesh from data/scene_datasets/mp3d/PX4nDJXEHrG/PX4nDJXEHrG.navmesh
I1008 15:35:44.360489 697359 Simulator.cpp:158] Loaded.
I1008 15:35:44.360495 697359 SceneGraph.h:93] Created DrawableGroup: 
I1008 15:35:44.363811 697359 ResourceManager.cpp:234] ResourceManager::loadStage : Not loading semantic mesh
I1008 15:35:44.363818 697359 ResourceManager.cpp:262] ResourceManager::loadStage : start load render asset data/scene_datasets/mp3d/PX4nDJXEHrG/PX4nDJXEHrG.glb.
I1008 15:35:44.363826 697359 ResourceManager.cpp:569] ResourceManager::loadStageInternal : Attempting to load stage data/scene_datasets/mp3d/PX4nDJXEHrG/PX4nDJXEHrG.glb 
I1008 15:35:44.363840 697359 ResourceManager.cpp:1119] Importing Basis files as BC7 for PX4nDJXEHrG.glb
W1008 15:35:46.934614 697359 Simulator.cpp:248] :
---
 The active scene does not contain semantic annotations. 
---
I1008 15:35:47.023536 697359 simulator.py:213] Loaded navmesh data/scene_datasets/mp3d/PX4nDJXEHrG/PX4nDJXEHrG.navmesh
I1008 15:35:47.538769 697359 PhysicsManager.cpp:33] Deconstructing PhysicsManager
I1008 15:35:47.538792 697359 SemanticScene.h:41] Deconstructing SemanticScene
I1008 15:35:47.542997 697359 SceneManager.h:25] Deconstructing SceneManager
I1008 15:35:47.543010 697359 SceneGraph.h:26] Deconstructing SceneGraph
I1008 15:35:47.543551 697359 Sensor.h:87] Deconstructing Sensor
I1008 15:35:47.543769 697359 Sensor.h:87] Deconstructing Sensor
I1008 15:35:47.543876 697359 Sensor.h:87] Deconstructing Sensor
I1008 15:35:47.543987 697359 Sensor.h:87] Deconstructing Sensor
I1008 15:35:47.544086 697359 Sensor.h:87] Deconstructing Sensor
I1008 15:35:47.544184 697359 Sensor.h:87] Deconstructing Sensor
I1008 15:35:47.544286 697359 Sensor.h:87] Deconstructing Sensor
I1008 15:35:47.544382 697359 Sensor.h:87] Deconstructing Sensor
I1008 15:35:47.544482 697359 Sensor.h:87] Deconstructing Sensor
I1008 15:35:47.544579 697359 Sensor.h:87] Deconstructing Sensor
I1008 15:35:47.544683 697359 Sensor.h:87] Deconstructing Sensor
I1008 15:35:47.544792 697359 Sensor.h:87] Deconstructing Sensor
I1008 15:35:47.544890 697359 Sensor.h:87] Deconstructing Sensor
I1008 15:35:47.545017 697359 Sensor.h:87] Deconstructing Sensor
I1008 15:35:47.545143 697359 Sensor.h:87] Deconstructing Sensor
I1008 15:35:47.545264 697359 Sensor.h:87] Deconstructing Sensor
I1008 15:35:47.545387 697359 Sensor.h:87] Deconstructing Sensor
I1008 15:35:47.545507 697359 Sensor.h:87] Deconstructing Sensor
I1008 15:35:47.545630 697359 Sensor.h:87] Deconstructing Sensor
I1008 15:35:47.545758 697359 Sensor.h:87] Deconstructing Sensor
I1008 15:35:47.545892 697359 Sensor.h:87] Deconstructing Sensor
I1008 15:35:47.546012 697359 Sensor.h:87] Deconstructing Sensor
I1008 15:35:47.546140 697359 Sensor.h:87] Deconstructing Sensor
I1008 15:35:47.546216 697359 Sensor.h:87] Deconstructing Sensor
I1008 15:35:47.550972 697359 Renderer.cpp:34] Deconstructing Renderer
I1008 15:35:47.550990 697359 WindowlessContext.h:17] Deconstructing WindowlessContext
I1008 15:35:47.556952 697359 MetadataMediator.cpp:56] MetadataMediator::setActiveSceneDatasetName : Old active dataset default changed to default successfully.
I1008 15:35:47.557672 697359 AttributesManagerBase.h:283] AttributesManager<T>::createFromJsonOrDefaultInternal  (Physics Manager) : Proposing JSON name : ./data/default.physics_config.json from original name : ./data/default.physics_config.json | This file  does not exist.
I1008 15:35:47.557700 697359 PhysicsAttributesManager.cpp:27] File (./data/default.physics_config.json) not found, so new default physics manager attributes created and registered.
I1008 15:35:47.557706 697359 AbstractObjectAttributesManagerBase.h:175] AbstractObjectAttributesManager<T>::createObject  (Stage) : Making attributes with handle : data/scene_datasets/mp3d/qoiz87JEwZ2/qoiz87JEwZ2.glb
I1008 15:35:47.557709 697359 ManagedContainerBase.cpp:19] ManagedContainerBase::convertFilenameToJSON : Filename : data/scene_datasets/mp3d/qoiz87JEwZ2/qoiz87JEwZ2.glb changed to proposed JSON configuration filename : data/scene_datasets/mp3d/qoiz87JEwZ2/qoiz87JEwZ2.stage_config.json
I1008 15:35:47.557729 697359 AttributesManagerBase.h:283] AttributesManager<T>::createFromJsonOrDefaultInternal  (Stage) : Proposing JSON name : data/scene_datasets/mp3d/qoiz87JEwZ2/qoiz87JEwZ2.stage_config.json from original name : data/scene_datasets/mp3d/qoiz87JEwZ2/qoiz87JEwZ2.glb | This file  does not exist.
I1008 15:35:47.557776 697359 AbstractObjectAttributesManagerBase.h:181] AbstractObjectAttributesManager<T>::createObject  (Stage) : Done making attributes with handle : data/scene_datasets/mp3d/qoiz87JEwZ2/qoiz87JEwZ2.glb
I1008 15:35:47.557787 697359 AbstractObjectAttributesManagerBase.h:188] File (data/scene_datasets/mp3d/qoiz87JEwZ2/qoiz87JEwZ2.glb) exists but is not a recognized config filename extension, so new default Stage attributes created and registered.
I1008 15:35:47.557791 697359 Simulator.cpp:156] Loading navmesh from data/scene_datasets/mp3d/qoiz87JEwZ2/qoiz87JEwZ2.navmesh
I1008 15:35:47.557950 697359 Simulator.cpp:158] Loaded.
I1008 15:35:47.557955 697359 SceneGraph.h:93] Created DrawableGroup: 
I1008 15:35:47.563230 697359 ResourceManager.cpp:234] ResourceManager::loadStage : Not loading semantic mesh
I1008 15:35:47.563241 697359 ResourceManager.cpp:262] ResourceManager::loadStage : start load render asset data/scene_datasets/mp3d/qoiz87JEwZ2/qoiz87JEwZ2.glb.
I1008 15:35:47.563242 697359 ResourceManager.cpp:569] ResourceManager::loadStageInternal : Attempting to load stage data/scene_datasets/mp3d/qoiz87JEwZ2/qoiz87JEwZ2.glb 
I1008 15:35:47.563264 697359 ResourceManager.cpp:1119] Importing Basis files as BC7 for qoiz87JEwZ2.glb
W1008 15:35:49.205211 697359 Simulator.cpp:248] :
---
 The active scene does not contain semantic annotations. 
---
I1008 15:35:49.259667 697359 simulator.py:213] Loaded navmesh data/scene_datasets/mp3d/qoiz87JEwZ2/qoiz87JEwZ2.navmesh
I1008 15:35:49.890214 697359 PhysicsManager.cpp:33] Deconstructing PhysicsManager
I1008 15:35:49.890254 697359 SemanticScene.h:41] Deconstructing SemanticScene
I1008 15:35:49.894110 697359 SceneManager.h:25] Deconstructing SceneManager
I1008 15:35:49.894129 697359 SceneGraph.h:26] Deconstructing SceneGraph
I1008 15:35:49.894550 697359 Sensor.h:87] Deconstructing Sensor
I1008 15:35:49.894954 697359 Sensor.h:87] Deconstructing Sensor
I1008 15:35:49.895176 697359 Sensor.h:87] Deconstructing Sensor
I1008 15:35:49.895308 697359 Sensor.h:87] Deconstructing Sensor
I1008 15:35:49.895429 697359 Sensor.h:87] Deconstructing Sensor
I1008 15:35:49.895546 697359 Sensor.h:87] Deconstructing Sensor
I1008 15:35:49.895675 697359 Sensor.h:87] Deconstructing Sensor
I1008 15:35:49.895792 697359 Sensor.h:87] Deconstructing Sensor
I1008 15:35:49.895916 697359 Sensor.h:87] Deconstructing Sensor
I1008 15:35:49.896030 697359 Sensor.h:87] Deconstructing Sensor
I1008 15:35:49.896144 697359 Sensor.h:87] Deconstructing Sensor
I1008 15:35:49.896262 697359 Sensor.h:87] Deconstructing Sensor
I1008 15:35:49.896377 697359 Sensor.h:87] Deconstructing Sensor
I1008 15:35:49.896520 697359 Sensor.h:87] Deconstructing Sensor
I1008 15:35:49.896670 697359 Sensor.h:87] Deconstructing Sensor
I1008 15:35:49.896811 697359 Sensor.h:87] Deconstructing Sensor
I1008 15:35:49.896955 697359 Sensor.h:87] Deconstructing Sensor
I1008 15:35:49.897094 697359 Sensor.h:87] Deconstructing Sensor
I1008 15:35:49.897250 697359 Sensor.h:87] Deconstructing Sensor
I1008 15:35:49.897397 697359 Sensor.h:87] Deconstructing Sensor
I1008 15:35:49.897542 697359 Sensor.h:87] Deconstructing Sensor
I1008 15:35:49.897735 697359 Sensor.h:87] Deconstructing Sensor
I1008 15:35:49.897887 697359 Sensor.h:87] Deconstructing Sensor
I1008 15:35:49.898010 697359 Sensor.h:87] Deconstructing Sensor
I1008 15:35:49.902331 697359 Renderer.cpp:34] Deconstructing Renderer
I1008 15:35:49.902360 697359 WindowlessContext.h:17] Deconstructing WindowlessContext
I1008 15:35:49.906291 697359 MetadataMediator.cpp:56] MetadataMediator::setActiveSceneDatasetName : Old active dataset default changed to default successfully.
I1008 15:35:49.907016 697359 AttributesManagerBase.h:283] AttributesManager<T>::createFromJsonOrDefaultInternal  (Physics Manager) : Proposing JSON name : ./data/default.physics_config.json from original name : ./data/default.physics_config.json | This file  does not exist.
I1008 15:35:49.907047 697359 PhysicsAttributesManager.cpp:27] File (./data/default.physics_config.json) not found, so new default physics manager attributes created and registered.
I1008 15:35:49.907053 697359 AbstractObjectAttributesManagerBase.h:175] AbstractObjectAttributesManager<T>::createObject  (Stage) : Making attributes with handle : data/scene_datasets/mp3d/ZMojNkEp431/ZMojNkEp431.glb
I1008 15:35:49.907068 697359 ManagedContainerBase.cpp:19] ManagedContainerBase::convertFilenameToJSON : Filename : data/scene_datasets/mp3d/ZMojNkEp431/ZMojNkEp431.glb changed to proposed JSON configuration filename : data/scene_datasets/mp3d/ZMojNkEp431/ZMojNkEp431.stage_config.json
I1008 15:35:49.907084 697359 AttributesManagerBase.h:283] AttributesManager<T>::createFromJsonOrDefaultInternal  (Stage) : Proposing JSON name : data/scene_datasets/mp3d/ZMojNkEp431/ZMojNkEp431.stage_config.json from original name : data/scene_datasets/mp3d/ZMojNkEp431/ZMojNkEp431.glb | This file  does not exist.
I1008 15:35:49.907132 697359 AbstractObjectAttributesManagerBase.h:181] AbstractObjectAttributesManager<T>::createObject  (Stage) : Done making attributes with handle : data/scene_datasets/mp3d/ZMojNkEp431/ZMojNkEp431.glb
I1008 15:35:49.907135 697359 AbstractObjectAttributesManagerBase.h:188] File (data/scene_datasets/mp3d/ZMojNkEp431/ZMojNkEp431.glb) exists but is not a recognized config filename extension, so new default Stage attributes created and registered.
I1008 15:35:49.907137 697359 Simulator.cpp:156] Loading navmesh from data/scene_datasets/mp3d/ZMojNkEp431/ZMojNkEp431.navmesh
I1008 15:35:49.907296 697359 Simulator.cpp:158] Loaded.
I1008 15:35:49.907303 697359 SceneGraph.h:93] Created DrawableGroup: 
I1008 15:35:49.910940 697359 ResourceManager.cpp:234] ResourceManager::loadStage : Not loading semantic mesh
I1008 15:35:49.910952 697359 ResourceManager.cpp:262] ResourceManager::loadStage : start load render asset data/scene_datasets/mp3d/ZMojNkEp431/ZMojNkEp431.glb.
I1008 15:35:49.910954 697359 ResourceManager.cpp:569] ResourceManager::loadStageInternal : Attempting to load stage data/scene_datasets/mp3d/ZMojNkEp431/ZMojNkEp431.glb 
I1008 15:35:49.910976 697359 ResourceManager.cpp:1119] Importing Basis files as BC7 for ZMojNkEp431.glb
W1008 15:35:51.299871 697359 Simulator.cpp:248] :
---
 The active scene does not contain semantic annotations. 
---
I1008 15:35:51.338058 697359 simulator.py:213] Loaded navmesh data/scene_datasets/mp3d/ZMojNkEp431/ZMojNkEp431.navmesh
I1008 15:35:52.366086 697359 PhysicsManager.cpp:33] Deconstructing PhysicsManager
I1008 15:35:52.366110 697359 SemanticScene.h:41] Deconstructing SemanticScene
I1008 15:35:52.367897 697359 SceneManager.h:25] Deconstructing SceneManager
I1008 15:35:52.367900 697359 SceneGraph.h:26] Deconstructing SceneGraph
I1008 15:35:52.368324 697359 Sensor.h:87] Deconstructing Sensor
I1008 15:35:52.368490 697359 Sensor.h:87] Deconstructing Sensor
I1008 15:35:52.368597 697359 Sensor.h:87] Deconstructing Sensor
I1008 15:35:52.368705 697359 Sensor.h:87] Deconstructing Sensor
I1008 15:35:52.368804 697359 Sensor.h:87] Deconstructing Sensor
I1008 15:35:52.368901 697359 Sensor.h:87] Deconstructing Sensor
I1008 15:35:52.369004 697359 Sensor.h:87] Deconstructing Sensor
I1008 15:35:52.369096 697359 Sensor.h:87] Deconstructing Sensor
I1008 15:35:52.369195 697359 Sensor.h:87] Deconstructing Sensor
I1008 15:35:52.369288 697359 Sensor.h:87] Deconstructing Sensor
I1008 15:35:52.369385 697359 Sensor.h:87] Deconstructing Sensor
I1008 15:35:52.369484 697359 Sensor.h:87] Deconstructing Sensor
I1008 15:35:52.369581 697359 Sensor.h:87] Deconstructing Sensor
I1008 15:35:52.369701 697359 Sensor.h:87] Deconstructing Sensor
I1008 15:35:52.369829 697359 Sensor.h:87] Deconstructing Sensor
I1008 15:35:52.369946 697359 Sensor.h:87] Deconstructing Sensor
I1008 15:35:52.370070 697359 Sensor.h:87] Deconstructing Sensor
I1008 15:35:52.370196 697359 Sensor.h:87] Deconstructing Sensor
I1008 15:35:52.370316 697359 Sensor.h:87] Deconstructing Sensor
I1008 15:35:52.370437 697359 Sensor.h:87] Deconstructing Sensor
I1008 15:35:52.370556 697359 Sensor.h:87] Deconstructing Sensor
I1008 15:35:52.370674 697359 Sensor.h:87] Deconstructing Sensor
I1008 15:35:52.370801 697359 Sensor.h:87] Deconstructing Sensor
I1008 15:35:52.370874 697359 Sensor.h:87] Deconstructing Sensor
I1008 15:35:52.373574 697359 Renderer.cpp:34] Deconstructing Renderer
I1008 15:35:52.373579 697359 WindowlessContext.h:17] Deconstructing WindowlessContext
I1008 15:35:52.376695 697359 MetadataMediator.cpp:56] MetadataMediator::setActiveSceneDatasetName : Old active dataset default changed to default successfully.
I1008 15:35:52.376945 697359 AttributesManagerBase.h:283] AttributesManager<T>::createFromJsonOrDefaultInternal  (Physics Manager) : Proposing JSON name : ./data/default.physics_config.json from original name : ./data/default.physics_config.json | This file  does not exist.
I1008 15:35:52.376963 697359 PhysicsAttributesManager.cpp:27] File (./data/default.physics_config.json) not found, so new default physics manager attributes created and registered.
I1008 15:35:52.376967 697359 AbstractObjectAttributesManagerBase.h:175] AbstractObjectAttributesManager<T>::createObject  (Stage) : Making attributes with handle : data/scene_datasets/mp3d/ur6pFq6Qu1A/ur6pFq6Qu1A.glb
I1008 15:35:52.376971 697359 ManagedContainerBase.cpp:19] ManagedContainerBase::convertFilenameToJSON : Filename : data/scene_datasets/mp3d/ur6pFq6Qu1A/ur6pFq6Qu1A.glb changed to proposed JSON configuration filename : data/scene_datasets/mp3d/ur6pFq6Qu1A/ur6pFq6Qu1A.stage_config.json
I1008 15:35:52.376984 697359 AttributesManagerBase.h:283] AttributesManager<T>::createFromJsonOrDefaultInternal  (Stage) : Proposing JSON name : data/scene_datasets/mp3d/ur6pFq6Qu1A/ur6pFq6Qu1A.stage_config.json from original name : data/scene_datasets/mp3d/ur6pFq6Qu1A/ur6pFq6Qu1A.glb | This file  does not exist.
I1008 15:35:52.377019 697359 AbstractObjectAttributesManagerBase.h:181] AbstractObjectAttributesManager<T>::createObject  (Stage) : Done making attributes with handle : data/scene_datasets/mp3d/ur6pFq6Qu1A/ur6pFq6Qu1A.glb
I1008 15:35:52.377020 697359 AbstractObjectAttributesManagerBase.h:188] File (data/scene_datasets/mp3d/ur6pFq6Qu1A/ur6pFq6Qu1A.glb) exists but is not a recognized config filename extension, so new default Stage attributes created and registered.
I1008 15:35:52.377023 697359 Simulator.cpp:156] Loading navmesh from data/scene_datasets/mp3d/ur6pFq6Qu1A/ur6pFq6Qu1A.navmesh
I1008 15:35:52.377179 697359 Simulator.cpp:158] Loaded.
I1008 15:35:52.377183 697359 SceneGraph.h:93] Created DrawableGroup: 
I1008 15:35:52.380064 697359 ResourceManager.cpp:234] ResourceManager::loadStage : Not loading semantic mesh
I1008 15:35:52.380069 697359 ResourceManager.cpp:262] ResourceManager::loadStage : start load render asset data/scene_datasets/mp3d/ur6pFq6Qu1A/ur6pFq6Qu1A.glb.
I1008 15:35:52.380069 697359 ResourceManager.cpp:569] ResourceManager::loadStageInternal : Attempting to load stage data/scene_datasets/mp3d/ur6pFq6Qu1A/ur6pFq6Qu1A.glb 
I1008 15:35:52.380079 697359 ResourceManager.cpp:1119] Importing Basis files as BC7 for ur6pFq6Qu1A.glb
W1008 15:35:54.425504 697359 Simulator.cpp:248] :
---
 The active scene does not contain semantic annotations. 
---
I1008 15:35:54.477538 697359 simulator.py:213] Loaded navmesh data/scene_datasets/mp3d/ur6pFq6Qu1A/ur6pFq6Qu1A.navmesh
I1008 15:35:55.003669 697359 PhysicsManager.cpp:33] Deconstructing PhysicsManager
I1008 15:35:55.003690 697359 SemanticScene.h:41] Deconstructing SemanticScene
I1008 15:35:55.005995 697359 SceneManager.h:25] Deconstructing SceneManager
I1008 15:35:55.006000 697359 SceneGraph.h:26] Deconstructing SceneGraph
I1008 15:35:55.006449 697359 Sensor.h:87] Deconstructing Sensor
I1008 15:35:55.006703 697359 Sensor.h:87] Deconstructing Sensor
I1008 15:35:55.006805 697359 Sensor.h:87] Deconstructing Sensor
I1008 15:35:55.006911 697359 Sensor.h:87] Deconstructing Sensor
I1008 15:35:55.007012 697359 Sensor.h:87] Deconstructing Sensor
I1008 15:35:55.007146 697359 Sensor.h:87] Deconstructing Sensor
I1008 15:35:55.007248 697359 Sensor.h:87] Deconstructing Sensor
I1008 15:35:55.007346 697359 Sensor.h:87] Deconstructing Sensor
I1008 15:35:55.007447 697359 Sensor.h:87] Deconstructing Sensor
I1008 15:35:55.007544 697359 Sensor.h:87] Deconstructing Sensor
I1008 15:35:55.007642 697359 Sensor.h:87] Deconstructing Sensor
I1008 15:35:55.007750 697359 Sensor.h:87] Deconstructing Sensor
I1008 15:35:55.007848 697359 Sensor.h:87] Deconstructing Sensor
I1008 15:35:55.007975 697359 Sensor.h:87] Deconstructing Sensor
I1008 15:35:55.008103 697359 Sensor.h:87] Deconstructing Sensor
I1008 15:35:55.008229 697359 Sensor.h:87] Deconstructing Sensor
I1008 15:35:55.008351 697359 Sensor.h:87] Deconstructing Sensor
I1008 15:35:55.008472 697359 Sensor.h:87] Deconstructing Sensor
I1008 15:35:55.008595 697359 Sensor.h:87] Deconstructing Sensor
I1008 15:35:55.008720 697359 Sensor.h:87] Deconstructing Sensor
I1008 15:35:55.008847 697359 Sensor.h:87] Deconstructing Sensor
I1008 15:35:55.008967 697359 Sensor.h:87] Deconstructing Sensor
I1008 15:35:55.009094 697359 Sensor.h:87] Deconstructing Sensor
I1008 15:35:55.009186 697359 Sensor.h:87] Deconstructing Sensor
I1008 15:35:55.012557 697359 Renderer.cpp:34] Deconstructing Renderer
I1008 15:35:55.012569 697359 WindowlessContext.h:17] Deconstructing WindowlessContext
I1008 15:35:55.017751 697359 MetadataMediator.cpp:56] MetadataMediator::setActiveSceneDatasetName : Old active dataset default changed to default successfully.
I1008 15:35:55.018235 697359 AttributesManagerBase.h:283] AttributesManager<T>::createFromJsonOrDefaultInternal  (Physics Manager) : Proposing JSON name : ./data/default.physics_config.json from original name : ./data/default.physics_config.json | This file  does not exist.
I1008 15:35:55.018260 697359 PhysicsAttributesManager.cpp:27] File (./data/default.physics_config.json) not found, so new default physics manager attributes created and registered.
I1008 15:35:55.018263 697359 AbstractObjectAttributesManagerBase.h:175] AbstractObjectAttributesManager<T>::createObject  (Stage) : Making attributes with handle : data/scene_datasets/mp3d/PX4nDJXEHrG/PX4nDJXEHrG.glb
I1008 15:35:55.018266 697359 ManagedContainerBase.cpp:19] ManagedContainerBase::convertFilenameToJSON : Filename : data/scene_datasets/mp3d/PX4nDJXEHrG/PX4nDJXEHrG.glb changed to proposed JSON configuration filename : data/scene_datasets/mp3d/PX4nDJXEHrG/PX4nDJXEHrG.stage_config.json
I1008 15:35:55.018280 697359 AttributesManagerBase.h:283] AttributesManager<T>::createFromJsonOrDefaultInternal  (Stage) : Proposing JSON name : data/scene_datasets/mp3d/PX4nDJXEHrG/PX4nDJXEHrG.stage_config.json from original name : data/scene_datasets/mp3d/PX4nDJXEHrG/PX4nDJXEHrG.glb | This file  does not exist.
I1008 15:35:55.018317 697359 AbstractObjectAttributesManagerBase.h:181] AbstractObjectAttributesManager<T>::createObject  (Stage) : Done making attributes with handle : data/scene_datasets/mp3d/PX4nDJXEHrG/PX4nDJXEHrG.glb
I1008 15:35:55.018319 697359 AbstractObjectAttributesManagerBase.h:188] File (data/scene_datasets/mp3d/PX4nDJXEHrG/PX4nDJXEHrG.glb) exists but is not a recognized config filename extension, so new default Stage attributes created and registered.
I1008 15:35:55.018322 697359 Simulator.cpp:156] Loading navmesh from data/scene_datasets/mp3d/PX4nDJXEHrG/PX4nDJXEHrG.navmesh
I1008 15:35:55.018548 697359 Simulator.cpp:158] Loaded.
I1008 15:35:55.018553 697359 SceneGraph.h:93] Created DrawableGroup: 
I1008 15:35:55.022043 697359 ResourceManager.cpp:234] ResourceManager::loadStage : Not loading semantic mesh
I1008 15:35:55.022049 697359 ResourceManager.cpp:262] ResourceManager::loadStage : start load render asset data/scene_datasets/mp3d/PX4nDJXEHrG/PX4nDJXEHrG.glb.
I1008 15:35:55.022051 697359 ResourceManager.cpp:569] ResourceManager::loadStageInternal : Attempting to load stage data/scene_datasets/mp3d/PX4nDJXEHrG/PX4nDJXEHrG.glb 
I1008 15:35:55.022068 697359 ResourceManager.cpp:1119] Importing Basis files as BC7 for PX4nDJXEHrG.glb
W1008 15:35:57.563963 697359 Simulator.cpp:248] :
---
 The active scene does not contain semantic annotations. 
---
I1008 15:35:57.651627 697359 simulator.py:213] Loaded navmesh data/scene_datasets/mp3d/PX4nDJXEHrG/PX4nDJXEHrG.navmesh
I1008 15:35:58.481882 697359 PhysicsManager.cpp:33] Deconstructing PhysicsManager
I1008 15:35:58.481915 697359 SemanticScene.h:41] Deconstructing SemanticScene
I1008 15:35:58.488059 697359 SceneManager.h:25] Deconstructing SceneManager
I1008 15:35:58.488082 697359 SceneGraph.h:26] Deconstructing SceneGraph
I1008 15:35:58.488658 697359 Sensor.h:87] Deconstructing Sensor
I1008 15:35:58.489318 697359 Sensor.h:87] Deconstructing Sensor
I1008 15:35:58.489445 697359 Sensor.h:87] Deconstructing Sensor
I1008 15:35:58.489578 697359 Sensor.h:87] Deconstructing Sensor
I1008 15:35:58.489702 697359 Sensor.h:87] Deconstructing Sensor
I1008 15:35:58.489825 697359 Sensor.h:87] Deconstructing Sensor
I1008 15:35:58.489948 697359 Sensor.h:87] Deconstructing Sensor
I1008 15:35:58.490068 697359 Sensor.h:87] Deconstructing Sensor
I1008 15:35:58.490186 697359 Sensor.h:87] Deconstructing Sensor
I1008 15:35:58.490304 697359 Sensor.h:87] Deconstructing Sensor
I1008 15:35:58.490418 697359 Sensor.h:87] Deconstructing Sensor
I1008 15:35:58.490543 697359 Sensor.h:87] Deconstructing Sensor
I1008 15:35:58.490666 697359 Sensor.h:87] Deconstructing Sensor
I1008 15:35:58.490833 697359 Sensor.h:87] Deconstructing Sensor
I1008 15:35:58.490986 697359 Sensor.h:87] Deconstructing Sensor
I1008 15:35:58.491133 697359 Sensor.h:87] Deconstructing Sensor
I1008 15:35:58.491281 697359 Sensor.h:87] Deconstructing Sensor
I1008 15:35:58.491418 697359 Sensor.h:87] Deconstructing Sensor
I1008 15:35:58.491567 697359 Sensor.h:87] Deconstructing Sensor
I1008 15:35:58.491717 697359 Sensor.h:87] Deconstructing Sensor
I1008 15:35:58.491869 697359 Sensor.h:87] Deconstructing Sensor
I1008 15:35:58.492015 697359 Sensor.h:87] Deconstructing Sensor
I1008 15:35:58.492169 697359 Sensor.h:87] Deconstructing Sensor
I1008 15:35:58.492271 697359 Sensor.h:87] Deconstructing Sensor
I1008 15:35:58.498503 697359 Renderer.cpp:34] Deconstructing Renderer
I1008 15:35:58.498536 697359 WindowlessContext.h:17] Deconstructing WindowlessContext
I1008 15:35:58.505234 697359 MetadataMediator.cpp:56] MetadataMediator::setActiveSceneDatasetName : Old active dataset default changed to default successfully.
I1008 15:35:58.506315 697359 AttributesManagerBase.h:283] AttributesManager<T>::createFromJsonOrDefaultInternal  (Physics Manager) : Proposing JSON name : ./data/default.physics_config.json from original name : ./data/default.physics_config.json | This file  does not exist.
I1008 15:35:58.506349 697359 PhysicsAttributesManager.cpp:27] File (./data/default.physics_config.json) not found, so new default physics manager attributes created and registered.
I1008 15:35:58.506356 697359 AbstractObjectAttributesManagerBase.h:175] AbstractObjectAttributesManager<T>::createObject  (Stage) : Making attributes with handle : data/scene_datasets/mp3d/D7N2EKCX4Sj/D7N2EKCX4Sj.glb
I1008 15:35:58.506358 697359 ManagedContainerBase.cpp:19] ManagedContainerBase::convertFilenameToJSON : Filename : data/scene_datasets/mp3d/D7N2EKCX4Sj/D7N2EKCX4Sj.glb changed to proposed JSON configuration filename : data/scene_datasets/mp3d/D7N2EKCX4Sj/D7N2EKCX4Sj.stage_config.json
I1008 15:35:58.506373 697359 AttributesManagerBase.h:283] AttributesManager<T>::createFromJsonOrDefaultInternal  (Stage) : Proposing JSON name : data/scene_datasets/mp3d/D7N2EKCX4Sj/D7N2EKCX4Sj.stage_config.json from original name : data/scene_datasets/mp3d/D7N2EKCX4Sj/D7N2EKCX4Sj.glb | This file  does not exist.
I1008 15:35:58.506421 697359 AbstractObjectAttributesManagerBase.h:181] AbstractObjectAttributesManager<T>::createObject  (Stage) : Done making attributes with handle : data/scene_datasets/mp3d/D7N2EKCX4Sj/D7N2EKCX4Sj.glb
I1008 15:35:58.506423 697359 AbstractObjectAttributesManagerBase.h:188] File (data/scene_datasets/mp3d/D7N2EKCX4Sj/D7N2EKCX4Sj.glb) exists but is not a recognized config filename extension, so new default Stage attributes created and registered.
I1008 15:35:58.506428 697359 Simulator.cpp:156] Loading navmesh from data/scene_datasets/mp3d/D7N2EKCX4Sj/D7N2EKCX4Sj.navmesh
I1008 15:35:58.506788 697359 Simulator.cpp:158] Loaded.
I1008 15:35:58.506799 697359 SceneGraph.h:93] Created DrawableGroup: 
I1008 15:35:58.510545 697359 ResourceManager.cpp:234] ResourceManager::loadStage : Not loading semantic mesh
I1008 15:35:58.510566 697359 ResourceManager.cpp:262] ResourceManager::loadStage : start load render asset data/scene_datasets/mp3d/D7N2EKCX4Sj/D7N2EKCX4Sj.glb.
I1008 15:35:58.510568 697359 ResourceManager.cpp:569] ResourceManager::loadStageInternal : Attempting to load stage data/scene_datasets/mp3d/D7N2EKCX4Sj/D7N2EKCX4Sj.glb 
I1008 15:35:58.510592 697359 ResourceManager.cpp:1119] Importing Basis files as BC7 for D7N2EKCX4Sj.glb
W1008 15:36:02.411144 697359 Simulator.cpp:248] :
---
 The active scene does not contain semantic annotations. 
---
I1008 15:36:02.515470 697359 simulator.py:213] Loaded navmesh data/scene_datasets/mp3d/D7N2EKCX4Sj/D7N2EKCX4Sj.navmesh
I1008 15:36:03.014014 697359 PhysicsManager.cpp:33] Deconstructing PhysicsManager
I1008 15:36:03.014037 697359 SemanticScene.h:41] Deconstructing SemanticScene
I1008 15:36:03.018913 697359 SceneManager.h:25] Deconstructing SceneManager
I1008 15:36:03.018921 697359 SceneGraph.h:26] Deconstructing SceneGraph
I1008 15:36:03.019377 697359 Sensor.h:87] Deconstructing Sensor
I1008 15:36:03.019675 697359 Sensor.h:87] Deconstructing Sensor
I1008 15:36:03.019781 697359 Sensor.h:87] Deconstructing Sensor
I1008 15:36:03.019891 697359 Sensor.h:87] Deconstructing Sensor
I1008 15:36:03.019994 697359 Sensor.h:87] Deconstructing Sensor
I1008 15:36:03.020089 697359 Sensor.h:87] Deconstructing Sensor
I1008 15:36:03.020190 697359 Sensor.h:87] Deconstructing Sensor
I1008 15:36:03.020285 697359 Sensor.h:87] Deconstructing Sensor
I1008 15:36:03.020387 697359 Sensor.h:87] Deconstructing Sensor
I1008 15:36:03.020596 697359 Sensor.h:87] Deconstructing Sensor
I1008 15:36:03.020725 697359 Sensor.h:87] Deconstructing Sensor
I1008 15:36:03.020833 697359 Sensor.h:87] Deconstructing Sensor
I1008 15:36:03.020934 697359 Sensor.h:87] Deconstructing Sensor
I1008 15:36:03.021059 697359 Sensor.h:87] Deconstructing Sensor
I1008 15:36:03.021190 697359 Sensor.h:87] Deconstructing Sensor
I1008 15:36:03.021322 697359 Sensor.h:87] Deconstructing Sensor
I1008 15:36:03.021449 697359 Sensor.h:87] Deconstructing Sensor
I1008 15:36:03.021569 697359 Sensor.h:87] Deconstructing Sensor
I1008 15:36:03.021698 697359 Sensor.h:87] Deconstructing Sensor
I1008 15:36:03.021826 697359 Sensor.h:87] Deconstructing Sensor
I1008 15:36:03.021950 697359 Sensor.h:87] Deconstructing Sensor
I1008 15:36:03.022071 697359 Sensor.h:87] Deconstructing Sensor
I1008 15:36:03.022202 697359 Sensor.h:87] Deconstructing Sensor
I1008 15:36:03.022289 697359 Sensor.h:87] Deconstructing Sensor
I1008 15:36:03.029248 697359 Renderer.cpp:34] Deconstructing Renderer
I1008 15:36:03.029274 697359 WindowlessContext.h:17] Deconstructing WindowlessContext
I1008 15:36:03.035914 697359 MetadataMediator.cpp:56] MetadataMediator::setActiveSceneDatasetName : Old active dataset default changed to default successfully.
I1008 15:36:03.036543 697359 AttributesManagerBase.h:283] AttributesManager<T>::createFromJsonOrDefaultInternal  (Physics Manager) : Proposing JSON name : ./data/default.physics_config.json from original name : ./data/default.physics_config.json | This file  does not exist.
I1008 15:36:03.036568 697359 PhysicsAttributesManager.cpp:27] File (./data/default.physics_config.json) not found, so new default physics manager attributes created and registered.
I1008 15:36:03.036574 697359 AbstractObjectAttributesManagerBase.h:175] AbstractObjectAttributesManager<T>::createObject  (Stage) : Making attributes with handle : data/scene_datasets/mp3d/ur6pFq6Qu1A/ur6pFq6Qu1A.glb
I1008 15:36:03.036577 697359 ManagedContainerBase.cpp:19] ManagedContainerBase::convertFilenameToJSON : Filename : data/scene_datasets/mp3d/ur6pFq6Qu1A/ur6pFq6Qu1A.glb changed to proposed JSON configuration filename : data/scene_datasets/mp3d/ur6pFq6Qu1A/ur6pFq6Qu1A.stage_config.json
I1008 15:36:03.036592 697359 AttributesManagerBase.h:283] AttributesManager<T>::createFromJsonOrDefaultInternal  (Stage) : Proposing JSON name : data/scene_datasets/mp3d/ur6pFq6Qu1A/ur6pFq6Qu1A.stage_config.json from original name : data/scene_datasets/mp3d/ur6pFq6Qu1A/ur6pFq6Qu1A.glb | This file  does not exist.
I1008 15:36:03.036644 697359 AbstractObjectAttributesManagerBase.h:181] AbstractObjectAttributesManager<T>::createObject  (Stage) : Done making attributes with handle : data/scene_datasets/mp3d/ur6pFq6Qu1A/ur6pFq6Qu1A.glb
I1008 15:36:03.036645 697359 AbstractObjectAttributesManagerBase.h:188] File (data/scene_datasets/mp3d/ur6pFq6Qu1A/ur6pFq6Qu1A.glb) exists but is not a recognized config filename extension, so new default Stage attributes created and registered.
I1008 15:36:03.036648 697359 Simulator.cpp:156] Loading navmesh from data/scene_datasets/mp3d/ur6pFq6Qu1A/ur6pFq6Qu1A.navmesh
I1008 15:36:03.036852 697359 Simulator.cpp:158] Loaded.
I1008 15:36:03.036859 697359 SceneGraph.h:93] Created DrawableGroup: 
I1008 15:36:03.040033 697359 ResourceManager.cpp:234] ResourceManager::loadStage : Not loading semantic mesh
I1008 15:36:03.040040 697359 ResourceManager.cpp:262] ResourceManager::loadStage : start load render asset data/scene_datasets/mp3d/ur6pFq6Qu1A/ur6pFq6Qu1A.glb.
I1008 15:36:03.040040 697359 ResourceManager.cpp:569] ResourceManager::loadStageInternal : Attempting to load stage data/scene_datasets/mp3d/ur6pFq6Qu1A/ur6pFq6Qu1A.glb 
I1008 15:36:03.040055 697359 ResourceManager.cpp:1119] Importing Basis files as BC7 for ur6pFq6Qu1A.glb
W1008 15:36:05.195008 697359 Simulator.cpp:248] :
---
 The active scene does not contain semantic annotations. 
---
I1008 15:36:05.250867 697359 simulator.py:213] Loaded navmesh data/scene_datasets/mp3d/ur6pFq6Qu1A/ur6pFq6Qu1A.navmesh
I1008 15:36:05.632973 697359 PhysicsManager.cpp:33] Deconstructing PhysicsManager
I1008 15:36:05.632997 697359 SemanticScene.h:41] Deconstructing SemanticScene
I1008 15:36:05.635535 697359 SceneManager.h:25] Deconstructing SceneManager
I1008 15:36:05.635541 697359 SceneGraph.h:26] Deconstructing SceneGraph
I1008 15:36:05.636023 697359 Sensor.h:87] Deconstructing Sensor
I1008 15:36:05.636289 697359 Sensor.h:87] Deconstructing Sensor
I1008 15:36:05.636392 697359 Sensor.h:87] Deconstructing Sensor
I1008 15:36:05.636499 697359 Sensor.h:87] Deconstructing Sensor
I1008 15:36:05.636602 697359 Sensor.h:87] Deconstructing Sensor
I1008 15:36:05.636709 697359 Sensor.h:87] Deconstructing Sensor
I1008 15:36:05.636814 697359 Sensor.h:87] Deconstructing Sensor
I1008 15:36:05.636914 697359 Sensor.h:87] Deconstructing Sensor
I1008 15:36:05.637015 697359 Sensor.h:87] Deconstructing Sensor
I1008 15:36:05.637113 697359 Sensor.h:87] Deconstructing Sensor
I1008 15:36:05.637210 697359 Sensor.h:87] Deconstructing Sensor
I1008 15:36:05.637312 697359 Sensor.h:87] Deconstructing Sensor
I1008 15:36:05.637411 697359 Sensor.h:87] Deconstructing Sensor
I1008 15:36:05.637534 697359 Sensor.h:87] Deconstructing Sensor
I1008 15:36:05.637665 697359 Sensor.h:87] Deconstructing Sensor
I1008 15:36:05.637801 697359 Sensor.h:87] Deconstructing Sensor
I1008 15:36:05.637925 697359 Sensor.h:87] Deconstructing Sensor
I1008 15:36:05.638046 697359 Sensor.h:87] Deconstructing Sensor
I1008 15:36:05.638170 697359 Sensor.h:87] Deconstructing Sensor
I1008 15:36:05.638294 697359 Sensor.h:87] Deconstructing Sensor
I1008 15:36:05.638415 697359 Sensor.h:87] Deconstructing Sensor
I1008 15:36:05.638535 697359 Sensor.h:87] Deconstructing Sensor
I1008 15:36:05.638660 697359 Sensor.h:87] Deconstructing Sensor
I1008 15:36:05.638778 697359 Sensor.h:87] Deconstructing Sensor
I1008 15:36:05.643072 697359 Renderer.cpp:34] Deconstructing Renderer
I1008 15:36:05.643086 697359 WindowlessContext.h:17] Deconstructing WindowlessContext
I1008 15:36:05.648300 697359 MetadataMediator.cpp:56] MetadataMediator::setActiveSceneDatasetName : Old active dataset default changed to default successfully.
I1008 15:36:05.649026 697359 AttributesManagerBase.h:283] AttributesManager<T>::createFromJsonOrDefaultInternal  (Physics Manager) : Proposing JSON name : ./data/default.physics_config.json from original name : ./data/default.physics_config.json | This file  does not exist.
I1008 15:36:05.649052 697359 PhysicsAttributesManager.cpp:27] File (./data/default.physics_config.json) not found, so new default physics manager attributes created and registered.
I1008 15:36:05.649066 697359 AbstractObjectAttributesManagerBase.h:175] AbstractObjectAttributesManager<T>::createObject  (Stage) : Making attributes with handle : data/scene_datasets/mp3d/ZMojNkEp431/ZMojNkEp431.glb
I1008 15:36:05.649070 697359 ManagedContainerBase.cpp:19] ManagedContainerBase::convertFilenameToJSON : Filename : data/scene_datasets/mp3d/ZMojNkEp431/ZMojNkEp431.glb changed to proposed JSON configuration filename : data/scene_datasets/mp3d/ZMojNkEp431/ZMojNkEp431.stage_config.json
I1008 15:36:05.649084 697359 AttributesManagerBase.h:283] AttributesManager<T>::createFromJsonOrDefaultInternal  (Stage) : Proposing JSON name : data/scene_datasets/mp3d/ZMojNkEp431/ZMojNkEp431.stage_config.json from original name : data/scene_datasets/mp3d/ZMojNkEp431/ZMojNkEp431.glb | This file  does not exist.
I1008 15:36:05.649125 697359 AbstractObjectAttributesManagerBase.h:181] AbstractObjectAttributesManager<T>::createObject  (Stage) : Done making attributes with handle : data/scene_datasets/mp3d/ZMojNkEp431/ZMojNkEp431.glb
I1008 15:36:05.649127 697359 AbstractObjectAttributesManagerBase.h:188] File (data/scene_datasets/mp3d/ZMojNkEp431/ZMojNkEp431.glb) exists but is not a recognized config filename extension, so new default Stage attributes created and registered.
I1008 15:36:05.649129 697359 Simulator.cpp:156] Loading navmesh from data/scene_datasets/mp3d/ZMojNkEp431/ZMojNkEp431.navmesh
I1008 15:36:05.649261 697359 Simulator.cpp:158] Loaded.
I1008 15:36:05.649266 697359 SceneGraph.h:93] Created DrawableGroup: 
I1008 15:36:05.652462 697359 ResourceManager.cpp:234] ResourceManager::loadStage : Not loading semantic mesh
I1008 15:36:05.652468 697359 ResourceManager.cpp:262] ResourceManager::loadStage : start load render asset data/scene_datasets/mp3d/ZMojNkEp431/ZMojNkEp431.glb.
I1008 15:36:05.652469 697359 ResourceManager.cpp:569] ResourceManager::loadStageInternal : Attempting to load stage data/scene_datasets/mp3d/ZMojNkEp431/ZMojNkEp431.glb 
I1008 15:36:05.652486 697359 ResourceManager.cpp:1119] Importing Basis files as BC7 for ZMojNkEp431.glb
W1008 15:36:06.933460 697359 Simulator.cpp:248] :
---
 The active scene does not contain semantic annotations. 
---
I1008 15:36:06.972129 697359 simulator.py:213] Loaded navmesh data/scene_datasets/mp3d/ZMojNkEp431/ZMojNkEp431.navmesh
I1008 15:36:07.612897 697359 PhysicsManager.cpp:33] Deconstructing PhysicsManager
I1008 15:36:07.612921 697359 SemanticScene.h:41] Deconstructing SemanticScene
I1008 15:36:07.614760 697359 SceneManager.h:25] Deconstructing SceneManager
I1008 15:36:07.614764 697359 SceneGraph.h:26] Deconstructing SceneGraph
I1008 15:36:07.615206 697359 Sensor.h:87] Deconstructing Sensor
I1008 15:36:07.615387 697359 Sensor.h:87] Deconstructing Sensor
I1008 15:36:07.615489 697359 Sensor.h:87] Deconstructing Sensor
I1008 15:36:07.615592 697359 Sensor.h:87] Deconstructing Sensor
I1008 15:36:07.615695 697359 Sensor.h:87] Deconstructing Sensor
I1008 15:36:07.615793 697359 Sensor.h:87] Deconstructing Sensor
I1008 15:36:07.615895 697359 Sensor.h:87] Deconstructing Sensor
I1008 15:36:07.615993 697359 Sensor.h:87] Deconstructing Sensor
I1008 15:36:07.616093 697359 Sensor.h:87] Deconstructing Sensor
I1008 15:36:07.616189 697359 Sensor.h:87] Deconstructing Sensor
I1008 15:36:07.616285 697359 Sensor.h:87] Deconstructing Sensor
I1008 15:36:07.616381 697359 Sensor.h:87] Deconstructing Sensor
I1008 15:36:07.616477 697359 Sensor.h:87] Deconstructing Sensor
I1008 15:36:07.616597 697359 Sensor.h:87] Deconstructing Sensor
I1008 15:36:07.616726 697359 Sensor.h:87] Deconstructing Sensor
I1008 15:36:07.616846 697359 Sensor.h:87] Deconstructing Sensor
I1008 15:36:07.616971 697359 Sensor.h:87] Deconstructing Sensor
I1008 15:36:07.617087 697359 Sensor.h:87] Deconstructing Sensor
I1008 15:36:07.617206 697359 Sensor.h:87] Deconstructing Sensor
I1008 15:36:07.617328 697359 Sensor.h:87] Deconstructing Sensor
I1008 15:36:07.617445 697359 Sensor.h:87] Deconstructing Sensor
I1008 15:36:07.617564 697359 Sensor.h:87] Deconstructing Sensor
I1008 15:36:07.617690 697359 Sensor.h:87] Deconstructing Sensor
I1008 15:36:07.617766 697359 Sensor.h:87] Deconstructing Sensor
I1008 15:36:07.620678 697359 Renderer.cpp:34] Deconstructing Renderer
I1008 15:36:07.620684 697359 WindowlessContext.h:17] Deconstructing WindowlessContext
I1008 15:36:07.623908 697359 MetadataMediator.cpp:56] MetadataMediator::setActiveSceneDatasetName : Old active dataset default changed to default successfully.
I1008 15:36:07.624342 697359 AttributesManagerBase.h:283] AttributesManager<T>::createFromJsonOrDefaultInternal  (Physics Manager) : Proposing JSON name : ./data/default.physics_config.json from original name : ./data/default.physics_config.json | This file  does not exist.
I1008 15:36:07.624365 697359 PhysicsAttributesManager.cpp:27] File (./data/default.physics_config.json) not found, so new default physics manager attributes created and registered.
I1008 15:36:07.624369 697359 AbstractObjectAttributesManagerBase.h:175] AbstractObjectAttributesManager<T>::createObject  (Stage) : Making attributes with handle : data/scene_datasets/mp3d/PX4nDJXEHrG/PX4nDJXEHrG.glb
I1008 15:36:07.624372 697359 ManagedContainerBase.cpp:19] ManagedContainerBase::convertFilenameToJSON : Filename : data/scene_datasets/mp3d/PX4nDJXEHrG/PX4nDJXEHrG.glb changed to proposed JSON configuration filename : data/scene_datasets/mp3d/PX4nDJXEHrG/PX4nDJXEHrG.stage_config.json
I1008 15:36:07.624388 697359 AttributesManagerBase.h:283] AttributesManager<T>::createFromJsonOrDefaultInternal  (Stage) : Proposing JSON name : data/scene_datasets/mp3d/PX4nDJXEHrG/PX4nDJXEHrG.stage_config.json from original name : data/scene_datasets/mp3d/PX4nDJXEHrG/PX4nDJXEHrG.glb | This file  does not exist.
I1008 15:36:07.624429 697359 AbstractObjectAttributesManagerBase.h:181] AbstractObjectAttributesManager<T>::createObject  (Stage) : Done making attributes with handle : data/scene_datasets/mp3d/PX4nDJXEHrG/PX4nDJXEHrG.glb
I1008 15:36:07.624430 697359 AbstractObjectAttributesManagerBase.h:188] File (data/scene_datasets/mp3d/PX4nDJXEHrG/PX4nDJXEHrG.glb) exists but is not a recognized config filename extension, so new default Stage attributes created and registered.
I1008 15:36:07.624433 697359 Simulator.cpp:156] Loading navmesh from data/scene_datasets/mp3d/PX4nDJXEHrG/PX4nDJXEHrG.navmesh
I1008 15:36:07.624657 697359 Simulator.cpp:158] Loaded.
I1008 15:36:07.624665 697359 SceneGraph.h:93] Created DrawableGroup: 
I1008 15:36:07.627961 697359 ResourceManager.cpp:234] ResourceManager::loadStage : Not loading semantic mesh
I1008 15:36:07.627967 697359 ResourceManager.cpp:262] ResourceManager::loadStage : start load render asset data/scene_datasets/mp3d/PX4nDJXEHrG/PX4nDJXEHrG.glb.
I1008 15:36:07.627969 697359 ResourceManager.cpp:569] ResourceManager::loadStageInternal : Attempting to load stage data/scene_datasets/mp3d/PX4nDJXEHrG/PX4nDJXEHrG.glb 
I1008 15:36:07.627987 697359 ResourceManager.cpp:1119] Importing Basis files as BC7 for PX4nDJXEHrG.glb
W1008 15:36:10.066556 697359 Simulator.cpp:248] :
---
 The active scene does not contain semantic annotations. 
---
I1008 15:36:10.151111 697359 simulator.py:213] Loaded navmesh data/scene_datasets/mp3d/PX4nDJXEHrG/PX4nDJXEHrG.navmesh
I1008 15:36:10.693463 697359 PhysicsManager.cpp:33] Deconstructing PhysicsManager
I1008 15:36:10.693488 697359 SemanticScene.h:41] Deconstructing SemanticScene
I1008 15:36:10.700330 697359 SceneManager.h:25] Deconstructing SceneManager
I1008 15:36:10.700351 697359 SceneGraph.h:26] Deconstructing SceneGraph
I1008 15:36:10.700855 697359 Sensor.h:87] Deconstructing Sensor
I1008 15:36:10.701212 697359 Sensor.h:87] Deconstructing Sensor
I1008 15:36:10.701315 697359 Sensor.h:87] Deconstructing Sensor
I1008 15:36:10.701424 697359 Sensor.h:87] Deconstructing Sensor
I1008 15:36:10.701522 697359 Sensor.h:87] Deconstructing Sensor
I1008 15:36:10.701620 697359 Sensor.h:87] Deconstructing Sensor
I1008 15:36:10.701725 697359 Sensor.h:87] Deconstructing Sensor
I1008 15:36:10.701825 697359 Sensor.h:87] Deconstructing Sensor
I1008 15:36:10.701923 697359 Sensor.h:87] Deconstructing Sensor
I1008 15:36:10.702030 697359 Sensor.h:87] Deconstructing Sensor
I1008 15:36:10.702126 697359 Sensor.h:87] Deconstructing Sensor
I1008 15:36:10.702227 697359 Sensor.h:87] Deconstructing Sensor
I1008 15:36:10.702323 697359 Sensor.h:87] Deconstructing Sensor
I1008 15:36:10.702450 697359 Sensor.h:87] Deconstructing Sensor
I1008 15:36:10.702587 697359 Sensor.h:87] Deconstructing Sensor
I1008 15:36:10.702710 697359 Sensor.h:87] Deconstructing Sensor
I1008 15:36:10.702836 697359 Sensor.h:87] Deconstructing Sensor
I1008 15:36:10.702953 697359 Sensor.h:87] Deconstructing Sensor
I1008 15:36:10.703075 697359 Sensor.h:87] Deconstructing Sensor
I1008 15:36:10.703197 697359 Sensor.h:87] Deconstructing Sensor
I1008 15:36:10.703317 697359 Sensor.h:87] Deconstructing Sensor
I1008 15:36:10.703439 697359 Sensor.h:87] Deconstructing Sensor
I1008 15:36:10.703590 697359 Sensor.h:87] Deconstructing Sensor
I1008 15:36:10.703684 697359 Sensor.h:87] Deconstructing Sensor
I1008 15:36:10.708178 697359 Renderer.cpp:34] Deconstructing Renderer
I1008 15:36:10.708189 697359 WindowlessContext.h:17] Deconstructing WindowlessContext
I1008 15:36:10.713966 697359 MetadataMediator.cpp:56] MetadataMediator::setActiveSceneDatasetName : Old active dataset default changed to default successfully.
I1008 15:36:10.714715 697359 AttributesManagerBase.h:283] AttributesManager<T>::createFromJsonOrDefaultInternal  (Physics Manager) : Proposing JSON name : ./data/default.physics_config.json from original name : ./data/default.physics_config.json | This file  does not exist.
I1008 15:36:10.714738 697359 PhysicsAttributesManager.cpp:27] File (./data/default.physics_config.json) not found, so new default physics manager attributes created and registered.
I1008 15:36:10.714743 697359 AbstractObjectAttributesManagerBase.h:175] AbstractObjectAttributesManager<T>::createObject  (Stage) : Making attributes with handle : data/scene_datasets/mp3d/JmbYfDe2QKZ/JmbYfDe2QKZ.glb
I1008 15:36:10.714745 697359 ManagedContainerBase.cpp:19] ManagedContainerBase::convertFilenameToJSON : Filename : data/scene_datasets/mp3d/JmbYfDe2QKZ/JmbYfDe2QKZ.glb changed to proposed JSON configuration filename : data/scene_datasets/mp3d/JmbYfDe2QKZ/JmbYfDe2QKZ.stage_config.json
I1008 15:36:10.714757 697359 AttributesManagerBase.h:283] AttributesManager<T>::createFromJsonOrDefaultInternal  (Stage) : Proposing JSON name : data/scene_datasets/mp3d/JmbYfDe2QKZ/JmbYfDe2QKZ.stage_config.json from original name : data/scene_datasets/mp3d/JmbYfDe2QKZ/JmbYfDe2QKZ.glb | This file  does not exist.
I1008 15:36:10.714797 697359 AbstractObjectAttributesManagerBase.h:181] AbstractObjectAttributesManager<T>::createObject  (Stage) : Done making attributes with handle : data/scene_datasets/mp3d/JmbYfDe2QKZ/JmbYfDe2QKZ.glb
I1008 15:36:10.714798 697359 AbstractObjectAttributesManagerBase.h:188] File (data/scene_datasets/mp3d/JmbYfDe2QKZ/JmbYfDe2QKZ.glb) exists but is not a recognized config filename extension, so new default Stage attributes created and registered.
I1008 15:36:10.714802 697359 Simulator.cpp:156] Loading navmesh from data/scene_datasets/mp3d/JmbYfDe2QKZ/JmbYfDe2QKZ.navmesh
I1008 15:36:10.714884 697359 Simulator.cpp:158] Loaded.
I1008 15:36:10.714888 697359 SceneGraph.h:93] Created DrawableGroup: 
I1008 15:36:10.717988 697359 ResourceManager.cpp:234] ResourceManager::loadStage : Not loading semantic mesh
I1008 15:36:10.717993 697359 ResourceManager.cpp:262] ResourceManager::loadStage : start load render asset data/scene_datasets/mp3d/JmbYfDe2QKZ/JmbYfDe2QKZ.glb.
I1008 15:36:10.717994 697359 ResourceManager.cpp:569] ResourceManager::loadStageInternal : Attempting to load stage data/scene_datasets/mp3d/JmbYfDe2QKZ/JmbYfDe2QKZ.glb 
I1008 15:36:10.718004 697359 ResourceManager.cpp:1119] Importing Basis files as BC7 for JmbYfDe2QKZ.glb
W1008 15:36:11.749292 697359 Simulator.cpp:248] :
---
 The active scene does not contain semantic annotations. 
---
I1008 15:36:11.796978 697359 simulator.py:213] Loaded navmesh data/scene_datasets/mp3d/JmbYfDe2QKZ/JmbYfDe2QKZ.navmesh
I1008 15:36:12.357159 697359 PhysicsManager.cpp:33] Deconstructing PhysicsManager
I1008 15:36:12.357187 697359 SemanticScene.h:41] Deconstructing SemanticScene
I1008 15:36:12.359797 697359 SceneManager.h:25] Deconstructing SceneManager
I1008 15:36:12.359805 697359 SceneGraph.h:26] Deconstructing SceneGraph
I1008 15:36:12.360231 697359 Sensor.h:87] Deconstructing Sensor
I1008 15:36:12.360721 697359 Sensor.h:87] Deconstructing Sensor
I1008 15:36:12.360836 697359 Sensor.h:87] Deconstructing Sensor
I1008 15:36:12.360965 697359 Sensor.h:87] Deconstructing Sensor
I1008 15:36:12.361073 697359 Sensor.h:87] Deconstructing Sensor
I1008 15:36:12.361176 697359 Sensor.h:87] Deconstructing Sensor
I1008 15:36:12.361285 697359 Sensor.h:87] Deconstructing Sensor
I1008 15:36:12.361387 697359 Sensor.h:87] Deconstructing Sensor
I1008 15:36:12.361495 697359 Sensor.h:87] Deconstructing Sensor
I1008 15:36:12.361596 697359 Sensor.h:87] Deconstructing Sensor
I1008 15:36:12.361702 697359 Sensor.h:87] Deconstructing Sensor
I1008 15:36:12.361810 697359 Sensor.h:87] Deconstructing Sensor
I1008 15:36:12.361915 697359 Sensor.h:87] Deconstructing Sensor
I1008 15:36:12.362051 697359 Sensor.h:87] Deconstructing Sensor
I1008 15:36:12.362187 697359 Sensor.h:87] Deconstructing Sensor
I1008 15:36:12.362321 697359 Sensor.h:87] Deconstructing Sensor
I1008 15:36:12.362455 697359 Sensor.h:87] Deconstructing Sensor
I1008 15:36:12.364238 697359 Sensor.h:87] Deconstructing Sensor
I1008 15:36:12.364477 697359 Sensor.h:87] Deconstructing Sensor
I1008 15:36:12.364611 697359 Sensor.h:87] Deconstructing Sensor
I1008 15:36:12.364753 697359 Sensor.h:87] Deconstructing Sensor
I1008 15:36:12.364877 697359 Sensor.h:87] Deconstructing Sensor
I1008 15:36:12.365021 697359 Sensor.h:87] Deconstructing Sensor
I1008 15:36:12.365557 697359 Sensor.h:87] Deconstructing Sensor
I1008 15:36:12.368896 697359 Renderer.cpp:34] Deconstructing Renderer
I1008 15:36:12.368908 697359 WindowlessContext.h:17] Deconstructing WindowlessContext
I1008 15:36:12.371501 697359 MetadataMediator.cpp:56] MetadataMediator::setActiveSceneDatasetName : Old active dataset default changed to default successfully.
I1008 15:36:12.372066 697359 AttributesManagerBase.h:283] AttributesManager<T>::createFromJsonOrDefaultInternal  (Physics Manager) : Proposing JSON name : ./data/default.physics_config.json from original name : ./data/default.physics_config.json | This file  does not exist.
I1008 15:36:12.372092 697359 PhysicsAttributesManager.cpp:27] File (./data/default.physics_config.json) not found, so new default physics manager attributes created and registered.
I1008 15:36:12.372097 697359 AbstractObjectAttributesManagerBase.h:175] AbstractObjectAttributesManager<T>::createObject  (Stage) : Making attributes with handle : data/scene_datasets/mp3d/pRbA3pwrgk9/pRbA3pwrgk9.glb
I1008 15:36:12.372099 697359 ManagedContainerBase.cpp:19] ManagedContainerBase::convertFilenameToJSON : Filename : data/scene_datasets/mp3d/pRbA3pwrgk9/pRbA3pwrgk9.glb changed to proposed JSON configuration filename : data/scene_datasets/mp3d/pRbA3pwrgk9/pRbA3pwrgk9.stage_config.json
I1008 15:36:12.372114 697359 AttributesManagerBase.h:283] AttributesManager<T>::createFromJsonOrDefaultInternal  (Stage) : Proposing JSON name : data/scene_datasets/mp3d/pRbA3pwrgk9/pRbA3pwrgk9.stage_config.json from original name : data/scene_datasets/mp3d/pRbA3pwrgk9/pRbA3pwrgk9.glb | This file  does not exist.
I1008 15:36:12.372154 697359 AbstractObjectAttributesManagerBase.h:181] AbstractObjectAttributesManager<T>::createObject  (Stage) : Done making attributes with handle : data/scene_datasets/mp3d/pRbA3pwrgk9/pRbA3pwrgk9.glb
I1008 15:36:12.372155 697359 AbstractObjectAttributesManagerBase.h:188] File (data/scene_datasets/mp3d/pRbA3pwrgk9/pRbA3pwrgk9.glb) exists but is not a recognized config filename extension, so new default Stage attributes created and registered.
I1008 15:36:12.372159 697359 Simulator.cpp:156] Loading navmesh from data/scene_datasets/mp3d/pRbA3pwrgk9/pRbA3pwrgk9.navmesh
I1008 15:36:12.372279 697359 Simulator.cpp:158] Loaded.
I1008 15:36:12.372284 697359 SceneGraph.h:93] Created DrawableGroup: 
I1008 15:36:12.375430 697359 ResourceManager.cpp:234] ResourceManager::loadStage : Not loading semantic mesh
I1008 15:36:12.375437 697359 ResourceManager.cpp:262] ResourceManager::loadStage : start load render asset data/scene_datasets/mp3d/pRbA3pwrgk9/pRbA3pwrgk9.glb.
I1008 15:36:12.375437 697359 ResourceManager.cpp:569] ResourceManager::loadStageInternal : Attempting to load stage data/scene_datasets/mp3d/pRbA3pwrgk9/pRbA3pwrgk9.glb 
I1008 15:36:12.375454 697359 ResourceManager.cpp:1119] Importing Basis files as BC7 for pRbA3pwrgk9.glb
W1008 15:36:13.517098 697359 Simulator.cpp:248] :
---
 The active scene does not contain semantic annotations. 
---
I1008 15:36:13.567603 697359 simulator.py:213] Loaded navmesh data/scene_datasets/mp3d/pRbA3pwrgk9/pRbA3pwrgk9.navmesh
I1008 15:36:14.039485 697359 PhysicsManager.cpp:33] Deconstructing PhysicsManager
I1008 15:36:14.039510 697359 SemanticScene.h:41] Deconstructing SemanticScene
I1008 15:36:14.042070 697359 SceneManager.h:25] Deconstructing SceneManager
I1008 15:36:14.042078 697359 SceneGraph.h:26] Deconstructing SceneGraph
I1008 15:36:14.042434 697359 Sensor.h:87] Deconstructing Sensor
I1008 15:36:14.042805 697359 Sensor.h:87] Deconstructing Sensor
I1008 15:36:14.042908 697359 Sensor.h:87] Deconstructing Sensor
I1008 15:36:14.043017 697359 Sensor.h:87] Deconstructing Sensor
I1008 15:36:14.043119 697359 Sensor.h:87] Deconstructing Sensor
I1008 15:36:14.043219 697359 Sensor.h:87] Deconstructing Sensor
I1008 15:36:14.043322 697359 Sensor.h:87] Deconstructing Sensor
I1008 15:36:14.043421 697359 Sensor.h:87] Deconstructing Sensor
I1008 15:36:14.043522 697359 Sensor.h:87] Deconstructing Sensor
I1008 15:36:14.043620 697359 Sensor.h:87] Deconstructing Sensor
I1008 15:36:14.043725 697359 Sensor.h:87] Deconstructing Sensor
I1008 15:36:14.043828 697359 Sensor.h:87] Deconstructing Sensor
I1008 15:36:14.043924 697359 Sensor.h:87] Deconstructing Sensor
I1008 15:36:14.044049 697359 Sensor.h:87] Deconstructing Sensor
I1008 15:36:14.044176 697359 Sensor.h:87] Deconstructing Sensor
I1008 15:36:14.044296 697359 Sensor.h:87] Deconstructing Sensor
I1008 15:36:14.044420 697359 Sensor.h:87] Deconstructing Sensor
I1008 15:36:14.044541 697359 Sensor.h:87] Deconstructing Sensor
I1008 15:36:14.044665 697359 Sensor.h:87] Deconstructing Sensor
I1008 15:36:14.044788 697359 Sensor.h:87] Deconstructing Sensor
I1008 15:36:14.044909 697359 Sensor.h:87] Deconstructing Sensor
I1008 15:36:14.045027 697359 Sensor.h:87] Deconstructing Sensor
I1008 15:36:14.045152 697359 Sensor.h:87] Deconstructing Sensor
I1008 15:36:14.045228 697359 Sensor.h:87] Deconstructing Sensor
I1008 15:36:14.047670 697359 Renderer.cpp:34] Deconstructing Renderer
I1008 15:36:14.047683 697359 WindowlessContext.h:17] Deconstructing WindowlessContext
I1008 15:36:14.050544 697359 MetadataMediator.cpp:56] MetadataMediator::setActiveSceneDatasetName : Old active dataset default changed to default successfully.
I1008 15:36:14.051071 697359 AttributesManagerBase.h:283] AttributesManager<T>::createFromJsonOrDefaultInternal  (Physics Manager) : Proposing JSON name : ./data/default.physics_config.json from original name : ./data/default.physics_config.json | This file  does not exist.
I1008 15:36:14.051095 697359 PhysicsAttributesManager.cpp:27] File (./data/default.physics_config.json) not found, so new default physics manager attributes created and registered.
I1008 15:36:14.051100 697359 AbstractObjectAttributesManagerBase.h:175] AbstractObjectAttributesManager<T>::createObject  (Stage) : Making attributes with handle : data/scene_datasets/mp3d/D7N2EKCX4Sj/D7N2EKCX4Sj.glb
I1008 15:36:14.051103 697359 ManagedContainerBase.cpp:19] ManagedContainerBase::convertFilenameToJSON : Filename : data/scene_datasets/mp3d/D7N2EKCX4Sj/D7N2EKCX4Sj.glb changed to proposed JSON configuration filename : data/scene_datasets/mp3d/D7N2EKCX4Sj/D7N2EKCX4Sj.stage_config.json
I1008 15:36:14.051116 697359 AttributesManagerBase.h:283] AttributesManager<T>::createFromJsonOrDefaultInternal  (Stage) : Proposing JSON name : data/scene_datasets/mp3d/D7N2EKCX4Sj/D7N2EKCX4Sj.stage_config.json from original name : data/scene_datasets/mp3d/D7N2EKCX4Sj/D7N2EKCX4Sj.glb | This file  does not exist.
I1008 15:36:14.051164 697359 AbstractObjectAttributesManagerBase.h:181] AbstractObjectAttributesManager<T>::createObject  (Stage) : Done making attributes with handle : data/scene_datasets/mp3d/D7N2EKCX4Sj/D7N2EKCX4Sj.glb
I1008 15:36:14.051165 697359 AbstractObjectAttributesManagerBase.h:188] File (data/scene_datasets/mp3d/D7N2EKCX4Sj/D7N2EKCX4Sj.glb) exists but is not a recognized config filename extension, so new default Stage attributes created and registered.
I1008 15:36:14.051168 697359 Simulator.cpp:156] Loading navmesh from data/scene_datasets/mp3d/D7N2EKCX4Sj/D7N2EKCX4Sj.navmesh
I1008 15:36:14.051442 697359 Simulator.cpp:158] Loaded.
I1008 15:36:14.051448 697359 SceneGraph.h:93] Created DrawableGroup: 
I1008 15:36:14.054755 697359 ResourceManager.cpp:234] ResourceManager::loadStage : Not loading semantic mesh
I1008 15:36:14.054762 697359 ResourceManager.cpp:262] ResourceManager::loadStage : start load render asset data/scene_datasets/mp3d/D7N2EKCX4Sj/D7N2EKCX4Sj.glb.
I1008 15:36:14.054764 697359 ResourceManager.cpp:569] ResourceManager::loadStageInternal : Attempting to load stage data/scene_datasets/mp3d/D7N2EKCX4Sj/D7N2EKCX4Sj.glb 
I1008 15:36:14.054780 697359 ResourceManager.cpp:1119] Importing Basis files as BC7 for D7N2EKCX4Sj.glb
W1008 15:36:18.063359 697359 Simulator.cpp:248] :
---
 The active scene does not contain semantic annotations. 
---
I1008 15:36:18.174155 697359 simulator.py:213] Loaded navmesh data/scene_datasets/mp3d/D7N2EKCX4Sj/D7N2EKCX4Sj.navmesh
I1008 15:36:18.806821 697359 PhysicsManager.cpp:33] Deconstructing PhysicsManager
I1008 15:36:18.806842 697359 SemanticScene.h:41] Deconstructing SemanticScene
I1008 15:36:18.811677 697359 SceneManager.h:25] Deconstructing SceneManager
I1008 15:36:18.811682 697359 SceneGraph.h:26] Deconstructing SceneGraph
I1008 15:36:18.812115 697359 Sensor.h:87] Deconstructing Sensor
I1008 15:36:18.812471 697359 Sensor.h:87] Deconstructing Sensor
I1008 15:36:18.812569 697359 Sensor.h:87] Deconstructing Sensor
I1008 15:36:18.812680 697359 Sensor.h:87] Deconstructing Sensor
I1008 15:36:18.812779 697359 Sensor.h:87] Deconstructing Sensor
I1008 15:36:18.812872 697359 Sensor.h:87] Deconstructing Sensor
I1008 15:36:18.812973 697359 Sensor.h:87] Deconstructing Sensor
I1008 15:36:18.813067 697359 Sensor.h:87] Deconstructing Sensor
I1008 15:36:18.813165 697359 Sensor.h:87] Deconstructing Sensor
I1008 15:36:18.813261 697359 Sensor.h:87] Deconstructing Sensor
I1008 15:36:18.813355 697359 Sensor.h:87] Deconstructing Sensor
I1008 15:36:18.813453 697359 Sensor.h:87] Deconstructing Sensor
I1008 15:36:18.813547 697359 Sensor.h:87] Deconstructing Sensor
I1008 15:36:18.813673 697359 Sensor.h:87] Deconstructing Sensor
I1008 15:36:18.813797 697359 Sensor.h:87] Deconstructing Sensor
I1008 15:36:18.813915 697359 Sensor.h:87] Deconstructing Sensor
I1008 15:36:18.814034 697359 Sensor.h:87] Deconstructing Sensor
I1008 15:36:18.814149 697359 Sensor.h:87] Deconstructing Sensor
I1008 15:36:18.814268 697359 Sensor.h:87] Deconstructing Sensor
I1008 15:36:18.814386 697359 Sensor.h:87] Deconstructing Sensor
I1008 15:36:18.814507 697359 Sensor.h:87] Deconstructing Sensor
I1008 15:36:18.814620 697359 Sensor.h:87] Deconstructing Sensor
I1008 15:36:18.814743 697359 Sensor.h:87] Deconstructing Sensor
I1008 15:36:18.814814 697359 Sensor.h:87] Deconstructing Sensor
I1008 15:36:18.820523 697359 Renderer.cpp:34] Deconstructing Renderer
I1008 15:36:18.820534 697359 WindowlessContext.h:17] Deconstructing WindowlessContext
I1008 15:36:18.827062 697359 MetadataMediator.cpp:56] MetadataMediator::setActiveSceneDatasetName : Old active dataset default changed to default successfully.
I1008 15:36:18.828172 697359 AttributesManagerBase.h:283] AttributesManager<T>::createFromJsonOrDefaultInternal  (Physics Manager) : Proposing JSON name : ./data/default.physics_config.json from original name : ./data/default.physics_config.json | This file  does not exist.
I1008 15:36:18.828199 697359 PhysicsAttributesManager.cpp:27] File (./data/default.physics_config.json) not found, so new default physics manager attributes created and registered.
I1008 15:36:18.828212 697359 AbstractObjectAttributesManagerBase.h:175] AbstractObjectAttributesManager<T>::createObject  (Stage) : Making attributes with handle : data/scene_datasets/mp3d/pRbA3pwrgk9/pRbA3pwrgk9.glb
I1008 15:36:18.828213 697359 ManagedContainerBase.cpp:19] ManagedContainerBase::convertFilenameToJSON : Filename : data/scene_datasets/mp3d/pRbA3pwrgk9/pRbA3pwrgk9.glb changed to proposed JSON configuration filename : data/scene_datasets/mp3d/pRbA3pwrgk9/pRbA3pwrgk9.stage_config.json
I1008 15:36:18.828227 697359 AttributesManagerBase.h:283] AttributesManager<T>::createFromJsonOrDefaultInternal  (Stage) : Proposing JSON name : data/scene_datasets/mp3d/pRbA3pwrgk9/pRbA3pwrgk9.stage_config.json from original name : data/scene_datasets/mp3d/pRbA3pwrgk9/pRbA3pwrgk9.glb | This file  does not exist.
I1008 15:36:18.828269 697359 AbstractObjectAttributesManagerBase.h:181] AbstractObjectAttributesManager<T>::createObject  (Stage) : Done making attributes with handle : data/scene_datasets/mp3d/pRbA3pwrgk9/pRbA3pwrgk9.glb
I1008 15:36:18.828269 697359 AbstractObjectAttributesManagerBase.h:188] File (data/scene_datasets/mp3d/pRbA3pwrgk9/pRbA3pwrgk9.glb) exists but is not a recognized config filename extension, so new default Stage attributes created and registered.
I1008 15:36:18.828272 697359 Simulator.cpp:156] Loading navmesh from data/scene_datasets/mp3d/pRbA3pwrgk9/pRbA3pwrgk9.navmesh
I1008 15:36:18.828394 697359 Simulator.cpp:158] Loaded.
I1008 15:36:18.828398 697359 SceneGraph.h:93] Created DrawableGroup: 
I1008 15:36:18.831477 697359 ResourceManager.cpp:234] ResourceManager::loadStage : Not loading semantic mesh
I1008 15:36:18.831483 697359 ResourceManager.cpp:262] ResourceManager::loadStage : start load render asset data/scene_datasets/mp3d/pRbA3pwrgk9/pRbA3pwrgk9.glb.
I1008 15:36:18.831485 697359 ResourceManager.cpp:569] ResourceManager::loadStageInternal : Attempting to load stage data/scene_datasets/mp3d/pRbA3pwrgk9/pRbA3pwrgk9.glb 
I1008 15:36:18.831496 697359 ResourceManager.cpp:1119] Importing Basis files as BC7 for pRbA3pwrgk9.glb
W1008 15:36:19.884603 697359 Simulator.cpp:248] :
---
 The active scene does not contain semantic annotations. 
---
I1008 15:36:19.932137 697359 simulator.py:213] Loaded navmesh data/scene_datasets/mp3d/pRbA3pwrgk9/pRbA3pwrgk9.navmesh
I1008 15:36:20.616815 697359 PhysicsManager.cpp:33] Deconstructing PhysicsManager
I1008 15:36:20.616846 697359 SemanticScene.h:41] Deconstructing SemanticScene
I1008 15:36:20.621019 697359 SceneManager.h:25] Deconstructing SceneManager
I1008 15:36:20.621040 697359 SceneGraph.h:26] Deconstructing SceneGraph
I1008 15:36:20.621508 697359 Sensor.h:87] Deconstructing Sensor
I1008 15:36:20.622359 697359 Sensor.h:87] Deconstructing Sensor
I1008 15:36:20.622524 697359 Sensor.h:87] Deconstructing Sensor
I1008 15:36:20.622679 697359 Sensor.h:87] Deconstructing Sensor
I1008 15:36:20.622822 697359 Sensor.h:87] Deconstructing Sensor
I1008 15:36:20.622957 697359 Sensor.h:87] Deconstructing Sensor
I1008 15:36:20.623100 697359 Sensor.h:87] Deconstructing Sensor
I1008 15:36:20.623234 697359 Sensor.h:87] Deconstructing Sensor
I1008 15:36:20.623376 697359 Sensor.h:87] Deconstructing Sensor
I1008 15:36:20.623512 697359 Sensor.h:87] Deconstructing Sensor
I1008 15:36:20.623649 697359 Sensor.h:87] Deconstructing Sensor
I1008 15:36:20.623813 697359 Sensor.h:87] Deconstructing Sensor
I1008 15:36:20.623953 697359 Sensor.h:87] Deconstructing Sensor
I1008 15:36:20.624146 697359 Sensor.h:87] Deconstructing Sensor
I1008 15:36:20.624338 697359 Sensor.h:87] Deconstructing Sensor
I1008 15:36:20.624519 697359 Sensor.h:87] Deconstructing Sensor
I1008 15:36:20.624703 697359 Sensor.h:87] Deconstructing Sensor
I1008 15:36:20.624877 697359 Sensor.h:87] Deconstructing Sensor
I1008 15:36:20.625047 697359 Sensor.h:87] Deconstructing Sensor
I1008 15:36:20.625211 697359 Sensor.h:87] Deconstructing Sensor
I1008 15:36:20.625367 697359 Sensor.h:87] Deconstructing Sensor
I1008 15:36:20.625550 697359 Sensor.h:87] Deconstructing Sensor
I1008 15:36:20.625722 697359 Sensor.h:87] Deconstructing Sensor
I1008 15:36:20.625835 697359 Sensor.h:87] Deconstructing Sensor
I1008 15:36:20.629813 697359 Renderer.cpp:34] Deconstructing Renderer
I1008 15:36:20.629843 697359 WindowlessContext.h:17] Deconstructing WindowlessContext
I1008 15:36:20.633369 697359 MetadataMediator.cpp:56] MetadataMediator::setActiveSceneDatasetName : Old active dataset default changed to default successfully.
I1008 15:36:20.634464 697359 AttributesManagerBase.h:283] AttributesManager<T>::createFromJsonOrDefaultInternal  (Physics Manager) : Proposing JSON name : ./data/default.physics_config.json from original name : ./data/default.physics_config.json | This file  does not exist.
I1008 15:36:20.634498 697359 PhysicsAttributesManager.cpp:27] File (./data/default.physics_config.json) not found, so new default physics manager attributes created and registered.
I1008 15:36:20.634505 697359 AbstractObjectAttributesManagerBase.h:175] AbstractObjectAttributesManager<T>::createObject  (Stage) : Making attributes with handle : data/scene_datasets/mp3d/ZMojNkEp431/ZMojNkEp431.glb
I1008 15:36:20.634507 697359 ManagedContainerBase.cpp:19] ManagedContainerBase::convertFilenameToJSON : Filename : data/scene_datasets/mp3d/ZMojNkEp431/ZMojNkEp431.glb changed to proposed JSON configuration filename : data/scene_datasets/mp3d/ZMojNkEp431/ZMojNkEp431.stage_config.json
I1008 15:36:20.634522 697359 AttributesManagerBase.h:283] AttributesManager<T>::createFromJsonOrDefaultInternal  (Stage) : Proposing JSON name : data/scene_datasets/mp3d/ZMojNkEp431/ZMojNkEp431.stage_config.json from original name : data/scene_datasets/mp3d/ZMojNkEp431/ZMojNkEp431.glb | This file  does not exist.
I1008 15:36:20.634575 697359 AbstractObjectAttributesManagerBase.h:181] AbstractObjectAttributesManager<T>::createObject  (Stage) : Done making attributes with handle : data/scene_datasets/mp3d/ZMojNkEp431/ZMojNkEp431.glb
I1008 15:36:20.634577 697359 AbstractObjectAttributesManagerBase.h:188] File (data/scene_datasets/mp3d/ZMojNkEp431/ZMojNkEp431.glb) exists but is not a recognized config filename extension, so new default Stage attributes created and registered.
I1008 15:36:20.634582 697359 Simulator.cpp:156] Loading navmesh from data/scene_datasets/mp3d/ZMojNkEp431/ZMojNkEp431.navmesh
I1008 15:36:20.634747 697359 Simulator.cpp:158] Loaded.
I1008 15:36:20.634754 697359 SceneGraph.h:93] Created DrawableGroup: 
I1008 15:36:20.638687 697359 ResourceManager.cpp:234] ResourceManager::loadStage : Not loading semantic mesh
I1008 15:36:20.638702 697359 ResourceManager.cpp:262] ResourceManager::loadStage : start load render asset data/scene_datasets/mp3d/ZMojNkEp431/ZMojNkEp431.glb.
I1008 15:36:20.638703 697359 ResourceManager.cpp:569] ResourceManager::loadStageInternal : Attempting to load stage data/scene_datasets/mp3d/ZMojNkEp431/ZMojNkEp431.glb 
I1008 15:36:20.638727 697359 ResourceManager.cpp:1119] Importing Basis files as BC7 for ZMojNkEp431.glb
W1008 15:36:22.081301 697359 Simulator.cpp:248] :
---
 The active scene does not contain semantic annotations. 
---
I1008 15:36:22.120052 697359 simulator.py:213] Loaded navmesh data/scene_datasets/mp3d/ZMojNkEp431/ZMojNkEp431.navmesh
I1008 15:36:22.675135 697359 PhysicsManager.cpp:33] Deconstructing PhysicsManager
I1008 15:36:22.675155 697359 SemanticScene.h:41] Deconstructing SemanticScene
I1008 15:36:22.677217 697359 SceneManager.h:25] Deconstructing SceneManager
I1008 15:36:22.677222 697359 SceneGraph.h:26] Deconstructing SceneGraph
I1008 15:36:22.677613 697359 Sensor.h:87] Deconstructing Sensor
I1008 15:36:22.677825 697359 Sensor.h:87] Deconstructing Sensor
I1008 15:36:22.677927 697359 Sensor.h:87] Deconstructing Sensor
I1008 15:36:22.678028 697359 Sensor.h:87] Deconstructing Sensor
I1008 15:36:22.678128 697359 Sensor.h:87] Deconstructing Sensor
I1008 15:36:22.678222 697359 Sensor.h:87] Deconstructing Sensor
I1008 15:36:22.678321 697359 Sensor.h:87] Deconstructing Sensor
I1008 15:36:22.678414 697359 Sensor.h:87] Deconstructing Sensor
I1008 15:36:22.678519 697359 Sensor.h:87] Deconstructing Sensor
I1008 15:36:22.678611 697359 Sensor.h:87] Deconstructing Sensor
I1008 15:36:22.678709 697359 Sensor.h:87] Deconstructing Sensor
I1008 15:36:22.678812 697359 Sensor.h:87] Deconstructing Sensor
I1008 15:36:22.678907 697359 Sensor.h:87] Deconstructing Sensor
I1008 15:36:22.679028 697359 Sensor.h:87] Deconstructing Sensor
I1008 15:36:22.679155 697359 Sensor.h:87] Deconstructing Sensor
I1008 15:36:22.679272 697359 Sensor.h:87] Deconstructing Sensor
I1008 15:36:22.679391 697359 Sensor.h:87] Deconstructing Sensor
I1008 15:36:22.679509 697359 Sensor.h:87] Deconstructing Sensor
I1008 15:36:22.679627 697359 Sensor.h:87] Deconstructing Sensor
I1008 15:36:22.679749 697359 Sensor.h:87] Deconstructing Sensor
I1008 15:36:22.679863 697359 Sensor.h:87] Deconstructing Sensor
I1008 15:36:22.679978 697359 Sensor.h:87] Deconstructing Sensor
I1008 15:36:22.680100 697359 Sensor.h:87] Deconstructing Sensor
I1008 15:36:22.680187 697359 Sensor.h:87] Deconstructing Sensor
I1008 15:36:22.683508 697359 Renderer.cpp:34] Deconstructing Renderer
I1008 15:36:22.683516 697359 WindowlessContext.h:17] Deconstructing WindowlessContext
I1008 15:36:22.686614 697359 MetadataMediator.cpp:56] MetadataMediator::setActiveSceneDatasetName : Old active dataset default changed to default successfully.
I1008 15:36:22.687043 697359 AttributesManagerBase.h:283] AttributesManager<T>::createFromJsonOrDefaultInternal  (Physics Manager) : Proposing JSON name : ./data/default.physics_config.json from original name : ./data/default.physics_config.json | This file  does not exist.
I1008 15:36:22.687067 697359 PhysicsAttributesManager.cpp:27] File (./data/default.physics_config.json) not found, so new default physics manager attributes created and registered.
I1008 15:36:22.687072 697359 AbstractObjectAttributesManagerBase.h:175] AbstractObjectAttributesManager<T>::createObject  (Stage) : Making attributes with handle : data/scene_datasets/mp3d/ur6pFq6Qu1A/ur6pFq6Qu1A.glb
I1008 15:36:22.687074 697359 ManagedContainerBase.cpp:19] ManagedContainerBase::convertFilenameToJSON : Filename : data/scene_datasets/mp3d/ur6pFq6Qu1A/ur6pFq6Qu1A.glb changed to proposed JSON configuration filename : data/scene_datasets/mp3d/ur6pFq6Qu1A/ur6pFq6Qu1A.stage_config.json
I1008 15:36:22.687088 697359 AttributesManagerBase.h:283] AttributesManager<T>::createFromJsonOrDefaultInternal  (Stage) : Proposing JSON name : data/scene_datasets/mp3d/ur6pFq6Qu1A/ur6pFq6Qu1A.stage_config.json from original name : data/scene_datasets/mp3d/ur6pFq6Qu1A/ur6pFq6Qu1A.glb | This file  does not exist.
I1008 15:36:22.687129 697359 AbstractObjectAttributesManagerBase.h:181] AbstractObjectAttributesManager<T>::createObject  (Stage) : Done making attributes with handle : data/scene_datasets/mp3d/ur6pFq6Qu1A/ur6pFq6Qu1A.glb
I1008 15:36:22.687129 697359 AbstractObjectAttributesManagerBase.h:188] File (data/scene_datasets/mp3d/ur6pFq6Qu1A/ur6pFq6Qu1A.glb) exists but is not a recognized config filename extension, so new default Stage attributes created and registered.
I1008 15:36:22.687132 697359 Simulator.cpp:156] Loading navmesh from data/scene_datasets/mp3d/ur6pFq6Qu1A/ur6pFq6Qu1A.navmesh
I1008 15:36:22.687304 697359 Simulator.cpp:158] Loaded.
I1008 15:36:22.687307 697359 SceneGraph.h:93] Created DrawableGroup: 
I1008 15:36:22.690498 697359 ResourceManager.cpp:234] ResourceManager::loadStage : Not loading semantic mesh
I1008 15:36:22.690508 697359 ResourceManager.cpp:262] ResourceManager::loadStage : start load render asset data/scene_datasets/mp3d/ur6pFq6Qu1A/ur6pFq6Qu1A.glb.
I1008 15:36:22.690510 697359 ResourceManager.cpp:569] ResourceManager::loadStageInternal : Attempting to load stage data/scene_datasets/mp3d/ur6pFq6Qu1A/ur6pFq6Qu1A.glb 
I1008 15:36:22.690531 697359 ResourceManager.cpp:1119] Importing Basis files as BC7 for ur6pFq6Qu1A.glb
W1008 15:36:24.738672 697359 Simulator.cpp:248] :
---
 The active scene does not contain semantic annotations. 
---
I1008 15:36:24.791288 697359 simulator.py:213] Loaded navmesh data/scene_datasets/mp3d/ur6pFq6Qu1A/ur6pFq6Qu1A.navmesh
I1008 15:36:25.141868 697359 PhysicsManager.cpp:33] Deconstructing PhysicsManager
I1008 15:36:25.141894 697359 SemanticScene.h:41] Deconstructing SemanticScene
I1008 15:36:25.144454 697359 SceneManager.h:25] Deconstructing SceneManager
I1008 15:36:25.144460 697359 SceneGraph.h:26] Deconstructing SceneGraph
I1008 15:36:25.144846 697359 Sensor.h:87] Deconstructing Sensor
I1008 15:36:25.145224 697359 Sensor.h:87] Deconstructing Sensor
I1008 15:36:25.145328 697359 Sensor.h:87] Deconstructing Sensor
I1008 15:36:25.145433 697359 Sensor.h:87] Deconstructing Sensor
I1008 15:36:25.145536 697359 Sensor.h:87] Deconstructing Sensor
I1008 15:36:25.145632 697359 Sensor.h:87] Deconstructing Sensor
I1008 15:36:25.145738 697359 Sensor.h:87] Deconstructing Sensor
I1008 15:36:25.145835 697359 Sensor.h:87] Deconstructing Sensor
I1008 15:36:25.145941 697359 Sensor.h:87] Deconstructing Sensor
I1008 15:36:25.146041 697359 Sensor.h:87] Deconstructing Sensor
I1008 15:36:25.146140 697359 Sensor.h:87] Deconstructing Sensor
I1008 15:36:25.146241 697359 Sensor.h:87] Deconstructing Sensor
I1008 15:36:25.146339 697359 Sensor.h:87] Deconstructing Sensor
I1008 15:36:25.146463 697359 Sensor.h:87] Deconstructing Sensor
I1008 15:36:25.146592 697359 Sensor.h:87] Deconstructing Sensor
I1008 15:36:25.146713 697359 Sensor.h:87] Deconstructing Sensor
I1008 15:36:25.146838 697359 Sensor.h:87] Deconstructing Sensor
I1008 15:36:25.146958 697359 Sensor.h:87] Deconstructing Sensor
I1008 15:36:25.147082 697359 Sensor.h:87] Deconstructing Sensor
I1008 15:36:25.147207 697359 Sensor.h:87] Deconstructing Sensor
I1008 15:36:25.147328 697359 Sensor.h:87] Deconstructing Sensor
I1008 15:36:25.147446 697359 Sensor.h:87] Deconstructing Sensor
I1008 15:36:25.147574 697359 Sensor.h:87] Deconstructing Sensor
I1008 15:36:25.147737 697359 Sensor.h:87] Deconstructing Sensor
I1008 15:36:25.151588 697359 Renderer.cpp:34] Deconstructing Renderer
I1008 15:36:25.151599 697359 WindowlessContext.h:17] Deconstructing WindowlessContext
I1008 15:36:25.157019 697359 MetadataMediator.cpp:56] MetadataMediator::setActiveSceneDatasetName : Old active dataset default changed to default successfully.
I1008 15:36:25.159740 697359 AttributesManagerBase.h:283] AttributesManager<T>::createFromJsonOrDefaultInternal  (Physics Manager) : Proposing JSON name : ./data/default.physics_config.json from original name : ./data/default.physics_config.json | This file  does not exist.
I1008 15:36:25.159775 697359 PhysicsAttributesManager.cpp:27] File (./data/default.physics_config.json) not found, so new default physics manager attributes created and registered.
I1008 15:36:25.159780 697359 AbstractObjectAttributesManagerBase.h:175] AbstractObjectAttributesManager<T>::createObject  (Stage) : Making attributes with handle : data/scene_datasets/mp3d/D7N2EKCX4Sj/D7N2EKCX4Sj.glb
I1008 15:36:25.159783 697359 ManagedContainerBase.cpp:19] ManagedContainerBase::convertFilenameToJSON : Filename : data/scene_datasets/mp3d/D7N2EKCX4Sj/D7N2EKCX4Sj.glb changed to proposed JSON configuration filename : data/scene_datasets/mp3d/D7N2EKCX4Sj/D7N2EKCX4Sj.stage_config.json
I1008 15:36:25.159797 697359 AttributesManagerBase.h:283] AttributesManager<T>::createFromJsonOrDefaultInternal  (Stage) : Proposing JSON name : data/scene_datasets/mp3d/D7N2EKCX4Sj/D7N2EKCX4Sj.stage_config.json from original name : data/scene_datasets/mp3d/D7N2EKCX4Sj/D7N2EKCX4Sj.glb | This file  does not exist.
I1008 15:36:25.159842 697359 AbstractObjectAttributesManagerBase.h:181] AbstractObjectAttributesManager<T>::createObject  (Stage) : Done making attributes with handle : data/scene_datasets/mp3d/D7N2EKCX4Sj/D7N2EKCX4Sj.glb
I1008 15:36:25.159843 697359 AbstractObjectAttributesManagerBase.h:188] File (data/scene_datasets/mp3d/D7N2EKCX4Sj/D7N2EKCX4Sj.glb) exists but is not a recognized config filename extension, so new default Stage attributes created and registered.
I1008 15:36:25.159847 697359 Simulator.cpp:156] Loading navmesh from data/scene_datasets/mp3d/D7N2EKCX4Sj/D7N2EKCX4Sj.navmesh
I1008 15:36:25.160208 697359 Simulator.cpp:158] Loaded.
I1008 15:36:25.160223 697359 SceneGraph.h:93] Created DrawableGroup: 
I1008 15:36:25.163723 697359 ResourceManager.cpp:234] ResourceManager::loadStage : Not loading semantic mesh
I1008 15:36:25.163731 697359 ResourceManager.cpp:262] ResourceManager::loadStage : start load render asset data/scene_datasets/mp3d/D7N2EKCX4Sj/D7N2EKCX4Sj.glb.
I1008 15:36:25.163733 697359 ResourceManager.cpp:569] ResourceManager::loadStageInternal : Attempting to load stage data/scene_datasets/mp3d/D7N2EKCX4Sj/D7N2EKCX4Sj.glb 
I1008 15:36:25.163748 697359 ResourceManager.cpp:1119] Importing Basis files as BC7 for D7N2EKCX4Sj.glb
W1008 15:36:29.172250 697359 Simulator.cpp:248] :
---
 The active scene does not contain semantic annotations. 
---
I1008 15:36:29.280854 697359 simulator.py:213] Loaded navmesh data/scene_datasets/mp3d/D7N2EKCX4Sj/D7N2EKCX4Sj.navmesh
I1008 15:36:29.927142 697359 PhysicsManager.cpp:33] Deconstructing PhysicsManager
I1008 15:36:29.927166 697359 SemanticScene.h:41] Deconstructing SemanticScene
I1008 15:36:29.931774 697359 SceneManager.h:25] Deconstructing SceneManager
I1008 15:36:29.931779 697359 SceneGraph.h:26] Deconstructing SceneGraph
I1008 15:36:29.932226 697359 Sensor.h:87] Deconstructing Sensor
I1008 15:36:29.932554 697359 Sensor.h:87] Deconstructing Sensor
I1008 15:36:29.932658 697359 Sensor.h:87] Deconstructing Sensor
I1008 15:36:29.932770 697359 Sensor.h:87] Deconstructing Sensor
I1008 15:36:29.932875 697359 Sensor.h:87] Deconstructing Sensor
I1008 15:36:29.932977 697359 Sensor.h:87] Deconstructing Sensor
I1008 15:36:29.933080 697359 Sensor.h:87] Deconstructing Sensor
I1008 15:36:29.933175 697359 Sensor.h:87] Deconstructing Sensor
I1008 15:36:29.933277 697359 Sensor.h:87] Deconstructing Sensor
I1008 15:36:29.933374 697359 Sensor.h:87] Deconstructing Sensor
I1008 15:36:29.933475 697359 Sensor.h:87] Deconstructing Sensor
I1008 15:36:29.933580 697359 Sensor.h:87] Deconstructing Sensor
I1008 15:36:29.933688 697359 Sensor.h:87] Deconstructing Sensor
I1008 15:36:29.933813 697359 Sensor.h:87] Deconstructing Sensor
I1008 15:36:29.933945 697359 Sensor.h:87] Deconstructing Sensor
I1008 15:36:29.934079 697359 Sensor.h:87] Deconstructing Sensor
I1008 15:36:29.934213 697359 Sensor.h:87] Deconstructing Sensor
I1008 15:36:29.934333 697359 Sensor.h:87] Deconstructing Sensor
I1008 15:36:29.934459 697359 Sensor.h:87] Deconstructing Sensor
I1008 15:36:29.934583 697359 Sensor.h:87] Deconstructing Sensor
I1008 15:36:29.934702 697359 Sensor.h:87] Deconstructing Sensor
I1008 15:36:29.934820 697359 Sensor.h:87] Deconstructing Sensor
I1008 15:36:29.934947 697359 Sensor.h:87] Deconstructing Sensor
I1008 15:36:29.935025 697359 Sensor.h:87] Deconstructing Sensor
I1008 15:36:29.940008 697359 Renderer.cpp:34] Deconstructing Renderer
I1008 15:36:29.940016 697359 WindowlessContext.h:17] Deconstructing WindowlessContext
I1008 15:36:29.946695 697359 MetadataMediator.cpp:56] MetadataMediator::setActiveSceneDatasetName : Old active dataset default changed to default successfully.
I1008 15:36:29.947142 697359 AttributesManagerBase.h:283] AttributesManager<T>::createFromJsonOrDefaultInternal  (Physics Manager) : Proposing JSON name : ./data/default.physics_config.json from original name : ./data/default.physics_config.json | This file  does not exist.
I1008 15:36:29.947162 697359 PhysicsAttributesManager.cpp:27] File (./data/default.physics_config.json) not found, so new default physics manager attributes created and registered.
I1008 15:36:29.947167 697359 AbstractObjectAttributesManagerBase.h:175] AbstractObjectAttributesManager<T>::createObject  (Stage) : Making attributes with handle : data/scene_datasets/mp3d/JmbYfDe2QKZ/JmbYfDe2QKZ.glb
I1008 15:36:29.947170 697359 ManagedContainerBase.cpp:19] ManagedContainerBase::convertFilenameToJSON : Filename : data/scene_datasets/mp3d/JmbYfDe2QKZ/JmbYfDe2QKZ.glb changed to proposed JSON configuration filename : data/scene_datasets/mp3d/JmbYfDe2QKZ/JmbYfDe2QKZ.stage_config.json
I1008 15:36:29.947183 697359 AttributesManagerBase.h:283] AttributesManager<T>::createFromJsonOrDefaultInternal  (Stage) : Proposing JSON name : data/scene_datasets/mp3d/JmbYfDe2QKZ/JmbYfDe2QKZ.stage_config.json from original name : data/scene_datasets/mp3d/JmbYfDe2QKZ/JmbYfDe2QKZ.glb | This file  does not exist.
I1008 15:36:29.947230 697359 AbstractObjectAttributesManagerBase.h:181] AbstractObjectAttributesManager<T>::createObject  (Stage) : Done making attributes with handle : data/scene_datasets/mp3d/JmbYfDe2QKZ/JmbYfDe2QKZ.glb
I1008 15:36:29.947232 697359 AbstractObjectAttributesManagerBase.h:188] File (data/scene_datasets/mp3d/JmbYfDe2QKZ/JmbYfDe2QKZ.glb) exists but is not a recognized config filename extension, so new default Stage attributes created and registered.
I1008 15:36:29.947234 697359 Simulator.cpp:156] Loading navmesh from data/scene_datasets/mp3d/JmbYfDe2QKZ/JmbYfDe2QKZ.navmesh
I1008 15:36:29.947310 697359 Simulator.cpp:158] Loaded.
I1008 15:36:29.947314 697359 SceneGraph.h:93] Created DrawableGroup: 
I1008 15:36:29.951634 697359 ResourceManager.cpp:234] ResourceManager::loadStage : Not loading semantic mesh
I1008 15:36:29.951639 697359 ResourceManager.cpp:262] ResourceManager::loadStage : start load render asset data/scene_datasets/mp3d/JmbYfDe2QKZ/JmbYfDe2QKZ.glb.
I1008 15:36:29.951640 697359 ResourceManager.cpp:569] ResourceManager::loadStageInternal : Attempting to load stage data/scene_datasets/mp3d/JmbYfDe2QKZ/JmbYfDe2QKZ.glb 
I1008 15:36:29.951648 697359 ResourceManager.cpp:1119] Importing Basis files as BC7 for JmbYfDe2QKZ.glb
W1008 15:36:30.924141 697359 Simulator.cpp:248] :
---
 The active scene does not contain semantic annotations. 
---
I1008 15:36:30.969170 697359 simulator.py:213] Loaded navmesh data/scene_datasets/mp3d/JmbYfDe2QKZ/JmbYfDe2QKZ.navmesh
I1008 15:36:31.551951 697359 PhysicsManager.cpp:33] Deconstructing PhysicsManager
I1008 15:36:31.551975 697359 SemanticScene.h:41] Deconstructing SemanticScene
I1008 15:36:31.554661 697359 SceneManager.h:25] Deconstructing SceneManager
I1008 15:36:31.554669 697359 SceneGraph.h:26] Deconstructing SceneGraph
I1008 15:36:31.555115 697359 Sensor.h:87] Deconstructing Sensor
I1008 15:36:31.555296 697359 Sensor.h:87] Deconstructing Sensor
I1008 15:36:31.555398 697359 Sensor.h:87] Deconstructing Sensor
I1008 15:36:31.555511 697359 Sensor.h:87] Deconstructing Sensor
I1008 15:36:31.555613 697359 Sensor.h:87] Deconstructing Sensor
I1008 15:36:31.555716 697359 Sensor.h:87] Deconstructing Sensor
I1008 15:36:31.555819 697359 Sensor.h:87] Deconstructing Sensor
I1008 15:36:31.555917 697359 Sensor.h:87] Deconstructing Sensor
I1008 15:36:31.556021 697359 Sensor.h:87] Deconstructing Sensor
I1008 15:36:31.556118 697359 Sensor.h:87] Deconstructing Sensor
I1008 15:36:31.556216 697359 Sensor.h:87] Deconstructing Sensor
I1008 15:36:31.556316 697359 Sensor.h:87] Deconstructing Sensor
I1008 15:36:31.556417 697359 Sensor.h:87] Deconstructing Sensor
I1008 15:36:31.556542 697359 Sensor.h:87] Deconstructing Sensor
I1008 15:36:31.556676 697359 Sensor.h:87] Deconstructing Sensor
I1008 15:36:31.556797 697359 Sensor.h:87] Deconstructing Sensor
I1008 15:36:31.556921 697359 Sensor.h:87] Deconstructing Sensor
I1008 15:36:31.557041 697359 Sensor.h:87] Deconstructing Sensor
I1008 15:36:31.557164 697359 Sensor.h:87] Deconstructing Sensor
I1008 15:36:31.557289 697359 Sensor.h:87] Deconstructing Sensor
I1008 15:36:31.557407 697359 Sensor.h:87] Deconstructing Sensor
I1008 15:36:31.557528 697359 Sensor.h:87] Deconstructing Sensor
I1008 15:36:31.557651 697359 Sensor.h:87] Deconstructing Sensor
I1008 15:36:31.557746 697359 Sensor.h:87] Deconstructing Sensor
I1008 15:36:31.561297 697359 Renderer.cpp:34] Deconstructing Renderer
I1008 15:36:31.561321 697359 WindowlessContext.h:17] Deconstructing WindowlessContext
I1008 15:36:31.564493 697359 MetadataMediator.cpp:56] MetadataMediator::setActiveSceneDatasetName : Old active dataset default changed to default successfully.
I1008 15:36:31.565582 697359 AttributesManagerBase.h:283] AttributesManager<T>::createFromJsonOrDefaultInternal  (Physics Manager) : Proposing JSON name : ./data/default.physics_config.json from original name : ./data/default.physics_config.json | This file  does not exist.
I1008 15:36:31.565617 697359 PhysicsAttributesManager.cpp:27] File (./data/default.physics_config.json) not found, so new default physics manager attributes created and registered.
I1008 15:36:31.565622 697359 AbstractObjectAttributesManagerBase.h:175] AbstractObjectAttributesManager<T>::createObject  (Stage) : Making attributes with handle : data/scene_datasets/mp3d/pRbA3pwrgk9/pRbA3pwrgk9.glb
I1008 15:36:31.565624 697359 ManagedContainerBase.cpp:19] ManagedContainerBase::convertFilenameToJSON : Filename : data/scene_datasets/mp3d/pRbA3pwrgk9/pRbA3pwrgk9.glb changed to proposed JSON configuration filename : data/scene_datasets/mp3d/pRbA3pwrgk9/pRbA3pwrgk9.stage_config.json
I1008 15:36:31.565637 697359 AttributesManagerBase.h:283] AttributesManager<T>::createFromJsonOrDefaultInternal  (Stage) : Proposing JSON name : data/scene_datasets/mp3d/pRbA3pwrgk9/pRbA3pwrgk9.stage_config.json from original name : data/scene_datasets/mp3d/pRbA3pwrgk9/pRbA3pwrgk9.glb | This file  does not exist.
I1008 15:36:31.565690 697359 AbstractObjectAttributesManagerBase.h:181] AbstractObjectAttributesManager<T>::createObject  (Stage) : Done making attributes with handle : data/scene_datasets/mp3d/pRbA3pwrgk9/pRbA3pwrgk9.glb
I1008 15:36:31.565691 697359 AbstractObjectAttributesManagerBase.h:188] File (data/scene_datasets/mp3d/pRbA3pwrgk9/pRbA3pwrgk9.glb) exists but is not a recognized config filename extension, so new default Stage attributes created and registered.
I1008 15:36:31.565696 697359 Simulator.cpp:156] Loading navmesh from data/scene_datasets/mp3d/pRbA3pwrgk9/pRbA3pwrgk9.navmesh
I1008 15:36:31.565828 697359 Simulator.cpp:158] Loaded.
I1008 15:36:31.565833 697359 SceneGraph.h:93] Created DrawableGroup: 
I1008 15:36:31.569007 697359 ResourceManager.cpp:234] ResourceManager::loadStage : Not loading semantic mesh
I1008 15:36:31.569015 697359 ResourceManager.cpp:262] ResourceManager::loadStage : start load render asset data/scene_datasets/mp3d/pRbA3pwrgk9/pRbA3pwrgk9.glb.
I1008 15:36:31.569016 697359 ResourceManager.cpp:569] ResourceManager::loadStageInternal : Attempting to load stage data/scene_datasets/mp3d/pRbA3pwrgk9/pRbA3pwrgk9.glb 
I1008 15:36:31.569031 697359 ResourceManager.cpp:1119] Importing Basis files as BC7 for pRbA3pwrgk9.glb
W1008 15:36:32.701556 697359 Simulator.cpp:248] :
---
 The active scene does not contain semantic annotations. 
---
I1008 15:36:32.750716 697359 simulator.py:213] Loaded navmesh data/scene_datasets/mp3d/pRbA3pwrgk9/pRbA3pwrgk9.navmesh
I1008 15:36:34.232013 697359 PhysicsManager.cpp:33] Deconstructing PhysicsManager
I1008 15:36:34.232036 697359 SemanticScene.h:41] Deconstructing SemanticScene
I1008 15:36:34.234797 697359 SceneManager.h:25] Deconstructing SceneManager
I1008 15:36:34.234803 697359 SceneGraph.h:26] Deconstructing SceneGraph
I1008 15:36:34.235169 697359 Sensor.h:87] Deconstructing Sensor
I1008 15:36:34.235610 697359 Sensor.h:87] Deconstructing Sensor
I1008 15:36:34.235719 697359 Sensor.h:87] Deconstructing Sensor
I1008 15:36:34.235828 697359 Sensor.h:87] Deconstructing Sensor
I1008 15:36:34.235931 697359 Sensor.h:87] Deconstructing Sensor
I1008 15:36:34.236032 697359 Sensor.h:87] Deconstructing Sensor
I1008 15:36:34.236138 697359 Sensor.h:87] Deconstructing Sensor
I1008 15:36:34.236238 697359 Sensor.h:87] Deconstructing Sensor
I1008 15:36:34.236347 697359 Sensor.h:87] Deconstructing Sensor
I1008 15:36:34.236449 697359 Sensor.h:87] Deconstructing Sensor
I1008 15:36:34.236545 697359 Sensor.h:87] Deconstructing Sensor
I1008 15:36:34.236649 697359 Sensor.h:87] Deconstructing Sensor
I1008 15:36:34.236752 697359 Sensor.h:87] Deconstructing Sensor
I1008 15:36:34.236886 697359 Sensor.h:87] Deconstructing Sensor
I1008 15:36:34.237015 697359 Sensor.h:87] Deconstructing Sensor
I1008 15:36:34.237135 697359 Sensor.h:87] Deconstructing Sensor
I1008 15:36:34.237259 697359 Sensor.h:87] Deconstructing Sensor
I1008 15:36:34.237383 697359 Sensor.h:87] Deconstructing Sensor
I1008 15:36:34.237507 697359 Sensor.h:87] Deconstructing Sensor
I1008 15:36:34.237635 697359 Sensor.h:87] Deconstructing Sensor
I1008 15:36:34.237772 697359 Sensor.h:87] Deconstructing Sensor
I1008 15:36:34.237895 697359 Sensor.h:87] Deconstructing Sensor
I1008 15:36:34.238024 697359 Sensor.h:87] Deconstructing Sensor
I1008 15:36:34.238101 697359 Sensor.h:87] Deconstructing Sensor
I1008 15:36:34.241634 697359 Renderer.cpp:34] Deconstructing Renderer
I1008 15:36:34.241650 697359 WindowlessContext.h:17] Deconstructing WindowlessContext
I1008 15:36:34.244554 697359 MetadataMediator.cpp:56] MetadataMediator::setActiveSceneDatasetName : Old active dataset default changed to default successfully.
I1008 15:36:34.245180 697359 AttributesManagerBase.h:283] AttributesManager<T>::createFromJsonOrDefaultInternal  (Physics Manager) : Proposing JSON name : ./data/default.physics_config.json from original name : ./data/default.physics_config.json | This file  does not exist.
I1008 15:36:34.245203 697359 PhysicsAttributesManager.cpp:27] File (./data/default.physics_config.json) not found, so new default physics manager attributes created and registered.
I1008 15:36:34.245208 697359 AbstractObjectAttributesManagerBase.h:175] AbstractObjectAttributesManager<T>::createObject  (Stage) : Making attributes with handle : data/scene_datasets/mp3d/JmbYfDe2QKZ/JmbYfDe2QKZ.glb
I1008 15:36:34.245211 697359 ManagedContainerBase.cpp:19] ManagedContainerBase::convertFilenameToJSON : Filename : data/scene_datasets/mp3d/JmbYfDe2QKZ/JmbYfDe2QKZ.glb changed to proposed JSON configuration filename : data/scene_datasets/mp3d/JmbYfDe2QKZ/JmbYfDe2QKZ.stage_config.json
I1008 15:36:34.245226 697359 AttributesManagerBase.h:283] AttributesManager<T>::createFromJsonOrDefaultInternal  (Stage) : Proposing JSON name : data/scene_datasets/mp3d/JmbYfDe2QKZ/JmbYfDe2QKZ.stage_config.json from original name : data/scene_datasets/mp3d/JmbYfDe2QKZ/JmbYfDe2QKZ.glb | This file  does not exist.
I1008 15:36:34.245267 697359 AbstractObjectAttributesManagerBase.h:181] AbstractObjectAttributesManager<T>::createObject  (Stage) : Done making attributes with handle : data/scene_datasets/mp3d/JmbYfDe2QKZ/JmbYfDe2QKZ.glb
I1008 15:36:34.245268 697359 AbstractObjectAttributesManagerBase.h:188] File (data/scene_datasets/mp3d/JmbYfDe2QKZ/JmbYfDe2QKZ.glb) exists but is not a recognized config filename extension, so new default Stage attributes created and registered.
I1008 15:36:34.245272 697359 Simulator.cpp:156] Loading navmesh from data/scene_datasets/mp3d/JmbYfDe2QKZ/JmbYfDe2QKZ.navmesh
I1008 15:36:34.245360 697359 Simulator.cpp:158] Loaded.
I1008 15:36:34.245365 697359 SceneGraph.h:93] Created DrawableGroup: 
I1008 15:36:34.248550 697359 ResourceManager.cpp:234] ResourceManager::loadStage : Not loading semantic mesh
I1008 15:36:34.248558 697359 ResourceManager.cpp:262] ResourceManager::loadStage : start load render asset data/scene_datasets/mp3d/JmbYfDe2QKZ/JmbYfDe2QKZ.glb.
I1008 15:36:34.248559 697359 ResourceManager.cpp:569] ResourceManager::loadStageInternal : Attempting to load stage data/scene_datasets/mp3d/JmbYfDe2QKZ/JmbYfDe2QKZ.glb 
I1008 15:36:34.248576 697359 ResourceManager.cpp:1119] Importing Basis files as BC7 for JmbYfDe2QKZ.glb
W1008 15:36:35.307889 697359 Simulator.cpp:248] :
---
 The active scene does not contain semantic annotations. 
---
I1008 15:36:35.354891 697359 simulator.py:213] Loaded navmesh data/scene_datasets/mp3d/JmbYfDe2QKZ/JmbYfDe2QKZ.navmesh
I1008 15:36:35.714830 697359 PhysicsManager.cpp:33] Deconstructing PhysicsManager
I1008 15:36:35.714856 697359 SemanticScene.h:41] Deconstructing SemanticScene
I1008 15:36:35.717269 697359 SceneManager.h:25] Deconstructing SceneManager
I1008 15:36:35.717275 697359 SceneGraph.h:26] Deconstructing SceneGraph
I1008 15:36:35.717641 697359 Sensor.h:87] Deconstructing Sensor
I1008 15:36:35.717936 697359 Sensor.h:87] Deconstructing Sensor
I1008 15:36:35.718037 697359 Sensor.h:87] Deconstructing Sensor
I1008 15:36:35.718142 697359 Sensor.h:87] Deconstructing Sensor
I1008 15:36:35.718245 697359 Sensor.h:87] Deconstructing Sensor
I1008 15:36:35.718343 697359 Sensor.h:87] Deconstructing Sensor
I1008 15:36:35.718446 697359 Sensor.h:87] Deconstructing Sensor
I1008 15:36:35.718550 697359 Sensor.h:87] Deconstructing Sensor
I1008 15:36:35.718652 697359 Sensor.h:87] Deconstructing Sensor
I1008 15:36:35.718752 697359 Sensor.h:87] Deconstructing Sensor
I1008 15:36:35.718847 697359 Sensor.h:87] Deconstructing Sensor
I1008 15:36:35.718950 697359 Sensor.h:87] Deconstructing Sensor
I1008 15:36:35.719048 697359 Sensor.h:87] Deconstructing Sensor
I1008 15:36:35.719175 697359 Sensor.h:87] Deconstructing Sensor
I1008 15:36:35.719304 697359 Sensor.h:87] Deconstructing Sensor
I1008 15:36:35.719424 697359 Sensor.h:87] Deconstructing Sensor
I1008 15:36:35.719547 697359 Sensor.h:87] Deconstructing Sensor
I1008 15:36:35.719668 697359 Sensor.h:87] Deconstructing Sensor
I1008 15:36:35.719794 697359 Sensor.h:87] Deconstructing Sensor
I1008 15:36:35.719918 697359 Sensor.h:87] Deconstructing Sensor
I1008 15:36:35.720041 697359 Sensor.h:87] Deconstructing Sensor
I1008 15:36:35.720157 697359 Sensor.h:87] Deconstructing Sensor
I1008 15:36:35.720286 697359 Sensor.h:87] Deconstructing Sensor
I1008 15:36:35.720363 697359 Sensor.h:87] Deconstructing Sensor
I1008 15:36:35.723920 697359 Renderer.cpp:34] Deconstructing Renderer
I1008 15:36:35.723946 697359 WindowlessContext.h:17] Deconstructing WindowlessContext
I1008 15:36:35.727201 697359 MetadataMediator.cpp:56] MetadataMediator::setActiveSceneDatasetName : Old active dataset default changed to default successfully.
I1008 15:36:35.728153 697359 AttributesManagerBase.h:283] AttributesManager<T>::createFromJsonOrDefaultInternal  (Physics Manager) : Proposing JSON name : ./data/default.physics_config.json from original name : ./data/default.physics_config.json | This file  does not exist.
I1008 15:36:35.728179 697359 PhysicsAttributesManager.cpp:27] File (./data/default.physics_config.json) not found, so new default physics manager attributes created and registered.
I1008 15:36:35.728184 697359 AbstractObjectAttributesManagerBase.h:175] AbstractObjectAttributesManager<T>::createObject  (Stage) : Making attributes with handle : data/scene_datasets/mp3d/ZMojNkEp431/ZMojNkEp431.glb
I1008 15:36:35.728188 697359 ManagedContainerBase.cpp:19] ManagedContainerBase::convertFilenameToJSON : Filename : data/scene_datasets/mp3d/ZMojNkEp431/ZMojNkEp431.glb changed to proposed JSON configuration filename : data/scene_datasets/mp3d/ZMojNkEp431/ZMojNkEp431.stage_config.json
I1008 15:36:35.728199 697359 AttributesManagerBase.h:283] AttributesManager<T>::createFromJsonOrDefaultInternal  (Stage) : Proposing JSON name : data/scene_datasets/mp3d/ZMojNkEp431/ZMojNkEp431.stage_config.json from original name : data/scene_datasets/mp3d/ZMojNkEp431/ZMojNkEp431.glb | This file  does not exist.
I1008 15:36:35.728245 697359 AbstractObjectAttributesManagerBase.h:181] AbstractObjectAttributesManager<T>::createObject  (Stage) : Done making attributes with handle : data/scene_datasets/mp3d/ZMojNkEp431/ZMojNkEp431.glb
I1008 15:36:35.728246 697359 AbstractObjectAttributesManagerBase.h:188] File (data/scene_datasets/mp3d/ZMojNkEp431/ZMojNkEp431.glb) exists but is not a recognized config filename extension, so new default Stage attributes created and registered.
I1008 15:36:35.728250 697359 Simulator.cpp:156] Loading navmesh from data/scene_datasets/mp3d/ZMojNkEp431/ZMojNkEp431.navmesh
I1008 15:36:35.728385 697359 Simulator.cpp:158] Loaded.
I1008 15:36:35.728390 697359 SceneGraph.h:93] Created DrawableGroup: 
I1008 15:36:35.731643 697359 ResourceManager.cpp:234] ResourceManager::loadStage : Not loading semantic mesh
I1008 15:36:35.731649 697359 ResourceManager.cpp:262] ResourceManager::loadStage : start load render asset data/scene_datasets/mp3d/ZMojNkEp431/ZMojNkEp431.glb.
I1008 15:36:35.731650 697359 ResourceManager.cpp:569] ResourceManager::loadStageInternal : Attempting to load stage data/scene_datasets/mp3d/ZMojNkEp431/ZMojNkEp431.glb 
I1008 15:36:35.731669 697359 ResourceManager.cpp:1119] Importing Basis files as BC7 for ZMojNkEp431.glb
W1008 15:36:36.989688 697359 Simulator.cpp:248] :
---
 The active scene does not contain semantic annotations. 
---
I1008 15:36:37.032064 697359 simulator.py:213] Loaded navmesh data/scene_datasets/mp3d/ZMojNkEp431/ZMojNkEp431.navmesh
I1008 15:36:37.384281 697359 PhysicsManager.cpp:33] Deconstructing PhysicsManager
I1008 15:36:37.384302 697359 SemanticScene.h:41] Deconstructing SemanticScene
I1008 15:36:37.386327 697359 SceneManager.h:25] Deconstructing SceneManager
I1008 15:36:37.386332 697359 SceneGraph.h:26] Deconstructing SceneGraph
I1008 15:36:37.386650 697359 Sensor.h:87] Deconstructing Sensor
I1008 15:36:37.386965 697359 Sensor.h:87] Deconstructing Sensor
I1008 15:36:37.387069 697359 Sensor.h:87] Deconstructing Sensor
I1008 15:36:37.387176 697359 Sensor.h:87] Deconstructing Sensor
I1008 15:36:37.387277 697359 Sensor.h:87] Deconstructing Sensor
I1008 15:36:37.387374 697359 Sensor.h:87] Deconstructing Sensor
I1008 15:36:37.387478 697359 Sensor.h:87] Deconstructing Sensor
I1008 15:36:37.387578 697359 Sensor.h:87] Deconstructing Sensor
I1008 15:36:37.387683 697359 Sensor.h:87] Deconstructing Sensor
I1008 15:36:37.387779 697359 Sensor.h:87] Deconstructing Sensor
I1008 15:36:37.387874 697359 Sensor.h:87] Deconstructing Sensor
I1008 15:36:37.387974 697359 Sensor.h:87] Deconstructing Sensor
I1008 15:36:37.388070 697359 Sensor.h:87] Deconstructing Sensor
I1008 15:36:37.388195 697359 Sensor.h:87] Deconstructing Sensor
I1008 15:36:37.388322 697359 Sensor.h:87] Deconstructing Sensor
I1008 15:36:37.388443 697359 Sensor.h:87] Deconstructing Sensor
I1008 15:36:37.388571 697359 Sensor.h:87] Deconstructing Sensor
I1008 15:36:37.388698 697359 Sensor.h:87] Deconstructing Sensor
I1008 15:36:37.388823 697359 Sensor.h:87] Deconstructing Sensor
I1008 15:36:37.388945 697359 Sensor.h:87] Deconstructing Sensor
I1008 15:36:37.389063 697359 Sensor.h:87] Deconstructing Sensor
I1008 15:36:37.389181 697359 Sensor.h:87] Deconstructing Sensor
I1008 15:36:37.389305 697359 Sensor.h:87] Deconstructing Sensor
I1008 15:36:37.389385 697359 Sensor.h:87] Deconstructing Sensor
I1008 15:36:37.393586 697359 Renderer.cpp:34] Deconstructing Renderer
I1008 15:36:37.393602 697359 WindowlessContext.h:17] Deconstructing WindowlessContext
I1008 15:36:37.396972 697359 MetadataMediator.cpp:56] MetadataMediator::setActiveSceneDatasetName : Old active dataset default changed to default successfully.
I1008 15:36:37.397627 697359 AttributesManagerBase.h:283] AttributesManager<T>::createFromJsonOrDefaultInternal  (Physics Manager) : Proposing JSON name : ./data/default.physics_config.json from original name : ./data/default.physics_config.json | This file  does not exist.
I1008 15:36:37.397648 697359 PhysicsAttributesManager.cpp:27] File (./data/default.physics_config.json) not found, so new default physics manager attributes created and registered.
I1008 15:36:37.397652 697359 AbstractObjectAttributesManagerBase.h:175] AbstractObjectAttributesManager<T>::createObject  (Stage) : Making attributes with handle : data/scene_datasets/mp3d/qoiz87JEwZ2/qoiz87JEwZ2.glb
I1008 15:36:37.397655 697359 ManagedContainerBase.cpp:19] ManagedContainerBase::convertFilenameToJSON : Filename : data/scene_datasets/mp3d/qoiz87JEwZ2/qoiz87JEwZ2.glb changed to proposed JSON configuration filename : data/scene_datasets/mp3d/qoiz87JEwZ2/qoiz87JEwZ2.stage_config.json
I1008 15:36:37.397693 697359 AttributesManagerBase.h:283] AttributesManager<T>::createFromJsonOrDefaultInternal  (Stage) : Proposing JSON name : data/scene_datasets/mp3d/qoiz87JEwZ2/qoiz87JEwZ2.stage_config.json from original name : data/scene_datasets/mp3d/qoiz87JEwZ2/qoiz87JEwZ2.glb | This file  does not exist.
I1008 15:36:37.397732 697359 AbstractObjectAttributesManagerBase.h:181] AbstractObjectAttributesManager<T>::createObject  (Stage) : Done making attributes with handle : data/scene_datasets/mp3d/qoiz87JEwZ2/qoiz87JEwZ2.glb
I1008 15:36:37.397733 697359 AbstractObjectAttributesManagerBase.h:188] File (data/scene_datasets/mp3d/qoiz87JEwZ2/qoiz87JEwZ2.glb) exists but is not a recognized config filename extension, so new default Stage attributes created and registered.
I1008 15:36:37.397737 697359 Simulator.cpp:156] Loading navmesh from data/scene_datasets/mp3d/qoiz87JEwZ2/qoiz87JEwZ2.navmesh
I1008 15:36:37.397858 697359 Simulator.cpp:158] Loaded.
I1008 15:36:37.397862 697359 SceneGraph.h:93] Created DrawableGroup: 
I1008 15:36:37.400771 697359 ResourceManager.cpp:234] ResourceManager::loadStage : Not loading semantic mesh
I1008 15:36:37.400776 697359 ResourceManager.cpp:262] ResourceManager::loadStage : start load render asset data/scene_datasets/mp3d/qoiz87JEwZ2/qoiz87JEwZ2.glb.
I1008 15:36:37.400777 697359 ResourceManager.cpp:569] ResourceManager::loadStageInternal : Attempting to load stage data/scene_datasets/mp3d/qoiz87JEwZ2/qoiz87JEwZ2.glb 
I1008 15:36:37.400785 697359 ResourceManager.cpp:1119] Importing Basis files as BC7 for qoiz87JEwZ2.glb
W1008 15:36:39.069658 697359 Simulator.cpp:248] :
---
 The active scene does not contain semantic annotations. 
---
I1008 15:36:39.128649 697359 simulator.py:213] Loaded navmesh data/scene_datasets/mp3d/qoiz87JEwZ2/qoiz87JEwZ2.navmesh
I1008 15:36:39.364233 697359 PhysicsManager.cpp:33] Deconstructing PhysicsManager
I1008 15:36:39.364256 697359 SemanticScene.h:41] Deconstructing SemanticScene
I1008 15:36:39.367017 697359 SceneManager.h:25] Deconstructing SceneManager
I1008 15:36:39.367023 697359 SceneGraph.h:26] Deconstructing SceneGraph
I1008 15:36:39.367372 697359 Sensor.h:87] Deconstructing Sensor
I1008 15:36:39.367748 697359 Sensor.h:87] Deconstructing Sensor
I1008 15:36:39.367852 697359 Sensor.h:87] Deconstructing Sensor
I1008 15:36:39.367985 697359 Sensor.h:87] Deconstructing Sensor
I1008 15:36:39.368089 697359 Sensor.h:87] Deconstructing Sensor
I1008 15:36:39.368191 697359 Sensor.h:87] Deconstructing Sensor
I1008 15:36:39.368295 697359 Sensor.h:87] Deconstructing Sensor
I1008 15:36:39.368394 697359 Sensor.h:87] Deconstructing Sensor
I1008 15:36:39.368496 697359 Sensor.h:87] Deconstructing Sensor
I1008 15:36:39.368593 697359 Sensor.h:87] Deconstructing Sensor
I1008 15:36:39.368695 697359 Sensor.h:87] Deconstructing Sensor
I1008 15:36:39.368795 697359 Sensor.h:87] Deconstructing Sensor
I1008 15:36:39.368893 697359 Sensor.h:87] Deconstructing Sensor
I1008 15:36:39.369017 697359 Sensor.h:87] Deconstructing Sensor
I1008 15:36:39.369150 697359 Sensor.h:87] Deconstructing Sensor
I1008 15:36:39.369271 697359 Sensor.h:87] Deconstructing Sensor
I1008 15:36:39.369395 697359 Sensor.h:87] Deconstructing Sensor
I1008 15:36:39.369515 697359 Sensor.h:87] Deconstructing Sensor
I1008 15:36:39.369637 697359 Sensor.h:87] Deconstructing Sensor
I1008 15:36:39.369763 697359 Sensor.h:87] Deconstructing Sensor
I1008 15:36:39.369889 697359 Sensor.h:87] Deconstructing Sensor
I1008 15:36:39.370008 697359 Sensor.h:87] Deconstructing Sensor
I1008 15:36:39.370137 697359 Sensor.h:87] Deconstructing Sensor
I1008 15:36:39.370230 697359 Sensor.h:87] Deconstructing Sensor
I1008 15:36:39.373749 697359 Renderer.cpp:34] Deconstructing Renderer
I1008 15:36:39.373762 697359 WindowlessContext.h:17] Deconstructing WindowlessContext
I1008 15:36:39.376994 697359 MetadataMediator.cpp:56] MetadataMediator::setActiveSceneDatasetName : Old active dataset default changed to default successfully.
I1008 15:36:39.377527 697359 AttributesManagerBase.h:283] AttributesManager<T>::createFromJsonOrDefaultInternal  (Physics Manager) : Proposing JSON name : ./data/default.physics_config.json from original name : ./data/default.physics_config.json | This file  does not exist.
I1008 15:36:39.377549 697359 PhysicsAttributesManager.cpp:27] File (./data/default.physics_config.json) not found, so new default physics manager attributes created and registered.
I1008 15:36:39.377553 697359 AbstractObjectAttributesManagerBase.h:175] AbstractObjectAttributesManager<T>::createObject  (Stage) : Making attributes with handle : data/scene_datasets/mp3d/2n8kARJN3HM/2n8kARJN3HM.glb
I1008 15:36:39.377556 697359 ManagedContainerBase.cpp:19] ManagedContainerBase::convertFilenameToJSON : Filename : data/scene_datasets/mp3d/2n8kARJN3HM/2n8kARJN3HM.glb changed to proposed JSON configuration filename : data/scene_datasets/mp3d/2n8kARJN3HM/2n8kARJN3HM.stage_config.json
I1008 15:36:39.377570 697359 AttributesManagerBase.h:283] AttributesManager<T>::createFromJsonOrDefaultInternal  (Stage) : Proposing JSON name : data/scene_datasets/mp3d/2n8kARJN3HM/2n8kARJN3HM.stage_config.json from original name : data/scene_datasets/mp3d/2n8kARJN3HM/2n8kARJN3HM.glb | This file  does not exist.
I1008 15:36:39.377615 697359 AbstractObjectAttributesManagerBase.h:181] AbstractObjectAttributesManager<T>::createObject  (Stage) : Done making attributes with handle : data/scene_datasets/mp3d/2n8kARJN3HM/2n8kARJN3HM.glb
I1008 15:36:39.377616 697359 AbstractObjectAttributesManagerBase.h:188] File (data/scene_datasets/mp3d/2n8kARJN3HM/2n8kARJN3HM.glb) exists but is not a recognized config filename extension, so new default Stage attributes created and registered.
I1008 15:36:39.377619 697359 Simulator.cpp:156] Loading navmesh from data/scene_datasets/mp3d/2n8kARJN3HM/2n8kARJN3HM.navmesh
I1008 15:36:39.377808 697359 Simulator.cpp:158] Loaded.
I1008 15:36:39.377813 697359 SceneGraph.h:93] Created DrawableGroup: 
I1008 15:36:39.381067 697359 ResourceManager.cpp:234] ResourceManager::loadStage : Not loading semantic mesh
I1008 15:36:39.381073 697359 ResourceManager.cpp:262] ResourceManager::loadStage : start load render asset data/scene_datasets/mp3d/2n8kARJN3HM/2n8kARJN3HM.glb.
I1008 15:36:39.381074 697359 ResourceManager.cpp:569] ResourceManager::loadStageInternal : Attempting to load stage data/scene_datasets/mp3d/2n8kARJN3HM/2n8kARJN3HM.glb 
I1008 15:36:39.381085 697359 ResourceManager.cpp:1119] Importing Basis files as BC7 for 2n8kARJN3HM.glb
W1008 15:36:42.016775 697359 Simulator.cpp:248] :
---
 The active scene does not contain semantic annotations. 
---
I1008 15:36:42.085821 697359 simulator.py:213] Loaded navmesh data/scene_datasets/mp3d/2n8kARJN3HM/2n8kARJN3HM.navmesh
I1008 15:36:42.635922 697359 PhysicsManager.cpp:33] Deconstructing PhysicsManager
I1008 15:36:42.635949 697359 SemanticScene.h:41] Deconstructing SemanticScene
I1008 15:36:42.639322 697359 SceneManager.h:25] Deconstructing SceneManager
I1008 15:36:42.639333 697359 SceneGraph.h:26] Deconstructing SceneGraph
I1008 15:36:42.639825 697359 Sensor.h:87] Deconstructing Sensor
I1008 15:36:42.640172 697359 Sensor.h:87] Deconstructing Sensor
I1008 15:36:42.640290 697359 Sensor.h:87] Deconstructing Sensor
I1008 15:36:42.640413 697359 Sensor.h:87] Deconstructing Sensor
I1008 15:36:42.640530 697359 Sensor.h:87] Deconstructing Sensor
I1008 15:36:42.640650 697359 Sensor.h:87] Deconstructing Sensor
I1008 15:36:42.640775 697359 Sensor.h:87] Deconstructing Sensor
I1008 15:36:42.640894 697359 Sensor.h:87] Deconstructing Sensor
I1008 15:36:42.641017 697359 Sensor.h:87] Deconstructing Sensor
I1008 15:36:42.641135 697359 Sensor.h:87] Deconstructing Sensor
I1008 15:36:42.641251 697359 Sensor.h:87] Deconstructing Sensor
I1008 15:36:42.641371 697359 Sensor.h:87] Deconstructing Sensor
I1008 15:36:42.641489 697359 Sensor.h:87] Deconstructing Sensor
I1008 15:36:42.641637 697359 Sensor.h:87] Deconstructing Sensor
I1008 15:36:42.641793 697359 Sensor.h:87] Deconstructing Sensor
I1008 15:36:42.641942 697359 Sensor.h:87] Deconstructing Sensor
I1008 15:36:42.642091 697359 Sensor.h:87] Deconstructing Sensor
I1008 15:36:42.642233 697359 Sensor.h:87] Deconstructing Sensor
I1008 15:36:42.642377 697359 Sensor.h:87] Deconstructing Sensor
I1008 15:36:42.642522 697359 Sensor.h:87] Deconstructing Sensor
I1008 15:36:42.642666 697359 Sensor.h:87] Deconstructing Sensor
I1008 15:36:42.642808 697359 Sensor.h:87] Deconstructing Sensor
I1008 15:36:42.642957 697359 Sensor.h:87] Deconstructing Sensor
I1008 15:36:42.643052 697359 Sensor.h:87] Deconstructing Sensor
I1008 15:36:42.651724 697359 Renderer.cpp:34] Deconstructing Renderer
I1008 15:36:42.651755 697359 WindowlessContext.h:17] Deconstructing WindowlessContext
I1008 15:36:42.658102 697359 MetadataMediator.cpp:56] MetadataMediator::setActiveSceneDatasetName : Old active dataset default changed to default successfully.
I1008 15:36:42.660163 697359 AttributesManagerBase.h:283] AttributesManager<T>::createFromJsonOrDefaultInternal  (Physics Manager) : Proposing JSON name : ./data/default.physics_config.json from original name : ./data/default.physics_config.json | This file  does not exist.
I1008 15:36:42.660211 697359 PhysicsAttributesManager.cpp:27] File (./data/default.physics_config.json) not found, so new default physics manager attributes created and registered.
I1008 15:36:42.660218 697359 AbstractObjectAttributesManagerBase.h:175] AbstractObjectAttributesManager<T>::createObject  (Stage) : Making attributes with handle : data/scene_datasets/mp3d/PX4nDJXEHrG/PX4nDJXEHrG.glb
I1008 15:36:42.660221 697359 ManagedContainerBase.cpp:19] ManagedContainerBase::convertFilenameToJSON : Filename : data/scene_datasets/mp3d/PX4nDJXEHrG/PX4nDJXEHrG.glb changed to proposed JSON configuration filename : data/scene_datasets/mp3d/PX4nDJXEHrG/PX4nDJXEHrG.stage_config.json
I1008 15:36:42.660238 697359 AttributesManagerBase.h:283] AttributesManager<T>::createFromJsonOrDefaultInternal  (Stage) : Proposing JSON name : data/scene_datasets/mp3d/PX4nDJXEHrG/PX4nDJXEHrG.stage_config.json from original name : data/scene_datasets/mp3d/PX4nDJXEHrG/PX4nDJXEHrG.glb | This file  does not exist.
I1008 15:36:42.660286 697359 AbstractObjectAttributesManagerBase.h:181] AbstractObjectAttributesManager<T>::createObject  (Stage) : Done making attributes with handle : data/scene_datasets/mp3d/PX4nDJXEHrG/PX4nDJXEHrG.glb
I1008 15:36:42.660288 697359 AbstractObjectAttributesManagerBase.h:188] File (data/scene_datasets/mp3d/PX4nDJXEHrG/PX4nDJXEHrG.glb) exists but is not a recognized config filename extension, so new default Stage attributes created and registered.
I1008 15:36:42.660292 697359 Simulator.cpp:156] Loading navmesh from data/scene_datasets/mp3d/PX4nDJXEHrG/PX4nDJXEHrG.navmesh
I1008 15:36:42.660614 697359 Simulator.cpp:158] Loaded.
I1008 15:36:42.660622 697359 SceneGraph.h:93] Created DrawableGroup: 
I1008 15:36:42.664335 697359 ResourceManager.cpp:234] ResourceManager::loadStage : Not loading semantic mesh
I1008 15:36:42.664346 697359 ResourceManager.cpp:262] ResourceManager::loadStage : start load render asset data/scene_datasets/mp3d/PX4nDJXEHrG/PX4nDJXEHrG.glb.
I1008 15:36:42.664348 697359 ResourceManager.cpp:569] ResourceManager::loadStageInternal : Attempting to load stage data/scene_datasets/mp3d/PX4nDJXEHrG/PX4nDJXEHrG.glb 
I1008 15:36:42.664367 697359 ResourceManager.cpp:1119] Importing Basis files as BC7 for PX4nDJXEHrG.glb
W1008 15:36:45.251320 697359 Simulator.cpp:248] :
---
 The active scene does not contain semantic annotations. 
---
I1008 15:36:45.342657 697359 simulator.py:213] Loaded navmesh data/scene_datasets/mp3d/PX4nDJXEHrG/PX4nDJXEHrG.navmesh
I1008 15:36:46.279951 697359 PhysicsManager.cpp:33] Deconstructing PhysicsManager
I1008 15:36:46.279980 697359 SemanticScene.h:41] Deconstructing SemanticScene
I1008 15:36:46.285202 697359 SceneManager.h:25] Deconstructing SceneManager
I1008 15:36:46.285213 697359 SceneGraph.h:26] Deconstructing SceneGraph
I1008 15:36:46.285660 697359 Sensor.h:87] Deconstructing Sensor
I1008 15:36:46.286197 697359 Sensor.h:87] Deconstructing Sensor
I1008 15:36:46.286317 697359 Sensor.h:87] Deconstructing Sensor
I1008 15:36:46.286446 697359 Sensor.h:87] Deconstructing Sensor
I1008 15:36:46.286564 697359 Sensor.h:87] Deconstructing Sensor
I1008 15:36:46.286684 697359 Sensor.h:87] Deconstructing Sensor
I1008 15:36:46.286805 697359 Sensor.h:87] Deconstructing Sensor
I1008 15:36:46.286921 697359 Sensor.h:87] Deconstructing Sensor
I1008 15:36:46.287039 697359 Sensor.h:87] Deconstructing Sensor
I1008 15:36:46.287155 697359 Sensor.h:87] Deconstructing Sensor
I1008 15:36:46.287271 697359 Sensor.h:87] Deconstructing Sensor
I1008 15:36:46.287393 697359 Sensor.h:87] Deconstructing Sensor
I1008 15:36:46.287509 697359 Sensor.h:87] Deconstructing Sensor
I1008 15:36:46.287660 697359 Sensor.h:87] Deconstructing Sensor
I1008 15:36:46.287823 697359 Sensor.h:87] Deconstructing Sensor
I1008 15:36:46.287967 697359 Sensor.h:87] Deconstructing Sensor
I1008 15:36:46.288117 697359 Sensor.h:87] Deconstructing Sensor
I1008 15:36:46.288260 697359 Sensor.h:87] Deconstructing Sensor
I1008 15:36:46.288407 697359 Sensor.h:87] Deconstructing Sensor
I1008 15:36:46.288568 697359 Sensor.h:87] Deconstructing Sensor
I1008 15:36:46.288715 697359 Sensor.h:87] Deconstructing Sensor
I1008 15:36:46.288867 697359 Sensor.h:87] Deconstructing Sensor
I1008 15:36:46.289018 697359 Sensor.h:87] Deconstructing Sensor
I1008 15:36:46.289202 697359 Sensor.h:87] Deconstructing Sensor
I1008 15:36:46.295286 697359 Renderer.cpp:34] Deconstructing Renderer
I1008 15:36:46.295320 697359 WindowlessContext.h:17] Deconstructing WindowlessContext
I1008 15:36:46.301995 697359 MetadataMediator.cpp:56] MetadataMediator::setActiveSceneDatasetName : Old active dataset default changed to default successfully.
I1008 15:36:46.303272 697359 AttributesManagerBase.h:283] AttributesManager<T>::createFromJsonOrDefaultInternal  (Physics Manager) : Proposing JSON name : ./data/default.physics_config.json from original name : ./data/default.physics_config.json | This file  does not exist.
I1008 15:36:46.303299 697359 PhysicsAttributesManager.cpp:27] File (./data/default.physics_config.json) not found, so new default physics manager attributes created and registered.
I1008 15:36:46.303305 697359 AbstractObjectAttributesManagerBase.h:175] AbstractObjectAttributesManager<T>::createObject  (Stage) : Making attributes with handle : data/scene_datasets/mp3d/qoiz87JEwZ2/qoiz87JEwZ2.glb
I1008 15:36:46.303308 697359 ManagedContainerBase.cpp:19] ManagedContainerBase::convertFilenameToJSON : Filename : data/scene_datasets/mp3d/qoiz87JEwZ2/qoiz87JEwZ2.glb changed to proposed JSON configuration filename : data/scene_datasets/mp3d/qoiz87JEwZ2/qoiz87JEwZ2.stage_config.json
I1008 15:36:46.303325 697359 AttributesManagerBase.h:283] AttributesManager<T>::createFromJsonOrDefaultInternal  (Stage) : Proposing JSON name : data/scene_datasets/mp3d/qoiz87JEwZ2/qoiz87JEwZ2.stage_config.json from original name : data/scene_datasets/mp3d/qoiz87JEwZ2/qoiz87JEwZ2.glb | This file  does not exist.
I1008 15:36:46.303372 697359 AbstractObjectAttributesManagerBase.h:181] AbstractObjectAttributesManager<T>::createObject  (Stage) : Done making attributes with handle : data/scene_datasets/mp3d/qoiz87JEwZ2/qoiz87JEwZ2.glb
I1008 15:36:46.303373 697359 AbstractObjectAttributesManagerBase.h:188] File (data/scene_datasets/mp3d/qoiz87JEwZ2/qoiz87JEwZ2.glb) exists but is not a recognized config filename extension, so new default Stage attributes created and registered.
I1008 15:36:46.303378 697359 Simulator.cpp:156] Loading navmesh from data/scene_datasets/mp3d/qoiz87JEwZ2/qoiz87JEwZ2.navmesh
I1008 15:36:46.303537 697359 Simulator.cpp:158] Loaded.
I1008 15:36:46.303544 697359 SceneGraph.h:93] Created DrawableGroup: 
I1008 15:36:46.307066 697359 ResourceManager.cpp:234] ResourceManager::loadStage : Not loading semantic mesh
I1008 15:36:46.307075 697359 ResourceManager.cpp:262] ResourceManager::loadStage : start load render asset data/scene_datasets/mp3d/qoiz87JEwZ2/qoiz87JEwZ2.glb.
I1008 15:36:46.307077 697359 ResourceManager.cpp:569] ResourceManager::loadStageInternal : Attempting to load stage data/scene_datasets/mp3d/qoiz87JEwZ2/qoiz87JEwZ2.glb 
I1008 15:36:46.307096 697359 ResourceManager.cpp:1119] Importing Basis files as BC7 for qoiz87JEwZ2.glb
W1008 15:36:47.941928 697359 Simulator.cpp:248] :
---
 The active scene does not contain semantic annotations. 
---
I1008 15:36:48.002172 697359 simulator.py:213] Loaded navmesh data/scene_datasets/mp3d/qoiz87JEwZ2/qoiz87JEwZ2.navmesh
I1008 15:36:49.407423 697359 PhysicsManager.cpp:33] Deconstructing PhysicsManager
I1008 15:36:49.407449 697359 SemanticScene.h:41] Deconstructing SemanticScene
I1008 15:36:49.410518 697359 SceneManager.h:25] Deconstructing SceneManager
I1008 15:36:49.410527 697359 SceneGraph.h:26] Deconstructing SceneGraph
I1008 15:36:49.411028 697359 Sensor.h:87] Deconstructing Sensor
I1008 15:36:49.411274 697359 Sensor.h:87] Deconstructing Sensor
I1008 15:36:49.411381 697359 Sensor.h:87] Deconstructing Sensor
I1008 15:36:49.411485 697359 Sensor.h:87] Deconstructing Sensor
I1008 15:36:49.411584 697359 Sensor.h:87] Deconstructing Sensor
I1008 15:36:49.411684 697359 Sensor.h:87] Deconstructing Sensor
I1008 15:36:49.411798 697359 Sensor.h:87] Deconstructing Sensor
I1008 15:36:49.411896 697359 Sensor.h:87] Deconstructing Sensor
I1008 15:36:49.412000 697359 Sensor.h:87] Deconstructing Sensor
I1008 15:36:49.412097 697359 Sensor.h:87] Deconstructing Sensor
I1008 15:36:49.412194 697359 Sensor.h:87] Deconstructing Sensor
I1008 15:36:49.412290 697359 Sensor.h:87] Deconstructing Sensor
I1008 15:36:49.412387 697359 Sensor.h:87] Deconstructing Sensor
I1008 15:36:49.412516 697359 Sensor.h:87] Deconstructing Sensor
I1008 15:36:49.412647 697359 Sensor.h:87] Deconstructing Sensor
I1008 15:36:49.412767 697359 Sensor.h:87] Deconstructing Sensor
I1008 15:36:49.412894 697359 Sensor.h:87] Deconstructing Sensor
I1008 15:36:49.413012 697359 Sensor.h:87] Deconstructing Sensor
I1008 15:36:49.413136 697359 Sensor.h:87] Deconstructing Sensor
I1008 15:36:49.413260 697359 Sensor.h:87] Deconstructing Sensor
I1008 15:36:49.413378 697359 Sensor.h:87] Deconstructing Sensor
I1008 15:36:49.413497 697359 Sensor.h:87] Deconstructing Sensor
I1008 15:36:49.413623 697359 Sensor.h:87] Deconstructing Sensor
I1008 15:36:49.413781 697359 Sensor.h:87] Deconstructing Sensor
I1008 15:36:49.416531 697359 Renderer.cpp:34] Deconstructing Renderer
I1008 15:36:49.416539 697359 WindowlessContext.h:17] Deconstructing WindowlessContext
I1008 15:36:49.419778 697359 MetadataMediator.cpp:56] MetadataMediator::setActiveSceneDatasetName : Old active dataset default changed to default successfully.
I1008 15:36:49.420488 697359 AttributesManagerBase.h:283] AttributesManager<T>::createFromJsonOrDefaultInternal  (Physics Manager) : Proposing JSON name : ./data/default.physics_config.json from original name : ./data/default.physics_config.json | This file  does not exist.
I1008 15:36:49.420514 697359 PhysicsAttributesManager.cpp:27] File (./data/default.physics_config.json) not found, so new default physics manager attributes created and registered.
I1008 15:36:49.420519 697359 AbstractObjectAttributesManagerBase.h:175] AbstractObjectAttributesManager<T>::createObject  (Stage) : Making attributes with handle : data/scene_datasets/mp3d/pRbA3pwrgk9/pRbA3pwrgk9.glb
I1008 15:36:49.420522 697359 ManagedContainerBase.cpp:19] ManagedContainerBase::convertFilenameToJSON : Filename : data/scene_datasets/mp3d/pRbA3pwrgk9/pRbA3pwrgk9.glb changed to proposed JSON configuration filename : data/scene_datasets/mp3d/pRbA3pwrgk9/pRbA3pwrgk9.stage_config.json
I1008 15:36:49.420538 697359 AttributesManagerBase.h:283] AttributesManager<T>::createFromJsonOrDefaultInternal  (Stage) : Proposing JSON name : data/scene_datasets/mp3d/pRbA3pwrgk9/pRbA3pwrgk9.stage_config.json from original name : data/scene_datasets/mp3d/pRbA3pwrgk9/pRbA3pwrgk9.glb | This file  does not exist.
I1008 15:36:49.420583 697359 AbstractObjectAttributesManagerBase.h:181] AbstractObjectAttributesManager<T>::createObject  (Stage) : Done making attributes with handle : data/scene_datasets/mp3d/pRbA3pwrgk9/pRbA3pwrgk9.glb
I1008 15:36:49.420583 697359 AbstractObjectAttributesManagerBase.h:188] File (data/scene_datasets/mp3d/pRbA3pwrgk9/pRbA3pwrgk9.glb) exists but is not a recognized config filename extension, so new default Stage attributes created and registered.
I1008 15:36:49.420588 697359 Simulator.cpp:156] Loading navmesh from data/scene_datasets/mp3d/pRbA3pwrgk9/pRbA3pwrgk9.navmesh
I1008 15:36:49.420717 697359 Simulator.cpp:158] Loaded.
I1008 15:36:49.420724 697359 SceneGraph.h:93] Created DrawableGroup: 
I1008 15:36:49.424187 697359 ResourceManager.cpp:234] ResourceManager::loadStage : Not loading semantic mesh
I1008 15:36:49.424197 697359 ResourceManager.cpp:262] ResourceManager::loadStage : start load render asset data/scene_datasets/mp3d/pRbA3pwrgk9/pRbA3pwrgk9.glb.
I1008 15:36:49.424199 697359 ResourceManager.cpp:569] ResourceManager::loadStageInternal : Attempting to load stage data/scene_datasets/mp3d/pRbA3pwrgk9/pRbA3pwrgk9.glb 
I1008 15:36:49.424219 697359 ResourceManager.cpp:1119] Importing Basis files as BC7 for pRbA3pwrgk9.glb
W1008 15:36:50.566360 697359 Simulator.cpp:248] :
---
 The active scene does not contain semantic annotations. 
---
I1008 15:36:50.617798 697359 simulator.py:213] Loaded navmesh data/scene_datasets/mp3d/pRbA3pwrgk9/pRbA3pwrgk9.navmesh
I1008 15:36:51.044677 697359 PhysicsManager.cpp:33] Deconstructing PhysicsManager
I1008 15:36:51.044698 697359 SemanticScene.h:41] Deconstructing SemanticScene
I1008 15:36:51.047334 697359 SceneManager.h:25] Deconstructing SceneManager
I1008 15:36:51.047338 697359 SceneGraph.h:26] Deconstructing SceneGraph
I1008 15:36:51.047801 697359 Sensor.h:87] Deconstructing Sensor
I1008 15:36:51.047989 697359 Sensor.h:87] Deconstructing Sensor
I1008 15:36:51.048087 697359 Sensor.h:87] Deconstructing Sensor
I1008 15:36:51.048192 697359 Sensor.h:87] Deconstructing Sensor
I1008 15:36:51.048287 697359 Sensor.h:87] Deconstructing Sensor
I1008 15:36:51.048386 697359 Sensor.h:87] Deconstructing Sensor
I1008 15:36:51.048486 697359 Sensor.h:87] Deconstructing Sensor
I1008 15:36:51.048585 697359 Sensor.h:87] Deconstructing Sensor
I1008 15:36:51.048686 697359 Sensor.h:87] Deconstructing Sensor
I1008 15:36:51.048780 697359 Sensor.h:87] Deconstructing Sensor
I1008 15:36:51.048875 697359 Sensor.h:87] Deconstructing Sensor
I1008 15:36:51.048972 697359 Sensor.h:87] Deconstructing Sensor
I1008 15:36:51.049064 697359 Sensor.h:87] Deconstructing Sensor
I1008 15:36:51.049187 697359 Sensor.h:87] Deconstructing Sensor
I1008 15:36:51.049309 697359 Sensor.h:87] Deconstructing Sensor
I1008 15:36:51.049427 697359 Sensor.h:87] Deconstructing Sensor
I1008 15:36:51.049547 697359 Sensor.h:87] Deconstructing Sensor
I1008 15:36:51.049666 697359 Sensor.h:87] Deconstructing Sensor
I1008 15:36:51.049844 697359 Sensor.h:87] Deconstructing Sensor
I1008 15:36:51.049965 697359 Sensor.h:87] Deconstructing Sensor
I1008 15:36:51.050083 697359 Sensor.h:87] Deconstructing Sensor
I1008 15:36:51.050201 697359 Sensor.h:87] Deconstructing Sensor
I1008 15:36:51.050326 697359 Sensor.h:87] Deconstructing Sensor
I1008 15:36:51.050395 697359 Sensor.h:87] Deconstructing Sensor
I1008 15:36:51.053363 697359 Renderer.cpp:34] Deconstructing Renderer
I1008 15:36:51.053368 697359 WindowlessContext.h:17] Deconstructing WindowlessContext
I1008 15:36:51.056142 697359 MetadataMediator.cpp:56] MetadataMediator::setActiveSceneDatasetName : Old active dataset default changed to default successfully.
I1008 15:36:51.056775 697359 AttributesManagerBase.h:283] AttributesManager<T>::createFromJsonOrDefaultInternal  (Physics Manager) : Proposing JSON name : ./data/default.physics_config.json from original name : ./data/default.physics_config.json | This file  does not exist.
I1008 15:36:51.056797 697359 PhysicsAttributesManager.cpp:27] File (./data/default.physics_config.json) not found, so new default physics manager attributes created and registered.
I1008 15:36:51.056802 697359 AbstractObjectAttributesManagerBase.h:175] AbstractObjectAttributesManager<T>::createObject  (Stage) : Making attributes with handle : data/scene_datasets/mp3d/qoiz87JEwZ2/qoiz87JEwZ2.glb
I1008 15:36:51.056805 697359 ManagedContainerBase.cpp:19] ManagedContainerBase::convertFilenameToJSON : Filename : data/scene_datasets/mp3d/qoiz87JEwZ2/qoiz87JEwZ2.glb changed to proposed JSON configuration filename : data/scene_datasets/mp3d/qoiz87JEwZ2/qoiz87JEwZ2.stage_config.json
I1008 15:36:51.056820 697359 AttributesManagerBase.h:283] AttributesManager<T>::createFromJsonOrDefaultInternal  (Stage) : Proposing JSON name : data/scene_datasets/mp3d/qoiz87JEwZ2/qoiz87JEwZ2.stage_config.json from original name : data/scene_datasets/mp3d/qoiz87JEwZ2/qoiz87JEwZ2.glb | This file  does not exist.
I1008 15:36:51.056859 697359 AbstractObjectAttributesManagerBase.h:181] AbstractObjectAttributesManager<T>::createObject  (Stage) : Done making attributes with handle : data/scene_datasets/mp3d/qoiz87JEwZ2/qoiz87JEwZ2.glb
I1008 15:36:51.056859 697359 AbstractObjectAttributesManagerBase.h:188] File (data/scene_datasets/mp3d/qoiz87JEwZ2/qoiz87JEwZ2.glb) exists but is not a recognized config filename extension, so new default Stage attributes created and registered.
I1008 15:36:51.056869 697359 Simulator.cpp:156] Loading navmesh from data/scene_datasets/mp3d/qoiz87JEwZ2/qoiz87JEwZ2.navmesh
I1008 15:36:51.056973 697359 Simulator.cpp:158] Loaded.
I1008 15:36:51.056977 697359 SceneGraph.h:93] Created DrawableGroup: 
I1008 15:36:51.060122 697359 ResourceManager.cpp:234] ResourceManager::loadStage : Not loading semantic mesh
I1008 15:36:51.060129 697359 ResourceManager.cpp:262] ResourceManager::loadStage : start load render asset data/scene_datasets/mp3d/qoiz87JEwZ2/qoiz87JEwZ2.glb.
I1008 15:36:51.060132 697359 ResourceManager.cpp:569] ResourceManager::loadStageInternal : Attempting to load stage data/scene_datasets/mp3d/qoiz87JEwZ2/qoiz87JEwZ2.glb 
I1008 15:36:51.060149 697359 ResourceManager.cpp:1119] Importing Basis files as BC7 for qoiz87JEwZ2.glb
W1008 15:36:52.613010 697359 Simulator.cpp:248] :
---
 The active scene does not contain semantic annotations. 
---
I1008 15:36:52.667480 697359 simulator.py:213] Loaded navmesh data/scene_datasets/mp3d/qoiz87JEwZ2/qoiz87JEwZ2.navmesh
I1008 15:36:53.206775 697359 PhysicsManager.cpp:33] Deconstructing PhysicsManager
I1008 15:36:53.206796 697359 SemanticScene.h:41] Deconstructing SemanticScene
I1008 15:36:53.209717 697359 SceneManager.h:25] Deconstructing SceneManager
I1008 15:36:53.209725 697359 SceneGraph.h:26] Deconstructing SceneGraph
I1008 15:36:53.210108 697359 Sensor.h:87] Deconstructing Sensor
I1008 15:36:53.210453 697359 Sensor.h:87] Deconstructing Sensor
I1008 15:36:53.210559 697359 Sensor.h:87] Deconstructing Sensor
I1008 15:36:53.210673 697359 Sensor.h:87] Deconstructing Sensor
I1008 15:36:53.210778 697359 Sensor.h:87] Deconstructing Sensor
I1008 15:36:53.210877 697359 Sensor.h:87] Deconstructing Sensor
I1008 15:36:53.210983 697359 Sensor.h:87] Deconstructing Sensor
I1008 15:36:53.211081 697359 Sensor.h:87] Deconstructing Sensor
I1008 15:36:53.211182 697359 Sensor.h:87] Deconstructing Sensor
I1008 15:36:53.211279 697359 Sensor.h:87] Deconstructing Sensor
I1008 15:36:53.211378 697359 Sensor.h:87] Deconstructing Sensor
I1008 15:36:53.211477 697359 Sensor.h:87] Deconstructing Sensor
I1008 15:36:53.211576 697359 Sensor.h:87] Deconstructing Sensor
I1008 15:36:53.211709 697359 Sensor.h:87] Deconstructing Sensor
I1008 15:36:53.211839 697359 Sensor.h:87] Deconstructing Sensor
I1008 15:36:53.211961 697359 Sensor.h:87] Deconstructing Sensor
I1008 15:36:53.212087 697359 Sensor.h:87] Deconstructing Sensor
I1008 15:36:53.212209 697359 Sensor.h:87] Deconstructing Sensor
I1008 15:36:53.212334 697359 Sensor.h:87] Deconstructing Sensor
I1008 15:36:53.212460 697359 Sensor.h:87] Deconstructing Sensor
I1008 15:36:53.212584 697359 Sensor.h:87] Deconstructing Sensor
I1008 15:36:53.212711 697359 Sensor.h:87] Deconstructing Sensor
I1008 15:36:53.212841 697359 Sensor.h:87] Deconstructing Sensor
I1008 15:36:53.212954 697359 Sensor.h:87] Deconstructing Sensor
I1008 15:36:53.216274 697359 Renderer.cpp:34] Deconstructing Renderer
I1008 15:36:53.216289 697359 WindowlessContext.h:17] Deconstructing WindowlessContext
I1008 15:36:53.219585 697359 MetadataMediator.cpp:56] MetadataMediator::setActiveSceneDatasetName : Old active dataset default changed to default successfully.
I1008 15:36:53.220391 697359 AttributesManagerBase.h:283] AttributesManager<T>::createFromJsonOrDefaultInternal  (Physics Manager) : Proposing JSON name : ./data/default.physics_config.json from original name : ./data/default.physics_config.json | This file  does not exist.
I1008 15:36:53.220418 697359 PhysicsAttributesManager.cpp:27] File (./data/default.physics_config.json) not found, so new default physics manager attributes created and registered.
I1008 15:36:53.220423 697359 AbstractObjectAttributesManagerBase.h:175] AbstractObjectAttributesManager<T>::createObject  (Stage) : Making attributes with handle : data/scene_datasets/mp3d/ur6pFq6Qu1A/ur6pFq6Qu1A.glb
I1008 15:36:53.220427 697359 ManagedContainerBase.cpp:19] ManagedContainerBase::convertFilenameToJSON : Filename : data/scene_datasets/mp3d/ur6pFq6Qu1A/ur6pFq6Qu1A.glb changed to proposed JSON configuration filename : data/scene_datasets/mp3d/ur6pFq6Qu1A/ur6pFq6Qu1A.stage_config.json
I1008 15:36:53.220451 697359 AttributesManagerBase.h:283] AttributesManager<T>::createFromJsonOrDefaultInternal  (Stage) : Proposing JSON name : data/scene_datasets/mp3d/ur6pFq6Qu1A/ur6pFq6Qu1A.stage_config.json from original name : data/scene_datasets/mp3d/ur6pFq6Qu1A/ur6pFq6Qu1A.glb | This file  does not exist.
I1008 15:36:53.220497 697359 AbstractObjectAttributesManagerBase.h:181] AbstractObjectAttributesManager<T>::createObject  (Stage) : Done making attributes with handle : data/scene_datasets/mp3d/ur6pFq6Qu1A/ur6pFq6Qu1A.glb
I1008 15:36:53.220498 697359 AbstractObjectAttributesManagerBase.h:188] File (data/scene_datasets/mp3d/ur6pFq6Qu1A/ur6pFq6Qu1A.glb) exists but is not a recognized config filename extension, so new default Stage attributes created and registered.
I1008 15:36:53.220501 697359 Simulator.cpp:156] Loading navmesh from data/scene_datasets/mp3d/ur6pFq6Qu1A/ur6pFq6Qu1A.navmesh
I1008 15:36:53.220731 697359 Simulator.cpp:158] Loaded.
I1008 15:36:53.220737 697359 SceneGraph.h:93] Created DrawableGroup: 
I1008 15:36:53.224249 697359 ResourceManager.cpp:234] ResourceManager::loadStage : Not loading semantic mesh
I1008 15:36:53.224259 697359 ResourceManager.cpp:262] ResourceManager::loadStage : start load render asset data/scene_datasets/mp3d/ur6pFq6Qu1A/ur6pFq6Qu1A.glb.
I1008 15:36:53.224260 697359 ResourceManager.cpp:569] ResourceManager::loadStageInternal : Attempting to load stage data/scene_datasets/mp3d/ur6pFq6Qu1A/ur6pFq6Qu1A.glb 
I1008 15:36:53.224288 697359 ResourceManager.cpp:1119] Importing Basis files as BC7 for ur6pFq6Qu1A.glb
W1008 15:36:55.385100 697359 Simulator.cpp:248] :
---
 The active scene does not contain semantic annotations. 
---
I1008 15:36:55.439793 697359 simulator.py:213] Loaded navmesh data/scene_datasets/mp3d/ur6pFq6Qu1A/ur6pFq6Qu1A.navmesh
I1008 15:36:55.857950 697359 PhysicsManager.cpp:33] Deconstructing PhysicsManager
I1008 15:36:55.857976 697359 SemanticScene.h:41] Deconstructing SemanticScene
I1008 15:36:55.861536 697359 SceneManager.h:25] Deconstructing SceneManager
I1008 15:36:55.861546 697359 SceneGraph.h:26] Deconstructing SceneGraph
I1008 15:36:55.862110 697359 Sensor.h:87] Deconstructing Sensor
I1008 15:36:55.862527 697359 Sensor.h:87] Deconstructing Sensor
I1008 15:36:55.862635 697359 Sensor.h:87] Deconstructing Sensor
I1008 15:36:55.862751 697359 Sensor.h:87] Deconstructing Sensor
I1008 15:36:55.862857 697359 Sensor.h:87] Deconstructing Sensor
I1008 15:36:55.862960 697359 Sensor.h:87] Deconstructing Sensor
I1008 15:36:55.863070 697359 Sensor.h:87] Deconstructing Sensor
I1008 15:36:55.863178 697359 Sensor.h:87] Deconstructing Sensor
I1008 15:36:55.865123 697359 Sensor.h:87] Deconstructing Sensor
I1008 15:36:55.865252 697359 Sensor.h:87] Deconstructing Sensor
I1008 15:36:55.865355 697359 Sensor.h:87] Deconstructing Sensor
I1008 15:36:55.865463 697359 Sensor.h:87] Deconstructing Sensor
I1008 15:36:55.865567 697359 Sensor.h:87] Deconstructing Sensor
I1008 15:36:55.865734 697359 Sensor.h:87] Deconstructing Sensor
I1008 15:36:55.865873 697359 Sensor.h:87] Deconstructing Sensor
I1008 15:36:55.866000 697359 Sensor.h:87] Deconstructing Sensor
I1008 15:36:55.866129 697359 Sensor.h:87] Deconstructing Sensor
I1008 15:36:55.866254 697359 Sensor.h:87] Deconstructing Sensor
I1008 15:36:55.866381 697359 Sensor.h:87] Deconstructing Sensor
I1008 15:36:55.866539 697359 Sensor.h:87] Deconstructing Sensor
I1008 15:36:55.866668 697359 Sensor.h:87] Deconstructing Sensor
I1008 15:36:55.866796 697359 Sensor.h:87] Deconstructing Sensor
I1008 15:36:55.866926 697359 Sensor.h:87] Deconstructing Sensor
I1008 15:36:55.867009 697359 Sensor.h:87] Deconstructing Sensor
I1008 15:36:55.871106 697359 Renderer.cpp:34] Deconstructing Renderer
I1008 15:36:55.871119 697359 WindowlessContext.h:17] Deconstructing WindowlessContext
I1008 15:36:55.876330 697359 MetadataMediator.cpp:56] MetadataMediator::setActiveSceneDatasetName : Old active dataset default changed to default successfully.
I1008 15:36:55.877156 697359 AttributesManagerBase.h:283] AttributesManager<T>::createFromJsonOrDefaultInternal  (Physics Manager) : Proposing JSON name : ./data/default.physics_config.json from original name : ./data/default.physics_config.json | This file  does not exist.
I1008 15:36:55.877190 697359 PhysicsAttributesManager.cpp:27] File (./data/default.physics_config.json) not found, so new default physics manager attributes created and registered.
I1008 15:36:55.877195 697359 AbstractObjectAttributesManagerBase.h:175] AbstractObjectAttributesManager<T>::createObject  (Stage) : Making attributes with handle : data/scene_datasets/mp3d/JmbYfDe2QKZ/JmbYfDe2QKZ.glb
I1008 15:36:55.877198 697359 ManagedContainerBase.cpp:19] ManagedContainerBase::convertFilenameToJSON : Filename : data/scene_datasets/mp3d/JmbYfDe2QKZ/JmbYfDe2QKZ.glb changed to proposed JSON configuration filename : data/scene_datasets/mp3d/JmbYfDe2QKZ/JmbYfDe2QKZ.stage_config.json
I1008 15:36:55.877213 697359 AttributesManagerBase.h:283] AttributesManager<T>::createFromJsonOrDefaultInternal  (Stage) : Proposing JSON name : data/scene_datasets/mp3d/JmbYfDe2QKZ/JmbYfDe2QKZ.stage_config.json from original name : data/scene_datasets/mp3d/JmbYfDe2QKZ/JmbYfDe2QKZ.glb | This file  does not exist.
I1008 15:36:55.877255 697359 AbstractObjectAttributesManagerBase.h:181] AbstractObjectAttributesManager<T>::createObject  (Stage) : Done making attributes with handle : data/scene_datasets/mp3d/JmbYfDe2QKZ/JmbYfDe2QKZ.glb
I1008 15:36:55.877256 697359 AbstractObjectAttributesManagerBase.h:188] File (data/scene_datasets/mp3d/JmbYfDe2QKZ/JmbYfDe2QKZ.glb) exists but is not a recognized config filename extension, so new default Stage attributes created and registered.
I1008 15:36:55.877259 697359 Simulator.cpp:156] Loading navmesh from data/scene_datasets/mp3d/JmbYfDe2QKZ/JmbYfDe2QKZ.navmesh
I1008 15:36:55.877354 697359 Simulator.cpp:158] Loaded.
I1008 15:36:55.877358 697359 SceneGraph.h:93] Created DrawableGroup: 
I1008 15:36:55.880688 697359 ResourceManager.cpp:234] ResourceManager::loadStage : Not loading semantic mesh
I1008 15:36:55.880695 697359 ResourceManager.cpp:262] ResourceManager::loadStage : start load render asset data/scene_datasets/mp3d/JmbYfDe2QKZ/JmbYfDe2QKZ.glb.
I1008 15:36:55.880697 697359 ResourceManager.cpp:569] ResourceManager::loadStageInternal : Attempting to load stage data/scene_datasets/mp3d/JmbYfDe2QKZ/JmbYfDe2QKZ.glb 
I1008 15:36:55.880713 697359 ResourceManager.cpp:1119] Importing Basis files as BC7 for JmbYfDe2QKZ.glb
W1008 15:36:56.941308 697359 Simulator.cpp:248] :
---
 The active scene does not contain semantic annotations. 
---
I1008 15:36:56.988515 697359 simulator.py:213] Loaded navmesh data/scene_datasets/mp3d/JmbYfDe2QKZ/JmbYfDe2QKZ.navmesh
I1008 15:36:57.507361 697359 PhysicsManager.cpp:33] Deconstructing PhysicsManager
I1008 15:36:57.507385 697359 SemanticScene.h:41] Deconstructing SemanticScene
I1008 15:36:57.509963 697359 SceneManager.h:25] Deconstructing SceneManager
I1008 15:36:57.509967 697359 SceneGraph.h:26] Deconstructing SceneGraph
I1008 15:36:57.510346 697359 Sensor.h:87] Deconstructing Sensor
I1008 15:36:57.510727 697359 Sensor.h:87] Deconstructing Sensor
I1008 15:36:57.510833 697359 Sensor.h:87] Deconstructing Sensor
I1008 15:36:57.510937 697359 Sensor.h:87] Deconstructing Sensor
I1008 15:36:57.511041 697359 Sensor.h:87] Deconstructing Sensor
I1008 15:36:57.511138 697359 Sensor.h:87] Deconstructing Sensor
I1008 15:36:57.511243 697359 Sensor.h:87] Deconstructing Sensor
I1008 15:36:57.511341 697359 Sensor.h:87] Deconstructing Sensor
I1008 15:36:57.511445 697359 Sensor.h:87] Deconstructing Sensor
I1008 15:36:57.511540 697359 Sensor.h:87] Deconstructing Sensor
I1008 15:36:57.511636 697359 Sensor.h:87] Deconstructing Sensor
I1008 15:36:57.511739 697359 Sensor.h:87] Deconstructing Sensor
I1008 15:36:57.511837 697359 Sensor.h:87] Deconstructing Sensor
I1008 15:36:57.511965 697359 Sensor.h:87] Deconstructing Sensor
I1008 15:36:57.512094 697359 Sensor.h:87] Deconstructing Sensor
I1008 15:36:57.512252 697359 Sensor.h:87] Deconstructing Sensor
I1008 15:36:57.512378 697359 Sensor.h:87] Deconstructing Sensor
I1008 15:36:57.512507 697359 Sensor.h:87] Deconstructing Sensor
I1008 15:36:57.512630 697359 Sensor.h:87] Deconstructing Sensor
I1008 15:36:57.512756 697359 Sensor.h:87] Deconstructing Sensor
I1008 15:36:57.512877 697359 Sensor.h:87] Deconstructing Sensor
I1008 15:36:57.512996 697359 Sensor.h:87] Deconstructing Sensor
I1008 15:36:57.513123 697359 Sensor.h:87] Deconstructing Sensor
I1008 15:36:57.513211 697359 Sensor.h:87] Deconstructing Sensor
I1008 15:36:57.516232 697359 Renderer.cpp:34] Deconstructing Renderer
I1008 15:36:57.516242 697359 WindowlessContext.h:17] Deconstructing WindowlessContext
I1008 15:36:57.518816 697359 MetadataMediator.cpp:56] MetadataMediator::setActiveSceneDatasetName : Old active dataset default changed to default successfully.
I1008 15:36:57.519311 697359 AttributesManagerBase.h:283] AttributesManager<T>::createFromJsonOrDefaultInternal  (Physics Manager) : Proposing JSON name : ./data/default.physics_config.json from original name : ./data/default.physics_config.json | This file  does not exist.
I1008 15:36:57.519332 697359 PhysicsAttributesManager.cpp:27] File (./data/default.physics_config.json) not found, so new default physics manager attributes created and registered.
I1008 15:36:57.519337 697359 AbstractObjectAttributesManagerBase.h:175] AbstractObjectAttributesManager<T>::createObject  (Stage) : Making attributes with handle : data/scene_datasets/mp3d/D7N2EKCX4Sj/D7N2EKCX4Sj.glb
I1008 15:36:57.519340 697359 ManagedContainerBase.cpp:19] ManagedContainerBase::convertFilenameToJSON : Filename : data/scene_datasets/mp3d/D7N2EKCX4Sj/D7N2EKCX4Sj.glb changed to proposed JSON configuration filename : data/scene_datasets/mp3d/D7N2EKCX4Sj/D7N2EKCX4Sj.stage_config.json
I1008 15:36:57.519353 697359 AttributesManagerBase.h:283] AttributesManager<T>::createFromJsonOrDefaultInternal  (Stage) : Proposing JSON name : data/scene_datasets/mp3d/D7N2EKCX4Sj/D7N2EKCX4Sj.stage_config.json from original name : data/scene_datasets/mp3d/D7N2EKCX4Sj/D7N2EKCX4Sj.glb | This file  does not exist.
I1008 15:36:57.519392 697359 AbstractObjectAttributesManagerBase.h:181] AbstractObjectAttributesManager<T>::createObject  (Stage) : Done making attributes with handle : data/scene_datasets/mp3d/D7N2EKCX4Sj/D7N2EKCX4Sj.glb
I1008 15:36:57.519393 697359 AbstractObjectAttributesManagerBase.h:188] File (data/scene_datasets/mp3d/D7N2EKCX4Sj/D7N2EKCX4Sj.glb) exists but is not a recognized config filename extension, so new default Stage attributes created and registered.
I1008 15:36:57.519397 697359 Simulator.cpp:156] Loading navmesh from data/scene_datasets/mp3d/D7N2EKCX4Sj/D7N2EKCX4Sj.navmesh
I1008 15:36:57.519678 697359 Simulator.cpp:158] Loaded.
I1008 15:36:57.519685 697359 SceneGraph.h:93] Created DrawableGroup: 
I1008 15:36:57.523015 697359 ResourceManager.cpp:234] ResourceManager::loadStage : Not loading semantic mesh
I1008 15:36:57.523025 697359 ResourceManager.cpp:262] ResourceManager::loadStage : start load render asset data/scene_datasets/mp3d/D7N2EKCX4Sj/D7N2EKCX4Sj.glb.
I1008 15:36:57.523025 697359 ResourceManager.cpp:569] ResourceManager::loadStageInternal : Attempting to load stage data/scene_datasets/mp3d/D7N2EKCX4Sj/D7N2EKCX4Sj.glb 
I1008 15:36:57.523046 697359 ResourceManager.cpp:1119] Importing Basis files as BC7 for D7N2EKCX4Sj.glb
W1008 15:37:01.532799 697359 Simulator.cpp:248] :
---
 The active scene does not contain semantic annotations. 
---
I1008 15:37:01.646311 697359 simulator.py:213] Loaded navmesh data/scene_datasets/mp3d/D7N2EKCX4Sj/D7N2EKCX4Sj.navmesh
I1008 15:37:02.155237 697359 PhysicsManager.cpp:33] Deconstructing PhysicsManager
I1008 15:37:02.155263 697359 SemanticScene.h:41] Deconstructing SemanticScene
I1008 15:37:02.163041 697359 SceneManager.h:25] Deconstructing SceneManager
I1008 15:37:02.163062 697359 SceneGraph.h:26] Deconstructing SceneGraph
I1008 15:37:02.163489 697359 Sensor.h:87] Deconstructing Sensor
I1008 15:37:02.163913 697359 Sensor.h:87] Deconstructing Sensor
I1008 15:37:02.164017 697359 Sensor.h:87] Deconstructing Sensor
I1008 15:37:02.164124 697359 Sensor.h:87] Deconstructing Sensor
I1008 15:37:02.164237 697359 Sensor.h:87] Deconstructing Sensor
I1008 15:37:02.164336 697359 Sensor.h:87] Deconstructing Sensor
I1008 15:37:02.164438 697359 Sensor.h:87] Deconstructing Sensor
I1008 15:37:02.164535 697359 Sensor.h:87] Deconstructing Sensor
I1008 15:37:02.164636 697359 Sensor.h:87] Deconstructing Sensor
I1008 15:37:02.164736 697359 Sensor.h:87] Deconstructing Sensor
I1008 15:37:02.164831 697359 Sensor.h:87] Deconstructing Sensor
I1008 15:37:02.164932 697359 Sensor.h:87] Deconstructing Sensor
I1008 15:37:02.165030 697359 Sensor.h:87] Deconstructing Sensor
I1008 15:37:02.165156 697359 Sensor.h:87] Deconstructing Sensor
I1008 15:37:02.165282 697359 Sensor.h:87] Deconstructing Sensor
I1008 15:37:02.165401 697359 Sensor.h:87] Deconstructing Sensor
I1008 15:37:02.165524 697359 Sensor.h:87] Deconstructing Sensor
I1008 15:37:02.165642 697359 Sensor.h:87] Deconstructing Sensor
I1008 15:37:02.165782 697359 Sensor.h:87] Deconstructing Sensor
I1008 15:37:02.165904 697359 Sensor.h:87] Deconstructing Sensor
I1008 15:37:02.166026 697359 Sensor.h:87] Deconstructing Sensor
I1008 15:37:02.166143 697359 Sensor.h:87] Deconstructing Sensor
I1008 15:37:02.166275 697359 Sensor.h:87] Deconstructing Sensor
I1008 15:37:02.166348 697359 Sensor.h:87] Deconstructing Sensor
I1008 15:37:02.173511 697359 Renderer.cpp:34] Deconstructing Renderer
I1008 15:37:02.173523 697359 WindowlessContext.h:17] Deconstructing WindowlessContext
I1008 15:37:02.180060 697359 MetadataMediator.cpp:56] MetadataMediator::setActiveSceneDatasetName : Old active dataset default changed to default successfully.
I1008 15:37:02.180802 697359 AttributesManagerBase.h:283] AttributesManager<T>::createFromJsonOrDefaultInternal  (Physics Manager) : Proposing JSON name : ./data/default.physics_config.json from original name : ./data/default.physics_config.json | This file  does not exist.
I1008 15:37:02.180826 697359 PhysicsAttributesManager.cpp:27] File (./data/default.physics_config.json) not found, so new default physics manager attributes created and registered.
I1008 15:37:02.180831 697359 AbstractObjectAttributesManagerBase.h:175] AbstractObjectAttributesManager<T>::createObject  (Stage) : Making attributes with handle : data/scene_datasets/mp3d/JmbYfDe2QKZ/JmbYfDe2QKZ.glb
I1008 15:37:02.180833 697359 ManagedContainerBase.cpp:19] ManagedContainerBase::convertFilenameToJSON : Filename : data/scene_datasets/mp3d/JmbYfDe2QKZ/JmbYfDe2QKZ.glb changed to proposed JSON configuration filename : data/scene_datasets/mp3d/JmbYfDe2QKZ/JmbYfDe2QKZ.stage_config.json
I1008 15:37:02.180847 697359 AttributesManagerBase.h:283] AttributesManager<T>::createFromJsonOrDefaultInternal  (Stage) : Proposing JSON name : data/scene_datasets/mp3d/JmbYfDe2QKZ/JmbYfDe2QKZ.stage_config.json from original name : data/scene_datasets/mp3d/JmbYfDe2QKZ/JmbYfDe2QKZ.glb | This file  does not exist.
I1008 15:37:02.180886 697359 AbstractObjectAttributesManagerBase.h:181] AbstractObjectAttributesManager<T>::createObject  (Stage) : Done making attributes with handle : data/scene_datasets/mp3d/JmbYfDe2QKZ/JmbYfDe2QKZ.glb
I1008 15:37:02.180887 697359 AbstractObjectAttributesManagerBase.h:188] File (data/scene_datasets/mp3d/JmbYfDe2QKZ/JmbYfDe2QKZ.glb) exists but is not a recognized config filename extension, so new default Stage attributes created and registered.
I1008 15:37:02.180891 697359 Simulator.cpp:156] Loading navmesh from data/scene_datasets/mp3d/JmbYfDe2QKZ/JmbYfDe2QKZ.navmesh
I1008 15:37:02.180979 697359 Simulator.cpp:158] Loaded.
I1008 15:37:02.180984 697359 SceneGraph.h:93] Created DrawableGroup: 
I1008 15:37:02.184037 697359 ResourceManager.cpp:234] ResourceManager::loadStage : Not loading semantic mesh
I1008 15:37:02.184043 697359 ResourceManager.cpp:262] ResourceManager::loadStage : start load render asset data/scene_datasets/mp3d/JmbYfDe2QKZ/JmbYfDe2QKZ.glb.
I1008 15:37:02.184044 697359 ResourceManager.cpp:569] ResourceManager::loadStageInternal : Attempting to load stage data/scene_datasets/mp3d/JmbYfDe2QKZ/JmbYfDe2QKZ.glb 
I1008 15:37:02.184056 697359 ResourceManager.cpp:1119] Importing Basis files as BC7 for JmbYfDe2QKZ.glb
W1008 15:37:03.210690 697359 Simulator.cpp:248] :
---
 The active scene does not contain semantic annotations. 
---
I1008 15:37:03.257755 697359 simulator.py:213] Loaded navmesh data/scene_datasets/mp3d/JmbYfDe2QKZ/JmbYfDe2QKZ.navmesh
I1008 15:37:03.615826 697359 PhysicsManager.cpp:33] Deconstructing PhysicsManager
I1008 15:37:03.615851 697359 SemanticScene.h:41] Deconstructing SemanticScene
I1008 15:37:03.618702 697359 SceneManager.h:25] Deconstructing SceneManager
I1008 15:37:03.618710 697359 SceneGraph.h:26] Deconstructing SceneGraph
I1008 15:37:03.619165 697359 Sensor.h:87] Deconstructing Sensor
I1008 15:37:03.619354 697359 Sensor.h:87] Deconstructing Sensor
I1008 15:37:03.619455 697359 Sensor.h:87] Deconstructing Sensor
I1008 15:37:03.619563 697359 Sensor.h:87] Deconstructing Sensor
I1008 15:37:03.619673 697359 Sensor.h:87] Deconstructing Sensor
I1008 15:37:03.619771 697359 Sensor.h:87] Deconstructing Sensor
I1008 15:37:03.619877 697359 Sensor.h:87] Deconstructing Sensor
I1008 15:37:03.619977 697359 Sensor.h:87] Deconstructing Sensor
I1008 15:37:03.620179 697359 Sensor.h:87] Deconstructing Sensor
I1008 15:37:03.620311 697359 Sensor.h:87] Deconstructing Sensor
I1008 15:37:03.620414 697359 Sensor.h:87] Deconstructing Sensor
I1008 15:37:03.620522 697359 Sensor.h:87] Deconstructing Sensor
I1008 15:37:03.620627 697359 Sensor.h:87] Deconstructing Sensor
I1008 15:37:03.620772 697359 Sensor.h:87] Deconstructing Sensor
I1008 15:37:03.620910 697359 Sensor.h:87] Deconstructing Sensor
I1008 15:37:03.621038 697359 Sensor.h:87] Deconstructing Sensor
I1008 15:37:03.621173 697359 Sensor.h:87] Deconstructing Sensor
I1008 15:37:03.621301 697359 Sensor.h:87] Deconstructing Sensor
I1008 15:37:03.621431 697359 Sensor.h:87] Deconstructing Sensor
I1008 15:37:03.621562 697359 Sensor.h:87] Deconstructing Sensor
I1008 15:37:03.621688 697359 Sensor.h:87] Deconstructing Sensor
I1008 15:37:03.621819 697359 Sensor.h:87] Deconstructing Sensor
I1008 15:37:03.621956 697359 Sensor.h:87] Deconstructing Sensor
I1008 15:37:03.622061 697359 Sensor.h:87] Deconstructing Sensor
I1008 15:37:03.626366 697359 Renderer.cpp:34] Deconstructing Renderer
I1008 15:37:03.626386 697359 WindowlessContext.h:17] Deconstructing WindowlessContext
I1008 15:37:03.629037 697359 MetadataMediator.cpp:56] MetadataMediator::setActiveSceneDatasetName : Old active dataset default changed to default successfully.
I1008 15:37:03.629905 697359 AttributesManagerBase.h:283] AttributesManager<T>::createFromJsonOrDefaultInternal  (Physics Manager) : Proposing JSON name : ./data/default.physics_config.json from original name : ./data/default.physics_config.json | This file  does not exist.
I1008 15:37:03.629933 697359 PhysicsAttributesManager.cpp:27] File (./data/default.physics_config.json) not found, so new default physics manager attributes created and registered.
I1008 15:37:03.629938 697359 AbstractObjectAttributesManagerBase.h:175] AbstractObjectAttributesManager<T>::createObject  (Stage) : Making attributes with handle : data/scene_datasets/mp3d/2n8kARJN3HM/2n8kARJN3HM.glb
I1008 15:37:03.629942 697359 ManagedContainerBase.cpp:19] ManagedContainerBase::convertFilenameToJSON : Filename : data/scene_datasets/mp3d/2n8kARJN3HM/2n8kARJN3HM.glb changed to proposed JSON configuration filename : data/scene_datasets/mp3d/2n8kARJN3HM/2n8kARJN3HM.stage_config.json
I1008 15:37:03.629956 697359 AttributesManagerBase.h:283] AttributesManager<T>::createFromJsonOrDefaultInternal  (Stage) : Proposing JSON name : data/scene_datasets/mp3d/2n8kARJN3HM/2n8kARJN3HM.stage_config.json from original name : data/scene_datasets/mp3d/2n8kARJN3HM/2n8kARJN3HM.glb | This file  does not exist.
I1008 15:37:03.630002 697359 AbstractObjectAttributesManagerBase.h:181] AbstractObjectAttributesManager<T>::createObject  (Stage) : Done making attributes with handle : data/scene_datasets/mp3d/2n8kARJN3HM/2n8kARJN3HM.glb
I1008 15:37:03.630003 697359 AbstractObjectAttributesManagerBase.h:188] File (data/scene_datasets/mp3d/2n8kARJN3HM/2n8kARJN3HM.glb) exists but is not a recognized config filename extension, so new default Stage attributes created and registered.
I1008 15:37:03.630014 697359 Simulator.cpp:156] Loading navmesh from data/scene_datasets/mp3d/2n8kARJN3HM/2n8kARJN3HM.navmesh
I1008 15:37:03.630254 697359 Simulator.cpp:158] Loaded.
I1008 15:37:03.630259 697359 SceneGraph.h:93] Created DrawableGroup: 
I1008 15:37:03.633497 697359 ResourceManager.cpp:234] ResourceManager::loadStage : Not loading semantic mesh
I1008 15:37:03.633504 697359 ResourceManager.cpp:262] ResourceManager::loadStage : start load render asset data/scene_datasets/mp3d/2n8kARJN3HM/2n8kARJN3HM.glb.
I1008 15:37:03.633505 697359 ResourceManager.cpp:569] ResourceManager::loadStageInternal : Attempting to load stage data/scene_datasets/mp3d/2n8kARJN3HM/2n8kARJN3HM.glb 
I1008 15:37:03.633519 697359 ResourceManager.cpp:1119] Importing Basis files as BC7 for 2n8kARJN3HM.glb
W1008 15:37:06.269714 697359 Simulator.cpp:248] :
---
 The active scene does not contain semantic annotations. 
---
I1008 15:37:06.336886 697359 simulator.py:213] Loaded navmesh data/scene_datasets/mp3d/2n8kARJN3HM/2n8kARJN3HM.navmesh
I1008 15:37:07.245364 697359 PhysicsManager.cpp:33] Deconstructing PhysicsManager
I1008 15:37:07.245390 697359 SemanticScene.h:41] Deconstructing SemanticScene
I1008 15:37:07.249091 697359 SceneManager.h:25] Deconstructing SceneManager
I1008 15:37:07.249099 697359 SceneGraph.h:26] Deconstructing SceneGraph
I1008 15:37:07.249544 697359 Sensor.h:87] Deconstructing Sensor
I1008 15:37:07.249895 697359 Sensor.h:87] Deconstructing Sensor
I1008 15:37:07.250002 697359 Sensor.h:87] Deconstructing Sensor
I1008 15:37:07.250111 697359 Sensor.h:87] Deconstructing Sensor
I1008 15:37:07.250216 697359 Sensor.h:87] Deconstructing Sensor
I1008 15:37:07.250319 697359 Sensor.h:87] Deconstructing Sensor
I1008 15:37:07.250424 697359 Sensor.h:87] Deconstructing Sensor
I1008 15:37:07.250519 697359 Sensor.h:87] Deconstructing Sensor
I1008 15:37:07.250620 697359 Sensor.h:87] Deconstructing Sensor
I1008 15:37:07.250721 697359 Sensor.h:87] Deconstructing Sensor
I1008 15:37:07.250818 697359 Sensor.h:87] Deconstructing Sensor
I1008 15:37:07.250919 697359 Sensor.h:87] Deconstructing Sensor
I1008 15:37:07.251019 697359 Sensor.h:87] Deconstructing Sensor
I1008 15:37:07.251149 697359 Sensor.h:87] Deconstructing Sensor
I1008 15:37:07.251292 697359 Sensor.h:87] Deconstructing Sensor
I1008 15:37:07.251412 697359 Sensor.h:87] Deconstructing Sensor
I1008 15:37:07.251534 697359 Sensor.h:87] Deconstructing Sensor
I1008 15:37:07.251657 697359 Sensor.h:87] Deconstructing Sensor
I1008 15:37:07.251781 697359 Sensor.h:87] Deconstructing Sensor
I1008 15:37:07.251907 697359 Sensor.h:87] Deconstructing Sensor
I1008 15:37:07.252029 697359 Sensor.h:87] Deconstructing Sensor
I1008 15:37:07.252146 697359 Sensor.h:87] Deconstructing Sensor
I1008 15:37:07.252274 697359 Sensor.h:87] Deconstructing Sensor
I1008 15:37:07.252348 697359 Sensor.h:87] Deconstructing Sensor
I1008 15:37:07.261417 697359 Renderer.cpp:34] Deconstructing Renderer
I1008 15:37:07.261444 697359 WindowlessContext.h:17] Deconstructing WindowlessContext
I1008 15:37:07.266996 697359 MetadataMediator.cpp:56] MetadataMediator::setActiveSceneDatasetName : Old active dataset default changed to default successfully.
I1008 15:37:07.268463 697359 AttributesManagerBase.h:283] AttributesManager<T>::createFromJsonOrDefaultInternal  (Physics Manager) : Proposing JSON name : ./data/default.physics_config.json from original name : ./data/default.physics_config.json | This file  does not exist.
I1008 15:37:07.268491 697359 PhysicsAttributesManager.cpp:27] File (./data/default.physics_config.json) not found, so new default physics manager attributes created and registered.
I1008 15:37:07.268496 697359 AbstractObjectAttributesManagerBase.h:175] AbstractObjectAttributesManager<T>::createObject  (Stage) : Making attributes with handle : data/scene_datasets/mp3d/qoiz87JEwZ2/qoiz87JEwZ2.glb
I1008 15:37:07.268499 697359 ManagedContainerBase.cpp:19] ManagedContainerBase::convertFilenameToJSON : Filename : data/scene_datasets/mp3d/qoiz87JEwZ2/qoiz87JEwZ2.glb changed to proposed JSON configuration filename : data/scene_datasets/mp3d/qoiz87JEwZ2/qoiz87JEwZ2.stage_config.json
I1008 15:37:07.268522 697359 AttributesManagerBase.h:283] AttributesManager<T>::createFromJsonOrDefaultInternal  (Stage) : Proposing JSON name : data/scene_datasets/mp3d/qoiz87JEwZ2/qoiz87JEwZ2.stage_config.json from original name : data/scene_datasets/mp3d/qoiz87JEwZ2/qoiz87JEwZ2.glb | This file  does not exist.
I1008 15:37:07.268566 697359 AbstractObjectAttributesManagerBase.h:181] AbstractObjectAttributesManager<T>::createObject  (Stage) : Done making attributes with handle : data/scene_datasets/mp3d/qoiz87JEwZ2/qoiz87JEwZ2.glb
I1008 15:37:07.268567 697359 AbstractObjectAttributesManagerBase.h:188] File (data/scene_datasets/mp3d/qoiz87JEwZ2/qoiz87JEwZ2.glb) exists but is not a recognized config filename extension, so new default Stage attributes created and registered.
I1008 15:37:07.268571 697359 Simulator.cpp:156] Loading navmesh from data/scene_datasets/mp3d/qoiz87JEwZ2/qoiz87JEwZ2.navmesh
I1008 15:37:07.268718 697359 Simulator.cpp:158] Loaded.
I1008 15:37:07.268724 697359 SceneGraph.h:93] Created DrawableGroup: 
I1008 15:37:07.272037 697359 ResourceManager.cpp:234] ResourceManager::loadStage : Not loading semantic mesh
I1008 15:37:07.272044 697359 ResourceManager.cpp:262] ResourceManager::loadStage : start load render asset data/scene_datasets/mp3d/qoiz87JEwZ2/qoiz87JEwZ2.glb.
I1008 15:37:07.272045 697359 ResourceManager.cpp:569] ResourceManager::loadStageInternal : Attempting to load stage data/scene_datasets/mp3d/qoiz87JEwZ2/qoiz87JEwZ2.glb 
I1008 15:37:07.272059 697359 ResourceManager.cpp:1119] Importing Basis files as BC7 for qoiz87JEwZ2.glb
W1008 15:37:08.954205 697359 Simulator.cpp:248] :
---
 The active scene does not contain semantic annotations. 
---
I1008 15:37:09.013260 697359 simulator.py:213] Loaded navmesh data/scene_datasets/mp3d/qoiz87JEwZ2/qoiz87JEwZ2.navmesh
I1008 15:37:09.249939 697359 PhysicsManager.cpp:33] Deconstructing PhysicsManager
I1008 15:37:09.249961 697359 SemanticScene.h:41] Deconstructing SemanticScene
I1008 15:37:09.253050 697359 SceneManager.h:25] Deconstructing SceneManager
I1008 15:37:09.253057 697359 SceneGraph.h:26] Deconstructing SceneGraph
I1008 15:37:09.253443 697359 Sensor.h:87] Deconstructing Sensor
I1008 15:37:09.253793 697359 Sensor.h:87] Deconstructing Sensor
I1008 15:37:09.253902 697359 Sensor.h:87] Deconstructing Sensor
I1008 15:37:09.254011 697359 Sensor.h:87] Deconstructing Sensor
I1008 15:37:09.254117 697359 Sensor.h:87] Deconstructing Sensor
I1008 15:37:09.254218 697359 Sensor.h:87] Deconstructing Sensor
I1008 15:37:09.254339 697359 Sensor.h:87] Deconstructing Sensor
I1008 15:37:09.254438 697359 Sensor.h:87] Deconstructing Sensor
I1008 15:37:09.254544 697359 Sensor.h:87] Deconstructing Sensor
I1008 15:37:09.254642 697359 Sensor.h:87] Deconstructing Sensor
I1008 15:37:09.254743 697359 Sensor.h:87] Deconstructing Sensor
I1008 15:37:09.254845 697359 Sensor.h:87] Deconstructing Sensor
I1008 15:37:09.254944 697359 Sensor.h:87] Deconstructing Sensor
I1008 15:37:09.255069 697359 Sensor.h:87] Deconstructing Sensor
I1008 15:37:09.255200 697359 Sensor.h:87] Deconstructing Sensor
I1008 15:37:09.255326 697359 Sensor.h:87] Deconstructing Sensor
I1008 15:37:09.255456 697359 Sensor.h:87] Deconstructing Sensor
I1008 15:37:09.255582 697359 Sensor.h:87] Deconstructing Sensor
I1008 15:37:09.255716 697359 Sensor.h:87] Deconstructing Sensor
I1008 15:37:09.255843 697359 Sensor.h:87] Deconstructing Sensor
I1008 15:37:09.255966 697359 Sensor.h:87] Deconstructing Sensor
I1008 15:37:09.256103 697359 Sensor.h:87] Deconstructing Sensor
I1008 15:37:09.256233 697359 Sensor.h:87] Deconstructing Sensor
I1008 15:37:09.256397 697359 Sensor.h:87] Deconstructing Sensor
I1008 15:37:09.261843 697359 Renderer.cpp:34] Deconstructing Renderer
I1008 15:37:09.261865 697359 WindowlessContext.h:17] Deconstructing WindowlessContext
I1008 15:37:09.265173 697359 MetadataMediator.cpp:56] MetadataMediator::setActiveSceneDatasetName : Old active dataset default changed to default successfully.
I1008 15:37:09.265865 697359 AttributesManagerBase.h:283] AttributesManager<T>::createFromJsonOrDefaultInternal  (Physics Manager) : Proposing JSON name : ./data/default.physics_config.json from original name : ./data/default.physics_config.json | This file  does not exist.
I1008 15:37:09.265887 697359 PhysicsAttributesManager.cpp:27] File (./data/default.physics_config.json) not found, so new default physics manager attributes created and registered.
I1008 15:37:09.265892 697359 AbstractObjectAttributesManagerBase.h:175] AbstractObjectAttributesManager<T>::createObject  (Stage) : Making attributes with handle : data/scene_datasets/mp3d/2n8kARJN3HM/2n8kARJN3HM.glb
I1008 15:37:09.265895 697359 ManagedContainerBase.cpp:19] ManagedContainerBase::convertFilenameToJSON : Filename : data/scene_datasets/mp3d/2n8kARJN3HM/2n8kARJN3HM.glb changed to proposed JSON configuration filename : data/scene_datasets/mp3d/2n8kARJN3HM/2n8kARJN3HM.stage_config.json
I1008 15:37:09.265910 697359 AttributesManagerBase.h:283] AttributesManager<T>::createFromJsonOrDefaultInternal  (Stage) : Proposing JSON name : data/scene_datasets/mp3d/2n8kARJN3HM/2n8kARJN3HM.stage_config.json from original name : data/scene_datasets/mp3d/2n8kARJN3HM/2n8kARJN3HM.glb | This file  does not exist.
I1008 15:37:09.265950 697359 AbstractObjectAttributesManagerBase.h:181] AbstractObjectAttributesManager<T>::createObject  (Stage) : Done making attributes with handle : data/scene_datasets/mp3d/2n8kARJN3HM/2n8kARJN3HM.glb
I1008 15:37:09.265951 697359 AbstractObjectAttributesManagerBase.h:188] File (data/scene_datasets/mp3d/2n8kARJN3HM/2n8kARJN3HM.glb) exists but is not a recognized config filename extension, so new default Stage attributes created and registered.
I1008 15:37:09.265954 697359 Simulator.cpp:156] Loading navmesh from data/scene_datasets/mp3d/2n8kARJN3HM/2n8kARJN3HM.navmesh
I1008 15:37:09.266171 697359 Simulator.cpp:158] Loaded.
I1008 15:37:09.266176 697359 SceneGraph.h:93] Created DrawableGroup: 
I1008 15:37:09.269264 697359 ResourceManager.cpp:234] ResourceManager::loadStage : Not loading semantic mesh
I1008 15:37:09.269270 697359 ResourceManager.cpp:262] ResourceManager::loadStage : start load render asset data/scene_datasets/mp3d/2n8kARJN3HM/2n8kARJN3HM.glb.
I1008 15:37:09.269271 697359 ResourceManager.cpp:569] ResourceManager::loadStageInternal : Attempting to load stage data/scene_datasets/mp3d/2n8kARJN3HM/2n8kARJN3HM.glb 
I1008 15:37:09.269285 697359 ResourceManager.cpp:1119] Importing Basis files as BC7 for 2n8kARJN3HM.glb
W1008 15:37:11.932505 697359 Simulator.cpp:248] :
---
 The active scene does not contain semantic annotations. 
---
I1008 15:37:12.003765 697359 simulator.py:213] Loaded navmesh data/scene_datasets/mp3d/2n8kARJN3HM/2n8kARJN3HM.navmesh
I1008 15:37:13.179860 697359 PhysicsManager.cpp:33] Deconstructing PhysicsManager
I1008 15:37:13.179883 697359 SemanticScene.h:41] Deconstructing SemanticScene
I1008 15:37:13.183157 697359 SceneManager.h:25] Deconstructing SceneManager
I1008 15:37:13.183163 697359 SceneGraph.h:26] Deconstructing SceneGraph
I1008 15:37:13.183579 697359 Sensor.h:87] Deconstructing Sensor
I1008 15:37:13.183924 697359 Sensor.h:87] Deconstructing Sensor
I1008 15:37:13.184026 697359 Sensor.h:87] Deconstructing Sensor
I1008 15:37:13.184126 697359 Sensor.h:87] Deconstructing Sensor
I1008 15:37:13.184222 697359 Sensor.h:87] Deconstructing Sensor
I1008 15:37:13.184319 697359 Sensor.h:87] Deconstructing Sensor
I1008 15:37:13.184422 697359 Sensor.h:87] Deconstructing Sensor
I1008 15:37:13.184517 697359 Sensor.h:87] Deconstructing Sensor
I1008 15:37:13.184617 697359 Sensor.h:87] Deconstructing Sensor
I1008 15:37:13.184715 697359 Sensor.h:87] Deconstructing Sensor
I1008 15:37:13.184813 697359 Sensor.h:87] Deconstructing Sensor
I1008 15:37:13.184909 697359 Sensor.h:87] Deconstructing Sensor
I1008 15:37:13.185006 697359 Sensor.h:87] Deconstructing Sensor
I1008 15:37:13.185125 697359 Sensor.h:87] Deconstructing Sensor
I1008 15:37:13.185253 697359 Sensor.h:87] Deconstructing Sensor
I1008 15:37:13.185376 697359 Sensor.h:87] Deconstructing Sensor
I1008 15:37:13.185503 697359 Sensor.h:87] Deconstructing Sensor
I1008 15:37:13.185621 697359 Sensor.h:87] Deconstructing Sensor
I1008 15:37:13.185743 697359 Sensor.h:87] Deconstructing Sensor
I1008 15:37:13.185863 697359 Sensor.h:87] Deconstructing Sensor
I1008 15:37:13.185979 697359 Sensor.h:87] Deconstructing Sensor
I1008 15:37:13.186093 697359 Sensor.h:87] Deconstructing Sensor
I1008 15:37:13.186216 697359 Sensor.h:87] Deconstructing Sensor
I1008 15:37:13.186288 697359 Sensor.h:87] Deconstructing Sensor
I1008 15:37:13.192117 697359 Renderer.cpp:34] Deconstructing Renderer
I1008 15:37:13.192140 697359 WindowlessContext.h:17] Deconstructing WindowlessContext
I1008 15:37:13.197400 697359 MetadataMediator.cpp:56] MetadataMediator::setActiveSceneDatasetName : Old active dataset default changed to default successfully.
I1008 15:37:13.198396 697359 AttributesManagerBase.h:283] AttributesManager<T>::createFromJsonOrDefaultInternal  (Physics Manager) : Proposing JSON name : ./data/default.physics_config.json from original name : ./data/default.physics_config.json | This file  does not exist.
I1008 15:37:13.198422 697359 PhysicsAttributesManager.cpp:27] File (./data/default.physics_config.json) not found, so new default physics manager attributes created and registered.
I1008 15:37:13.198427 697359 AbstractObjectAttributesManagerBase.h:175] AbstractObjectAttributesManager<T>::createObject  (Stage) : Making attributes with handle : data/scene_datasets/mp3d/JmbYfDe2QKZ/JmbYfDe2QKZ.glb
I1008 15:37:13.198431 697359 ManagedContainerBase.cpp:19] ManagedContainerBase::convertFilenameToJSON : Filename : data/scene_datasets/mp3d/JmbYfDe2QKZ/JmbYfDe2QKZ.glb changed to proposed JSON configuration filename : data/scene_datasets/mp3d/JmbYfDe2QKZ/JmbYfDe2QKZ.stage_config.json
I1008 15:37:13.198444 697359 AttributesManagerBase.h:283] AttributesManager<T>::createFromJsonOrDefaultInternal  (Stage) : Proposing JSON name : data/scene_datasets/mp3d/JmbYfDe2QKZ/JmbYfDe2QKZ.stage_config.json from original name : data/scene_datasets/mp3d/JmbYfDe2QKZ/JmbYfDe2QKZ.glb | This file  does not exist.
I1008 15:37:13.198485 697359 AbstractObjectAttributesManagerBase.h:181] AbstractObjectAttributesManager<T>::createObject  (Stage) : Done making attributes with handle : data/scene_datasets/mp3d/JmbYfDe2QKZ/JmbYfDe2QKZ.glb
I1008 15:37:13.198486 697359 AbstractObjectAttributesManagerBase.h:188] File (data/scene_datasets/mp3d/JmbYfDe2QKZ/JmbYfDe2QKZ.glb) exists but is not a recognized config filename extension, so new default Stage attributes created and registered.
I1008 15:37:13.198489 697359 Simulator.cpp:156] Loading navmesh from data/scene_datasets/mp3d/JmbYfDe2QKZ/JmbYfDe2QKZ.navmesh
I1008 15:37:13.198580 697359 Simulator.cpp:158] Loaded.
I1008 15:37:13.198583 697359 SceneGraph.h:93] Created DrawableGroup: 
I1008 15:37:13.201710 697359 ResourceManager.cpp:234] ResourceManager::loadStage : Not loading semantic mesh
I1008 15:37:13.201716 697359 ResourceManager.cpp:262] ResourceManager::loadStage : start load render asset data/scene_datasets/mp3d/JmbYfDe2QKZ/JmbYfDe2QKZ.glb.
I1008 15:37:13.201717 697359 ResourceManager.cpp:569] ResourceManager::loadStageInternal : Attempting to load stage data/scene_datasets/mp3d/JmbYfDe2QKZ/JmbYfDe2QKZ.glb 
I1008 15:37:13.201731 697359 ResourceManager.cpp:1119] Importing Basis files as BC7 for JmbYfDe2QKZ.glb
W1008 15:37:14.170287 697359 Simulator.cpp:248] :
---
 The active scene does not contain semantic annotations. 
---
I1008 15:37:14.214935 697359 simulator.py:213] Loaded navmesh data/scene_datasets/mp3d/JmbYfDe2QKZ/JmbYfDe2QKZ.navmesh
I1008 15:37:14.514854 697359 PhysicsManager.cpp:33] Deconstructing PhysicsManager
I1008 15:37:14.514878 697359 SemanticScene.h:41] Deconstructing SemanticScene
I1008 15:37:14.517797 697359 SceneManager.h:25] Deconstructing SceneManager
I1008 15:37:14.517805 697359 SceneGraph.h:26] Deconstructing SceneGraph
I1008 15:37:14.518183 697359 Sensor.h:87] Deconstructing Sensor
I1008 15:37:14.518527 697359 Sensor.h:87] Deconstructing Sensor
I1008 15:37:14.518633 697359 Sensor.h:87] Deconstructing Sensor
I1008 15:37:14.518752 697359 Sensor.h:87] Deconstructing Sensor
I1008 15:37:14.518857 697359 Sensor.h:87] Deconstructing Sensor
I1008 15:37:14.518958 697359 Sensor.h:87] Deconstructing Sensor
I1008 15:37:14.519060 697359 Sensor.h:87] Deconstructing Sensor
I1008 15:37:14.519158 697359 Sensor.h:87] Deconstructing Sensor
I1008 15:37:14.519264 697359 Sensor.h:87] Deconstructing Sensor
I1008 15:37:14.519361 697359 Sensor.h:87] Deconstructing Sensor
I1008 15:37:14.519460 697359 Sensor.h:87] Deconstructing Sensor
I1008 15:37:14.519560 697359 Sensor.h:87] Deconstructing Sensor
I1008 15:37:14.519665 697359 Sensor.h:87] Deconstructing Sensor
I1008 15:37:14.519798 697359 Sensor.h:87] Deconstructing Sensor
I1008 15:37:14.519930 697359 Sensor.h:87] Deconstructing Sensor
I1008 15:37:14.520164 697359 Sensor.h:87] Deconstructing Sensor
I1008 15:37:14.520332 697359 Sensor.h:87] Deconstructing Sensor
I1008 15:37:14.520460 697359 Sensor.h:87] Deconstructing Sensor
I1008 15:37:14.520593 697359 Sensor.h:87] Deconstructing Sensor
I1008 15:37:14.520727 697359 Sensor.h:87] Deconstructing Sensor
I1008 15:37:14.520852 697359 Sensor.h:87] Deconstructing Sensor
I1008 15:37:14.520978 697359 Sensor.h:87] Deconstructing Sensor
I1008 15:37:14.521112 697359 Sensor.h:87] Deconstructing Sensor
I1008 15:37:14.521277 697359 Sensor.h:87] Deconstructing Sensor
I1008 15:37:14.526834 697359 Renderer.cpp:34] Deconstructing Renderer
I1008 15:37:14.526859 697359 WindowlessContext.h:17] Deconstructing WindowlessContext
I1008 15:37:14.529721 697359 MetadataMediator.cpp:56] MetadataMediator::setActiveSceneDatasetName : Old active dataset default changed to default successfully.
I1008 15:37:14.530887 697359 AttributesManagerBase.h:283] AttributesManager<T>::createFromJsonOrDefaultInternal  (Physics Manager) : Proposing JSON name : ./data/default.physics_config.json from original name : ./data/default.physics_config.json | This file  does not exist.
I1008 15:37:14.530915 697359 PhysicsAttributesManager.cpp:27] File (./data/default.physics_config.json) not found, so new default physics manager attributes created and registered.
I1008 15:37:14.530920 697359 AbstractObjectAttributesManagerBase.h:175] AbstractObjectAttributesManager<T>::createObject  (Stage) : Making attributes with handle : data/scene_datasets/mp3d/ur6pFq6Qu1A/ur6pFq6Qu1A.glb
I1008 15:37:14.530923 697359 ManagedContainerBase.cpp:19] ManagedContainerBase::convertFilenameToJSON : Filename : data/scene_datasets/mp3d/ur6pFq6Qu1A/ur6pFq6Qu1A.glb changed to proposed JSON configuration filename : data/scene_datasets/mp3d/ur6pFq6Qu1A/ur6pFq6Qu1A.stage_config.json
I1008 15:37:14.530941 697359 AttributesManagerBase.h:283] AttributesManager<T>::createFromJsonOrDefaultInternal  (Stage) : Proposing JSON name : data/scene_datasets/mp3d/ur6pFq6Qu1A/ur6pFq6Qu1A.stage_config.json from original name : data/scene_datasets/mp3d/ur6pFq6Qu1A/ur6pFq6Qu1A.glb | This file  does not exist.
I1008 15:37:14.530987 697359 AbstractObjectAttributesManagerBase.h:181] AbstractObjectAttributesManager<T>::createObject  (Stage) : Done making attributes with handle : data/scene_datasets/mp3d/ur6pFq6Qu1A/ur6pFq6Qu1A.glb
I1008 15:37:14.530988 697359 AbstractObjectAttributesManagerBase.h:188] File (data/scene_datasets/mp3d/ur6pFq6Qu1A/ur6pFq6Qu1A.glb) exists but is not a recognized config filename extension, so new default Stage attributes created and registered.
I1008 15:37:14.530992 697359 Simulator.cpp:156] Loading navmesh from data/scene_datasets/mp3d/ur6pFq6Qu1A/ur6pFq6Qu1A.navmesh
I1008 15:37:14.531222 697359 Simulator.cpp:158] Loaded.
I1008 15:37:14.531227 697359 SceneGraph.h:93] Created DrawableGroup: 
I1008 15:37:14.534467 697359 ResourceManager.cpp:234] ResourceManager::loadStage : Not loading semantic mesh
I1008 15:37:14.534474 697359 ResourceManager.cpp:262] ResourceManager::loadStage : start load render asset data/scene_datasets/mp3d/ur6pFq6Qu1A/ur6pFq6Qu1A.glb.
I1008 15:37:14.534475 697359 ResourceManager.cpp:569] ResourceManager::loadStageInternal : Attempting to load stage data/scene_datasets/mp3d/ur6pFq6Qu1A/ur6pFq6Qu1A.glb 
I1008 15:37:14.534495 697359 ResourceManager.cpp:1119] Importing Basis files as BC7 for ur6pFq6Qu1A.glb
W1008 15:37:16.720319 697359 Simulator.cpp:248] :
---
 The active scene does not contain semantic annotations. 
---
I1008 15:37:16.778184 697359 simulator.py:213] Loaded navmesh data/scene_datasets/mp3d/ur6pFq6Qu1A/ur6pFq6Qu1A.navmesh
I1008 15:37:18.283828 697359 PhysicsManager.cpp:33] Deconstructing PhysicsManager
I1008 15:37:18.283851 697359 SemanticScene.h:41] Deconstructing SemanticScene
I1008 15:37:18.286849 697359 SceneManager.h:25] Deconstructing SceneManager
I1008 15:37:18.286855 697359 SceneGraph.h:26] Deconstructing SceneGraph
I1008 15:37:18.287276 697359 Sensor.h:87] Deconstructing Sensor
I1008 15:37:18.287854 697359 Sensor.h:87] Deconstructing Sensor
I1008 15:37:18.287969 697359 Sensor.h:87] Deconstructing Sensor
I1008 15:37:18.288089 697359 Sensor.h:87] Deconstructing Sensor
I1008 15:37:18.288203 697359 Sensor.h:87] Deconstructing Sensor
I1008 15:37:18.288304 697359 Sensor.h:87] Deconstructing Sensor
I1008 15:37:18.288408 697359 Sensor.h:87] Deconstructing Sensor
I1008 15:37:18.288508 697359 Sensor.h:87] Deconstructing Sensor
I1008 15:37:18.288614 697359 Sensor.h:87] Deconstructing Sensor
I1008 15:37:18.288719 697359 Sensor.h:87] Deconstructing Sensor
I1008 15:37:18.288857 697359 Sensor.h:87] Deconstructing Sensor
I1008 15:37:18.288967 697359 Sensor.h:87] Deconstructing Sensor
I1008 15:37:18.289070 697359 Sensor.h:87] Deconstructing Sensor
I1008 15:37:18.289207 697359 Sensor.h:87] Deconstructing Sensor
I1008 15:37:18.289346 697359 Sensor.h:87] Deconstructing Sensor
I1008 15:37:18.289477 697359 Sensor.h:87] Deconstructing Sensor
I1008 15:37:18.289608 697359 Sensor.h:87] Deconstructing Sensor
I1008 15:37:18.289741 697359 Sensor.h:87] Deconstructing Sensor
I1008 15:37:18.289881 697359 Sensor.h:87] Deconstructing Sensor
I1008 15:37:18.290014 697359 Sensor.h:87] Deconstructing Sensor
I1008 15:37:18.290141 697359 Sensor.h:87] Deconstructing Sensor
I1008 15:37:18.290268 697359 Sensor.h:87] Deconstructing Sensor
I1008 15:37:18.290400 697359 Sensor.h:87] Deconstructing Sensor
I1008 15:37:18.290488 697359 Sensor.h:87] Deconstructing Sensor
I1008 15:37:18.295992 697359 Renderer.cpp:34] Deconstructing Renderer
I1008 15:37:18.296015 697359 WindowlessContext.h:17] Deconstructing WindowlessContext
I1008 15:37:18.301468 697359 MetadataMediator.cpp:56] MetadataMediator::setActiveSceneDatasetName : Old active dataset default changed to default successfully.
I1008 15:37:18.302613 697359 AttributesManagerBase.h:283] AttributesManager<T>::createFromJsonOrDefaultInternal  (Physics Manager) : Proposing JSON name : ./data/default.physics_config.json from original name : ./data/default.physics_config.json | This file  does not exist.
I1008 15:37:18.302639 697359 PhysicsAttributesManager.cpp:27] File (./data/default.physics_config.json) not found, so new default physics manager attributes created and registered.
I1008 15:37:18.302644 697359 AbstractObjectAttributesManagerBase.h:175] AbstractObjectAttributesManager<T>::createObject  (Stage) : Making attributes with handle : data/scene_datasets/mp3d/JmbYfDe2QKZ/JmbYfDe2QKZ.glb
I1008 15:37:18.302647 697359 ManagedContainerBase.cpp:19] ManagedContainerBase::convertFilenameToJSON : Filename : data/scene_datasets/mp3d/JmbYfDe2QKZ/JmbYfDe2QKZ.glb changed to proposed JSON configuration filename : data/scene_datasets/mp3d/JmbYfDe2QKZ/JmbYfDe2QKZ.stage_config.json
I1008 15:37:18.302668 697359 AttributesManagerBase.h:283] AttributesManager<T>::createFromJsonOrDefaultInternal  (Stage) : Proposing JSON name : data/scene_datasets/mp3d/JmbYfDe2QKZ/JmbYfDe2QKZ.stage_config.json from original name : data/scene_datasets/mp3d/JmbYfDe2QKZ/JmbYfDe2QKZ.glb | This file  does not exist.
I1008 15:37:18.302714 697359 AbstractObjectAttributesManagerBase.h:181] AbstractObjectAttributesManager<T>::createObject  (Stage) : Done making attributes with handle : data/scene_datasets/mp3d/JmbYfDe2QKZ/JmbYfDe2QKZ.glb
I1008 15:37:18.302716 697359 AbstractObjectAttributesManagerBase.h:188] File (data/scene_datasets/mp3d/JmbYfDe2QKZ/JmbYfDe2QKZ.glb) exists but is not a recognized config filename extension, so new default Stage attributes created and registered.
I1008 15:37:18.302727 697359 Simulator.cpp:156] Loading navmesh from data/scene_datasets/mp3d/JmbYfDe2QKZ/JmbYfDe2QKZ.navmesh
I1008 15:37:18.302845 697359 Simulator.cpp:158] Loaded.
I1008 15:37:18.302850 697359 SceneGraph.h:93] Created DrawableGroup: 
I1008 15:37:18.306180 697359 ResourceManager.cpp:234] ResourceManager::loadStage : Not loading semantic mesh
I1008 15:37:18.306186 697359 ResourceManager.cpp:262] ResourceManager::loadStage : start load render asset data/scene_datasets/mp3d/JmbYfDe2QKZ/JmbYfDe2QKZ.glb.
I1008 15:37:18.306187 697359 ResourceManager.cpp:569] ResourceManager::loadStageInternal : Attempting to load stage data/scene_datasets/mp3d/JmbYfDe2QKZ/JmbYfDe2QKZ.glb 
I1008 15:37:18.306203 697359 ResourceManager.cpp:1119] Importing Basis files as BC7 for JmbYfDe2QKZ.glb
W1008 15:37:19.350612 697359 Simulator.cpp:248] :
---
 The active scene does not contain semantic annotations. 
---
I1008 15:37:19.401842 697359 simulator.py:213] Loaded navmesh data/scene_datasets/mp3d/JmbYfDe2QKZ/JmbYfDe2QKZ.navmesh
I1008 15:37:19.752223 697359 PhysicsManager.cpp:33] Deconstructing PhysicsManager
I1008 15:37:19.752249 697359 SemanticScene.h:41] Deconstructing SemanticScene
I1008 15:37:19.755391 697359 SceneManager.h:25] Deconstructing SceneManager
I1008 15:37:19.755404 697359 SceneGraph.h:26] Deconstructing SceneGraph
I1008 15:37:19.755827 697359 Sensor.h:87] Deconstructing Sensor
I1008 15:37:19.756313 697359 Sensor.h:87] Deconstructing Sensor
I1008 15:37:19.756417 697359 Sensor.h:87] Deconstructing Sensor
I1008 15:37:19.756526 697359 Sensor.h:87] Deconstructing Sensor
I1008 15:37:19.756631 697359 Sensor.h:87] Deconstructing Sensor
I1008 15:37:19.756739 697359 Sensor.h:87] Deconstructing Sensor
I1008 15:37:19.756848 697359 Sensor.h:87] Deconstructing Sensor
I1008 15:37:19.756948 697359 Sensor.h:87] Deconstructing Sensor
I1008 15:37:19.757054 697359 Sensor.h:87] Deconstructing Sensor
I1008 15:37:19.757154 697359 Sensor.h:87] Deconstructing Sensor
I1008 15:37:19.757257 697359 Sensor.h:87] Deconstructing Sensor
I1008 15:37:19.757362 697359 Sensor.h:87] Deconstructing Sensor
I1008 15:37:19.757463 697359 Sensor.h:87] Deconstructing Sensor
I1008 15:37:19.757591 697359 Sensor.h:87] Deconstructing Sensor
I1008 15:37:19.757742 697359 Sensor.h:87] Deconstructing Sensor
I1008 15:37:19.757870 697359 Sensor.h:87] Deconstructing Sensor
I1008 15:37:19.758006 697359 Sensor.h:87] Deconstructing Sensor
I1008 15:37:19.758133 697359 Sensor.h:87] Deconstructing Sensor
I1008 15:37:19.758265 697359 Sensor.h:87] Deconstructing Sensor
I1008 15:37:19.758888 697359 Sensor.h:87] Deconstructing Sensor
I1008 15:37:19.759030 697359 Sensor.h:87] Deconstructing Sensor
I1008 15:37:19.759279 697359 Sensor.h:87] Deconstructing Sensor
I1008 15:37:19.759419 697359 Sensor.h:87] Deconstructing Sensor
I1008 15:37:19.759500 697359 Sensor.h:87] Deconstructing Sensor
I1008 15:37:19.763018 697359 Renderer.cpp:34] Deconstructing Renderer
I1008 15:37:19.763032 697359 WindowlessContext.h:17] Deconstructing WindowlessContext
I1008 15:37:19.765535 697359 MetadataMediator.cpp:56] MetadataMediator::setActiveSceneDatasetName : Old active dataset default changed to default successfully.
I1008 15:37:19.766038 697359 AttributesManagerBase.h:283] AttributesManager<T>::createFromJsonOrDefaultInternal  (Physics Manager) : Proposing JSON name : ./data/default.physics_config.json from original name : ./data/default.physics_config.json | This file  does not exist.
I1008 15:37:19.766060 697359 PhysicsAttributesManager.cpp:27] File (./data/default.physics_config.json) not found, so new default physics manager attributes created and registered.
I1008 15:37:19.766065 697359 AbstractObjectAttributesManagerBase.h:175] AbstractObjectAttributesManager<T>::createObject  (Stage) : Making attributes with handle : data/scene_datasets/mp3d/D7N2EKCX4Sj/D7N2EKCX4Sj.glb
I1008 15:37:19.766068 697359 ManagedContainerBase.cpp:19] ManagedContainerBase::convertFilenameToJSON : Filename : data/scene_datasets/mp3d/D7N2EKCX4Sj/D7N2EKCX4Sj.glb changed to proposed JSON configuration filename : data/scene_datasets/mp3d/D7N2EKCX4Sj/D7N2EKCX4Sj.stage_config.json
I1008 15:37:19.766091 697359 AttributesManagerBase.h:283] AttributesManager<T>::createFromJsonOrDefaultInternal  (Stage) : Proposing JSON name : data/scene_datasets/mp3d/D7N2EKCX4Sj/D7N2EKCX4Sj.stage_config.json from original name : data/scene_datasets/mp3d/D7N2EKCX4Sj/D7N2EKCX4Sj.glb | This file  does not exist.
I1008 15:37:19.766131 697359 AbstractObjectAttributesManagerBase.h:181] AbstractObjectAttributesManager<T>::createObject  (Stage) : Done making attributes with handle : data/scene_datasets/mp3d/D7N2EKCX4Sj/D7N2EKCX4Sj.glb
I1008 15:37:19.766132 697359 AbstractObjectAttributesManagerBase.h:188] File (data/scene_datasets/mp3d/D7N2EKCX4Sj/D7N2EKCX4Sj.glb) exists but is not a recognized config filename extension, so new default Stage attributes created and registered.
I1008 15:37:19.766135 697359 Simulator.cpp:156] Loading navmesh from data/scene_datasets/mp3d/D7N2EKCX4Sj/D7N2EKCX4Sj.navmesh
I1008 15:37:19.766453 697359 Simulator.cpp:158] Loaded.
I1008 15:37:19.766458 697359 SceneGraph.h:93] Created DrawableGroup: 
I1008 15:37:19.769543 697359 ResourceManager.cpp:234] ResourceManager::loadStage : Not loading semantic mesh
I1008 15:37:19.769549 697359 ResourceManager.cpp:262] ResourceManager::loadStage : start load render asset data/scene_datasets/mp3d/D7N2EKCX4Sj/D7N2EKCX4Sj.glb.
I1008 15:37:19.769550 697359 ResourceManager.cpp:569] ResourceManager::loadStageInternal : Attempting to load stage data/scene_datasets/mp3d/D7N2EKCX4Sj/D7N2EKCX4Sj.glb 
I1008 15:37:19.769562 697359 ResourceManager.cpp:1119] Importing Basis files as BC7 for D7N2EKCX4Sj.glb
W1008 15:37:23.801568 697359 Simulator.cpp:248] :
---
 The active scene does not contain semantic annotations. 
---
I1008 15:37:23.912585 697359 simulator.py:213] Loaded navmesh data/scene_datasets/mp3d/D7N2EKCX4Sj/D7N2EKCX4Sj.navmesh
I1008 15:37:24.469583 697359 PhysicsManager.cpp:33] Deconstructing PhysicsManager
I1008 15:37:24.469604 697359 SemanticScene.h:41] Deconstructing SemanticScene
I1008 15:37:24.474900 697359 SceneManager.h:25] Deconstructing SceneManager
I1008 15:37:24.474907 697359 SceneGraph.h:26] Deconstructing SceneGraph
I1008 15:37:24.475350 697359 Sensor.h:87] Deconstructing Sensor
I1008 15:37:24.475739 697359 Sensor.h:87] Deconstructing Sensor
I1008 15:37:24.475842 697359 Sensor.h:87] Deconstructing Sensor
I1008 15:37:24.475950 697359 Sensor.h:87] Deconstructing Sensor
I1008 15:37:24.476050 697359 Sensor.h:87] Deconstructing Sensor
I1008 15:37:24.476151 697359 Sensor.h:87] Deconstructing Sensor
I1008 15:37:24.476253 697359 Sensor.h:87] Deconstructing Sensor
I1008 15:37:24.476505 697359 Sensor.h:87] Deconstructing Sensor
I1008 15:37:24.476611 697359 Sensor.h:87] Deconstructing Sensor
I1008 15:37:24.476712 697359 Sensor.h:87] Deconstructing Sensor
I1008 15:37:24.476812 697359 Sensor.h:87] Deconstructing Sensor
I1008 15:37:24.476914 697359 Sensor.h:87] Deconstructing Sensor
I1008 15:37:24.477013 697359 Sensor.h:87] Deconstructing Sensor
I1008 15:37:24.477137 697359 Sensor.h:87] Deconstructing Sensor
I1008 15:37:24.477272 697359 Sensor.h:87] Deconstructing Sensor
I1008 15:37:24.477391 697359 Sensor.h:87] Deconstructing Sensor
I1008 15:37:24.477515 697359 Sensor.h:87] Deconstructing Sensor
I1008 15:37:24.477638 697359 Sensor.h:87] Deconstructing Sensor
I1008 15:37:24.477761 697359 Sensor.h:87] Deconstructing Sensor
I1008 15:37:24.477882 697359 Sensor.h:87] Deconstructing Sensor
I1008 15:37:24.478003 697359 Sensor.h:87] Deconstructing Sensor
I1008 15:37:24.478120 697359 Sensor.h:87] Deconstructing Sensor
I1008 15:37:24.478246 697359 Sensor.h:87] Deconstructing Sensor
I1008 15:37:24.478319 697359 Sensor.h:87] Deconstructing Sensor
I1008 15:37:24.484309 697359 Renderer.cpp:34] Deconstructing Renderer
I1008 15:37:24.484326 697359 WindowlessContext.h:17] Deconstructing WindowlessContext
I1008 15:37:24.490994 697359 MetadataMediator.cpp:56] MetadataMediator::setActiveSceneDatasetName : Old active dataset default changed to default successfully.
I1008 15:37:24.494040 697359 AttributesManagerBase.h:283] AttributesManager<T>::createFromJsonOrDefaultInternal  (Physics Manager) : Proposing JSON name : ./data/default.physics_config.json from original name : ./data/default.physics_config.json | This file  does not exist.
I1008 15:37:24.494072 697359 PhysicsAttributesManager.cpp:27] File (./data/default.physics_config.json) not found, so new default physics manager attributes created and registered.
I1008 15:37:24.494078 697359 AbstractObjectAttributesManagerBase.h:175] AbstractObjectAttributesManager<T>::createObject  (Stage) : Making attributes with handle : data/scene_datasets/mp3d/pRbA3pwrgk9/pRbA3pwrgk9.glb
I1008 15:37:24.494081 697359 ManagedContainerBase.cpp:19] ManagedContainerBase::convertFilenameToJSON : Filename : data/scene_datasets/mp3d/pRbA3pwrgk9/pRbA3pwrgk9.glb changed to proposed JSON configuration filename : data/scene_datasets/mp3d/pRbA3pwrgk9/pRbA3pwrgk9.stage_config.json
I1008 15:37:24.494095 697359 AttributesManagerBase.h:283] AttributesManager<T>::createFromJsonOrDefaultInternal  (Stage) : Proposing JSON name : data/scene_datasets/mp3d/pRbA3pwrgk9/pRbA3pwrgk9.stage_config.json from original name : data/scene_datasets/mp3d/pRbA3pwrgk9/pRbA3pwrgk9.glb | This file  does not exist.
I1008 15:37:24.494139 697359 AbstractObjectAttributesManagerBase.h:181] AbstractObjectAttributesManager<T>::createObject  (Stage) : Done making attributes with handle : data/scene_datasets/mp3d/pRbA3pwrgk9/pRbA3pwrgk9.glb
I1008 15:37:24.494140 697359 AbstractObjectAttributesManagerBase.h:188] File (data/scene_datasets/mp3d/pRbA3pwrgk9/pRbA3pwrgk9.glb) exists but is not a recognized config filename extension, so new default Stage attributes created and registered.
I1008 15:37:24.494144 697359 Simulator.cpp:156] Loading navmesh from data/scene_datasets/mp3d/pRbA3pwrgk9/pRbA3pwrgk9.navmesh
I1008 15:37:24.494277 697359 Simulator.cpp:158] Loaded.
I1008 15:37:24.494282 697359 SceneGraph.h:93] Created DrawableGroup: 
I1008 15:37:24.497685 697359 ResourceManager.cpp:234] ResourceManager::loadStage : Not loading semantic mesh
I1008 15:37:24.497691 697359 ResourceManager.cpp:262] ResourceManager::loadStage : start load render asset data/scene_datasets/mp3d/pRbA3pwrgk9/pRbA3pwrgk9.glb.
I1008 15:37:24.497692 697359 ResourceManager.cpp:569] ResourceManager::loadStageInternal : Attempting to load stage data/scene_datasets/mp3d/pRbA3pwrgk9/pRbA3pwrgk9.glb 
I1008 15:37:24.497709 697359 ResourceManager.cpp:1119] Importing Basis files as BC7 for pRbA3pwrgk9.glb
W1008 15:37:25.634593 697359 Simulator.cpp:248] :
---
 The active scene does not contain semantic annotations. 
---
I1008 15:37:25.683674 697359 simulator.py:213] Loaded navmesh data/scene_datasets/mp3d/pRbA3pwrgk9/pRbA3pwrgk9.navmesh
I1008 15:37:25.961429 697359 PhysicsManager.cpp:33] Deconstructing PhysicsManager
I1008 15:37:25.961452 697359 SemanticScene.h:41] Deconstructing SemanticScene
I1008 15:37:25.964568 697359 SceneManager.h:25] Deconstructing SceneManager
I1008 15:37:25.964576 697359 SceneGraph.h:26] Deconstructing SceneGraph
I1008 15:37:25.964993 697359 Sensor.h:87] Deconstructing Sensor
I1008 15:37:25.965225 697359 Sensor.h:87] Deconstructing Sensor
I1008 15:37:25.965328 697359 Sensor.h:87] Deconstructing Sensor
I1008 15:37:25.965437 697359 Sensor.h:87] Deconstructing Sensor
I1008 15:37:25.965539 697359 Sensor.h:87] Deconstructing Sensor
I1008 15:37:25.965639 697359 Sensor.h:87] Deconstructing Sensor
I1008 15:37:25.965747 697359 Sensor.h:87] Deconstructing Sensor
I1008 15:37:25.965845 697359 Sensor.h:87] Deconstructing Sensor
I1008 15:37:25.965946 697359 Sensor.h:87] Deconstructing Sensor
I1008 15:37:25.966043 697359 Sensor.h:87] Deconstructing Sensor
I1008 15:37:25.966140 697359 Sensor.h:87] Deconstructing Sensor
I1008 15:37:25.966236 697359 Sensor.h:87] Deconstructing Sensor
I1008 15:37:25.966332 697359 Sensor.h:87] Deconstructing Sensor
I1008 15:37:25.966461 697359 Sensor.h:87] Deconstructing Sensor
I1008 15:37:25.966586 697359 Sensor.h:87] Deconstructing Sensor
I1008 15:37:25.966717 697359 Sensor.h:87] Deconstructing Sensor
I1008 15:37:25.966840 697359 Sensor.h:87] Deconstructing Sensor
I1008 15:37:25.966961 697359 Sensor.h:87] Deconstructing Sensor
I1008 15:37:25.967084 697359 Sensor.h:87] Deconstructing Sensor
I1008 15:37:25.967209 697359 Sensor.h:87] Deconstructing Sensor
I1008 15:37:25.967329 697359 Sensor.h:87] Deconstructing Sensor
I1008 15:37:25.967445 697359 Sensor.h:87] Deconstructing Sensor
I1008 15:37:25.967573 697359 Sensor.h:87] Deconstructing Sensor
I1008 15:37:25.967661 697359 Sensor.h:87] Deconstructing Sensor
I1008 15:37:25.970348 697359 Renderer.cpp:34] Deconstructing Renderer
I1008 15:37:25.970358 697359 WindowlessContext.h:17] Deconstructing WindowlessContext
I1008 15:37:25.973193 697359 MetadataMediator.cpp:56] MetadataMediator::setActiveSceneDatasetName : Old active dataset default changed to default successfully.
I1008 15:37:25.973686 697359 AttributesManagerBase.h:283] AttributesManager<T>::createFromJsonOrDefaultInternal  (Physics Manager) : Proposing JSON name : ./data/default.physics_config.json from original name : ./data/default.physics_config.json | This file  does not exist.
I1008 15:37:25.973711 697359 PhysicsAttributesManager.cpp:27] File (./data/default.physics_config.json) not found, so new default physics manager attributes created and registered.
I1008 15:37:25.973714 697359 AbstractObjectAttributesManagerBase.h:175] AbstractObjectAttributesManager<T>::createObject  (Stage) : Making attributes with handle : data/scene_datasets/mp3d/ur6pFq6Qu1A/ur6pFq6Qu1A.glb
I1008 15:37:25.973717 697359 ManagedContainerBase.cpp:19] ManagedContainerBase::convertFilenameToJSON : Filename : data/scene_datasets/mp3d/ur6pFq6Qu1A/ur6pFq6Qu1A.glb changed to proposed JSON configuration filename : data/scene_datasets/mp3d/ur6pFq6Qu1A/ur6pFq6Qu1A.stage_config.json
I1008 15:37:25.973732 697359 AttributesManagerBase.h:283] AttributesManager<T>::createFromJsonOrDefaultInternal  (Stage) : Proposing JSON name : data/scene_datasets/mp3d/ur6pFq6Qu1A/ur6pFq6Qu1A.stage_config.json from original name : data/scene_datasets/mp3d/ur6pFq6Qu1A/ur6pFq6Qu1A.glb | This file  does not exist.
I1008 15:37:25.973773 697359 AbstractObjectAttributesManagerBase.h:181] AbstractObjectAttributesManager<T>::createObject  (Stage) : Done making attributes with handle : data/scene_datasets/mp3d/ur6pFq6Qu1A/ur6pFq6Qu1A.glb
I1008 15:37:25.973774 697359 AbstractObjectAttributesManagerBase.h:188] File (data/scene_datasets/mp3d/ur6pFq6Qu1A/ur6pFq6Qu1A.glb) exists but is not a recognized config filename extension, so new default Stage attributes created and registered.
I1008 15:37:25.973778 697359 Simulator.cpp:156] Loading navmesh from data/scene_datasets/mp3d/ur6pFq6Qu1A/ur6pFq6Qu1A.navmesh
I1008 15:37:25.973975 697359 Simulator.cpp:158] Loaded.
I1008 15:37:25.973980 697359 SceneGraph.h:93] Created DrawableGroup: 
I1008 15:37:25.977003 697359 ResourceManager.cpp:234] ResourceManager::loadStage : Not loading semantic mesh
I1008 15:37:25.977010 697359 ResourceManager.cpp:262] ResourceManager::loadStage : start load render asset data/scene_datasets/mp3d/ur6pFq6Qu1A/ur6pFq6Qu1A.glb.
I1008 15:37:25.977010 697359 ResourceManager.cpp:569] ResourceManager::loadStageInternal : Attempting to load stage data/scene_datasets/mp3d/ur6pFq6Qu1A/ur6pFq6Qu1A.glb 
I1008 15:37:25.977025 697359 ResourceManager.cpp:1119] Importing Basis files as BC7 for ur6pFq6Qu1A.glb
W1008 15:37:28.036899 697359 Simulator.cpp:248] :
---
 The active scene does not contain semantic annotations. 
---
I1008 15:37:28.090528 697359 simulator.py:213] Loaded navmesh data/scene_datasets/mp3d/ur6pFq6Qu1A/ur6pFq6Qu1A.navmesh
I1008 15:37:28.539085 697359 PhysicsManager.cpp:33] Deconstructing PhysicsManager
I1008 15:37:28.539108 697359 SemanticScene.h:41] Deconstructing SemanticScene
I1008 15:37:28.541957 697359 SceneManager.h:25] Deconstructing SceneManager
I1008 15:37:28.541962 697359 SceneGraph.h:26] Deconstructing SceneGraph
I1008 15:37:28.542339 697359 Sensor.h:87] Deconstructing Sensor
I1008 15:37:28.542834 697359 Sensor.h:87] Deconstructing Sensor
I1008 15:37:28.542943 697359 Sensor.h:87] Deconstructing Sensor
I1008 15:37:28.543049 697359 Sensor.h:87] Deconstructing Sensor
I1008 15:37:28.543146 697359 Sensor.h:87] Deconstructing Sensor
I1008 15:37:28.543241 697359 Sensor.h:87] Deconstructing Sensor
I1008 15:37:28.543339 697359 Sensor.h:87] Deconstructing Sensor
I1008 15:37:28.543433 697359 Sensor.h:87] Deconstructing Sensor
I1008 15:37:28.543530 697359 Sensor.h:87] Deconstructing Sensor
I1008 15:37:28.543624 697359 Sensor.h:87] Deconstructing Sensor
I1008 15:37:28.543721 697359 Sensor.h:87] Deconstructing Sensor
I1008 15:37:28.543819 697359 Sensor.h:87] Deconstructing Sensor
I1008 15:37:28.543915 697359 Sensor.h:87] Deconstructing Sensor
I1008 15:37:28.544039 697359 Sensor.h:87] Deconstructing Sensor
I1008 15:37:28.544164 697359 Sensor.h:87] Deconstructing Sensor
I1008 15:37:28.544281 697359 Sensor.h:87] Deconstructing Sensor
I1008 15:37:28.544401 697359 Sensor.h:87] Deconstructing Sensor
I1008 15:37:28.544519 697359 Sensor.h:87] Deconstructing Sensor
I1008 15:37:28.544639 697359 Sensor.h:87] Deconstructing Sensor
I1008 15:37:28.544759 697359 Sensor.h:87] Deconstructing Sensor
I1008 15:37:28.544878 697359 Sensor.h:87] Deconstructing Sensor
I1008 15:37:28.544997 697359 Sensor.h:87] Deconstructing Sensor
I1008 15:37:28.545120 697359 Sensor.h:87] Deconstructing Sensor
I1008 15:37:28.545212 697359 Sensor.h:87] Deconstructing Sensor
I1008 15:37:28.548307 697359 Renderer.cpp:34] Deconstructing Renderer
I1008 15:37:28.548316 697359 WindowlessContext.h:17] Deconstructing WindowlessContext
I1008 15:37:28.553292 697359 MetadataMediator.cpp:56] MetadataMediator::setActiveSceneDatasetName : Old active dataset default changed to default successfully.
I1008 15:37:28.553958 697359 AttributesManagerBase.h:283] AttributesManager<T>::createFromJsonOrDefaultInternal  (Physics Manager) : Proposing JSON name : ./data/default.physics_config.json from original name : ./data/default.physics_config.json | This file  does not exist.
I1008 15:37:28.553985 697359 PhysicsAttributesManager.cpp:27] File (./data/default.physics_config.json) not found, so new default physics manager attributes created and registered.
I1008 15:37:28.553990 697359 AbstractObjectAttributesManagerBase.h:175] AbstractObjectAttributesManager<T>::createObject  (Stage) : Making attributes with handle : data/scene_datasets/mp3d/ZMojNkEp431/ZMojNkEp431.glb
I1008 15:37:28.553993 697359 ManagedContainerBase.cpp:19] ManagedContainerBase::convertFilenameToJSON : Filename : data/scene_datasets/mp3d/ZMojNkEp431/ZMojNkEp431.glb changed to proposed JSON configuration filename : data/scene_datasets/mp3d/ZMojNkEp431/ZMojNkEp431.stage_config.json
I1008 15:37:28.554008 697359 AttributesManagerBase.h:283] AttributesManager<T>::createFromJsonOrDefaultInternal  (Stage) : Proposing JSON name : data/scene_datasets/mp3d/ZMojNkEp431/ZMojNkEp431.stage_config.json from original name : data/scene_datasets/mp3d/ZMojNkEp431/ZMojNkEp431.glb | This file  does not exist.
I1008 15:37:28.554049 697359 AbstractObjectAttributesManagerBase.h:181] AbstractObjectAttributesManager<T>::createObject  (Stage) : Done making attributes with handle : data/scene_datasets/mp3d/ZMojNkEp431/ZMojNkEp431.glb
I1008 15:37:28.554049 697359 AbstractObjectAttributesManagerBase.h:188] File (data/scene_datasets/mp3d/ZMojNkEp431/ZMojNkEp431.glb) exists but is not a recognized config filename extension, so new default Stage attributes created and registered.
I1008 15:37:28.554054 697359 Simulator.cpp:156] Loading navmesh from data/scene_datasets/mp3d/ZMojNkEp431/ZMojNkEp431.navmesh
I1008 15:37:28.554176 697359 Simulator.cpp:158] Loaded.
I1008 15:37:28.554180 697359 SceneGraph.h:93] Created DrawableGroup: 
I1008 15:37:28.557483 697359 ResourceManager.cpp:234] ResourceManager::loadStage : Not loading semantic mesh
I1008 15:37:28.557493 697359 ResourceManager.cpp:262] ResourceManager::loadStage : start load render asset data/scene_datasets/mp3d/ZMojNkEp431/ZMojNkEp431.glb.
I1008 15:37:28.557495 697359 ResourceManager.cpp:569] ResourceManager::loadStageInternal : Attempting to load stage data/scene_datasets/mp3d/ZMojNkEp431/ZMojNkEp431.glb 
I1008 15:37:28.557520 697359 ResourceManager.cpp:1119] Importing Basis files as BC7 for ZMojNkEp431.glb
W1008 15:37:29.755816 697359 Simulator.cpp:248] :
---
 The active scene does not contain semantic annotations. 
---
I1008 15:37:29.793362 697359 simulator.py:213] Loaded navmesh data/scene_datasets/mp3d/ZMojNkEp431/ZMojNkEp431.navmesh
I1008 15:37:30.262543 697359 PhysicsManager.cpp:33] Deconstructing PhysicsManager
I1008 15:37:30.262568 697359 SemanticScene.h:41] Deconstructing SemanticScene
I1008 15:37:30.265448 697359 SceneManager.h:25] Deconstructing SceneManager
I1008 15:37:30.265455 697359 SceneGraph.h:26] Deconstructing SceneGraph
I1008 15:37:30.265877 697359 Sensor.h:87] Deconstructing Sensor
I1008 15:37:30.266150 697359 Sensor.h:87] Deconstructing Sensor
I1008 15:37:30.266260 697359 Sensor.h:87] Deconstructing Sensor
I1008 15:37:30.266366 697359 Sensor.h:87] Deconstructing Sensor
I1008 15:37:30.266466 697359 Sensor.h:87] Deconstructing Sensor
I1008 15:37:30.266564 697359 Sensor.h:87] Deconstructing Sensor
I1008 15:37:30.266677 697359 Sensor.h:87] Deconstructing Sensor
I1008 15:37:30.266778 697359 Sensor.h:87] Deconstructing Sensor
I1008 15:37:30.266883 697359 Sensor.h:87] Deconstructing Sensor
I1008 15:37:30.266980 697359 Sensor.h:87] Deconstructing Sensor
I1008 15:37:30.267095 697359 Sensor.h:87] Deconstructing Sensor
I1008 15:37:30.267197 697359 Sensor.h:87] Deconstructing Sensor
I1008 15:37:30.267298 697359 Sensor.h:87] Deconstructing Sensor
I1008 15:37:30.267431 697359 Sensor.h:87] Deconstructing Sensor
I1008 15:37:30.267563 697359 Sensor.h:87] Deconstructing Sensor
I1008 15:37:30.267688 697359 Sensor.h:87] Deconstructing Sensor
I1008 15:37:30.267817 697359 Sensor.h:87] Deconstructing Sensor
I1008 15:37:30.267938 697359 Sensor.h:87] Deconstructing Sensor
I1008 15:37:30.268075 697359 Sensor.h:87] Deconstructing Sensor
I1008 15:37:30.268203 697359 Sensor.h:87] Deconstructing Sensor
I1008 15:37:30.268321 697359 Sensor.h:87] Deconstructing Sensor
I1008 15:37:30.268442 697359 Sensor.h:87] Deconstructing Sensor
I1008 15:37:30.268569 697359 Sensor.h:87] Deconstructing Sensor
I1008 15:37:30.268647 697359 Sensor.h:87] Deconstructing Sensor
I1008 15:37:30.272126 697359 Renderer.cpp:34] Deconstructing Renderer
I1008 15:37:30.272140 697359 WindowlessContext.h:17] Deconstructing WindowlessContext
I1008 15:37:30.275561 697359 MetadataMediator.cpp:56] MetadataMediator::setActiveSceneDatasetName : Old active dataset default changed to default successfully.
I1008 15:37:30.277029 697359 AttributesManagerBase.h:283] AttributesManager<T>::createFromJsonOrDefaultInternal  (Physics Manager) : Proposing JSON name : ./data/default.physics_config.json from original name : ./data/default.physics_config.json | This file  does not exist.
I1008 15:37:30.277072 697359 PhysicsAttributesManager.cpp:27] File (./data/default.physics_config.json) not found, so new default physics manager attributes created and registered.
I1008 15:37:30.277078 697359 AbstractObjectAttributesManagerBase.h:175] AbstractObjectAttributesManager<T>::createObject  (Stage) : Making attributes with handle : data/scene_datasets/mp3d/JmbYfDe2QKZ/JmbYfDe2QKZ.glb
I1008 15:37:30.277081 697359 ManagedContainerBase.cpp:19] ManagedContainerBase::convertFilenameToJSON : Filename : data/scene_datasets/mp3d/JmbYfDe2QKZ/JmbYfDe2QKZ.glb changed to proposed JSON configuration filename : data/scene_datasets/mp3d/JmbYfDe2QKZ/JmbYfDe2QKZ.stage_config.json
I1008 15:37:30.277097 697359 AttributesManagerBase.h:283] AttributesManager<T>::createFromJsonOrDefaultInternal  (Stage) : Proposing JSON name : data/scene_datasets/mp3d/JmbYfDe2QKZ/JmbYfDe2QKZ.stage_config.json from original name : data/scene_datasets/mp3d/JmbYfDe2QKZ/JmbYfDe2QKZ.glb | This file  does not exist.
I1008 15:37:30.277143 697359 AbstractObjectAttributesManagerBase.h:181] AbstractObjectAttributesManager<T>::createObject  (Stage) : Done making attributes with handle : data/scene_datasets/mp3d/JmbYfDe2QKZ/JmbYfDe2QKZ.glb
I1008 15:37:30.277153 697359 AbstractObjectAttributesManagerBase.h:188] File (data/scene_datasets/mp3d/JmbYfDe2QKZ/JmbYfDe2QKZ.glb) exists but is not a recognized config filename extension, so new default Stage attributes created and registered.
I1008 15:37:30.277156 697359 Simulator.cpp:156] Loading navmesh from data/scene_datasets/mp3d/JmbYfDe2QKZ/JmbYfDe2QKZ.navmesh
I1008 15:37:30.277256 697359 Simulator.cpp:158] Loaded.
I1008 15:37:30.277261 697359 SceneGraph.h:93] Created DrawableGroup: 
I1008 15:37:30.280565 697359 ResourceManager.cpp:234] ResourceManager::loadStage : Not loading semantic mesh
I1008 15:37:30.280572 697359 ResourceManager.cpp:262] ResourceManager::loadStage : start load render asset data/scene_datasets/mp3d/JmbYfDe2QKZ/JmbYfDe2QKZ.glb.
I1008 15:37:30.280573 697359 ResourceManager.cpp:569] ResourceManager::loadStageInternal : Attempting to load stage data/scene_datasets/mp3d/JmbYfDe2QKZ/JmbYfDe2QKZ.glb 
I1008 15:37:30.280587 697359 ResourceManager.cpp:1119] Importing Basis files as BC7 for JmbYfDe2QKZ.glb
W1008 15:37:31.328791 697359 Simulator.cpp:248] :
---
 The active scene does not contain semantic annotations. 
---
I1008 15:37:31.376462 697359 simulator.py:213] Loaded navmesh data/scene_datasets/mp3d/JmbYfDe2QKZ/JmbYfDe2QKZ.navmesh
I1008 15:37:31.787824 697359 PhysicsManager.cpp:33] Deconstructing PhysicsManager
I1008 15:37:31.787850 697359 SemanticScene.h:41] Deconstructing SemanticScene
I1008 15:37:31.791656 697359 SceneManager.h:25] Deconstructing SceneManager
I1008 15:37:31.791676 697359 SceneGraph.h:26] Deconstructing SceneGraph
I1008 15:37:31.792699 697359 Sensor.h:87] Deconstructing Sensor
I1008 15:37:31.793231 697359 Sensor.h:87] Deconstructing Sensor
I1008 15:37:31.793339 697359 Sensor.h:87] Deconstructing Sensor
I1008 15:37:31.793447 697359 Sensor.h:87] Deconstructing Sensor
I1008 15:37:31.793550 697359 Sensor.h:87] Deconstructing Sensor
I1008 15:37:31.793665 697359 Sensor.h:87] Deconstructing Sensor
I1008 15:37:31.793769 697359 Sensor.h:87] Deconstructing Sensor
I1008 15:37:31.793869 697359 Sensor.h:87] Deconstructing Sensor
I1008 15:37:31.793973 697359 Sensor.h:87] Deconstructing Sensor
I1008 15:37:31.794070 697359 Sensor.h:87] Deconstructing Sensor
I1008 15:37:31.794168 697359 Sensor.h:87] Deconstructing Sensor
I1008 15:37:31.794268 697359 Sensor.h:87] Deconstructing Sensor
I1008 15:37:31.794368 697359 Sensor.h:87] Deconstructing Sensor
I1008 15:37:31.794489 697359 Sensor.h:87] Deconstructing Sensor
I1008 15:37:31.794616 697359 Sensor.h:87] Deconstructing Sensor
I1008 15:37:31.794737 697359 Sensor.h:87] Deconstructing Sensor
I1008 15:37:31.794862 697359 Sensor.h:87] Deconstructing Sensor
I1008 15:37:31.794979 697359 Sensor.h:87] Deconstructing Sensor
I1008 15:37:31.795104 697359 Sensor.h:87] Deconstructing Sensor
I1008 15:37:31.795225 697359 Sensor.h:87] Deconstructing Sensor
I1008 15:37:31.795347 697359 Sensor.h:87] Deconstructing Sensor
I1008 15:37:31.795465 697359 Sensor.h:87] Deconstructing Sensor
I1008 15:37:31.795590 697359 Sensor.h:87] Deconstructing Sensor
I1008 15:37:31.795681 697359 Sensor.h:87] Deconstructing Sensor
I1008 15:37:31.798574 697359 Renderer.cpp:34] Deconstructing Renderer
I1008 15:37:31.798584 697359 WindowlessContext.h:17] Deconstructing WindowlessContext
I1008 15:37:31.801294 697359 MetadataMediator.cpp:56] MetadataMediator::setActiveSceneDatasetName : Old active dataset default changed to default successfully.
I1008 15:37:31.801877 697359 AttributesManagerBase.h:283] AttributesManager<T>::createFromJsonOrDefaultInternal  (Physics Manager) : Proposing JSON name : ./data/default.physics_config.json from original name : ./data/default.physics_config.json | This file  does not exist.
I1008 15:37:31.801900 697359 PhysicsAttributesManager.cpp:27] File (./data/default.physics_config.json) not found, so new default physics manager attributes created and registered.
I1008 15:37:31.801904 697359 AbstractObjectAttributesManagerBase.h:175] AbstractObjectAttributesManager<T>::createObject  (Stage) : Making attributes with handle : data/scene_datasets/mp3d/ur6pFq6Qu1A/ur6pFq6Qu1A.glb
I1008 15:37:31.801914 697359 ManagedContainerBase.cpp:19] ManagedContainerBase::convertFilenameToJSON : Filename : data/scene_datasets/mp3d/ur6pFq6Qu1A/ur6pFq6Qu1A.glb changed to proposed JSON configuration filename : data/scene_datasets/mp3d/ur6pFq6Qu1A/ur6pFq6Qu1A.stage_config.json
I1008 15:37:31.801926 697359 AttributesManagerBase.h:283] AttributesManager<T>::createFromJsonOrDefaultInternal  (Stage) : Proposing JSON name : data/scene_datasets/mp3d/ur6pFq6Qu1A/ur6pFq6Qu1A.stage_config.json from original name : data/scene_datasets/mp3d/ur6pFq6Qu1A/ur6pFq6Qu1A.glb | This file  does not exist.
I1008 15:37:31.801966 697359 AbstractObjectAttributesManagerBase.h:181] AbstractObjectAttributesManager<T>::createObject  (Stage) : Done making attributes with handle : data/scene_datasets/mp3d/ur6pFq6Qu1A/ur6pFq6Qu1A.glb
I1008 15:37:31.801967 697359 AbstractObjectAttributesManagerBase.h:188] File (data/scene_datasets/mp3d/ur6pFq6Qu1A/ur6pFq6Qu1A.glb) exists but is not a recognized config filename extension, so new default Stage attributes created and registered.
I1008 15:37:31.801970 697359 Simulator.cpp:156] Loading navmesh from data/scene_datasets/mp3d/ur6pFq6Qu1A/ur6pFq6Qu1A.navmesh
I1008 15:37:31.802156 697359 Simulator.cpp:158] Loaded.
I1008 15:37:31.802160 697359 SceneGraph.h:93] Created DrawableGroup: 
I1008 15:37:31.805289 697359 ResourceManager.cpp:234] ResourceManager::loadStage : Not loading semantic mesh
I1008 15:37:31.805295 697359 ResourceManager.cpp:262] ResourceManager::loadStage : start load render asset data/scene_datasets/mp3d/ur6pFq6Qu1A/ur6pFq6Qu1A.glb.
I1008 15:37:31.805297 697359 ResourceManager.cpp:569] ResourceManager::loadStageInternal : Attempting to load stage data/scene_datasets/mp3d/ur6pFq6Qu1A/ur6pFq6Qu1A.glb 
I1008 15:37:31.805307 697359 ResourceManager.cpp:1119] Importing Basis files as BC7 for ur6pFq6Qu1A.glb
W1008 15:37:33.961035 697359 Simulator.cpp:248] :
---
 The active scene does not contain semantic annotations. 
---
I1008 15:37:34.017460 697359 simulator.py:213] Loaded navmesh data/scene_datasets/mp3d/ur6pFq6Qu1A/ur6pFq6Qu1A.navmesh
I1008 15:37:34.994048 697359 PhysicsManager.cpp:33] Deconstructing PhysicsManager
I1008 15:37:34.994071 697359 SemanticScene.h:41] Deconstructing SemanticScene
I1008 15:37:34.997263 697359 SceneManager.h:25] Deconstructing SceneManager
I1008 15:37:34.997272 697359 SceneGraph.h:26] Deconstructing SceneGraph
I1008 15:37:34.997682 697359 Sensor.h:87] Deconstructing Sensor
I1008 15:37:34.998239 697359 Sensor.h:87] Deconstructing Sensor
I1008 15:37:34.998344 697359 Sensor.h:87] Deconstructing Sensor
I1008 15:37:34.998452 697359 Sensor.h:87] Deconstructing Sensor
I1008 15:37:34.998554 697359 Sensor.h:87] Deconstructing Sensor
I1008 15:37:34.998656 697359 Sensor.h:87] Deconstructing Sensor
I1008 15:37:34.998761 697359 Sensor.h:87] Deconstructing Sensor
I1008 15:37:34.998859 697359 Sensor.h:87] Deconstructing Sensor
I1008 15:37:34.998961 697359 Sensor.h:87] Deconstructing Sensor
I1008 15:37:34.999058 697359 Sensor.h:87] Deconstructing Sensor
I1008 15:37:34.999156 697359 Sensor.h:87] Deconstructing Sensor
I1008 15:37:34.999280 697359 Sensor.h:87] Deconstructing Sensor
I1008 15:37:34.999379 697359 Sensor.h:87] Deconstructing Sensor
I1008 15:37:34.999506 697359 Sensor.h:87] Deconstructing Sensor
I1008 15:37:34.999636 697359 Sensor.h:87] Deconstructing Sensor
I1008 15:37:34.999759 697359 Sensor.h:87] Deconstructing Sensor
I1008 15:37:34.999886 697359 Sensor.h:87] Deconstructing Sensor
I1008 15:37:35.000010 697359 Sensor.h:87] Deconstructing Sensor
I1008 15:37:35.000175 697359 Sensor.h:87] Deconstructing Sensor
I1008 15:37:35.000301 697359 Sensor.h:87] Deconstructing Sensor
I1008 15:37:35.000423 697359 Sensor.h:87] Deconstructing Sensor
I1008 15:37:35.000547 697359 Sensor.h:87] Deconstructing Sensor
I1008 15:37:35.000675 697359 Sensor.h:87] Deconstructing Sensor
I1008 15:37:35.000751 697359 Sensor.h:87] Deconstructing Sensor
I1008 15:37:35.004604 697359 Renderer.cpp:34] Deconstructing Renderer
I1008 15:37:35.004616 697359 WindowlessContext.h:17] Deconstructing WindowlessContext
I1008 15:37:35.009776 697359 MetadataMediator.cpp:56] MetadataMediator::setActiveSceneDatasetName : Old active dataset default changed to default successfully.
I1008 15:37:35.010708 697359 AttributesManagerBase.h:283] AttributesManager<T>::createFromJsonOrDefaultInternal  (Physics Manager) : Proposing JSON name : ./data/default.physics_config.json from original name : ./data/default.physics_config.json | This file  does not exist.
I1008 15:37:35.010735 697359 PhysicsAttributesManager.cpp:27] File (./data/default.physics_config.json) not found, so new default physics manager attributes created and registered.
I1008 15:37:35.010738 697359 AbstractObjectAttributesManagerBase.h:175] AbstractObjectAttributesManager<T>::createObject  (Stage) : Making attributes with handle : data/scene_datasets/mp3d/qoiz87JEwZ2/qoiz87JEwZ2.glb
I1008 15:37:35.010742 697359 ManagedContainerBase.cpp:19] ManagedContainerBase::convertFilenameToJSON : Filename : data/scene_datasets/mp3d/qoiz87JEwZ2/qoiz87JEwZ2.glb changed to proposed JSON configuration filename : data/scene_datasets/mp3d/qoiz87JEwZ2/qoiz87JEwZ2.stage_config.json
I1008 15:37:35.010756 697359 AttributesManagerBase.h:283] AttributesManager<T>::createFromJsonOrDefaultInternal  (Stage) : Proposing JSON name : data/scene_datasets/mp3d/qoiz87JEwZ2/qoiz87JEwZ2.stage_config.json from original name : data/scene_datasets/mp3d/qoiz87JEwZ2/qoiz87JEwZ2.glb | This file  does not exist.
I1008 15:37:35.010794 697359 AbstractObjectAttributesManagerBase.h:181] AbstractObjectAttributesManager<T>::createObject  (Stage) : Done making attributes with handle : data/scene_datasets/mp3d/qoiz87JEwZ2/qoiz87JEwZ2.glb
I1008 15:37:35.010795 697359 AbstractObjectAttributesManagerBase.h:188] File (data/scene_datasets/mp3d/qoiz87JEwZ2/qoiz87JEwZ2.glb) exists but is not a recognized config filename extension, so new default Stage attributes created and registered.
I1008 15:37:35.010799 697359 Simulator.cpp:156] Loading navmesh from data/scene_datasets/mp3d/qoiz87JEwZ2/qoiz87JEwZ2.navmesh
I1008 15:37:35.010937 697359 Simulator.cpp:158] Loaded.
I1008 15:37:35.010942 697359 SceneGraph.h:93] Created DrawableGroup: 
I1008 15:37:35.014082 697359 ResourceManager.cpp:234] ResourceManager::loadStage : Not loading semantic mesh
I1008 15:37:35.014089 697359 ResourceManager.cpp:262] ResourceManager::loadStage : start load render asset data/scene_datasets/mp3d/qoiz87JEwZ2/qoiz87JEwZ2.glb.
I1008 15:37:35.014091 697359 ResourceManager.cpp:569] ResourceManager::loadStageInternal : Attempting to load stage data/scene_datasets/mp3d/qoiz87JEwZ2/qoiz87JEwZ2.glb 
I1008 15:37:35.014103 697359 ResourceManager.cpp:1119] Importing Basis files as BC7 for qoiz87JEwZ2.glb
W1008 15:37:36.599725 697359 Simulator.cpp:248] :
---
 The active scene does not contain semantic annotations. 
---
I1008 15:37:36.652905 697359 simulator.py:213] Loaded navmesh data/scene_datasets/mp3d/qoiz87JEwZ2/qoiz87JEwZ2.navmesh
I1008 15:37:37.078900 697359 PhysicsManager.cpp:33] Deconstructing PhysicsManager
I1008 15:37:37.078924 697359 SemanticScene.h:41] Deconstructing SemanticScene
I1008 15:37:37.082145 697359 SceneManager.h:25] Deconstructing SceneManager
I1008 15:37:37.082150 697359 SceneGraph.h:26] Deconstructing SceneGraph
I1008 15:37:37.082557 697359 Sensor.h:87] Deconstructing Sensor
I1008 15:37:37.082811 697359 Sensor.h:87] Deconstructing Sensor
I1008 15:37:37.082916 697359 Sensor.h:87] Deconstructing Sensor
I1008 15:37:37.083022 697359 Sensor.h:87] Deconstructing Sensor
I1008 15:37:37.083127 697359 Sensor.h:87] Deconstructing Sensor
I1008 15:37:37.083246 697359 Sensor.h:87] Deconstructing Sensor
I1008 15:37:37.083357 697359 Sensor.h:87] Deconstructing Sensor
I1008 15:37:37.083457 697359 Sensor.h:87] Deconstructing Sensor
I1008 15:37:37.083565 697359 Sensor.h:87] Deconstructing Sensor
I1008 15:37:37.083675 697359 Sensor.h:87] Deconstructing Sensor
I1008 15:37:37.083777 697359 Sensor.h:87] Deconstructing Sensor
I1008 15:37:37.083884 697359 Sensor.h:87] Deconstructing Sensor
I1008 15:37:37.083995 697359 Sensor.h:87] Deconstructing Sensor
I1008 15:37:37.084128 697359 Sensor.h:87] Deconstructing Sensor
I1008 15:37:37.084272 697359 Sensor.h:87] Deconstructing Sensor
I1008 15:37:37.084391 697359 Sensor.h:87] Deconstructing Sensor
I1008 15:37:37.084515 697359 Sensor.h:87] Deconstructing Sensor
I1008 15:37:37.084635 697359 Sensor.h:87] Deconstructing Sensor
I1008 15:37:37.084760 697359 Sensor.h:87] Deconstructing Sensor
I1008 15:37:37.084883 697359 Sensor.h:87] Deconstructing Sensor
I1008 15:37:37.085006 697359 Sensor.h:87] Deconstructing Sensor
I1008 15:37:37.085124 697359 Sensor.h:87] Deconstructing Sensor
I1008 15:37:37.085249 697359 Sensor.h:87] Deconstructing Sensor
I1008 15:37:37.085322 697359 Sensor.h:87] Deconstructing Sensor
I1008 15:37:37.089382 697359 Renderer.cpp:34] Deconstructing Renderer
I1008 15:37:37.089389 697359 WindowlessContext.h:17] Deconstructing WindowlessContext
I1008 15:37:37.092594 697359 MetadataMediator.cpp:56] MetadataMediator::setActiveSceneDatasetName : Old active dataset default changed to default successfully.
I1008 15:37:37.093518 697359 AttributesManagerBase.h:283] AttributesManager<T>::createFromJsonOrDefaultInternal  (Physics Manager) : Proposing JSON name : ./data/default.physics_config.json from original name : ./data/default.physics_config.json | This file  does not exist.
I1008 15:37:37.093542 697359 PhysicsAttributesManager.cpp:27] File (./data/default.physics_config.json) not found, so new default physics manager attributes created and registered.
I1008 15:37:37.093547 697359 AbstractObjectAttributesManagerBase.h:175] AbstractObjectAttributesManager<T>::createObject  (Stage) : Making attributes with handle : data/scene_datasets/mp3d/pRbA3pwrgk9/pRbA3pwrgk9.glb
I1008 15:37:37.093550 697359 ManagedContainerBase.cpp:19] ManagedContainerBase::convertFilenameToJSON : Filename : data/scene_datasets/mp3d/pRbA3pwrgk9/pRbA3pwrgk9.glb changed to proposed JSON configuration filename : data/scene_datasets/mp3d/pRbA3pwrgk9/pRbA3pwrgk9.stage_config.json
I1008 15:37:37.093565 697359 AttributesManagerBase.h:283] AttributesManager<T>::createFromJsonOrDefaultInternal  (Stage) : Proposing JSON name : data/scene_datasets/mp3d/pRbA3pwrgk9/pRbA3pwrgk9.stage_config.json from original name : data/scene_datasets/mp3d/pRbA3pwrgk9/pRbA3pwrgk9.glb | This file  does not exist.
I1008 15:37:37.093609 697359 AbstractObjectAttributesManagerBase.h:181] AbstractObjectAttributesManager<T>::createObject  (Stage) : Done making attributes with handle : data/scene_datasets/mp3d/pRbA3pwrgk9/pRbA3pwrgk9.glb
I1008 15:37:37.093611 697359 AbstractObjectAttributesManagerBase.h:188] File (data/scene_datasets/mp3d/pRbA3pwrgk9/pRbA3pwrgk9.glb) exists but is not a recognized config filename extension, so new default Stage attributes created and registered.
I1008 15:37:37.093614 697359 Simulator.cpp:156] Loading navmesh from data/scene_datasets/mp3d/pRbA3pwrgk9/pRbA3pwrgk9.navmesh
I1008 15:37:37.093740 697359 Simulator.cpp:158] Loaded.
I1008 15:37:37.093747 697359 SceneGraph.h:93] Created DrawableGroup: 
I1008 15:37:37.096946 697359 ResourceManager.cpp:234] ResourceManager::loadStage : Not loading semantic mesh
I1008 15:37:37.096951 697359 ResourceManager.cpp:262] ResourceManager::loadStage : start load render asset data/scene_datasets/mp3d/pRbA3pwrgk9/pRbA3pwrgk9.glb.
I1008 15:37:37.096952 697359 ResourceManager.cpp:569] ResourceManager::loadStageInternal : Attempting to load stage data/scene_datasets/mp3d/pRbA3pwrgk9/pRbA3pwrgk9.glb 
I1008 15:37:37.096963 697359 ResourceManager.cpp:1119] Importing Basis files as BC7 for pRbA3pwrgk9.glb
W1008 15:37:38.179766 697359 Simulator.cpp:248] :
---
 The active scene does not contain semantic annotations. 
---
I1008 15:37:38.229644 697359 simulator.py:213] Loaded navmesh data/scene_datasets/mp3d/pRbA3pwrgk9/pRbA3pwrgk9.navmesh
I1008 15:37:38.532963 697359 PhysicsManager.cpp:33] Deconstructing PhysicsManager
I1008 15:37:38.532989 697359 SemanticScene.h:41] Deconstructing SemanticScene
I1008 15:37:38.536192 697359 SceneManager.h:25] Deconstructing SceneManager
I1008 15:37:38.536198 697359 SceneGraph.h:26] Deconstructing SceneGraph
I1008 15:37:38.536677 697359 Sensor.h:87] Deconstructing Sensor
I1008 15:37:38.536875 697359 Sensor.h:87] Deconstructing Sensor
I1008 15:37:38.536978 697359 Sensor.h:87] Deconstructing Sensor
I1008 15:37:38.537086 697359 Sensor.h:87] Deconstructing Sensor
I1008 15:37:38.537185 697359 Sensor.h:87] Deconstructing Sensor
I1008 15:37:38.537286 697359 Sensor.h:87] Deconstructing Sensor
I1008 15:37:38.537390 697359 Sensor.h:87] Deconstructing Sensor
I1008 15:37:38.537490 697359 Sensor.h:87] Deconstructing Sensor
I1008 15:37:38.537596 697359 Sensor.h:87] Deconstructing Sensor
I1008 15:37:38.537696 697359 Sensor.h:87] Deconstructing Sensor
I1008 15:37:38.537792 697359 Sensor.h:87] Deconstructing Sensor
I1008 15:37:38.537894 697359 Sensor.h:87] Deconstructing Sensor
I1008 15:37:38.537990 697359 Sensor.h:87] Deconstructing Sensor
I1008 15:37:38.538121 697359 Sensor.h:87] Deconstructing Sensor
I1008 15:37:38.538246 697359 Sensor.h:87] Deconstructing Sensor
I1008 15:37:38.538367 697359 Sensor.h:87] Deconstructing Sensor
I1008 15:37:38.538491 697359 Sensor.h:87] Deconstructing Sensor
I1008 15:37:38.538611 697359 Sensor.h:87] Deconstructing Sensor
I1008 15:37:38.538736 697359 Sensor.h:87] Deconstructing Sensor
I1008 15:37:38.538861 697359 Sensor.h:87] Deconstructing Sensor
I1008 15:37:38.538980 697359 Sensor.h:87] Deconstructing Sensor
I1008 15:37:38.539100 697359 Sensor.h:87] Deconstructing Sensor
I1008 15:37:38.539225 697359 Sensor.h:87] Deconstructing Sensor
I1008 15:37:38.539314 697359 Sensor.h:87] Deconstructing Sensor
I1008 15:37:38.542995 697359 Renderer.cpp:34] Deconstructing Renderer
I1008 15:37:38.543009 697359 WindowlessContext.h:17] Deconstructing WindowlessContext
I1008 15:37:38.545890 697359 MetadataMediator.cpp:56] MetadataMediator::setActiveSceneDatasetName : Old active dataset default changed to default successfully.
I1008 15:37:38.546499 697359 AttributesManagerBase.h:283] AttributesManager<T>::createFromJsonOrDefaultInternal  (Physics Manager) : Proposing JSON name : ./data/default.physics_config.json from original name : ./data/default.physics_config.json | This file  does not exist.
I1008 15:37:38.546523 697359 PhysicsAttributesManager.cpp:27] File (./data/default.physics_config.json) not found, so new default physics manager attributes created and registered.
I1008 15:37:38.546527 697359 AbstractObjectAttributesManagerBase.h:175] AbstractObjectAttributesManager<T>::createObject  (Stage) : Making attributes with handle : data/scene_datasets/mp3d/PX4nDJXEHrG/PX4nDJXEHrG.glb
I1008 15:37:38.546530 697359 ManagedContainerBase.cpp:19] ManagedContainerBase::convertFilenameToJSON : Filename : data/scene_datasets/mp3d/PX4nDJXEHrG/PX4nDJXEHrG.glb changed to proposed JSON configuration filename : data/scene_datasets/mp3d/PX4nDJXEHrG/PX4nDJXEHrG.stage_config.json
I1008 15:37:38.546546 697359 AttributesManagerBase.h:283] AttributesManager<T>::createFromJsonOrDefaultInternal  (Stage) : Proposing JSON name : data/scene_datasets/mp3d/PX4nDJXEHrG/PX4nDJXEHrG.stage_config.json from original name : data/scene_datasets/mp3d/PX4nDJXEHrG/PX4nDJXEHrG.glb | This file  does not exist.
I1008 15:37:38.546589 697359 AbstractObjectAttributesManagerBase.h:181] AbstractObjectAttributesManager<T>::createObject  (Stage) : Done making attributes with handle : data/scene_datasets/mp3d/PX4nDJXEHrG/PX4nDJXEHrG.glb
I1008 15:37:38.546590 697359 AbstractObjectAttributesManagerBase.h:188] File (data/scene_datasets/mp3d/PX4nDJXEHrG/PX4nDJXEHrG.glb) exists but is not a recognized config filename extension, so new default Stage attributes created and registered.
I1008 15:37:38.546594 697359 Simulator.cpp:156] Loading navmesh from data/scene_datasets/mp3d/PX4nDJXEHrG/PX4nDJXEHrG.navmesh
I1008 15:37:38.546878 697359 Simulator.cpp:158] Loaded.
I1008 15:37:38.546885 697359 SceneGraph.h:93] Created DrawableGroup: 
I1008 15:37:38.550074 697359 ResourceManager.cpp:234] ResourceManager::loadStage : Not loading semantic mesh
I1008 15:37:38.550082 697359 ResourceManager.cpp:262] ResourceManager::loadStage : start load render asset data/scene_datasets/mp3d/PX4nDJXEHrG/PX4nDJXEHrG.glb.
I1008 15:37:38.550091 697359 ResourceManager.cpp:569] ResourceManager::loadStageInternal : Attempting to load stage data/scene_datasets/mp3d/PX4nDJXEHrG/PX4nDJXEHrG.glb 
I1008 15:37:38.550107 697359 ResourceManager.cpp:1119] Importing Basis files as BC7 for PX4nDJXEHrG.glb
W1008 15:37:41.145395 697359 Simulator.cpp:248] :
---
 The active scene does not contain semantic annotations. 
---
I1008 15:37:41.235723 697359 simulator.py:213] Loaded navmesh data/scene_datasets/mp3d/PX4nDJXEHrG/PX4nDJXEHrG.navmesh
I1008 15:37:41.686986 697359 PhysicsManager.cpp:33] Deconstructing PhysicsManager
I1008 15:37:41.687014 697359 SemanticScene.h:41] Deconstructing SemanticScene
I1008 15:37:41.694114 697359 SceneManager.h:25] Deconstructing SceneManager
I1008 15:37:41.694134 697359 SceneGraph.h:26] Deconstructing SceneGraph
I1008 15:37:41.694610 697359 Sensor.h:87] Deconstructing Sensor
I1008 15:37:41.695122 697359 Sensor.h:87] Deconstructing Sensor
I1008 15:37:41.695230 697359 Sensor.h:87] Deconstructing Sensor
I1008 15:37:41.695340 697359 Sensor.h:87] Deconstructing Sensor
I1008 15:37:41.695442 697359 Sensor.h:87] Deconstructing Sensor
I1008 15:37:41.695544 697359 Sensor.h:87] Deconstructing Sensor
I1008 15:37:41.695647 697359 Sensor.h:87] Deconstructing Sensor
I1008 15:37:41.695749 697359 Sensor.h:87] Deconstructing Sensor
I1008 15:37:41.695849 697359 Sensor.h:87] Deconstructing Sensor
I1008 15:37:41.695947 697359 Sensor.h:87] Deconstructing Sensor
I1008 15:37:41.696045 697359 Sensor.h:87] Deconstructing Sensor
I1008 15:37:41.696148 697359 Sensor.h:87] Deconstructing Sensor
I1008 15:37:41.696244 697359 Sensor.h:87] Deconstructing Sensor
I1008 15:37:41.696368 697359 Sensor.h:87] Deconstructing Sensor
I1008 15:37:41.696501 697359 Sensor.h:87] Deconstructing Sensor
I1008 15:37:41.696625 697359 Sensor.h:87] Deconstructing Sensor
I1008 15:37:41.696755 697359 Sensor.h:87] Deconstructing Sensor
I1008 15:37:41.696878 697359 Sensor.h:87] Deconstructing Sensor
I1008 15:37:41.697001 697359 Sensor.h:87] Deconstructing Sensor
I1008 15:37:41.697125 697359 Sensor.h:87] Deconstructing Sensor
I1008 15:37:41.697245 697359 Sensor.h:87] Deconstructing Sensor
I1008 15:37:41.697366 697359 Sensor.h:87] Deconstructing Sensor
I1008 15:37:41.697494 697359 Sensor.h:87] Deconstructing Sensor
I1008 15:37:41.697588 697359 Sensor.h:87] Deconstructing Sensor
I1008 15:37:41.703207 697359 Renderer.cpp:34] Deconstructing Renderer
I1008 15:37:41.703223 697359 WindowlessContext.h:17] Deconstructing WindowlessContext
I1008 15:37:41.709045 697359 MetadataMediator.cpp:56] MetadataMediator::setActiveSceneDatasetName : Old active dataset default changed to default successfully.
I1008 15:37:41.710363 697359 AttributesManagerBase.h:283] AttributesManager<T>::createFromJsonOrDefaultInternal  (Physics Manager) : Proposing JSON name : ./data/default.physics_config.json from original name : ./data/default.physics_config.json | This file  does not exist.
I1008 15:37:41.710392 697359 PhysicsAttributesManager.cpp:27] File (./data/default.physics_config.json) not found, so new default physics manager attributes created and registered.
I1008 15:37:41.710397 697359 AbstractObjectAttributesManagerBase.h:175] AbstractObjectAttributesManager<T>::createObject  (Stage) : Making attributes with handle : data/scene_datasets/mp3d/2n8kARJN3HM/2n8kARJN3HM.glb
I1008 15:37:41.710400 697359 ManagedContainerBase.cpp:19] ManagedContainerBase::convertFilenameToJSON : Filename : data/scene_datasets/mp3d/2n8kARJN3HM/2n8kARJN3HM.glb changed to proposed JSON configuration filename : data/scene_datasets/mp3d/2n8kARJN3HM/2n8kARJN3HM.stage_config.json
I1008 15:37:41.710417 697359 AttributesManagerBase.h:283] AttributesManager<T>::createFromJsonOrDefaultInternal  (Stage) : Proposing JSON name : data/scene_datasets/mp3d/2n8kARJN3HM/2n8kARJN3HM.stage_config.json from original name : data/scene_datasets/mp3d/2n8kARJN3HM/2n8kARJN3HM.glb | This file  does not exist.
I1008 15:37:41.710462 697359 AbstractObjectAttributesManagerBase.h:181] AbstractObjectAttributesManager<T>::createObject  (Stage) : Done making attributes with handle : data/scene_datasets/mp3d/2n8kARJN3HM/2n8kARJN3HM.glb
I1008 15:37:41.710472 697359 AbstractObjectAttributesManagerBase.h:188] File (data/scene_datasets/mp3d/2n8kARJN3HM/2n8kARJN3HM.glb) exists but is not a recognized config filename extension, so new default Stage attributes created and registered.
I1008 15:37:41.710476 697359 Simulator.cpp:156] Loading navmesh from data/scene_datasets/mp3d/2n8kARJN3HM/2n8kARJN3HM.navmesh
I1008 15:37:41.710721 697359 Simulator.cpp:158] Loaded.
I1008 15:37:41.710726 697359 SceneGraph.h:93] Created DrawableGroup: 
I1008 15:37:41.714088 697359 ResourceManager.cpp:234] ResourceManager::loadStage : Not loading semantic mesh
I1008 15:37:41.714097 697359 ResourceManager.cpp:262] ResourceManager::loadStage : start load render asset data/scene_datasets/mp3d/2n8kARJN3HM/2n8kARJN3HM.glb.
I1008 15:37:41.714097 697359 ResourceManager.cpp:569] ResourceManager::loadStageInternal : Attempting to load stage data/scene_datasets/mp3d/2n8kARJN3HM/2n8kARJN3HM.glb 
I1008 15:37:41.714114 697359 ResourceManager.cpp:1119] Importing Basis files as BC7 for 2n8kARJN3HM.glb
W1008 15:37:44.340833 697359 Simulator.cpp:248] :
---
 The active scene does not contain semantic annotations. 
---
I1008 15:37:44.409984 697359 simulator.py:213] Loaded navmesh data/scene_datasets/mp3d/2n8kARJN3HM/2n8kARJN3HM.navmesh
I1008 15:37:45.398125 697359 PhysicsManager.cpp:33] Deconstructing PhysicsManager
I1008 15:37:45.398150 697359 SemanticScene.h:41] Deconstructing SemanticScene
I1008 15:37:45.402383 697359 SceneManager.h:25] Deconstructing SceneManager
I1008 15:37:45.402396 697359 SceneGraph.h:26] Deconstructing SceneGraph
I1008 15:37:45.402878 697359 Sensor.h:87] Deconstructing Sensor
I1008 15:37:45.403405 697359 Sensor.h:87] Deconstructing Sensor
I1008 15:37:45.403517 697359 Sensor.h:87] Deconstructing Sensor
I1008 15:37:45.403632 697359 Sensor.h:87] Deconstructing Sensor
I1008 15:37:45.403743 697359 Sensor.h:87] Deconstructing Sensor
I1008 15:37:45.403846 697359 Sensor.h:87] Deconstructing Sensor
I1008 15:37:45.403950 697359 Sensor.h:87] Deconstructing Sensor
I1008 15:37:45.404047 697359 Sensor.h:87] Deconstructing Sensor
I1008 15:37:45.404150 697359 Sensor.h:87] Deconstructing Sensor
I1008 15:37:45.404245 697359 Sensor.h:87] Deconstructing Sensor
I1008 15:37:45.404342 697359 Sensor.h:87] Deconstructing Sensor
I1008 15:37:45.404443 697359 Sensor.h:87] Deconstructing Sensor
I1008 15:37:45.404541 697359 Sensor.h:87] Deconstructing Sensor
I1008 15:37:45.404673 697359 Sensor.h:87] Deconstructing Sensor
I1008 15:37:45.404807 697359 Sensor.h:87] Deconstructing Sensor
I1008 15:37:45.404930 697359 Sensor.h:87] Deconstructing Sensor
I1008 15:37:45.405058 697359 Sensor.h:87] Deconstructing Sensor
I1008 15:37:45.405179 697359 Sensor.h:87] Deconstructing Sensor
I1008 15:37:45.405303 697359 Sensor.h:87] Deconstructing Sensor
I1008 15:37:45.405428 697359 Sensor.h:87] Deconstructing Sensor
I1008 15:37:45.405551 697359 Sensor.h:87] Deconstructing Sensor
I1008 15:37:45.405673 697359 Sensor.h:87] Deconstructing Sensor
I1008 15:37:45.405802 697359 Sensor.h:87] Deconstructing Sensor
I1008 15:37:45.405962 697359 Sensor.h:87] Deconstructing Sensor
I1008 15:37:45.412007 697359 Renderer.cpp:34] Deconstructing Renderer
I1008 15:37:45.412029 697359 WindowlessContext.h:17] Deconstructing WindowlessContext
I1008 15:37:45.417593 697359 MetadataMediator.cpp:56] MetadataMediator::setActiveSceneDatasetName : Old active dataset default changed to default successfully.
I1008 15:37:45.418998 697359 AttributesManagerBase.h:283] AttributesManager<T>::createFromJsonOrDefaultInternal  (Physics Manager) : Proposing JSON name : ./data/default.physics_config.json from original name : ./data/default.physics_config.json | This file  does not exist.
I1008 15:37:45.419028 697359 PhysicsAttributesManager.cpp:27] File (./data/default.physics_config.json) not found, so new default physics manager attributes created and registered.
I1008 15:37:45.419034 697359 AbstractObjectAttributesManagerBase.h:175] AbstractObjectAttributesManager<T>::createObject  (Stage) : Making attributes with handle : data/scene_datasets/mp3d/PX4nDJXEHrG/PX4nDJXEHrG.glb
I1008 15:37:45.419046 697359 ManagedContainerBase.cpp:19] ManagedContainerBase::convertFilenameToJSON : Filename : data/scene_datasets/mp3d/PX4nDJXEHrG/PX4nDJXEHrG.glb changed to proposed JSON configuration filename : data/scene_datasets/mp3d/PX4nDJXEHrG/PX4nDJXEHrG.stage_config.json
I1008 15:37:45.419061 697359 AttributesManagerBase.h:283] AttributesManager<T>::createFromJsonOrDefaultInternal  (Stage) : Proposing JSON name : data/scene_datasets/mp3d/PX4nDJXEHrG/PX4nDJXEHrG.stage_config.json from original name : data/scene_datasets/mp3d/PX4nDJXEHrG/PX4nDJXEHrG.glb | This file  does not exist.
I1008 15:37:45.419106 697359 AbstractObjectAttributesManagerBase.h:181] AbstractObjectAttributesManager<T>::createObject  (Stage) : Done making attributes with handle : data/scene_datasets/mp3d/PX4nDJXEHrG/PX4nDJXEHrG.glb
I1008 15:37:45.419108 697359 AbstractObjectAttributesManagerBase.h:188] File (data/scene_datasets/mp3d/PX4nDJXEHrG/PX4nDJXEHrG.glb) exists but is not a recognized config filename extension, so new default Stage attributes created and registered.
I1008 15:37:45.419111 697359 Simulator.cpp:156] Loading navmesh from data/scene_datasets/mp3d/PX4nDJXEHrG/PX4nDJXEHrG.navmesh
I1008 15:37:45.419438 697359 Simulator.cpp:158] Loaded.
I1008 15:37:45.419445 697359 SceneGraph.h:93] Created DrawableGroup: 
I1008 15:37:45.422850 697359 ResourceManager.cpp:234] ResourceManager::loadStage : Not loading semantic mesh
I1008 15:37:45.422858 697359 ResourceManager.cpp:262] ResourceManager::loadStage : start load render asset data/scene_datasets/mp3d/PX4nDJXEHrG/PX4nDJXEHrG.glb.
I1008 15:37:45.422859 697359 ResourceManager.cpp:569] ResourceManager::loadStageInternal : Attempting to load stage data/scene_datasets/mp3d/PX4nDJXEHrG/PX4nDJXEHrG.glb 
I1008 15:37:45.422879 697359 ResourceManager.cpp:1119] Importing Basis files as BC7 for PX4nDJXEHrG.glb
W1008 15:37:48.018479 697359 Simulator.cpp:248] :
---
 The active scene does not contain semantic annotations. 
---
I1008 15:37:48.108722 697359 simulator.py:213] Loaded navmesh data/scene_datasets/mp3d/PX4nDJXEHrG/PX4nDJXEHrG.navmesh
I1008 15:37:48.670953 697359 PhysicsManager.cpp:33] Deconstructing PhysicsManager
I1008 15:37:48.670977 697359 SemanticScene.h:41] Deconstructing SemanticScene
I1008 15:37:48.676174 697359 SceneManager.h:25] Deconstructing SceneManager
I1008 15:37:48.676185 697359 SceneGraph.h:26] Deconstructing SceneGraph
I1008 15:37:48.676640 697359 Sensor.h:87] Deconstructing Sensor
I1008 15:37:48.677270 697359 Sensor.h:87] Deconstructing Sensor
I1008 15:37:48.677378 697359 Sensor.h:87] Deconstructing Sensor
I1008 15:37:48.677492 697359 Sensor.h:87] Deconstructing Sensor
I1008 15:37:48.677593 697359 Sensor.h:87] Deconstructing Sensor
I1008 15:37:48.677698 697359 Sensor.h:87] Deconstructing Sensor
I1008 15:37:48.677906 697359 Sensor.h:87] Deconstructing Sensor
I1008 15:37:48.678006 697359 Sensor.h:87] Deconstructing Sensor
I1008 15:37:48.678107 697359 Sensor.h:87] Deconstructing Sensor
I1008 15:37:48.678207 697359 Sensor.h:87] Deconstructing Sensor
I1008 15:37:48.678315 697359 Sensor.h:87] Deconstructing Sensor
I1008 15:37:48.678421 697359 Sensor.h:87] Deconstructing Sensor
I1008 15:37:48.678517 697359 Sensor.h:87] Deconstructing Sensor
I1008 15:37:48.678648 697359 Sensor.h:87] Deconstructing Sensor
I1008 15:37:48.678776 697359 Sensor.h:87] Deconstructing Sensor
I1008 15:37:48.678898 697359 Sensor.h:87] Deconstructing Sensor
I1008 15:37:48.679024 697359 Sensor.h:87] Deconstructing Sensor
I1008 15:37:48.679147 697359 Sensor.h:87] Deconstructing Sensor
I1008 15:37:48.679270 697359 Sensor.h:87] Deconstructing Sensor
I1008 15:37:48.679397 697359 Sensor.h:87] Deconstructing Sensor
I1008 15:37:48.679522 697359 Sensor.h:87] Deconstructing Sensor
I1008 15:37:48.679644 697359 Sensor.h:87] Deconstructing Sensor
I1008 15:37:48.679773 697359 Sensor.h:87] Deconstructing Sensor
I1008 15:37:48.679935 697359 Sensor.h:87] Deconstructing Sensor
I1008 15:37:48.685423 697359 Renderer.cpp:34] Deconstructing Renderer
I1008 15:37:48.685451 697359 WindowlessContext.h:17] Deconstructing WindowlessContext
I1008 15:37:48.691782 697359 MetadataMediator.cpp:56] MetadataMediator::setActiveSceneDatasetName : Old active dataset default changed to default successfully.
I1008 15:37:48.694132 697359 AttributesManagerBase.h:283] AttributesManager<T>::createFromJsonOrDefaultInternal  (Physics Manager) : Proposing JSON name : ./data/default.physics_config.json from original name : ./data/default.physics_config.json | This file  does not exist.
I1008 15:37:48.694167 697359 PhysicsAttributesManager.cpp:27] File (./data/default.physics_config.json) not found, so new default physics manager attributes created and registered.
I1008 15:37:48.694173 697359 AbstractObjectAttributesManagerBase.h:175] AbstractObjectAttributesManager<T>::createObject  (Stage) : Making attributes with handle : data/scene_datasets/mp3d/2n8kARJN3HM/2n8kARJN3HM.glb
I1008 15:37:48.694176 697359 ManagedContainerBase.cpp:19] ManagedContainerBase::convertFilenameToJSON : Filename : data/scene_datasets/mp3d/2n8kARJN3HM/2n8kARJN3HM.glb changed to proposed JSON configuration filename : data/scene_datasets/mp3d/2n8kARJN3HM/2n8kARJN3HM.stage_config.json
I1008 15:37:48.694190 697359 AttributesManagerBase.h:283] AttributesManager<T>::createFromJsonOrDefaultInternal  (Stage) : Proposing JSON name : data/scene_datasets/mp3d/2n8kARJN3HM/2n8kARJN3HM.stage_config.json from original name : data/scene_datasets/mp3d/2n8kARJN3HM/2n8kARJN3HM.glb | This file  does not exist.
I1008 15:37:48.694234 697359 AbstractObjectAttributesManagerBase.h:181] AbstractObjectAttributesManager<T>::createObject  (Stage) : Done making attributes with handle : data/scene_datasets/mp3d/2n8kARJN3HM/2n8kARJN3HM.glb
I1008 15:37:48.694235 697359 AbstractObjectAttributesManagerBase.h:188] File (data/scene_datasets/mp3d/2n8kARJN3HM/2n8kARJN3HM.glb) exists but is not a recognized config filename extension, so new default Stage attributes created and registered.
I1008 15:37:48.694239 697359 Simulator.cpp:156] Loading navmesh from data/scene_datasets/mp3d/2n8kARJN3HM/2n8kARJN3HM.navmesh
I1008 15:37:48.694476 697359 Simulator.cpp:158] Loaded.
I1008 15:37:48.694483 697359 SceneGraph.h:93] Created DrawableGroup: 
I1008 15:37:48.697956 697359 ResourceManager.cpp:234] ResourceManager::loadStage : Not loading semantic mesh
I1008 15:37:48.697966 697359 ResourceManager.cpp:262] ResourceManager::loadStage : start load render asset data/scene_datasets/mp3d/2n8kARJN3HM/2n8kARJN3HM.glb.
I1008 15:37:48.697968 697359 ResourceManager.cpp:569] ResourceManager::loadStageInternal : Attempting to load stage data/scene_datasets/mp3d/2n8kARJN3HM/2n8kARJN3HM.glb 
I1008 15:37:48.697988 697359 ResourceManager.cpp:1119] Importing Basis files as BC7 for 2n8kARJN3HM.glb
W1008 15:37:51.331306 697359 Simulator.cpp:248] :
---
 The active scene does not contain semantic annotations. 
---
I1008 15:37:51.400628 697359 simulator.py:213] Loaded navmesh data/scene_datasets/mp3d/2n8kARJN3HM/2n8kARJN3HM.navmesh
I1008 15:37:52.415392 697359 PhysicsManager.cpp:33] Deconstructing PhysicsManager
I1008 15:37:52.415416 697359 SemanticScene.h:41] Deconstructing SemanticScene
I1008 15:37:52.419498 697359 SceneManager.h:25] Deconstructing SceneManager
I1008 15:37:52.419509 697359 SceneGraph.h:26] Deconstructing SceneGraph
I1008 15:37:52.419977 697359 Sensor.h:87] Deconstructing Sensor
I1008 15:37:52.420480 697359 Sensor.h:87] Deconstructing Sensor
I1008 15:37:52.420598 697359 Sensor.h:87] Deconstructing Sensor
I1008 15:37:52.420724 697359 Sensor.h:87] Deconstructing Sensor
I1008 15:37:52.420835 697359 Sensor.h:87] Deconstructing Sensor
I1008 15:37:52.420940 697359 Sensor.h:87] Deconstructing Sensor
I1008 15:37:52.421048 697359 Sensor.h:87] Deconstructing Sensor
I1008 15:37:52.421149 697359 Sensor.h:87] Deconstructing Sensor
I1008 15:37:52.421254 697359 Sensor.h:87] Deconstructing Sensor
I1008 15:37:52.421357 697359 Sensor.h:87] Deconstructing Sensor
I1008 15:37:52.421463 697359 Sensor.h:87] Deconstructing Sensor
I1008 15:37:52.421567 697359 Sensor.h:87] Deconstructing Sensor
I1008 15:37:52.421685 697359 Sensor.h:87] Deconstructing Sensor
I1008 15:37:52.421820 697359 Sensor.h:87] Deconstructing Sensor
I1008 15:37:52.421962 697359 Sensor.h:87] Deconstructing Sensor
I1008 15:37:52.422093 697359 Sensor.h:87] Deconstructing Sensor
I1008 15:37:52.422230 697359 Sensor.h:87] Deconstructing Sensor
I1008 15:37:52.422359 697359 Sensor.h:87] Deconstructing Sensor
I1008 15:37:52.422490 697359 Sensor.h:87] Deconstructing Sensor
I1008 15:37:52.422619 697359 Sensor.h:87] Deconstructing Sensor
I1008 15:37:52.422756 697359 Sensor.h:87] Deconstructing Sensor
I1008 15:37:52.422880 697359 Sensor.h:87] Deconstructing Sensor
I1008 15:37:52.423013 697359 Sensor.h:87] Deconstructing Sensor
I1008 15:37:52.423188 697359 Sensor.h:87] Deconstructing Sensor
I1008 15:37:52.430838 697359 Renderer.cpp:34] Deconstructing Renderer
I1008 15:37:52.430866 697359 WindowlessContext.h:17] Deconstructing WindowlessContext
I1008 15:37:52.436318 697359 MetadataMediator.cpp:56] MetadataMediator::setActiveSceneDatasetName : Old active dataset default changed to default successfully.
I1008 15:37:52.437711 697359 AttributesManagerBase.h:283] AttributesManager<T>::createFromJsonOrDefaultInternal  (Physics Manager) : Proposing JSON name : ./data/default.physics_config.json from original name : ./data/default.physics_config.json | This file  does not exist.
I1008 15:37:52.437741 697359 PhysicsAttributesManager.cpp:27] File (./data/default.physics_config.json) not found, so new default physics manager attributes created and registered.
I1008 15:37:52.437747 697359 AbstractObjectAttributesManagerBase.h:175] AbstractObjectAttributesManager<T>::createObject  (Stage) : Making attributes with handle : data/scene_datasets/mp3d/JmbYfDe2QKZ/JmbYfDe2QKZ.glb
I1008 15:37:52.437749 697359 ManagedContainerBase.cpp:19] ManagedContainerBase::convertFilenameToJSON : Filename : data/scene_datasets/mp3d/JmbYfDe2QKZ/JmbYfDe2QKZ.glb changed to proposed JSON configuration filename : data/scene_datasets/mp3d/JmbYfDe2QKZ/JmbYfDe2QKZ.stage_config.json
I1008 15:37:52.437763 697359 AttributesManagerBase.h:283] AttributesManager<T>::createFromJsonOrDefaultInternal  (Stage) : Proposing JSON name : data/scene_datasets/mp3d/JmbYfDe2QKZ/JmbYfDe2QKZ.stage_config.json from original name : data/scene_datasets/mp3d/JmbYfDe2QKZ/JmbYfDe2QKZ.glb | This file  does not exist.
I1008 15:37:52.437809 697359 AbstractObjectAttributesManagerBase.h:181] AbstractObjectAttributesManager<T>::createObject  (Stage) : Done making attributes with handle : data/scene_datasets/mp3d/JmbYfDe2QKZ/JmbYfDe2QKZ.glb
I1008 15:37:52.437810 697359 AbstractObjectAttributesManagerBase.h:188] File (data/scene_datasets/mp3d/JmbYfDe2QKZ/JmbYfDe2QKZ.glb) exists but is not a recognized config filename extension, so new default Stage attributes created and registered.
I1008 15:37:52.437813 697359 Simulator.cpp:156] Loading navmesh from data/scene_datasets/mp3d/JmbYfDe2QKZ/JmbYfDe2QKZ.navmesh
I1008 15:37:52.437912 697359 Simulator.cpp:158] Loaded.
I1008 15:37:52.437917 697359 SceneGraph.h:93] Created DrawableGroup: 
I1008 15:37:52.441277 697359 ResourceManager.cpp:234] ResourceManager::loadStage : Not loading semantic mesh
I1008 15:37:52.441286 697359 ResourceManager.cpp:262] ResourceManager::loadStage : start load render asset data/scene_datasets/mp3d/JmbYfDe2QKZ/JmbYfDe2QKZ.glb.
I1008 15:37:52.441287 697359 ResourceManager.cpp:569] ResourceManager::loadStageInternal : Attempting to load stage data/scene_datasets/mp3d/JmbYfDe2QKZ/JmbYfDe2QKZ.glb 
I1008 15:37:52.441306 697359 ResourceManager.cpp:1119] Importing Basis files as BC7 for JmbYfDe2QKZ.glb
W1008 15:37:53.494416 697359 Simulator.cpp:248] :
---
 The active scene does not contain semantic annotations. 
---
I1008 15:37:53.543047 697359 simulator.py:213] Loaded navmesh data/scene_datasets/mp3d/JmbYfDe2QKZ/JmbYfDe2QKZ.navmesh
I1008 15:37:54.168931 697359 PhysicsManager.cpp:33] Deconstructing PhysicsManager
I1008 15:37:54.168952 697359 SemanticScene.h:41] Deconstructing SemanticScene
I1008 15:37:54.172191 697359 SceneManager.h:25] Deconstructing SceneManager
I1008 15:37:54.172201 697359 SceneGraph.h:26] Deconstructing SceneGraph
I1008 15:37:54.172649 697359 Sensor.h:87] Deconstructing Sensor
I1008 15:37:54.172925 697359 Sensor.h:87] Deconstructing Sensor
I1008 15:37:54.173029 697359 Sensor.h:87] Deconstructing Sensor
I1008 15:37:54.173134 697359 Sensor.h:87] Deconstructing Sensor
I1008 15:37:54.173234 697359 Sensor.h:87] Deconstructing Sensor
I1008 15:37:54.173329 697359 Sensor.h:87] Deconstructing Sensor
I1008 15:37:54.173431 697359 Sensor.h:87] Deconstructing Sensor
I1008 15:37:54.173524 697359 Sensor.h:87] Deconstructing Sensor
I1008 15:37:54.173625 697359 Sensor.h:87] Deconstructing Sensor
I1008 15:37:54.173722 697359 Sensor.h:87] Deconstructing Sensor
I1008 15:37:54.173818 697359 Sensor.h:87] Deconstructing Sensor
I1008 15:37:54.173918 697359 Sensor.h:87] Deconstructing Sensor
I1008 15:37:54.174016 697359 Sensor.h:87] Deconstructing Sensor
I1008 15:37:54.174139 697359 Sensor.h:87] Deconstructing Sensor
I1008 15:37:54.174268 697359 Sensor.h:87] Deconstructing Sensor
I1008 15:37:54.174382 697359 Sensor.h:87] Deconstructing Sensor
I1008 15:37:54.174503 697359 Sensor.h:87] Deconstructing Sensor
I1008 15:37:54.174618 697359 Sensor.h:87] Deconstructing Sensor
I1008 15:37:54.174739 697359 Sensor.h:87] Deconstructing Sensor
I1008 15:37:54.174858 697359 Sensor.h:87] Deconstructing Sensor
I1008 15:37:54.174978 697359 Sensor.h:87] Deconstructing Sensor
I1008 15:37:54.175096 697359 Sensor.h:87] Deconstructing Sensor
I1008 15:37:54.175220 697359 Sensor.h:87] Deconstructing Sensor
I1008 15:37:54.175419 697359 Sensor.h:87] Deconstructing Sensor
I1008 15:37:54.178181 697359 Renderer.cpp:34] Deconstructing Renderer
I1008 15:37:54.178189 697359 WindowlessContext.h:17] Deconstructing WindowlessContext
I1008 15:37:54.180681 697359 MetadataMediator.cpp:56] MetadataMediator::setActiveSceneDatasetName : Old active dataset default changed to default successfully.
I1008 15:37:54.181210 697359 AttributesManagerBase.h:283] AttributesManager<T>::createFromJsonOrDefaultInternal  (Physics Manager) : Proposing JSON name : ./data/default.physics_config.json from original name : ./data/default.physics_config.json | This file  does not exist.
I1008 15:37:54.181231 697359 PhysicsAttributesManager.cpp:27] File (./data/default.physics_config.json) not found, so new default physics manager attributes created and registered.
I1008 15:37:54.181236 697359 AbstractObjectAttributesManagerBase.h:175] AbstractObjectAttributesManager<T>::createObject  (Stage) : Making attributes with handle : data/scene_datasets/mp3d/PX4nDJXEHrG/PX4nDJXEHrG.glb
I1008 15:37:54.181237 697359 ManagedContainerBase.cpp:19] ManagedContainerBase::convertFilenameToJSON : Filename : data/scene_datasets/mp3d/PX4nDJXEHrG/PX4nDJXEHrG.glb changed to proposed JSON configuration filename : data/scene_datasets/mp3d/PX4nDJXEHrG/PX4nDJXEHrG.stage_config.json
I1008 15:37:54.181250 697359 AttributesManagerBase.h:283] AttributesManager<T>::createFromJsonOrDefaultInternal  (Stage) : Proposing JSON name : data/scene_datasets/mp3d/PX4nDJXEHrG/PX4nDJXEHrG.stage_config.json from original name : data/scene_datasets/mp3d/PX4nDJXEHrG/PX4nDJXEHrG.glb | This file  does not exist.
I1008 15:37:54.181288 697359 AbstractObjectAttributesManagerBase.h:181] AbstractObjectAttributesManager<T>::createObject  (Stage) : Done making attributes with handle : data/scene_datasets/mp3d/PX4nDJXEHrG/PX4nDJXEHrG.glb
I1008 15:37:54.181289 697359 AbstractObjectAttributesManagerBase.h:188] File (data/scene_datasets/mp3d/PX4nDJXEHrG/PX4nDJXEHrG.glb) exists but is not a recognized config filename extension, so new default Stage attributes created and registered.
I1008 15:37:54.181293 697359 Simulator.cpp:156] Loading navmesh from data/scene_datasets/mp3d/PX4nDJXEHrG/PX4nDJXEHrG.navmesh
I1008 15:37:54.181509 697359 Simulator.cpp:158] Loaded.
I1008 15:37:54.181512 697359 SceneGraph.h:93] Created DrawableGroup: 
I1008 15:37:54.184572 697359 ResourceManager.cpp:234] ResourceManager::loadStage : Not loading semantic mesh
I1008 15:37:54.184578 697359 ResourceManager.cpp:262] ResourceManager::loadStage : start load render asset data/scene_datasets/mp3d/PX4nDJXEHrG/PX4nDJXEHrG.glb.
I1008 15:37:54.184584 697359 ResourceManager.cpp:569] ResourceManager::loadStageInternal : Attempting to load stage data/scene_datasets/mp3d/PX4nDJXEHrG/PX4nDJXEHrG.glb 
I1008 15:37:54.184597 697359 ResourceManager.cpp:1119] Importing Basis files as BC7 for PX4nDJXEHrG.glb
W1008 15:37:56.603686 697359 Simulator.cpp:248] :
---
 The active scene does not contain semantic annotations. 
---
I1008 15:37:56.691755 697359 simulator.py:213] Loaded navmesh data/scene_datasets/mp3d/PX4nDJXEHrG/PX4nDJXEHrG.navmesh
I1008 15:37:57.141505 697359 PhysicsManager.cpp:33] Deconstructing PhysicsManager
I1008 15:37:57.141526 697359 SemanticScene.h:41] Deconstructing SemanticScene
I1008 15:37:57.146703 697359 SceneManager.h:25] Deconstructing SceneManager
I1008 15:37:57.146714 697359 SceneGraph.h:26] Deconstructing SceneGraph
I1008 15:37:57.147157 697359 Sensor.h:87] Deconstructing Sensor
I1008 15:37:57.147646 697359 Sensor.h:87] Deconstructing Sensor
I1008 15:37:57.147761 697359 Sensor.h:87] Deconstructing Sensor
I1008 15:37:57.147878 697359 Sensor.h:87] Deconstructing Sensor
I1008 15:37:57.147980 697359 Sensor.h:87] Deconstructing Sensor
I1008 15:37:57.148082 697359 Sensor.h:87] Deconstructing Sensor
I1008 15:37:57.148186 697359 Sensor.h:87] Deconstructing Sensor
I1008 15:37:57.148286 697359 Sensor.h:87] Deconstructing Sensor
I1008 15:37:57.148391 697359 Sensor.h:87] Deconstructing Sensor
I1008 15:37:57.148490 697359 Sensor.h:87] Deconstructing Sensor
I1008 15:37:57.148587 697359 Sensor.h:87] Deconstructing Sensor
I1008 15:37:57.148692 697359 Sensor.h:87] Deconstructing Sensor
I1008 15:37:57.148790 697359 Sensor.h:87] Deconstructing Sensor
I1008 15:37:57.148917 697359 Sensor.h:87] Deconstructing Sensor
I1008 15:37:57.149044 697359 Sensor.h:87] Deconstructing Sensor
I1008 15:37:57.149163 697359 Sensor.h:87] Deconstructing Sensor
I1008 15:37:57.149289 697359 Sensor.h:87] Deconstructing Sensor
I1008 15:37:57.149410 697359 Sensor.h:87] Deconstructing Sensor
I1008 15:37:57.149530 697359 Sensor.h:87] Deconstructing Sensor
I1008 15:37:57.149652 697359 Sensor.h:87] Deconstructing Sensor
I1008 15:37:57.149776 697359 Sensor.h:87] Deconstructing Sensor
I1008 15:37:57.149895 697359 Sensor.h:87] Deconstructing Sensor
I1008 15:37:57.150029 697359 Sensor.h:87] Deconstructing Sensor
I1008 15:37:57.150106 697359 Sensor.h:87] Deconstructing Sensor
I1008 15:37:57.156107 697359 Renderer.cpp:34] Deconstructing Renderer
I1008 15:37:57.156131 697359 WindowlessContext.h:17] Deconstructing WindowlessContext
I1008 15:37:57.163820 697359 MetadataMediator.cpp:56] MetadataMediator::setActiveSceneDatasetName : Old active dataset default changed to default successfully.
I1008 15:37:57.165697 697359 AttributesManagerBase.h:283] AttributesManager<T>::createFromJsonOrDefaultInternal  (Physics Manager) : Proposing JSON name : ./data/default.physics_config.json from original name : ./data/default.physics_config.json | This file  does not exist.
I1008 15:37:57.165725 697359 PhysicsAttributesManager.cpp:27] File (./data/default.physics_config.json) not found, so new default physics manager attributes created and registered.
I1008 15:37:57.165730 697359 AbstractObjectAttributesManagerBase.h:175] AbstractObjectAttributesManager<T>::createObject  (Stage) : Making attributes with handle : data/scene_datasets/mp3d/pRbA3pwrgk9/pRbA3pwrgk9.glb
I1008 15:37:57.165733 697359 ManagedContainerBase.cpp:19] ManagedContainerBase::convertFilenameToJSON : Filename : data/scene_datasets/mp3d/pRbA3pwrgk9/pRbA3pwrgk9.glb changed to proposed JSON configuration filename : data/scene_datasets/mp3d/pRbA3pwrgk9/pRbA3pwrgk9.stage_config.json
I1008 15:37:57.165746 697359 AttributesManagerBase.h:283] AttributesManager<T>::createFromJsonOrDefaultInternal  (Stage) : Proposing JSON name : data/scene_datasets/mp3d/pRbA3pwrgk9/pRbA3pwrgk9.stage_config.json from original name : data/scene_datasets/mp3d/pRbA3pwrgk9/pRbA3pwrgk9.glb | This file  does not exist.
I1008 15:37:57.165791 697359 AbstractObjectAttributesManagerBase.h:181] AbstractObjectAttributesManager<T>::createObject  (Stage) : Done making attributes with handle : data/scene_datasets/mp3d/pRbA3pwrgk9/pRbA3pwrgk9.glb
I1008 15:37:57.165800 697359 AbstractObjectAttributesManagerBase.h:188] File (data/scene_datasets/mp3d/pRbA3pwrgk9/pRbA3pwrgk9.glb) exists but is not a recognized config filename extension, so new default Stage attributes created and registered.
I1008 15:37:57.165804 697359 Simulator.cpp:156] Loading navmesh from data/scene_datasets/mp3d/pRbA3pwrgk9/pRbA3pwrgk9.navmesh
I1008 15:37:57.165942 697359 Simulator.cpp:158] Loaded.
I1008 15:37:57.165947 697359 SceneGraph.h:93] Created DrawableGroup: 
I1008 15:37:57.169313 697359 ResourceManager.cpp:234] ResourceManager::loadStage : Not loading semantic mesh
I1008 15:37:57.169320 697359 ResourceManager.cpp:262] ResourceManager::loadStage : start load render asset data/scene_datasets/mp3d/pRbA3pwrgk9/pRbA3pwrgk9.glb.
I1008 15:37:57.169322 697359 ResourceManager.cpp:569] ResourceManager::loadStageInternal : Attempting to load stage data/scene_datasets/mp3d/pRbA3pwrgk9/pRbA3pwrgk9.glb 
I1008 15:37:57.169337 697359 ResourceManager.cpp:1119] Importing Basis files as BC7 for pRbA3pwrgk9.glb
W1008 15:37:58.326894 697359 Simulator.cpp:248] :
---
 The active scene does not contain semantic annotations. 
---
I1008 15:37:58.379470 697359 simulator.py:213] Loaded navmesh data/scene_datasets/mp3d/pRbA3pwrgk9/pRbA3pwrgk9.navmesh
I1008 15:37:59.095297 697359 PhysicsManager.cpp:33] Deconstructing PhysicsManager
I1008 15:37:59.095320 697359 SemanticScene.h:41] Deconstructing SemanticScene
I1008 15:37:59.098493 697359 SceneManager.h:25] Deconstructing SceneManager
I1008 15:37:59.098498 697359 SceneGraph.h:26] Deconstructing SceneGraph
I1008 15:37:59.098847 697359 Sensor.h:87] Deconstructing Sensor
I1008 15:37:59.099208 697359 Sensor.h:87] Deconstructing Sensor
I1008 15:37:59.099308 697359 Sensor.h:87] Deconstructing Sensor
I1008 15:37:59.099413 697359 Sensor.h:87] Deconstructing Sensor
I1008 15:37:59.099519 697359 Sensor.h:87] Deconstructing Sensor
I1008 15:37:59.099617 697359 Sensor.h:87] Deconstructing Sensor
I1008 15:37:59.099720 697359 Sensor.h:87] Deconstructing Sensor
I1008 15:37:59.099825 697359 Sensor.h:87] Deconstructing Sensor
I1008 15:37:59.099927 697359 Sensor.h:87] Deconstructing Sensor
I1008 15:37:59.100024 697359 Sensor.h:87] Deconstructing Sensor
I1008 15:37:59.100119 697359 Sensor.h:87] Deconstructing Sensor
I1008 15:37:59.100217 697359 Sensor.h:87] Deconstructing Sensor
I1008 15:37:59.100311 697359 Sensor.h:87] Deconstructing Sensor
I1008 15:37:59.100437 697359 Sensor.h:87] Deconstructing Sensor
I1008 15:37:59.100564 697359 Sensor.h:87] Deconstructing Sensor
I1008 15:37:59.100682 697359 Sensor.h:87] Deconstructing Sensor
I1008 15:37:59.100806 697359 Sensor.h:87] Deconstructing Sensor
I1008 15:37:59.100929 697359 Sensor.h:87] Deconstructing Sensor
I1008 15:37:59.101061 697359 Sensor.h:87] Deconstructing Sensor
I1008 15:37:59.101188 697359 Sensor.h:87] Deconstructing Sensor
I1008 15:37:59.101310 697359 Sensor.h:87] Deconstructing Sensor
I1008 15:37:59.101438 697359 Sensor.h:87] Deconstructing Sensor
I1008 15:37:59.101578 697359 Sensor.h:87] Deconstructing Sensor
I1008 15:37:59.101671 697359 Sensor.h:87] Deconstructing Sensor
I1008 15:37:59.104136 697359 Renderer.cpp:34] Deconstructing Renderer
I1008 15:37:59.104141 697359 WindowlessContext.h:17] Deconstructing WindowlessContext
I1008 15:37:59.107201 697359 MetadataMediator.cpp:56] MetadataMediator::setActiveSceneDatasetName : Old active dataset default changed to default successfully.
I1008 15:37:59.107648 697359 AttributesManagerBase.h:283] AttributesManager<T>::createFromJsonOrDefaultInternal  (Physics Manager) : Proposing JSON name : ./data/default.physics_config.json from original name : ./data/default.physics_config.json | This file  does not exist.
I1008 15:37:59.107671 697359 PhysicsAttributesManager.cpp:27] File (./data/default.physics_config.json) not found, so new default physics manager attributes created and registered.
I1008 15:37:59.107676 697359 AbstractObjectAttributesManagerBase.h:175] AbstractObjectAttributesManager<T>::createObject  (Stage) : Making attributes with handle : data/scene_datasets/mp3d/qoiz87JEwZ2/qoiz87JEwZ2.glb
I1008 15:37:59.107682 697359 ManagedContainerBase.cpp:19] ManagedContainerBase::convertFilenameToJSON : Filename : data/scene_datasets/mp3d/qoiz87JEwZ2/qoiz87JEwZ2.glb changed to proposed JSON configuration filename : data/scene_datasets/mp3d/qoiz87JEwZ2/qoiz87JEwZ2.stage_config.json
I1008 15:37:59.107695 697359 AttributesManagerBase.h:283] AttributesManager<T>::createFromJsonOrDefaultInternal  (Stage) : Proposing JSON name : data/scene_datasets/mp3d/qoiz87JEwZ2/qoiz87JEwZ2.stage_config.json from original name : data/scene_datasets/mp3d/qoiz87JEwZ2/qoiz87JEwZ2.glb | This file  does not exist.
I1008 15:37:59.107733 697359 AbstractObjectAttributesManagerBase.h:181] AbstractObjectAttributesManager<T>::createObject  (Stage) : Done making attributes with handle : data/scene_datasets/mp3d/qoiz87JEwZ2/qoiz87JEwZ2.glb
I1008 15:37:59.107733 697359 AbstractObjectAttributesManagerBase.h:188] File (data/scene_datasets/mp3d/qoiz87JEwZ2/qoiz87JEwZ2.glb) exists but is not a recognized config filename extension, so new default Stage attributes created and registered.
I1008 15:37:59.107736 697359 Simulator.cpp:156] Loading navmesh from data/scene_datasets/mp3d/qoiz87JEwZ2/qoiz87JEwZ2.navmesh
I1008 15:37:59.107828 697359 Simulator.cpp:158] Loaded.
I1008 15:37:59.107833 697359 SceneGraph.h:93] Created DrawableGroup: 
I1008 15:37:59.111119 697359 ResourceManager.cpp:234] ResourceManager::loadStage : Not loading semantic mesh
I1008 15:37:59.111122 697359 ResourceManager.cpp:262] ResourceManager::loadStage : start load render asset data/scene_datasets/mp3d/qoiz87JEwZ2/qoiz87JEwZ2.glb.
I1008 15:37:59.111124 697359 ResourceManager.cpp:569] ResourceManager::loadStageInternal : Attempting to load stage data/scene_datasets/mp3d/qoiz87JEwZ2/qoiz87JEwZ2.glb 
I1008 15:37:59.111131 697359 ResourceManager.cpp:1119] Importing Basis files as BC7 for qoiz87JEwZ2.glb
W1008 15:38:00.678776 697359 Simulator.cpp:248] :
---
 The active scene does not contain semantic annotations. 
---
I1008 15:38:00.734198 697359 simulator.py:213] Loaded navmesh data/scene_datasets/mp3d/qoiz87JEwZ2/qoiz87JEwZ2.navmesh
I1008 15:38:01.104223 697359 PhysicsManager.cpp:33] Deconstructing PhysicsManager
I1008 15:38:01.104247 697359 SemanticScene.h:41] Deconstructing SemanticScene
I1008 15:38:01.107748 697359 SceneManager.h:25] Deconstructing SceneManager
I1008 15:38:01.107757 697359 SceneGraph.h:26] Deconstructing SceneGraph
I1008 15:38:01.108105 697359 Sensor.h:87] Deconstructing Sensor
I1008 15:38:01.108417 697359 Sensor.h:87] Deconstructing Sensor
I1008 15:38:01.108520 697359 Sensor.h:87] Deconstructing Sensor
I1008 15:38:01.108624 697359 Sensor.h:87] Deconstructing Sensor
I1008 15:38:01.108729 697359 Sensor.h:87] Deconstructing Sensor
I1008 15:38:01.108829 697359 Sensor.h:87] Deconstructing Sensor
I1008 15:38:01.108933 697359 Sensor.h:87] Deconstructing Sensor
I1008 15:38:01.109027 697359 Sensor.h:87] Deconstructing Sensor
I1008 15:38:01.109128 697359 Sensor.h:87] Deconstructing Sensor
I1008 15:38:01.109225 697359 Sensor.h:87] Deconstructing Sensor
I1008 15:38:01.109323 697359 Sensor.h:87] Deconstructing Sensor
I1008 15:38:01.109429 697359 Sensor.h:87] Deconstructing Sensor
I1008 15:38:01.109527 697359 Sensor.h:87] Deconstructing Sensor
I1008 15:38:01.109648 697359 Sensor.h:87] Deconstructing Sensor
I1008 15:38:01.109779 697359 Sensor.h:87] Deconstructing Sensor
I1008 15:38:01.109899 697359 Sensor.h:87] Deconstructing Sensor
I1008 15:38:01.110026 697359 Sensor.h:87] Deconstructing Sensor
I1008 15:38:01.110143 697359 Sensor.h:87] Deconstructing Sensor
I1008 15:38:01.110265 697359 Sensor.h:87] Deconstructing Sensor
I1008 15:38:01.110387 697359 Sensor.h:87] Deconstructing Sensor
I1008 15:38:01.110505 697359 Sensor.h:87] Deconstructing Sensor
I1008 15:38:01.110621 697359 Sensor.h:87] Deconstructing Sensor
I1008 15:38:01.110801 697359 Sensor.h:87] Deconstructing Sensor
I1008 15:38:01.110898 697359 Sensor.h:87] Deconstructing Sensor
I1008 15:38:01.114441 697359 Renderer.cpp:34] Deconstructing Renderer
I1008 15:38:01.114454 697359 WindowlessContext.h:17] Deconstructing WindowlessContext
I1008 15:38:01.117722 697359 MetadataMediator.cpp:56] MetadataMediator::setActiveSceneDatasetName : Old active dataset default changed to default successfully.
I1008 15:38:01.118443 697359 AttributesManagerBase.h:283] AttributesManager<T>::createFromJsonOrDefaultInternal  (Physics Manager) : Proposing JSON name : ./data/default.physics_config.json from original name : ./data/default.physics_config.json | This file  does not exist.
I1008 15:38:01.118466 697359 PhysicsAttributesManager.cpp:27] File (./data/default.physics_config.json) not found, so new default physics manager attributes created and registered.
I1008 15:38:01.118471 697359 AbstractObjectAttributesManagerBase.h:175] AbstractObjectAttributesManager<T>::createObject  (Stage) : Making attributes with handle : data/scene_datasets/mp3d/pRbA3pwrgk9/pRbA3pwrgk9.glb
I1008 15:38:01.118474 697359 ManagedContainerBase.cpp:19] ManagedContainerBase::convertFilenameToJSON : Filename : data/scene_datasets/mp3d/pRbA3pwrgk9/pRbA3pwrgk9.glb changed to proposed JSON configuration filename : data/scene_datasets/mp3d/pRbA3pwrgk9/pRbA3pwrgk9.stage_config.json
I1008 15:38:01.118490 697359 AttributesManagerBase.h:283] AttributesManager<T>::createFromJsonOrDefaultInternal  (Stage) : Proposing JSON name : data/scene_datasets/mp3d/pRbA3pwrgk9/pRbA3pwrgk9.stage_config.json from original name : data/scene_datasets/mp3d/pRbA3pwrgk9/pRbA3pwrgk9.glb | This file  does not exist.
I1008 15:38:01.118532 697359 AbstractObjectAttributesManagerBase.h:181] AbstractObjectAttributesManager<T>::createObject  (Stage) : Done making attributes with handle : data/scene_datasets/mp3d/pRbA3pwrgk9/pRbA3pwrgk9.glb
I1008 15:38:01.118533 697359 AbstractObjectAttributesManagerBase.h:188] File (data/scene_datasets/mp3d/pRbA3pwrgk9/pRbA3pwrgk9.glb) exists but is not a recognized config filename extension, so new default Stage attributes created and registered.
I1008 15:38:01.118536 697359 Simulator.cpp:156] Loading navmesh from data/scene_datasets/mp3d/pRbA3pwrgk9/pRbA3pwrgk9.navmesh
I1008 15:38:01.118660 697359 Simulator.cpp:158] Loaded.
I1008 15:38:01.118670 697359 SceneGraph.h:93] Created DrawableGroup: 
I1008 15:38:01.121836 697359 ResourceManager.cpp:234] ResourceManager::loadStage : Not loading semantic mesh
I1008 15:38:01.121843 697359 ResourceManager.cpp:262] ResourceManager::loadStage : start load render asset data/scene_datasets/mp3d/pRbA3pwrgk9/pRbA3pwrgk9.glb.
I1008 15:38:01.121845 697359 ResourceManager.cpp:569] ResourceManager::loadStageInternal : Attempting to load stage data/scene_datasets/mp3d/pRbA3pwrgk9/pRbA3pwrgk9.glb 
I1008 15:38:01.121857 697359 ResourceManager.cpp:1119] Importing Basis files as BC7 for pRbA3pwrgk9.glb
W1008 15:38:02.260886 697359 Simulator.cpp:248] :
---
 The active scene does not contain semantic annotations. 
---
I1008 15:38:02.312469 697359 simulator.py:213] Loaded navmesh data/scene_datasets/mp3d/pRbA3pwrgk9/pRbA3pwrgk9.navmesh
I1008 15:38:03.964283 697359 PhysicsManager.cpp:33] Deconstructing PhysicsManager
I1008 15:38:03.964310 697359 SemanticScene.h:41] Deconstructing SemanticScene
I1008 15:38:03.967760 697359 SceneManager.h:25] Deconstructing SceneManager
I1008 15:38:03.967768 697359 SceneGraph.h:26] Deconstructing SceneGraph
I1008 15:38:03.968118 697359 Sensor.h:87] Deconstructing Sensor
I1008 15:38:03.968592 697359 Sensor.h:87] Deconstructing Sensor
I1008 15:38:03.968699 697359 Sensor.h:87] Deconstructing Sensor
I1008 15:38:03.968807 697359 Sensor.h:87] Deconstructing Sensor
I1008 15:38:03.968911 697359 Sensor.h:87] Deconstructing Sensor
I1008 15:38:03.969012 697359 Sensor.h:87] Deconstructing Sensor
I1008 15:38:03.969115 697359 Sensor.h:87] Deconstructing Sensor
I1008 15:38:03.969214 697359 Sensor.h:87] Deconstructing Sensor
I1008 15:38:03.969321 697359 Sensor.h:87] Deconstructing Sensor
I1008 15:38:03.969424 697359 Sensor.h:87] Deconstructing Sensor
I1008 15:38:03.969522 697359 Sensor.h:87] Deconstructing Sensor
I1008 15:38:03.969635 697359 Sensor.h:87] Deconstructing Sensor
I1008 15:38:03.969736 697359 Sensor.h:87] Deconstructing Sensor
I1008 15:38:03.969861 697359 Sensor.h:87] Deconstructing Sensor
I1008 15:38:03.969995 697359 Sensor.h:87] Deconstructing Sensor
I1008 15:38:03.970115 697359 Sensor.h:87] Deconstructing Sensor
I1008 15:38:03.970243 697359 Sensor.h:87] Deconstructing Sensor
I1008 15:38:03.970480 697359 Sensor.h:87] Deconstructing Sensor
I1008 15:38:03.970636 697359 Sensor.h:87] Deconstructing Sensor
I1008 15:38:03.970773 697359 Sensor.h:87] Deconstructing Sensor
I1008 15:38:03.970896 697359 Sensor.h:87] Deconstructing Sensor
I1008 15:38:03.971017 697359 Sensor.h:87] Deconstructing Sensor
I1008 15:38:03.971148 697359 Sensor.h:87] Deconstructing Sensor
I1008 15:38:03.971225 697359 Sensor.h:87] Deconstructing Sensor
I1008 15:38:03.974196 697359 Renderer.cpp:34] Deconstructing Renderer
I1008 15:38:03.974210 697359 WindowlessContext.h:17] Deconstructing WindowlessContext
I1008 15:38:03.977088 697359 MetadataMediator.cpp:56] MetadataMediator::setActiveSceneDatasetName : Old active dataset default changed to default successfully.
I1008 15:38:03.977921 697359 AttributesManagerBase.h:283] AttributesManager<T>::createFromJsonOrDefaultInternal  (Physics Manager) : Proposing JSON name : ./data/default.physics_config.json from original name : ./data/default.physics_config.json | This file  does not exist.
I1008 15:38:03.977947 697359 PhysicsAttributesManager.cpp:27] File (./data/default.physics_config.json) not found, so new default physics manager attributes created and registered.
I1008 15:38:03.977952 697359 AbstractObjectAttributesManagerBase.h:175] AbstractObjectAttributesManager<T>::createObject  (Stage) : Making attributes with handle : data/scene_datasets/mp3d/ZMojNkEp431/ZMojNkEp431.glb
I1008 15:38:03.977954 697359 ManagedContainerBase.cpp:19] ManagedContainerBase::convertFilenameToJSON : Filename : data/scene_datasets/mp3d/ZMojNkEp431/ZMojNkEp431.glb changed to proposed JSON configuration filename : data/scene_datasets/mp3d/ZMojNkEp431/ZMojNkEp431.stage_config.json
I1008 15:38:03.977967 697359 AttributesManagerBase.h:283] AttributesManager<T>::createFromJsonOrDefaultInternal  (Stage) : Proposing JSON name : data/scene_datasets/mp3d/ZMojNkEp431/ZMojNkEp431.stage_config.json from original name : data/scene_datasets/mp3d/ZMojNkEp431/ZMojNkEp431.glb | This file  does not exist.
I1008 15:38:03.978012 697359 AbstractObjectAttributesManagerBase.h:181] AbstractObjectAttributesManager<T>::createObject  (Stage) : Done making attributes with handle : data/scene_datasets/mp3d/ZMojNkEp431/ZMojNkEp431.glb
I1008 15:38:03.978013 697359 AbstractObjectAttributesManagerBase.h:188] File (data/scene_datasets/mp3d/ZMojNkEp431/ZMojNkEp431.glb) exists but is not a recognized config filename extension, so new default Stage attributes created and registered.
I1008 15:38:03.978016 697359 Simulator.cpp:156] Loading navmesh from data/scene_datasets/mp3d/ZMojNkEp431/ZMojNkEp431.navmesh
I1008 15:38:03.978152 697359 Simulator.cpp:158] Loaded.
I1008 15:38:03.978156 697359 SceneGraph.h:93] Created DrawableGroup: 
I1008 15:38:03.981364 697359 ResourceManager.cpp:234] ResourceManager::loadStage : Not loading semantic mesh
I1008 15:38:03.981371 697359 ResourceManager.cpp:262] ResourceManager::loadStage : start load render asset data/scene_datasets/mp3d/ZMojNkEp431/ZMojNkEp431.glb.
I1008 15:38:03.981372 697359 ResourceManager.cpp:569] ResourceManager::loadStageInternal : Attempting to load stage data/scene_datasets/mp3d/ZMojNkEp431/ZMojNkEp431.glb 
I1008 15:38:03.981389 697359 ResourceManager.cpp:1119] Importing Basis files as BC7 for ZMojNkEp431.glb
W1008 15:38:05.265812 697359 Simulator.cpp:248] :
---
 The active scene does not contain semantic annotations. 
---
I1008 15:38:05.307863 697359 simulator.py:213] Loaded navmesh data/scene_datasets/mp3d/ZMojNkEp431/ZMojNkEp431.navmesh
I1008 15:38:05.582584 697359 PhysicsManager.cpp:33] Deconstructing PhysicsManager
I1008 15:38:05.582609 697359 SemanticScene.h:41] Deconstructing SemanticScene
I1008 15:38:05.585522 697359 SceneManager.h:25] Deconstructing SceneManager
I1008 15:38:05.585527 697359 SceneGraph.h:26] Deconstructing SceneGraph
I1008 15:38:05.585937 697359 Sensor.h:87] Deconstructing Sensor
I1008 15:38:05.586206 697359 Sensor.h:87] Deconstructing Sensor
I1008 15:38:05.586311 697359 Sensor.h:87] Deconstructing Sensor
I1008 15:38:05.586417 697359 Sensor.h:87] Deconstructing Sensor
I1008 15:38:05.586519 697359 Sensor.h:87] Deconstructing Sensor
I1008 15:38:05.586618 697359 Sensor.h:87] Deconstructing Sensor
I1008 15:38:05.586725 697359 Sensor.h:87] Deconstructing Sensor
I1008 15:38:05.586823 697359 Sensor.h:87] Deconstructing Sensor
I1008 15:38:05.586926 697359 Sensor.h:87] Deconstructing Sensor
I1008 15:38:05.587025 697359 Sensor.h:87] Deconstructing Sensor
I1008 15:38:05.587124 697359 Sensor.h:87] Deconstructing Sensor
I1008 15:38:05.587225 697359 Sensor.h:87] Deconstructing Sensor
I1008 15:38:05.587327 697359 Sensor.h:87] Deconstructing Sensor
I1008 15:38:05.587457 697359 Sensor.h:87] Deconstructing Sensor
I1008 15:38:05.587590 697359 Sensor.h:87] Deconstructing Sensor
I1008 15:38:05.587718 697359 Sensor.h:87] Deconstructing Sensor
I1008 15:38:05.587848 697359 Sensor.h:87] Deconstructing Sensor
I1008 15:38:05.587972 697359 Sensor.h:87] Deconstructing Sensor
I1008 15:38:05.588099 697359 Sensor.h:87] Deconstructing Sensor
I1008 15:38:05.588225 697359 Sensor.h:87] Deconstructing Sensor
I1008 15:38:05.588349 697359 Sensor.h:87] Deconstructing Sensor
I1008 15:38:05.588469 697359 Sensor.h:87] Deconstructing Sensor
I1008 15:38:05.588599 697359 Sensor.h:87] Deconstructing Sensor
I1008 15:38:05.588703 697359 Sensor.h:87] Deconstructing Sensor
I1008 15:38:05.593048 697359 Renderer.cpp:34] Deconstructing Renderer
I1008 15:38:05.593067 697359 WindowlessContext.h:17] Deconstructing WindowlessContext
I1008 15:38:05.596359 697359 MetadataMediator.cpp:56] MetadataMediator::setActiveSceneDatasetName : Old active dataset default changed to default successfully.
I1008 15:38:05.597755 697359 AttributesManagerBase.h:283] AttributesManager<T>::createFromJsonOrDefaultInternal  (Physics Manager) : Proposing JSON name : ./data/default.physics_config.json from original name : ./data/default.physics_config.json | This file  does not exist.
I1008 15:38:05.597779 697359 PhysicsAttributesManager.cpp:27] File (./data/default.physics_config.json) not found, so new default physics manager attributes created and registered.
I1008 15:38:05.597784 697359 AbstractObjectAttributesManagerBase.h:175] AbstractObjectAttributesManager<T>::createObject  (Stage) : Making attributes with handle : data/scene_datasets/mp3d/JmbYfDe2QKZ/JmbYfDe2QKZ.glb
I1008 15:38:05.597787 697359 ManagedContainerBase.cpp:19] ManagedContainerBase::convertFilenameToJSON : Filename : data/scene_datasets/mp3d/JmbYfDe2QKZ/JmbYfDe2QKZ.glb changed to proposed JSON configuration filename : data/scene_datasets/mp3d/JmbYfDe2QKZ/JmbYfDe2QKZ.stage_config.json
I1008 15:38:05.597803 697359 AttributesManagerBase.h:283] AttributesManager<T>::createFromJsonOrDefaultInternal  (Stage) : Proposing JSON name : data/scene_datasets/mp3d/JmbYfDe2QKZ/JmbYfDe2QKZ.stage_config.json from original name : data/scene_datasets/mp3d/JmbYfDe2QKZ/JmbYfDe2QKZ.glb | This file  does not exist.
I1008 15:38:05.597846 697359 AbstractObjectAttributesManagerBase.h:181] AbstractObjectAttributesManager<T>::createObject  (Stage) : Done making attributes with handle : data/scene_datasets/mp3d/JmbYfDe2QKZ/JmbYfDe2QKZ.glb
I1008 15:38:05.597847 697359 AbstractObjectAttributesManagerBase.h:188] File (data/scene_datasets/mp3d/JmbYfDe2QKZ/JmbYfDe2QKZ.glb) exists but is not a recognized config filename extension, so new default Stage attributes created and registered.
I1008 15:38:05.597851 697359 Simulator.cpp:156] Loading navmesh from data/scene_datasets/mp3d/JmbYfDe2QKZ/JmbYfDe2QKZ.navmesh
I1008 15:38:05.597947 697359 Simulator.cpp:158] Loaded.
I1008 15:38:05.597951 697359 SceneGraph.h:93] Created DrawableGroup: 
I1008 15:38:05.601006 697359 ResourceManager.cpp:234] ResourceManager::loadStage : Not loading semantic mesh
I1008 15:38:05.601017 697359 ResourceManager.cpp:262] ResourceManager::loadStage : start load render asset data/scene_datasets/mp3d/JmbYfDe2QKZ/JmbYfDe2QKZ.glb.
I1008 15:38:05.601018 697359 ResourceManager.cpp:569] ResourceManager::loadStageInternal : Attempting to load stage data/scene_datasets/mp3d/JmbYfDe2QKZ/JmbYfDe2QKZ.glb 
I1008 15:38:05.601027 697359 ResourceManager.cpp:1119] Importing Basis files as BC7 for JmbYfDe2QKZ.glb
W1008 15:38:06.629886 697359 Simulator.cpp:248] :
---
 The active scene does not contain semantic annotations. 
---
I1008 15:38:06.678772 697359 simulator.py:213] Loaded navmesh data/scene_datasets/mp3d/JmbYfDe2QKZ/JmbYfDe2QKZ.navmesh
I1008 15:38:06.985620 697359 PhysicsManager.cpp:33] Deconstructing PhysicsManager
I1008 15:38:06.985644 697359 SemanticScene.h:41] Deconstructing SemanticScene
I1008 15:38:06.989238 697359 SceneManager.h:25] Deconstructing SceneManager
I1008 15:38:06.989250 697359 SceneGraph.h:26] Deconstructing SceneGraph
I1008 15:38:06.989668 697359 Sensor.h:87] Deconstructing Sensor
I1008 15:38:06.990393 697359 Sensor.h:87] Deconstructing Sensor
I1008 15:38:06.990512 697359 Sensor.h:87] Deconstructing Sensor
I1008 15:38:06.990626 697359 Sensor.h:87] Deconstructing Sensor
I1008 15:38:06.990742 697359 Sensor.h:87] Deconstructing Sensor
I1008 15:38:06.990849 697359 Sensor.h:87] Deconstructing Sensor
I1008 15:38:06.990957 697359 Sensor.h:87] Deconstructing Sensor
I1008 15:38:06.991060 697359 Sensor.h:87] Deconstructing Sensor
I1008 15:38:06.991245 697359 Sensor.h:87] Deconstructing Sensor
I1008 15:38:06.991349 697359 Sensor.h:87] Deconstructing Sensor
I1008 15:38:06.991451 697359 Sensor.h:87] Deconstructing Sensor
I1008 15:38:06.991559 697359 Sensor.h:87] Deconstructing Sensor
I1008 15:38:06.991671 697359 Sensor.h:87] Deconstructing Sensor
I1008 15:38:06.991809 697359 Sensor.h:87] Deconstructing Sensor
I1008 15:38:06.991950 697359 Sensor.h:87] Deconstructing Sensor
I1008 15:38:06.992444 697359 Sensor.h:87] Deconstructing Sensor
I1008 15:38:06.992617 697359 Sensor.h:87] Deconstructing Sensor
I1008 15:38:06.992830 697359 Sensor.h:87] Deconstructing Sensor
I1008 15:38:06.992964 697359 Sensor.h:87] Deconstructing Sensor
I1008 15:38:06.993098 697359 Sensor.h:87] Deconstructing Sensor
I1008 15:38:06.993221 697359 Sensor.h:87] Deconstructing Sensor
I1008 15:38:06.993350 697359 Sensor.h:87] Deconstructing Sensor
I1008 15:38:06.993479 697359 Sensor.h:87] Deconstructing Sensor
I1008 15:38:06.993637 697359 Sensor.h:87] Deconstructing Sensor
I1008 15:38:06.997479 697359 Renderer.cpp:34] Deconstructing Renderer
I1008 15:38:06.997493 697359 WindowlessContext.h:17] Deconstructing WindowlessContext
I1008 15:38:07.000160 697359 MetadataMediator.cpp:56] MetadataMediator::setActiveSceneDatasetName : Old active dataset default changed to default successfully.
I1008 15:38:07.000918 697359 AttributesManagerBase.h:283] AttributesManager<T>::createFromJsonOrDefaultInternal  (Physics Manager) : Proposing JSON name : ./data/default.physics_config.json from original name : ./data/default.physics_config.json | This file  does not exist.
I1008 15:38:07.000944 697359 PhysicsAttributesManager.cpp:27] File (./data/default.physics_config.json) not found, so new default physics manager attributes created and registered.
I1008 15:38:07.000949 697359 AbstractObjectAttributesManagerBase.h:175] AbstractObjectAttributesManager<T>::createObject  (Stage) : Making attributes with handle : data/scene_datasets/mp3d/D7N2EKCX4Sj/D7N2EKCX4Sj.glb
I1008 15:38:07.000952 697359 ManagedContainerBase.cpp:19] ManagedContainerBase::convertFilenameToJSON : Filename : data/scene_datasets/mp3d/D7N2EKCX4Sj/D7N2EKCX4Sj.glb changed to proposed JSON configuration filename : data/scene_datasets/mp3d/D7N2EKCX4Sj/D7N2EKCX4Sj.stage_config.json
I1008 15:38:07.000967 697359 AttributesManagerBase.h:283] AttributesManager<T>::createFromJsonOrDefaultInternal  (Stage) : Proposing JSON name : data/scene_datasets/mp3d/D7N2EKCX4Sj/D7N2EKCX4Sj.stage_config.json from original name : data/scene_datasets/mp3d/D7N2EKCX4Sj/D7N2EKCX4Sj.glb | This file  does not exist.
I1008 15:38:07.001015 697359 AbstractObjectAttributesManagerBase.h:181] AbstractObjectAttributesManager<T>::createObject  (Stage) : Done making attributes with handle : data/scene_datasets/mp3d/D7N2EKCX4Sj/D7N2EKCX4Sj.glb
I1008 15:38:07.001016 697359 AbstractObjectAttributesManagerBase.h:188] File (data/scene_datasets/mp3d/D7N2EKCX4Sj/D7N2EKCX4Sj.glb) exists but is not a recognized config filename extension, so new default Stage attributes created and registered.
I1008 15:38:07.001020 697359 Simulator.cpp:156] Loading navmesh from data/scene_datasets/mp3d/D7N2EKCX4Sj/D7N2EKCX4Sj.navmesh
I1008 15:38:07.001387 697359 Simulator.cpp:158] Loaded.
I1008 15:38:07.001392 697359 SceneGraph.h:93] Created DrawableGroup: 
I1008 15:38:07.004686 697359 ResourceManager.cpp:234] ResourceManager::loadStage : Not loading semantic mesh
I1008 15:38:07.004694 697359 ResourceManager.cpp:262] ResourceManager::loadStage : start load render asset data/scene_datasets/mp3d/D7N2EKCX4Sj/D7N2EKCX4Sj.glb.
I1008 15:38:07.004695 697359 ResourceManager.cpp:569] ResourceManager::loadStageInternal : Attempting to load stage data/scene_datasets/mp3d/D7N2EKCX4Sj/D7N2EKCX4Sj.glb 
I1008 15:38:07.004709 697359 ResourceManager.cpp:1119] Importing Basis files as BC7 for D7N2EKCX4Sj.glb
W1008 15:38:11.070619 697359 Simulator.cpp:248] :
---
 The active scene does not contain semantic annotations. 
---
I1008 15:38:11.185212 697359 simulator.py:213] Loaded navmesh data/scene_datasets/mp3d/D7N2EKCX4Sj/D7N2EKCX4Sj.navmesh
I1008 15:38:11.567517 697359 PhysicsManager.cpp:33] Deconstructing PhysicsManager
I1008 15:38:11.567539 697359 SemanticScene.h:41] Deconstructing SemanticScene
I1008 15:38:11.573560 697359 SceneManager.h:25] Deconstructing SceneManager
I1008 15:38:11.573575 697359 SceneGraph.h:26] Deconstructing SceneGraph
I1008 15:38:11.574055 697359 Sensor.h:87] Deconstructing Sensor
I1008 15:38:11.574537 697359 Sensor.h:87] Deconstructing Sensor
I1008 15:38:11.574641 697359 Sensor.h:87] Deconstructing Sensor
I1008 15:38:11.574753 697359 Sensor.h:87] Deconstructing Sensor
I1008 15:38:11.574855 697359 Sensor.h:87] Deconstructing Sensor
I1008 15:38:11.574954 697359 Sensor.h:87] Deconstructing Sensor
I1008 15:38:11.575057 697359 Sensor.h:87] Deconstructing Sensor
I1008 15:38:11.575155 697359 Sensor.h:87] Deconstructing Sensor
I1008 15:38:11.575258 697359 Sensor.h:87] Deconstructing Sensor
I1008 15:38:11.575356 697359 Sensor.h:87] Deconstructing Sensor
I1008 15:38:11.575454 697359 Sensor.h:87] Deconstructing Sensor
I1008 15:38:11.575553 697359 Sensor.h:87] Deconstructing Sensor
I1008 15:38:11.575652 697359 Sensor.h:87] Deconstructing Sensor
I1008 15:38:11.575774 697359 Sensor.h:87] Deconstructing Sensor
I1008 15:38:11.575901 697359 Sensor.h:87] Deconstructing Sensor
I1008 15:38:11.576027 697359 Sensor.h:87] Deconstructing Sensor
I1008 15:38:11.576151 697359 Sensor.h:87] Deconstructing Sensor
I1008 15:38:11.576268 697359 Sensor.h:87] Deconstructing Sensor
I1008 15:38:11.576388 697359 Sensor.h:87] Deconstructing Sensor
I1008 15:38:11.576511 697359 Sensor.h:87] Deconstructing Sensor
I1008 15:38:11.576630 697359 Sensor.h:87] Deconstructing Sensor
I1008 15:38:11.576748 697359 Sensor.h:87] Deconstructing Sensor
I1008 15:38:11.576874 697359 Sensor.h:87] Deconstructing Sensor
I1008 15:38:11.576948 697359 Sensor.h:87] Deconstructing Sensor
I1008 15:38:11.583020 697359 Renderer.cpp:34] Deconstructing Renderer
I1008 15:38:11.583040 697359 WindowlessContext.h:17] Deconstructing WindowlessContext
I1008 15:38:11.589699 697359 MetadataMediator.cpp:56] MetadataMediator::setActiveSceneDatasetName : Old active dataset default changed to default successfully.
I1008 15:38:11.591249 697359 AttributesManagerBase.h:283] AttributesManager<T>::createFromJsonOrDefaultInternal  (Physics Manager) : Proposing JSON name : ./data/default.physics_config.json from original name : ./data/default.physics_config.json | This file  does not exist.
I1008 15:38:11.591279 697359 PhysicsAttributesManager.cpp:27] File (./data/default.physics_config.json) not found, so new default physics manager attributes created and registered.
I1008 15:38:11.591293 697359 AbstractObjectAttributesManagerBase.h:175] AbstractObjectAttributesManager<T>::createObject  (Stage) : Making attributes with handle : data/scene_datasets/mp3d/PX4nDJXEHrG/PX4nDJXEHrG.glb
I1008 15:38:11.591296 697359 ManagedContainerBase.cpp:19] ManagedContainerBase::convertFilenameToJSON : Filename : data/scene_datasets/mp3d/PX4nDJXEHrG/PX4nDJXEHrG.glb changed to proposed JSON configuration filename : data/scene_datasets/mp3d/PX4nDJXEHrG/PX4nDJXEHrG.stage_config.json
I1008 15:38:11.591311 697359 AttributesManagerBase.h:283] AttributesManager<T>::createFromJsonOrDefaultInternal  (Stage) : Proposing JSON name : data/scene_datasets/mp3d/PX4nDJXEHrG/PX4nDJXEHrG.stage_config.json from original name : data/scene_datasets/mp3d/PX4nDJXEHrG/PX4nDJXEHrG.glb | This file  does not exist.
I1008 15:38:11.591356 697359 AbstractObjectAttributesManagerBase.h:181] AbstractObjectAttributesManager<T>::createObject  (Stage) : Done making attributes with handle : data/scene_datasets/mp3d/PX4nDJXEHrG/PX4nDJXEHrG.glb
I1008 15:38:11.591357 697359 AbstractObjectAttributesManagerBase.h:188] File (data/scene_datasets/mp3d/PX4nDJXEHrG/PX4nDJXEHrG.glb) exists but is not a recognized config filename extension, so new default Stage attributes created and registered.
I1008 15:38:11.591361 697359 Simulator.cpp:156] Loading navmesh from data/scene_datasets/mp3d/PX4nDJXEHrG/PX4nDJXEHrG.navmesh
I1008 15:38:11.591691 697359 Simulator.cpp:158] Loaded.
I1008 15:38:11.591697 697359 SceneGraph.h:93] Created DrawableGroup: 
I1008 15:38:11.595283 697359 ResourceManager.cpp:234] ResourceManager::loadStage : Not loading semantic mesh
I1008 15:38:11.595294 697359 ResourceManager.cpp:262] ResourceManager::loadStage : start load render asset data/scene_datasets/mp3d/PX4nDJXEHrG/PX4nDJXEHrG.glb.
I1008 15:38:11.595295 697359 ResourceManager.cpp:569] ResourceManager::loadStageInternal : Attempting to load stage data/scene_datasets/mp3d/PX4nDJXEHrG/PX4nDJXEHrG.glb 
I1008 15:38:11.595319 697359 ResourceManager.cpp:1119] Importing Basis files as BC7 for PX4nDJXEHrG.glb
W1008 15:38:14.169114 697359 Simulator.cpp:248] :
---
 The active scene does not contain semantic annotations. 
---
I1008 15:38:14.265933 697359 simulator.py:213] Loaded navmesh data/scene_datasets/mp3d/PX4nDJXEHrG/PX4nDJXEHrG.navmesh
I1008 15:38:14.665915 697359 PhysicsManager.cpp:33] Deconstructing PhysicsManager
I1008 15:38:14.665939 697359 SemanticScene.h:41] Deconstructing SemanticScene
I1008 15:38:14.671149 697359 SceneManager.h:25] Deconstructing SceneManager
I1008 15:38:14.671159 697359 SceneGraph.h:26] Deconstructing SceneGraph
I1008 15:38:14.671789 697359 Sensor.h:87] Deconstructing Sensor
I1008 15:38:14.672288 697359 Sensor.h:87] Deconstructing Sensor
I1008 15:38:14.672398 697359 Sensor.h:87] Deconstructing Sensor
I1008 15:38:14.672513 697359 Sensor.h:87] Deconstructing Sensor
I1008 15:38:14.672621 697359 Sensor.h:87] Deconstructing Sensor
I1008 15:38:14.672726 697359 Sensor.h:87] Deconstructing Sensor
I1008 15:38:14.672832 697359 Sensor.h:87] Deconstructing Sensor
I1008 15:38:14.672930 697359 Sensor.h:87] Deconstructing Sensor
I1008 15:38:14.673031 697359 Sensor.h:87] Deconstructing Sensor
I1008 15:38:14.673130 697359 Sensor.h:87] Deconstructing Sensor
I1008 15:38:14.673228 697359 Sensor.h:87] Deconstructing Sensor
I1008 15:38:14.673339 697359 Sensor.h:87] Deconstructing Sensor
I1008 15:38:14.673437 697359 Sensor.h:87] Deconstructing Sensor
I1008 15:38:14.673560 697359 Sensor.h:87] Deconstructing Sensor
I1008 15:38:14.673689 697359 Sensor.h:87] Deconstructing Sensor
I1008 15:38:14.673810 697359 Sensor.h:87] Deconstructing Sensor
I1008 15:38:14.673936 697359 Sensor.h:87] Deconstructing Sensor
I1008 15:38:14.674068 697359 Sensor.h:87] Deconstructing Sensor
I1008 15:38:14.674191 697359 Sensor.h:87] Deconstructing Sensor
I1008 15:38:14.674314 697359 Sensor.h:87] Deconstructing Sensor
I1008 15:38:14.674434 697359 Sensor.h:87] Deconstructing Sensor
I1008 15:38:14.674556 697359 Sensor.h:87] Deconstructing Sensor
I1008 15:38:14.674706 697359 Sensor.h:87] Deconstructing Sensor
I1008 15:38:14.674803 697359 Sensor.h:87] Deconstructing Sensor
I1008 15:38:14.680588 697359 Renderer.cpp:34] Deconstructing Renderer
I1008 15:38:14.680605 697359 WindowlessContext.h:17] Deconstructing WindowlessContext
I1008 15:38:14.686517 697359 MetadataMediator.cpp:56] MetadataMediator::setActiveSceneDatasetName : Old active dataset default changed to default successfully.
I1008 15:38:14.688025 697359 AttributesManagerBase.h:283] AttributesManager<T>::createFromJsonOrDefaultInternal  (Physics Manager) : Proposing JSON name : ./data/default.physics_config.json from original name : ./data/default.physics_config.json | This file  does not exist.
I1008 15:38:14.688057 697359 PhysicsAttributesManager.cpp:27] File (./data/default.physics_config.json) not found, so new default physics manager attributes created and registered.
I1008 15:38:14.688062 697359 AbstractObjectAttributesManagerBase.h:175] AbstractObjectAttributesManager<T>::createObject  (Stage) : Making attributes with handle : data/scene_datasets/mp3d/ZMojNkEp431/ZMojNkEp431.glb
I1008 15:38:14.688066 697359 ManagedContainerBase.cpp:19] ManagedContainerBase::convertFilenameToJSON : Filename : data/scene_datasets/mp3d/ZMojNkEp431/ZMojNkEp431.glb changed to proposed JSON configuration filename : data/scene_datasets/mp3d/ZMojNkEp431/ZMojNkEp431.stage_config.json
I1008 15:38:14.688084 697359 AttributesManagerBase.h:283] AttributesManager<T>::createFromJsonOrDefaultInternal  (Stage) : Proposing JSON name : data/scene_datasets/mp3d/ZMojNkEp431/ZMojNkEp431.stage_config.json from original name : data/scene_datasets/mp3d/ZMojNkEp431/ZMojNkEp431.glb | This file  does not exist.
I1008 15:38:14.688133 697359 AbstractObjectAttributesManagerBase.h:181] AbstractObjectAttributesManager<T>::createObject  (Stage) : Done making attributes with handle : data/scene_datasets/mp3d/ZMojNkEp431/ZMojNkEp431.glb
I1008 15:38:14.688134 697359 AbstractObjectAttributesManagerBase.h:188] File (data/scene_datasets/mp3d/ZMojNkEp431/ZMojNkEp431.glb) exists but is not a recognized config filename extension, so new default Stage attributes created and registered.
I1008 15:38:14.688138 697359 Simulator.cpp:156] Loading navmesh from data/scene_datasets/mp3d/ZMojNkEp431/ZMojNkEp431.navmesh
I1008 15:38:14.688298 697359 Simulator.cpp:158] Loaded.
I1008 15:38:14.688304 697359 SceneGraph.h:93] Created DrawableGroup: 
I1008 15:38:14.694059 697359 ResourceManager.cpp:234] ResourceManager::loadStage : Not loading semantic mesh
I1008 15:38:14.694070 697359 ResourceManager.cpp:262] ResourceManager::loadStage : start load render asset data/scene_datasets/mp3d/ZMojNkEp431/ZMojNkEp431.glb.
I1008 15:38:14.694072 697359 ResourceManager.cpp:569] ResourceManager::loadStageInternal : Attempting to load stage data/scene_datasets/mp3d/ZMojNkEp431/ZMojNkEp431.glb 
I1008 15:38:14.694098 697359 ResourceManager.cpp:1119] Importing Basis files as BC7 for ZMojNkEp431.glb
W1008 15:38:15.993485 697359 Simulator.cpp:248] :
---
 The active scene does not contain semantic annotations. 
---
I1008 15:38:16.036356 697359 simulator.py:213] Loaded navmesh data/scene_datasets/mp3d/ZMojNkEp431/ZMojNkEp431.navmesh
I1008 15:38:16.814188 697359 PhysicsManager.cpp:33] Deconstructing PhysicsManager
I1008 15:38:16.814209 697359 SemanticScene.h:41] Deconstructing SemanticScene
I1008 15:38:16.817256 697359 SceneManager.h:25] Deconstructing SceneManager
I1008 15:38:16.817261 697359 SceneGraph.h:26] Deconstructing SceneGraph
I1008 15:38:16.817714 697359 Sensor.h:87] Deconstructing Sensor
I1008 15:38:16.817905 697359 Sensor.h:87] Deconstructing Sensor
I1008 15:38:16.818007 697359 Sensor.h:87] Deconstructing Sensor
I1008 15:38:16.818111 697359 Sensor.h:87] Deconstructing Sensor
I1008 15:38:16.818212 697359 Sensor.h:87] Deconstructing Sensor
I1008 15:38:16.818306 697359 Sensor.h:87] Deconstructing Sensor
I1008 15:38:16.818406 697359 Sensor.h:87] Deconstructing Sensor
I1008 15:38:16.818500 697359 Sensor.h:87] Deconstructing Sensor
I1008 15:38:16.818601 697359 Sensor.h:87] Deconstructing Sensor
I1008 15:38:16.818702 697359 Sensor.h:87] Deconstructing Sensor
I1008 15:38:16.818799 697359 Sensor.h:87] Deconstructing Sensor
I1008 15:38:16.818897 697359 Sensor.h:87] Deconstructing Sensor
I1008 15:38:16.818991 697359 Sensor.h:87] Deconstructing Sensor
I1008 15:38:16.819123 697359 Sensor.h:87] Deconstructing Sensor
I1008 15:38:16.819249 697359 Sensor.h:87] Deconstructing Sensor
I1008 15:38:16.819365 697359 Sensor.h:87] Deconstructing Sensor
I1008 15:38:16.819489 697359 Sensor.h:87] Deconstructing Sensor
I1008 15:38:16.819608 697359 Sensor.h:87] Deconstructing Sensor
I1008 15:38:16.819732 697359 Sensor.h:87] Deconstructing Sensor
I1008 15:38:16.819854 697359 Sensor.h:87] Deconstructing Sensor
I1008 15:38:16.819970 697359 Sensor.h:87] Deconstructing Sensor
I1008 15:38:16.820087 697359 Sensor.h:87] Deconstructing Sensor
I1008 15:38:16.820210 697359 Sensor.h:87] Deconstructing Sensor
I1008 15:38:16.820362 697359 Sensor.h:87] Deconstructing Sensor
I1008 15:38:16.823132 697359 Renderer.cpp:34] Deconstructing Renderer
I1008 15:38:16.823138 697359 WindowlessContext.h:17] Deconstructing WindowlessContext
I1008 15:38:16.826314 697359 MetadataMediator.cpp:56] MetadataMediator::setActiveSceneDatasetName : Old active dataset default changed to default successfully.
I1008 15:38:16.827052 697359 AttributesManagerBase.h:283] AttributesManager<T>::createFromJsonOrDefaultInternal  (Physics Manager) : Proposing JSON name : ./data/default.physics_config.json from original name : ./data/default.physics_config.json | This file  does not exist.
I1008 15:38:16.827075 697359 PhysicsAttributesManager.cpp:27] File (./data/default.physics_config.json) not found, so new default physics manager attributes created and registered.
I1008 15:38:16.827080 697359 AbstractObjectAttributesManagerBase.h:175] AbstractObjectAttributesManager<T>::createObject  (Stage) : Making attributes with handle : data/scene_datasets/mp3d/pRbA3pwrgk9/pRbA3pwrgk9.glb
I1008 15:38:16.827082 697359 ManagedContainerBase.cpp:19] ManagedContainerBase::convertFilenameToJSON : Filename : data/scene_datasets/mp3d/pRbA3pwrgk9/pRbA3pwrgk9.glb changed to proposed JSON configuration filename : data/scene_datasets/mp3d/pRbA3pwrgk9/pRbA3pwrgk9.stage_config.json
I1008 15:38:16.827096 697359 AttributesManagerBase.h:283] AttributesManager<T>::createFromJsonOrDefaultInternal  (Stage) : Proposing JSON name : data/scene_datasets/mp3d/pRbA3pwrgk9/pRbA3pwrgk9.stage_config.json from original name : data/scene_datasets/mp3d/pRbA3pwrgk9/pRbA3pwrgk9.glb | This file  does not exist.
I1008 15:38:16.827135 697359 AbstractObjectAttributesManagerBase.h:181] AbstractObjectAttributesManager<T>::createObject  (Stage) : Done making attributes with handle : data/scene_datasets/mp3d/pRbA3pwrgk9/pRbA3pwrgk9.glb
I1008 15:38:16.827137 697359 AbstractObjectAttributesManagerBase.h:188] File (data/scene_datasets/mp3d/pRbA3pwrgk9/pRbA3pwrgk9.glb) exists but is not a recognized config filename extension, so new default Stage attributes created and registered.
I1008 15:38:16.827140 697359 Simulator.cpp:156] Loading navmesh from data/scene_datasets/mp3d/pRbA3pwrgk9/pRbA3pwrgk9.navmesh
I1008 15:38:16.827246 697359 Simulator.cpp:158] Loaded.
I1008 15:38:16.827251 697359 SceneGraph.h:93] Created DrawableGroup: 
I1008 15:38:16.830559 697359 ResourceManager.cpp:234] ResourceManager::loadStage : Not loading semantic mesh
I1008 15:38:16.830565 697359 ResourceManager.cpp:262] ResourceManager::loadStage : start load render asset data/scene_datasets/mp3d/pRbA3pwrgk9/pRbA3pwrgk9.glb.
I1008 15:38:16.830566 697359 ResourceManager.cpp:569] ResourceManager::loadStageInternal : Attempting to load stage data/scene_datasets/mp3d/pRbA3pwrgk9/pRbA3pwrgk9.glb 
I1008 15:38:16.830585 697359 ResourceManager.cpp:1119] Importing Basis files as BC7 for pRbA3pwrgk9.glb
W1008 15:38:17.900236 697359 Simulator.cpp:248] :
---
 The active scene does not contain semantic annotations. 
---
I1008 15:38:17.951032 697359 simulator.py:213] Loaded navmesh data/scene_datasets/mp3d/pRbA3pwrgk9/pRbA3pwrgk9.navmesh
I1008 15:38:19.173189 697359 PhysicsManager.cpp:33] Deconstructing PhysicsManager
I1008 15:38:19.173218 697359 SemanticScene.h:41] Deconstructing SemanticScene
I1008 15:38:19.176563 697359 SceneManager.h:25] Deconstructing SceneManager
I1008 15:38:19.176568 697359 SceneGraph.h:26] Deconstructing SceneGraph
I1008 15:38:19.176920 697359 Sensor.h:87] Deconstructing Sensor
I1008 15:38:19.177304 697359 Sensor.h:87] Deconstructing Sensor
I1008 15:38:19.177405 697359 Sensor.h:87] Deconstructing Sensor
I1008 15:38:19.177513 697359 Sensor.h:87] Deconstructing Sensor
I1008 15:38:19.177611 697359 Sensor.h:87] Deconstructing Sensor
I1008 15:38:19.177712 697359 Sensor.h:87] Deconstructing Sensor
I1008 15:38:19.177815 697359 Sensor.h:87] Deconstructing Sensor
I1008 15:38:19.177911 697359 Sensor.h:87] Deconstructing Sensor
I1008 15:38:19.178012 697359 Sensor.h:87] Deconstructing Sensor
I1008 15:38:19.178110 697359 Sensor.h:87] Deconstructing Sensor
I1008 15:38:19.178206 697359 Sensor.h:87] Deconstructing Sensor
I1008 15:38:19.178306 697359 Sensor.h:87] Deconstructing Sensor
I1008 15:38:19.178490 697359 Sensor.h:87] Deconstructing Sensor
I1008 15:38:19.178627 697359 Sensor.h:87] Deconstructing Sensor
I1008 15:38:19.178758 697359 Sensor.h:87] Deconstructing Sensor
I1008 15:38:19.178881 697359 Sensor.h:87] Deconstructing Sensor
I1008 15:38:19.179006 697359 Sensor.h:87] Deconstructing Sensor
I1008 15:38:19.179126 697359 Sensor.h:87] Deconstructing Sensor
I1008 15:38:19.179251 697359 Sensor.h:87] Deconstructing Sensor
I1008 15:38:19.179376 697359 Sensor.h:87] Deconstructing Sensor
I1008 15:38:19.179497 697359 Sensor.h:87] Deconstructing Sensor
I1008 15:38:19.179617 697359 Sensor.h:87] Deconstructing Sensor
I1008 15:38:19.179747 697359 Sensor.h:87] Deconstructing Sensor
I1008 15:38:19.179908 697359 Sensor.h:87] Deconstructing Sensor
I1008 15:38:19.183281 697359 Renderer.cpp:34] Deconstructing Renderer
I1008 15:38:19.183291 697359 WindowlessContext.h:17] Deconstructing WindowlessContext
I1008 15:38:19.186087 697359 MetadataMediator.cpp:56] MetadataMediator::setActiveSceneDatasetName : Old active dataset default changed to default successfully.
I1008 15:38:19.186566 697359 AttributesManagerBase.h:283] AttributesManager<T>::createFromJsonOrDefaultInternal  (Physics Manager) : Proposing JSON name : ./data/default.physics_config.json from original name : ./data/default.physics_config.json | This file  does not exist.
I1008 15:38:19.186589 697359 PhysicsAttributesManager.cpp:27] File (./data/default.physics_config.json) not found, so new default physics manager attributes created and registered.
I1008 15:38:19.186592 697359 AbstractObjectAttributesManagerBase.h:175] AbstractObjectAttributesManager<T>::createObject  (Stage) : Making attributes with handle : data/scene_datasets/mp3d/ZMojNkEp431/ZMojNkEp431.glb
I1008 15:38:19.186595 697359 ManagedContainerBase.cpp:19] ManagedContainerBase::convertFilenameToJSON : Filename : data/scene_datasets/mp3d/ZMojNkEp431/ZMojNkEp431.glb changed to proposed JSON configuration filename : data/scene_datasets/mp3d/ZMojNkEp431/ZMojNkEp431.stage_config.json
I1008 15:38:19.186611 697359 AttributesManagerBase.h:283] AttributesManager<T>::createFromJsonOrDefaultInternal  (Stage) : Proposing JSON name : data/scene_datasets/mp3d/ZMojNkEp431/ZMojNkEp431.stage_config.json from original name : data/scene_datasets/mp3d/ZMojNkEp431/ZMojNkEp431.glb | This file  does not exist.
I1008 15:38:19.186651 697359 AbstractObjectAttributesManagerBase.h:181] AbstractObjectAttributesManager<T>::createObject  (Stage) : Done making attributes with handle : data/scene_datasets/mp3d/ZMojNkEp431/ZMojNkEp431.glb
I1008 15:38:19.186652 697359 AbstractObjectAttributesManagerBase.h:188] File (data/scene_datasets/mp3d/ZMojNkEp431/ZMojNkEp431.glb) exists but is not a recognized config filename extension, so new default Stage attributes created and registered.
I1008 15:38:19.186656 697359 Simulator.cpp:156] Loading navmesh from data/scene_datasets/mp3d/ZMojNkEp431/ZMojNkEp431.navmesh
I1008 15:38:19.186785 697359 Simulator.cpp:158] Loaded.
I1008 15:38:19.186791 697359 SceneGraph.h:93] Created DrawableGroup: 
I1008 15:38:19.190137 697359 ResourceManager.cpp:234] ResourceManager::loadStage : Not loading semantic mesh
I1008 15:38:19.190145 697359 ResourceManager.cpp:262] ResourceManager::loadStage : start load render asset data/scene_datasets/mp3d/ZMojNkEp431/ZMojNkEp431.glb.
I1008 15:38:19.190146 697359 ResourceManager.cpp:569] ResourceManager::loadStageInternal : Attempting to load stage data/scene_datasets/mp3d/ZMojNkEp431/ZMojNkEp431.glb 
I1008 15:38:19.190167 697359 ResourceManager.cpp:1119] Importing Basis files as BC7 for ZMojNkEp431.glb
W1008 15:38:20.472043 697359 Simulator.cpp:248] :
---
 The active scene does not contain semantic annotations. 
---
I1008 15:38:20.512503 697359 simulator.py:213] Loaded navmesh data/scene_datasets/mp3d/ZMojNkEp431/ZMojNkEp431.navmesh
I1008 15:38:20.932860 697359 PhysicsManager.cpp:33] Deconstructing PhysicsManager
I1008 15:38:20.932881 697359 SemanticScene.h:41] Deconstructing SemanticScene
I1008 15:38:20.936048 697359 SceneManager.h:25] Deconstructing SceneManager
I1008 15:38:20.936054 697359 SceneGraph.h:26] Deconstructing SceneGraph
I1008 15:38:20.936380 697359 Sensor.h:87] Deconstructing Sensor
I1008 15:38:20.936793 697359 Sensor.h:87] Deconstructing Sensor
I1008 15:38:20.936897 697359 Sensor.h:87] Deconstructing Sensor
I1008 15:38:20.937000 697359 Sensor.h:87] Deconstructing Sensor
I1008 15:38:20.937103 697359 Sensor.h:87] Deconstructing Sensor
I1008 15:38:20.937201 697359 Sensor.h:87] Deconstructing Sensor
I1008 15:38:20.937304 697359 Sensor.h:87] Deconstructing Sensor
I1008 15:38:20.937403 697359 Sensor.h:87] Deconstructing Sensor
I1008 15:38:20.937507 697359 Sensor.h:87] Deconstructing Sensor
I1008 15:38:20.937603 697359 Sensor.h:87] Deconstructing Sensor
I1008 15:38:20.937702 697359 Sensor.h:87] Deconstructing Sensor
I1008 15:38:20.937803 697359 Sensor.h:87] Deconstructing Sensor
I1008 15:38:20.937898 697359 Sensor.h:87] Deconstructing Sensor
I1008 15:38:20.938019 697359 Sensor.h:87] Deconstructing Sensor
I1008 15:38:20.938153 697359 Sensor.h:87] Deconstructing Sensor
I1008 15:38:20.938272 697359 Sensor.h:87] Deconstructing Sensor
I1008 15:38:20.938397 697359 Sensor.h:87] Deconstructing Sensor
I1008 15:38:20.938514 697359 Sensor.h:87] Deconstructing Sensor
I1008 15:38:20.938635 697359 Sensor.h:87] Deconstructing Sensor
I1008 15:38:20.938763 697359 Sensor.h:87] Deconstructing Sensor
I1008 15:38:20.938881 697359 Sensor.h:87] Deconstructing Sensor
I1008 15:38:20.939000 697359 Sensor.h:87] Deconstructing Sensor
I1008 15:38:20.939126 697359 Sensor.h:87] Deconstructing Sensor
I1008 15:38:20.939213 697359 Sensor.h:87] Deconstructing Sensor
I1008 15:38:20.941552 697359 Renderer.cpp:34] Deconstructing Renderer
I1008 15:38:20.941560 697359 WindowlessContext.h:17] Deconstructing WindowlessContext
I1008 15:38:20.944825 697359 MetadataMediator.cpp:56] MetadataMediator::setActiveSceneDatasetName : Old active dataset default changed to default successfully.
I1008 15:38:20.946214 697359 AttributesManagerBase.h:283] AttributesManager<T>::createFromJsonOrDefaultInternal  (Physics Manager) : Proposing JSON name : ./data/default.physics_config.json from original name : ./data/default.physics_config.json | This file  does not exist.
I1008 15:38:20.946247 697359 PhysicsAttributesManager.cpp:27] File (./data/default.physics_config.json) not found, so new default physics manager attributes created and registered.
I1008 15:38:20.946252 697359 AbstractObjectAttributesManagerBase.h:175] AbstractObjectAttributesManager<T>::createObject  (Stage) : Making attributes with handle : data/scene_datasets/mp3d/ur6pFq6Qu1A/ur6pFq6Qu1A.glb
I1008 15:38:20.946255 697359 ManagedContainerBase.cpp:19] ManagedContainerBase::convertFilenameToJSON : Filename : data/scene_datasets/mp3d/ur6pFq6Qu1A/ur6pFq6Qu1A.glb changed to proposed JSON configuration filename : data/scene_datasets/mp3d/ur6pFq6Qu1A/ur6pFq6Qu1A.stage_config.json
I1008 15:38:20.946270 697359 AttributesManagerBase.h:283] AttributesManager<T>::createFromJsonOrDefaultInternal  (Stage) : Proposing JSON name : data/scene_datasets/mp3d/ur6pFq6Qu1A/ur6pFq6Qu1A.stage_config.json from original name : data/scene_datasets/mp3d/ur6pFq6Qu1A/ur6pFq6Qu1A.glb | This file  does not exist.
I1008 15:38:20.946324 697359 AbstractObjectAttributesManagerBase.h:181] AbstractObjectAttributesManager<T>::createObject  (Stage) : Done making attributes with handle : data/scene_datasets/mp3d/ur6pFq6Qu1A/ur6pFq6Qu1A.glb
I1008 15:38:20.946326 697359 AbstractObjectAttributesManagerBase.h:188] File (data/scene_datasets/mp3d/ur6pFq6Qu1A/ur6pFq6Qu1A.glb) exists but is not a recognized config filename extension, so new default Stage attributes created and registered.
I1008 15:38:20.946329 697359 Simulator.cpp:156] Loading navmesh from data/scene_datasets/mp3d/ur6pFq6Qu1A/ur6pFq6Qu1A.navmesh
I1008 15:38:20.946575 697359 Simulator.cpp:158] Loaded.
I1008 15:38:20.946580 697359 SceneGraph.h:93] Created DrawableGroup: 
I1008 15:38:20.949975 697359 ResourceManager.cpp:234] ResourceManager::loadStage : Not loading semantic mesh
I1008 15:38:20.949981 697359 ResourceManager.cpp:262] ResourceManager::loadStage : start load render asset data/scene_datasets/mp3d/ur6pFq6Qu1A/ur6pFq6Qu1A.glb.
I1008 15:38:20.949983 697359 ResourceManager.cpp:569] ResourceManager::loadStageInternal : Attempting to load stage data/scene_datasets/mp3d/ur6pFq6Qu1A/ur6pFq6Qu1A.glb 
I1008 15:38:20.950001 697359 ResourceManager.cpp:1119] Importing Basis files as BC7 for ur6pFq6Qu1A.glb
W1008 15:38:23.144990 697359 Simulator.cpp:248] :
---
 The active scene does not contain semantic annotations. 
---
I1008 15:38:23.204411 697359 simulator.py:213] Loaded navmesh data/scene_datasets/mp3d/ur6pFq6Qu1A/ur6pFq6Qu1A.navmesh
I1008 15:38:23.758924 697359 PhysicsManager.cpp:33] Deconstructing PhysicsManager
I1008 15:38:23.759011 697359 SemanticScene.h:41] Deconstructing SemanticScene
I1008 15:38:23.762200 697359 SceneManager.h:25] Deconstructing SceneManager
I1008 15:38:23.762207 697359 SceneGraph.h:26] Deconstructing SceneGraph
I1008 15:38:23.762600 697359 Sensor.h:87] Deconstructing Sensor
I1008 15:38:23.763173 697359 Sensor.h:87] Deconstructing Sensor
I1008 15:38:23.763278 697359 Sensor.h:87] Deconstructing Sensor
I1008 15:38:23.763384 697359 Sensor.h:87] Deconstructing Sensor
I1008 15:38:23.763486 697359 Sensor.h:87] Deconstructing Sensor
I1008 15:38:23.763587 697359 Sensor.h:87] Deconstructing Sensor
I1008 15:38:23.763690 697359 Sensor.h:87] Deconstructing Sensor
I1008 15:38:23.763787 697359 Sensor.h:87] Deconstructing Sensor
I1008 15:38:23.763890 697359 Sensor.h:87] Deconstructing Sensor
I1008 15:38:23.763985 697359 Sensor.h:87] Deconstructing Sensor
I1008 15:38:23.764082 697359 Sensor.h:87] Deconstructing Sensor
I1008 15:38:23.764180 697359 Sensor.h:87] Deconstructing Sensor
I1008 15:38:23.764277 697359 Sensor.h:87] Deconstructing Sensor
I1008 15:38:23.764405 697359 Sensor.h:87] Deconstructing Sensor
I1008 15:38:23.764528 697359 Sensor.h:87] Deconstructing Sensor
I1008 15:38:23.764647 697359 Sensor.h:87] Deconstructing Sensor
I1008 15:38:23.764773 697359 Sensor.h:87] Deconstructing Sensor
I1008 15:38:23.764891 697359 Sensor.h:87] Deconstructing Sensor
I1008 15:38:23.765013 697359 Sensor.h:87] Deconstructing Sensor
I1008 15:38:23.765136 697359 Sensor.h:87] Deconstructing Sensor
I1008 15:38:23.765256 697359 Sensor.h:87] Deconstructing Sensor
I1008 15:38:23.765378 697359 Sensor.h:87] Deconstructing Sensor
I1008 15:38:23.765502 697359 Sensor.h:87] Deconstructing Sensor
I1008 15:38:23.765655 697359 Sensor.h:87] Deconstructing Sensor
I1008 15:38:23.769718 697359 Renderer.cpp:34] Deconstructing Renderer
I1008 15:38:23.769726 697359 WindowlessContext.h:17] Deconstructing WindowlessContext
I1008 15:38:23.774905 697359 MetadataMediator.cpp:56] MetadataMediator::setActiveSceneDatasetName : Old active dataset default changed to default successfully.
I1008 15:38:23.775540 697359 AttributesManagerBase.h:283] AttributesManager<T>::createFromJsonOrDefaultInternal  (Physics Manager) : Proposing JSON name : ./data/default.physics_config.json from original name : ./data/default.physics_config.json | This file  does not exist.
I1008 15:38:23.775559 697359 PhysicsAttributesManager.cpp:27] File (./data/default.physics_config.json) not found, so new default physics manager attributes created and registered.
I1008 15:38:23.775569 697359 AbstractObjectAttributesManagerBase.h:175] AbstractObjectAttributesManager<T>::createObject  (Stage) : Making attributes with handle : data/scene_datasets/mp3d/qoiz87JEwZ2/qoiz87JEwZ2.glb
I1008 15:38:23.775573 697359 ManagedContainerBase.cpp:19] ManagedContainerBase::convertFilenameToJSON : Filename : data/scene_datasets/mp3d/qoiz87JEwZ2/qoiz87JEwZ2.glb changed to proposed JSON configuration filename : data/scene_datasets/mp3d/qoiz87JEwZ2/qoiz87JEwZ2.stage_config.json
I1008 15:38:23.775585 697359 AttributesManagerBase.h:283] AttributesManager<T>::createFromJsonOrDefaultInternal  (Stage) : Proposing JSON name : data/scene_datasets/mp3d/qoiz87JEwZ2/qoiz87JEwZ2.stage_config.json from original name : data/scene_datasets/mp3d/qoiz87JEwZ2/qoiz87JEwZ2.glb | This file  does not exist.
I1008 15:38:23.775624 697359 AbstractObjectAttributesManagerBase.h:181] AbstractObjectAttributesManager<T>::createObject  (Stage) : Done making attributes with handle : data/scene_datasets/mp3d/qoiz87JEwZ2/qoiz87JEwZ2.glb
I1008 15:38:23.775624 697359 AbstractObjectAttributesManagerBase.h:188] File (data/scene_datasets/mp3d/qoiz87JEwZ2/qoiz87JEwZ2.glb) exists but is not a recognized config filename extension, so new default Stage attributes created and registered.
I1008 15:38:23.775627 697359 Simulator.cpp:156] Loading navmesh from data/scene_datasets/mp3d/qoiz87JEwZ2/qoiz87JEwZ2.navmesh
I1008 15:38:23.775728 697359 Simulator.cpp:158] Loaded.
I1008 15:38:23.775733 697359 SceneGraph.h:93] Created DrawableGroup: 
I1008 15:38:23.778712 697359 ResourceManager.cpp:234] ResourceManager::loadStage : Not loading semantic mesh
I1008 15:38:23.778716 697359 ResourceManager.cpp:262] ResourceManager::loadStage : start load render asset data/scene_datasets/mp3d/qoiz87JEwZ2/qoiz87JEwZ2.glb.
I1008 15:38:23.778718 697359 ResourceManager.cpp:569] ResourceManager::loadStageInternal : Attempting to load stage data/scene_datasets/mp3d/qoiz87JEwZ2/qoiz87JEwZ2.glb 
I1008 15:38:23.778726 697359 ResourceManager.cpp:1119] Importing Basis files as BC7 for qoiz87JEwZ2.glb
W1008 15:38:25.446338 697359 Simulator.cpp:248] :
---
 The active scene does not contain semantic annotations. 
---
I1008 15:38:25.504440 697359 simulator.py:213] Loaded navmesh data/scene_datasets/mp3d/qoiz87JEwZ2/qoiz87JEwZ2.navmesh
I1008 15:38:26.083810 697359 PhysicsManager.cpp:33] Deconstructing PhysicsManager
I1008 15:38:26.083839 697359 SemanticScene.h:41] Deconstructing SemanticScene
I1008 15:38:26.087430 697359 SceneManager.h:25] Deconstructing SceneManager
I1008 15:38:26.087437 697359 SceneGraph.h:26] Deconstructing SceneGraph
I1008 15:38:26.087816 697359 Sensor.h:87] Deconstructing Sensor
I1008 15:38:26.088280 697359 Sensor.h:87] Deconstructing Sensor
I1008 15:38:26.088388 697359 Sensor.h:87] Deconstructing Sensor
I1008 15:38:26.088498 697359 Sensor.h:87] Deconstructing Sensor
I1008 15:38:26.088600 697359 Sensor.h:87] Deconstructing Sensor
I1008 15:38:26.088702 697359 Sensor.h:87] Deconstructing Sensor
I1008 15:38:26.088809 697359 Sensor.h:87] Deconstructing Sensor
I1008 15:38:26.088907 697359 Sensor.h:87] Deconstructing Sensor
I1008 15:38:26.089015 697359 Sensor.h:87] Deconstructing Sensor
I1008 15:38:26.089111 697359 Sensor.h:87] Deconstructing Sensor
I1008 15:38:26.089212 697359 Sensor.h:87] Deconstructing Sensor
I1008 15:38:26.089318 697359 Sensor.h:87] Deconstructing Sensor
I1008 15:38:26.089418 697359 Sensor.h:87] Deconstructing Sensor
I1008 15:38:26.089545 697359 Sensor.h:87] Deconstructing Sensor
I1008 15:38:26.089679 697359 Sensor.h:87] Deconstructing Sensor
I1008 15:38:26.089811 697359 Sensor.h:87] Deconstructing Sensor
I1008 15:38:26.089941 697359 Sensor.h:87] Deconstructing Sensor
I1008 15:38:26.090066 697359 Sensor.h:87] Deconstructing Sensor
I1008 15:38:26.090193 697359 Sensor.h:87] Deconstructing Sensor
I1008 15:38:26.090319 697359 Sensor.h:87] Deconstructing Sensor
I1008 15:38:26.090551 697359 Sensor.h:87] Deconstructing Sensor
I1008 15:38:26.090706 697359 Sensor.h:87] Deconstructing Sensor
I1008 15:38:26.090858 697359 Sensor.h:87] Deconstructing Sensor
I1008 15:38:26.090937 697359 Sensor.h:87] Deconstructing Sensor
I1008 15:38:26.096112 697359 Renderer.cpp:34] Deconstructing Renderer
I1008 15:38:26.096132 697359 WindowlessContext.h:17] Deconstructing WindowlessContext
I1008 15:38:26.099498 697359 MetadataMediator.cpp:56] MetadataMediator::setActiveSceneDatasetName : Old active dataset default changed to default successfully.
I1008 15:38:26.100265 697359 AttributesManagerBase.h:283] AttributesManager<T>::createFromJsonOrDefaultInternal  (Physics Manager) : Proposing JSON name : ./data/default.physics_config.json from original name : ./data/default.physics_config.json | This file  does not exist.
I1008 15:38:26.100287 697359 PhysicsAttributesManager.cpp:27] File (./data/default.physics_config.json) not found, so new default physics manager attributes created and registered.
I1008 15:38:26.100292 697359 AbstractObjectAttributesManagerBase.h:175] AbstractObjectAttributesManager<T>::createObject  (Stage) : Making attributes with handle : data/scene_datasets/mp3d/JmbYfDe2QKZ/JmbYfDe2QKZ.glb
I1008 15:38:26.100296 697359 ManagedContainerBase.cpp:19] ManagedContainerBase::convertFilenameToJSON : Filename : data/scene_datasets/mp3d/JmbYfDe2QKZ/JmbYfDe2QKZ.glb changed to proposed JSON configuration filename : data/scene_datasets/mp3d/JmbYfDe2QKZ/JmbYfDe2QKZ.stage_config.json
I1008 15:38:26.100309 697359 AttributesManagerBase.h:283] AttributesManager<T>::createFromJsonOrDefaultInternal  (Stage) : Proposing JSON name : data/scene_datasets/mp3d/JmbYfDe2QKZ/JmbYfDe2QKZ.stage_config.json from original name : data/scene_datasets/mp3d/JmbYfDe2QKZ/JmbYfDe2QKZ.glb | This file  does not exist.
I1008 15:38:26.100353 697359 AbstractObjectAttributesManagerBase.h:181] AbstractObjectAttributesManager<T>::createObject  (Stage) : Done making attributes with handle : data/scene_datasets/mp3d/JmbYfDe2QKZ/JmbYfDe2QKZ.glb
I1008 15:38:26.100354 697359 AbstractObjectAttributesManagerBase.h:188] File (data/scene_datasets/mp3d/JmbYfDe2QKZ/JmbYfDe2QKZ.glb) exists but is not a recognized config filename extension, so new default Stage attributes created and registered.
I1008 15:38:26.100358 697359 Simulator.cpp:156] Loading navmesh from data/scene_datasets/mp3d/JmbYfDe2QKZ/JmbYfDe2QKZ.navmesh
I1008 15:38:26.100477 697359 Simulator.cpp:158] Loaded.
I1008 15:38:26.100482 697359 SceneGraph.h:93] Created DrawableGroup: 
I1008 15:38:26.103572 697359 ResourceManager.cpp:234] ResourceManager::loadStage : Not loading semantic mesh
I1008 15:38:26.103578 697359 ResourceManager.cpp:262] ResourceManager::loadStage : start load render asset data/scene_datasets/mp3d/JmbYfDe2QKZ/JmbYfDe2QKZ.glb.
I1008 15:38:26.103579 697359 ResourceManager.cpp:569] ResourceManager::loadStageInternal : Attempting to load stage data/scene_datasets/mp3d/JmbYfDe2QKZ/JmbYfDe2QKZ.glb 
I1008 15:38:26.103588 697359 ResourceManager.cpp:1119] Importing Basis files as BC7 for JmbYfDe2QKZ.glb
W1008 15:38:27.133037 697359 Simulator.cpp:248] :
---
 The active scene does not contain semantic annotations. 
---
I1008 15:38:27.179522 697359 simulator.py:213] Loaded navmesh data/scene_datasets/mp3d/JmbYfDe2QKZ/JmbYfDe2QKZ.navmesh
I1008 15:38:27.746742 697359 PhysicsManager.cpp:33] Deconstructing PhysicsManager
I1008 15:38:27.746767 697359 SemanticScene.h:41] Deconstructing SemanticScene
I1008 15:38:27.750214 697359 SceneManager.h:25] Deconstructing SceneManager
I1008 15:38:27.750221 697359 SceneGraph.h:26] Deconstructing SceneGraph
I1008 15:38:27.750587 697359 Sensor.h:87] Deconstructing Sensor
I1008 15:38:27.751117 697359 Sensor.h:87] Deconstructing Sensor
I1008 15:38:27.751220 697359 Sensor.h:87] Deconstructing Sensor
I1008 15:38:27.751323 697359 Sensor.h:87] Deconstructing Sensor
I1008 15:38:27.751423 697359 Sensor.h:87] Deconstructing Sensor
I1008 15:38:27.751519 697359 Sensor.h:87] Deconstructing Sensor
I1008 15:38:27.751619 697359 Sensor.h:87] Deconstructing Sensor
I1008 15:38:27.751717 697359 Sensor.h:87] Deconstructing Sensor
I1008 15:38:27.751829 697359 Sensor.h:87] Deconstructing Sensor
I1008 15:38:27.751924 697359 Sensor.h:87] Deconstructing Sensor
I1008 15:38:27.752020 697359 Sensor.h:87] Deconstructing Sensor
I1008 15:38:27.752117 697359 Sensor.h:87] Deconstructing Sensor
I1008 15:38:27.752215 697359 Sensor.h:87] Deconstructing Sensor
I1008 15:38:27.752333 697359 Sensor.h:87] Deconstructing Sensor
I1008 15:38:27.752457 697359 Sensor.h:87] Deconstructing Sensor
I1008 15:38:27.752573 697359 Sensor.h:87] Deconstructing Sensor
I1008 15:38:27.752700 697359 Sensor.h:87] Deconstructing Sensor
I1008 15:38:27.752817 697359 Sensor.h:87] Deconstructing Sensor
I1008 15:38:27.752936 697359 Sensor.h:87] Deconstructing Sensor
I1008 15:38:27.753055 697359 Sensor.h:87] Deconstructing Sensor
I1008 15:38:27.753173 697359 Sensor.h:87] Deconstructing Sensor
I1008 15:38:27.753289 697359 Sensor.h:87] Deconstructing Sensor
I1008 15:38:27.753418 697359 Sensor.h:87] Deconstructing Sensor
I1008 15:38:27.753515 697359 Sensor.h:87] Deconstructing Sensor
I1008 15:38:27.756850 697359 Renderer.cpp:34] Deconstructing Renderer
I1008 15:38:27.756862 697359 WindowlessContext.h:17] Deconstructing WindowlessContext
I1008 15:38:27.759438 697359 MetadataMediator.cpp:56] MetadataMediator::setActiveSceneDatasetName : Old active dataset default changed to default successfully.
I1008 15:38:27.760360 697359 AttributesManagerBase.h:283] AttributesManager<T>::createFromJsonOrDefaultInternal  (Physics Manager) : Proposing JSON name : ./data/default.physics_config.json from original name : ./data/default.physics_config.json | This file  does not exist.
I1008 15:38:27.760388 697359 PhysicsAttributesManager.cpp:27] File (./data/default.physics_config.json) not found, so new default physics manager attributes created and registered.
I1008 15:38:27.760392 697359 AbstractObjectAttributesManagerBase.h:175] AbstractObjectAttributesManager<T>::createObject  (Stage) : Making attributes with handle : data/scene_datasets/mp3d/2n8kARJN3HM/2n8kARJN3HM.glb
I1008 15:38:27.760396 697359 ManagedContainerBase.cpp:19] ManagedContainerBase::convertFilenameToJSON : Filename : data/scene_datasets/mp3d/2n8kARJN3HM/2n8kARJN3HM.glb changed to proposed JSON configuration filename : data/scene_datasets/mp3d/2n8kARJN3HM/2n8kARJN3HM.stage_config.json
I1008 15:38:27.760413 697359 AttributesManagerBase.h:283] AttributesManager<T>::createFromJsonOrDefaultInternal  (Stage) : Proposing JSON name : data/scene_datasets/mp3d/2n8kARJN3HM/2n8kARJN3HM.stage_config.json from original name : data/scene_datasets/mp3d/2n8kARJN3HM/2n8kARJN3HM.glb | This file  does not exist.
I1008 15:38:27.760456 697359 AbstractObjectAttributesManagerBase.h:181] AbstractObjectAttributesManager<T>::createObject  (Stage) : Done making attributes with handle : data/scene_datasets/mp3d/2n8kARJN3HM/2n8kARJN3HM.glb
I1008 15:38:27.760457 697359 AbstractObjectAttributesManagerBase.h:188] File (data/scene_datasets/mp3d/2n8kARJN3HM/2n8kARJN3HM.glb) exists but is not a recognized config filename extension, so new default Stage attributes created and registered.
I1008 15:38:27.760460 697359 Simulator.cpp:156] Loading navmesh from data/scene_datasets/mp3d/2n8kARJN3HM/2n8kARJN3HM.navmesh
I1008 15:38:27.760701 697359 Simulator.cpp:158] Loaded.
I1008 15:38:27.760708 697359 SceneGraph.h:93] Created DrawableGroup: 
I1008 15:38:27.764403 697359 ResourceManager.cpp:234] ResourceManager::loadStage : Not loading semantic mesh
I1008 15:38:27.764412 697359 ResourceManager.cpp:262] ResourceManager::loadStage : start load render asset data/scene_datasets/mp3d/2n8kARJN3HM/2n8kARJN3HM.glb.
I1008 15:38:27.764415 697359 ResourceManager.cpp:569] ResourceManager::loadStageInternal : Attempting to load stage data/scene_datasets/mp3d/2n8kARJN3HM/2n8kARJN3HM.glb 
I1008 15:38:27.764439 697359 ResourceManager.cpp:1119] Importing Basis files as BC7 for 2n8kARJN3HM.glb
W1008 15:38:30.268966 697359 Simulator.cpp:248] :
---
 The active scene does not contain semantic annotations. 
---
I1008 15:38:30.335888 697359 simulator.py:213] Loaded navmesh data/scene_datasets/mp3d/2n8kARJN3HM/2n8kARJN3HM.navmesh
I1008 15:38:31.323741 697359 PhysicsManager.cpp:33] Deconstructing PhysicsManager
I1008 15:38:31.323774 697359 SemanticScene.h:41] Deconstructing SemanticScene
I1008 15:38:31.331007 697359 SceneManager.h:25] Deconstructing SceneManager
I1008 15:38:31.331030 697359 SceneGraph.h:26] Deconstructing SceneGraph
I1008 15:38:31.331511 697359 Sensor.h:87] Deconstructing Sensor
I1008 15:38:31.332029 697359 Sensor.h:87] Deconstructing Sensor
I1008 15:38:31.332144 697359 Sensor.h:87] Deconstructing Sensor
I1008 15:38:31.332254 697359 Sensor.h:87] Deconstructing Sensor
I1008 15:38:31.332357 697359 Sensor.h:87] Deconstructing Sensor
I1008 15:38:31.332461 697359 Sensor.h:87] Deconstructing Sensor
I1008 15:38:31.332566 697359 Sensor.h:87] Deconstructing Sensor
I1008 15:38:31.332669 697359 Sensor.h:87] Deconstructing Sensor
I1008 15:38:31.332772 697359 Sensor.h:87] Deconstructing Sensor
I1008 15:38:31.332873 697359 Sensor.h:87] Deconstructing Sensor
I1008 15:38:31.332971 697359 Sensor.h:87] Deconstructing Sensor
I1008 15:38:31.333072 697359 Sensor.h:87] Deconstructing Sensor
I1008 15:38:31.333169 697359 Sensor.h:87] Deconstructing Sensor
I1008 15:38:31.333299 697359 Sensor.h:87] Deconstructing Sensor
I1008 15:38:31.333431 697359 Sensor.h:87] Deconstructing Sensor
I1008 15:38:31.333550 697359 Sensor.h:87] Deconstructing Sensor
I1008 15:38:31.333676 697359 Sensor.h:87] Deconstructing Sensor
I1008 15:38:31.333796 697359 Sensor.h:87] Deconstructing Sensor
I1008 15:38:31.333917 697359 Sensor.h:87] Deconstructing Sensor
I1008 15:38:31.334039 697359 Sensor.h:87] Deconstructing Sensor
I1008 15:38:31.334159 697359 Sensor.h:87] Deconstructing Sensor
I1008 15:38:31.334282 697359 Sensor.h:87] Deconstructing Sensor
I1008 15:38:31.334410 697359 Sensor.h:87] Deconstructing Sensor
I1008 15:38:31.334501 697359 Sensor.h:87] Deconstructing Sensor
I1008 15:38:31.339792 697359 Renderer.cpp:34] Deconstructing Renderer
I1008 15:38:31.339812 697359 WindowlessContext.h:17] Deconstructing WindowlessContext
I1008 15:38:31.345315 697359 MetadataMediator.cpp:56] MetadataMediator::setActiveSceneDatasetName : Old active dataset default changed to default successfully.
I1008 15:38:31.346655 697359 AttributesManagerBase.h:283] AttributesManager<T>::createFromJsonOrDefaultInternal  (Physics Manager) : Proposing JSON name : ./data/default.physics_config.json from original name : ./data/default.physics_config.json | This file  does not exist.
I1008 15:38:31.346689 697359 PhysicsAttributesManager.cpp:27] File (./data/default.physics_config.json) not found, so new default physics manager attributes created and registered.
I1008 15:38:31.346694 697359 AbstractObjectAttributesManagerBase.h:175] AbstractObjectAttributesManager<T>::createObject  (Stage) : Making attributes with handle : data/scene_datasets/mp3d/PX4nDJXEHrG/PX4nDJXEHrG.glb
I1008 15:38:31.346697 697359 ManagedContainerBase.cpp:19] ManagedContainerBase::convertFilenameToJSON : Filename : data/scene_datasets/mp3d/PX4nDJXEHrG/PX4nDJXEHrG.glb changed to proposed JSON configuration filename : data/scene_datasets/mp3d/PX4nDJXEHrG/PX4nDJXEHrG.stage_config.json
I1008 15:38:31.346714 697359 AttributesManagerBase.h:283] AttributesManager<T>::createFromJsonOrDefaultInternal  (Stage) : Proposing JSON name : data/scene_datasets/mp3d/PX4nDJXEHrG/PX4nDJXEHrG.stage_config.json from original name : data/scene_datasets/mp3d/PX4nDJXEHrG/PX4nDJXEHrG.glb | This file  does not exist.
I1008 15:38:31.346760 697359 AbstractObjectAttributesManagerBase.h:181] AbstractObjectAttributesManager<T>::createObject  (Stage) : Done making attributes with handle : data/scene_datasets/mp3d/PX4nDJXEHrG/PX4nDJXEHrG.glb
I1008 15:38:31.346761 697359 AbstractObjectAttributesManagerBase.h:188] File (data/scene_datasets/mp3d/PX4nDJXEHrG/PX4nDJXEHrG.glb) exists but is not a recognized config filename extension, so new default Stage attributes created and registered.
I1008 15:38:31.346765 697359 Simulator.cpp:156] Loading navmesh from data/scene_datasets/mp3d/PX4nDJXEHrG/PX4nDJXEHrG.navmesh
I1008 15:38:31.347074 697359 Simulator.cpp:158] Loaded.
I1008 15:38:31.347087 697359 SceneGraph.h:93] Created DrawableGroup: 
I1008 15:38:31.350435 697359 ResourceManager.cpp:234] ResourceManager::loadStage : Not loading semantic mesh
I1008 15:38:31.350441 697359 ResourceManager.cpp:262] ResourceManager::loadStage : start load render asset data/scene_datasets/mp3d/PX4nDJXEHrG/PX4nDJXEHrG.glb.
I1008 15:38:31.350443 697359 ResourceManager.cpp:569] ResourceManager::loadStageInternal : Attempting to load stage data/scene_datasets/mp3d/PX4nDJXEHrG/PX4nDJXEHrG.glb 
I1008 15:38:31.350461 697359 ResourceManager.cpp:1119] Importing Basis files as BC7 for PX4nDJXEHrG.glb
W1008 15:38:33.965754 697359 Simulator.cpp:248] :
---
 The active scene does not contain semantic annotations. 
---
I1008 15:38:34.059953 697359 simulator.py:213] Loaded navmesh data/scene_datasets/mp3d/PX4nDJXEHrG/PX4nDJXEHrG.navmesh
I1008 15:38:36.957213 697359 PhysicsManager.cpp:33] Deconstructing PhysicsManager
I1008 15:38:36.957239 697359 SemanticScene.h:41] Deconstructing SemanticScene
I1008 15:38:36.963660 697359 SceneManager.h:25] Deconstructing SceneManager
I1008 15:38:36.963680 697359 SceneGraph.h:26] Deconstructing SceneGraph
I1008 15:38:36.964205 697359 Sensor.h:87] Deconstructing Sensor
I1008 15:38:36.964692 697359 Sensor.h:87] Deconstructing Sensor
I1008 15:38:36.964802 697359 Sensor.h:87] Deconstructing Sensor
I1008 15:38:36.964911 697359 Sensor.h:87] Deconstructing Sensor
I1008 15:38:36.965009 697359 Sensor.h:87] Deconstructing Sensor
I1008 15:38:36.965106 697359 Sensor.h:87] Deconstructing Sensor
I1008 15:38:36.965210 697359 Sensor.h:87] Deconstructing Sensor
I1008 15:38:36.965309 697359 Sensor.h:87] Deconstructing Sensor
I1008 15:38:36.965410 697359 Sensor.h:87] Deconstructing Sensor
I1008 15:38:36.965509 697359 Sensor.h:87] Deconstructing Sensor
I1008 15:38:36.965605 697359 Sensor.h:87] Deconstructing Sensor
I1008 15:38:36.965709 697359 Sensor.h:87] Deconstructing Sensor
I1008 15:38:36.965806 697359 Sensor.h:87] Deconstructing Sensor
I1008 15:38:36.965932 697359 Sensor.h:87] Deconstructing Sensor
I1008 15:38:36.966061 697359 Sensor.h:87] Deconstructing Sensor
I1008 15:38:36.966182 697359 Sensor.h:87] Deconstructing Sensor
I1008 15:38:36.966307 697359 Sensor.h:87] Deconstructing Sensor
I1008 15:38:36.966427 697359 Sensor.h:87] Deconstructing Sensor
I1008 15:38:36.966549 697359 Sensor.h:87] Deconstructing Sensor
I1008 15:38:36.966674 697359 Sensor.h:87] Deconstructing Sensor
I1008 15:38:36.966797 697359 Sensor.h:87] Deconstructing Sensor
I1008 15:38:36.966917 697359 Sensor.h:87] Deconstructing Sensor
I1008 15:38:36.967046 697359 Sensor.h:87] Deconstructing Sensor
I1008 15:38:36.967199 697359 Sensor.h:87] Deconstructing Sensor
I1008 15:38:36.973415 697359 Renderer.cpp:34] Deconstructing Renderer
I1008 15:38:36.973424 697359 WindowlessContext.h:17] Deconstructing WindowlessContext
I1008 15:38:36.979105 697359 MetadataMediator.cpp:56] MetadataMediator::setActiveSceneDatasetName : Old active dataset default changed to default successfully.
I1008 15:38:36.979874 697359 AttributesManagerBase.h:283] AttributesManager<T>::createFromJsonOrDefaultInternal  (Physics Manager) : Proposing JSON name : ./data/default.physics_config.json from original name : ./data/default.physics_config.json | This file  does not exist.
I1008 15:38:36.979897 697359 PhysicsAttributesManager.cpp:27] File (./data/default.physics_config.json) not found, so new default physics manager attributes created and registered.
I1008 15:38:36.979902 697359 AbstractObjectAttributesManagerBase.h:175] AbstractObjectAttributesManager<T>::createObject  (Stage) : Making attributes with handle : data/scene_datasets/mp3d/ur6pFq6Qu1A/ur6pFq6Qu1A.glb
I1008 15:38:36.979904 697359 ManagedContainerBase.cpp:19] ManagedContainerBase::convertFilenameToJSON : Filename : data/scene_datasets/mp3d/ur6pFq6Qu1A/ur6pFq6Qu1A.glb changed to proposed JSON configuration filename : data/scene_datasets/mp3d/ur6pFq6Qu1A/ur6pFq6Qu1A.stage_config.json
I1008 15:38:36.979919 697359 AttributesManagerBase.h:283] AttributesManager<T>::createFromJsonOrDefaultInternal  (Stage) : Proposing JSON name : data/scene_datasets/mp3d/ur6pFq6Qu1A/ur6pFq6Qu1A.stage_config.json from original name : data/scene_datasets/mp3d/ur6pFq6Qu1A/ur6pFq6Qu1A.glb | This file  does not exist.
I1008 15:38:36.979967 697359 AbstractObjectAttributesManagerBase.h:181] AbstractObjectAttributesManager<T>::createObject  (Stage) : Done making attributes with handle : data/scene_datasets/mp3d/ur6pFq6Qu1A/ur6pFq6Qu1A.glb
I1008 15:38:36.979969 697359 AbstractObjectAttributesManagerBase.h:188] File (data/scene_datasets/mp3d/ur6pFq6Qu1A/ur6pFq6Qu1A.glb) exists but is not a recognized config filename extension, so new default Stage attributes created and registered.
I1008 15:38:36.979971 697359 Simulator.cpp:156] Loading navmesh from data/scene_datasets/mp3d/ur6pFq6Qu1A/ur6pFq6Qu1A.navmesh
I1008 15:38:36.980172 697359 Simulator.cpp:158] Loaded.
I1008 15:38:36.980176 697359 SceneGraph.h:93] Created DrawableGroup: 
I1008 15:38:36.983188 697359 ResourceManager.cpp:234] ResourceManager::loadStage : Not loading semantic mesh
I1008 15:38:36.983193 697359 ResourceManager.cpp:262] ResourceManager::loadStage : start load render asset data/scene_datasets/mp3d/ur6pFq6Qu1A/ur6pFq6Qu1A.glb.
I1008 15:38:36.983194 697359 ResourceManager.cpp:569] ResourceManager::loadStageInternal : Attempting to load stage data/scene_datasets/mp3d/ur6pFq6Qu1A/ur6pFq6Qu1A.glb 
I1008 15:38:36.983208 697359 ResourceManager.cpp:1119] Importing Basis files as BC7 for ur6pFq6Qu1A.glb
W1008 15:38:39.147159 697359 Simulator.cpp:248] :
---
 The active scene does not contain semantic annotations. 
---
I1008 15:38:39.208078 697359 simulator.py:213] Loaded navmesh data/scene_datasets/mp3d/ur6pFq6Qu1A/ur6pFq6Qu1A.navmesh
I1008 15:38:39.573267 697359 PhysicsManager.cpp:33] Deconstructing PhysicsManager
I1008 15:38:39.573292 697359 SemanticScene.h:41] Deconstructing SemanticScene
I1008 15:38:39.576938 697359 SceneManager.h:25] Deconstructing SceneManager
I1008 15:38:39.576947 697359 SceneGraph.h:26] Deconstructing SceneGraph
I1008 15:38:39.577343 697359 Sensor.h:87] Deconstructing Sensor
I1008 15:38:39.577945 697359 Sensor.h:87] Deconstructing Sensor
I1008 15:38:39.578052 697359 Sensor.h:87] Deconstructing Sensor
I1008 15:38:39.578161 697359 Sensor.h:87] Deconstructing Sensor
I1008 15:38:39.578261 697359 Sensor.h:87] Deconstructing Sensor
I1008 15:38:39.578359 697359 Sensor.h:87] Deconstructing Sensor
I1008 15:38:39.578462 697359 Sensor.h:87] Deconstructing Sensor
I1008 15:38:39.578560 697359 Sensor.h:87] Deconstructing Sensor
I1008 15:38:39.578665 697359 Sensor.h:87] Deconstructing Sensor
I1008 15:38:39.578859 697359 Sensor.h:87] Deconstructing Sensor
I1008 15:38:39.579022 697359 Sensor.h:87] Deconstructing Sensor
I1008 15:38:39.579125 697359 Sensor.h:87] Deconstructing Sensor
I1008 15:38:39.579226 697359 Sensor.h:87] Deconstructing Sensor
I1008 15:38:39.579355 697359 Sensor.h:87] Deconstructing Sensor
I1008 15:38:39.579484 697359 Sensor.h:87] Deconstructing Sensor
I1008 15:38:39.579602 697359 Sensor.h:87] Deconstructing Sensor
I1008 15:38:39.579731 697359 Sensor.h:87] Deconstructing Sensor
I1008 15:38:39.579854 697359 Sensor.h:87] Deconstructing Sensor
I1008 15:38:39.579978 697359 Sensor.h:87] Deconstructing Sensor
I1008 15:38:39.580101 697359 Sensor.h:87] Deconstructing Sensor
I1008 15:38:39.580222 697359 Sensor.h:87] Deconstructing Sensor
I1008 15:38:39.580345 697359 Sensor.h:87] Deconstructing Sensor
I1008 15:38:39.580473 697359 Sensor.h:87] Deconstructing Sensor
I1008 15:38:39.580647 697359 Sensor.h:87] Deconstructing Sensor
I1008 15:38:39.584764 697359 Renderer.cpp:34] Deconstructing Renderer
I1008 15:38:39.584776 697359 WindowlessContext.h:17] Deconstructing WindowlessContext
I1008 15:38:39.590152 697359 MetadataMediator.cpp:56] MetadataMediator::setActiveSceneDatasetName : Old active dataset default changed to default successfully.
I1008 15:38:39.591794 697359 AttributesManagerBase.h:283] AttributesManager<T>::createFromJsonOrDefaultInternal  (Physics Manager) : Proposing JSON name : ./data/default.physics_config.json from original name : ./data/default.physics_config.json | This file  does not exist.
I1008 15:38:39.591843 697359 PhysicsAttributesManager.cpp:27] File (./data/default.physics_config.json) not found, so new default physics manager attributes created and registered.
I1008 15:38:39.591849 697359 AbstractObjectAttributesManagerBase.h:175] AbstractObjectAttributesManager<T>::createObject  (Stage) : Making attributes with handle : data/scene_datasets/mp3d/qoiz87JEwZ2/qoiz87JEwZ2.glb
I1008 15:38:39.591852 697359 ManagedContainerBase.cpp:19] ManagedContainerBase::convertFilenameToJSON : Filename : data/scene_datasets/mp3d/qoiz87JEwZ2/qoiz87JEwZ2.glb changed to proposed JSON configuration filename : data/scene_datasets/mp3d/qoiz87JEwZ2/qoiz87JEwZ2.stage_config.json
I1008 15:38:39.591871 697359 AttributesManagerBase.h:283] AttributesManager<T>::createFromJsonOrDefaultInternal  (Stage) : Proposing JSON name : data/scene_datasets/mp3d/qoiz87JEwZ2/qoiz87JEwZ2.stage_config.json from original name : data/scene_datasets/mp3d/qoiz87JEwZ2/qoiz87JEwZ2.glb | This file  does not exist.
I1008 15:38:39.591919 697359 AbstractObjectAttributesManagerBase.h:181] AbstractObjectAttributesManager<T>::createObject  (Stage) : Done making attributes with handle : data/scene_datasets/mp3d/qoiz87JEwZ2/qoiz87JEwZ2.glb
I1008 15:38:39.591920 697359 AbstractObjectAttributesManagerBase.h:188] File (data/scene_datasets/mp3d/qoiz87JEwZ2/qoiz87JEwZ2.glb) exists but is not a recognized config filename extension, so new default Stage attributes created and registered.
I1008 15:38:39.591923 697359 Simulator.cpp:156] Loading navmesh from data/scene_datasets/mp3d/qoiz87JEwZ2/qoiz87JEwZ2.navmesh
I1008 15:38:39.592089 697359 Simulator.cpp:158] Loaded.
I1008 15:38:39.592095 697359 SceneGraph.h:93] Created DrawableGroup: 
I1008 15:38:39.596280 697359 ResourceManager.cpp:234] ResourceManager::loadStage : Not loading semantic mesh
I1008 15:38:39.596287 697359 ResourceManager.cpp:262] ResourceManager::loadStage : start load render asset data/scene_datasets/mp3d/qoiz87JEwZ2/qoiz87JEwZ2.glb.
I1008 15:38:39.596289 697359 ResourceManager.cpp:569] ResourceManager::loadStageInternal : Attempting to load stage data/scene_datasets/mp3d/qoiz87JEwZ2/qoiz87JEwZ2.glb 
I1008 15:38:39.596309 697359 ResourceManager.cpp:1119] Importing Basis files as BC7 for qoiz87JEwZ2.glb
W1008 15:38:41.235582 697359 Simulator.cpp:248] :
---
 The active scene does not contain semantic annotations. 
---
I1008 15:38:41.294327 697359 simulator.py:213] Loaded navmesh data/scene_datasets/mp3d/qoiz87JEwZ2/qoiz87JEwZ2.navmesh
I1008 15:38:41.643397 697359 PhysicsManager.cpp:33] Deconstructing PhysicsManager
I1008 15:38:41.643419 697359 SemanticScene.h:41] Deconstructing SemanticScene
I1008 15:38:41.647200 697359 SceneManager.h:25] Deconstructing SceneManager
I1008 15:38:41.647207 697359 SceneGraph.h:26] Deconstructing SceneGraph
I1008 15:38:41.647547 697359 Sensor.h:87] Deconstructing Sensor
I1008 15:38:41.647832 697359 Sensor.h:87] Deconstructing Sensor
I1008 15:38:41.647936 697359 Sensor.h:87] Deconstructing Sensor
I1008 15:38:41.648041 697359 Sensor.h:87] Deconstructing Sensor
I1008 15:38:41.648155 697359 Sensor.h:87] Deconstructing Sensor
I1008 15:38:41.648255 697359 Sensor.h:87] Deconstructing Sensor
I1008 15:38:41.648360 697359 Sensor.h:87] Deconstructing Sensor
I1008 15:38:41.648458 697359 Sensor.h:87] Deconstructing Sensor
I1008 15:38:41.648566 697359 Sensor.h:87] Deconstructing Sensor
I1008 15:38:41.648666 697359 Sensor.h:87] Deconstructing Sensor
I1008 15:38:41.648763 697359 Sensor.h:87] Deconstructing Sensor
I1008 15:38:41.648869 697359 Sensor.h:87] Deconstructing Sensor
I1008 15:38:41.648965 697359 Sensor.h:87] Deconstructing Sensor
I1008 15:38:41.649093 697359 Sensor.h:87] Deconstructing Sensor
I1008 15:38:41.649223 697359 Sensor.h:87] Deconstructing Sensor
I1008 15:38:41.649343 697359 Sensor.h:87] Deconstructing Sensor
I1008 15:38:41.649471 697359 Sensor.h:87] Deconstructing Sensor
I1008 15:38:41.649593 697359 Sensor.h:87] Deconstructing Sensor
I1008 15:38:41.649718 697359 Sensor.h:87] Deconstructing Sensor
I1008 15:38:41.649848 697359 Sensor.h:87] Deconstructing Sensor
I1008 15:38:41.649981 697359 Sensor.h:87] Deconstructing Sensor
I1008 15:38:41.650106 697359 Sensor.h:87] Deconstructing Sensor
I1008 15:38:41.650278 697359 Sensor.h:87] Deconstructing Sensor
I1008 15:38:41.650355 697359 Sensor.h:87] Deconstructing Sensor
I1008 15:38:41.654176 697359 Renderer.cpp:34] Deconstructing Renderer
I1008 15:38:41.654186 697359 WindowlessContext.h:17] Deconstructing WindowlessContext
I1008 15:38:41.661888 697359 MetadataMediator.cpp:56] MetadataMediator::setActiveSceneDatasetName : Old active dataset default changed to default successfully.
I1008 15:38:41.663412 697359 AttributesManagerBase.h:283] AttributesManager<T>::createFromJsonOrDefaultInternal  (Physics Manager) : Proposing JSON name : ./data/default.physics_config.json from original name : ./data/default.physics_config.json | This file  does not exist.
I1008 15:38:41.663439 697359 PhysicsAttributesManager.cpp:27] File (./data/default.physics_config.json) not found, so new default physics manager attributes created and registered.
I1008 15:38:41.663443 697359 AbstractObjectAttributesManagerBase.h:175] AbstractObjectAttributesManager<T>::createObject  (Stage) : Making attributes with handle : data/scene_datasets/mp3d/PX4nDJXEHrG/PX4nDJXEHrG.glb
I1008 15:38:41.663446 697359 ManagedContainerBase.cpp:19] ManagedContainerBase::convertFilenameToJSON : Filename : data/scene_datasets/mp3d/PX4nDJXEHrG/PX4nDJXEHrG.glb changed to proposed JSON configuration filename : data/scene_datasets/mp3d/PX4nDJXEHrG/PX4nDJXEHrG.stage_config.json
I1008 15:38:41.663460 697359 AttributesManagerBase.h:283] AttributesManager<T>::createFromJsonOrDefaultInternal  (Stage) : Proposing JSON name : data/scene_datasets/mp3d/PX4nDJXEHrG/PX4nDJXEHrG.stage_config.json from original name : data/scene_datasets/mp3d/PX4nDJXEHrG/PX4nDJXEHrG.glb | This file  does not exist.
I1008 15:38:41.663504 697359 AbstractObjectAttributesManagerBase.h:181] AbstractObjectAttributesManager<T>::createObject  (Stage) : Done making attributes with handle : data/scene_datasets/mp3d/PX4nDJXEHrG/PX4nDJXEHrG.glb
I1008 15:38:41.663506 697359 AbstractObjectAttributesManagerBase.h:188] File (data/scene_datasets/mp3d/PX4nDJXEHrG/PX4nDJXEHrG.glb) exists but is not a recognized config filename extension, so new default Stage attributes created and registered.
I1008 15:38:41.663509 697359 Simulator.cpp:156] Loading navmesh from data/scene_datasets/mp3d/PX4nDJXEHrG/PX4nDJXEHrG.navmesh
I1008 15:38:41.663827 697359 Simulator.cpp:158] Loaded.
I1008 15:38:41.663833 697359 SceneGraph.h:93] Created DrawableGroup: 
I1008 15:38:41.667654 697359 ResourceManager.cpp:234] ResourceManager::loadStage : Not loading semantic mesh
I1008 15:38:41.667660 697359 ResourceManager.cpp:262] ResourceManager::loadStage : start load render asset data/scene_datasets/mp3d/PX4nDJXEHrG/PX4nDJXEHrG.glb.
I1008 15:38:41.667672 697359 ResourceManager.cpp:569] ResourceManager::loadStageInternal : Attempting to load stage data/scene_datasets/mp3d/PX4nDJXEHrG/PX4nDJXEHrG.glb 
I1008 15:38:41.667688 697359 ResourceManager.cpp:1119] Importing Basis files as BC7 for PX4nDJXEHrG.glb
W1008 15:38:44.269636 697359 Simulator.cpp:248] :
---
 The active scene does not contain semantic annotations. 
---
I1008 15:38:44.359590 697359 simulator.py:213] Loaded navmesh data/scene_datasets/mp3d/PX4nDJXEHrG/PX4nDJXEHrG.navmesh
I1008 15:38:44.654384 697359 PhysicsManager.cpp:33] Deconstructing PhysicsManager
I1008 15:38:44.654409 697359 SemanticScene.h:41] Deconstructing SemanticScene
I1008 15:38:44.660346 697359 SceneManager.h:25] Deconstructing SceneManager
I1008 15:38:44.660358 697359 SceneGraph.h:26] Deconstructing SceneGraph
I1008 15:38:44.660791 697359 Sensor.h:87] Deconstructing Sensor
I1008 15:38:44.661414 697359 Sensor.h:87] Deconstructing Sensor
I1008 15:38:44.661516 697359 Sensor.h:87] Deconstructing Sensor
I1008 15:38:44.661619 697359 Sensor.h:87] Deconstructing Sensor
I1008 15:38:44.661720 697359 Sensor.h:87] Deconstructing Sensor
I1008 15:38:44.661818 697359 Sensor.h:87] Deconstructing Sensor
I1008 15:38:44.661919 697359 Sensor.h:87] Deconstructing Sensor
I1008 15:38:44.662022 697359 Sensor.h:87] Deconstructing Sensor
I1008 15:38:44.662120 697359 Sensor.h:87] Deconstructing Sensor
I1008 15:38:44.662216 697359 Sensor.h:87] Deconstructing Sensor
I1008 15:38:44.662312 697359 Sensor.h:87] Deconstructing Sensor
I1008 15:38:44.662410 697359 Sensor.h:87] Deconstructing Sensor
I1008 15:38:44.662503 697359 Sensor.h:87] Deconstructing Sensor
I1008 15:38:44.662628 697359 Sensor.h:87] Deconstructing Sensor
I1008 15:38:44.662755 697359 Sensor.h:87] Deconstructing Sensor
I1008 15:38:44.662873 697359 Sensor.h:87] Deconstructing Sensor
I1008 15:38:44.662997 697359 Sensor.h:87] Deconstructing Sensor
I1008 15:38:44.663116 697359 Sensor.h:87] Deconstructing Sensor
I1008 15:38:44.663237 697359 Sensor.h:87] Deconstructing Sensor
I1008 15:38:44.663357 697359 Sensor.h:87] Deconstructing Sensor
I1008 15:38:44.663475 697359 Sensor.h:87] Deconstructing Sensor
I1008 15:38:44.663590 697359 Sensor.h:87] Deconstructing Sensor
I1008 15:38:44.663715 697359 Sensor.h:87] Deconstructing Sensor
I1008 15:38:44.663801 697359 Sensor.h:87] Deconstructing Sensor
I1008 15:38:44.671192 697359 Renderer.cpp:34] Deconstructing Renderer
I1008 15:38:44.671200 697359 WindowlessContext.h:17] Deconstructing WindowlessContext
I1008 15:38:44.676708 697359 MetadataMediator.cpp:56] MetadataMediator::setActiveSceneDatasetName : Old active dataset default changed to default successfully.
I1008 15:38:44.677467 697359 AttributesManagerBase.h:283] AttributesManager<T>::createFromJsonOrDefaultInternal  (Physics Manager) : Proposing JSON name : ./data/default.physics_config.json from original name : ./data/default.physics_config.json | This file  does not exist.
I1008 15:38:44.677488 697359 PhysicsAttributesManager.cpp:27] File (./data/default.physics_config.json) not found, so new default physics manager attributes created and registered.
I1008 15:38:44.677492 697359 AbstractObjectAttributesManagerBase.h:175] AbstractObjectAttributesManager<T>::createObject  (Stage) : Making attributes with handle : data/scene_datasets/mp3d/2n8kARJN3HM/2n8kARJN3HM.glb
I1008 15:38:44.677495 697359 ManagedContainerBase.cpp:19] ManagedContainerBase::convertFilenameToJSON : Filename : data/scene_datasets/mp3d/2n8kARJN3HM/2n8kARJN3HM.glb changed to proposed JSON configuration filename : data/scene_datasets/mp3d/2n8kARJN3HM/2n8kARJN3HM.stage_config.json
I1008 15:38:44.677510 697359 AttributesManagerBase.h:283] AttributesManager<T>::createFromJsonOrDefaultInternal  (Stage) : Proposing JSON name : data/scene_datasets/mp3d/2n8kARJN3HM/2n8kARJN3HM.stage_config.json from original name : data/scene_datasets/mp3d/2n8kARJN3HM/2n8kARJN3HM.glb | This file  does not exist.
I1008 15:38:44.677548 697359 AbstractObjectAttributesManagerBase.h:181] AbstractObjectAttributesManager<T>::createObject  (Stage) : Done making attributes with handle : data/scene_datasets/mp3d/2n8kARJN3HM/2n8kARJN3HM.glb
I1008 15:38:44.677549 697359 AbstractObjectAttributesManagerBase.h:188] File (data/scene_datasets/mp3d/2n8kARJN3HM/2n8kARJN3HM.glb) exists but is not a recognized config filename extension, so new default Stage attributes created and registered.
I1008 15:38:44.677553 697359 Simulator.cpp:156] Loading navmesh from data/scene_datasets/mp3d/2n8kARJN3HM/2n8kARJN3HM.navmesh
I1008 15:38:44.677747 697359 Simulator.cpp:158] Loaded.
I1008 15:38:44.677753 697359 SceneGraph.h:93] Created DrawableGroup: 
I1008 15:38:44.680783 697359 ResourceManager.cpp:234] ResourceManager::loadStage : Not loading semantic mesh
I1008 15:38:44.680788 697359 ResourceManager.cpp:262] ResourceManager::loadStage : start load render asset data/scene_datasets/mp3d/2n8kARJN3HM/2n8kARJN3HM.glb.
I1008 15:38:44.680790 697359 ResourceManager.cpp:569] ResourceManager::loadStageInternal : Attempting to load stage data/scene_datasets/mp3d/2n8kARJN3HM/2n8kARJN3HM.glb 
I1008 15:38:44.680799 697359 ResourceManager.cpp:1119] Importing Basis files as BC7 for 2n8kARJN3HM.glb
W1008 15:38:47.182807 697359 Simulator.cpp:248] :
---
 The active scene does not contain semantic annotations. 
---
I1008 15:38:47.249309 697359 simulator.py:213] Loaded navmesh data/scene_datasets/mp3d/2n8kARJN3HM/2n8kARJN3HM.navmesh
I1008 15:38:47.833590 697359 PhysicsManager.cpp:33] Deconstructing PhysicsManager
I1008 15:38:47.833611 697359 SemanticScene.h:41] Deconstructing SemanticScene
I1008 15:38:47.837564 697359 SceneManager.h:25] Deconstructing SceneManager
I1008 15:38:47.837569 697359 SceneGraph.h:26] Deconstructing SceneGraph
I1008 15:38:47.838009 697359 Sensor.h:87] Deconstructing Sensor
I1008 15:38:47.838425 697359 Sensor.h:87] Deconstructing Sensor
I1008 15:38:47.838529 697359 Sensor.h:87] Deconstructing Sensor
I1008 15:38:47.838636 697359 Sensor.h:87] Deconstructing Sensor
I1008 15:38:47.838743 697359 Sensor.h:87] Deconstructing Sensor
I1008 15:38:47.838841 697359 Sensor.h:87] Deconstructing Sensor
I1008 15:38:47.838944 697359 Sensor.h:87] Deconstructing Sensor
I1008 15:38:47.839040 697359 Sensor.h:87] Deconstructing Sensor
I1008 15:38:47.839141 697359 Sensor.h:87] Deconstructing Sensor
I1008 15:38:47.839237 697359 Sensor.h:87] Deconstructing Sensor
I1008 15:38:47.839331 697359 Sensor.h:87] Deconstructing Sensor
I1008 15:38:47.839429 697359 Sensor.h:87] Deconstructing Sensor
I1008 15:38:47.839527 697359 Sensor.h:87] Deconstructing Sensor
I1008 15:38:47.839654 697359 Sensor.h:87] Deconstructing Sensor
I1008 15:38:47.839784 697359 Sensor.h:87] Deconstructing Sensor
I1008 15:38:47.839903 697359 Sensor.h:87] Deconstructing Sensor
I1008 15:38:47.840025 697359 Sensor.h:87] Deconstructing Sensor
I1008 15:38:47.840143 697359 Sensor.h:87] Deconstructing Sensor
I1008 15:38:47.840265 697359 Sensor.h:87] Deconstructing Sensor
I1008 15:38:47.840387 697359 Sensor.h:87] Deconstructing Sensor
I1008 15:38:47.840508 697359 Sensor.h:87] Deconstructing Sensor
I1008 15:38:47.840626 697359 Sensor.h:87] Deconstructing Sensor
I1008 15:38:47.840754 697359 Sensor.h:87] Deconstructing Sensor
I1008 15:38:47.840904 697359 Sensor.h:87] Deconstructing Sensor
I1008 15:38:47.845677 697359 Renderer.cpp:34] Deconstructing Renderer
I1008 15:38:47.845685 697359 WindowlessContext.h:17] Deconstructing WindowlessContext
I1008 15:38:47.850916 697359 MetadataMediator.cpp:56] MetadataMediator::setActiveSceneDatasetName : Old active dataset default changed to default successfully.
I1008 15:38:47.851610 697359 AttributesManagerBase.h:283] AttributesManager<T>::createFromJsonOrDefaultInternal  (Physics Manager) : Proposing JSON name : ./data/default.physics_config.json from original name : ./data/default.physics_config.json | This file  does not exist.
I1008 15:38:47.851632 697359 PhysicsAttributesManager.cpp:27] File (./data/default.physics_config.json) not found, so new default physics manager attributes created and registered.
I1008 15:38:47.851636 697359 AbstractObjectAttributesManagerBase.h:175] AbstractObjectAttributesManager<T>::createObject  (Stage) : Making attributes with handle : data/scene_datasets/mp3d/ZMojNkEp431/ZMojNkEp431.glb
I1008 15:38:47.851639 697359 ManagedContainerBase.cpp:19] ManagedContainerBase::convertFilenameToJSON : Filename : data/scene_datasets/mp3d/ZMojNkEp431/ZMojNkEp431.glb changed to proposed JSON configuration filename : data/scene_datasets/mp3d/ZMojNkEp431/ZMojNkEp431.stage_config.json
I1008 15:38:47.851655 697359 AttributesManagerBase.h:283] AttributesManager<T>::createFromJsonOrDefaultInternal  (Stage) : Proposing JSON name : data/scene_datasets/mp3d/ZMojNkEp431/ZMojNkEp431.stage_config.json from original name : data/scene_datasets/mp3d/ZMojNkEp431/ZMojNkEp431.glb | This file  does not exist.
I1008 15:38:47.851696 697359 AbstractObjectAttributesManagerBase.h:181] AbstractObjectAttributesManager<T>::createObject  (Stage) : Done making attributes with handle : data/scene_datasets/mp3d/ZMojNkEp431/ZMojNkEp431.glb
I1008 15:38:47.851698 697359 AbstractObjectAttributesManagerBase.h:188] File (data/scene_datasets/mp3d/ZMojNkEp431/ZMojNkEp431.glb) exists but is not a recognized config filename extension, so new default Stage attributes created and registered.
I1008 15:38:47.851701 697359 Simulator.cpp:156] Loading navmesh from data/scene_datasets/mp3d/ZMojNkEp431/ZMojNkEp431.navmesh
I1008 15:38:47.851823 697359 Simulator.cpp:158] Loaded.
I1008 15:38:47.851827 697359 SceneGraph.h:93] Created DrawableGroup: 
I1008 15:38:47.854796 697359 ResourceManager.cpp:234] ResourceManager::loadStage : Not loading semantic mesh
I1008 15:38:47.854802 697359 ResourceManager.cpp:262] ResourceManager::loadStage : start load render asset data/scene_datasets/mp3d/ZMojNkEp431/ZMojNkEp431.glb.
I1008 15:38:47.854803 697359 ResourceManager.cpp:569] ResourceManager::loadStageInternal : Attempting to load stage data/scene_datasets/mp3d/ZMojNkEp431/ZMojNkEp431.glb 
I1008 15:38:47.854815 697359 ResourceManager.cpp:1119] Importing Basis files as BC7 for ZMojNkEp431.glb
W1008 15:38:49.066468 697359 Simulator.cpp:248] :
---
 The active scene does not contain semantic annotations. 
---
I1008 15:38:49.107048 697359 simulator.py:213] Loaded navmesh data/scene_datasets/mp3d/ZMojNkEp431/ZMojNkEp431.navmesh
I1008 15:38:49.448751 697359 PhysicsManager.cpp:33] Deconstructing PhysicsManager
I1008 15:38:49.448776 697359 SemanticScene.h:41] Deconstructing SemanticScene
I1008 15:38:49.452397 697359 SceneManager.h:25] Deconstructing SceneManager
I1008 15:38:49.452406 697359 SceneGraph.h:26] Deconstructing SceneGraph
I1008 15:38:49.452823 697359 Sensor.h:87] Deconstructing Sensor
I1008 15:38:49.453127 697359 Sensor.h:87] Deconstructing Sensor
I1008 15:38:49.453234 697359 Sensor.h:87] Deconstructing Sensor
I1008 15:38:49.453344 697359 Sensor.h:87] Deconstructing Sensor
I1008 15:38:49.453449 697359 Sensor.h:87] Deconstructing Sensor
I1008 15:38:49.453554 697359 Sensor.h:87] Deconstructing Sensor
I1008 15:38:49.453718 697359 Sensor.h:87] Deconstructing Sensor
I1008 15:38:49.453825 697359 Sensor.h:87] Deconstructing Sensor
I1008 15:38:49.453933 697359 Sensor.h:87] Deconstructing Sensor
I1008 15:38:49.454035 697359 Sensor.h:87] Deconstructing Sensor
I1008 15:38:49.454138 697359 Sensor.h:87] Deconstructing Sensor
I1008 15:38:49.454245 697359 Sensor.h:87] Deconstructing Sensor
I1008 15:38:49.454349 697359 Sensor.h:87] Deconstructing Sensor
I1008 15:38:49.454483 697359 Sensor.h:87] Deconstructing Sensor
I1008 15:38:49.454617 697359 Sensor.h:87] Deconstructing Sensor
I1008 15:38:49.454751 697359 Sensor.h:87] Deconstructing Sensor
I1008 15:38:49.454888 697359 Sensor.h:87] Deconstructing Sensor
I1008 15:38:49.455014 697359 Sensor.h:87] Deconstructing Sensor
I1008 15:38:49.455147 697359 Sensor.h:87] Deconstructing Sensor
I1008 15:38:49.455276 697359 Sensor.h:87] Deconstructing Sensor
I1008 15:38:49.455404 697359 Sensor.h:87] Deconstructing Sensor
I1008 15:38:49.455530 697359 Sensor.h:87] Deconstructing Sensor
I1008 15:38:49.455667 697359 Sensor.h:87] Deconstructing Sensor
I1008 15:38:49.455839 697359 Sensor.h:87] Deconstructing Sensor
I1008 15:38:49.462184 697359 Renderer.cpp:34] Deconstructing Renderer
I1008 15:38:49.462209 697359 WindowlessContext.h:17] Deconstructing WindowlessContext
I1008 15:38:49.465559 697359 MetadataMediator.cpp:56] MetadataMediator::setActiveSceneDatasetName : Old active dataset default changed to default successfully.
I1008 15:38:49.466728 697359 AttributesManagerBase.h:283] AttributesManager<T>::createFromJsonOrDefaultInternal  (Physics Manager) : Proposing JSON name : ./data/default.physics_config.json from original name : ./data/default.physics_config.json | This file  does not exist.
I1008 15:38:49.466755 697359 PhysicsAttributesManager.cpp:27] File (./data/default.physics_config.json) not found, so new default physics manager attributes created and registered.
I1008 15:38:49.466761 697359 AbstractObjectAttributesManagerBase.h:175] AbstractObjectAttributesManager<T>::createObject  (Stage) : Making attributes with handle : data/scene_datasets/mp3d/qoiz87JEwZ2/qoiz87JEwZ2.glb
I1008 15:38:49.466765 697359 ManagedContainerBase.cpp:19] ManagedContainerBase::convertFilenameToJSON : Filename : data/scene_datasets/mp3d/qoiz87JEwZ2/qoiz87JEwZ2.glb changed to proposed JSON configuration filename : data/scene_datasets/mp3d/qoiz87JEwZ2/qoiz87JEwZ2.stage_config.json
I1008 15:38:49.466780 697359 AttributesManagerBase.h:283] AttributesManager<T>::createFromJsonOrDefaultInternal  (Stage) : Proposing JSON name : data/scene_datasets/mp3d/qoiz87JEwZ2/qoiz87JEwZ2.stage_config.json from original name : data/scene_datasets/mp3d/qoiz87JEwZ2/qoiz87JEwZ2.glb | This file  does not exist.
I1008 15:38:49.466835 697359 AbstractObjectAttributesManagerBase.h:181] AbstractObjectAttributesManager<T>::createObject  (Stage) : Done making attributes with handle : data/scene_datasets/mp3d/qoiz87JEwZ2/qoiz87JEwZ2.glb
I1008 15:38:49.466835 697359 AbstractObjectAttributesManagerBase.h:188] File (data/scene_datasets/mp3d/qoiz87JEwZ2/qoiz87JEwZ2.glb) exists but is not a recognized config filename extension, so new default Stage attributes created and registered.
I1008 15:38:49.466840 697359 Simulator.cpp:156] Loading navmesh from data/scene_datasets/mp3d/qoiz87JEwZ2/qoiz87JEwZ2.navmesh
I1008 15:38:49.466991 697359 Simulator.cpp:158] Loaded.
I1008 15:38:49.466996 697359 SceneGraph.h:93] Created DrawableGroup: 
I1008 15:38:49.470485 697359 ResourceManager.cpp:234] ResourceManager::loadStage : Not loading semantic mesh
I1008 15:38:49.470495 697359 ResourceManager.cpp:262] ResourceManager::loadStage : start load render asset data/scene_datasets/mp3d/qoiz87JEwZ2/qoiz87JEwZ2.glb.
I1008 15:38:49.470496 697359 ResourceManager.cpp:569] ResourceManager::loadStageInternal : Attempting to load stage data/scene_datasets/mp3d/qoiz87JEwZ2/qoiz87JEwZ2.glb 
I1008 15:38:49.470527 697359 ResourceManager.cpp:1119] Importing Basis files as BC7 for qoiz87JEwZ2.glb
W1008 15:38:51.119421 697359 Simulator.cpp:248] :
---
 The active scene does not contain semantic annotations. 
---
I1008 15:38:51.178085 697359 simulator.py:213] Loaded navmesh data/scene_datasets/mp3d/qoiz87JEwZ2/qoiz87JEwZ2.navmesh
I1008 15:38:51.546880 697359 PhysicsManager.cpp:33] Deconstructing PhysicsManager
I1008 15:38:51.546907 697359 SemanticScene.h:41] Deconstructing SemanticScene
I1008 15:38:51.550633 697359 SceneManager.h:25] Deconstructing SceneManager
I1008 15:38:51.550639 697359 SceneGraph.h:26] Deconstructing SceneGraph
I1008 15:38:51.550992 697359 Sensor.h:87] Deconstructing Sensor
I1008 15:38:51.551451 697359 Sensor.h:87] Deconstructing Sensor
I1008 15:38:51.551558 697359 Sensor.h:87] Deconstructing Sensor
I1008 15:38:51.551669 697359 Sensor.h:87] Deconstructing Sensor
I1008 15:38:51.551774 697359 Sensor.h:87] Deconstructing Sensor
I1008 15:38:51.551870 697359 Sensor.h:87] Deconstructing Sensor
I1008 15:38:51.551975 697359 Sensor.h:87] Deconstructing Sensor
I1008 15:38:51.552073 697359 Sensor.h:87] Deconstructing Sensor
I1008 15:38:51.552177 697359 Sensor.h:87] Deconstructing Sensor
I1008 15:38:51.552274 697359 Sensor.h:87] Deconstructing Sensor
I1008 15:38:51.552371 697359 Sensor.h:87] Deconstructing Sensor
I1008 15:38:51.552472 697359 Sensor.h:87] Deconstructing Sensor
I1008 15:38:51.552569 697359 Sensor.h:87] Deconstructing Sensor
I1008 15:38:51.552695 697359 Sensor.h:87] Deconstructing Sensor
I1008 15:38:51.552826 697359 Sensor.h:87] Deconstructing Sensor
I1008 15:38:51.552947 697359 Sensor.h:87] Deconstructing Sensor
I1008 15:38:51.553074 697359 Sensor.h:87] Deconstructing Sensor
I1008 15:38:51.553198 697359 Sensor.h:87] Deconstructing Sensor
I1008 15:38:51.553321 697359 Sensor.h:87] Deconstructing Sensor
I1008 15:38:51.553445 697359 Sensor.h:87] Deconstructing Sensor
I1008 15:38:51.553565 697359 Sensor.h:87] Deconstructing Sensor
I1008 15:38:51.553690 697359 Sensor.h:87] Deconstructing Sensor
I1008 15:38:51.553826 697359 Sensor.h:87] Deconstructing Sensor
I1008 15:38:51.553992 697359 Sensor.h:87] Deconstructing Sensor
I1008 15:38:51.557694 697359 Renderer.cpp:34] Deconstructing Renderer
I1008 15:38:51.557709 697359 WindowlessContext.h:17] Deconstructing WindowlessContext
I1008 15:38:51.563247 697359 MetadataMediator.cpp:56] MetadataMediator::setActiveSceneDatasetName : Old active dataset default changed to default successfully.
I1008 15:38:51.564282 697359 AttributesManagerBase.h:283] AttributesManager<T>::createFromJsonOrDefaultInternal  (Physics Manager) : Proposing JSON name : ./data/default.physics_config.json from original name : ./data/default.physics_config.json | This file  does not exist.
I1008 15:38:51.564316 697359 PhysicsAttributesManager.cpp:27] File (./data/default.physics_config.json) not found, so new default physics manager attributes created and registered.
I1008 15:38:51.564322 697359 AbstractObjectAttributesManagerBase.h:175] AbstractObjectAttributesManager<T>::createObject  (Stage) : Making attributes with handle : data/scene_datasets/mp3d/ur6pFq6Qu1A/ur6pFq6Qu1A.glb
I1008 15:38:51.564324 697359 ManagedContainerBase.cpp:19] ManagedContainerBase::convertFilenameToJSON : Filename : data/scene_datasets/mp3d/ur6pFq6Qu1A/ur6pFq6Qu1A.glb changed to proposed JSON configuration filename : data/scene_datasets/mp3d/ur6pFq6Qu1A/ur6pFq6Qu1A.stage_config.json
I1008 15:38:51.564340 697359 AttributesManagerBase.h:283] AttributesManager<T>::createFromJsonOrDefaultInternal  (Stage) : Proposing JSON name : data/scene_datasets/mp3d/ur6pFq6Qu1A/ur6pFq6Qu1A.stage_config.json from original name : data/scene_datasets/mp3d/ur6pFq6Qu1A/ur6pFq6Qu1A.glb | This file  does not exist.
I1008 15:38:51.564386 697359 AbstractObjectAttributesManagerBase.h:181] AbstractObjectAttributesManager<T>::createObject  (Stage) : Done making attributes with handle : data/scene_datasets/mp3d/ur6pFq6Qu1A/ur6pFq6Qu1A.glb
I1008 15:38:51.564388 697359 AbstractObjectAttributesManagerBase.h:188] File (data/scene_datasets/mp3d/ur6pFq6Qu1A/ur6pFq6Qu1A.glb) exists but is not a recognized config filename extension, so new default Stage attributes created and registered.
I1008 15:38:51.564390 697359 Simulator.cpp:156] Loading navmesh from data/scene_datasets/mp3d/ur6pFq6Qu1A/ur6pFq6Qu1A.navmesh
I1008 15:38:51.564633 697359 Simulator.cpp:158] Loaded.
I1008 15:38:51.564638 697359 SceneGraph.h:93] Created DrawableGroup: 
I1008 15:38:51.570005 697359 ResourceManager.cpp:234] ResourceManager::loadStage : Not loading semantic mesh
I1008 15:38:51.570011 697359 ResourceManager.cpp:262] ResourceManager::loadStage : start load render asset data/scene_datasets/mp3d/ur6pFq6Qu1A/ur6pFq6Qu1A.glb.
I1008 15:38:51.570012 697359 ResourceManager.cpp:569] ResourceManager::loadStageInternal : Attempting to load stage data/scene_datasets/mp3d/ur6pFq6Qu1A/ur6pFq6Qu1A.glb 
I1008 15:38:51.570024 697359 ResourceManager.cpp:1119] Importing Basis files as BC7 for ur6pFq6Qu1A.glb
W1008 15:38:53.635839 697359 Simulator.cpp:248] :
---
 The active scene does not contain semantic annotations. 
---
I1008 15:38:53.689156 697359 simulator.py:213] Loaded navmesh data/scene_datasets/mp3d/ur6pFq6Qu1A/ur6pFq6Qu1A.navmesh
I1008 15:38:54.127555 697359 PhysicsManager.cpp:33] Deconstructing PhysicsManager
I1008 15:38:54.127574 697359 SemanticScene.h:41] Deconstructing SemanticScene
I1008 15:38:54.131238 697359 SceneManager.h:25] Deconstructing SceneManager
I1008 15:38:54.131244 697359 SceneGraph.h:26] Deconstructing SceneGraph
I1008 15:38:54.131631 697359 Sensor.h:87] Deconstructing Sensor
I1008 15:38:54.132174 697359 Sensor.h:87] Deconstructing Sensor
I1008 15:38:54.132278 697359 Sensor.h:87] Deconstructing Sensor
I1008 15:38:54.132383 697359 Sensor.h:87] Deconstructing Sensor
I1008 15:38:54.132488 697359 Sensor.h:87] Deconstructing Sensor
I1008 15:38:54.132586 697359 Sensor.h:87] Deconstructing Sensor
I1008 15:38:54.132690 697359 Sensor.h:87] Deconstructing Sensor
I1008 15:38:54.132788 697359 Sensor.h:87] Deconstructing Sensor
I1008 15:38:54.132889 697359 Sensor.h:87] Deconstructing Sensor
I1008 15:38:54.132985 697359 Sensor.h:87] Deconstructing Sensor
I1008 15:38:54.133082 697359 Sensor.h:87] Deconstructing Sensor
I1008 15:38:54.133183 697359 Sensor.h:87] Deconstructing Sensor
I1008 15:38:54.133280 697359 Sensor.h:87] Deconstructing Sensor
I1008 15:38:54.133422 697359 Sensor.h:87] Deconstructing Sensor
I1008 15:38:54.133548 697359 Sensor.h:87] Deconstructing Sensor
I1008 15:38:54.133669 697359 Sensor.h:87] Deconstructing Sensor
I1008 15:38:54.133793 697359 Sensor.h:87] Deconstructing Sensor
I1008 15:38:54.133914 697359 Sensor.h:87] Deconstructing Sensor
I1008 15:38:54.134037 697359 Sensor.h:87] Deconstructing Sensor
I1008 15:38:54.134171 697359 Sensor.h:87] Deconstructing Sensor
I1008 15:38:54.134312 697359 Sensor.h:87] Deconstructing Sensor
I1008 15:38:54.134431 697359 Sensor.h:87] Deconstructing Sensor
I1008 15:38:54.134557 697359 Sensor.h:87] Deconstructing Sensor
I1008 15:38:54.134631 697359 Sensor.h:87] Deconstructing Sensor
I1008 15:38:54.138671 697359 Renderer.cpp:34] Deconstructing Renderer
I1008 15:38:54.138679 697359 WindowlessContext.h:17] Deconstructing WindowlessContext
I1008 15:38:54.143814 697359 MetadataMediator.cpp:56] MetadataMediator::setActiveSceneDatasetName : Old active dataset default changed to default successfully.
I1008 15:38:54.144416 697359 AttributesManagerBase.h:283] AttributesManager<T>::createFromJsonOrDefaultInternal  (Physics Manager) : Proposing JSON name : ./data/default.physics_config.json from original name : ./data/default.physics_config.json | This file  does not exist.
I1008 15:38:54.144438 697359 PhysicsAttributesManager.cpp:27] File (./data/default.physics_config.json) not found, so new default physics manager attributes created and registered.
I1008 15:38:54.144443 697359 AbstractObjectAttributesManagerBase.h:175] AbstractObjectAttributesManager<T>::createObject  (Stage) : Making attributes with handle : data/scene_datasets/mp3d/D7N2EKCX4Sj/D7N2EKCX4Sj.glb
I1008 15:38:54.144445 697359 ManagedContainerBase.cpp:19] ManagedContainerBase::convertFilenameToJSON : Filename : data/scene_datasets/mp3d/D7N2EKCX4Sj/D7N2EKCX4Sj.glb changed to proposed JSON configuration filename : data/scene_datasets/mp3d/D7N2EKCX4Sj/D7N2EKCX4Sj.stage_config.json
I1008 15:38:54.144456 697359 AttributesManagerBase.h:283] AttributesManager<T>::createFromJsonOrDefaultInternal  (Stage) : Proposing JSON name : data/scene_datasets/mp3d/D7N2EKCX4Sj/D7N2EKCX4Sj.stage_config.json from original name : data/scene_datasets/mp3d/D7N2EKCX4Sj/D7N2EKCX4Sj.glb | This file  does not exist.
I1008 15:38:54.144495 697359 AbstractObjectAttributesManagerBase.h:181] AbstractObjectAttributesManager<T>::createObject  (Stage) : Done making attributes with handle : data/scene_datasets/mp3d/D7N2EKCX4Sj/D7N2EKCX4Sj.glb
I1008 15:38:54.144496 697359 AbstractObjectAttributesManagerBase.h:188] File (data/scene_datasets/mp3d/D7N2EKCX4Sj/D7N2EKCX4Sj.glb) exists but is not a recognized config filename extension, so new default Stage attributes created and registered.
I1008 15:38:54.144500 697359 Simulator.cpp:156] Loading navmesh from data/scene_datasets/mp3d/D7N2EKCX4Sj/D7N2EKCX4Sj.navmesh
I1008 15:38:54.144779 697359 Simulator.cpp:158] Loaded.
I1008 15:38:54.144784 697359 SceneGraph.h:93] Created DrawableGroup: 
I1008 15:38:54.147763 697359 ResourceManager.cpp:234] ResourceManager::loadStage : Not loading semantic mesh
I1008 15:38:54.147768 697359 ResourceManager.cpp:262] ResourceManager::loadStage : start load render asset data/scene_datasets/mp3d/D7N2EKCX4Sj/D7N2EKCX4Sj.glb.
I1008 15:38:54.147769 697359 ResourceManager.cpp:569] ResourceManager::loadStageInternal : Attempting to load stage data/scene_datasets/mp3d/D7N2EKCX4Sj/D7N2EKCX4Sj.glb 
I1008 15:38:54.147778 697359 ResourceManager.cpp:1119] Importing Basis files as BC7 for D7N2EKCX4Sj.glb
W1008 15:38:58.101163 697359 Simulator.cpp:248] :
---
 The active scene does not contain semantic annotations. 
---
I1008 15:38:58.213520 697359 simulator.py:213] Loaded navmesh data/scene_datasets/mp3d/D7N2EKCX4Sj/D7N2EKCX4Sj.navmesh
I1008 15:38:59.528050 697359 PhysicsManager.cpp:33] Deconstructing PhysicsManager
I1008 15:38:59.528074 697359 SemanticScene.h:41] Deconstructing SemanticScene
I1008 15:38:59.534710 697359 SceneManager.h:25] Deconstructing SceneManager
I1008 15:38:59.534726 697359 SceneGraph.h:26] Deconstructing SceneGraph
I1008 15:38:59.535212 697359 Sensor.h:87] Deconstructing Sensor
I1008 15:38:59.535758 697359 Sensor.h:87] Deconstructing Sensor
I1008 15:38:59.535866 697359 Sensor.h:87] Deconstructing Sensor
I1008 15:38:59.535977 697359 Sensor.h:87] Deconstructing Sensor
I1008 15:38:59.536080 697359 Sensor.h:87] Deconstructing Sensor
I1008 15:38:59.536191 697359 Sensor.h:87] Deconstructing Sensor
I1008 15:38:59.536295 697359 Sensor.h:87] Deconstructing Sensor
I1008 15:38:59.536393 697359 Sensor.h:87] Deconstructing Sensor
I1008 15:38:59.536495 697359 Sensor.h:87] Deconstructing Sensor
I1008 15:38:59.536592 697359 Sensor.h:87] Deconstructing Sensor
I1008 15:38:59.536693 697359 Sensor.h:87] Deconstructing Sensor
I1008 15:38:59.536796 697359 Sensor.h:87] Deconstructing Sensor
I1008 15:38:59.536896 697359 Sensor.h:87] Deconstructing Sensor
I1008 15:38:59.537020 697359 Sensor.h:87] Deconstructing Sensor
I1008 15:38:59.537150 697359 Sensor.h:87] Deconstructing Sensor
I1008 15:38:59.537281 697359 Sensor.h:87] Deconstructing Sensor
I1008 15:38:59.537405 697359 Sensor.h:87] Deconstructing Sensor
I1008 15:38:59.537524 697359 Sensor.h:87] Deconstructing Sensor
I1008 15:38:59.537647 697359 Sensor.h:87] Deconstructing Sensor
I1008 15:38:59.537773 697359 Sensor.h:87] Deconstructing Sensor
I1008 15:38:59.537892 697359 Sensor.h:87] Deconstructing Sensor
I1008 15:38:59.538014 697359 Sensor.h:87] Deconstructing Sensor
I1008 15:38:59.538143 697359 Sensor.h:87] Deconstructing Sensor
I1008 15:38:59.538241 697359 Sensor.h:87] Deconstructing Sensor
I1008 15:38:59.545058 697359 Renderer.cpp:34] Deconstructing Renderer
I1008 15:38:59.545076 697359 WindowlessContext.h:17] Deconstructing WindowlessContext
I1008 15:38:59.551926 697359 MetadataMediator.cpp:56] MetadataMediator::setActiveSceneDatasetName : Old active dataset default changed to default successfully.
I1008 15:38:59.553462 697359 AttributesManagerBase.h:283] AttributesManager<T>::createFromJsonOrDefaultInternal  (Physics Manager) : Proposing JSON name : ./data/default.physics_config.json from original name : ./data/default.physics_config.json | This file  does not exist.
I1008 15:38:59.553491 697359 PhysicsAttributesManager.cpp:27] File (./data/default.physics_config.json) not found, so new default physics manager attributes created and registered.
I1008 15:38:59.553496 697359 AbstractObjectAttributesManagerBase.h:175] AbstractObjectAttributesManager<T>::createObject  (Stage) : Making attributes with handle : data/scene_datasets/mp3d/PX4nDJXEHrG/PX4nDJXEHrG.glb
I1008 15:38:59.553499 697359 ManagedContainerBase.cpp:19] ManagedContainerBase::convertFilenameToJSON : Filename : data/scene_datasets/mp3d/PX4nDJXEHrG/PX4nDJXEHrG.glb changed to proposed JSON configuration filename : data/scene_datasets/mp3d/PX4nDJXEHrG/PX4nDJXEHrG.stage_config.json
I1008 15:38:59.553515 697359 AttributesManagerBase.h:283] AttributesManager<T>::createFromJsonOrDefaultInternal  (Stage) : Proposing JSON name : data/scene_datasets/mp3d/PX4nDJXEHrG/PX4nDJXEHrG.stage_config.json from original name : data/scene_datasets/mp3d/PX4nDJXEHrG/PX4nDJXEHrG.glb | This file  does not exist.
I1008 15:38:59.553560 697359 AbstractObjectAttributesManagerBase.h:181] AbstractObjectAttributesManager<T>::createObject  (Stage) : Done making attributes with handle : data/scene_datasets/mp3d/PX4nDJXEHrG/PX4nDJXEHrG.glb
I1008 15:38:59.553560 697359 AbstractObjectAttributesManagerBase.h:188] File (data/scene_datasets/mp3d/PX4nDJXEHrG/PX4nDJXEHrG.glb) exists but is not a recognized config filename extension, so new default Stage attributes created and registered.
I1008 15:38:59.553565 697359 Simulator.cpp:156] Loading navmesh from data/scene_datasets/mp3d/PX4nDJXEHrG/PX4nDJXEHrG.navmesh
I1008 15:38:59.553889 697359 Simulator.cpp:158] Loaded.
I1008 15:38:59.553896 697359 SceneGraph.h:93] Created DrawableGroup: 
I1008 15:38:59.557709 697359 ResourceManager.cpp:234] ResourceManager::loadStage : Not loading semantic mesh
I1008 15:38:59.557724 697359 ResourceManager.cpp:262] ResourceManager::loadStage : start load render asset data/scene_datasets/mp3d/PX4nDJXEHrG/PX4nDJXEHrG.glb.
I1008 15:38:59.557726 697359 ResourceManager.cpp:569] ResourceManager::loadStageInternal : Attempting to load stage data/scene_datasets/mp3d/PX4nDJXEHrG/PX4nDJXEHrG.glb 
I1008 15:38:59.557751 697359 ResourceManager.cpp:1119] Importing Basis files as BC7 for PX4nDJXEHrG.glb
W1008 15:39:02.154390 697359 Simulator.cpp:248] :
---
 The active scene does not contain semantic annotations. 
---
I1008 15:39:02.248391 697359 simulator.py:213] Loaded navmesh data/scene_datasets/mp3d/PX4nDJXEHrG/PX4nDJXEHrG.navmesh
I1008 15:39:02.778553 697359 PhysicsManager.cpp:33] Deconstructing PhysicsManager
I1008 15:39:02.778578 697359 SemanticScene.h:41] Deconstructing SemanticScene
I1008 15:39:02.784114 697359 SceneManager.h:25] Deconstructing SceneManager
I1008 15:39:02.784126 697359 SceneGraph.h:26] Deconstructing SceneGraph
I1008 15:39:02.784590 697359 Sensor.h:87] Deconstructing Sensor
I1008 15:39:02.785262 697359 Sensor.h:87] Deconstructing Sensor
I1008 15:39:02.785370 697359 Sensor.h:87] Deconstructing Sensor
I1008 15:39:02.785480 697359 Sensor.h:87] Deconstructing Sensor
I1008 15:39:02.785578 697359 Sensor.h:87] Deconstructing Sensor
I1008 15:39:02.785681 697359 Sensor.h:87] Deconstructing Sensor
I1008 15:39:02.785780 697359 Sensor.h:87] Deconstructing Sensor
I1008 15:39:02.785876 697359 Sensor.h:87] Deconstructing Sensor
I1008 15:39:02.785976 697359 Sensor.h:87] Deconstructing Sensor
I1008 15:39:02.786073 697359 Sensor.h:87] Deconstructing Sensor
I1008 15:39:02.786170 697359 Sensor.h:87] Deconstructing Sensor
I1008 15:39:02.786269 697359 Sensor.h:87] Deconstructing Sensor
I1008 15:39:02.786365 697359 Sensor.h:87] Deconstructing Sensor
I1008 15:39:02.786499 697359 Sensor.h:87] Deconstructing Sensor
I1008 15:39:02.786633 697359 Sensor.h:87] Deconstructing Sensor
I1008 15:39:02.786758 697359 Sensor.h:87] Deconstructing Sensor
I1008 15:39:02.786885 697359 Sensor.h:87] Deconstructing Sensor
I1008 15:39:02.787009 697359 Sensor.h:87] Deconstructing Sensor
I1008 15:39:02.787140 697359 Sensor.h:87] Deconstructing Sensor
I1008 15:39:02.787261 697359 Sensor.h:87] Deconstructing Sensor
I1008 15:39:02.787384 697359 Sensor.h:87] Deconstructing Sensor
I1008 15:39:02.787501 697359 Sensor.h:87] Deconstructing Sensor
I1008 15:39:02.787628 697359 Sensor.h:87] Deconstructing Sensor
I1008 15:39:02.787732 697359 Sensor.h:87] Deconstructing Sensor
I1008 15:39:02.793730 697359 Renderer.cpp:34] Deconstructing Renderer
I1008 15:39:02.793751 697359 WindowlessContext.h:17] Deconstructing WindowlessContext
I1008 15:39:02.799620 697359 MetadataMediator.cpp:56] MetadataMediator::setActiveSceneDatasetName : Old active dataset default changed to default successfully.
I1008 15:39:02.801263 697359 AttributesManagerBase.h:283] AttributesManager<T>::createFromJsonOrDefaultInternal  (Physics Manager) : Proposing JSON name : ./data/default.physics_config.json from original name : ./data/default.physics_config.json | This file  does not exist.
I1008 15:39:02.801298 697359 PhysicsAttributesManager.cpp:27] File (./data/default.physics_config.json) not found, so new default physics manager attributes created and registered.
I1008 15:39:02.801304 697359 AbstractObjectAttributesManagerBase.h:175] AbstractObjectAttributesManager<T>::createObject  (Stage) : Making attributes with handle : data/scene_datasets/mp3d/qoiz87JEwZ2/qoiz87JEwZ2.glb
I1008 15:39:02.801308 697359 ManagedContainerBase.cpp:19] ManagedContainerBase::convertFilenameToJSON : Filename : data/scene_datasets/mp3d/qoiz87JEwZ2/qoiz87JEwZ2.glb changed to proposed JSON configuration filename : data/scene_datasets/mp3d/qoiz87JEwZ2/qoiz87JEwZ2.stage_config.json
I1008 15:39:02.801324 697359 AttributesManagerBase.h:283] AttributesManager<T>::createFromJsonOrDefaultInternal  (Stage) : Proposing JSON name : data/scene_datasets/mp3d/qoiz87JEwZ2/qoiz87JEwZ2.stage_config.json from original name : data/scene_datasets/mp3d/qoiz87JEwZ2/qoiz87JEwZ2.glb | This file  does not exist.
I1008 15:39:02.801374 697359 AbstractObjectAttributesManagerBase.h:181] AbstractObjectAttributesManager<T>::createObject  (Stage) : Done making attributes with handle : data/scene_datasets/mp3d/qoiz87JEwZ2/qoiz87JEwZ2.glb
I1008 15:39:02.801375 697359 AbstractObjectAttributesManagerBase.h:188] File (data/scene_datasets/mp3d/qoiz87JEwZ2/qoiz87JEwZ2.glb) exists but is not a recognized config filename extension, so new default Stage attributes created and registered.
I1008 15:39:02.801388 697359 Simulator.cpp:156] Loading navmesh from data/scene_datasets/mp3d/qoiz87JEwZ2/qoiz87JEwZ2.navmesh
I1008 15:39:02.801541 697359 Simulator.cpp:158] Loaded.
I1008 15:39:02.801546 697359 SceneGraph.h:93] Created DrawableGroup: 
I1008 15:39:02.804914 697359 ResourceManager.cpp:234] ResourceManager::loadStage : Not loading semantic mesh
I1008 15:39:02.804922 697359 ResourceManager.cpp:262] ResourceManager::loadStage : start load render asset data/scene_datasets/mp3d/qoiz87JEwZ2/qoiz87JEwZ2.glb.
I1008 15:39:02.804924 697359 ResourceManager.cpp:569] ResourceManager::loadStageInternal : Attempting to load stage data/scene_datasets/mp3d/qoiz87JEwZ2/qoiz87JEwZ2.glb 
I1008 15:39:02.804940 697359 ResourceManager.cpp:1119] Importing Basis files as BC7 for qoiz87JEwZ2.glb
W1008 15:39:04.383461 697359 Simulator.cpp:248] :
---
 The active scene does not contain semantic annotations. 
---
I1008 15:39:04.439971 697359 simulator.py:213] Loaded navmesh data/scene_datasets/mp3d/qoiz87JEwZ2/qoiz87JEwZ2.navmesh
I1008 15:39:04.678040 697359 PhysicsManager.cpp:33] Deconstructing PhysicsManager
I1008 15:39:04.678067 697359 SemanticScene.h:41] Deconstructing SemanticScene
I1008 15:39:04.682106 697359 SceneManager.h:25] Deconstructing SceneManager
I1008 15:39:04.682113 697359 SceneGraph.h:26] Deconstructing SceneGraph
I1008 15:39:04.682468 697359 Sensor.h:87] Deconstructing Sensor
I1008 15:39:04.682945 697359 Sensor.h:87] Deconstructing Sensor
I1008 15:39:04.683054 697359 Sensor.h:87] Deconstructing Sensor
I1008 15:39:04.683163 697359 Sensor.h:87] Deconstructing Sensor
I1008 15:39:04.683277 697359 Sensor.h:87] Deconstructing Sensor
I1008 15:39:04.683377 697359 Sensor.h:87] Deconstructing Sensor
I1008 15:39:04.683480 697359 Sensor.h:87] Deconstructing Sensor
I1008 15:39:04.683578 697359 Sensor.h:87] Deconstructing Sensor
I1008 15:39:04.683682 697359 Sensor.h:87] Deconstructing Sensor
I1008 15:39:04.683779 697359 Sensor.h:87] Deconstructing Sensor
I1008 15:39:04.683877 697359 Sensor.h:87] Deconstructing Sensor
I1008 15:39:04.683977 697359 Sensor.h:87] Deconstructing Sensor
I1008 15:39:04.684073 697359 Sensor.h:87] Deconstructing Sensor
I1008 15:39:04.684194 697359 Sensor.h:87] Deconstructing Sensor
I1008 15:39:04.684324 697359 Sensor.h:87] Deconstructing Sensor
I1008 15:39:04.684441 697359 Sensor.h:87] Deconstructing Sensor
I1008 15:39:04.684569 697359 Sensor.h:87] Deconstructing Sensor
I1008 15:39:04.684695 697359 Sensor.h:87] Deconstructing Sensor
I1008 15:39:04.684818 697359 Sensor.h:87] Deconstructing Sensor
I1008 15:39:04.684942 697359 Sensor.h:87] Deconstructing Sensor
I1008 15:39:04.685063 697359 Sensor.h:87] Deconstructing Sensor
I1008 15:39:04.685182 697359 Sensor.h:87] Deconstructing Sensor
I1008 15:39:04.685309 697359 Sensor.h:87] Deconstructing Sensor
I1008 15:39:04.685462 697359 Sensor.h:87] Deconstructing Sensor
I1008 15:39:04.689172 697359 Renderer.cpp:34] Deconstructing Renderer
I1008 15:39:04.689183 697359 WindowlessContext.h:17] Deconstructing WindowlessContext
I1008 15:39:04.692703 697359 MetadataMediator.cpp:56] MetadataMediator::setActiveSceneDatasetName : Old active dataset default changed to default successfully.
I1008 15:39:04.694877 697359 AttributesManagerBase.h:283] AttributesManager<T>::createFromJsonOrDefaultInternal  (Physics Manager) : Proposing JSON name : ./data/default.physics_config.json from original name : ./data/default.physics_config.json | This file  does not exist.
I1008 15:39:04.694905 697359 PhysicsAttributesManager.cpp:27] File (./data/default.physics_config.json) not found, so new default physics manager attributes created and registered.
I1008 15:39:04.694911 697359 AbstractObjectAttributesManagerBase.h:175] AbstractObjectAttributesManager<T>::createObject  (Stage) : Making attributes with handle : data/scene_datasets/mp3d/PX4nDJXEHrG/PX4nDJXEHrG.glb
I1008 15:39:04.694912 697359 ManagedContainerBase.cpp:19] ManagedContainerBase::convertFilenameToJSON : Filename : data/scene_datasets/mp3d/PX4nDJXEHrG/PX4nDJXEHrG.glb changed to proposed JSON configuration filename : data/scene_datasets/mp3d/PX4nDJXEHrG/PX4nDJXEHrG.stage_config.json
I1008 15:39:04.694936 697359 AttributesManagerBase.h:283] AttributesManager<T>::createFromJsonOrDefaultInternal  (Stage) : Proposing JSON name : data/scene_datasets/mp3d/PX4nDJXEHrG/PX4nDJXEHrG.stage_config.json from original name : data/scene_datasets/mp3d/PX4nDJXEHrG/PX4nDJXEHrG.glb | This file  does not exist.
I1008 15:39:04.694975 697359 AbstractObjectAttributesManagerBase.h:181] AbstractObjectAttributesManager<T>::createObject  (Stage) : Done making attributes with handle : data/scene_datasets/mp3d/PX4nDJXEHrG/PX4nDJXEHrG.glb
I1008 15:39:04.694977 697359 AbstractObjectAttributesManagerBase.h:188] File (data/scene_datasets/mp3d/PX4nDJXEHrG/PX4nDJXEHrG.glb) exists but is not a recognized config filename extension, so new default Stage attributes created and registered.
I1008 15:39:04.694980 697359 Simulator.cpp:156] Loading navmesh from data/scene_datasets/mp3d/PX4nDJXEHrG/PX4nDJXEHrG.navmesh
I1008 15:39:04.695291 697359 Simulator.cpp:158] Loaded.
I1008 15:39:04.695297 697359 SceneGraph.h:93] Created DrawableGroup: 
I1008 15:39:04.698634 697359 ResourceManager.cpp:234] ResourceManager::loadStage : Not loading semantic mesh
I1008 15:39:04.698640 697359 ResourceManager.cpp:262] ResourceManager::loadStage : start load render asset data/scene_datasets/mp3d/PX4nDJXEHrG/PX4nDJXEHrG.glb.
I1008 15:39:04.698642 697359 ResourceManager.cpp:569] ResourceManager::loadStageInternal : Attempting to load stage data/scene_datasets/mp3d/PX4nDJXEHrG/PX4nDJXEHrG.glb 
I1008 15:39:04.698657 697359 ResourceManager.cpp:1119] Importing Basis files as BC7 for PX4nDJXEHrG.glb
W1008 15:39:07.272213 697359 Simulator.cpp:248] :
---
 The active scene does not contain semantic annotations. 
---
I1008 15:39:07.372581 697359 simulator.py:213] Loaded navmesh data/scene_datasets/mp3d/PX4nDJXEHrG/PX4nDJXEHrG.navmesh
I1008 15:39:07.788223 697359 PhysicsManager.cpp:33] Deconstructing PhysicsManager
I1008 15:39:07.788252 697359 SemanticScene.h:41] Deconstructing SemanticScene
I1008 15:39:07.798180 697359 SceneManager.h:25] Deconstructing SceneManager
I1008 15:39:07.798204 697359 SceneGraph.h:26] Deconstructing SceneGraph
I1008 15:39:07.798692 697359 Sensor.h:87] Deconstructing Sensor
I1008 15:39:07.799490 697359 Sensor.h:87] Deconstructing Sensor
I1008 15:39:07.799604 697359 Sensor.h:87] Deconstructing Sensor
I1008 15:39:07.799722 697359 Sensor.h:87] Deconstructing Sensor
I1008 15:39:07.799830 697359 Sensor.h:87] Deconstructing Sensor
I1008 15:39:07.799959 697359 Sensor.h:87] Deconstructing Sensor
I1008 15:39:07.800066 697359 Sensor.h:87] Deconstructing Sensor
I1008 15:39:07.800168 697359 Sensor.h:87] Deconstructing Sensor
I1008 15:39:07.800269 697359 Sensor.h:87] Deconstructing Sensor
I1008 15:39:07.800369 697359 Sensor.h:87] Deconstructing Sensor
I1008 15:39:07.800468 697359 Sensor.h:87] Deconstructing Sensor
I1008 15:39:07.800571 697359 Sensor.h:87] Deconstructing Sensor
I1008 15:39:07.800675 697359 Sensor.h:87] Deconstructing Sensor
I1008 15:39:07.800804 697359 Sensor.h:87] Deconstructing Sensor
I1008 15:39:07.800935 697359 Sensor.h:87] Deconstructing Sensor
I1008 15:39:07.801056 697359 Sensor.h:87] Deconstructing Sensor
I1008 15:39:07.801186 697359 Sensor.h:87] Deconstructing Sensor
I1008 15:39:07.801307 697359 Sensor.h:87] Deconstructing Sensor
I1008 15:39:07.801432 697359 Sensor.h:87] Deconstructing Sensor
I1008 15:39:07.801555 697359 Sensor.h:87] Deconstructing Sensor
I1008 15:39:07.801680 697359 Sensor.h:87] Deconstructing Sensor
I1008 15:39:07.801803 697359 Sensor.h:87] Deconstructing Sensor
I1008 15:39:07.801930 697359 Sensor.h:87] Deconstructing Sensor
I1008 15:39:07.802007 697359 Sensor.h:87] Deconstructing Sensor
I1008 15:39:07.808068 697359 Renderer.cpp:34] Deconstructing Renderer
I1008 15:39:07.808090 697359 WindowlessContext.h:17] Deconstructing WindowlessContext
I1008 15:39:07.813908 697359 MetadataMediator.cpp:56] MetadataMediator::setActiveSceneDatasetName : Old active dataset default changed to default successfully.
I1008 15:39:07.815317 697359 AttributesManagerBase.h:283] AttributesManager<T>::createFromJsonOrDefaultInternal  (Physics Manager) : Proposing JSON name : ./data/default.physics_config.json from original name : ./data/default.physics_config.json | This file  does not exist.
I1008 15:39:07.815353 697359 PhysicsAttributesManager.cpp:27] File (./data/default.physics_config.json) not found, so new default physics manager attributes created and registered.
I1008 15:39:07.815358 697359 AbstractObjectAttributesManagerBase.h:175] AbstractObjectAttributesManager<T>::createObject  (Stage) : Making attributes with handle : data/scene_datasets/mp3d/2n8kARJN3HM/2n8kARJN3HM.glb
I1008 15:39:07.815362 697359 ManagedContainerBase.cpp:19] ManagedContainerBase::convertFilenameToJSON : Filename : data/scene_datasets/mp3d/2n8kARJN3HM/2n8kARJN3HM.glb changed to proposed JSON configuration filename : data/scene_datasets/mp3d/2n8kARJN3HM/2n8kARJN3HM.stage_config.json
I1008 15:39:07.815376 697359 AttributesManagerBase.h:283] AttributesManager<T>::createFromJsonOrDefaultInternal  (Stage) : Proposing JSON name : data/scene_datasets/mp3d/2n8kARJN3HM/2n8kARJN3HM.stage_config.json from original name : data/scene_datasets/mp3d/2n8kARJN3HM/2n8kARJN3HM.glb | This file  does not exist.
I1008 15:39:07.815421 697359 AbstractObjectAttributesManagerBase.h:181] AbstractObjectAttributesManager<T>::createObject  (Stage) : Done making attributes with handle : data/scene_datasets/mp3d/2n8kARJN3HM/2n8kARJN3HM.glb
I1008 15:39:07.815423 697359 AbstractObjectAttributesManagerBase.h:188] File (data/scene_datasets/mp3d/2n8kARJN3HM/2n8kARJN3HM.glb) exists but is not a recognized config filename extension, so new default Stage attributes created and registered.
I1008 15:39:07.815426 697359 Simulator.cpp:156] Loading navmesh from data/scene_datasets/mp3d/2n8kARJN3HM/2n8kARJN3HM.navmesh
I1008 15:39:07.815678 697359 Simulator.cpp:158] Loaded.
I1008 15:39:07.815685 697359 SceneGraph.h:93] Created DrawableGroup: 
I1008 15:39:07.819012 697359 ResourceManager.cpp:234] ResourceManager::loadStage : Not loading semantic mesh
I1008 15:39:07.819020 697359 ResourceManager.cpp:262] ResourceManager::loadStage : start load render asset data/scene_datasets/mp3d/2n8kARJN3HM/2n8kARJN3HM.glb.
I1008 15:39:07.819021 697359 ResourceManager.cpp:569] ResourceManager::loadStageInternal : Attempting to load stage data/scene_datasets/mp3d/2n8kARJN3HM/2n8kARJN3HM.glb 
I1008 15:39:07.819038 697359 ResourceManager.cpp:1119] Importing Basis files as BC7 for 2n8kARJN3HM.glb
W1008 15:39:10.454775 697359 Simulator.cpp:248] :
---
 The active scene does not contain semantic annotations. 
---
I1008 15:39:10.528967 697359 simulator.py:213] Loaded navmesh data/scene_datasets/mp3d/2n8kARJN3HM/2n8kARJN3HM.navmesh
I1008 15:39:10.990953 697359 PhysicsManager.cpp:33] Deconstructing PhysicsManager
I1008 15:39:10.990980 697359 SemanticScene.h:41] Deconstructing SemanticScene
I1008 15:39:10.998023 697359 SceneManager.h:25] Deconstructing SceneManager
I1008 15:39:10.998047 697359 SceneGraph.h:26] Deconstructing SceneGraph
I1008 15:39:10.998682 697359 Sensor.h:87] Deconstructing Sensor
I1008 15:39:10.999147 697359 Sensor.h:87] Deconstructing Sensor
I1008 15:39:10.999253 697359 Sensor.h:87] Deconstructing Sensor
I1008 15:39:10.999360 697359 Sensor.h:87] Deconstructing Sensor
I1008 15:39:10.999461 697359 Sensor.h:87] Deconstructing Sensor
I1008 15:39:10.999562 697359 Sensor.h:87] Deconstructing Sensor
I1008 15:39:10.999667 697359 Sensor.h:87] Deconstructing Sensor
I1008 15:39:10.999765 697359 Sensor.h:87] Deconstructing Sensor
I1008 15:39:10.999866 697359 Sensor.h:87] Deconstructing Sensor
I1008 15:39:10.999974 697359 Sensor.h:87] Deconstructing Sensor
I1008 15:39:11.000070 697359 Sensor.h:87] Deconstructing Sensor
I1008 15:39:11.000171 697359 Sensor.h:87] Deconstructing Sensor
I1008 15:39:11.000268 697359 Sensor.h:87] Deconstructing Sensor
I1008 15:39:11.000397 697359 Sensor.h:87] Deconstructing Sensor
I1008 15:39:11.000526 697359 Sensor.h:87] Deconstructing Sensor
I1008 15:39:11.000645 697359 Sensor.h:87] Deconstructing Sensor
I1008 15:39:11.000772 697359 Sensor.h:87] Deconstructing Sensor
I1008 15:39:11.000902 697359 Sensor.h:87] Deconstructing Sensor
I1008 15:39:11.001024 697359 Sensor.h:87] Deconstructing Sensor
I1008 15:39:11.001149 697359 Sensor.h:87] Deconstructing Sensor
I1008 15:39:11.001271 697359 Sensor.h:87] Deconstructing Sensor
I1008 15:39:11.001390 697359 Sensor.h:87] Deconstructing Sensor
I1008 15:39:11.001518 697359 Sensor.h:87] Deconstructing Sensor
I1008 15:39:11.001595 697359 Sensor.h:87] Deconstructing Sensor
I1008 15:39:11.007704 697359 Renderer.cpp:34] Deconstructing Renderer
I1008 15:39:11.007726 697359 WindowlessContext.h:17] Deconstructing WindowlessContext
I1008 15:39:11.013178 697359 MetadataMediator.cpp:56] MetadataMediator::setActiveSceneDatasetName : Old active dataset default changed to default successfully.
I1008 15:39:11.014513 697359 AttributesManagerBase.h:283] AttributesManager<T>::createFromJsonOrDefaultInternal  (Physics Manager) : Proposing JSON name : ./data/default.physics_config.json from original name : ./data/default.physics_config.json | This file  does not exist.
I1008 15:39:11.014541 697359 PhysicsAttributesManager.cpp:27] File (./data/default.physics_config.json) not found, so new default physics manager attributes created and registered.
I1008 15:39:11.014545 697359 AbstractObjectAttributesManagerBase.h:175] AbstractObjectAttributesManager<T>::createObject  (Stage) : Making attributes with handle : data/scene_datasets/mp3d/ur6pFq6Qu1A/ur6pFq6Qu1A.glb
I1008 15:39:11.014549 697359 ManagedContainerBase.cpp:19] ManagedContainerBase::convertFilenameToJSON : Filename : data/scene_datasets/mp3d/ur6pFq6Qu1A/ur6pFq6Qu1A.glb changed to proposed JSON configuration filename : data/scene_datasets/mp3d/ur6pFq6Qu1A/ur6pFq6Qu1A.stage_config.json
I1008 15:39:11.014564 697359 AttributesManagerBase.h:283] AttributesManager<T>::createFromJsonOrDefaultInternal  (Stage) : Proposing JSON name : data/scene_datasets/mp3d/ur6pFq6Qu1A/ur6pFq6Qu1A.stage_config.json from original name : data/scene_datasets/mp3d/ur6pFq6Qu1A/ur6pFq6Qu1A.glb | This file  does not exist.
I1008 15:39:11.014609 697359 AbstractObjectAttributesManagerBase.h:181] AbstractObjectAttributesManager<T>::createObject  (Stage) : Done making attributes with handle : data/scene_datasets/mp3d/ur6pFq6Qu1A/ur6pFq6Qu1A.glb
I1008 15:39:11.014611 697359 AbstractObjectAttributesManagerBase.h:188] File (data/scene_datasets/mp3d/ur6pFq6Qu1A/ur6pFq6Qu1A.glb) exists but is not a recognized config filename extension, so new default Stage attributes created and registered.
I1008 15:39:11.014614 697359 Simulator.cpp:156] Loading navmesh from data/scene_datasets/mp3d/ur6pFq6Qu1A/ur6pFq6Qu1A.navmesh
I1008 15:39:11.014861 697359 Simulator.cpp:158] Loaded.
I1008 15:39:11.014868 697359 SceneGraph.h:93] Created DrawableGroup: 
I1008 15:39:11.018180 697359 ResourceManager.cpp:234] ResourceManager::loadStage : Not loading semantic mesh
I1008 15:39:11.018188 697359 ResourceManager.cpp:262] ResourceManager::loadStage : start load render asset data/scene_datasets/mp3d/ur6pFq6Qu1A/ur6pFq6Qu1A.glb.
I1008 15:39:11.018190 697359 ResourceManager.cpp:569] ResourceManager::loadStageInternal : Attempting to load stage data/scene_datasets/mp3d/ur6pFq6Qu1A/ur6pFq6Qu1A.glb 
I1008 15:39:11.018208 697359 ResourceManager.cpp:1119] Importing Basis files as BC7 for ur6pFq6Qu1A.glb
W1008 15:39:13.209247 697359 Simulator.cpp:248] :
---
 The active scene does not contain semantic annotations. 
---
I1008 15:39:13.266349 697359 simulator.py:213] Loaded navmesh data/scene_datasets/mp3d/ur6pFq6Qu1A/ur6pFq6Qu1A.navmesh
I1008 15:39:13.550158 697359 PhysicsManager.cpp:33] Deconstructing PhysicsManager
I1008 15:39:13.550182 697359 SemanticScene.h:41] Deconstructing SemanticScene
I1008 15:39:13.553718 697359 SceneManager.h:25] Deconstructing SceneManager
I1008 15:39:13.553722 697359 SceneGraph.h:26] Deconstructing SceneGraph
I1008 15:39:13.554220 697359 Sensor.h:87] Deconstructing Sensor
I1008 15:39:13.554644 697359 Sensor.h:87] Deconstructing Sensor
I1008 15:39:13.554751 697359 Sensor.h:87] Deconstructing Sensor
I1008 15:39:13.554862 697359 Sensor.h:87] Deconstructing Sensor
I1008 15:39:13.554968 697359 Sensor.h:87] Deconstructing Sensor
I1008 15:39:13.555068 697359 Sensor.h:87] Deconstructing Sensor
I1008 15:39:13.555169 697359 Sensor.h:87] Deconstructing Sensor
I1008 15:39:13.555265 697359 Sensor.h:87] Deconstructing Sensor
I1008 15:39:13.555366 697359 Sensor.h:87] Deconstructing Sensor
I1008 15:39:13.555462 697359 Sensor.h:87] Deconstructing Sensor
I1008 15:39:13.555557 697359 Sensor.h:87] Deconstructing Sensor
I1008 15:39:13.555657 697359 Sensor.h:87] Deconstructing Sensor
I1008 15:39:13.555756 697359 Sensor.h:87] Deconstructing Sensor
I1008 15:39:13.555883 697359 Sensor.h:87] Deconstructing Sensor
I1008 15:39:13.556008 697359 Sensor.h:87] Deconstructing Sensor
I1008 15:39:13.556129 697359 Sensor.h:87] Deconstructing Sensor
I1008 15:39:13.556253 697359 Sensor.h:87] Deconstructing Sensor
I1008 15:39:13.556371 697359 Sensor.h:87] Deconstructing Sensor
I1008 15:39:13.556490 697359 Sensor.h:87] Deconstructing Sensor
I1008 15:39:13.556612 697359 Sensor.h:87] Deconstructing Sensor
I1008 15:39:13.556733 697359 Sensor.h:87] Deconstructing Sensor
I1008 15:39:13.556854 697359 Sensor.h:87] Deconstructing Sensor
I1008 15:39:13.556978 697359 Sensor.h:87] Deconstructing Sensor
I1008 15:39:13.557138 697359 Sensor.h:87] Deconstructing Sensor
I1008 15:39:13.561630 697359 Renderer.cpp:34] Deconstructing Renderer
I1008 15:39:13.561648 697359 WindowlessContext.h:17] Deconstructing WindowlessContext
I1008 15:39:13.566762 697359 MetadataMediator.cpp:56] MetadataMediator::setActiveSceneDatasetName : Old active dataset default changed to default successfully.
I1008 15:39:13.567482 697359 AttributesManagerBase.h:283] AttributesManager<T>::createFromJsonOrDefaultInternal  (Physics Manager) : Proposing JSON name : ./data/default.physics_config.json from original name : ./data/default.physics_config.json | This file  does not exist.
I1008 15:39:13.567502 697359 PhysicsAttributesManager.cpp:27] File (./data/default.physics_config.json) not found, so new default physics manager attributes created and registered.
I1008 15:39:13.567507 697359 AbstractObjectAttributesManagerBase.h:175] AbstractObjectAttributesManager<T>::createObject  (Stage) : Making attributes with handle : data/scene_datasets/mp3d/JmbYfDe2QKZ/JmbYfDe2QKZ.glb
I1008 15:39:13.567509 697359 ManagedContainerBase.cpp:19] ManagedContainerBase::convertFilenameToJSON : Filename : data/scene_datasets/mp3d/JmbYfDe2QKZ/JmbYfDe2QKZ.glb changed to proposed JSON configuration filename : data/scene_datasets/mp3d/JmbYfDe2QKZ/JmbYfDe2QKZ.stage_config.json
I1008 15:39:13.567526 697359 AttributesManagerBase.h:283] AttributesManager<T>::createFromJsonOrDefaultInternal  (Stage) : Proposing JSON name : data/scene_datasets/mp3d/JmbYfDe2QKZ/JmbYfDe2QKZ.stage_config.json from original name : data/scene_datasets/mp3d/JmbYfDe2QKZ/JmbYfDe2QKZ.glb | This file  does not exist.
I1008 15:39:13.567565 697359 AbstractObjectAttributesManagerBase.h:181] AbstractObjectAttributesManager<T>::createObject  (Stage) : Done making attributes with handle : data/scene_datasets/mp3d/JmbYfDe2QKZ/JmbYfDe2QKZ.glb
I1008 15:39:13.567566 697359 AbstractObjectAttributesManagerBase.h:188] File (data/scene_datasets/mp3d/JmbYfDe2QKZ/JmbYfDe2QKZ.glb) exists but is not a recognized config filename extension, so new default Stage attributes created and registered.
I1008 15:39:13.567569 697359 Simulator.cpp:156] Loading navmesh from data/scene_datasets/mp3d/JmbYfDe2QKZ/JmbYfDe2QKZ.navmesh
I1008 15:39:13.567667 697359 Simulator.cpp:158] Loaded.
I1008 15:39:13.567673 697359 SceneGraph.h:93] Created DrawableGroup: 
I1008 15:39:13.570691 697359 ResourceManager.cpp:234] ResourceManager::loadStage : Not loading semantic mesh
I1008 15:39:13.570698 697359 ResourceManager.cpp:262] ResourceManager::loadStage : start load render asset data/scene_datasets/mp3d/JmbYfDe2QKZ/JmbYfDe2QKZ.glb.
I1008 15:39:13.570698 697359 ResourceManager.cpp:569] ResourceManager::loadStageInternal : Attempting to load stage data/scene_datasets/mp3d/JmbYfDe2QKZ/JmbYfDe2QKZ.glb 
I1008 15:39:13.570706 697359 ResourceManager.cpp:1119] Importing Basis files as BC7 for JmbYfDe2QKZ.glb
W1008 15:39:14.547750 697359 Simulator.cpp:248] :
---
 The active scene does not contain semantic annotations. 
---
I1008 15:39:14.596405 697359 simulator.py:213] Loaded navmesh data/scene_datasets/mp3d/JmbYfDe2QKZ/JmbYfDe2QKZ.navmesh
I1008 15:39:14.857234 697359 PhysicsManager.cpp:33] Deconstructing PhysicsManager
I1008 15:39:14.857259 697359 SemanticScene.h:41] Deconstructing SemanticScene
I1008 15:39:14.862488 697359 SceneManager.h:25] Deconstructing SceneManager
I1008 15:39:14.862507 697359 SceneGraph.h:26] Deconstructing SceneGraph
I1008 15:39:14.862900 697359 Sensor.h:87] Deconstructing Sensor
I1008 15:39:14.863250 697359 Sensor.h:87] Deconstructing Sensor
I1008 15:39:14.863356 697359 Sensor.h:87] Deconstructing Sensor
I1008 15:39:14.863464 697359 Sensor.h:87] Deconstructing Sensor
I1008 15:39:14.863570 697359 Sensor.h:87] Deconstructing Sensor
I1008 15:39:14.863673 697359 Sensor.h:87] Deconstructing Sensor
I1008 15:39:14.863778 697359 Sensor.h:87] Deconstructing Sensor
I1008 15:39:14.863875 697359 Sensor.h:87] Deconstructing Sensor
I1008 15:39:14.863979 697359 Sensor.h:87] Deconstructing Sensor
I1008 15:39:14.864078 697359 Sensor.h:87] Deconstructing Sensor
I1008 15:39:14.864178 697359 Sensor.h:87] Deconstructing Sensor
I1008 15:39:14.864290 697359 Sensor.h:87] Deconstructing Sensor
I1008 15:39:14.864392 697359 Sensor.h:87] Deconstructing Sensor
I1008 15:39:14.864526 697359 Sensor.h:87] Deconstructing Sensor
I1008 15:39:14.864655 697359 Sensor.h:87] Deconstructing Sensor
I1008 15:39:14.864778 697359 Sensor.h:87] Deconstructing Sensor
I1008 15:39:14.864903 697359 Sensor.h:87] Deconstructing Sensor
I1008 15:39:14.865026 697359 Sensor.h:87] Deconstructing Sensor
I1008 15:39:14.865152 697359 Sensor.h:87] Deconstructing Sensor
I1008 15:39:14.865281 697359 Sensor.h:87] Deconstructing Sensor
I1008 15:39:14.865403 697359 Sensor.h:87] Deconstructing Sensor
I1008 15:39:14.865563 697359 Sensor.h:87] Deconstructing Sensor
I1008 15:39:14.865715 697359 Sensor.h:87] Deconstructing Sensor
I1008 15:39:14.865792 697359 Sensor.h:87] Deconstructing Sensor
I1008 15:39:14.869117 697359 Renderer.cpp:34] Deconstructing Renderer
I1008 15:39:14.869129 697359 WindowlessContext.h:17] Deconstructing WindowlessContext
I1008 15:39:14.871862 697359 MetadataMediator.cpp:56] MetadataMediator::setActiveSceneDatasetName : Old active dataset default changed to default successfully.
I1008 15:39:14.873147 697359 AttributesManagerBase.h:283] AttributesManager<T>::createFromJsonOrDefaultInternal  (Physics Manager) : Proposing JSON name : ./data/default.physics_config.json from original name : ./data/default.physics_config.json | This file  does not exist.
I1008 15:39:14.873173 697359 PhysicsAttributesManager.cpp:27] File (./data/default.physics_config.json) not found, so new default physics manager attributes created and registered.
I1008 15:39:14.873178 697359 AbstractObjectAttributesManagerBase.h:175] AbstractObjectAttributesManager<T>::createObject  (Stage) : Making attributes with handle : data/scene_datasets/mp3d/2n8kARJN3HM/2n8kARJN3HM.glb
I1008 15:39:14.873181 697359 ManagedContainerBase.cpp:19] ManagedContainerBase::convertFilenameToJSON : Filename : data/scene_datasets/mp3d/2n8kARJN3HM/2n8kARJN3HM.glb changed to proposed JSON configuration filename : data/scene_datasets/mp3d/2n8kARJN3HM/2n8kARJN3HM.stage_config.json
I1008 15:39:14.873195 697359 AttributesManagerBase.h:283] AttributesManager<T>::createFromJsonOrDefaultInternal  (Stage) : Proposing JSON name : data/scene_datasets/mp3d/2n8kARJN3HM/2n8kARJN3HM.stage_config.json from original name : data/scene_datasets/mp3d/2n8kARJN3HM/2n8kARJN3HM.glb | This file  does not exist.
I1008 15:39:14.873239 697359 AbstractObjectAttributesManagerBase.h:181] AbstractObjectAttributesManager<T>::createObject  (Stage) : Done making attributes with handle : data/scene_datasets/mp3d/2n8kARJN3HM/2n8kARJN3HM.glb
I1008 15:39:14.873240 697359 AbstractObjectAttributesManagerBase.h:188] File (data/scene_datasets/mp3d/2n8kARJN3HM/2n8kARJN3HM.glb) exists but is not a recognized config filename extension, so new default Stage attributes created and registered.
I1008 15:39:14.873252 697359 Simulator.cpp:156] Loading navmesh from data/scene_datasets/mp3d/2n8kARJN3HM/2n8kARJN3HM.navmesh
I1008 15:39:14.873471 697359 Simulator.cpp:158] Loaded.
I1008 15:39:14.873476 697359 SceneGraph.h:93] Created DrawableGroup: 
I1008 15:39:14.876791 697359 ResourceManager.cpp:234] ResourceManager::loadStage : Not loading semantic mesh
I1008 15:39:14.876799 697359 ResourceManager.cpp:262] ResourceManager::loadStage : start load render asset data/scene_datasets/mp3d/2n8kARJN3HM/2n8kARJN3HM.glb.
I1008 15:39:14.876801 697359 ResourceManager.cpp:569] ResourceManager::loadStageInternal : Attempting to load stage data/scene_datasets/mp3d/2n8kARJN3HM/2n8kARJN3HM.glb 
I1008 15:39:14.876818 697359 ResourceManager.cpp:1119] Importing Basis files as BC7 for 2n8kARJN3HM.glb
W1008 15:39:17.523104 697359 Simulator.cpp:248] :
---
 The active scene does not contain semantic annotations. 
---
I1008 15:39:17.593877 697359 simulator.py:213] Loaded navmesh data/scene_datasets/mp3d/2n8kARJN3HM/2n8kARJN3HM.navmesh
I1008 15:39:18.144737 697359 PhysicsManager.cpp:33] Deconstructing PhysicsManager
I1008 15:39:18.144762 697359 SemanticScene.h:41] Deconstructing SemanticScene
I1008 15:39:18.149255 697359 SceneManager.h:25] Deconstructing SceneManager
I1008 15:39:18.149263 697359 SceneGraph.h:26] Deconstructing SceneGraph
I1008 15:39:18.149725 697359 Sensor.h:87] Deconstructing Sensor
I1008 15:39:18.150429 697359 Sensor.h:87] Deconstructing Sensor
I1008 15:39:18.150535 697359 Sensor.h:87] Deconstructing Sensor
I1008 15:39:18.150641 697359 Sensor.h:87] Deconstructing Sensor
I1008 15:39:18.150744 697359 Sensor.h:87] Deconstructing Sensor
I1008 15:39:18.150844 697359 Sensor.h:87] Deconstructing Sensor
I1008 15:39:18.150990 697359 Sensor.h:87] Deconstructing Sensor
I1008 15:39:18.151108 697359 Sensor.h:87] Deconstructing Sensor
I1008 15:39:18.151212 697359 Sensor.h:87] Deconstructing Sensor
I1008 15:39:18.151309 697359 Sensor.h:87] Deconstructing Sensor
I1008 15:39:18.151407 697359 Sensor.h:87] Deconstructing Sensor
I1008 15:39:18.151508 697359 Sensor.h:87] Deconstructing Sensor
I1008 15:39:18.151605 697359 Sensor.h:87] Deconstructing Sensor
I1008 15:39:18.151749 697359 Sensor.h:87] Deconstructing Sensor
I1008 15:39:18.151880 697359 Sensor.h:87] Deconstructing Sensor
I1008 15:39:18.152002 697359 Sensor.h:87] Deconstructing Sensor
I1008 15:39:18.152130 697359 Sensor.h:87] Deconstructing Sensor
I1008 15:39:18.152253 697359 Sensor.h:87] Deconstructing Sensor
I1008 15:39:18.152379 697359 Sensor.h:87] Deconstructing Sensor
I1008 15:39:18.152503 697359 Sensor.h:87] Deconstructing Sensor
I1008 15:39:18.152628 697359 Sensor.h:87] Deconstructing Sensor
I1008 15:39:18.152755 697359 Sensor.h:87] Deconstructing Sensor
I1008 15:39:18.152887 697359 Sensor.h:87] Deconstructing Sensor
I1008 15:39:18.152963 697359 Sensor.h:87] Deconstructing Sensor
I1008 15:39:18.159804 697359 Renderer.cpp:34] Deconstructing Renderer
I1008 15:39:18.159830 697359 WindowlessContext.h:17] Deconstructing WindowlessContext
I1008 15:39:18.165421 697359 MetadataMediator.cpp:56] MetadataMediator::setActiveSceneDatasetName : Old active dataset default changed to default successfully.
I1008 15:39:18.167121 697359 AttributesManagerBase.h:283] AttributesManager<T>::createFromJsonOrDefaultInternal  (Physics Manager) : Proposing JSON name : ./data/default.physics_config.json from original name : ./data/default.physics_config.json | This file  does not exist.
I1008 15:39:18.167151 697359 PhysicsAttributesManager.cpp:27] File (./data/default.physics_config.json) not found, so new default physics manager attributes created and registered.
I1008 15:39:18.167156 697359 AbstractObjectAttributesManagerBase.h:175] AbstractObjectAttributesManager<T>::createObject  (Stage) : Making attributes with handle : data/scene_datasets/mp3d/D7N2EKCX4Sj/D7N2EKCX4Sj.glb
I1008 15:39:18.167160 697359 ManagedContainerBase.cpp:19] ManagedContainerBase::convertFilenameToJSON : Filename : data/scene_datasets/mp3d/D7N2EKCX4Sj/D7N2EKCX4Sj.glb changed to proposed JSON configuration filename : data/scene_datasets/mp3d/D7N2EKCX4Sj/D7N2EKCX4Sj.stage_config.json
I1008 15:39:18.167186 697359 AttributesManagerBase.h:283] AttributesManager<T>::createFromJsonOrDefaultInternal  (Stage) : Proposing JSON name : data/scene_datasets/mp3d/D7N2EKCX4Sj/D7N2EKCX4Sj.stage_config.json from original name : data/scene_datasets/mp3d/D7N2EKCX4Sj/D7N2EKCX4Sj.glb | This file  does not exist.
I1008 15:39:18.167234 697359 AbstractObjectAttributesManagerBase.h:181] AbstractObjectAttributesManager<T>::createObject  (Stage) : Done making attributes with handle : data/scene_datasets/mp3d/D7N2EKCX4Sj/D7N2EKCX4Sj.glb
I1008 15:39:18.167235 697359 AbstractObjectAttributesManagerBase.h:188] File (data/scene_datasets/mp3d/D7N2EKCX4Sj/D7N2EKCX4Sj.glb) exists but is not a recognized config filename extension, so new default Stage attributes created and registered.
I1008 15:39:18.167239 697359 Simulator.cpp:156] Loading navmesh from data/scene_datasets/mp3d/D7N2EKCX4Sj/D7N2EKCX4Sj.navmesh
I1008 15:39:18.167630 697359 Simulator.cpp:158] Loaded.
I1008 15:39:18.167636 697359 SceneGraph.h:93] Created DrawableGroup: 
I1008 15:39:18.171146 697359 ResourceManager.cpp:234] ResourceManager::loadStage : Not loading semantic mesh
I1008 15:39:18.171154 697359 ResourceManager.cpp:262] ResourceManager::loadStage : start load render asset data/scene_datasets/mp3d/D7N2EKCX4Sj/D7N2EKCX4Sj.glb.
I1008 15:39:18.171155 697359 ResourceManager.cpp:569] ResourceManager::loadStageInternal : Attempting to load stage data/scene_datasets/mp3d/D7N2EKCX4Sj/D7N2EKCX4Sj.glb 
I1008 15:39:18.171175 697359 ResourceManager.cpp:1119] Importing Basis files as BC7 for D7N2EKCX4Sj.glb
W1008 15:39:22.289987 697359 Simulator.cpp:248] :
---
 The active scene does not contain semantic annotations. 
---
I1008 15:39:22.414153 697359 simulator.py:213] Loaded navmesh data/scene_datasets/mp3d/D7N2EKCX4Sj/D7N2EKCX4Sj.navmesh
I1008 15:39:23.188825 697359 PhysicsManager.cpp:33] Deconstructing PhysicsManager
I1008 15:39:23.188853 697359 SemanticScene.h:41] Deconstructing SemanticScene
I1008 15:39:23.198074 697359 SceneManager.h:25] Deconstructing SceneManager
I1008 15:39:23.198099 697359 SceneGraph.h:26] Deconstructing SceneGraph
I1008 15:39:23.198633 697359 Sensor.h:87] Deconstructing Sensor
I1008 15:39:23.199203 697359 Sensor.h:87] Deconstructing Sensor
I1008 15:39:23.199311 697359 Sensor.h:87] Deconstructing Sensor
I1008 15:39:23.199419 697359 Sensor.h:87] Deconstructing Sensor
I1008 15:39:23.199524 697359 Sensor.h:87] Deconstructing Sensor
I1008 15:39:23.199623 697359 Sensor.h:87] Deconstructing Sensor
I1008 15:39:23.199730 697359 Sensor.h:87] Deconstructing Sensor
I1008 15:39:23.199827 697359 Sensor.h:87] Deconstructing Sensor
I1008 15:39:23.199930 697359 Sensor.h:87] Deconstructing Sensor
I1008 15:39:23.200026 697359 Sensor.h:87] Deconstructing Sensor
I1008 15:39:23.200124 697359 Sensor.h:87] Deconstructing Sensor
I1008 15:39:23.200223 697359 Sensor.h:87] Deconstructing Sensor
I1008 15:39:23.200321 697359 Sensor.h:87] Deconstructing Sensor
I1008 15:39:23.200441 697359 Sensor.h:87] Deconstructing Sensor
I1008 15:39:23.200575 697359 Sensor.h:87] Deconstructing Sensor
I1008 15:39:23.200695 697359 Sensor.h:87] Deconstructing Sensor
I1008 15:39:23.200822 697359 Sensor.h:87] Deconstructing Sensor
I1008 15:39:23.200943 697359 Sensor.h:87] Deconstructing Sensor
I1008 15:39:23.201064 697359 Sensor.h:87] Deconstructing Sensor
I1008 15:39:23.201184 697359 Sensor.h:87] Deconstructing Sensor
I1008 15:39:23.201303 697359 Sensor.h:87] Deconstructing Sensor
I1008 15:39:23.201419 697359 Sensor.h:87] Deconstructing Sensor
I1008 15:39:23.201550 697359 Sensor.h:87] Deconstructing Sensor
I1008 15:39:23.201710 697359 Sensor.h:87] Deconstructing Sensor
I1008 15:39:23.208585 697359 Renderer.cpp:34] Deconstructing Renderer
I1008 15:39:23.208604 697359 WindowlessContext.h:17] Deconstructing WindowlessContext
I1008 15:39:23.215341 697359 MetadataMediator.cpp:56] MetadataMediator::setActiveSceneDatasetName : Old active dataset default changed to default successfully.
I1008 15:39:23.217063 697359 AttributesManagerBase.h:283] AttributesManager<T>::createFromJsonOrDefaultInternal  (Physics Manager) : Proposing JSON name : ./data/default.physics_config.json from original name : ./data/default.physics_config.json | This file  does not exist.
I1008 15:39:23.217092 697359 PhysicsAttributesManager.cpp:27] File (./data/default.physics_config.json) not found, so new default physics manager attributes created and registered.
I1008 15:39:23.217096 697359 AbstractObjectAttributesManagerBase.h:175] AbstractObjectAttributesManager<T>::createObject  (Stage) : Making attributes with handle : data/scene_datasets/mp3d/qoiz87JEwZ2/qoiz87JEwZ2.glb
I1008 15:39:23.217099 697359 ManagedContainerBase.cpp:19] ManagedContainerBase::convertFilenameToJSON : Filename : data/scene_datasets/mp3d/qoiz87JEwZ2/qoiz87JEwZ2.glb changed to proposed JSON configuration filename : data/scene_datasets/mp3d/qoiz87JEwZ2/qoiz87JEwZ2.stage_config.json
I1008 15:39:23.217116 697359 AttributesManagerBase.h:283] AttributesManager<T>::createFromJsonOrDefaultInternal  (Stage) : Proposing JSON name : data/scene_datasets/mp3d/qoiz87JEwZ2/qoiz87JEwZ2.stage_config.json from original name : data/scene_datasets/mp3d/qoiz87JEwZ2/qoiz87JEwZ2.glb | This file  does not exist.
I1008 15:39:23.217161 697359 AbstractObjectAttributesManagerBase.h:181] AbstractObjectAttributesManager<T>::createObject  (Stage) : Done making attributes with handle : data/scene_datasets/mp3d/qoiz87JEwZ2/qoiz87JEwZ2.glb
I1008 15:39:23.217162 697359 AbstractObjectAttributesManagerBase.h:188] File (data/scene_datasets/mp3d/qoiz87JEwZ2/qoiz87JEwZ2.glb) exists but is not a recognized config filename extension, so new default Stage attributes created and registered.
I1008 15:39:23.217165 697359 Simulator.cpp:156] Loading navmesh from data/scene_datasets/mp3d/qoiz87JEwZ2/qoiz87JEwZ2.navmesh
I1008 15:39:23.217315 697359 Simulator.cpp:158] Loaded.
I1008 15:39:23.217320 697359 SceneGraph.h:93] Created DrawableGroup: 
I1008 15:39:23.220585 697359 ResourceManager.cpp:234] ResourceManager::loadStage : Not loading semantic mesh
I1008 15:39:23.220592 697359 ResourceManager.cpp:262] ResourceManager::loadStage : start load render asset data/scene_datasets/mp3d/qoiz87JEwZ2/qoiz87JEwZ2.glb.
I1008 15:39:23.220593 697359 ResourceManager.cpp:569] ResourceManager::loadStageInternal : Attempting to load stage data/scene_datasets/mp3d/qoiz87JEwZ2/qoiz87JEwZ2.glb 
I1008 15:39:23.220608 697359 ResourceManager.cpp:1119] Importing Basis files as BC7 for qoiz87JEwZ2.glb
W1008 15:39:24.883320 697359 Simulator.cpp:248] :
---
 The active scene does not contain semantic annotations. 
---
I1008 15:39:24.947748 697359 simulator.py:213] Loaded navmesh data/scene_datasets/mp3d/qoiz87JEwZ2/qoiz87JEwZ2.navmesh
I1008 15:39:25.317277 697359 PhysicsManager.cpp:33] Deconstructing PhysicsManager
I1008 15:39:25.317299 697359 SemanticScene.h:41] Deconstructing SemanticScene
I1008 15:39:25.322238 697359 SceneManager.h:25] Deconstructing SceneManager
I1008 15:39:25.322253 697359 SceneGraph.h:26] Deconstructing SceneGraph
I1008 15:39:25.322655 697359 Sensor.h:87] Deconstructing Sensor
I1008 15:39:25.323400 697359 Sensor.h:87] Deconstructing Sensor
I1008 15:39:25.323518 697359 Sensor.h:87] Deconstructing Sensor
I1008 15:39:25.323632 697359 Sensor.h:87] Deconstructing Sensor
I1008 15:39:25.323737 697359 Sensor.h:87] Deconstructing Sensor
I1008 15:39:25.323840 697359 Sensor.h:87] Deconstructing Sensor
I1008 15:39:25.323947 697359 Sensor.h:87] Deconstructing Sensor
I1008 15:39:25.324050 697359 Sensor.h:87] Deconstructing Sensor
I1008 15:39:25.324160 697359 Sensor.h:87] Deconstructing Sensor
I1008 15:39:25.324263 697359 Sensor.h:87] Deconstructing Sensor
I1008 15:39:25.325832 697359 Sensor.h:87] Deconstructing Sensor
I1008 15:39:25.326223 697359 Sensor.h:87] Deconstructing Sensor
I1008 15:39:25.326339 697359 Sensor.h:87] Deconstructing Sensor
I1008 15:39:25.326486 697359 Sensor.h:87] Deconstructing Sensor
I1008 15:39:25.326622 697359 Sensor.h:87] Deconstructing Sensor
I1008 15:39:25.326747 697359 Sensor.h:87] Deconstructing Sensor
I1008 15:39:25.326886 697359 Sensor.h:87] Deconstructing Sensor
I1008 15:39:25.327014 697359 Sensor.h:87] Deconstructing Sensor
I1008 15:39:25.327139 697359 Sensor.h:87] Deconstructing Sensor
I1008 15:39:25.327270 697359 Sensor.h:87] Deconstructing Sensor
I1008 15:39:25.327394 697359 Sensor.h:87] Deconstructing Sensor
I1008 15:39:25.327523 697359 Sensor.h:87] Deconstructing Sensor
I1008 15:39:25.327653 697359 Sensor.h:87] Deconstructing Sensor
I1008 15:39:25.327761 697359 Sensor.h:87] Deconstructing Sensor
I1008 15:39:25.332052 697359 Renderer.cpp:34] Deconstructing Renderer
I1008 15:39:25.332064 697359 WindowlessContext.h:17] Deconstructing WindowlessContext
I1008 15:39:25.335386 697359 MetadataMediator.cpp:56] MetadataMediator::setActiveSceneDatasetName : Old active dataset default changed to default successfully.
I1008 15:39:25.336483 697359 AttributesManagerBase.h:283] AttributesManager<T>::createFromJsonOrDefaultInternal  (Physics Manager) : Proposing JSON name : ./data/default.physics_config.json from original name : ./data/default.physics_config.json | This file  does not exist.
I1008 15:39:25.336509 697359 PhysicsAttributesManager.cpp:27] File (./data/default.physics_config.json) not found, so new default physics manager attributes created and registered.
I1008 15:39:25.336514 697359 AbstractObjectAttributesManagerBase.h:175] AbstractObjectAttributesManager<T>::createObject  (Stage) : Making attributes with handle : data/scene_datasets/mp3d/2n8kARJN3HM/2n8kARJN3HM.glb
I1008 15:39:25.336517 697359 ManagedContainerBase.cpp:19] ManagedContainerBase::convertFilenameToJSON : Filename : data/scene_datasets/mp3d/2n8kARJN3HM/2n8kARJN3HM.glb changed to proposed JSON configuration filename : data/scene_datasets/mp3d/2n8kARJN3HM/2n8kARJN3HM.stage_config.json
I1008 15:39:25.336534 697359 AttributesManagerBase.h:283] AttributesManager<T>::createFromJsonOrDefaultInternal  (Stage) : Proposing JSON name : data/scene_datasets/mp3d/2n8kARJN3HM/2n8kARJN3HM.stage_config.json from original name : data/scene_datasets/mp3d/2n8kARJN3HM/2n8kARJN3HM.glb | This file  does not exist.
I1008 15:39:25.336581 697359 AbstractObjectAttributesManagerBase.h:181] AbstractObjectAttributesManager<T>::createObject  (Stage) : Done making attributes with handle : data/scene_datasets/mp3d/2n8kARJN3HM/2n8kARJN3HM.glb
I1008 15:39:25.336582 697359 AbstractObjectAttributesManagerBase.h:188] File (data/scene_datasets/mp3d/2n8kARJN3HM/2n8kARJN3HM.glb) exists but is not a recognized config filename extension, so new default Stage attributes created and registered.
I1008 15:39:25.336586 697359 Simulator.cpp:156] Loading navmesh from data/scene_datasets/mp3d/2n8kARJN3HM/2n8kARJN3HM.navmesh
I1008 15:39:25.336833 697359 Simulator.cpp:158] Loaded.
I1008 15:39:25.336838 697359 SceneGraph.h:93] Created DrawableGroup: 
I1008 15:39:25.340091 697359 ResourceManager.cpp:234] ResourceManager::loadStage : Not loading semantic mesh
I1008 15:39:25.340097 697359 ResourceManager.cpp:262] ResourceManager::loadStage : start load render asset data/scene_datasets/mp3d/2n8kARJN3HM/2n8kARJN3HM.glb.
I1008 15:39:25.340099 697359 ResourceManager.cpp:569] ResourceManager::loadStageInternal : Attempting to load stage data/scene_datasets/mp3d/2n8kARJN3HM/2n8kARJN3HM.glb 
I1008 15:39:25.340113 697359 ResourceManager.cpp:1119] Importing Basis files as BC7 for 2n8kARJN3HM.glb
W1008 15:39:27.977133 697359 Simulator.cpp:248] :
---
 The active scene does not contain semantic annotations. 
---
I1008 15:39:28.048640 697359 simulator.py:213] Loaded navmesh data/scene_datasets/mp3d/2n8kARJN3HM/2n8kARJN3HM.navmesh
I1008 15:39:28.567345 697359 PhysicsManager.cpp:33] Deconstructing PhysicsManager
I1008 15:39:28.567370 697359 SemanticScene.h:41] Deconstructing SemanticScene
I1008 15:39:28.572419 697359 SceneManager.h:25] Deconstructing SceneManager
I1008 15:39:28.572434 697359 SceneGraph.h:26] Deconstructing SceneGraph
I1008 15:39:28.572922 697359 Sensor.h:87] Deconstructing Sensor
I1008 15:39:28.573539 697359 Sensor.h:87] Deconstructing Sensor
I1008 15:39:28.573648 697359 Sensor.h:87] Deconstructing Sensor
I1008 15:39:28.573776 697359 Sensor.h:87] Deconstructing Sensor
I1008 15:39:28.573884 697359 Sensor.h:87] Deconstructing Sensor
I1008 15:39:28.573985 697359 Sensor.h:87] Deconstructing Sensor
I1008 15:39:28.574087 697359 Sensor.h:87] Deconstructing Sensor
I1008 15:39:28.574183 697359 Sensor.h:87] Deconstructing Sensor
I1008 15:39:28.574285 697359 Sensor.h:87] Deconstructing Sensor
I1008 15:39:28.574384 697359 Sensor.h:87] Deconstructing Sensor
I1008 15:39:28.574481 697359 Sensor.h:87] Deconstructing Sensor
I1008 15:39:28.574581 697359 Sensor.h:87] Deconstructing Sensor
I1008 15:39:28.574681 697359 Sensor.h:87] Deconstructing Sensor
I1008 15:39:28.574810 697359 Sensor.h:87] Deconstructing Sensor
I1008 15:39:28.574940 697359 Sensor.h:87] Deconstructing Sensor
I1008 15:39:28.575060 697359 Sensor.h:87] Deconstructing Sensor
I1008 15:39:28.575182 697359 Sensor.h:87] Deconstructing Sensor
I1008 15:39:28.575300 697359 Sensor.h:87] Deconstructing Sensor
I1008 15:39:28.575423 697359 Sensor.h:87] Deconstructing Sensor
I1008 15:39:28.575546 697359 Sensor.h:87] Deconstructing Sensor
I1008 15:39:28.575664 697359 Sensor.h:87] Deconstructing Sensor
I1008 15:39:28.575784 697359 Sensor.h:87] Deconstructing Sensor
I1008 15:39:28.575910 697359 Sensor.h:87] Deconstructing Sensor
I1008 15:39:28.575985 697359 Sensor.h:87] Deconstructing Sensor
I1008 15:39:28.581207 697359 Renderer.cpp:34] Deconstructing Renderer
I1008 15:39:28.581228 697359 WindowlessContext.h:17] Deconstructing WindowlessContext
I1008 15:39:28.586702 697359 MetadataMediator.cpp:56] MetadataMediator::setActiveSceneDatasetName : Old active dataset default changed to default successfully.
I1008 15:39:28.588167 697359 AttributesManagerBase.h:283] AttributesManager<T>::createFromJsonOrDefaultInternal  (Physics Manager) : Proposing JSON name : ./data/default.physics_config.json from original name : ./data/default.physics_config.json | This file  does not exist.
I1008 15:39:28.588195 697359 PhysicsAttributesManager.cpp:27] File (./data/default.physics_config.json) not found, so new default physics manager attributes created and registered.
I1008 15:39:28.588200 697359 AbstractObjectAttributesManagerBase.h:175] AbstractObjectAttributesManager<T>::createObject  (Stage) : Making attributes with handle : data/scene_datasets/mp3d/pRbA3pwrgk9/pRbA3pwrgk9.glb
I1008 15:39:28.588203 697359 ManagedContainerBase.cpp:19] ManagedContainerBase::convertFilenameToJSON : Filename : data/scene_datasets/mp3d/pRbA3pwrgk9/pRbA3pwrgk9.glb changed to proposed JSON configuration filename : data/scene_datasets/mp3d/pRbA3pwrgk9/pRbA3pwrgk9.stage_config.json
I1008 15:39:28.588218 697359 AttributesManagerBase.h:283] AttributesManager<T>::createFromJsonOrDefaultInternal  (Stage) : Proposing JSON name : data/scene_datasets/mp3d/pRbA3pwrgk9/pRbA3pwrgk9.stage_config.json from original name : data/scene_datasets/mp3d/pRbA3pwrgk9/pRbA3pwrgk9.glb | This file  does not exist.
I1008 15:39:28.588265 697359 AbstractObjectAttributesManagerBase.h:181] AbstractObjectAttributesManager<T>::createObject  (Stage) : Done making attributes with handle : data/scene_datasets/mp3d/pRbA3pwrgk9/pRbA3pwrgk9.glb
I1008 15:39:28.588266 697359 AbstractObjectAttributesManagerBase.h:188] File (data/scene_datasets/mp3d/pRbA3pwrgk9/pRbA3pwrgk9.glb) exists but is not a recognized config filename extension, so new default Stage attributes created and registered.
I1008 15:39:28.588270 697359 Simulator.cpp:156] Loading navmesh from data/scene_datasets/mp3d/pRbA3pwrgk9/pRbA3pwrgk9.navmesh
I1008 15:39:28.588410 697359 Simulator.cpp:158] Loaded.
I1008 15:39:28.588415 697359 SceneGraph.h:93] Created DrawableGroup: 
I1008 15:39:28.591755 697359 ResourceManager.cpp:234] ResourceManager::loadStage : Not loading semantic mesh
I1008 15:39:28.591765 697359 ResourceManager.cpp:262] ResourceManager::loadStage : start load render asset data/scene_datasets/mp3d/pRbA3pwrgk9/pRbA3pwrgk9.glb.
I1008 15:39:28.591766 697359 ResourceManager.cpp:569] ResourceManager::loadStageInternal : Attempting to load stage data/scene_datasets/mp3d/pRbA3pwrgk9/pRbA3pwrgk9.glb 
I1008 15:39:28.591787 697359 ResourceManager.cpp:1119] Importing Basis files as BC7 for pRbA3pwrgk9.glb
W1008 15:39:29.743067 697359 Simulator.cpp:248] :
---
 The active scene does not contain semantic annotations. 
---
I1008 15:39:29.801093 697359 simulator.py:213] Loaded navmesh data/scene_datasets/mp3d/pRbA3pwrgk9/pRbA3pwrgk9.navmesh
I1008 15:39:30.233732 697359 PhysicsManager.cpp:33] Deconstructing PhysicsManager
I1008 15:39:30.233754 697359 SemanticScene.h:41] Deconstructing SemanticScene
I1008 15:39:30.237967 697359 SceneManager.h:25] Deconstructing SceneManager
I1008 15:39:30.237975 697359 SceneGraph.h:26] Deconstructing SceneGraph
I1008 15:39:30.238324 697359 Sensor.h:87] Deconstructing Sensor
I1008 15:39:30.238814 697359 Sensor.h:87] Deconstructing Sensor
I1008 15:39:30.238921 697359 Sensor.h:87] Deconstructing Sensor
I1008 15:39:30.239032 697359 Sensor.h:87] Deconstructing Sensor
I1008 15:39:30.239132 697359 Sensor.h:87] Deconstructing Sensor
I1008 15:39:30.239233 697359 Sensor.h:87] Deconstructing Sensor
I1008 15:39:30.239333 697359 Sensor.h:87] Deconstructing Sensor
I1008 15:39:30.239432 697359 Sensor.h:87] Deconstructing Sensor
I1008 15:39:30.239535 697359 Sensor.h:87] Deconstructing Sensor
I1008 15:39:30.239636 697359 Sensor.h:87] Deconstructing Sensor
I1008 15:39:30.239737 697359 Sensor.h:87] Deconstructing Sensor
I1008 15:39:30.239840 697359 Sensor.h:87] Deconstructing Sensor
I1008 15:39:30.239935 697359 Sensor.h:87] Deconstructing Sensor
I1008 15:39:30.240064 697359 Sensor.h:87] Deconstructing Sensor
I1008 15:39:30.240190 697359 Sensor.h:87] Deconstructing Sensor
I1008 15:39:30.240311 697359 Sensor.h:87] Deconstructing Sensor
I1008 15:39:30.240435 697359 Sensor.h:87] Deconstructing Sensor
I1008 15:39:30.240553 697359 Sensor.h:87] Deconstructing Sensor
I1008 15:39:30.240679 697359 Sensor.h:87] Deconstructing Sensor
I1008 15:39:30.240803 697359 Sensor.h:87] Deconstructing Sensor
I1008 15:39:30.240923 697359 Sensor.h:87] Deconstructing Sensor
I1008 15:39:30.241043 697359 Sensor.h:87] Deconstructing Sensor
I1008 15:39:30.241168 697359 Sensor.h:87] Deconstructing Sensor
I1008 15:39:30.241322 697359 Sensor.h:87] Deconstructing Sensor
I1008 15:39:30.244352 697359 Renderer.cpp:34] Deconstructing Renderer
I1008 15:39:30.244362 697359 WindowlessContext.h:17] Deconstructing WindowlessContext
I1008 15:39:30.247223 697359 MetadataMediator.cpp:56] MetadataMediator::setActiveSceneDatasetName : Old active dataset default changed to default successfully.
I1008 15:39:30.248013 697359 AttributesManagerBase.h:283] AttributesManager<T>::createFromJsonOrDefaultInternal  (Physics Manager) : Proposing JSON name : ./data/default.physics_config.json from original name : ./data/default.physics_config.json | This file  does not exist.
I1008 15:39:30.248039 697359 PhysicsAttributesManager.cpp:27] File (./data/default.physics_config.json) not found, so new default physics manager attributes created and registered.
I1008 15:39:30.248044 697359 AbstractObjectAttributesManagerBase.h:175] AbstractObjectAttributesManager<T>::createObject  (Stage) : Making attributes with handle : data/scene_datasets/mp3d/JmbYfDe2QKZ/JmbYfDe2QKZ.glb
I1008 15:39:30.248047 697359 ManagedContainerBase.cpp:19] ManagedContainerBase::convertFilenameToJSON : Filename : data/scene_datasets/mp3d/JmbYfDe2QKZ/JmbYfDe2QKZ.glb changed to proposed JSON configuration filename : data/scene_datasets/mp3d/JmbYfDe2QKZ/JmbYfDe2QKZ.stage_config.json
I1008 15:39:30.248060 697359 AttributesManagerBase.h:283] AttributesManager<T>::createFromJsonOrDefaultInternal  (Stage) : Proposing JSON name : data/scene_datasets/mp3d/JmbYfDe2QKZ/JmbYfDe2QKZ.stage_config.json from original name : data/scene_datasets/mp3d/JmbYfDe2QKZ/JmbYfDe2QKZ.glb | This file  does not exist.
I1008 15:39:30.248101 697359 AbstractObjectAttributesManagerBase.h:181] AbstractObjectAttributesManager<T>::createObject  (Stage) : Done making attributes with handle : data/scene_datasets/mp3d/JmbYfDe2QKZ/JmbYfDe2QKZ.glb
I1008 15:39:30.248102 697359 AbstractObjectAttributesManagerBase.h:188] File (data/scene_datasets/mp3d/JmbYfDe2QKZ/JmbYfDe2QKZ.glb) exists but is not a recognized config filename extension, so new default Stage attributes created and registered.
I1008 15:39:30.248113 697359 Simulator.cpp:156] Loading navmesh from data/scene_datasets/mp3d/JmbYfDe2QKZ/JmbYfDe2QKZ.navmesh
I1008 15:39:30.248204 697359 Simulator.cpp:158] Loaded.
I1008 15:39:30.248208 697359 SceneGraph.h:93] Created DrawableGroup: 
I1008 15:39:30.251420 697359 ResourceManager.cpp:234] ResourceManager::loadStage : Not loading semantic mesh
I1008 15:39:30.251426 697359 ResourceManager.cpp:262] ResourceManager::loadStage : start load render asset data/scene_datasets/mp3d/JmbYfDe2QKZ/JmbYfDe2QKZ.glb.
I1008 15:39:30.251427 697359 ResourceManager.cpp:569] ResourceManager::loadStageInternal : Attempting to load stage data/scene_datasets/mp3d/JmbYfDe2QKZ/JmbYfDe2QKZ.glb 
I1008 15:39:30.251441 697359 ResourceManager.cpp:1119] Importing Basis files as BC7 for JmbYfDe2QKZ.glb
W1008 15:39:31.303609 697359 Simulator.cpp:248] :
---
 The active scene does not contain semantic annotations. 
---
I1008 15:39:31.351736 697359 simulator.py:213] Loaded navmesh data/scene_datasets/mp3d/JmbYfDe2QKZ/JmbYfDe2QKZ.navmesh
I1008 15:39:31.740116 697359 PhysicsManager.cpp:33] Deconstructing PhysicsManager
I1008 15:39:31.740136 697359 SemanticScene.h:41] Deconstructing SemanticScene
I1008 15:39:31.743824 697359 SceneManager.h:25] Deconstructing SceneManager
I1008 15:39:31.743829 697359 SceneGraph.h:26] Deconstructing SceneGraph
I1008 15:39:31.744185 697359 Sensor.h:87] Deconstructing Sensor
I1008 15:39:31.744683 697359 Sensor.h:87] Deconstructing Sensor
I1008 15:39:31.744788 697359 Sensor.h:87] Deconstructing Sensor
I1008 15:39:31.744896 697359 Sensor.h:87] Deconstructing Sensor
I1008 15:39:31.744998 697359 Sensor.h:87] Deconstructing Sensor
I1008 15:39:31.745095 697359 Sensor.h:87] Deconstructing Sensor
I1008 15:39:31.745199 697359 Sensor.h:87] Deconstructing Sensor
I1008 15:39:31.745296 697359 Sensor.h:87] Deconstructing Sensor
I1008 15:39:31.745398 697359 Sensor.h:87] Deconstructing Sensor
I1008 15:39:31.745496 697359 Sensor.h:87] Deconstructing Sensor
I1008 15:39:31.745592 697359 Sensor.h:87] Deconstructing Sensor
I1008 15:39:31.745693 697359 Sensor.h:87] Deconstructing Sensor
I1008 15:39:31.745792 697359 Sensor.h:87] Deconstructing Sensor
I1008 15:39:31.745911 697359 Sensor.h:87] Deconstructing Sensor
I1008 15:39:31.746038 697359 Sensor.h:87] Deconstructing Sensor
I1008 15:39:31.746156 697359 Sensor.h:87] Deconstructing Sensor
I1008 15:39:31.746279 697359 Sensor.h:87] Deconstructing Sensor
I1008 15:39:31.746397 697359 Sensor.h:87] Deconstructing Sensor
I1008 15:39:31.746518 697359 Sensor.h:87] Deconstructing Sensor
I1008 15:39:31.746639 697359 Sensor.h:87] Deconstructing Sensor
I1008 15:39:31.746760 697359 Sensor.h:87] Deconstructing Sensor
I1008 15:39:31.746878 697359 Sensor.h:87] Deconstructing Sensor
I1008 15:39:31.747017 697359 Sensor.h:87] Deconstructing Sensor
I1008 15:39:31.747105 697359 Sensor.h:87] Deconstructing Sensor
I1008 15:39:31.749639 697359 Renderer.cpp:34] Deconstructing Renderer
I1008 15:39:31.749645 697359 WindowlessContext.h:17] Deconstructing WindowlessContext
I1008 15:39:31.752187 697359 MetadataMediator.cpp:56] MetadataMediator::setActiveSceneDatasetName : Old active dataset default changed to default successfully.
I1008 15:39:31.752657 697359 AttributesManagerBase.h:283] AttributesManager<T>::createFromJsonOrDefaultInternal  (Physics Manager) : Proposing JSON name : ./data/default.physics_config.json from original name : ./data/default.physics_config.json | This file  does not exist.
I1008 15:39:31.752683 697359 PhysicsAttributesManager.cpp:27] File (./data/default.physics_config.json) not found, so new default physics manager attributes created and registered.
I1008 15:39:31.752688 697359 AbstractObjectAttributesManagerBase.h:175] AbstractObjectAttributesManager<T>::createObject  (Stage) : Making attributes with handle : data/scene_datasets/mp3d/PX4nDJXEHrG/PX4nDJXEHrG.glb
I1008 15:39:31.752691 697359 ManagedContainerBase.cpp:19] ManagedContainerBase::convertFilenameToJSON : Filename : data/scene_datasets/mp3d/PX4nDJXEHrG/PX4nDJXEHrG.glb changed to proposed JSON configuration filename : data/scene_datasets/mp3d/PX4nDJXEHrG/PX4nDJXEHrG.stage_config.json
I1008 15:39:31.752708 697359 AttributesManagerBase.h:283] AttributesManager<T>::createFromJsonOrDefaultInternal  (Stage) : Proposing JSON name : data/scene_datasets/mp3d/PX4nDJXEHrG/PX4nDJXEHrG.stage_config.json from original name : data/scene_datasets/mp3d/PX4nDJXEHrG/PX4nDJXEHrG.glb | This file  does not exist.
I1008 15:39:31.752749 697359 AbstractObjectAttributesManagerBase.h:181] AbstractObjectAttributesManager<T>::createObject  (Stage) : Done making attributes with handle : data/scene_datasets/mp3d/PX4nDJXEHrG/PX4nDJXEHrG.glb
I1008 15:39:31.752750 697359 AbstractObjectAttributesManagerBase.h:188] File (data/scene_datasets/mp3d/PX4nDJXEHrG/PX4nDJXEHrG.glb) exists but is not a recognized config filename extension, so new default Stage attributes created and registered.
I1008 15:39:31.752753 697359 Simulator.cpp:156] Loading navmesh from data/scene_datasets/mp3d/PX4nDJXEHrG/PX4nDJXEHrG.navmesh
I1008 15:39:31.752964 697359 Simulator.cpp:158] Loaded.
I1008 15:39:31.752969 697359 SceneGraph.h:93] Created DrawableGroup: 
I1008 15:39:31.755942 697359 ResourceManager.cpp:234] ResourceManager::loadStage : Not loading semantic mesh
I1008 15:39:31.755949 697359 ResourceManager.cpp:262] ResourceManager::loadStage : start load render asset data/scene_datasets/mp3d/PX4nDJXEHrG/PX4nDJXEHrG.glb.
I1008 15:39:31.755949 697359 ResourceManager.cpp:569] ResourceManager::loadStageInternal : Attempting to load stage data/scene_datasets/mp3d/PX4nDJXEHrG/PX4nDJXEHrG.glb 
I1008 15:39:31.755960 697359 ResourceManager.cpp:1119] Importing Basis files as BC7 for PX4nDJXEHrG.glb
W1008 15:39:34.349835 697359 Simulator.cpp:248] :
---
 The active scene does not contain semantic annotations. 
---
I1008 15:39:34.447459 697359 simulator.py:213] Loaded navmesh data/scene_datasets/mp3d/PX4nDJXEHrG/PX4nDJXEHrG.navmesh
I1008 15:39:34.916481 697359 PhysicsManager.cpp:33] Deconstructing PhysicsManager
I1008 15:39:34.916504 697359 SemanticScene.h:41] Deconstructing SemanticScene
I1008 15:39:34.921948 697359 SceneManager.h:25] Deconstructing SceneManager
I1008 15:39:34.921958 697359 SceneGraph.h:26] Deconstructing SceneGraph
I1008 15:39:34.922446 697359 Sensor.h:87] Deconstructing Sensor
I1008 15:39:34.923252 697359 Sensor.h:87] Deconstructing Sensor
I1008 15:39:34.923362 697359 Sensor.h:87] Deconstructing Sensor
I1008 15:39:34.923475 697359 Sensor.h:87] Deconstructing Sensor
I1008 15:39:34.923576 697359 Sensor.h:87] Deconstructing Sensor
I1008 15:39:34.923679 697359 Sensor.h:87] Deconstructing Sensor
I1008 15:39:34.923786 697359 Sensor.h:87] Deconstructing Sensor
I1008 15:39:34.923888 697359 Sensor.h:87] Deconstructing Sensor
I1008 15:39:34.923992 697359 Sensor.h:87] Deconstructing Sensor
I1008 15:39:34.924093 697359 Sensor.h:87] Deconstructing Sensor
I1008 15:39:34.924190 697359 Sensor.h:87] Deconstructing Sensor
I1008 15:39:34.924295 697359 Sensor.h:87] Deconstructing Sensor
I1008 15:39:34.924396 697359 Sensor.h:87] Deconstructing Sensor
I1008 15:39:34.924530 697359 Sensor.h:87] Deconstructing Sensor
I1008 15:39:34.924659 697359 Sensor.h:87] Deconstructing Sensor
I1008 15:39:34.926159 697359 Sensor.h:87] Deconstructing Sensor
I1008 15:39:34.926584 697359 Sensor.h:87] Deconstructing Sensor
I1008 15:39:34.926717 697359 Sensor.h:87] Deconstructing Sensor
I1008 15:39:34.926854 697359 Sensor.h:87] Deconstructing Sensor
I1008 15:39:34.926982 697359 Sensor.h:87] Deconstructing Sensor
I1008 15:39:34.927102 697359 Sensor.h:87] Deconstructing Sensor
I1008 15:39:34.927227 697359 Sensor.h:87] Deconstructing Sensor
I1008 15:39:34.927356 697359 Sensor.h:87] Deconstructing Sensor
I1008 15:39:34.927435 697359 Sensor.h:87] Deconstructing Sensor
I1008 15:39:34.934155 697359 Renderer.cpp:34] Deconstructing Renderer
I1008 15:39:34.934167 697359 WindowlessContext.h:17] Deconstructing WindowlessContext
I1008 15:39:34.939850 697359 MetadataMediator.cpp:56] MetadataMediator::setActiveSceneDatasetName : Old active dataset default changed to default successfully.
I1008 15:39:34.940729 697359 AttributesManagerBase.h:283] AttributesManager<T>::createFromJsonOrDefaultInternal  (Physics Manager) : Proposing JSON name : ./data/default.physics_config.json from original name : ./data/default.physics_config.json | This file  does not exist.
I1008 15:39:34.940752 697359 PhysicsAttributesManager.cpp:27] File (./data/default.physics_config.json) not found, so new default physics manager attributes created and registered.
I1008 15:39:34.940757 697359 AbstractObjectAttributesManagerBase.h:175] AbstractObjectAttributesManager<T>::createObject  (Stage) : Making attributes with handle : data/scene_datasets/mp3d/ur6pFq6Qu1A/ur6pFq6Qu1A.glb
I1008 15:39:34.940760 697359 ManagedContainerBase.cpp:19] ManagedContainerBase::convertFilenameToJSON : Filename : data/scene_datasets/mp3d/ur6pFq6Qu1A/ur6pFq6Qu1A.glb changed to proposed JSON configuration filename : data/scene_datasets/mp3d/ur6pFq6Qu1A/ur6pFq6Qu1A.stage_config.json
I1008 15:39:34.940775 697359 AttributesManagerBase.h:283] AttributesManager<T>::createFromJsonOrDefaultInternal  (Stage) : Proposing JSON name : data/scene_datasets/mp3d/ur6pFq6Qu1A/ur6pFq6Qu1A.stage_config.json from original name : data/scene_datasets/mp3d/ur6pFq6Qu1A/ur6pFq6Qu1A.glb | This file  does not exist.
I1008 15:39:34.940817 697359 AbstractObjectAttributesManagerBase.h:181] AbstractObjectAttributesManager<T>::createObject  (Stage) : Done making attributes with handle : data/scene_datasets/mp3d/ur6pFq6Qu1A/ur6pFq6Qu1A.glb
I1008 15:39:34.940819 697359 AbstractObjectAttributesManagerBase.h:188] File (data/scene_datasets/mp3d/ur6pFq6Qu1A/ur6pFq6Qu1A.glb) exists but is not a recognized config filename extension, so new default Stage attributes created and registered.
I1008 15:39:34.940821 697359 Simulator.cpp:156] Loading navmesh from data/scene_datasets/mp3d/ur6pFq6Qu1A/ur6pFq6Qu1A.navmesh
I1008 15:39:34.941049 697359 Simulator.cpp:158] Loaded.
I1008 15:39:34.941054 697359 SceneGraph.h:93] Created DrawableGroup: 
I1008 15:39:34.944155 697359 ResourceManager.cpp:234] ResourceManager::loadStage : Not loading semantic mesh
I1008 15:39:34.944160 697359 ResourceManager.cpp:262] ResourceManager::loadStage : start load render asset data/scene_datasets/mp3d/ur6pFq6Qu1A/ur6pFq6Qu1A.glb.
I1008 15:39:34.944162 697359 ResourceManager.cpp:569] ResourceManager::loadStageInternal : Attempting to load stage data/scene_datasets/mp3d/ur6pFq6Qu1A/ur6pFq6Qu1A.glb 
I1008 15:39:34.944173 697359 ResourceManager.cpp:1119] Importing Basis files as BC7 for ur6pFq6Qu1A.glb
W1008 15:39:37.031728 697359 Simulator.cpp:248] :
---
 The active scene does not contain semantic annotations. 
---
I1008 15:39:37.087906 697359 simulator.py:213] Loaded navmesh data/scene_datasets/mp3d/ur6pFq6Qu1A/ur6pFq6Qu1A.navmesh
I1008 15:39:37.745990 697359 PhysicsManager.cpp:33] Deconstructing PhysicsManager
I1008 15:39:37.746016 697359 SemanticScene.h:41] Deconstructing SemanticScene
I1008 15:39:37.749787 697359 SceneManager.h:25] Deconstructing SceneManager
I1008 15:39:37.749792 697359 SceneGraph.h:26] Deconstructing SceneGraph
I1008 15:39:37.750200 697359 Sensor.h:87] Deconstructing Sensor
I1008 15:39:37.750942 697359 Sensor.h:87] Deconstructing Sensor
I1008 15:39:37.751053 697359 Sensor.h:87] Deconstructing Sensor
I1008 15:39:37.751163 697359 Sensor.h:87] Deconstructing Sensor
I1008 15:39:37.751266 697359 Sensor.h:87] Deconstructing Sensor
I1008 15:39:37.751363 697359 Sensor.h:87] Deconstructing Sensor
I1008 15:39:37.751466 697359 Sensor.h:87] Deconstructing Sensor
I1008 15:39:37.751564 697359 Sensor.h:87] Deconstructing Sensor
I1008 15:39:37.751667 697359 Sensor.h:87] Deconstructing Sensor
I1008 15:39:37.751765 697359 Sensor.h:87] Deconstructing Sensor
I1008 15:39:37.751863 697359 Sensor.h:87] Deconstructing Sensor
I1008 15:39:37.751964 697359 Sensor.h:87] Deconstructing Sensor
I1008 15:39:37.752063 697359 Sensor.h:87] Deconstructing Sensor
I1008 15:39:37.752192 697359 Sensor.h:87] Deconstructing Sensor
I1008 15:39:37.752319 697359 Sensor.h:87] Deconstructing Sensor
I1008 15:39:37.752445 697359 Sensor.h:87] Deconstructing Sensor
I1008 15:39:37.752570 697359 Sensor.h:87] Deconstructing Sensor
I1008 15:39:37.752691 697359 Sensor.h:87] Deconstructing Sensor
I1008 15:39:37.752817 697359 Sensor.h:87] Deconstructing Sensor
I1008 15:39:37.752940 697359 Sensor.h:87] Deconstructing Sensor
I1008 15:39:37.753060 697359 Sensor.h:87] Deconstructing Sensor
I1008 15:39:37.753178 697359 Sensor.h:87] Deconstructing Sensor
I1008 15:39:37.753304 697359 Sensor.h:87] Deconstructing Sensor
I1008 15:39:37.753396 697359 Sensor.h:87] Deconstructing Sensor
I1008 15:39:37.757999 697359 Renderer.cpp:34] Deconstructing Renderer
I1008 15:39:37.758023 697359 WindowlessContext.h:17] Deconstructing WindowlessContext
I1008 15:39:37.764097 697359 MetadataMediator.cpp:56] MetadataMediator::setActiveSceneDatasetName : Old active dataset default changed to default successfully.
I1008 15:39:37.765628 697359 AttributesManagerBase.h:283] AttributesManager<T>::createFromJsonOrDefaultInternal  (Physics Manager) : Proposing JSON name : ./data/default.physics_config.json from original name : ./data/default.physics_config.json | This file  does not exist.
I1008 15:39:37.765654 697359 PhysicsAttributesManager.cpp:27] File (./data/default.physics_config.json) not found, so new default physics manager attributes created and registered.
I1008 15:39:37.765659 697359 AbstractObjectAttributesManagerBase.h:175] AbstractObjectAttributesManager<T>::createObject  (Stage) : Making attributes with handle : data/scene_datasets/mp3d/JmbYfDe2QKZ/JmbYfDe2QKZ.glb
I1008 15:39:37.765666 697359 ManagedContainerBase.cpp:19] ManagedContainerBase::convertFilenameToJSON : Filename : data/scene_datasets/mp3d/JmbYfDe2QKZ/JmbYfDe2QKZ.glb changed to proposed JSON configuration filename : data/scene_datasets/mp3d/JmbYfDe2QKZ/JmbYfDe2QKZ.stage_config.json
I1008 15:39:37.765682 697359 AttributesManagerBase.h:283] AttributesManager<T>::createFromJsonOrDefaultInternal  (Stage) : Proposing JSON name : data/scene_datasets/mp3d/JmbYfDe2QKZ/JmbYfDe2QKZ.stage_config.json from original name : data/scene_datasets/mp3d/JmbYfDe2QKZ/JmbYfDe2QKZ.glb | This file  does not exist.
I1008 15:39:37.765729 697359 AbstractObjectAttributesManagerBase.h:181] AbstractObjectAttributesManager<T>::createObject  (Stage) : Done making attributes with handle : data/scene_datasets/mp3d/JmbYfDe2QKZ/JmbYfDe2QKZ.glb
I1008 15:39:37.765730 697359 AbstractObjectAttributesManagerBase.h:188] File (data/scene_datasets/mp3d/JmbYfDe2QKZ/JmbYfDe2QKZ.glb) exists but is not a recognized config filename extension, so new default Stage attributes created and registered.
I1008 15:39:37.765733 697359 Simulator.cpp:156] Loading navmesh from data/scene_datasets/mp3d/JmbYfDe2QKZ/JmbYfDe2QKZ.navmesh
I1008 15:39:37.765837 697359 Simulator.cpp:158] Loaded.
I1008 15:39:37.765842 697359 SceneGraph.h:93] Created DrawableGroup: 
I1008 15:39:37.769189 697359 ResourceManager.cpp:234] ResourceManager::loadStage : Not loading semantic mesh
I1008 15:39:37.769194 697359 ResourceManager.cpp:262] ResourceManager::loadStage : start load render asset data/scene_datasets/mp3d/JmbYfDe2QKZ/JmbYfDe2QKZ.glb.
I1008 15:39:37.769196 697359 ResourceManager.cpp:569] ResourceManager::loadStageInternal : Attempting to load stage data/scene_datasets/mp3d/JmbYfDe2QKZ/JmbYfDe2QKZ.glb 
I1008 15:39:37.769208 697359 ResourceManager.cpp:1119] Importing Basis files as BC7 for JmbYfDe2QKZ.glb
W1008 15:39:38.799880 697359 Simulator.cpp:248] :
---
 The active scene does not contain semantic annotations. 
---
I1008 15:39:38.849014 697359 simulator.py:213] Loaded navmesh data/scene_datasets/mp3d/JmbYfDe2QKZ/JmbYfDe2QKZ.navmesh
I1008 15:39:39.402601 697359 PhysicsManager.cpp:33] Deconstructing PhysicsManager
I1008 15:39:39.402623 697359 SemanticScene.h:41] Deconstructing SemanticScene
I1008 15:39:39.406955 697359 SceneManager.h:25] Deconstructing SceneManager
I1008 15:39:39.406968 697359 SceneGraph.h:26] Deconstructing SceneGraph
I1008 15:39:39.407358 697359 Sensor.h:87] Deconstructing Sensor
I1008 15:39:39.407963 697359 Sensor.h:87] Deconstructing Sensor
I1008 15:39:39.408085 697359 Sensor.h:87] Deconstructing Sensor
I1008 15:39:39.408195 697359 Sensor.h:87] Deconstructing Sensor
I1008 15:39:39.408299 697359 Sensor.h:87] Deconstructing Sensor
I1008 15:39:39.408398 697359 Sensor.h:87] Deconstructing Sensor
I1008 15:39:39.408499 697359 Sensor.h:87] Deconstructing Sensor
I1008 15:39:39.408596 697359 Sensor.h:87] Deconstructing Sensor
I1008 15:39:39.408702 697359 Sensor.h:87] Deconstructing Sensor
I1008 15:39:39.408800 697359 Sensor.h:87] Deconstructing Sensor
I1008 15:39:39.408898 697359 Sensor.h:87] Deconstructing Sensor
I1008 15:39:39.409000 697359 Sensor.h:87] Deconstructing Sensor
I1008 15:39:39.409099 697359 Sensor.h:87] Deconstructing Sensor
I1008 15:39:39.409235 697359 Sensor.h:87] Deconstructing Sensor
I1008 15:39:39.409364 697359 Sensor.h:87] Deconstructing Sensor
I1008 15:39:39.409487 697359 Sensor.h:87] Deconstructing Sensor
I1008 15:39:39.409612 697359 Sensor.h:87] Deconstructing Sensor
I1008 15:39:39.409734 697359 Sensor.h:87] Deconstructing Sensor
I1008 15:39:39.409859 697359 Sensor.h:87] Deconstructing Sensor
I1008 15:39:39.410033 697359 Sensor.h:87] Deconstructing Sensor
I1008 15:39:39.410158 697359 Sensor.h:87] Deconstructing Sensor
I1008 15:39:39.410297 697359 Sensor.h:87] Deconstructing Sensor
I1008 15:39:39.410429 697359 Sensor.h:87] Deconstructing Sensor
I1008 15:39:39.410507 697359 Sensor.h:87] Deconstructing Sensor
I1008 15:39:39.414470 697359 Renderer.cpp:34] Deconstructing Renderer
I1008 15:39:39.414486 697359 WindowlessContext.h:17] Deconstructing WindowlessContext
I1008 15:39:39.417066 697359 MetadataMediator.cpp:56] MetadataMediator::setActiveSceneDatasetName : Old active dataset default changed to default successfully.
I1008 15:39:39.417968 697359 AttributesManagerBase.h:283] AttributesManager<T>::createFromJsonOrDefaultInternal  (Physics Manager) : Proposing JSON name : ./data/default.physics_config.json from original name : ./data/default.physics_config.json | This file  does not exist.
I1008 15:39:39.417995 697359 PhysicsAttributesManager.cpp:27] File (./data/default.physics_config.json) not found, so new default physics manager attributes created and registered.
I1008 15:39:39.418000 697359 AbstractObjectAttributesManagerBase.h:175] AbstractObjectAttributesManager<T>::createObject  (Stage) : Making attributes with handle : data/scene_datasets/mp3d/ur6pFq6Qu1A/ur6pFq6Qu1A.glb
I1008 15:39:39.418004 697359 ManagedContainerBase.cpp:19] ManagedContainerBase::convertFilenameToJSON : Filename : data/scene_datasets/mp3d/ur6pFq6Qu1A/ur6pFq6Qu1A.glb changed to proposed JSON configuration filename : data/scene_datasets/mp3d/ur6pFq6Qu1A/ur6pFq6Qu1A.stage_config.json
I1008 15:39:39.418020 697359 AttributesManagerBase.h:283] AttributesManager<T>::createFromJsonOrDefaultInternal  (Stage) : Proposing JSON name : data/scene_datasets/mp3d/ur6pFq6Qu1A/ur6pFq6Qu1A.stage_config.json from original name : data/scene_datasets/mp3d/ur6pFq6Qu1A/ur6pFq6Qu1A.glb | This file  does not exist.
I1008 15:39:39.418062 697359 AbstractObjectAttributesManagerBase.h:181] AbstractObjectAttributesManager<T>::createObject  (Stage) : Done making attributes with handle : data/scene_datasets/mp3d/ur6pFq6Qu1A/ur6pFq6Qu1A.glb
I1008 15:39:39.418063 697359 AbstractObjectAttributesManagerBase.h:188] File (data/scene_datasets/mp3d/ur6pFq6Qu1A/ur6pFq6Qu1A.glb) exists but is not a recognized config filename extension, so new default Stage attributes created and registered.
I1008 15:39:39.418067 697359 Simulator.cpp:156] Loading navmesh from data/scene_datasets/mp3d/ur6pFq6Qu1A/ur6pFq6Qu1A.navmesh
I1008 15:39:39.418308 697359 Simulator.cpp:158] Loaded.
I1008 15:39:39.418313 697359 SceneGraph.h:93] Created DrawableGroup: 
I1008 15:39:39.421722 697359 ResourceManager.cpp:234] ResourceManager::loadStage : Not loading semantic mesh
I1008 15:39:39.421733 697359 ResourceManager.cpp:262] ResourceManager::loadStage : start load render asset data/scene_datasets/mp3d/ur6pFq6Qu1A/ur6pFq6Qu1A.glb.
I1008 15:39:39.421734 697359 ResourceManager.cpp:569] ResourceManager::loadStageInternal : Attempting to load stage data/scene_datasets/mp3d/ur6pFq6Qu1A/ur6pFq6Qu1A.glb 
I1008 15:39:39.421761 697359 ResourceManager.cpp:1119] Importing Basis files as BC7 for ur6pFq6Qu1A.glb
W1008 15:39:41.621325 697359 Simulator.cpp:248] :
---
 The active scene does not contain semantic annotations. 
---
I1008 15:39:41.680373 697359 simulator.py:213] Loaded navmesh data/scene_datasets/mp3d/ur6pFq6Qu1A/ur6pFq6Qu1A.navmesh
I1008 15:39:42.266489 697359 PhysicsManager.cpp:33] Deconstructing PhysicsManager
I1008 15:39:42.266510 697359 SemanticScene.h:41] Deconstructing SemanticScene
I1008 15:39:42.270233 697359 SceneManager.h:25] Deconstructing SceneManager
I1008 15:39:42.270238 697359 SceneGraph.h:26] Deconstructing SceneGraph
I1008 15:39:42.270617 697359 Sensor.h:87] Deconstructing Sensor
I1008 15:39:42.271171 697359 Sensor.h:87] Deconstructing Sensor
I1008 15:39:42.271274 697359 Sensor.h:87] Deconstructing Sensor
I1008 15:39:42.271379 697359 Sensor.h:87] Deconstructing Sensor
I1008 15:39:42.271476 697359 Sensor.h:87] Deconstructing Sensor
I1008 15:39:42.271574 697359 Sensor.h:87] Deconstructing Sensor
I1008 15:39:42.271680 697359 Sensor.h:87] Deconstructing Sensor
I1008 15:39:42.271780 697359 Sensor.h:87] Deconstructing Sensor
I1008 15:39:42.271879 697359 Sensor.h:87] Deconstructing Sensor
I1008 15:39:42.271973 697359 Sensor.h:87] Deconstructing Sensor
I1008 15:39:42.272066 697359 Sensor.h:87] Deconstructing Sensor
I1008 15:39:42.272166 697359 Sensor.h:87] Deconstructing Sensor
I1008 15:39:42.272259 697359 Sensor.h:87] Deconstructing Sensor
I1008 15:39:42.272379 697359 Sensor.h:87] Deconstructing Sensor
I1008 15:39:42.272509 697359 Sensor.h:87] Deconstructing Sensor
I1008 15:39:42.272629 697359 Sensor.h:87] Deconstructing Sensor
I1008 15:39:42.272755 697359 Sensor.h:87] Deconstructing Sensor
I1008 15:39:42.272881 697359 Sensor.h:87] Deconstructing Sensor
I1008 15:39:42.273012 697359 Sensor.h:87] Deconstructing Sensor
I1008 15:39:42.273138 697359 Sensor.h:87] Deconstructing Sensor
I1008 15:39:42.273254 697359 Sensor.h:87] Deconstructing Sensor
I1008 15:39:42.273367 697359 Sensor.h:87] Deconstructing Sensor
I1008 15:39:42.273487 697359 Sensor.h:87] Deconstructing Sensor
I1008 15:39:42.273558 697359 Sensor.h:87] Deconstructing Sensor
I1008 15:39:42.277882 697359 Renderer.cpp:34] Deconstructing Renderer
I1008 15:39:42.277887 697359 WindowlessContext.h:17] Deconstructing WindowlessContext
I1008 15:39:42.284106 697359 MetadataMediator.cpp:56] MetadataMediator::setActiveSceneDatasetName : Old active dataset default changed to default successfully.
I1008 15:39:42.284808 697359 AttributesManagerBase.h:283] AttributesManager<T>::createFromJsonOrDefaultInternal  (Physics Manager) : Proposing JSON name : ./data/default.physics_config.json from original name : ./data/default.physics_config.json | This file  does not exist.
I1008 15:39:42.284829 697359 PhysicsAttributesManager.cpp:27] File (./data/default.physics_config.json) not found, so new default physics manager attributes created and registered.
I1008 15:39:42.284834 697359 AbstractObjectAttributesManagerBase.h:175] AbstractObjectAttributesManager<T>::createObject  (Stage) : Making attributes with handle : data/scene_datasets/mp3d/ZMojNkEp431/ZMojNkEp431.glb
I1008 15:39:42.284837 697359 ManagedContainerBase.cpp:19] ManagedContainerBase::convertFilenameToJSON : Filename : data/scene_datasets/mp3d/ZMojNkEp431/ZMojNkEp431.glb changed to proposed JSON configuration filename : data/scene_datasets/mp3d/ZMojNkEp431/ZMojNkEp431.stage_config.json
I1008 15:39:42.284849 697359 AttributesManagerBase.h:283] AttributesManager<T>::createFromJsonOrDefaultInternal  (Stage) : Proposing JSON name : data/scene_datasets/mp3d/ZMojNkEp431/ZMojNkEp431.stage_config.json from original name : data/scene_datasets/mp3d/ZMojNkEp431/ZMojNkEp431.glb | This file  does not exist.
I1008 15:39:42.284889 697359 AbstractObjectAttributesManagerBase.h:181] AbstractObjectAttributesManager<T>::createObject  (Stage) : Done making attributes with handle : data/scene_datasets/mp3d/ZMojNkEp431/ZMojNkEp431.glb
I1008 15:39:42.284895 697359 AbstractObjectAttributesManagerBase.h:188] File (data/scene_datasets/mp3d/ZMojNkEp431/ZMojNkEp431.glb) exists but is not a recognized config filename extension, so new default Stage attributes created and registered.
I1008 15:39:42.284899 697359 Simulator.cpp:156] Loading navmesh from data/scene_datasets/mp3d/ZMojNkEp431/ZMojNkEp431.navmesh
I1008 15:39:42.285009 697359 Simulator.cpp:158] Loaded.
I1008 15:39:42.285013 697359 SceneGraph.h:93] Created DrawableGroup: 
I1008 15:39:42.289557 697359 ResourceManager.cpp:234] ResourceManager::loadStage : Not loading semantic mesh
I1008 15:39:42.289565 697359 ResourceManager.cpp:262] ResourceManager::loadStage : start load render asset data/scene_datasets/mp3d/ZMojNkEp431/ZMojNkEp431.glb.
I1008 15:39:42.289566 697359 ResourceManager.cpp:569] ResourceManager::loadStageInternal : Attempting to load stage data/scene_datasets/mp3d/ZMojNkEp431/ZMojNkEp431.glb 
I1008 15:39:42.289580 697359 ResourceManager.cpp:1119] Importing Basis files as BC7 for ZMojNkEp431.glb
W1008 15:39:43.510344 697359 Simulator.cpp:248] :
---
 The active scene does not contain semantic annotations. 
---
I1008 15:39:43.551722 697359 simulator.py:213] Loaded navmesh data/scene_datasets/mp3d/ZMojNkEp431/ZMojNkEp431.navmesh
I1008 15:39:44.204259 697359 PhysicsManager.cpp:33] Deconstructing PhysicsManager
I1008 15:39:44.204283 697359 SemanticScene.h:41] Deconstructing SemanticScene
I1008 15:39:44.207777 697359 SceneManager.h:25] Deconstructing SceneManager
I1008 15:39:44.207784 697359 SceneGraph.h:26] Deconstructing SceneGraph
I1008 15:39:44.208132 697359 Sensor.h:87] Deconstructing Sensor
I1008 15:39:44.208613 697359 Sensor.h:87] Deconstructing Sensor
I1008 15:39:44.208721 697359 Sensor.h:87] Deconstructing Sensor
I1008 15:39:44.208828 697359 Sensor.h:87] Deconstructing Sensor
I1008 15:39:44.208930 697359 Sensor.h:87] Deconstructing Sensor
I1008 15:39:44.209028 697359 Sensor.h:87] Deconstructing Sensor
I1008 15:39:44.209129 697359 Sensor.h:87] Deconstructing Sensor
I1008 15:39:44.209227 697359 Sensor.h:87] Deconstructing Sensor
I1008 15:39:44.209328 697359 Sensor.h:87] Deconstructing Sensor
I1008 15:39:44.209425 697359 Sensor.h:87] Deconstructing Sensor
I1008 15:39:44.209522 697359 Sensor.h:87] Deconstructing Sensor
I1008 15:39:44.209622 697359 Sensor.h:87] Deconstructing Sensor
I1008 15:39:44.209720 697359 Sensor.h:87] Deconstructing Sensor
I1008 15:39:44.209851 697359 Sensor.h:87] Deconstructing Sensor
I1008 15:39:44.209980 697359 Sensor.h:87] Deconstructing Sensor
I1008 15:39:44.210099 697359 Sensor.h:87] Deconstructing Sensor
I1008 15:39:44.210224 697359 Sensor.h:87] Deconstructing Sensor
I1008 15:39:44.210345 697359 Sensor.h:87] Deconstructing Sensor
I1008 15:39:44.210469 697359 Sensor.h:87] Deconstructing Sensor
I1008 15:39:44.210592 697359 Sensor.h:87] Deconstructing Sensor
I1008 15:39:44.210753 697359 Sensor.h:87] Deconstructing Sensor
I1008 15:39:44.210875 697359 Sensor.h:87] Deconstructing Sensor
I1008 15:39:44.211016 697359 Sensor.h:87] Deconstructing Sensor
I1008 15:39:44.211091 697359 Sensor.h:87] Deconstructing Sensor
I1008 15:39:44.214097 697359 Renderer.cpp:34] Deconstructing Renderer
I1008 15:39:44.214108 697359 WindowlessContext.h:17] Deconstructing WindowlessContext
I1008 15:39:44.217368 697359 MetadataMediator.cpp:56] MetadataMediator::setActiveSceneDatasetName : Old active dataset default changed to default successfully.
I1008 15:39:44.218756 697359 AttributesManagerBase.h:283] AttributesManager<T>::createFromJsonOrDefaultInternal  (Physics Manager) : Proposing JSON name : ./data/default.physics_config.json from original name : ./data/default.physics_config.json | This file  does not exist.
I1008 15:39:44.218781 697359 PhysicsAttributesManager.cpp:27] File (./data/default.physics_config.json) not found, so new default physics manager attributes created and registered.
I1008 15:39:44.218786 697359 AbstractObjectAttributesManagerBase.h:175] AbstractObjectAttributesManager<T>::createObject  (Stage) : Making attributes with handle : data/scene_datasets/mp3d/JmbYfDe2QKZ/JmbYfDe2QKZ.glb
I1008 15:39:44.218796 697359 ManagedContainerBase.cpp:19] ManagedContainerBase::convertFilenameToJSON : Filename : data/scene_datasets/mp3d/JmbYfDe2QKZ/JmbYfDe2QKZ.glb changed to proposed JSON configuration filename : data/scene_datasets/mp3d/JmbYfDe2QKZ/JmbYfDe2QKZ.stage_config.json
I1008 15:39:44.218811 697359 AttributesManagerBase.h:283] AttributesManager<T>::createFromJsonOrDefaultInternal  (Stage) : Proposing JSON name : data/scene_datasets/mp3d/JmbYfDe2QKZ/JmbYfDe2QKZ.stage_config.json from original name : data/scene_datasets/mp3d/JmbYfDe2QKZ/JmbYfDe2QKZ.glb | This file  does not exist.
I1008 15:39:44.218851 697359 AbstractObjectAttributesManagerBase.h:181] AbstractObjectAttributesManager<T>::createObject  (Stage) : Done making attributes with handle : data/scene_datasets/mp3d/JmbYfDe2QKZ/JmbYfDe2QKZ.glb
I1008 15:39:44.218852 697359 AbstractObjectAttributesManagerBase.h:188] File (data/scene_datasets/mp3d/JmbYfDe2QKZ/JmbYfDe2QKZ.glb) exists but is not a recognized config filename extension, so new default Stage attributes created and registered.
I1008 15:39:44.218855 697359 Simulator.cpp:156] Loading navmesh from data/scene_datasets/mp3d/JmbYfDe2QKZ/JmbYfDe2QKZ.navmesh
I1008 15:39:44.218946 697359 Simulator.cpp:158] Loaded.
I1008 15:39:44.218951 697359 SceneGraph.h:93] Created DrawableGroup: 
I1008 15:39:44.222327 697359 ResourceManager.cpp:234] ResourceManager::loadStage : Not loading semantic mesh
I1008 15:39:44.222337 697359 ResourceManager.cpp:262] ResourceManager::loadStage : start load render asset data/scene_datasets/mp3d/JmbYfDe2QKZ/JmbYfDe2QKZ.glb.
I1008 15:39:44.222337 697359 ResourceManager.cpp:569] ResourceManager::loadStageInternal : Attempting to load stage data/scene_datasets/mp3d/JmbYfDe2QKZ/JmbYfDe2QKZ.glb 
I1008 15:39:44.222357 697359 ResourceManager.cpp:1119] Importing Basis files as BC7 for JmbYfDe2QKZ.glb
W1008 15:39:45.267176 697359 Simulator.cpp:248] :
---
 The active scene does not contain semantic annotations. 
---
I1008 15:39:45.314861 697359 simulator.py:213] Loaded navmesh data/scene_datasets/mp3d/JmbYfDe2QKZ/JmbYfDe2QKZ.navmesh
I1008 15:39:45.738162 697359 PhysicsManager.cpp:33] Deconstructing PhysicsManager
I1008 15:39:45.738188 697359 SemanticScene.h:41] Deconstructing SemanticScene
I1008 15:39:45.742323 697359 SceneManager.h:25] Deconstructing SceneManager
I1008 15:39:45.742333 697359 SceneGraph.h:26] Deconstructing SceneGraph
I1008 15:39:45.742722 697359 Sensor.h:87] Deconstructing Sensor
I1008 15:39:45.743294 697359 Sensor.h:87] Deconstructing Sensor
I1008 15:39:45.743402 697359 Sensor.h:87] Deconstructing Sensor
I1008 15:39:45.743507 697359 Sensor.h:87] Deconstructing Sensor
I1008 15:39:45.743614 697359 Sensor.h:87] Deconstructing Sensor
I1008 15:39:45.743717 697359 Sensor.h:87] Deconstructing Sensor
I1008 15:39:45.743824 697359 Sensor.h:87] Deconstructing Sensor
I1008 15:39:45.743921 697359 Sensor.h:87] Deconstructing Sensor
I1008 15:39:45.744028 697359 Sensor.h:87] Deconstructing Sensor
I1008 15:39:45.744129 697359 Sensor.h:87] Deconstructing Sensor
I1008 15:39:45.744227 697359 Sensor.h:87] Deconstructing Sensor
I1008 15:39:45.744329 697359 Sensor.h:87] Deconstructing Sensor
I1008 15:39:45.744431 697359 Sensor.h:87] Deconstructing Sensor
I1008 15:39:45.744560 697359 Sensor.h:87] Deconstructing Sensor
I1008 15:39:45.744691 697359 Sensor.h:87] Deconstructing Sensor
I1008 15:39:45.744812 697359 Sensor.h:87] Deconstructing Sensor
I1008 15:39:45.744940 697359 Sensor.h:87] Deconstructing Sensor
I1008 15:39:45.745061 697359 Sensor.h:87] Deconstructing Sensor
I1008 15:39:45.745185 697359 Sensor.h:87] Deconstructing Sensor
I1008 15:39:45.745307 697359 Sensor.h:87] Deconstructing Sensor
I1008 15:39:45.745426 697359 Sensor.h:87] Deconstructing Sensor
I1008 15:39:45.745548 697359 Sensor.h:87] Deconstructing Sensor
I1008 15:39:45.745678 697359 Sensor.h:87] Deconstructing Sensor
I1008 15:39:45.745770 697359 Sensor.h:87] Deconstructing Sensor
I1008 15:39:45.749059 697359 Renderer.cpp:34] Deconstructing Renderer
I1008 15:39:45.749074 697359 WindowlessContext.h:17] Deconstructing WindowlessContext
I1008 15:39:45.751870 697359 MetadataMediator.cpp:56] MetadataMediator::setActiveSceneDatasetName : Old active dataset default changed to default successfully.
I1008 15:39:45.753117 697359 AttributesManagerBase.h:283] AttributesManager<T>::createFromJsonOrDefaultInternal  (Physics Manager) : Proposing JSON name : ./data/default.physics_config.json from original name : ./data/default.physics_config.json | This file  does not exist.
I1008 15:39:45.753144 697359 PhysicsAttributesManager.cpp:27] File (./data/default.physics_config.json) not found, so new default physics manager attributes created and registered.
I1008 15:39:45.753149 697359 AbstractObjectAttributesManagerBase.h:175] AbstractObjectAttributesManager<T>::createObject  (Stage) : Making attributes with handle : data/scene_datasets/mp3d/ZMojNkEp431/ZMojNkEp431.glb
I1008 15:39:45.753151 697359 ManagedContainerBase.cpp:19] ManagedContainerBase::convertFilenameToJSON : Filename : data/scene_datasets/mp3d/ZMojNkEp431/ZMojNkEp431.glb changed to proposed JSON configuration filename : data/scene_datasets/mp3d/ZMojNkEp431/ZMojNkEp431.stage_config.json
I1008 15:39:45.753165 697359 AttributesManagerBase.h:283] AttributesManager<T>::createFromJsonOrDefaultInternal  (Stage) : Proposing JSON name : data/scene_datasets/mp3d/ZMojNkEp431/ZMojNkEp431.stage_config.json from original name : data/scene_datasets/mp3d/ZMojNkEp431/ZMojNkEp431.glb | This file  does not exist.
I1008 15:39:45.753207 697359 AbstractObjectAttributesManagerBase.h:181] AbstractObjectAttributesManager<T>::createObject  (Stage) : Done making attributes with handle : data/scene_datasets/mp3d/ZMojNkEp431/ZMojNkEp431.glb
I1008 15:39:45.753208 697359 AbstractObjectAttributesManagerBase.h:188] File (data/scene_datasets/mp3d/ZMojNkEp431/ZMojNkEp431.glb) exists but is not a recognized config filename extension, so new default Stage attributes created and registered.
I1008 15:39:45.753211 697359 Simulator.cpp:156] Loading navmesh from data/scene_datasets/mp3d/ZMojNkEp431/ZMojNkEp431.navmesh
I1008 15:39:45.753433 697359 Simulator.cpp:158] Loaded.
I1008 15:39:45.753438 697359 SceneGraph.h:93] Created DrawableGroup: 
I1008 15:39:45.756716 697359 ResourceManager.cpp:234] ResourceManager::loadStage : Not loading semantic mesh
I1008 15:39:45.756724 697359 ResourceManager.cpp:262] ResourceManager::loadStage : start load render asset data/scene_datasets/mp3d/ZMojNkEp431/ZMojNkEp431.glb.
I1008 15:39:45.756726 697359 ResourceManager.cpp:569] ResourceManager::loadStageInternal : Attempting to load stage data/scene_datasets/mp3d/ZMojNkEp431/ZMojNkEp431.glb 
I1008 15:39:45.756747 697359 ResourceManager.cpp:1119] Importing Basis files as BC7 for ZMojNkEp431.glb
W1008 15:39:47.044524 697359 Simulator.cpp:248] :
---
 The active scene does not contain semantic annotations. 
---
I1008 15:39:47.088360 697359 simulator.py:213] Loaded navmesh data/scene_datasets/mp3d/ZMojNkEp431/ZMojNkEp431.navmesh
I1008 15:39:48.162911 697359 PhysicsManager.cpp:33] Deconstructing PhysicsManager
I1008 15:39:48.162931 697359 SemanticScene.h:41] Deconstructing SemanticScene
I1008 15:39:48.166208 697359 SceneManager.h:25] Deconstructing SceneManager
I1008 15:39:48.166213 697359 SceneGraph.h:26] Deconstructing SceneGraph
I1008 15:39:48.166538 697359 Sensor.h:87] Deconstructing Sensor
I1008 15:39:48.166890 697359 Sensor.h:87] Deconstructing Sensor
I1008 15:39:48.166996 697359 Sensor.h:87] Deconstructing Sensor
I1008 15:39:48.167100 697359 Sensor.h:87] Deconstructing Sensor
I1008 15:39:48.167198 697359 Sensor.h:87] Deconstructing Sensor
I1008 15:39:48.167294 697359 Sensor.h:87] Deconstructing Sensor
I1008 15:39:48.167395 697359 Sensor.h:87] Deconstructing Sensor
I1008 15:39:48.167488 697359 Sensor.h:87] Deconstructing Sensor
I1008 15:39:48.167587 697359 Sensor.h:87] Deconstructing Sensor
I1008 15:39:48.167685 697359 Sensor.h:87] Deconstructing Sensor
I1008 15:39:48.167783 697359 Sensor.h:87] Deconstructing Sensor
I1008 15:39:48.167881 697359 Sensor.h:87] Deconstructing Sensor
I1008 15:39:48.167975 697359 Sensor.h:87] Deconstructing Sensor
I1008 15:39:48.168099 697359 Sensor.h:87] Deconstructing Sensor
I1008 15:39:48.168226 697359 Sensor.h:87] Deconstructing Sensor
I1008 15:39:48.168340 697359 Sensor.h:87] Deconstructing Sensor
I1008 15:39:48.168464 697359 Sensor.h:87] Deconstructing Sensor
I1008 15:39:48.168581 697359 Sensor.h:87] Deconstructing Sensor
I1008 15:39:48.168700 697359 Sensor.h:87] Deconstructing Sensor
I1008 15:39:48.168820 697359 Sensor.h:87] Deconstructing Sensor
I1008 15:39:48.168936 697359 Sensor.h:87] Deconstructing Sensor
I1008 15:39:48.169051 697359 Sensor.h:87] Deconstructing Sensor
I1008 15:39:48.169174 697359 Sensor.h:87] Deconstructing Sensor
I1008 15:39:48.169246 697359 Sensor.h:87] Deconstructing Sensor
I1008 15:39:48.172132 697359 Renderer.cpp:34] Deconstructing Renderer
I1008 15:39:48.172137 697359 WindowlessContext.h:17] Deconstructing WindowlessContext
I1008 15:39:48.175222 697359 MetadataMediator.cpp:56] MetadataMediator::setActiveSceneDatasetName : Old active dataset default changed to default successfully.
I1008 15:39:48.175948 697359 AttributesManagerBase.h:283] AttributesManager<T>::createFromJsonOrDefaultInternal  (Physics Manager) : Proposing JSON name : ./data/default.physics_config.json from original name : ./data/default.physics_config.json | This file  does not exist.
I1008 15:39:48.175969 697359 PhysicsAttributesManager.cpp:27] File (./data/default.physics_config.json) not found, so new default physics manager attributes created and registered.
I1008 15:39:48.175973 697359 AbstractObjectAttributesManagerBase.h:175] AbstractObjectAttributesManager<T>::createObject  (Stage) : Making attributes with handle : data/scene_datasets/mp3d/pRbA3pwrgk9/pRbA3pwrgk9.glb
I1008 15:39:48.175976 697359 ManagedContainerBase.cpp:19] ManagedContainerBase::convertFilenameToJSON : Filename : data/scene_datasets/mp3d/pRbA3pwrgk9/pRbA3pwrgk9.glb changed to proposed JSON configuration filename : data/scene_datasets/mp3d/pRbA3pwrgk9/pRbA3pwrgk9.stage_config.json
I1008 15:39:48.175987 697359 AttributesManagerBase.h:283] AttributesManager<T>::createFromJsonOrDefaultInternal  (Stage) : Proposing JSON name : data/scene_datasets/mp3d/pRbA3pwrgk9/pRbA3pwrgk9.stage_config.json from original name : data/scene_datasets/mp3d/pRbA3pwrgk9/pRbA3pwrgk9.glb | This file  does not exist.
I1008 15:39:48.176025 697359 AbstractObjectAttributesManagerBase.h:181] AbstractObjectAttributesManager<T>::createObject  (Stage) : Done making attributes with handle : data/scene_datasets/mp3d/pRbA3pwrgk9/pRbA3pwrgk9.glb
I1008 15:39:48.176026 697359 AbstractObjectAttributesManagerBase.h:188] File (data/scene_datasets/mp3d/pRbA3pwrgk9/pRbA3pwrgk9.glb) exists but is not a recognized config filename extension, so new default Stage attributes created and registered.
I1008 15:39:48.176028 697359 Simulator.cpp:156] Loading navmesh from data/scene_datasets/mp3d/pRbA3pwrgk9/pRbA3pwrgk9.navmesh
I1008 15:39:48.176118 697359 Simulator.cpp:158] Loaded.
I1008 15:39:48.176122 697359 SceneGraph.h:93] Created DrawableGroup: 
I1008 15:39:48.179076 697359 ResourceManager.cpp:234] ResourceManager::loadStage : Not loading semantic mesh
I1008 15:39:48.179082 697359 ResourceManager.cpp:262] ResourceManager::loadStage : start load render asset data/scene_datasets/mp3d/pRbA3pwrgk9/pRbA3pwrgk9.glb.
I1008 15:39:48.179083 697359 ResourceManager.cpp:569] ResourceManager::loadStageInternal : Attempting to load stage data/scene_datasets/mp3d/pRbA3pwrgk9/pRbA3pwrgk9.glb 
I1008 15:39:48.179093 697359 ResourceManager.cpp:1119] Importing Basis files as BC7 for pRbA3pwrgk9.glb
W1008 15:39:49.249495 697359 Simulator.cpp:248] :
---
 The active scene does not contain semantic annotations. 
---
I1008 15:39:49.301881 697359 simulator.py:213] Loaded navmesh data/scene_datasets/mp3d/pRbA3pwrgk9/pRbA3pwrgk9.navmesh
I1008 15:39:49.664131 697359 PhysicsManager.cpp:33] Deconstructing PhysicsManager
I1008 15:39:49.664155 697359 SemanticScene.h:41] Deconstructing SemanticScene
I1008 15:39:49.668541 697359 SceneManager.h:25] Deconstructing SceneManager
I1008 15:39:49.668551 697359 SceneGraph.h:26] Deconstructing SceneGraph
I1008 15:39:49.668916 697359 Sensor.h:87] Deconstructing Sensor
I1008 15:39:49.669322 697359 Sensor.h:87] Deconstructing Sensor
I1008 15:39:49.669425 697359 Sensor.h:87] Deconstructing Sensor
I1008 15:39:49.669533 697359 Sensor.h:87] Deconstructing Sensor
I1008 15:39:49.669633 697359 Sensor.h:87] Deconstructing Sensor
I1008 15:39:49.669736 697359 Sensor.h:87] Deconstructing Sensor
I1008 15:39:49.669840 697359 Sensor.h:87] Deconstructing Sensor
I1008 15:39:49.669938 697359 Sensor.h:87] Deconstructing Sensor
I1008 15:39:49.670042 697359 Sensor.h:87] Deconstructing Sensor
I1008 15:39:49.670143 697359 Sensor.h:87] Deconstructing Sensor
I1008 15:39:49.670239 697359 Sensor.h:87] Deconstructing Sensor
I1008 15:39:49.670341 697359 Sensor.h:87] Deconstructing Sensor
I1008 15:39:49.670535 697359 Sensor.h:87] Deconstructing Sensor
I1008 15:39:49.670689 697359 Sensor.h:87] Deconstructing Sensor
I1008 15:39:49.670818 697359 Sensor.h:87] Deconstructing Sensor
I1008 15:39:49.670938 697359 Sensor.h:87] Deconstructing Sensor
I1008 15:39:49.671062 697359 Sensor.h:87] Deconstructing Sensor
I1008 15:39:49.671185 697359 Sensor.h:87] Deconstructing Sensor
I1008 15:39:49.671307 697359 Sensor.h:87] Deconstructing Sensor
I1008 15:39:49.671430 697359 Sensor.h:87] Deconstructing Sensor
I1008 15:39:49.671552 697359 Sensor.h:87] Deconstructing Sensor
I1008 15:39:49.671672 697359 Sensor.h:87] Deconstructing Sensor
I1008 15:39:49.671799 697359 Sensor.h:87] Deconstructing Sensor
I1008 15:39:49.671892 697359 Sensor.h:87] Deconstructing Sensor
I1008 15:39:49.675567 697359 Renderer.cpp:34] Deconstructing Renderer
I1008 15:39:49.675582 697359 WindowlessContext.h:17] Deconstructing WindowlessContext
I1008 15:39:49.678504 697359 MetadataMediator.cpp:56] MetadataMediator::setActiveSceneDatasetName : Old active dataset default changed to default successfully.
I1008 15:39:49.679930 697359 AttributesManagerBase.h:283] AttributesManager<T>::createFromJsonOrDefaultInternal  (Physics Manager) : Proposing JSON name : ./data/default.physics_config.json from original name : ./data/default.physics_config.json | This file  does not exist.
I1008 15:39:49.679960 697359 PhysicsAttributesManager.cpp:27] File (./data/default.physics_config.json) not found, so new default physics manager attributes created and registered.
I1008 15:39:49.679965 697359 AbstractObjectAttributesManagerBase.h:175] AbstractObjectAttributesManager<T>::createObject  (Stage) : Making attributes with handle : data/scene_datasets/mp3d/ur6pFq6Qu1A/ur6pFq6Qu1A.glb
I1008 15:39:49.679968 697359 ManagedContainerBase.cpp:19] ManagedContainerBase::convertFilenameToJSON : Filename : data/scene_datasets/mp3d/ur6pFq6Qu1A/ur6pFq6Qu1A.glb changed to proposed JSON configuration filename : data/scene_datasets/mp3d/ur6pFq6Qu1A/ur6pFq6Qu1A.stage_config.json
I1008 15:39:49.679982 697359 AttributesManagerBase.h:283] AttributesManager<T>::createFromJsonOrDefaultInternal  (Stage) : Proposing JSON name : data/scene_datasets/mp3d/ur6pFq6Qu1A/ur6pFq6Qu1A.stage_config.json from original name : data/scene_datasets/mp3d/ur6pFq6Qu1A/ur6pFq6Qu1A.glb | This file  does not exist.
I1008 15:39:49.680027 697359 AbstractObjectAttributesManagerBase.h:181] AbstractObjectAttributesManager<T>::createObject  (Stage) : Done making attributes with handle : data/scene_datasets/mp3d/ur6pFq6Qu1A/ur6pFq6Qu1A.glb
I1008 15:39:49.680028 697359 AbstractObjectAttributesManagerBase.h:188] File (data/scene_datasets/mp3d/ur6pFq6Qu1A/ur6pFq6Qu1A.glb) exists but is not a recognized config filename extension, so new default Stage attributes created and registered.
I1008 15:39:49.680032 697359 Simulator.cpp:156] Loading navmesh from data/scene_datasets/mp3d/ur6pFq6Qu1A/ur6pFq6Qu1A.navmesh
I1008 15:39:49.680265 697359 Simulator.cpp:158] Loaded.
I1008 15:39:49.680270 697359 SceneGraph.h:93] Created DrawableGroup: 
I1008 15:39:49.683758 697359 ResourceManager.cpp:234] ResourceManager::loadStage : Not loading semantic mesh
I1008 15:39:49.683766 697359 ResourceManager.cpp:262] ResourceManager::loadStage : start load render asset data/scene_datasets/mp3d/ur6pFq6Qu1A/ur6pFq6Qu1A.glb.
I1008 15:39:49.683774 697359 ResourceManager.cpp:569] ResourceManager::loadStageInternal : Attempting to load stage data/scene_datasets/mp3d/ur6pFq6Qu1A/ur6pFq6Qu1A.glb 
I1008 15:39:49.683790 697359 ResourceManager.cpp:1119] Importing Basis files as BC7 for ur6pFq6Qu1A.glb
W1008 15:39:51.854481 697359 Simulator.cpp:248] :
---
 The active scene does not contain semantic annotations. 
---
I1008 15:39:51.910387 697359 simulator.py:213] Loaded navmesh data/scene_datasets/mp3d/ur6pFq6Qu1A/ur6pFq6Qu1A.navmesh
I1008 15:39:52.508404 697359 PhysicsManager.cpp:33] Deconstructing PhysicsManager
I1008 15:39:52.508430 697359 SemanticScene.h:41] Deconstructing SemanticScene
I1008 15:39:52.512811 697359 SceneManager.h:25] Deconstructing SceneManager
I1008 15:39:52.512823 697359 SceneGraph.h:26] Deconstructing SceneGraph
I1008 15:39:52.513226 697359 Sensor.h:87] Deconstructing Sensor
I1008 15:39:52.513846 697359 Sensor.h:87] Deconstructing Sensor
I1008 15:39:52.513953 697359 Sensor.h:87] Deconstructing Sensor
I1008 15:39:52.514063 697359 Sensor.h:87] Deconstructing Sensor
I1008 15:39:52.514163 697359 Sensor.h:87] Deconstructing Sensor
I1008 15:39:52.514263 697359 Sensor.h:87] Deconstructing Sensor
I1008 15:39:52.514364 697359 Sensor.h:87] Deconstructing Sensor
I1008 15:39:52.514460 697359 Sensor.h:87] Deconstructing Sensor
I1008 15:39:52.514564 697359 Sensor.h:87] Deconstructing Sensor
I1008 15:39:52.514662 697359 Sensor.h:87] Deconstructing Sensor
I1008 15:39:52.514762 697359 Sensor.h:87] Deconstructing Sensor
I1008 15:39:52.514866 697359 Sensor.h:87] Deconstructing Sensor
I1008 15:39:52.514966 697359 Sensor.h:87] Deconstructing Sensor
I1008 15:39:52.515095 697359 Sensor.h:87] Deconstructing Sensor
I1008 15:39:52.515224 697359 Sensor.h:87] Deconstructing Sensor
I1008 15:39:52.515343 697359 Sensor.h:87] Deconstructing Sensor
I1008 15:39:52.515467 697359 Sensor.h:87] Deconstructing Sensor
I1008 15:39:52.515589 697359 Sensor.h:87] Deconstructing Sensor
I1008 15:39:52.515722 697359 Sensor.h:87] Deconstructing Sensor
I1008 15:39:52.515848 697359 Sensor.h:87] Deconstructing Sensor
I1008 15:39:52.515975 697359 Sensor.h:87] Deconstructing Sensor
I1008 15:39:52.516098 697359 Sensor.h:87] Deconstructing Sensor
I1008 15:39:52.516227 697359 Sensor.h:87] Deconstructing Sensor
I1008 15:39:52.516356 697359 Sensor.h:87] Deconstructing Sensor
I1008 15:39:52.521174 697359 Renderer.cpp:34] Deconstructing Renderer
I1008 15:39:52.521189 697359 WindowlessContext.h:17] Deconstructing WindowlessContext
I1008 15:39:52.526552 697359 MetadataMediator.cpp:56] MetadataMediator::setActiveSceneDatasetName : Old active dataset default changed to default successfully.
I1008 15:39:52.528240 697359 AttributesManagerBase.h:283] AttributesManager<T>::createFromJsonOrDefaultInternal  (Physics Manager) : Proposing JSON name : ./data/default.physics_config.json from original name : ./data/default.physics_config.json | This file  does not exist.
I1008 15:39:52.528275 697359 PhysicsAttributesManager.cpp:27] File (./data/default.physics_config.json) not found, so new default physics manager attributes created and registered.
I1008 15:39:52.528280 697359 AbstractObjectAttributesManagerBase.h:175] AbstractObjectAttributesManager<T>::createObject  (Stage) : Making attributes with handle : data/scene_datasets/mp3d/ZMojNkEp431/ZMojNkEp431.glb
I1008 15:39:52.528285 697359 ManagedContainerBase.cpp:19] ManagedContainerBase::convertFilenameToJSON : Filename : data/scene_datasets/mp3d/ZMojNkEp431/ZMojNkEp431.glb changed to proposed JSON configuration filename : data/scene_datasets/mp3d/ZMojNkEp431/ZMojNkEp431.stage_config.json
I1008 15:39:52.528301 697359 AttributesManagerBase.h:283] AttributesManager<T>::createFromJsonOrDefaultInternal  (Stage) : Proposing JSON name : data/scene_datasets/mp3d/ZMojNkEp431/ZMojNkEp431.stage_config.json from original name : data/scene_datasets/mp3d/ZMojNkEp431/ZMojNkEp431.glb | This file  does not exist.
I1008 15:39:52.528349 697359 AbstractObjectAttributesManagerBase.h:181] AbstractObjectAttributesManager<T>::createObject  (Stage) : Done making attributes with handle : data/scene_datasets/mp3d/ZMojNkEp431/ZMojNkEp431.glb
I1008 15:39:52.528360 697359 AbstractObjectAttributesManagerBase.h:188] File (data/scene_datasets/mp3d/ZMojNkEp431/ZMojNkEp431.glb) exists but is not a recognized config filename extension, so new default Stage attributes created and registered.
I1008 15:39:52.528364 697359 Simulator.cpp:156] Loading navmesh from data/scene_datasets/mp3d/ZMojNkEp431/ZMojNkEp431.navmesh
I1008 15:39:52.528515 697359 Simulator.cpp:158] Loaded.
I1008 15:39:52.528522 697359 SceneGraph.h:93] Created DrawableGroup: 
I1008 15:39:52.532734 697359 ResourceManager.cpp:234] ResourceManager::loadStage : Not loading semantic mesh
I1008 15:39:52.532742 697359 ResourceManager.cpp:262] ResourceManager::loadStage : start load render asset data/scene_datasets/mp3d/ZMojNkEp431/ZMojNkEp431.glb.
I1008 15:39:52.532744 697359 ResourceManager.cpp:569] ResourceManager::loadStageInternal : Attempting to load stage data/scene_datasets/mp3d/ZMojNkEp431/ZMojNkEp431.glb 
I1008 15:39:52.532764 697359 ResourceManager.cpp:1119] Importing Basis files as BC7 for ZMojNkEp431.glb
W1008 15:39:53.846210 697359 Simulator.cpp:248] :
---
 The active scene does not contain semantic annotations. 
---
I1008 15:39:53.892691 697359 simulator.py:213] Loaded navmesh data/scene_datasets/mp3d/ZMojNkEp431/ZMojNkEp431.navmesh
I1008 15:39:54.213208 697359 PhysicsManager.cpp:33] Deconstructing PhysicsManager
I1008 15:39:54.213235 697359 SemanticScene.h:41] Deconstructing SemanticScene
I1008 15:39:54.216792 697359 SceneManager.h:25] Deconstructing SceneManager
I1008 15:39:54.216799 697359 SceneGraph.h:26] Deconstructing SceneGraph
I1008 15:39:54.217149 697359 Sensor.h:87] Deconstructing Sensor
I1008 15:39:54.217473 697359 Sensor.h:87] Deconstructing Sensor
I1008 15:39:54.217578 697359 Sensor.h:87] Deconstructing Sensor
I1008 15:39:54.217690 697359 Sensor.h:87] Deconstructing Sensor
I1008 15:39:54.217793 697359 Sensor.h:87] Deconstructing Sensor
I1008 15:39:54.217895 697359 Sensor.h:87] Deconstructing Sensor
I1008 15:39:54.217999 697359 Sensor.h:87] Deconstructing Sensor
I1008 15:39:54.218096 697359 Sensor.h:87] Deconstructing Sensor
I1008 15:39:54.218199 697359 Sensor.h:87] Deconstructing Sensor
I1008 15:39:54.218298 697359 Sensor.h:87] Deconstructing Sensor
I1008 15:39:54.218394 697359 Sensor.h:87] Deconstructing Sensor
I1008 15:39:54.218492 697359 Sensor.h:87] Deconstructing Sensor
I1008 15:39:54.218588 697359 Sensor.h:87] Deconstructing Sensor
I1008 15:39:54.218721 697359 Sensor.h:87] Deconstructing Sensor
I1008 15:39:54.218854 697359 Sensor.h:87] Deconstructing Sensor
I1008 15:39:54.218973 697359 Sensor.h:87] Deconstructing Sensor
I1008 15:39:54.219098 697359 Sensor.h:87] Deconstructing Sensor
I1008 15:39:54.219220 697359 Sensor.h:87] Deconstructing Sensor
I1008 15:39:54.219343 697359 Sensor.h:87] Deconstructing Sensor
I1008 15:39:54.219467 697359 Sensor.h:87] Deconstructing Sensor
I1008 15:39:54.219586 697359 Sensor.h:87] Deconstructing Sensor
I1008 15:39:54.219712 697359 Sensor.h:87] Deconstructing Sensor
I1008 15:39:54.219842 697359 Sensor.h:87] Deconstructing Sensor
I1008 15:39:54.219928 697359 Sensor.h:87] Deconstructing Sensor
I1008 15:39:54.223541 697359 Renderer.cpp:34] Deconstructing Renderer
I1008 15:39:54.223553 697359 WindowlessContext.h:17] Deconstructing WindowlessContext
I1008 15:39:54.226927 697359 MetadataMediator.cpp:56] MetadataMediator::setActiveSceneDatasetName : Old active dataset default changed to default successfully.
I1008 15:39:54.228703 697359 AttributesManagerBase.h:283] AttributesManager<T>::createFromJsonOrDefaultInternal  (Physics Manager) : Proposing JSON name : ./data/default.physics_config.json from original name : ./data/default.physics_config.json | This file  does not exist.
I1008 15:39:54.230293 697359 PhysicsAttributesManager.cpp:27] File (./data/default.physics_config.json) not found, so new default physics manager attributes created and registered.
I1008 15:39:54.230309 697359 AbstractObjectAttributesManagerBase.h:175] AbstractObjectAttributesManager<T>::createObject  (Stage) : Making attributes with handle : data/scene_datasets/mp3d/D7N2EKCX4Sj/D7N2EKCX4Sj.glb
I1008 15:39:54.230325 697359 ManagedContainerBase.cpp:19] ManagedContainerBase::convertFilenameToJSON : Filename : data/scene_datasets/mp3d/D7N2EKCX4Sj/D7N2EKCX4Sj.glb changed to proposed JSON configuration filename : data/scene_datasets/mp3d/D7N2EKCX4Sj/D7N2EKCX4Sj.stage_config.json
I1008 15:39:54.230340 697359 AttributesManagerBase.h:283] AttributesManager<T>::createFromJsonOrDefaultInternal  (Stage) : Proposing JSON name : data/scene_datasets/mp3d/D7N2EKCX4Sj/D7N2EKCX4Sj.stage_config.json from original name : data/scene_datasets/mp3d/D7N2EKCX4Sj/D7N2EKCX4Sj.glb | This file  does not exist.
I1008 15:39:54.230412 697359 AbstractObjectAttributesManagerBase.h:181] AbstractObjectAttributesManager<T>::createObject  (Stage) : Done making attributes with handle : data/scene_datasets/mp3d/D7N2EKCX4Sj/D7N2EKCX4Sj.glb
I1008 15:39:54.230413 697359 AbstractObjectAttributesManagerBase.h:188] File (data/scene_datasets/mp3d/D7N2EKCX4Sj/D7N2EKCX4Sj.glb) exists but is not a recognized config filename extension, so new default Stage attributes created and registered.
I1008 15:39:54.230417 697359 Simulator.cpp:156] Loading navmesh from data/scene_datasets/mp3d/D7N2EKCX4Sj/D7N2EKCX4Sj.navmesh
I1008 15:39:54.230891 697359 Simulator.cpp:158] Loaded.
I1008 15:39:54.230898 697359 SceneGraph.h:93] Created DrawableGroup: 
I1008 15:39:54.234467 697359 ResourceManager.cpp:234] ResourceManager::loadStage : Not loading semantic mesh
I1008 15:39:54.234473 697359 ResourceManager.cpp:262] ResourceManager::loadStage : start load render asset data/scene_datasets/mp3d/D7N2EKCX4Sj/D7N2EKCX4Sj.glb.
I1008 15:39:54.234474 697359 ResourceManager.cpp:569] ResourceManager::loadStageInternal : Attempting to load stage data/scene_datasets/mp3d/D7N2EKCX4Sj/D7N2EKCX4Sj.glb 
I1008 15:39:54.234490 697359 ResourceManager.cpp:1119] Importing Basis files as BC7 for D7N2EKCX4Sj.glb
W1008 15:39:58.220409 697359 Simulator.cpp:248] :
---
 The active scene does not contain semantic annotations. 
---
I1008 15:39:58.336628 697359 simulator.py:213] Loaded navmesh data/scene_datasets/mp3d/D7N2EKCX4Sj/D7N2EKCX4Sj.navmesh
I1008 15:39:58.632839 697359 PhysicsManager.cpp:33] Deconstructing PhysicsManager
I1008 15:39:58.632863 697359 SemanticScene.h:41] Deconstructing SemanticScene
I1008 15:39:58.639029 697359 SceneManager.h:25] Deconstructing SceneManager
I1008 15:39:58.639038 697359 SceneGraph.h:26] Deconstructing SceneGraph
I1008 15:39:58.639490 697359 Sensor.h:87] Deconstructing Sensor
I1008 15:39:58.639972 697359 Sensor.h:87] Deconstructing Sensor
I1008 15:39:58.640076 697359 Sensor.h:87] Deconstructing Sensor
I1008 15:39:58.640180 697359 Sensor.h:87] Deconstructing Sensor
I1008 15:39:58.640278 697359 Sensor.h:87] Deconstructing Sensor
I1008 15:39:58.640376 697359 Sensor.h:87] Deconstructing Sensor
I1008 15:39:58.640476 697359 Sensor.h:87] Deconstructing Sensor
I1008 15:39:58.640571 697359 Sensor.h:87] Deconstructing Sensor
I1008 15:39:58.640672 697359 Sensor.h:87] Deconstructing Sensor
I1008 15:39:58.640769 697359 Sensor.h:87] Deconstructing Sensor
I1008 15:39:58.640864 697359 Sensor.h:87] Deconstructing Sensor
I1008 15:39:58.640964 697359 Sensor.h:87] Deconstructing Sensor
I1008 15:39:58.641058 697359 Sensor.h:87] Deconstructing Sensor
I1008 15:39:58.641182 697359 Sensor.h:87] Deconstructing Sensor
I1008 15:39:58.641310 697359 Sensor.h:87] Deconstructing Sensor
I1008 15:39:58.641429 697359 Sensor.h:87] Deconstructing Sensor
I1008 15:39:58.641548 697359 Sensor.h:87] Deconstructing Sensor
I1008 15:39:58.641664 697359 Sensor.h:87] Deconstructing Sensor
I1008 15:39:58.641781 697359 Sensor.h:87] Deconstructing Sensor
I1008 15:39:58.641903 697359 Sensor.h:87] Deconstructing Sensor
I1008 15:39:58.642019 697359 Sensor.h:87] Deconstructing Sensor
I1008 15:39:58.642139 697359 Sensor.h:87] Deconstructing Sensor
I1008 15:39:58.642261 697359 Sensor.h:87] Deconstructing Sensor
I1008 15:39:58.642349 697359 Sensor.h:87] Deconstructing Sensor
I1008 15:39:58.648598 697359 Renderer.cpp:34] Deconstructing Renderer
I1008 15:39:58.648617 697359 WindowlessContext.h:17] Deconstructing WindowlessContext
I1008 15:39:58.654939 697359 MetadataMediator.cpp:56] MetadataMediator::setActiveSceneDatasetName : Old active dataset default changed to default successfully.
I1008 15:39:58.655593 697359 AttributesManagerBase.h:283] AttributesManager<T>::createFromJsonOrDefaultInternal  (Physics Manager) : Proposing JSON name : ./data/default.physics_config.json from original name : ./data/default.physics_config.json | This file  does not exist.
I1008 15:39:58.655614 697359 PhysicsAttributesManager.cpp:27] File (./data/default.physics_config.json) not found, so new default physics manager attributes created and registered.
I1008 15:39:58.655618 697359 AbstractObjectAttributesManagerBase.h:175] AbstractObjectAttributesManager<T>::createObject  (Stage) : Making attributes with handle : data/scene_datasets/mp3d/2n8kARJN3HM/2n8kARJN3HM.glb
I1008 15:39:58.655622 697359 ManagedContainerBase.cpp:19] ManagedContainerBase::convertFilenameToJSON : Filename : data/scene_datasets/mp3d/2n8kARJN3HM/2n8kARJN3HM.glb changed to proposed JSON configuration filename : data/scene_datasets/mp3d/2n8kARJN3HM/2n8kARJN3HM.stage_config.json
I1008 15:39:58.655637 697359 AttributesManagerBase.h:283] AttributesManager<T>::createFromJsonOrDefaultInternal  (Stage) : Proposing JSON name : data/scene_datasets/mp3d/2n8kARJN3HM/2n8kARJN3HM.stage_config.json from original name : data/scene_datasets/mp3d/2n8kARJN3HM/2n8kARJN3HM.glb | This file  does not exist.
I1008 15:39:58.655678 697359 AbstractObjectAttributesManagerBase.h:181] AbstractObjectAttributesManager<T>::createObject  (Stage) : Done making attributes with handle : data/scene_datasets/mp3d/2n8kARJN3HM/2n8kARJN3HM.glb
I1008 15:39:58.655679 697359 AbstractObjectAttributesManagerBase.h:188] File (data/scene_datasets/mp3d/2n8kARJN3HM/2n8kARJN3HM.glb) exists but is not a recognized config filename extension, so new default Stage attributes created and registered.
I1008 15:39:58.655682 697359 Simulator.cpp:156] Loading navmesh from data/scene_datasets/mp3d/2n8kARJN3HM/2n8kARJN3HM.navmesh
I1008 15:39:58.655886 697359 Simulator.cpp:158] Loaded.
I1008 15:39:58.655891 697359 SceneGraph.h:93] Created DrawableGroup: 
I1008 15:39:58.658898 697359 ResourceManager.cpp:234] ResourceManager::loadStage : Not loading semantic mesh
I1008 15:39:58.658905 697359 ResourceManager.cpp:262] ResourceManager::loadStage : start load render asset data/scene_datasets/mp3d/2n8kARJN3HM/2n8kARJN3HM.glb.
I1008 15:39:58.658905 697359 ResourceManager.cpp:569] ResourceManager::loadStageInternal : Attempting to load stage data/scene_datasets/mp3d/2n8kARJN3HM/2n8kARJN3HM.glb 
I1008 15:39:58.658914 697359 ResourceManager.cpp:1119] Importing Basis files as BC7 for 2n8kARJN3HM.glb
W1008 15:40:01.167431 697359 Simulator.cpp:248] :
---
 The active scene does not contain semantic annotations. 
---
I1008 15:40:01.236249 697359 simulator.py:213] Loaded navmesh data/scene_datasets/mp3d/2n8kARJN3HM/2n8kARJN3HM.navmesh
I1008 15:40:01.661075 697359 PhysicsManager.cpp:33] Deconstructing PhysicsManager
I1008 15:40:01.661099 697359 SemanticScene.h:41] Deconstructing SemanticScene
I1008 15:40:01.665565 697359 SceneManager.h:25] Deconstructing SceneManager
I1008 15:40:01.665571 697359 SceneGraph.h:26] Deconstructing SceneGraph
I1008 15:40:01.666031 697359 Sensor.h:87] Deconstructing Sensor
I1008 15:40:01.666460 697359 Sensor.h:87] Deconstructing Sensor
I1008 15:40:01.666560 697359 Sensor.h:87] Deconstructing Sensor
I1008 15:40:01.666666 697359 Sensor.h:87] Deconstructing Sensor
I1008 15:40:01.666767 697359 Sensor.h:87] Deconstructing Sensor
I1008 15:40:01.666863 697359 Sensor.h:87] Deconstructing Sensor
I1008 15:40:01.666965 697359 Sensor.h:87] Deconstructing Sensor
I1008 15:40:01.667057 697359 Sensor.h:87] Deconstructing Sensor
I1008 15:40:01.667156 697359 Sensor.h:87] Deconstructing Sensor
I1008 15:40:01.667250 697359 Sensor.h:87] Deconstructing Sensor
I1008 15:40:01.667347 697359 Sensor.h:87] Deconstructing Sensor
I1008 15:40:01.667451 697359 Sensor.h:87] Deconstructing Sensor
I1008 15:40:01.667555 697359 Sensor.h:87] Deconstructing Sensor
I1008 15:40:01.667677 697359 Sensor.h:87] Deconstructing Sensor
I1008 15:40:01.667802 697359 Sensor.h:87] Deconstructing Sensor
I1008 15:40:01.667922 697359 Sensor.h:87] Deconstructing Sensor
I1008 15:40:01.668041 697359 Sensor.h:87] Deconstructing Sensor
I1008 15:40:01.668156 697359 Sensor.h:87] Deconstructing Sensor
I1008 15:40:01.668273 697359 Sensor.h:87] Deconstructing Sensor
I1008 15:40:01.668392 697359 Sensor.h:87] Deconstructing Sensor
I1008 15:40:01.668507 697359 Sensor.h:87] Deconstructing Sensor
I1008 15:40:01.668622 697359 Sensor.h:87] Deconstructing Sensor
I1008 15:40:01.668749 697359 Sensor.h:87] Deconstructing Sensor
I1008 15:40:01.668839 697359 Sensor.h:87] Deconstructing Sensor
I1008 15:40:01.673548 697359 Renderer.cpp:34] Deconstructing Renderer
I1008 15:40:01.673559 697359 WindowlessContext.h:17] Deconstructing WindowlessContext
I1008 15:40:01.678701 697359 MetadataMediator.cpp:56] MetadataMediator::setActiveSceneDatasetName : Old active dataset default changed to default successfully.
I1008 15:40:01.679556 697359 AttributesManagerBase.h:283] AttributesManager<T>::createFromJsonOrDefaultInternal  (Physics Manager) : Proposing JSON name : ./data/default.physics_config.json from original name : ./data/default.physics_config.json | This file  does not exist.
I1008 15:40:01.679580 697359 PhysicsAttributesManager.cpp:27] File (./data/default.physics_config.json) not found, so new default physics manager attributes created and registered.
I1008 15:40:01.679584 697359 AbstractObjectAttributesManagerBase.h:175] AbstractObjectAttributesManager<T>::createObject  (Stage) : Making attributes with handle : data/scene_datasets/mp3d/qoiz87JEwZ2/qoiz87JEwZ2.glb
I1008 15:40:01.679587 697359 ManagedContainerBase.cpp:19] ManagedContainerBase::convertFilenameToJSON : Filename : data/scene_datasets/mp3d/qoiz87JEwZ2/qoiz87JEwZ2.glb changed to proposed JSON configuration filename : data/scene_datasets/mp3d/qoiz87JEwZ2/qoiz87JEwZ2.stage_config.json
I1008 15:40:01.679602 697359 AttributesManagerBase.h:283] AttributesManager<T>::createFromJsonOrDefaultInternal  (Stage) : Proposing JSON name : data/scene_datasets/mp3d/qoiz87JEwZ2/qoiz87JEwZ2.stage_config.json from original name : data/scene_datasets/mp3d/qoiz87JEwZ2/qoiz87JEwZ2.glb | This file  does not exist.
I1008 15:40:01.679646 697359 AbstractObjectAttributesManagerBase.h:181] AbstractObjectAttributesManager<T>::createObject  (Stage) : Done making attributes with handle : data/scene_datasets/mp3d/qoiz87JEwZ2/qoiz87JEwZ2.glb
I1008 15:40:01.679646 697359 AbstractObjectAttributesManagerBase.h:188] File (data/scene_datasets/mp3d/qoiz87JEwZ2/qoiz87JEwZ2.glb) exists but is not a recognized config filename extension, so new default Stage attributes created and registered.
I1008 15:40:01.679649 697359 Simulator.cpp:156] Loading navmesh from data/scene_datasets/mp3d/qoiz87JEwZ2/qoiz87JEwZ2.navmesh
I1008 15:40:01.679802 697359 Simulator.cpp:158] Loaded.
I1008 15:40:01.679808 697359 SceneGraph.h:93] Created DrawableGroup: 
I1008 15:40:01.682897 697359 ResourceManager.cpp:234] ResourceManager::loadStage : Not loading semantic mesh
I1008 15:40:01.682904 697359 ResourceManager.cpp:262] ResourceManager::loadStage : start load render asset data/scene_datasets/mp3d/qoiz87JEwZ2/qoiz87JEwZ2.glb.
I1008 15:40:01.682904 697359 ResourceManager.cpp:569] ResourceManager::loadStageInternal : Attempting to load stage data/scene_datasets/mp3d/qoiz87JEwZ2/qoiz87JEwZ2.glb 
I1008 15:40:01.682915 697359 ResourceManager.cpp:1119] Importing Basis files as BC7 for qoiz87JEwZ2.glb
W1008 15:40:03.240804 697359 Simulator.cpp:248] :
---
 The active scene does not contain semantic annotations. 
---
I1008 15:40:03.298246 697359 simulator.py:213] Loaded navmesh data/scene_datasets/mp3d/qoiz87JEwZ2/qoiz87JEwZ2.navmesh
I1008 15:40:03.722107 697359 PhysicsManager.cpp:33] Deconstructing PhysicsManager
I1008 15:40:03.722142 697359 SemanticScene.h:41] Deconstructing SemanticScene
I1008 15:40:03.730686 697359 SceneManager.h:25] Deconstructing SceneManager
I1008 15:40:03.730710 697359 SceneGraph.h:26] Deconstructing SceneGraph
I1008 15:40:03.731118 697359 Sensor.h:87] Deconstructing Sensor
I1008 15:40:03.732177 697359 Sensor.h:87] Deconstructing Sensor
I1008 15:40:03.732306 697359 Sensor.h:87] Deconstructing Sensor
I1008 15:40:03.732432 697359 Sensor.h:87] Deconstructing Sensor
I1008 15:40:03.732553 697359 Sensor.h:87] Deconstructing Sensor
I1008 15:40:03.732699 697359 Sensor.h:87] Deconstructing Sensor
I1008 15:40:03.732823 697359 Sensor.h:87] Deconstructing Sensor
I1008 15:40:03.732939 697359 Sensor.h:87] Deconstructing Sensor
I1008 15:40:03.733062 697359 Sensor.h:87] Deconstructing Sensor
I1008 15:40:03.733178 697359 Sensor.h:87] Deconstructing Sensor
I1008 15:40:03.733294 697359 Sensor.h:87] Deconstructing Sensor
I1008 15:40:03.733410 697359 Sensor.h:87] Deconstructing Sensor
I1008 15:40:03.733528 697359 Sensor.h:87] Deconstructing Sensor
I1008 15:40:03.733690 697359 Sensor.h:87] Deconstructing Sensor
I1008 15:40:03.733844 697359 Sensor.h:87] Deconstructing Sensor
I1008 15:40:03.733987 697359 Sensor.h:87] Deconstructing Sensor
I1008 15:40:03.734138 697359 Sensor.h:87] Deconstructing Sensor
I1008 15:40:03.734285 697359 Sensor.h:87] Deconstructing Sensor
I1008 15:40:03.734437 697359 Sensor.h:87] Deconstructing Sensor
I1008 15:40:03.734586 697359 Sensor.h:87] Deconstructing Sensor
I1008 15:40:03.734732 697359 Sensor.h:87] Deconstructing Sensor
I1008 15:40:03.734874 697359 Sensor.h:87] Deconstructing Sensor
I1008 15:40:03.735025 697359 Sensor.h:87] Deconstructing Sensor
I1008 15:40:03.735213 697359 Sensor.h:87] Deconstructing Sensor
I1008 15:40:03.740712 697359 Renderer.cpp:34] Deconstructing Renderer
I1008 15:40:03.740743 697359 WindowlessContext.h:17] Deconstructing WindowlessContext
I1008 15:40:03.745110 697359 Simulator.cpp:49] Deconstructing Simulator

Traceback (most recent call last):
  File "research/tools/run_interrupt_confirmation.py", line 45, in <module>
    if __name__=='__main__':main()
  File "research/tools/run_interrupt_confirmation.py", line 43, in main
    run_exp(a.exp_name,source['config']['base_config'],'eval',opts=[x for pair in opts.items() for x in pair],local_rank=0)
  File "/home/wj/VLN-CE/ETPNav/run.py", line 108, in run_exp
    trainer.eval()
  File "/home/wj/VLN-CE/ETPNav/vlnce_baselines/common/base_il_trainer.py", line 870, in eval
    checkpoint_index=self.get_ckpt_id(self.config.EVAL.CKPT_PATH_DIR),
  File "/home/wj/miniconda3/envs/etpnav_legacy/lib/python3.6/site-packages/torch/autograd/grad_mode.py", line 28, in decorate_context
    return func(*args, **kwargs)
  File "/home/wj/VLN-CE/ETPNav/vlnce_baselines/ss_trainer_ETP.py", line 803, in _eval_checkpoint
    self.rollout('eval')
  File "/home/wj/VLN-CE/ETPNav/vlnce_baselines/adaptive_action/interrupt_confirmation_census.py", line 167, in rollout
    drive_cases(self, super().rollout)
  File "/home/wj/VLN-CE/ETPNav/research/tools/critical_case_driver_confirmation.py", line 142, in drive_cases
    if len(events)!=len(smoke_keys):raise ValueError('Missing scheduled smoke event')
ValueError: Missing scheduled smoke event
