2026-10-08 15:42:07,295 checkpoint_path: data/logs/checkpoints/release_r2r/ckpt.iter12000.pth
2026-10-08 15:42:07,295 Initializing dataset VLN-CE-v1
2026-10-08 15:42:07,321 SPLTI: train, NUMBER OF SCENES: 8
2026-10-08 15:42:11,252 Initializing dataset VLN-CE-v1
2026-10-08 15:42:11,281 initializing sim Sim-v1
WARNING: Logging before InitGoogleLogging() is written to STDERR
I1008 15:42:11.285820 732747 ManagedContainerBase.cpp:19] ManagedContainerBase::convertFilenameToJSON : Filename : default changed to proposed JSON configuration filename : default.scene_dataset_config.json
I1008 15:42:11.285851 732747 AttributesManagerBase.h:283] AttributesManager<T>::createFromJsonOrDefaultInternal  (Dataset) : Proposing JSON name : default.scene_dataset_config.json from original name : default | This file  does not exist.
I1008 15:42:11.285892 732747 AssetAttributesManager.cpp:117] Asset attributes (capsule3DSolid : capsule3DSolid_hemiRings_4_cylRings_1_segments_12_halfLen_0.75_useTexCoords_false_useTangents_false) created and registered.
I1008 15:42:11.285907 732747 AssetAttributesManager.cpp:117] Asset attributes (capsule3DWireframe : capsule3DWireframe_hemiRings_8_cylRings_1_segments_16_halfLen_1) created and registered.
I1008 15:42:11.285920 732747 AssetAttributesManager.cpp:117] Asset attributes (coneSolid : coneSolid_segments_12_halfLen_1.25_rings_1_useTexCoords_false_useTangents_false_capEnd_true) created and registered.
I1008 15:42:11.285929 732747 AssetAttributesManager.cpp:117] Asset attributes (coneWireframe : coneWireframe_segments_32_halfLen_1.25) created and registered.
I1008 15:42:11.285933 732747 AssetAttributesManager.cpp:117] Asset attributes (cubeSolid : cubeSolid) created and registered.
I1008 15:42:11.285938 732747 AssetAttributesManager.cpp:117] Asset attributes (cubeWireframe : cubeWireframe) created and registered.
I1008 15:42:11.285950 732747 AssetAttributesManager.cpp:117] Asset attributes (cylinderSolid : cylinderSolid_rings_1_segments_12_halfLen_1_useTexCoords_false_useTangents_false_capEnds_true) created and registered.
I1008 15:42:11.285960 732747 AssetAttributesManager.cpp:117] Asset attributes (cylinderWireframe : cylinderWireframe_rings_1_segments_32_halfLen_1) created and registered.
I1008 15:42:11.285966 732747 AssetAttributesManager.cpp:117] Asset attributes (icosphereSolid : icosphereSolid_subdivs_1) created and registered.
I1008 15:42:11.285971 732747 AssetAttributesManager.cpp:117] Asset attributes (icosphereWireframe : icosphereWireframe_subdivs_1) created and registered.
I1008 15:42:11.285979 732747 AssetAttributesManager.cpp:117] Asset attributes (uvSphereSolid : uvSphereSolid_rings_8_segments_16_useTexCoords_false_useTangents_false) created and registered.
I1008 15:42:11.285986 732747 AssetAttributesManager.cpp:117] Asset attributes (uvSphereWireframe : uvSphereWireframe_rings_16_segments_32) created and registered.
I1008 15:42:11.285988 732747 AssetAttributesManager.cpp:105] AssetAttributesManager::buildCtorFuncPtrMaps : Built default primitive asset templates : 12
I1008 15:42:11.286226 732747 SceneDatasetAttributesManager.cpp:23] File (default) not found, so new default dataset attributes created and registered.
I1008 15:42:11.286228 732747 MetadataMediator.cpp:47] MetadataMediator::createDataset : Dataset default successfully created.
I1008 15:42:11.287959 732747 AttributesManagerBase.h:283] AttributesManager<T>::createFromJsonOrDefaultInternal  (Physics Manager) : Proposing JSON name : ./data/default.physics_config.json from original name : ./data/default.physics_config.json | This file  does not exist.
I1008 15:42:11.287969 732747 PhysicsAttributesManager.cpp:27] File (./data/default.physics_config.json) not found, so new default physics manager attributes created and registered.
I1008 15:42:11.287972 732747 AbstractObjectAttributesManagerBase.h:175] AbstractObjectAttributesManager<T>::createObject  (Stage) : Making attributes with handle : data/scene_datasets/mp3d/2n8kARJN3HM/2n8kARJN3HM.glb
I1008 15:42:11.287974 732747 ManagedContainerBase.cpp:19] ManagedContainerBase::convertFilenameToJSON : Filename : data/scene_datasets/mp3d/2n8kARJN3HM/2n8kARJN3HM.glb changed to proposed JSON configuration filename : data/scene_datasets/mp3d/2n8kARJN3HM/2n8kARJN3HM.stage_config.json
I1008 15:42:11.287997 732747 AttributesManagerBase.h:283] AttributesManager<T>::createFromJsonOrDefaultInternal  (Stage) : Proposing JSON name : data/scene_datasets/mp3d/2n8kARJN3HM/2n8kARJN3HM.stage_config.json from original name : data/scene_datasets/mp3d/2n8kARJN3HM/2n8kARJN3HM.glb | This file  does not exist.
I1008 15:42:11.288025 732747 AbstractObjectAttributesManagerBase.h:181] AbstractObjectAttributesManager<T>::createObject  (Stage) : Done making attributes with handle : data/scene_datasets/mp3d/2n8kARJN3HM/2n8kARJN3HM.glb
I1008 15:42:11.288026 732747 AbstractObjectAttributesManagerBase.h:188] File (data/scene_datasets/mp3d/2n8kARJN3HM/2n8kARJN3HM.glb) exists but is not a recognized config filename extension, so new default Stage attributes created and registered.
I1008 15:42:11.288029 732747 Simulator.cpp:156] Loading navmesh from data/scene_datasets/mp3d/2n8kARJN3HM/2n8kARJN3HM.navmesh
I1008 15:42:11.288192 732747 Simulator.cpp:158] Loaded.
I1008 15:42:11.288198 732747 SceneGraph.h:93] Created DrawableGroup: 
I1008 15:42:11.380568 732747 ResourceManager.cpp:234] ResourceManager::loadStage : Not loading semantic mesh
I1008 15:42:11.380579 732747 ResourceManager.cpp:262] ResourceManager::loadStage : start load render asset data/scene_datasets/mp3d/2n8kARJN3HM/2n8kARJN3HM.glb.
I1008 15:42:11.380580 732747 ResourceManager.cpp:569] ResourceManager::loadStageInternal : Attempting to load stage data/scene_datasets/mp3d/2n8kARJN3HM/2n8kARJN3HM.glb 
I1008 15:42:11.380607 732747 ResourceManager.cpp:1119] Importing Basis files as BC7 for 2n8kARJN3HM.glb
W1008 15:42:14.052776 732747 Simulator.cpp:248] :
---
 The active scene does not contain semantic annotations. 
---
I1008 15:42:14.119861 732747 simulator.py:213] Loaded navmesh data/scene_datasets/mp3d/2n8kARJN3HM/2n8kARJN3HM.navmesh
2026-10-08 15:42:14,123 Initializing task VLN-v0
You are using a model of type bert to instantiate a model of type . This is not supported for all configurations of models and can yield errors.
Some weights of the model checkpoint at None were not used when initializing GlocalTextPathNavCMT: ['bert.global_encoder.encoder.x_layers.0.lang_output.dense.weight', 'bert.global_encoder.encoder.x_layers.1.lang_self_att.self.query.weight', 'bert.global_encoder.encoder.x_layers.3.lang_inter.dense.weight', 'bert.global_encoder.encoder.x_layers.3.lang_self_att.output.LayerNorm.bias', 'bert.global_encoder.encoder.x_layers.1.lang_self_att.output.LayerNorm.bias', 'bert.global_encoder.encoder.x_layers.2.lang_self_att.self.key.bias', 'bert.global_encoder.encoder.x_layers.3.lang_self_att.self.value.bias', 'bert.global_encoder.encoder.x_layers.1.lang_output.LayerNorm.weight', 'bert.global_encoder.encoder.x_layers.3.lang_self_att.self.value.weight', 'bert.global_encoder.encoder.x_layers.0.lang_output.LayerNorm.bias', 'bert.global_encoder.encoder.x_layers.2.lang_self_att.self.value.weight', 'bert.global_encoder.encoder.x_layers.0.lang_self_att.self.value.bias', 'bert.global_encoder.encoder.x_layers.3.lang_output.LayerNorm.weight', 'bert.global_encoder.encoder.x_layers.3.lang_inter.dense.bias', 'bert.global_encoder.encoder.x_layers.1.lang_self_att.self.key.bias', 'bert.global_encoder.encoder.x_layers.2.lang_self_att.self.query.weight', 'bert.global_encoder.encoder.x_layers.1.lang_inter.dense.bias', 'bert.global_encoder.encoder.x_layers.1.lang_inter.dense.weight', 'bert.global_encoder.encoder.x_layers.0.lang_inter.dense.weight', 'bert.global_encoder.encoder.x_layers.0.lang_self_att.self.key.bias', 'mlm_head.predictions.transform.dense.bias', 'bert.global_encoder.encoder.x_layers.0.lang_output.LayerNorm.weight', 'mlm_head.predictions.transform.LayerNorm.weight', 'bert.global_encoder.encoder.x_layers.3.lang_output.dense.bias', 'bert.global_encoder.encoder.x_layers.2.lang_inter.dense.weight', 'bert.global_encoder.encoder.x_layers.1.lang_self_att.self.value.weight', 'bert.global_encoder.encoder.x_layers.1.lang_output.dense.weight', 'bert.global_encoder.encoder.x_layers.2.lang_output.LayerNorm.weight', 'bert.global_encoder.encoder.x_layers.1.lang_self_att.output.dense.weight', 'bert.global_encoder.encoder.x_layers.2.lang_self_att.self.query.bias', 'bert.global_encoder.encoder.x_layers.3.lang_self_att.output.LayerNorm.weight', 'bert.global_encoder.encoder.x_layers.2.lang_self_att.output.LayerNorm.weight', 'bert.global_encoder.encoder.x_layers.3.lang_self_att.output.dense.bias', 'bert.global_encoder.encoder.x_layers.0.lang_inter.dense.bias', 'bert.global_encoder.encoder.x_layers.0.lang_self_att.output.LayerNorm.weight', 'bert.global_encoder.encoder.x_layers.2.lang_self_att.self.value.bias', 'bert.global_encoder.encoder.x_layers.2.lang_output.LayerNorm.bias', 'bert.global_encoder.encoder.x_layers.3.lang_self_att.self.query.bias', 'bert.global_encoder.encoder.x_layers.3.lang_self_att.self.key.weight', 'mlm_head.predictions.bias', 'bert.global_encoder.encoder.x_layers.1.lang_output.dense.bias', 'bert.global_encoder.encoder.x_layers.0.lang_output.dense.bias', 'bert.global_encoder.encoder.x_layers.1.lang_self_att.self.key.weight', 'bert.global_encoder.encoder.x_layers.2.lang_self_att.output.LayerNorm.bias', 'mlm_head.predictions.transform.dense.weight', 'bert.global_encoder.encoder.x_layers.0.lang_self_att.self.key.weight', 'bert.global_encoder.encoder.x_layers.2.lang_self_att.self.key.weight', 'bert.global_encoder.encoder.x_layers.1.lang_self_att.self.value.bias', 'bert.global_encoder.encoder.x_layers.3.lang_self_att.output.dense.weight', 'bert.global_encoder.encoder.x_layers.2.lang_output.dense.weight', 'bert.global_encoder.encoder.x_layers.2.lang_inter.dense.bias', 'bert.global_encoder.encoder.x_layers.1.lang_self_att.self.query.bias', 'mlm_head.predictions.decoder.weight', 'bert.global_encoder.encoder.x_layers.3.lang_self_att.self.query.weight', 'bert.global_encoder.encoder.x_layers.3.lang_output.LayerNorm.bias', 'bert.global_encoder.encoder.x_layers.2.lang_output.dense.bias', 'bert.global_encoder.encoder.x_layers.0.lang_self_att.output.dense.weight', 'bert.global_encoder.encoder.x_layers.0.lang_self_att.output.LayerNorm.bias', 'bert.global_encoder.encoder.x_layers.2.lang_self_att.output.dense.weight', 'bert.global_encoder.encoder.x_layers.2.lang_self_att.output.dense.bias', 'bert.global_encoder.encoder.x_layers.0.lang_self_att.self.query.weight', 'bert.global_encoder.encoder.x_layers.1.lang_self_att.output.LayerNorm.weight', 'mlm_head.predictions.transform.LayerNorm.bias', 'bert.global_encoder.encoder.x_layers.1.lang_output.LayerNorm.bias', 'bert.global_encoder.encoder.x_layers.0.lang_self_att.self.query.bias', 'bert.global_encoder.encoder.x_layers.0.lang_self_att.self.value.weight', 'bert.global_encoder.encoder.x_layers.3.lang_output.dense.weight', 'bert.global_encoder.encoder.x_layers.3.lang_self_att.self.key.bias', 'bert.global_encoder.encoder.x_layers.1.lang_self_att.output.dense.bias', 'bert.global_encoder.encoder.x_layers.0.lang_self_att.output.dense.bias']
- This IS expected if you are initializing GlocalTextPathNavCMT from the checkpoint of a model trained on another task or with another architecture (e.g. initializing a BertForSequenceClassification model from a BertForPreTraining model).
- This IS NOT expected if you are initializing GlocalTextPathNavCMT from the checkpoint of a model that you expect to be exactly identical (initializing a BertForSequenceClassification model from a BertForSequenceClassification model).
2026-10-08 15:42:21,217 Agent parameters: 299.54 MB. Trainable: 140.79 MB.
2026-10-08 15:42:21,218 Finished setting up policy.
  0%|          | 0/1 [00:00<?, ?it/s]  0%|          | 0/1 [00:01<?, ?it/s]I1008 15:42:22.905055 732747 PhysicsManager.cpp:33] Deconstructing PhysicsManager
I1008 15:42:22.905076 732747 SemanticScene.h:41] Deconstructing SemanticScene
I1008 15:42:22.907902 732747 SceneManager.h:25] Deconstructing SceneManager
I1008 15:42:22.907907 732747 SceneGraph.h:26] Deconstructing SceneGraph
I1008 15:42:22.908286 732747 Sensor.h:87] Deconstructing Sensor
I1008 15:42:22.908393 732747 Sensor.h:87] Deconstructing Sensor
I1008 15:42:22.908500 732747 Sensor.h:87] Deconstructing Sensor
I1008 15:42:22.908607 732747 Sensor.h:87] Deconstructing Sensor
I1008 15:42:22.908710 732747 Sensor.h:87] Deconstructing Sensor
I1008 15:42:22.908808 732747 Sensor.h:87] Deconstructing Sensor
I1008 15:42:22.908910 732747 Sensor.h:87] Deconstructing Sensor
I1008 15:42:22.909005 732747 Sensor.h:87] Deconstructing Sensor
I1008 15:42:22.909106 732747 Sensor.h:87] Deconstructing Sensor
I1008 15:42:22.909201 732747 Sensor.h:87] Deconstructing Sensor
I1008 15:42:22.909297 732747 Sensor.h:87] Deconstructing Sensor
I1008 15:42:22.909399 732747 Sensor.h:87] Deconstructing Sensor
I1008 15:42:22.909494 732747 Sensor.h:87] Deconstructing Sensor
I1008 15:42:22.909590 732747 Sensor.h:87] Deconstructing Sensor
I1008 15:42:22.909693 732747 Sensor.h:87] Deconstructing Sensor
I1008 15:42:22.909847 732747 Sensor.h:87] Deconstructing Sensor
I1008 15:42:22.909948 732747 Sensor.h:87] Deconstructing Sensor
I1008 15:42:22.910046 732747 Sensor.h:87] Deconstructing Sensor
I1008 15:42:22.910142 732747 Sensor.h:87] Deconstructing Sensor
I1008 15:42:22.910284 732747 Sensor.h:87] Deconstructing Sensor
I1008 15:42:22.910382 732747 Sensor.h:87] Deconstructing Sensor
I1008 15:42:22.910482 732747 Sensor.h:87] Deconstructing Sensor
I1008 15:42:22.910581 732747 Sensor.h:87] Deconstructing Sensor
I1008 15:42:22.910586 732747 Sensor.h:87] Deconstructing Sensor
I1008 15:42:22.914954 732747 Renderer.cpp:34] Deconstructing Renderer
I1008 15:42:22.914973 732747 WindowlessContext.h:17] Deconstructing WindowlessContext
I1008 15:42:22.920226 732747 MetadataMediator.cpp:56] MetadataMediator::setActiveSceneDatasetName : Old active dataset default changed to default successfully.
I1008 15:42:22.920368 732747 AttributesManagerBase.h:283] AttributesManager<T>::createFromJsonOrDefaultInternal  (Physics Manager) : Proposing JSON name : ./data/default.physics_config.json from original name : ./data/default.physics_config.json | This file  does not exist.
I1008 15:42:22.920388 732747 PhysicsAttributesManager.cpp:27] File (./data/default.physics_config.json) not found, so new default physics manager attributes created and registered.
I1008 15:42:22.920392 732747 AbstractObjectAttributesManagerBase.h:175] AbstractObjectAttributesManager<T>::createObject  (Stage) : Making attributes with handle : data/scene_datasets/mp3d/D7N2EKCX4Sj/D7N2EKCX4Sj.glb
I1008 15:42:22.920395 732747 ManagedContainerBase.cpp:19] ManagedContainerBase::convertFilenameToJSON : Filename : data/scene_datasets/mp3d/D7N2EKCX4Sj/D7N2EKCX4Sj.glb changed to proposed JSON configuration filename : data/scene_datasets/mp3d/D7N2EKCX4Sj/D7N2EKCX4Sj.stage_config.json
I1008 15:42:22.920408 732747 AttributesManagerBase.h:283] AttributesManager<T>::createFromJsonOrDefaultInternal  (Stage) : Proposing JSON name : data/scene_datasets/mp3d/D7N2EKCX4Sj/D7N2EKCX4Sj.stage_config.json from original name : data/scene_datasets/mp3d/D7N2EKCX4Sj/D7N2EKCX4Sj.glb | This file  does not exist.
I1008 15:42:22.920442 732747 AbstractObjectAttributesManagerBase.h:181] AbstractObjectAttributesManager<T>::createObject  (Stage) : Done making attributes with handle : data/scene_datasets/mp3d/D7N2EKCX4Sj/D7N2EKCX4Sj.glb
I1008 15:42:22.920444 732747 AbstractObjectAttributesManagerBase.h:188] File (data/scene_datasets/mp3d/D7N2EKCX4Sj/D7N2EKCX4Sj.glb) exists but is not a recognized config filename extension, so new default Stage attributes created and registered.
I1008 15:42:22.920446 732747 Simulator.cpp:156] Loading navmesh from data/scene_datasets/mp3d/D7N2EKCX4Sj/D7N2EKCX4Sj.navmesh
I1008 15:42:22.920683 732747 Simulator.cpp:158] Loaded.
I1008 15:42:22.920689 732747 SceneGraph.h:93] Created DrawableGroup: 
I1008 15:42:22.923712 732747 ResourceManager.cpp:234] ResourceManager::loadStage : Not loading semantic mesh
I1008 15:42:22.923718 732747 ResourceManager.cpp:262] ResourceManager::loadStage : start load render asset data/scene_datasets/mp3d/D7N2EKCX4Sj/D7N2EKCX4Sj.glb.
I1008 15:42:22.923720 732747 ResourceManager.cpp:569] ResourceManager::loadStageInternal : Attempting to load stage data/scene_datasets/mp3d/D7N2EKCX4Sj/D7N2EKCX4Sj.glb 
I1008 15:42:22.923739 732747 ResourceManager.cpp:1119] Importing Basis files as BC7 for D7N2EKCX4Sj.glb
W1008 15:42:26.844869 732747 Simulator.cpp:248] :
---
 The active scene does not contain semantic annotations. 
---
I1008 15:42:26.953124 732747 simulator.py:213] Loaded navmesh data/scene_datasets/mp3d/D7N2EKCX4Sj/D7N2EKCX4Sj.navmesh
I1008 15:42:27.488444 732747 PhysicsManager.cpp:33] Deconstructing PhysicsManager
I1008 15:42:27.488464 732747 SemanticScene.h:41] Deconstructing SemanticScene
I1008 15:42:27.492825 732747 SceneManager.h:25] Deconstructing SceneManager
I1008 15:42:27.492828 732747 SceneGraph.h:26] Deconstructing SceneGraph
I1008 15:42:27.493206 732747 Sensor.h:87] Deconstructing Sensor
I1008 15:42:27.493405 732747 Sensor.h:87] Deconstructing Sensor
I1008 15:42:27.493506 732747 Sensor.h:87] Deconstructing Sensor
I1008 15:42:27.493613 732747 Sensor.h:87] Deconstructing Sensor
I1008 15:42:27.493716 732747 Sensor.h:87] Deconstructing Sensor
I1008 15:42:27.493813 732747 Sensor.h:87] Deconstructing Sensor
I1008 15:42:27.493914 732747 Sensor.h:87] Deconstructing Sensor
I1008 15:42:27.494009 732747 Sensor.h:87] Deconstructing Sensor
I1008 15:42:27.494109 732747 Sensor.h:87] Deconstructing Sensor
I1008 15:42:27.494205 732747 Sensor.h:87] Deconstructing Sensor
I1008 15:42:27.494300 732747 Sensor.h:87] Deconstructing Sensor
I1008 15:42:27.494397 732747 Sensor.h:87] Deconstructing Sensor
I1008 15:42:27.494494 732747 Sensor.h:87] Deconstructing Sensor
I1008 15:42:27.494614 732747 Sensor.h:87] Deconstructing Sensor
I1008 15:42:27.494741 732747 Sensor.h:87] Deconstructing Sensor
I1008 15:42:27.494863 732747 Sensor.h:87] Deconstructing Sensor
I1008 15:42:27.494985 732747 Sensor.h:87] Deconstructing Sensor
I1008 15:42:27.495100 732747 Sensor.h:87] Deconstructing Sensor
I1008 15:42:27.495219 732747 Sensor.h:87] Deconstructing Sensor
I1008 15:42:27.495337 732747 Sensor.h:87] Deconstructing Sensor
I1008 15:42:27.495453 732747 Sensor.h:87] Deconstructing Sensor
I1008 15:42:27.495570 732747 Sensor.h:87] Deconstructing Sensor
I1008 15:42:27.495692 732747 Sensor.h:87] Deconstructing Sensor
I1008 15:42:27.495843 732747 Sensor.h:87] Deconstructing Sensor
I1008 15:42:27.500977 732747 Renderer.cpp:34] Deconstructing Renderer
I1008 15:42:27.500993 732747 WindowlessContext.h:17] Deconstructing WindowlessContext
I1008 15:42:27.507508 732747 MetadataMediator.cpp:56] MetadataMediator::setActiveSceneDatasetName : Old active dataset default changed to default successfully.
I1008 15:42:27.507706 732747 AttributesManagerBase.h:283] AttributesManager<T>::createFromJsonOrDefaultInternal  (Physics Manager) : Proposing JSON name : ./data/default.physics_config.json from original name : ./data/default.physics_config.json | This file  does not exist.
I1008 15:42:27.507727 732747 PhysicsAttributesManager.cpp:27] File (./data/default.physics_config.json) not found, so new default physics manager attributes created and registered.
I1008 15:42:27.507731 732747 AbstractObjectAttributesManagerBase.h:175] AbstractObjectAttributesManager<T>::createObject  (Stage) : Making attributes with handle : data/scene_datasets/mp3d/2n8kARJN3HM/2n8kARJN3HM.glb
I1008 15:42:27.507735 732747 ManagedContainerBase.cpp:19] ManagedContainerBase::convertFilenameToJSON : Filename : data/scene_datasets/mp3d/2n8kARJN3HM/2n8kARJN3HM.glb changed to proposed JSON configuration filename : data/scene_datasets/mp3d/2n8kARJN3HM/2n8kARJN3HM.stage_config.json
I1008 15:42:27.507750 732747 AttributesManagerBase.h:283] AttributesManager<T>::createFromJsonOrDefaultInternal  (Stage) : Proposing JSON name : data/scene_datasets/mp3d/2n8kARJN3HM/2n8kARJN3HM.stage_config.json from original name : data/scene_datasets/mp3d/2n8kARJN3HM/2n8kARJN3HM.glb | This file  does not exist.
I1008 15:42:27.507788 732747 AbstractObjectAttributesManagerBase.h:181] AbstractObjectAttributesManager<T>::createObject  (Stage) : Done making attributes with handle : data/scene_datasets/mp3d/2n8kARJN3HM/2n8kARJN3HM.glb
I1008 15:42:27.507797 732747 AbstractObjectAttributesManagerBase.h:188] File (data/scene_datasets/mp3d/2n8kARJN3HM/2n8kARJN3HM.glb) exists but is not a recognized config filename extension, so new default Stage attributes created and registered.
I1008 15:42:27.507800 732747 Simulator.cpp:156] Loading navmesh from data/scene_datasets/mp3d/2n8kARJN3HM/2n8kARJN3HM.navmesh
I1008 15:42:27.507961 732747 Simulator.cpp:158] Loaded.
I1008 15:42:27.507964 732747 SceneGraph.h:93] Created DrawableGroup: 
I1008 15:42:27.511093 732747 ResourceManager.cpp:234] ResourceManager::loadStage : Not loading semantic mesh
I1008 15:42:27.511098 732747 ResourceManager.cpp:262] ResourceManager::loadStage : start load render asset data/scene_datasets/mp3d/2n8kARJN3HM/2n8kARJN3HM.glb.
I1008 15:42:27.511099 732747 ResourceManager.cpp:569] ResourceManager::loadStageInternal : Attempting to load stage data/scene_datasets/mp3d/2n8kARJN3HM/2n8kARJN3HM.glb 
I1008 15:42:27.511112 732747 ResourceManager.cpp:1119] Importing Basis files as BC7 for 2n8kARJN3HM.glb
W1008 15:42:29.983369 732747 Simulator.cpp:248] :
---
 The active scene does not contain semantic annotations. 
---
I1008 15:42:30.048035 732747 simulator.py:213] Loaded navmesh data/scene_datasets/mp3d/2n8kARJN3HM/2n8kARJN3HM.navmesh
I1008 15:42:30.397240 732747 PhysicsManager.cpp:33] Deconstructing PhysicsManager
I1008 15:42:30.397261 732747 SemanticScene.h:41] Deconstructing SemanticScene
I1008 15:42:30.400255 732747 SceneManager.h:25] Deconstructing SceneManager
I1008 15:42:30.400264 732747 SceneGraph.h:26] Deconstructing SceneGraph
I1008 15:42:30.400688 732747 Sensor.h:87] Deconstructing Sensor
I1008 15:42:30.400951 732747 Sensor.h:87] Deconstructing Sensor
I1008 15:42:30.401052 732747 Sensor.h:87] Deconstructing Sensor
I1008 15:42:30.401161 732747 Sensor.h:87] Deconstructing Sensor
I1008 15:42:30.401265 732747 Sensor.h:87] Deconstructing Sensor
I1008 15:42:30.401368 732747 Sensor.h:87] Deconstructing Sensor
I1008 15:42:30.401473 732747 Sensor.h:87] Deconstructing Sensor
I1008 15:42:30.401571 732747 Sensor.h:87] Deconstructing Sensor
I1008 15:42:30.401675 732747 Sensor.h:87] Deconstructing Sensor
I1008 15:42:30.401774 732747 Sensor.h:87] Deconstructing Sensor
I1008 15:42:30.401872 732747 Sensor.h:87] Deconstructing Sensor
I1008 15:42:30.401973 732747 Sensor.h:87] Deconstructing Sensor
I1008 15:42:30.402069 732747 Sensor.h:87] Deconstructing Sensor
I1008 15:42:30.402194 732747 Sensor.h:87] Deconstructing Sensor
I1008 15:42:30.402326 732747 Sensor.h:87] Deconstructing Sensor
I1008 15:42:30.402452 732747 Sensor.h:87] Deconstructing Sensor
I1008 15:42:30.402575 732747 Sensor.h:87] Deconstructing Sensor
I1008 15:42:30.402700 732747 Sensor.h:87] Deconstructing Sensor
I1008 15:42:30.402823 732747 Sensor.h:87] Deconstructing Sensor
I1008 15:42:30.402962 732747 Sensor.h:87] Deconstructing Sensor
I1008 15:42:30.403080 732747 Sensor.h:87] Deconstructing Sensor
I1008 15:42:30.403200 732747 Sensor.h:87] Deconstructing Sensor
I1008 15:42:30.403326 732747 Sensor.h:87] Deconstructing Sensor
I1008 15:42:30.403419 732747 Sensor.h:87] Deconstructing Sensor
I1008 15:42:30.408270 732747 Renderer.cpp:34] Deconstructing Renderer
I1008 15:42:30.408283 732747 WindowlessContext.h:17] Deconstructing WindowlessContext
I1008 15:42:30.413511 732747 MetadataMediator.cpp:56] MetadataMediator::setActiveSceneDatasetName : Old active dataset default changed to default successfully.
I1008 15:42:30.413714 732747 AttributesManagerBase.h:283] AttributesManager<T>::createFromJsonOrDefaultInternal  (Physics Manager) : Proposing JSON name : ./data/default.physics_config.json from original name : ./data/default.physics_config.json | This file  does not exist.
I1008 15:42:30.413735 732747 PhysicsAttributesManager.cpp:27] File (./data/default.physics_config.json) not found, so new default physics manager attributes created and registered.
I1008 15:42:30.413739 732747 AbstractObjectAttributesManagerBase.h:175] AbstractObjectAttributesManager<T>::createObject  (Stage) : Making attributes with handle : data/scene_datasets/mp3d/D7N2EKCX4Sj/D7N2EKCX4Sj.glb
I1008 15:42:30.413749 732747 ManagedContainerBase.cpp:19] ManagedContainerBase::convertFilenameToJSON : Filename : data/scene_datasets/mp3d/D7N2EKCX4Sj/D7N2EKCX4Sj.glb changed to proposed JSON configuration filename : data/scene_datasets/mp3d/D7N2EKCX4Sj/D7N2EKCX4Sj.stage_config.json
I1008 15:42:30.413764 732747 AttributesManagerBase.h:283] AttributesManager<T>::createFromJsonOrDefaultInternal  (Stage) : Proposing JSON name : data/scene_datasets/mp3d/D7N2EKCX4Sj/D7N2EKCX4Sj.stage_config.json from original name : data/scene_datasets/mp3d/D7N2EKCX4Sj/D7N2EKCX4Sj.glb | This file  does not exist.
I1008 15:42:30.413800 732747 AbstractObjectAttributesManagerBase.h:181] AbstractObjectAttributesManager<T>::createObject  (Stage) : Done making attributes with handle : data/scene_datasets/mp3d/D7N2EKCX4Sj/D7N2EKCX4Sj.glb
I1008 15:42:30.413801 732747 AbstractObjectAttributesManagerBase.h:188] File (data/scene_datasets/mp3d/D7N2EKCX4Sj/D7N2EKCX4Sj.glb) exists but is not a recognized config filename extension, so new default Stage attributes created and registered.
I1008 15:42:30.413805 732747 Simulator.cpp:156] Loading navmesh from data/scene_datasets/mp3d/D7N2EKCX4Sj/D7N2EKCX4Sj.navmesh
I1008 15:42:30.414047 732747 Simulator.cpp:158] Loaded.
I1008 15:42:30.414050 732747 SceneGraph.h:93] Created DrawableGroup: 
I1008 15:42:30.417074 732747 ResourceManager.cpp:234] ResourceManager::loadStage : Not loading semantic mesh
I1008 15:42:30.417083 732747 ResourceManager.cpp:262] ResourceManager::loadStage : start load render asset data/scene_datasets/mp3d/D7N2EKCX4Sj/D7N2EKCX4Sj.glb.
I1008 15:42:30.417083 732747 ResourceManager.cpp:569] ResourceManager::loadStageInternal : Attempting to load stage data/scene_datasets/mp3d/D7N2EKCX4Sj/D7N2EKCX4Sj.glb 
I1008 15:42:30.417097 732747 ResourceManager.cpp:1119] Importing Basis files as BC7 for D7N2EKCX4Sj.glb
W1008 15:42:34.145210 732747 Simulator.cpp:248] :
---
 The active scene does not contain semantic annotations. 
---
I1008 15:42:34.246675 732747 simulator.py:213] Loaded navmesh data/scene_datasets/mp3d/D7N2EKCX4Sj/D7N2EKCX4Sj.navmesh
I1008 15:42:35.306880 732747 PhysicsManager.cpp:33] Deconstructing PhysicsManager
I1008 15:42:35.306902 732747 SemanticScene.h:41] Deconstructing SemanticScene
I1008 15:42:35.312604 732747 SceneManager.h:25] Deconstructing SceneManager
I1008 15:42:35.312618 732747 SceneGraph.h:26] Deconstructing SceneGraph
I1008 15:42:35.313030 732747 Sensor.h:87] Deconstructing Sensor
I1008 15:42:35.313306 732747 Sensor.h:87] Deconstructing Sensor
I1008 15:42:35.313408 732747 Sensor.h:87] Deconstructing Sensor
I1008 15:42:35.313513 732747 Sensor.h:87] Deconstructing Sensor
I1008 15:42:35.313614 732747 Sensor.h:87] Deconstructing Sensor
I1008 15:42:35.313717 732747 Sensor.h:87] Deconstructing Sensor
I1008 15:42:35.313822 732747 Sensor.h:87] Deconstructing Sensor
I1008 15:42:35.313933 732747 Sensor.h:87] Deconstructing Sensor
I1008 15:42:35.314036 732747 Sensor.h:87] Deconstructing Sensor
I1008 15:42:35.314133 732747 Sensor.h:87] Deconstructing Sensor
I1008 15:42:35.314230 732747 Sensor.h:87] Deconstructing Sensor
I1008 15:42:35.314332 732747 Sensor.h:87] Deconstructing Sensor
I1008 15:42:35.314430 732747 Sensor.h:87] Deconstructing Sensor
I1008 15:42:35.314553 732747 Sensor.h:87] Deconstructing Sensor
I1008 15:42:35.314682 732747 Sensor.h:87] Deconstructing Sensor
I1008 15:42:35.314810 732747 Sensor.h:87] Deconstructing Sensor
I1008 15:42:35.314932 732747 Sensor.h:87] Deconstructing Sensor
I1008 15:42:35.315049 732747 Sensor.h:87] Deconstructing Sensor
I1008 15:42:35.315172 732747 Sensor.h:87] Deconstructing Sensor
I1008 15:42:35.315294 732747 Sensor.h:87] Deconstructing Sensor
I1008 15:42:35.315415 732747 Sensor.h:87] Deconstructing Sensor
I1008 15:42:35.315537 732747 Sensor.h:87] Deconstructing Sensor
I1008 15:42:35.315665 732747 Sensor.h:87] Deconstructing Sensor
I1008 15:42:35.315826 732747 Sensor.h:87] Deconstructing Sensor
I1008 15:42:35.321935 732747 Renderer.cpp:34] Deconstructing Renderer
I1008 15:42:35.321956 732747 WindowlessContext.h:17] Deconstructing WindowlessContext
I1008 15:42:35.328645 732747 MetadataMediator.cpp:56] MetadataMediator::setActiveSceneDatasetName : Old active dataset default changed to default successfully.
I1008 15:42:35.328964 732747 AttributesManagerBase.h:283] AttributesManager<T>::createFromJsonOrDefaultInternal  (Physics Manager) : Proposing JSON name : ./data/default.physics_config.json from original name : ./data/default.physics_config.json | This file  does not exist.
I1008 15:42:35.328990 732747 PhysicsAttributesManager.cpp:27] File (./data/default.physics_config.json) not found, so new default physics manager attributes created and registered.
I1008 15:42:35.328995 732747 AbstractObjectAttributesManagerBase.h:175] AbstractObjectAttributesManager<T>::createObject  (Stage) : Making attributes with handle : data/scene_datasets/mp3d/ZMojNkEp431/ZMojNkEp431.glb
I1008 15:42:35.328998 732747 ManagedContainerBase.cpp:19] ManagedContainerBase::convertFilenameToJSON : Filename : data/scene_datasets/mp3d/ZMojNkEp431/ZMojNkEp431.glb changed to proposed JSON configuration filename : data/scene_datasets/mp3d/ZMojNkEp431/ZMojNkEp431.stage_config.json
I1008 15:42:35.329013 732747 AttributesManagerBase.h:283] AttributesManager<T>::createFromJsonOrDefaultInternal  (Stage) : Proposing JSON name : data/scene_datasets/mp3d/ZMojNkEp431/ZMojNkEp431.stage_config.json from original name : data/scene_datasets/mp3d/ZMojNkEp431/ZMojNkEp431.glb | This file  does not exist.
I1008 15:42:35.329049 732747 AbstractObjectAttributesManagerBase.h:181] AbstractObjectAttributesManager<T>::createObject  (Stage) : Done making attributes with handle : data/scene_datasets/mp3d/ZMojNkEp431/ZMojNkEp431.glb
I1008 15:42:35.329051 732747 AbstractObjectAttributesManagerBase.h:188] File (data/scene_datasets/mp3d/ZMojNkEp431/ZMojNkEp431.glb) exists but is not a recognized config filename extension, so new default Stage attributes created and registered.
I1008 15:42:35.329053 732747 Simulator.cpp:156] Loading navmesh from data/scene_datasets/mp3d/ZMojNkEp431/ZMojNkEp431.navmesh
I1008 15:42:35.329169 732747 Simulator.cpp:158] Loaded.
I1008 15:42:35.329173 732747 SceneGraph.h:93] Created DrawableGroup: 
I1008 15:42:35.332559 732747 ResourceManager.cpp:234] ResourceManager::loadStage : Not loading semantic mesh
I1008 15:42:35.332568 732747 ResourceManager.cpp:262] ResourceManager::loadStage : start load render asset data/scene_datasets/mp3d/ZMojNkEp431/ZMojNkEp431.glb.
I1008 15:42:35.332569 732747 ResourceManager.cpp:569] ResourceManager::loadStageInternal : Attempting to load stage data/scene_datasets/mp3d/ZMojNkEp431/ZMojNkEp431.glb 
I1008 15:42:35.332592 732747 ResourceManager.cpp:1119] Importing Basis files as BC7 for ZMojNkEp431.glb
W1008 15:42:36.608351 732747 Simulator.cpp:248] :
---
 The active scene does not contain semantic annotations. 
---
I1008 15:42:36.647532 732747 simulator.py:213] Loaded navmesh data/scene_datasets/mp3d/ZMojNkEp431/ZMojNkEp431.navmesh
I1008 15:42:37.225188 732747 PhysicsManager.cpp:33] Deconstructing PhysicsManager
I1008 15:42:37.225209 732747 SemanticScene.h:41] Deconstructing SemanticScene
I1008 15:42:37.226797 732747 SceneManager.h:25] Deconstructing SceneManager
I1008 15:42:37.226800 732747 SceneGraph.h:26] Deconstructing SceneGraph
I1008 15:42:37.227119 732747 Sensor.h:87] Deconstructing Sensor
I1008 15:42:37.227298 732747 Sensor.h:87] Deconstructing Sensor
I1008 15:42:37.227399 732747 Sensor.h:87] Deconstructing Sensor
I1008 15:42:37.227504 732747 Sensor.h:87] Deconstructing Sensor
I1008 15:42:37.227604 732747 Sensor.h:87] Deconstructing Sensor
I1008 15:42:37.227705 732747 Sensor.h:87] Deconstructing Sensor
I1008 15:42:37.227810 732747 Sensor.h:87] Deconstructing Sensor
I1008 15:42:37.227907 732747 Sensor.h:87] Deconstructing Sensor
I1008 15:42:37.228006 732747 Sensor.h:87] Deconstructing Sensor
I1008 15:42:37.228104 732747 Sensor.h:87] Deconstructing Sensor
I1008 15:42:37.228210 732747 Sensor.h:87] Deconstructing Sensor
I1008 15:42:37.228338 732747 Sensor.h:87] Deconstructing Sensor
I1008 15:42:37.228435 732747 Sensor.h:87] Deconstructing Sensor
I1008 15:42:37.228569 732747 Sensor.h:87] Deconstructing Sensor
I1008 15:42:37.228700 732747 Sensor.h:87] Deconstructing Sensor
I1008 15:42:37.228821 732747 Sensor.h:87] Deconstructing Sensor
I1008 15:42:37.228945 732747 Sensor.h:87] Deconstructing Sensor
I1008 15:42:37.229064 732747 Sensor.h:87] Deconstructing Sensor
I1008 15:42:37.229187 732747 Sensor.h:87] Deconstructing Sensor
I1008 15:42:37.229308 732747 Sensor.h:87] Deconstructing Sensor
I1008 15:42:37.229427 732747 Sensor.h:87] Deconstructing Sensor
I1008 15:42:37.229545 732747 Sensor.h:87] Deconstructing Sensor
I1008 15:42:37.229676 732747 Sensor.h:87] Deconstructing Sensor
I1008 15:42:37.229768 732747 Sensor.h:87] Deconstructing Sensor
I1008 15:42:37.232487 732747 Renderer.cpp:34] Deconstructing Renderer
I1008 15:42:37.232498 732747 WindowlessContext.h:17] Deconstructing WindowlessContext
I1008 15:42:37.237617 732747 MetadataMediator.cpp:56] MetadataMediator::setActiveSceneDatasetName : Old active dataset default changed to default successfully.
I1008 15:42:37.238059 732747 AttributesManagerBase.h:283] AttributesManager<T>::createFromJsonOrDefaultInternal  (Physics Manager) : Proposing JSON name : ./data/default.physics_config.json from original name : ./data/default.physics_config.json | This file  does not exist.
I1008 15:42:37.238082 732747 PhysicsAttributesManager.cpp:27] File (./data/default.physics_config.json) not found, so new default physics manager attributes created and registered.
I1008 15:42:37.238086 732747 AbstractObjectAttributesManagerBase.h:175] AbstractObjectAttributesManager<T>::createObject  (Stage) : Making attributes with handle : data/scene_datasets/mp3d/2n8kARJN3HM/2n8kARJN3HM.glb
I1008 15:42:37.238089 732747 ManagedContainerBase.cpp:19] ManagedContainerBase::convertFilenameToJSON : Filename : data/scene_datasets/mp3d/2n8kARJN3HM/2n8kARJN3HM.glb changed to proposed JSON configuration filename : data/scene_datasets/mp3d/2n8kARJN3HM/2n8kARJN3HM.stage_config.json
I1008 15:42:37.238103 732747 AttributesManagerBase.h:283] AttributesManager<T>::createFromJsonOrDefaultInternal  (Stage) : Proposing JSON name : data/scene_datasets/mp3d/2n8kARJN3HM/2n8kARJN3HM.stage_config.json from original name : data/scene_datasets/mp3d/2n8kARJN3HM/2n8kARJN3HM.glb | This file  does not exist.
I1008 15:42:37.238142 732747 AbstractObjectAttributesManagerBase.h:181] AbstractObjectAttributesManager<T>::createObject  (Stage) : Done making attributes with handle : data/scene_datasets/mp3d/2n8kARJN3HM/2n8kARJN3HM.glb
I1008 15:42:37.238143 732747 AbstractObjectAttributesManagerBase.h:188] File (data/scene_datasets/mp3d/2n8kARJN3HM/2n8kARJN3HM.glb) exists but is not a recognized config filename extension, so new default Stage attributes created and registered.
I1008 15:42:37.238147 732747 Simulator.cpp:156] Loading navmesh from data/scene_datasets/mp3d/2n8kARJN3HM/2n8kARJN3HM.navmesh
I1008 15:42:37.238324 732747 Simulator.cpp:158] Loaded.
I1008 15:42:37.238329 732747 SceneGraph.h:93] Created DrawableGroup: 
I1008 15:42:37.241506 732747 ResourceManager.cpp:234] ResourceManager::loadStage : Not loading semantic mesh
I1008 15:42:37.241513 732747 ResourceManager.cpp:262] ResourceManager::loadStage : start load render asset data/scene_datasets/mp3d/2n8kARJN3HM/2n8kARJN3HM.glb.
I1008 15:42:37.241513 732747 ResourceManager.cpp:569] ResourceManager::loadStageInternal : Attempting to load stage data/scene_datasets/mp3d/2n8kARJN3HM/2n8kARJN3HM.glb 
I1008 15:42:37.241524 732747 ResourceManager.cpp:1119] Importing Basis files as BC7 for 2n8kARJN3HM.glb
W1008 15:42:39.884346 732747 Simulator.cpp:248] :
---
 The active scene does not contain semantic annotations. 
---
I1008 15:42:39.954178 732747 simulator.py:213] Loaded navmesh data/scene_datasets/mp3d/2n8kARJN3HM/2n8kARJN3HM.navmesh
I1008 15:42:40.574216 732747 PhysicsManager.cpp:33] Deconstructing PhysicsManager
I1008 15:42:40.574234 732747 SemanticScene.h:41] Deconstructing SemanticScene
I1008 15:42:40.577003 732747 SceneManager.h:25] Deconstructing SceneManager
I1008 15:42:40.577006 732747 SceneGraph.h:26] Deconstructing SceneGraph
I1008 15:42:40.577419 732747 Sensor.h:87] Deconstructing Sensor
I1008 15:42:40.577636 732747 Sensor.h:87] Deconstructing Sensor
I1008 15:42:40.577741 732747 Sensor.h:87] Deconstructing Sensor
I1008 15:42:40.577848 732747 Sensor.h:87] Deconstructing Sensor
I1008 15:42:40.577950 732747 Sensor.h:87] Deconstructing Sensor
I1008 15:42:40.578050 732747 Sensor.h:87] Deconstructing Sensor
I1008 15:42:40.578150 732747 Sensor.h:87] Deconstructing Sensor
I1008 15:42:40.578246 732747 Sensor.h:87] Deconstructing Sensor
I1008 15:42:40.578346 732747 Sensor.h:87] Deconstructing Sensor
I1008 15:42:40.578444 732747 Sensor.h:87] Deconstructing Sensor
I1008 15:42:40.578539 732747 Sensor.h:87] Deconstructing Sensor
I1008 15:42:40.578644 732747 Sensor.h:87] Deconstructing Sensor
I1008 15:42:40.578742 732747 Sensor.h:87] Deconstructing Sensor
I1008 15:42:40.578907 732747 Sensor.h:87] Deconstructing Sensor
I1008 15:42:40.579041 732747 Sensor.h:87] Deconstructing Sensor
I1008 15:42:40.579161 732747 Sensor.h:87] Deconstructing Sensor
I1008 15:42:40.579284 732747 Sensor.h:87] Deconstructing Sensor
I1008 15:42:40.579404 732747 Sensor.h:87] Deconstructing Sensor
I1008 15:42:40.579526 732747 Sensor.h:87] Deconstructing Sensor
I1008 15:42:40.579646 732747 Sensor.h:87] Deconstructing Sensor
I1008 15:42:40.579768 732747 Sensor.h:87] Deconstructing Sensor
I1008 15:42:40.579888 732747 Sensor.h:87] Deconstructing Sensor
I1008 15:42:40.580014 732747 Sensor.h:87] Deconstructing Sensor
I1008 15:42:40.580169 732747 Sensor.h:87] Deconstructing Sensor
I1008 15:42:40.584292 732747 Renderer.cpp:34] Deconstructing Renderer
I1008 15:42:40.584302 732747 WindowlessContext.h:17] Deconstructing WindowlessContext
I1008 15:42:40.589565 732747 MetadataMediator.cpp:56] MetadataMediator::setActiveSceneDatasetName : Old active dataset default changed to default successfully.
I1008 15:42:40.589821 732747 AttributesManagerBase.h:283] AttributesManager<T>::createFromJsonOrDefaultInternal  (Physics Manager) : Proposing JSON name : ./data/default.physics_config.json from original name : ./data/default.physics_config.json | This file  does not exist.
I1008 15:42:40.589843 732747 PhysicsAttributesManager.cpp:27] File (./data/default.physics_config.json) not found, so new default physics manager attributes created and registered.
I1008 15:42:40.589847 732747 AbstractObjectAttributesManagerBase.h:175] AbstractObjectAttributesManager<T>::createObject  (Stage) : Making attributes with handle : data/scene_datasets/mp3d/D7N2EKCX4Sj/D7N2EKCX4Sj.glb
I1008 15:42:40.589850 732747 ManagedContainerBase.cpp:19] ManagedContainerBase::convertFilenameToJSON : Filename : data/scene_datasets/mp3d/D7N2EKCX4Sj/D7N2EKCX4Sj.glb changed to proposed JSON configuration filename : data/scene_datasets/mp3d/D7N2EKCX4Sj/D7N2EKCX4Sj.stage_config.json
I1008 15:42:40.589862 732747 AttributesManagerBase.h:283] AttributesManager<T>::createFromJsonOrDefaultInternal  (Stage) : Proposing JSON name : data/scene_datasets/mp3d/D7N2EKCX4Sj/D7N2EKCX4Sj.stage_config.json from original name : data/scene_datasets/mp3d/D7N2EKCX4Sj/D7N2EKCX4Sj.glb | This file  does not exist.
I1008 15:42:40.589898 732747 AbstractObjectAttributesManagerBase.h:181] AbstractObjectAttributesManager<T>::createObject  (Stage) : Done making attributes with handle : data/scene_datasets/mp3d/D7N2EKCX4Sj/D7N2EKCX4Sj.glb
I1008 15:42:40.589900 732747 AbstractObjectAttributesManagerBase.h:188] File (data/scene_datasets/mp3d/D7N2EKCX4Sj/D7N2EKCX4Sj.glb) exists but is not a recognized config filename extension, so new default Stage attributes created and registered.
I1008 15:42:40.589902 732747 Simulator.cpp:156] Loading navmesh from data/scene_datasets/mp3d/D7N2EKCX4Sj/D7N2EKCX4Sj.navmesh
I1008 15:42:40.590139 732747 Simulator.cpp:158] Loaded.
I1008 15:42:40.590142 732747 SceneGraph.h:93] Created DrawableGroup: 
I1008 15:42:40.593080 732747 ResourceManager.cpp:234] ResourceManager::loadStage : Not loading semantic mesh
I1008 15:42:40.593086 732747 ResourceManager.cpp:262] ResourceManager::loadStage : start load render asset data/scene_datasets/mp3d/D7N2EKCX4Sj/D7N2EKCX4Sj.glb.
I1008 15:42:40.593092 732747 ResourceManager.cpp:569] ResourceManager::loadStageInternal : Attempting to load stage data/scene_datasets/mp3d/D7N2EKCX4Sj/D7N2EKCX4Sj.glb 
I1008 15:42:40.593102 732747 ResourceManager.cpp:1119] Importing Basis files as BC7 for D7N2EKCX4Sj.glb
W1008 15:42:44.500950 732747 Simulator.cpp:248] :
---
 The active scene does not contain semantic annotations. 
---
I1008 15:42:44.611030 732747 simulator.py:213] Loaded navmesh data/scene_datasets/mp3d/D7N2EKCX4Sj/D7N2EKCX4Sj.navmesh
I1008 15:42:44.951756 732747 PhysicsManager.cpp:33] Deconstructing PhysicsManager
I1008 15:42:44.951774 732747 SemanticScene.h:41] Deconstructing SemanticScene
I1008 15:42:44.956094 732747 SceneManager.h:25] Deconstructing SceneManager
I1008 15:42:44.956099 732747 SceneGraph.h:26] Deconstructing SceneGraph
I1008 15:42:44.956475 732747 Sensor.h:87] Deconstructing Sensor
I1008 15:42:44.956707 732747 Sensor.h:87] Deconstructing Sensor
I1008 15:42:44.956807 732747 Sensor.h:87] Deconstructing Sensor
I1008 15:42:44.956910 732747 Sensor.h:87] Deconstructing Sensor
I1008 15:42:44.957008 732747 Sensor.h:87] Deconstructing Sensor
I1008 15:42:44.957103 732747 Sensor.h:87] Deconstructing Sensor
I1008 15:42:44.957202 732747 Sensor.h:87] Deconstructing Sensor
I1008 15:42:44.957296 732747 Sensor.h:87] Deconstructing Sensor
I1008 15:42:44.957394 732747 Sensor.h:87] Deconstructing Sensor
I1008 15:42:44.957489 732747 Sensor.h:87] Deconstructing Sensor
I1008 15:42:44.957582 732747 Sensor.h:87] Deconstructing Sensor
I1008 15:42:44.957682 732747 Sensor.h:87] Deconstructing Sensor
I1008 15:42:44.957777 732747 Sensor.h:87] Deconstructing Sensor
I1008 15:42:44.957893 732747 Sensor.h:87] Deconstructing Sensor
I1008 15:42:44.958017 732747 Sensor.h:87] Deconstructing Sensor
I1008 15:42:44.958135 732747 Sensor.h:87] Deconstructing Sensor
I1008 15:42:44.958254 732747 Sensor.h:87] Deconstructing Sensor
I1008 15:42:44.958367 732747 Sensor.h:87] Deconstructing Sensor
I1008 15:42:44.958484 732747 Sensor.h:87] Deconstructing Sensor
I1008 15:42:44.958599 732747 Sensor.h:87] Deconstructing Sensor
I1008 15:42:44.958717 732747 Sensor.h:87] Deconstructing Sensor
I1008 15:42:44.958830 732747 Sensor.h:87] Deconstructing Sensor
I1008 15:42:44.958949 732747 Sensor.h:87] Deconstructing Sensor
I1008 15:42:44.959098 732747 Sensor.h:87] Deconstructing Sensor
I1008 15:42:44.966495 732747 Renderer.cpp:34] Deconstructing Renderer
I1008 15:42:44.966509 732747 WindowlessContext.h:17] Deconstructing WindowlessContext
I1008 15:42:44.972970 732747 MetadataMediator.cpp:56] MetadataMediator::setActiveSceneDatasetName : Old active dataset default changed to default successfully.
I1008 15:42:44.973392 732747 AttributesManagerBase.h:283] AttributesManager<T>::createFromJsonOrDefaultInternal  (Physics Manager) : Proposing JSON name : ./data/default.physics_config.json from original name : ./data/default.physics_config.json | This file  does not exist.
I1008 15:42:44.973414 732747 PhysicsAttributesManager.cpp:27] File (./data/default.physics_config.json) not found, so new default physics manager attributes created and registered.
I1008 15:42:44.973418 732747 AbstractObjectAttributesManagerBase.h:175] AbstractObjectAttributesManager<T>::createObject  (Stage) : Making attributes with handle : data/scene_datasets/mp3d/qoiz87JEwZ2/qoiz87JEwZ2.glb
I1008 15:42:44.973421 732747 ManagedContainerBase.cpp:19] ManagedContainerBase::convertFilenameToJSON : Filename : data/scene_datasets/mp3d/qoiz87JEwZ2/qoiz87JEwZ2.glb changed to proposed JSON configuration filename : data/scene_datasets/mp3d/qoiz87JEwZ2/qoiz87JEwZ2.stage_config.json
I1008 15:42:44.973438 732747 AttributesManagerBase.h:283] AttributesManager<T>::createFromJsonOrDefaultInternal  (Stage) : Proposing JSON name : data/scene_datasets/mp3d/qoiz87JEwZ2/qoiz87JEwZ2.stage_config.json from original name : data/scene_datasets/mp3d/qoiz87JEwZ2/qoiz87JEwZ2.glb | This file  does not exist.
I1008 15:42:44.973475 732747 AbstractObjectAttributesManagerBase.h:181] AbstractObjectAttributesManager<T>::createObject  (Stage) : Done making attributes with handle : data/scene_datasets/mp3d/qoiz87JEwZ2/qoiz87JEwZ2.glb
I1008 15:42:44.973483 732747 AbstractObjectAttributesManagerBase.h:188] File (data/scene_datasets/mp3d/qoiz87JEwZ2/qoiz87JEwZ2.glb) exists but is not a recognized config filename extension, so new default Stage attributes created and registered.
I1008 15:42:44.973487 732747 Simulator.cpp:156] Loading navmesh from data/scene_datasets/mp3d/qoiz87JEwZ2/qoiz87JEwZ2.navmesh
I1008 15:42:44.973613 732747 Simulator.cpp:158] Loaded.
I1008 15:42:44.973618 732747 SceneGraph.h:93] Created DrawableGroup: 
I1008 15:42:44.976630 732747 ResourceManager.cpp:234] ResourceManager::loadStage : Not loading semantic mesh
I1008 15:42:44.976636 732747 ResourceManager.cpp:262] ResourceManager::loadStage : start load render asset data/scene_datasets/mp3d/qoiz87JEwZ2/qoiz87JEwZ2.glb.
I1008 15:42:44.976637 732747 ResourceManager.cpp:569] ResourceManager::loadStageInternal : Attempting to load stage data/scene_datasets/mp3d/qoiz87JEwZ2/qoiz87JEwZ2.glb 
I1008 15:42:44.976646 732747 ResourceManager.cpp:1119] Importing Basis files as BC7 for qoiz87JEwZ2.glb
W1008 15:42:46.538443 732747 Simulator.cpp:248] :
---
 The active scene does not contain semantic annotations. 
---
I1008 15:42:46.590872 732747 simulator.py:213] Loaded navmesh data/scene_datasets/mp3d/qoiz87JEwZ2/qoiz87JEwZ2.navmesh
I1008 15:42:46.882231 732747 PhysicsManager.cpp:33] Deconstructing PhysicsManager
I1008 15:42:46.882252 732747 SemanticScene.h:41] Deconstructing SemanticScene
I1008 15:42:46.884652 732747 SceneManager.h:25] Deconstructing SceneManager
I1008 15:42:46.884660 732747 SceneGraph.h:26] Deconstructing SceneGraph
I1008 15:42:46.885002 732747 Sensor.h:87] Deconstructing Sensor
I1008 15:42:46.885241 732747 Sensor.h:87] Deconstructing Sensor
I1008 15:42:46.885345 732747 Sensor.h:87] Deconstructing Sensor
I1008 15:42:46.885452 732747 Sensor.h:87] Deconstructing Sensor
I1008 15:42:46.885552 732747 Sensor.h:87] Deconstructing Sensor
I1008 15:42:46.885649 732747 Sensor.h:87] Deconstructing Sensor
I1008 15:42:46.885757 732747 Sensor.h:87] Deconstructing Sensor
I1008 15:42:46.885856 732747 Sensor.h:87] Deconstructing Sensor
I1008 15:42:46.885957 732747 Sensor.h:87] Deconstructing Sensor
I1008 15:42:46.886055 732747 Sensor.h:87] Deconstructing Sensor
I1008 15:42:46.886152 732747 Sensor.h:87] Deconstructing Sensor
I1008 15:42:46.886252 732747 Sensor.h:87] Deconstructing Sensor
I1008 15:42:46.886350 732747 Sensor.h:87] Deconstructing Sensor
I1008 15:42:46.886480 732747 Sensor.h:87] Deconstructing Sensor
I1008 15:42:46.886610 732747 Sensor.h:87] Deconstructing Sensor
I1008 15:42:46.886732 732747 Sensor.h:87] Deconstructing Sensor
I1008 15:42:46.886859 732747 Sensor.h:87] Deconstructing Sensor
I1008 15:42:46.886981 732747 Sensor.h:87] Deconstructing Sensor
I1008 15:42:46.887105 732747 Sensor.h:87] Deconstructing Sensor
I1008 15:42:46.887228 732747 Sensor.h:87] Deconstructing Sensor
I1008 15:42:46.887357 732747 Sensor.h:87] Deconstructing Sensor
I1008 15:42:46.887480 732747 Sensor.h:87] Deconstructing Sensor
I1008 15:42:46.887607 732747 Sensor.h:87] Deconstructing Sensor
I1008 15:42:46.887704 732747 Sensor.h:87] Deconstructing Sensor
I1008 15:42:46.890854 732747 Renderer.cpp:34] Deconstructing Renderer
I1008 15:42:46.890865 732747 WindowlessContext.h:17] Deconstructing WindowlessContext
I1008 15:42:46.894255 732747 MetadataMediator.cpp:56] MetadataMediator::setActiveSceneDatasetName : Old active dataset default changed to default successfully.
I1008 15:42:46.894526 732747 AttributesManagerBase.h:283] AttributesManager<T>::createFromJsonOrDefaultInternal  (Physics Manager) : Proposing JSON name : ./data/default.physics_config.json from original name : ./data/default.physics_config.json | This file  does not exist.
I1008 15:42:46.894548 732747 PhysicsAttributesManager.cpp:27] File (./data/default.physics_config.json) not found, so new default physics manager attributes created and registered.
I1008 15:42:46.894553 732747 AbstractObjectAttributesManagerBase.h:175] AbstractObjectAttributesManager<T>::createObject  (Stage) : Making attributes with handle : data/scene_datasets/mp3d/2n8kARJN3HM/2n8kARJN3HM.glb
I1008 15:42:46.894563 732747 ManagedContainerBase.cpp:19] ManagedContainerBase::convertFilenameToJSON : Filename : data/scene_datasets/mp3d/2n8kARJN3HM/2n8kARJN3HM.glb changed to proposed JSON configuration filename : data/scene_datasets/mp3d/2n8kARJN3HM/2n8kARJN3HM.stage_config.json
I1008 15:42:46.894577 732747 AttributesManagerBase.h:283] AttributesManager<T>::createFromJsonOrDefaultInternal  (Stage) : Proposing JSON name : data/scene_datasets/mp3d/2n8kARJN3HM/2n8kARJN3HM.stage_config.json from original name : data/scene_datasets/mp3d/2n8kARJN3HM/2n8kARJN3HM.glb | This file  does not exist.
I1008 15:42:46.894615 732747 AbstractObjectAttributesManagerBase.h:181] AbstractObjectAttributesManager<T>::createObject  (Stage) : Done making attributes with handle : data/scene_datasets/mp3d/2n8kARJN3HM/2n8kARJN3HM.glb
I1008 15:42:46.894616 732747 AbstractObjectAttributesManagerBase.h:188] File (data/scene_datasets/mp3d/2n8kARJN3HM/2n8kARJN3HM.glb) exists but is not a recognized config filename extension, so new default Stage attributes created and registered.
I1008 15:42:46.894619 732747 Simulator.cpp:156] Loading navmesh from data/scene_datasets/mp3d/2n8kARJN3HM/2n8kARJN3HM.navmesh
I1008 15:42:46.894793 732747 Simulator.cpp:158] Loaded.
I1008 15:42:46.894798 732747 SceneGraph.h:93] Created DrawableGroup: 
I1008 15:42:46.897859 732747 ResourceManager.cpp:234] ResourceManager::loadStage : Not loading semantic mesh
I1008 15:42:46.897866 732747 ResourceManager.cpp:262] ResourceManager::loadStage : start load render asset data/scene_datasets/mp3d/2n8kARJN3HM/2n8kARJN3HM.glb.
I1008 15:42:46.897867 732747 ResourceManager.cpp:569] ResourceManager::loadStageInternal : Attempting to load stage data/scene_datasets/mp3d/2n8kARJN3HM/2n8kARJN3HM.glb 
I1008 15:42:46.897881 732747 ResourceManager.cpp:1119] Importing Basis files as BC7 for 2n8kARJN3HM.glb
W1008 15:42:49.513536 732747 Simulator.cpp:248] :
---
 The active scene does not contain semantic annotations. 
---
I1008 15:42:49.581149 732747 simulator.py:213] Loaded navmesh data/scene_datasets/mp3d/2n8kARJN3HM/2n8kARJN3HM.navmesh
I1008 15:42:50.273384 732747 PhysicsManager.cpp:33] Deconstructing PhysicsManager
I1008 15:42:50.273420 732747 SemanticScene.h:41] Deconstructing SemanticScene
I1008 15:42:50.278620 732747 SceneManager.h:25] Deconstructing SceneManager
I1008 15:42:50.278640 732747 SceneGraph.h:26] Deconstructing SceneGraph
I1008 15:42:50.279135 732747 Sensor.h:87] Deconstructing Sensor
I1008 15:42:50.279609 732747 Sensor.h:87] Deconstructing Sensor
I1008 15:42:50.279744 732747 Sensor.h:87] Deconstructing Sensor
I1008 15:42:50.279876 732747 Sensor.h:87] Deconstructing Sensor
I1008 15:42:50.279996 732747 Sensor.h:87] Deconstructing Sensor
I1008 15:42:50.280114 732747 Sensor.h:87] Deconstructing Sensor
I1008 15:42:50.280236 732747 Sensor.h:87] Deconstructing Sensor
I1008 15:42:50.280354 732747 Sensor.h:87] Deconstructing Sensor
I1008 15:42:50.280476 732747 Sensor.h:87] Deconstructing Sensor
I1008 15:42:50.280597 732747 Sensor.h:87] Deconstructing Sensor
I1008 15:42:50.280723 732747 Sensor.h:87] Deconstructing Sensor
I1008 15:42:50.280849 732747 Sensor.h:87] Deconstructing Sensor
I1008 15:42:50.280972 732747 Sensor.h:87] Deconstructing Sensor
I1008 15:42:50.281128 732747 Sensor.h:87] Deconstructing Sensor
I1008 15:42:50.281292 732747 Sensor.h:87] Deconstructing Sensor
I1008 15:42:50.281464 732747 Sensor.h:87] Deconstructing Sensor
I1008 15:42:50.281620 732747 Sensor.h:87] Deconstructing Sensor
I1008 15:42:50.281775 732747 Sensor.h:87] Deconstructing Sensor
I1008 15:42:50.281935 732747 Sensor.h:87] Deconstructing Sensor
I1008 15:42:50.282087 732747 Sensor.h:87] Deconstructing Sensor
I1008 15:42:50.282239 732747 Sensor.h:87] Deconstructing Sensor
I1008 15:42:50.282390 732747 Sensor.h:87] Deconstructing Sensor
I1008 15:42:50.282546 732747 Sensor.h:87] Deconstructing Sensor
I1008 15:42:50.282645 732747 Sensor.h:87] Deconstructing Sensor
I1008 15:42:50.289498 732747 Renderer.cpp:34] Deconstructing Renderer
I1008 15:42:50.289536 732747 WindowlessContext.h:17] Deconstructing WindowlessContext
I1008 15:42:50.295944 732747 MetadataMediator.cpp:56] MetadataMediator::setActiveSceneDatasetName : Old active dataset default changed to default successfully.
I1008 15:42:50.296774 732747 AttributesManagerBase.h:283] AttributesManager<T>::createFromJsonOrDefaultInternal  (Physics Manager) : Proposing JSON name : ./data/default.physics_config.json from original name : ./data/default.physics_config.json | This file  does not exist.
I1008 15:42:50.296810 732747 PhysicsAttributesManager.cpp:27] File (./data/default.physics_config.json) not found, so new default physics manager attributes created and registered.
I1008 15:42:50.296816 732747 AbstractObjectAttributesManagerBase.h:175] AbstractObjectAttributesManager<T>::createObject  (Stage) : Making attributes with handle : data/scene_datasets/mp3d/D7N2EKCX4Sj/D7N2EKCX4Sj.glb
I1008 15:42:50.296820 732747 ManagedContainerBase.cpp:19] ManagedContainerBase::convertFilenameToJSON : Filename : data/scene_datasets/mp3d/D7N2EKCX4Sj/D7N2EKCX4Sj.glb changed to proposed JSON configuration filename : data/scene_datasets/mp3d/D7N2EKCX4Sj/D7N2EKCX4Sj.stage_config.json
I1008 15:42:50.296835 732747 AttributesManagerBase.h:283] AttributesManager<T>::createFromJsonOrDefaultInternal  (Stage) : Proposing JSON name : data/scene_datasets/mp3d/D7N2EKCX4Sj/D7N2EKCX4Sj.stage_config.json from original name : data/scene_datasets/mp3d/D7N2EKCX4Sj/D7N2EKCX4Sj.glb | This file  does not exist.
I1008 15:42:50.296886 732747 AbstractObjectAttributesManagerBase.h:181] AbstractObjectAttributesManager<T>::createObject  (Stage) : Done making attributes with handle : data/scene_datasets/mp3d/D7N2EKCX4Sj/D7N2EKCX4Sj.glb
I1008 15:42:50.296888 732747 AbstractObjectAttributesManagerBase.h:188] File (data/scene_datasets/mp3d/D7N2EKCX4Sj/D7N2EKCX4Sj.glb) exists but is not a recognized config filename extension, so new default Stage attributes created and registered.
I1008 15:42:50.296893 732747 Simulator.cpp:156] Loading navmesh from data/scene_datasets/mp3d/D7N2EKCX4Sj/D7N2EKCX4Sj.navmesh
I1008 15:42:50.297240 732747 Simulator.cpp:158] Loaded.
I1008 15:42:50.297248 732747 SceneGraph.h:93] Created DrawableGroup: 
I1008 15:42:50.301385 732747 ResourceManager.cpp:234] ResourceManager::loadStage : Not loading semantic mesh
I1008 15:42:50.301400 732747 ResourceManager.cpp:262] ResourceManager::loadStage : start load render asset data/scene_datasets/mp3d/D7N2EKCX4Sj/D7N2EKCX4Sj.glb.
I1008 15:42:50.301402 732747 ResourceManager.cpp:569] ResourceManager::loadStageInternal : Attempting to load stage data/scene_datasets/mp3d/D7N2EKCX4Sj/D7N2EKCX4Sj.glb 
I1008 15:42:50.301427 732747 ResourceManager.cpp:1119] Importing Basis files as BC7 for D7N2EKCX4Sj.glb
W1008 15:42:54.456456 732747 Simulator.cpp:248] :
---
 The active scene does not contain semantic annotations. 
---
I1008 15:42:54.571905 732747 simulator.py:213] Loaded navmesh data/scene_datasets/mp3d/D7N2EKCX4Sj/D7N2EKCX4Sj.navmesh
I1008 15:42:55.064424 732747 PhysicsManager.cpp:33] Deconstructing PhysicsManager
I1008 15:42:55.064445 732747 SemanticScene.h:41] Deconstructing SemanticScene
I1008 15:42:55.069097 732747 SceneManager.h:25] Deconstructing SceneManager
I1008 15:42:55.069105 732747 SceneGraph.h:26] Deconstructing SceneGraph
I1008 15:42:55.069571 732747 Sensor.h:87] Deconstructing Sensor
I1008 15:42:55.069890 732747 Sensor.h:87] Deconstructing Sensor
I1008 15:42:55.070000 732747 Sensor.h:87] Deconstructing Sensor
I1008 15:42:55.070108 732747 Sensor.h:87] Deconstructing Sensor
I1008 15:42:55.070214 732747 Sensor.h:87] Deconstructing Sensor
I1008 15:42:55.070317 732747 Sensor.h:87] Deconstructing Sensor
I1008 15:42:55.070423 732747 Sensor.h:87] Deconstructing Sensor
I1008 15:42:55.070521 732747 Sensor.h:87] Deconstructing Sensor
I1008 15:42:55.070629 732747 Sensor.h:87] Deconstructing Sensor
I1008 15:42:55.070762 732747 Sensor.h:87] Deconstructing Sensor
I1008 15:42:55.070873 732747 Sensor.h:87] Deconstructing Sensor
I1008 15:42:55.070981 732747 Sensor.h:87] Deconstructing Sensor
I1008 15:42:55.071099 732747 Sensor.h:87] Deconstructing Sensor
I1008 15:42:55.071228 732747 Sensor.h:87] Deconstructing Sensor
I1008 15:42:55.071362 732747 Sensor.h:87] Deconstructing Sensor
I1008 15:42:55.071494 732747 Sensor.h:87] Deconstructing Sensor
I1008 15:42:55.071623 732747 Sensor.h:87] Deconstructing Sensor
I1008 15:42:55.071744 732747 Sensor.h:87] Deconstructing Sensor
I1008 15:42:55.071872 732747 Sensor.h:87] Deconstructing Sensor
I1008 15:42:55.071997 732747 Sensor.h:87] Deconstructing Sensor
I1008 15:42:55.072127 732747 Sensor.h:87] Deconstructing Sensor
I1008 15:42:55.072254 732747 Sensor.h:87] Deconstructing Sensor
I1008 15:42:55.072386 732747 Sensor.h:87] Deconstructing Sensor
I1008 15:42:55.072548 732747 Sensor.h:87] Deconstructing Sensor
I1008 15:42:55.079421 732747 Renderer.cpp:34] Deconstructing Renderer
I1008 15:42:55.079443 732747 WindowlessContext.h:17] Deconstructing WindowlessContext
I1008 15:42:55.086160 732747 MetadataMediator.cpp:56] MetadataMediator::setActiveSceneDatasetName : Old active dataset default changed to default successfully.
I1008 15:42:55.086621 732747 AttributesManagerBase.h:283] AttributesManager<T>::createFromJsonOrDefaultInternal  (Physics Manager) : Proposing JSON name : ./data/default.physics_config.json from original name : ./data/default.physics_config.json | This file  does not exist.
I1008 15:42:55.086645 732747 PhysicsAttributesManager.cpp:27] File (./data/default.physics_config.json) not found, so new default physics manager attributes created and registered.
I1008 15:42:55.086649 732747 AbstractObjectAttributesManagerBase.h:175] AbstractObjectAttributesManager<T>::createObject  (Stage) : Making attributes with handle : data/scene_datasets/mp3d/JmbYfDe2QKZ/JmbYfDe2QKZ.glb
I1008 15:42:55.086652 732747 ManagedContainerBase.cpp:19] ManagedContainerBase::convertFilenameToJSON : Filename : data/scene_datasets/mp3d/JmbYfDe2QKZ/JmbYfDe2QKZ.glb changed to proposed JSON configuration filename : data/scene_datasets/mp3d/JmbYfDe2QKZ/JmbYfDe2QKZ.stage_config.json
I1008 15:42:55.086668 732747 AttributesManagerBase.h:283] AttributesManager<T>::createFromJsonOrDefaultInternal  (Stage) : Proposing JSON name : data/scene_datasets/mp3d/JmbYfDe2QKZ/JmbYfDe2QKZ.stage_config.json from original name : data/scene_datasets/mp3d/JmbYfDe2QKZ/JmbYfDe2QKZ.glb | This file  does not exist.
I1008 15:42:55.086709 732747 AbstractObjectAttributesManagerBase.h:181] AbstractObjectAttributesManager<T>::createObject  (Stage) : Done making attributes with handle : data/scene_datasets/mp3d/JmbYfDe2QKZ/JmbYfDe2QKZ.glb
I1008 15:42:55.086709 732747 AbstractObjectAttributesManagerBase.h:188] File (data/scene_datasets/mp3d/JmbYfDe2QKZ/JmbYfDe2QKZ.glb) exists but is not a recognized config filename extension, so new default Stage attributes created and registered.
I1008 15:42:55.086712 732747 Simulator.cpp:156] Loading navmesh from data/scene_datasets/mp3d/JmbYfDe2QKZ/JmbYfDe2QKZ.navmesh
I1008 15:42:55.086807 732747 Simulator.cpp:158] Loaded.
I1008 15:42:55.086810 732747 SceneGraph.h:93] Created DrawableGroup: 
I1008 15:42:55.089936 732747 ResourceManager.cpp:234] ResourceManager::loadStage : Not loading semantic mesh
I1008 15:42:55.089943 732747 ResourceManager.cpp:262] ResourceManager::loadStage : start load render asset data/scene_datasets/mp3d/JmbYfDe2QKZ/JmbYfDe2QKZ.glb.
I1008 15:42:55.089944 732747 ResourceManager.cpp:569] ResourceManager::loadStageInternal : Attempting to load stage data/scene_datasets/mp3d/JmbYfDe2QKZ/JmbYfDe2QKZ.glb 
I1008 15:42:55.089954 732747 ResourceManager.cpp:1119] Importing Basis files as BC7 for JmbYfDe2QKZ.glb
W1008 15:42:56.121583 732747 Simulator.cpp:248] :
---
 The active scene does not contain semantic annotations. 
---
I1008 15:42:56.165522 732747 simulator.py:213] Loaded navmesh data/scene_datasets/mp3d/JmbYfDe2QKZ/JmbYfDe2QKZ.navmesh
I1008 15:42:56.782971 732747 PhysicsManager.cpp:33] Deconstructing PhysicsManager
I1008 15:42:56.782994 732747 SemanticScene.h:41] Deconstructing SemanticScene
I1008 15:42:56.785125 732747 SceneManager.h:25] Deconstructing SceneManager
I1008 15:42:56.785140 732747 SceneGraph.h:26] Deconstructing SceneGraph
I1008 15:42:56.785606 732747 Sensor.h:87] Deconstructing Sensor
I1008 15:42:56.785806 732747 Sensor.h:87] Deconstructing Sensor
I1008 15:42:56.785908 732747 Sensor.h:87] Deconstructing Sensor
I1008 15:42:56.786011 732747 Sensor.h:87] Deconstructing Sensor
I1008 15:42:56.786113 732747 Sensor.h:87] Deconstructing Sensor
I1008 15:42:56.786209 732747 Sensor.h:87] Deconstructing Sensor
I1008 15:42:56.786309 732747 Sensor.h:87] Deconstructing Sensor
I1008 15:42:56.786406 732747 Sensor.h:87] Deconstructing Sensor
I1008 15:42:56.786509 732747 Sensor.h:87] Deconstructing Sensor
I1008 15:42:56.786604 732747 Sensor.h:87] Deconstructing Sensor
I1008 15:42:56.786705 732747 Sensor.h:87] Deconstructing Sensor
I1008 15:42:56.786801 732747 Sensor.h:87] Deconstructing Sensor
I1008 15:42:56.786898 732747 Sensor.h:87] Deconstructing Sensor
I1008 15:42:56.787024 732747 Sensor.h:87] Deconstructing Sensor
I1008 15:42:56.787149 732747 Sensor.h:87] Deconstructing Sensor
I1008 15:42:56.787266 732747 Sensor.h:87] Deconstructing Sensor
I1008 15:42:56.787390 732747 Sensor.h:87] Deconstructing Sensor
I1008 15:42:56.787506 732747 Sensor.h:87] Deconstructing Sensor
I1008 15:42:56.787624 732747 Sensor.h:87] Deconstructing Sensor
I1008 15:42:56.787746 732747 Sensor.h:87] Deconstructing Sensor
I1008 15:42:56.787863 732747 Sensor.h:87] Deconstructing Sensor
I1008 15:42:56.787979 732747 Sensor.h:87] Deconstructing Sensor
I1008 15:42:56.788101 732747 Sensor.h:87] Deconstructing Sensor
I1008 15:42:56.788195 732747 Sensor.h:87] Deconstructing Sensor
I1008 15:42:56.791258 732747 Renderer.cpp:34] Deconstructing Renderer
I1008 15:42:56.791270 732747 WindowlessContext.h:17] Deconstructing WindowlessContext
I1008 15:42:56.793780 732747 MetadataMediator.cpp:56] MetadataMediator::setActiveSceneDatasetName : Old active dataset default changed to default successfully.
I1008 15:42:56.794107 732747 AttributesManagerBase.h:283] AttributesManager<T>::createFromJsonOrDefaultInternal  (Physics Manager) : Proposing JSON name : ./data/default.physics_config.json from original name : ./data/default.physics_config.json | This file  does not exist.
I1008 15:42:56.794129 732747 PhysicsAttributesManager.cpp:27] File (./data/default.physics_config.json) not found, so new default physics manager attributes created and registered.
I1008 15:42:56.794133 732747 AbstractObjectAttributesManagerBase.h:175] AbstractObjectAttributesManager<T>::createObject  (Stage) : Making attributes with handle : data/scene_datasets/mp3d/PX4nDJXEHrG/PX4nDJXEHrG.glb
I1008 15:42:56.794137 732747 ManagedContainerBase.cpp:19] ManagedContainerBase::convertFilenameToJSON : Filename : data/scene_datasets/mp3d/PX4nDJXEHrG/PX4nDJXEHrG.glb changed to proposed JSON configuration filename : data/scene_datasets/mp3d/PX4nDJXEHrG/PX4nDJXEHrG.stage_config.json
I1008 15:42:56.794150 732747 AttributesManagerBase.h:283] AttributesManager<T>::createFromJsonOrDefaultInternal  (Stage) : Proposing JSON name : data/scene_datasets/mp3d/PX4nDJXEHrG/PX4nDJXEHrG.stage_config.json from original name : data/scene_datasets/mp3d/PX4nDJXEHrG/PX4nDJXEHrG.glb | This file  does not exist.
I1008 15:42:56.794186 732747 AbstractObjectAttributesManagerBase.h:181] AbstractObjectAttributesManager<T>::createObject  (Stage) : Done making attributes with handle : data/scene_datasets/mp3d/PX4nDJXEHrG/PX4nDJXEHrG.glb
I1008 15:42:56.794188 732747 AbstractObjectAttributesManagerBase.h:188] File (data/scene_datasets/mp3d/PX4nDJXEHrG/PX4nDJXEHrG.glb) exists but is not a recognized config filename extension, so new default Stage attributes created and registered.
I1008 15:42:56.794190 732747 Simulator.cpp:156] Loading navmesh from data/scene_datasets/mp3d/PX4nDJXEHrG/PX4nDJXEHrG.navmesh
I1008 15:42:56.794395 732747 Simulator.cpp:158] Loaded.
I1008 15:42:56.794400 732747 SceneGraph.h:93] Created DrawableGroup: 
I1008 15:42:56.797469 732747 ResourceManager.cpp:234] ResourceManager::loadStage : Not loading semantic mesh
I1008 15:42:56.797477 732747 ResourceManager.cpp:262] ResourceManager::loadStage : start load render asset data/scene_datasets/mp3d/PX4nDJXEHrG/PX4nDJXEHrG.glb.
I1008 15:42:56.797484 732747 ResourceManager.cpp:569] ResourceManager::loadStageInternal : Attempting to load stage data/scene_datasets/mp3d/PX4nDJXEHrG/PX4nDJXEHrG.glb 
I1008 15:42:56.797501 732747 ResourceManager.cpp:1119] Importing Basis files as BC7 for PX4nDJXEHrG.glb
W1008 15:42:59.244194 732747 Simulator.cpp:248] :
---
 The active scene does not contain semantic annotations. 
---
I1008 15:42:59.326465 732747 simulator.py:213] Loaded navmesh data/scene_datasets/mp3d/PX4nDJXEHrG/PX4nDJXEHrG.navmesh
I1008 15:42:59.878152 732747 PhysicsManager.cpp:33] Deconstructing PhysicsManager
I1008 15:42:59.878175 732747 SemanticScene.h:41] Deconstructing SemanticScene
I1008 15:42:59.881966 732747 SceneManager.h:25] Deconstructing SceneManager
I1008 15:42:59.881970 732747 SceneGraph.h:26] Deconstructing SceneGraph
I1008 15:42:59.882453 732747 Sensor.h:87] Deconstructing Sensor
I1008 15:42:59.882691 732747 Sensor.h:87] Deconstructing Sensor
I1008 15:42:59.882790 732747 Sensor.h:87] Deconstructing Sensor
I1008 15:42:59.882895 732747 Sensor.h:87] Deconstructing Sensor
I1008 15:42:59.882992 732747 Sensor.h:87] Deconstructing Sensor
I1008 15:42:59.883095 732747 Sensor.h:87] Deconstructing Sensor
I1008 15:42:59.883200 732747 Sensor.h:87] Deconstructing Sensor
I1008 15:42:59.883302 732747 Sensor.h:87] Deconstructing Sensor
I1008 15:42:59.883404 732747 Sensor.h:87] Deconstructing Sensor
I1008 15:42:59.883504 732747 Sensor.h:87] Deconstructing Sensor
I1008 15:42:59.883603 732747 Sensor.h:87] Deconstructing Sensor
I1008 15:42:59.883713 732747 Sensor.h:87] Deconstructing Sensor
I1008 15:42:59.883821 732747 Sensor.h:87] Deconstructing Sensor
I1008 15:42:59.883953 732747 Sensor.h:87] Deconstructing Sensor
I1008 15:42:59.884086 732747 Sensor.h:87] Deconstructing Sensor
I1008 15:42:59.884217 732747 Sensor.h:87] Deconstructing Sensor
I1008 15:42:59.884354 732747 Sensor.h:87] Deconstructing Sensor
I1008 15:42:59.884483 732747 Sensor.h:87] Deconstructing Sensor
I1008 15:42:59.884608 732747 Sensor.h:87] Deconstructing Sensor
I1008 15:42:59.884745 732747 Sensor.h:87] Deconstructing Sensor
I1008 15:42:59.884863 732747 Sensor.h:87] Deconstructing Sensor
I1008 15:42:59.884980 732747 Sensor.h:87] Deconstructing Sensor
I1008 15:42:59.885103 732747 Sensor.h:87] Deconstructing Sensor
I1008 15:42:59.885175 732747 Sensor.h:87] Deconstructing Sensor
I1008 15:42:59.890349 732747 Renderer.cpp:34] Deconstructing Renderer
I1008 15:42:59.890357 732747 WindowlessContext.h:17] Deconstructing WindowlessContext
I1008 15:42:59.896431 732747 MetadataMediator.cpp:56] MetadataMediator::setActiveSceneDatasetName : Old active dataset default changed to default successfully.
I1008 15:42:59.896677 732747 AttributesManagerBase.h:283] AttributesManager<T>::createFromJsonOrDefaultInternal  (Physics Manager) : Proposing JSON name : ./data/default.physics_config.json from original name : ./data/default.physics_config.json | This file  does not exist.
I1008 15:42:59.896697 732747 PhysicsAttributesManager.cpp:27] File (./data/default.physics_config.json) not found, so new default physics manager attributes created and registered.
I1008 15:42:59.896701 732747 AbstractObjectAttributesManagerBase.h:175] AbstractObjectAttributesManager<T>::createObject  (Stage) : Making attributes with handle : data/scene_datasets/mp3d/qoiz87JEwZ2/qoiz87JEwZ2.glb
I1008 15:42:59.896704 732747 ManagedContainerBase.cpp:19] ManagedContainerBase::convertFilenameToJSON : Filename : data/scene_datasets/mp3d/qoiz87JEwZ2/qoiz87JEwZ2.glb changed to proposed JSON configuration filename : data/scene_datasets/mp3d/qoiz87JEwZ2/qoiz87JEwZ2.stage_config.json
I1008 15:42:59.896716 732747 AttributesManagerBase.h:283] AttributesManager<T>::createFromJsonOrDefaultInternal  (Stage) : Proposing JSON name : data/scene_datasets/mp3d/qoiz87JEwZ2/qoiz87JEwZ2.stage_config.json from original name : data/scene_datasets/mp3d/qoiz87JEwZ2/qoiz87JEwZ2.glb | This file  does not exist.
I1008 15:42:59.896754 732747 AbstractObjectAttributesManagerBase.h:181] AbstractObjectAttributesManager<T>::createObject  (Stage) : Done making attributes with handle : data/scene_datasets/mp3d/qoiz87JEwZ2/qoiz87JEwZ2.glb
I1008 15:42:59.896759 732747 AbstractObjectAttributesManagerBase.h:188] File (data/scene_datasets/mp3d/qoiz87JEwZ2/qoiz87JEwZ2.glb) exists but is not a recognized config filename extension, so new default Stage attributes created and registered.
I1008 15:42:59.896762 732747 Simulator.cpp:156] Loading navmesh from data/scene_datasets/mp3d/qoiz87JEwZ2/qoiz87JEwZ2.navmesh
I1008 15:42:59.896855 732747 Simulator.cpp:158] Loaded.
I1008 15:42:59.896860 732747 SceneGraph.h:93] Created DrawableGroup: 
I1008 15:42:59.900025 732747 ResourceManager.cpp:234] ResourceManager::loadStage : Not loading semantic mesh
I1008 15:42:59.900031 732747 ResourceManager.cpp:262] ResourceManager::loadStage : start load render asset data/scene_datasets/mp3d/qoiz87JEwZ2/qoiz87JEwZ2.glb.
I1008 15:42:59.900032 732747 ResourceManager.cpp:569] ResourceManager::loadStageInternal : Attempting to load stage data/scene_datasets/mp3d/qoiz87JEwZ2/qoiz87JEwZ2.glb 
I1008 15:42:59.900043 732747 ResourceManager.cpp:1119] Importing Basis files as BC7 for qoiz87JEwZ2.glb
W1008 15:43:01.459546 732747 Simulator.cpp:248] :
---
 The active scene does not contain semantic annotations. 
---
I1008 15:43:01.512927 732747 simulator.py:213] Loaded navmesh data/scene_datasets/mp3d/qoiz87JEwZ2/qoiz87JEwZ2.navmesh
I1008 15:43:02.149863 732747 PhysicsManager.cpp:33] Deconstructing PhysicsManager
I1008 15:43:02.149888 732747 SemanticScene.h:41] Deconstructing SemanticScene
I1008 15:43:02.152426 732747 SceneManager.h:25] Deconstructing SceneManager
I1008 15:43:02.152434 732747 SceneGraph.h:26] Deconstructing SceneGraph
I1008 15:43:02.152884 732747 Sensor.h:87] Deconstructing Sensor
I1008 15:43:02.153167 732747 Sensor.h:87] Deconstructing Sensor
I1008 15:43:02.153288 732747 Sensor.h:87] Deconstructing Sensor
I1008 15:43:02.153409 732747 Sensor.h:87] Deconstructing Sensor
I1008 15:43:02.153523 732747 Sensor.h:87] Deconstructing Sensor
I1008 15:43:02.153635 732747 Sensor.h:87] Deconstructing Sensor
I1008 15:43:02.153756 732747 Sensor.h:87] Deconstructing Sensor
I1008 15:43:02.153868 732747 Sensor.h:87] Deconstructing Sensor
I1008 15:43:02.153987 732747 Sensor.h:87] Deconstructing Sensor
I1008 15:43:02.154100 732747 Sensor.h:87] Deconstructing Sensor
I1008 15:43:02.154211 732747 Sensor.h:87] Deconstructing Sensor
I1008 15:43:02.154325 732747 Sensor.h:87] Deconstructing Sensor
I1008 15:43:02.154438 732747 Sensor.h:87] Deconstructing Sensor
I1008 15:43:02.154582 732747 Sensor.h:87] Deconstructing Sensor
I1008 15:43:02.154731 732747 Sensor.h:87] Deconstructing Sensor
I1008 15:43:02.154871 732747 Sensor.h:87] Deconstructing Sensor
I1008 15:43:02.155014 732747 Sensor.h:87] Deconstructing Sensor
I1008 15:43:02.155151 732747 Sensor.h:87] Deconstructing Sensor
I1008 15:43:02.155294 732747 Sensor.h:87] Deconstructing Sensor
I1008 15:43:02.155436 732747 Sensor.h:87] Deconstructing Sensor
I1008 15:43:02.155571 732747 Sensor.h:87] Deconstructing Sensor
I1008 15:43:02.155715 732747 Sensor.h:87] Deconstructing Sensor
I1008 15:43:02.155862 732747 Sensor.h:87] Deconstructing Sensor
I1008 15:43:02.155972 732747 Sensor.h:87] Deconstructing Sensor
I1008 15:43:02.159904 732747 Renderer.cpp:34] Deconstructing Renderer
I1008 15:43:02.159920 732747 WindowlessContext.h:17] Deconstructing WindowlessContext
I1008 15:43:02.163596 732747 MetadataMediator.cpp:56] MetadataMediator::setActiveSceneDatasetName : Old active dataset default changed to default successfully.
I1008 15:43:02.164072 732747 AttributesManagerBase.h:283] AttributesManager<T>::createFromJsonOrDefaultInternal  (Physics Manager) : Proposing JSON name : ./data/default.physics_config.json from original name : ./data/default.physics_config.json | This file  does not exist.
I1008 15:43:02.164098 732747 PhysicsAttributesManager.cpp:27] File (./data/default.physics_config.json) not found, so new default physics manager attributes created and registered.
I1008 15:43:02.164103 732747 AbstractObjectAttributesManagerBase.h:175] AbstractObjectAttributesManager<T>::createObject  (Stage) : Making attributes with handle : data/scene_datasets/mp3d/ZMojNkEp431/ZMojNkEp431.glb
I1008 15:43:02.164115 732747 ManagedContainerBase.cpp:19] ManagedContainerBase::convertFilenameToJSON : Filename : data/scene_datasets/mp3d/ZMojNkEp431/ZMojNkEp431.glb changed to proposed JSON configuration filename : data/scene_datasets/mp3d/ZMojNkEp431/ZMojNkEp431.stage_config.json
I1008 15:43:02.164130 732747 AttributesManagerBase.h:283] AttributesManager<T>::createFromJsonOrDefaultInternal  (Stage) : Proposing JSON name : data/scene_datasets/mp3d/ZMojNkEp431/ZMojNkEp431.stage_config.json from original name : data/scene_datasets/mp3d/ZMojNkEp431/ZMojNkEp431.glb | This file  does not exist.
I1008 15:43:02.164176 732747 AbstractObjectAttributesManagerBase.h:181] AbstractObjectAttributesManager<T>::createObject  (Stage) : Done making attributes with handle : data/scene_datasets/mp3d/ZMojNkEp431/ZMojNkEp431.glb
I1008 15:43:02.164178 732747 AbstractObjectAttributesManagerBase.h:188] File (data/scene_datasets/mp3d/ZMojNkEp431/ZMojNkEp431.glb) exists but is not a recognized config filename extension, so new default Stage attributes created and registered.
I1008 15:43:02.164182 732747 Simulator.cpp:156] Loading navmesh from data/scene_datasets/mp3d/ZMojNkEp431/ZMojNkEp431.navmesh
I1008 15:43:02.164320 732747 Simulator.cpp:158] Loaded.
I1008 15:43:02.164326 732747 SceneGraph.h:93] Created DrawableGroup: 
I1008 15:43:02.167971 732747 ResourceManager.cpp:234] ResourceManager::loadStage : Not loading semantic mesh
I1008 15:43:02.167985 732747 ResourceManager.cpp:262] ResourceManager::loadStage : start load render asset data/scene_datasets/mp3d/ZMojNkEp431/ZMojNkEp431.glb.
I1008 15:43:02.167986 732747 ResourceManager.cpp:569] ResourceManager::loadStageInternal : Attempting to load stage data/scene_datasets/mp3d/ZMojNkEp431/ZMojNkEp431.glb 
I1008 15:43:02.168010 732747 ResourceManager.cpp:1119] Importing Basis files as BC7 for ZMojNkEp431.glb
W1008 15:43:03.418495 732747 Simulator.cpp:248] :
---
 The active scene does not contain semantic annotations. 
---
I1008 15:43:03.458178 732747 simulator.py:213] Loaded navmesh data/scene_datasets/mp3d/ZMojNkEp431/ZMojNkEp431.navmesh
I1008 15:43:04.551826 732747 PhysicsManager.cpp:33] Deconstructing PhysicsManager
I1008 15:43:04.551852 732747 SemanticScene.h:41] Deconstructing SemanticScene
I1008 15:43:04.554031 732747 SceneManager.h:25] Deconstructing SceneManager
I1008 15:43:04.554040 732747 SceneGraph.h:26] Deconstructing SceneGraph
I1008 15:43:04.554464 732747 Sensor.h:87] Deconstructing Sensor
I1008 15:43:04.554692 732747 Sensor.h:87] Deconstructing Sensor
I1008 15:43:04.554796 732747 Sensor.h:87] Deconstructing Sensor
I1008 15:43:04.554903 732747 Sensor.h:87] Deconstructing Sensor
I1008 15:43:04.555004 732747 Sensor.h:87] Deconstructing Sensor
I1008 15:43:04.555102 732747 Sensor.h:87] Deconstructing Sensor
I1008 15:43:04.555205 732747 Sensor.h:87] Deconstructing Sensor
I1008 15:43:04.555300 732747 Sensor.h:87] Deconstructing Sensor
I1008 15:43:04.555402 732747 Sensor.h:87] Deconstructing Sensor
I1008 15:43:04.555498 732747 Sensor.h:87] Deconstructing Sensor
I1008 15:43:04.555593 732747 Sensor.h:87] Deconstructing Sensor
I1008 15:43:04.555696 732747 Sensor.h:87] Deconstructing Sensor
I1008 15:43:04.555794 732747 Sensor.h:87] Deconstructing Sensor
I1008 15:43:04.555915 732747 Sensor.h:87] Deconstructing Sensor
I1008 15:43:04.556042 732747 Sensor.h:87] Deconstructing Sensor
I1008 15:43:04.556160 732747 Sensor.h:87] Deconstructing Sensor
I1008 15:43:04.556286 732747 Sensor.h:87] Deconstructing Sensor
I1008 15:43:04.556406 732747 Sensor.h:87] Deconstructing Sensor
I1008 15:43:04.556529 732747 Sensor.h:87] Deconstructing Sensor
I1008 15:43:04.556653 732747 Sensor.h:87] Deconstructing Sensor
I1008 15:43:04.556773 732747 Sensor.h:87] Deconstructing Sensor
I1008 15:43:04.556891 732747 Sensor.h:87] Deconstructing Sensor
I1008 15:43:04.557015 732747 Sensor.h:87] Deconstructing Sensor
I1008 15:43:04.557090 732747 Sensor.h:87] Deconstructing Sensor
I1008 15:43:04.559890 732747 Renderer.cpp:34] Deconstructing Renderer
I1008 15:43:04.559899 732747 WindowlessContext.h:17] Deconstructing WindowlessContext
I1008 15:43:04.563282 732747 MetadataMediator.cpp:56] MetadataMediator::setActiveSceneDatasetName : Old active dataset default changed to default successfully.
I1008 15:43:04.563669 732747 AttributesManagerBase.h:283] AttributesManager<T>::createFromJsonOrDefaultInternal  (Physics Manager) : Proposing JSON name : ./data/default.physics_config.json from original name : ./data/default.physics_config.json | This file  does not exist.
I1008 15:43:04.563692 732747 PhysicsAttributesManager.cpp:27] File (./data/default.physics_config.json) not found, so new default physics manager attributes created and registered.
I1008 15:43:04.563697 732747 AbstractObjectAttributesManagerBase.h:175] AbstractObjectAttributesManager<T>::createObject  (Stage) : Making attributes with handle : data/scene_datasets/mp3d/ur6pFq6Qu1A/ur6pFq6Qu1A.glb
I1008 15:43:04.563700 732747 ManagedContainerBase.cpp:19] ManagedContainerBase::convertFilenameToJSON : Filename : data/scene_datasets/mp3d/ur6pFq6Qu1A/ur6pFq6Qu1A.glb changed to proposed JSON configuration filename : data/scene_datasets/mp3d/ur6pFq6Qu1A/ur6pFq6Qu1A.stage_config.json
I1008 15:43:04.563716 732747 AttributesManagerBase.h:283] AttributesManager<T>::createFromJsonOrDefaultInternal  (Stage) : Proposing JSON name : data/scene_datasets/mp3d/ur6pFq6Qu1A/ur6pFq6Qu1A.stage_config.json from original name : data/scene_datasets/mp3d/ur6pFq6Qu1A/ur6pFq6Qu1A.glb | This file  does not exist.
I1008 15:43:04.563753 732747 AbstractObjectAttributesManagerBase.h:181] AbstractObjectAttributesManager<T>::createObject  (Stage) : Done making attributes with handle : data/scene_datasets/mp3d/ur6pFq6Qu1A/ur6pFq6Qu1A.glb
I1008 15:43:04.563755 732747 AbstractObjectAttributesManagerBase.h:188] File (data/scene_datasets/mp3d/ur6pFq6Qu1A/ur6pFq6Qu1A.glb) exists but is not a recognized config filename extension, so new default Stage attributes created and registered.
I1008 15:43:04.563757 732747 Simulator.cpp:156] Loading navmesh from data/scene_datasets/mp3d/ur6pFq6Qu1A/ur6pFq6Qu1A.navmesh
I1008 15:43:04.563941 732747 Simulator.cpp:158] Loaded.
I1008 15:43:04.563946 732747 SceneGraph.h:93] Created DrawableGroup: 
I1008 15:43:04.567113 732747 ResourceManager.cpp:234] ResourceManager::loadStage : Not loading semantic mesh
I1008 15:43:04.567119 732747 ResourceManager.cpp:262] ResourceManager::loadStage : start load render asset data/scene_datasets/mp3d/ur6pFq6Qu1A/ur6pFq6Qu1A.glb.
I1008 15:43:04.567121 732747 ResourceManager.cpp:569] ResourceManager::loadStageInternal : Attempting to load stage data/scene_datasets/mp3d/ur6pFq6Qu1A/ur6pFq6Qu1A.glb 
I1008 15:43:04.567134 732747 ResourceManager.cpp:1119] Importing Basis files as BC7 for ur6pFq6Qu1A.glb
W1008 15:43:06.711133 732747 Simulator.cpp:248] :
---
 The active scene does not contain semantic annotations. 
---
I1008 15:43:06.761830 732747 simulator.py:213] Loaded navmesh data/scene_datasets/mp3d/ur6pFq6Qu1A/ur6pFq6Qu1A.navmesh
I1008 15:43:07.380977 732747 PhysicsManager.cpp:33] Deconstructing PhysicsManager
I1008 15:43:07.380996 732747 SemanticScene.h:41] Deconstructing SemanticScene
I1008 15:43:07.383392 732747 SceneManager.h:25] Deconstructing SceneManager
I1008 15:43:07.383399 732747 SceneGraph.h:26] Deconstructing SceneGraph
I1008 15:43:07.383803 732747 Sensor.h:87] Deconstructing Sensor
I1008 15:43:07.384083 732747 Sensor.h:87] Deconstructing Sensor
I1008 15:43:07.384186 732747 Sensor.h:87] Deconstructing Sensor
I1008 15:43:07.384296 732747 Sensor.h:87] Deconstructing Sensor
I1008 15:43:07.384397 732747 Sensor.h:87] Deconstructing Sensor
I1008 15:43:07.384496 732747 Sensor.h:87] Deconstructing Sensor
I1008 15:43:07.384599 732747 Sensor.h:87] Deconstructing Sensor
I1008 15:43:07.384699 732747 Sensor.h:87] Deconstructing Sensor
I1008 15:43:07.384805 732747 Sensor.h:87] Deconstructing Sensor
I1008 15:43:07.384904 732747 Sensor.h:87] Deconstructing Sensor
I1008 15:43:07.385000 732747 Sensor.h:87] Deconstructing Sensor
I1008 15:43:07.385109 732747 Sensor.h:87] Deconstructing Sensor
I1008 15:43:07.385207 732747 Sensor.h:87] Deconstructing Sensor
I1008 15:43:07.385329 732747 Sensor.h:87] Deconstructing Sensor
I1008 15:43:07.385455 732747 Sensor.h:87] Deconstructing Sensor
I1008 15:43:07.385586 732747 Sensor.h:87] Deconstructing Sensor
I1008 15:43:07.385710 732747 Sensor.h:87] Deconstructing Sensor
I1008 15:43:07.385830 732747 Sensor.h:87] Deconstructing Sensor
I1008 15:43:07.385955 732747 Sensor.h:87] Deconstructing Sensor
I1008 15:43:07.386080 732747 Sensor.h:87] Deconstructing Sensor
I1008 15:43:07.386201 732747 Sensor.h:87] Deconstructing Sensor
I1008 15:43:07.386322 732747 Sensor.h:87] Deconstructing Sensor
I1008 15:43:07.386451 732747 Sensor.h:87] Deconstructing Sensor
I1008 15:43:07.386543 732747 Sensor.h:87] Deconstructing Sensor
I1008 15:43:07.390522 732747 Renderer.cpp:34] Deconstructing Renderer
I1008 15:43:07.390537 732747 WindowlessContext.h:17] Deconstructing WindowlessContext
I1008 15:43:07.395773 732747 MetadataMediator.cpp:56] MetadataMediator::setActiveSceneDatasetName : Old active dataset default changed to default successfully.
I1008 15:43:07.396430 732747 AttributesManagerBase.h:283] AttributesManager<T>::createFromJsonOrDefaultInternal  (Physics Manager) : Proposing JSON name : ./data/default.physics_config.json from original name : ./data/default.physics_config.json | This file  does not exist.
I1008 15:43:07.396456 732747 PhysicsAttributesManager.cpp:27] File (./data/default.physics_config.json) not found, so new default physics manager attributes created and registered.
I1008 15:43:07.396461 732747 AbstractObjectAttributesManagerBase.h:175] AbstractObjectAttributesManager<T>::createObject  (Stage) : Making attributes with handle : data/scene_datasets/mp3d/PX4nDJXEHrG/PX4nDJXEHrG.glb
I1008 15:43:07.396464 732747 ManagedContainerBase.cpp:19] ManagedContainerBase::convertFilenameToJSON : Filename : data/scene_datasets/mp3d/PX4nDJXEHrG/PX4nDJXEHrG.glb changed to proposed JSON configuration filename : data/scene_datasets/mp3d/PX4nDJXEHrG/PX4nDJXEHrG.stage_config.json
I1008 15:43:07.396481 732747 AttributesManagerBase.h:283] AttributesManager<T>::createFromJsonOrDefaultInternal  (Stage) : Proposing JSON name : data/scene_datasets/mp3d/PX4nDJXEHrG/PX4nDJXEHrG.stage_config.json from original name : data/scene_datasets/mp3d/PX4nDJXEHrG/PX4nDJXEHrG.glb | This file  does not exist.
I1008 15:43:07.396520 732747 AbstractObjectAttributesManagerBase.h:181] AbstractObjectAttributesManager<T>::createObject  (Stage) : Done making attributes with handle : data/scene_datasets/mp3d/PX4nDJXEHrG/PX4nDJXEHrG.glb
I1008 15:43:07.396522 732747 AbstractObjectAttributesManagerBase.h:188] File (data/scene_datasets/mp3d/PX4nDJXEHrG/PX4nDJXEHrG.glb) exists but is not a recognized config filename extension, so new default Stage attributes created and registered.
I1008 15:43:07.396525 732747 Simulator.cpp:156] Loading navmesh from data/scene_datasets/mp3d/PX4nDJXEHrG/PX4nDJXEHrG.navmesh
I1008 15:43:07.396909 732747 Simulator.cpp:158] Loaded.
I1008 15:43:07.396917 732747 SceneGraph.h:93] Created DrawableGroup: 
I1008 15:43:07.400301 732747 ResourceManager.cpp:234] ResourceManager::loadStage : Not loading semantic mesh
I1008 15:43:07.400311 732747 ResourceManager.cpp:262] ResourceManager::loadStage : start load render asset data/scene_datasets/mp3d/PX4nDJXEHrG/PX4nDJXEHrG.glb.
I1008 15:43:07.400417 732747 ResourceManager.cpp:569] ResourceManager::loadStageInternal : Attempting to load stage data/scene_datasets/mp3d/PX4nDJXEHrG/PX4nDJXEHrG.glb 
I1008 15:43:07.400440 732747 ResourceManager.cpp:1119] Importing Basis files as BC7 for PX4nDJXEHrG.glb
W1008 15:43:09.993953 732747 Simulator.cpp:248] :
---
 The active scene does not contain semantic annotations. 
---
I1008 15:43:10.083423 732747 simulator.py:213] Loaded navmesh data/scene_datasets/mp3d/PX4nDJXEHrG/PX4nDJXEHrG.navmesh
I1008 15:43:11.011691 732747 PhysicsManager.cpp:33] Deconstructing PhysicsManager
I1008 15:43:11.011720 732747 SemanticScene.h:41] Deconstructing SemanticScene
I1008 15:43:11.018754 732747 SceneManager.h:25] Deconstructing SceneManager
I1008 15:43:11.018774 732747 SceneGraph.h:26] Deconstructing SceneGraph
I1008 15:43:11.019295 732747 Sensor.h:87] Deconstructing Sensor
I1008 15:43:11.019819 732747 Sensor.h:87] Deconstructing Sensor
I1008 15:43:11.019951 732747 Sensor.h:87] Deconstructing Sensor
I1008 15:43:11.020080 732747 Sensor.h:87] Deconstructing Sensor
I1008 15:43:11.020200 732747 Sensor.h:87] Deconstructing Sensor
I1008 15:43:11.020319 732747 Sensor.h:87] Deconstructing Sensor
I1008 15:43:11.020447 732747 Sensor.h:87] Deconstructing Sensor
I1008 15:43:11.020566 732747 Sensor.h:87] Deconstructing Sensor
I1008 15:43:11.020699 732747 Sensor.h:87] Deconstructing Sensor
I1008 15:43:11.020828 732747 Sensor.h:87] Deconstructing Sensor
I1008 15:43:11.020949 732747 Sensor.h:87] Deconstructing Sensor
I1008 15:43:11.021076 732747 Sensor.h:87] Deconstructing Sensor
I1008 15:43:11.021194 732747 Sensor.h:87] Deconstructing Sensor
I1008 15:43:11.021358 732747 Sensor.h:87] Deconstructing Sensor
I1008 15:43:11.021509 732747 Sensor.h:87] Deconstructing Sensor
I1008 15:43:11.021658 732747 Sensor.h:87] Deconstructing Sensor
I1008 15:43:11.021822 732747 Sensor.h:87] Deconstructing Sensor
I1008 15:43:11.021975 732747 Sensor.h:87] Deconstructing Sensor
I1008 15:43:11.022125 732747 Sensor.h:87] Deconstructing Sensor
I1008 15:43:11.022277 732747 Sensor.h:87] Deconstructing Sensor
I1008 15:43:11.022423 732747 Sensor.h:87] Deconstructing Sensor
I1008 15:43:11.022569 732747 Sensor.h:87] Deconstructing Sensor
I1008 15:43:11.022727 732747 Sensor.h:87] Deconstructing Sensor
I1008 15:43:11.022828 732747 Sensor.h:87] Deconstructing Sensor
I1008 15:43:11.030118 732747 Renderer.cpp:34] Deconstructing Renderer
I1008 15:43:11.030151 732747 WindowlessContext.h:17] Deconstructing WindowlessContext
I1008 15:43:11.037338 732747 MetadataMediator.cpp:56] MetadataMediator::setActiveSceneDatasetName : Old active dataset default changed to default successfully.
I1008 15:43:11.038672 732747 AttributesManagerBase.h:283] AttributesManager<T>::createFromJsonOrDefaultInternal  (Physics Manager) : Proposing JSON name : ./data/default.physics_config.json from original name : ./data/default.physics_config.json | This file  does not exist.
I1008 15:43:11.038710 732747 PhysicsAttributesManager.cpp:27] File (./data/default.physics_config.json) not found, so new default physics manager attributes created and registered.
I1008 15:43:11.038717 732747 AbstractObjectAttributesManagerBase.h:175] AbstractObjectAttributesManager<T>::createObject  (Stage) : Making attributes with handle : data/scene_datasets/mp3d/D7N2EKCX4Sj/D7N2EKCX4Sj.glb
I1008 15:43:11.038720 732747 ManagedContainerBase.cpp:19] ManagedContainerBase::convertFilenameToJSON : Filename : data/scene_datasets/mp3d/D7N2EKCX4Sj/D7N2EKCX4Sj.glb changed to proposed JSON configuration filename : data/scene_datasets/mp3d/D7N2EKCX4Sj/D7N2EKCX4Sj.stage_config.json
I1008 15:43:11.038736 732747 AttributesManagerBase.h:283] AttributesManager<T>::createFromJsonOrDefaultInternal  (Stage) : Proposing JSON name : data/scene_datasets/mp3d/D7N2EKCX4Sj/D7N2EKCX4Sj.stage_config.json from original name : data/scene_datasets/mp3d/D7N2EKCX4Sj/D7N2EKCX4Sj.glb | This file  does not exist.
I1008 15:43:11.038786 732747 AbstractObjectAttributesManagerBase.h:181] AbstractObjectAttributesManager<T>::createObject  (Stage) : Done making attributes with handle : data/scene_datasets/mp3d/D7N2EKCX4Sj/D7N2EKCX4Sj.glb
I1008 15:43:11.038789 732747 AbstractObjectAttributesManagerBase.h:188] File (data/scene_datasets/mp3d/D7N2EKCX4Sj/D7N2EKCX4Sj.glb) exists but is not a recognized config filename extension, so new default Stage attributes created and registered.
I1008 15:43:11.038793 732747 Simulator.cpp:156] Loading navmesh from data/scene_datasets/mp3d/D7N2EKCX4Sj/D7N2EKCX4Sj.navmesh
I1008 15:43:11.039188 732747 Simulator.cpp:158] Loaded.
I1008 15:43:11.039199 732747 SceneGraph.h:93] Created DrawableGroup: 
I1008 15:43:11.043165 732747 ResourceManager.cpp:234] ResourceManager::loadStage : Not loading semantic mesh
I1008 15:43:11.043186 732747 ResourceManager.cpp:262] ResourceManager::loadStage : start load render asset data/scene_datasets/mp3d/D7N2EKCX4Sj/D7N2EKCX4Sj.glb.
I1008 15:43:11.043188 732747 ResourceManager.cpp:569] ResourceManager::loadStageInternal : Attempting to load stage data/scene_datasets/mp3d/D7N2EKCX4Sj/D7N2EKCX4Sj.glb 
I1008 15:43:11.043210 732747 ResourceManager.cpp:1119] Importing Basis files as BC7 for D7N2EKCX4Sj.glb
W1008 15:43:15.099877 732747 Simulator.cpp:248] :
---
 The active scene does not contain semantic annotations. 
---
I1008 15:43:15.215900 732747 simulator.py:213] Loaded navmesh data/scene_datasets/mp3d/D7N2EKCX4Sj/D7N2EKCX4Sj.navmesh
I1008 15:43:15.716337 732747 PhysicsManager.cpp:33] Deconstructing PhysicsManager
I1008 15:43:15.716359 732747 SemanticScene.h:41] Deconstructing SemanticScene
I1008 15:43:15.721488 732747 SceneManager.h:25] Deconstructing SceneManager
I1008 15:43:15.721499 732747 SceneGraph.h:26] Deconstructing SceneGraph
I1008 15:43:15.721966 732747 Sensor.h:87] Deconstructing Sensor
I1008 15:43:15.722339 732747 Sensor.h:87] Deconstructing Sensor
I1008 15:43:15.722441 732747 Sensor.h:87] Deconstructing Sensor
I1008 15:43:15.722545 732747 Sensor.h:87] Deconstructing Sensor
I1008 15:43:15.722645 732747 Sensor.h:87] Deconstructing Sensor
I1008 15:43:15.722746 732747 Sensor.h:87] Deconstructing Sensor
I1008 15:43:15.722847 732747 Sensor.h:87] Deconstructing Sensor
I1008 15:43:15.722942 732747 Sensor.h:87] Deconstructing Sensor
I1008 15:43:15.723042 732747 Sensor.h:87] Deconstructing Sensor
I1008 15:43:15.723138 732747 Sensor.h:87] Deconstructing Sensor
I1008 15:43:15.723233 732747 Sensor.h:87] Deconstructing Sensor
I1008 15:43:15.723335 732747 Sensor.h:87] Deconstructing Sensor
I1008 15:43:15.723433 732747 Sensor.h:87] Deconstructing Sensor
I1008 15:43:15.723557 732747 Sensor.h:87] Deconstructing Sensor
I1008 15:43:15.723685 732747 Sensor.h:87] Deconstructing Sensor
I1008 15:43:15.723811 732747 Sensor.h:87] Deconstructing Sensor
I1008 15:43:15.723933 732747 Sensor.h:87] Deconstructing Sensor
I1008 15:43:15.724054 732747 Sensor.h:87] Deconstructing Sensor
I1008 15:43:15.724175 732747 Sensor.h:87] Deconstructing Sensor
I1008 15:43:15.724298 732747 Sensor.h:87] Deconstructing Sensor
I1008 15:43:15.724417 732747 Sensor.h:87] Deconstructing Sensor
I1008 15:43:15.724546 732747 Sensor.h:87] Deconstructing Sensor
I1008 15:43:15.724671 732747 Sensor.h:87] Deconstructing Sensor
I1008 15:43:15.724749 732747 Sensor.h:87] Deconstructing Sensor
I1008 15:43:15.731673 732747 Renderer.cpp:34] Deconstructing Renderer
I1008 15:43:15.731694 732747 WindowlessContext.h:17] Deconstructing WindowlessContext
I1008 15:43:15.740314 732747 MetadataMediator.cpp:56] MetadataMediator::setActiveSceneDatasetName : Old active dataset default changed to default successfully.
I1008 15:43:15.741446 732747 AttributesManagerBase.h:283] AttributesManager<T>::createFromJsonOrDefaultInternal  (Physics Manager) : Proposing JSON name : ./data/default.physics_config.json from original name : ./data/default.physics_config.json | This file  does not exist.
I1008 15:43:15.741474 732747 PhysicsAttributesManager.cpp:27] File (./data/default.physics_config.json) not found, so new default physics manager attributes created and registered.
I1008 15:43:15.741479 732747 AbstractObjectAttributesManagerBase.h:175] AbstractObjectAttributesManager<T>::createObject  (Stage) : Making attributes with handle : data/scene_datasets/mp3d/ur6pFq6Qu1A/ur6pFq6Qu1A.glb
I1008 15:43:15.741483 732747 ManagedContainerBase.cpp:19] ManagedContainerBase::convertFilenameToJSON : Filename : data/scene_datasets/mp3d/ur6pFq6Qu1A/ur6pFq6Qu1A.glb changed to proposed JSON configuration filename : data/scene_datasets/mp3d/ur6pFq6Qu1A/ur6pFq6Qu1A.stage_config.json
I1008 15:43:15.741498 732747 AttributesManagerBase.h:283] AttributesManager<T>::createFromJsonOrDefaultInternal  (Stage) : Proposing JSON name : data/scene_datasets/mp3d/ur6pFq6Qu1A/ur6pFq6Qu1A.stage_config.json from original name : data/scene_datasets/mp3d/ur6pFq6Qu1A/ur6pFq6Qu1A.glb | This file  does not exist.
I1008 15:43:15.741547 732747 AbstractObjectAttributesManagerBase.h:181] AbstractObjectAttributesManager<T>::createObject  (Stage) : Done making attributes with handle : data/scene_datasets/mp3d/ur6pFq6Qu1A/ur6pFq6Qu1A.glb
I1008 15:43:15.741549 732747 AbstractObjectAttributesManagerBase.h:188] File (data/scene_datasets/mp3d/ur6pFq6Qu1A/ur6pFq6Qu1A.glb) exists but is not a recognized config filename extension, so new default Stage attributes created and registered.
I1008 15:43:15.741551 732747 Simulator.cpp:156] Loading navmesh from data/scene_datasets/mp3d/ur6pFq6Qu1A/ur6pFq6Qu1A.navmesh
I1008 15:43:15.741763 732747 Simulator.cpp:158] Loaded.
I1008 15:43:15.741770 732747 SceneGraph.h:93] Created DrawableGroup: 
I1008 15:43:15.745081 732747 ResourceManager.cpp:234] ResourceManager::loadStage : Not loading semantic mesh
I1008 15:43:15.745087 732747 ResourceManager.cpp:262] ResourceManager::loadStage : start load render asset data/scene_datasets/mp3d/ur6pFq6Qu1A/ur6pFq6Qu1A.glb.
I1008 15:43:15.745090 732747 ResourceManager.cpp:569] ResourceManager::loadStageInternal : Attempting to load stage data/scene_datasets/mp3d/ur6pFq6Qu1A/ur6pFq6Qu1A.glb 
I1008 15:43:15.745102 732747 ResourceManager.cpp:1119] Importing Basis files as BC7 for ur6pFq6Qu1A.glb
W1008 15:43:17.905751 732747 Simulator.cpp:248] :
---
 The active scene does not contain semantic annotations. 
---
I1008 15:43:17.960182 732747 simulator.py:213] Loaded navmesh data/scene_datasets/mp3d/ur6pFq6Qu1A/ur6pFq6Qu1A.navmesh
I1008 15:43:18.339372 732747 PhysicsManager.cpp:33] Deconstructing PhysicsManager
I1008 15:43:18.339401 732747 SemanticScene.h:41] Deconstructing SemanticScene
I1008 15:43:18.344201 732747 SceneManager.h:25] Deconstructing SceneManager
I1008 15:43:18.344224 732747 SceneGraph.h:26] Deconstructing SceneGraph
I1008 15:43:18.344643 732747 Sensor.h:87] Deconstructing Sensor
I1008 15:43:18.344981 732747 Sensor.h:87] Deconstructing Sensor
I1008 15:43:18.345089 732747 Sensor.h:87] Deconstructing Sensor
I1008 15:43:18.345196 732747 Sensor.h:87] Deconstructing Sensor
I1008 15:43:18.345297 732747 Sensor.h:87] Deconstructing Sensor
I1008 15:43:18.345397 732747 Sensor.h:87] Deconstructing Sensor
I1008 15:43:18.345501 732747 Sensor.h:87] Deconstructing Sensor
I1008 15:43:18.345598 732747 Sensor.h:87] Deconstructing Sensor
I1008 15:43:18.345705 732747 Sensor.h:87] Deconstructing Sensor
I1008 15:43:18.345803 732747 Sensor.h:87] Deconstructing Sensor
I1008 15:43:18.345901 732747 Sensor.h:87] Deconstructing Sensor
I1008 15:43:18.345999 732747 Sensor.h:87] Deconstructing Sensor
I1008 15:43:18.346096 732747 Sensor.h:87] Deconstructing Sensor
I1008 15:43:18.346217 732747 Sensor.h:87] Deconstructing Sensor
I1008 15:43:18.346343 732747 Sensor.h:87] Deconstructing Sensor
I1008 15:43:18.346460 732747 Sensor.h:87] Deconstructing Sensor
I1008 15:43:18.346585 732747 Sensor.h:87] Deconstructing Sensor
I1008 15:43:18.346712 732747 Sensor.h:87] Deconstructing Sensor
I1008 15:43:18.346839 732747 Sensor.h:87] Deconstructing Sensor
I1008 15:43:18.346962 732747 Sensor.h:87] Deconstructing Sensor
I1008 15:43:18.347101 732747 Sensor.h:87] Deconstructing Sensor
I1008 15:43:18.347223 732747 Sensor.h:87] Deconstructing Sensor
I1008 15:43:18.347347 732747 Sensor.h:87] Deconstructing Sensor
I1008 15:43:18.347445 732747 Sensor.h:87] Deconstructing Sensor
I1008 15:43:18.351790 732747 Renderer.cpp:34] Deconstructing Renderer
I1008 15:43:18.351805 732747 WindowlessContext.h:17] Deconstructing WindowlessContext
I1008 15:43:18.357172 732747 MetadataMediator.cpp:56] MetadataMediator::setActiveSceneDatasetName : Old active dataset default changed to default successfully.
I1008 15:43:18.358035 732747 AttributesManagerBase.h:283] AttributesManager<T>::createFromJsonOrDefaultInternal  (Physics Manager) : Proposing JSON name : ./data/default.physics_config.json from original name : ./data/default.physics_config.json | This file  does not exist.
I1008 15:43:18.358063 732747 PhysicsAttributesManager.cpp:27] File (./data/default.physics_config.json) not found, so new default physics manager attributes created and registered.
I1008 15:43:18.358078 732747 AbstractObjectAttributesManagerBase.h:175] AbstractObjectAttributesManager<T>::createObject  (Stage) : Making attributes with handle : data/scene_datasets/mp3d/ZMojNkEp431/ZMojNkEp431.glb
I1008 15:43:18.358080 732747 ManagedContainerBase.cpp:19] ManagedContainerBase::convertFilenameToJSON : Filename : data/scene_datasets/mp3d/ZMojNkEp431/ZMojNkEp431.glb changed to proposed JSON configuration filename : data/scene_datasets/mp3d/ZMojNkEp431/ZMojNkEp431.stage_config.json
I1008 15:43:18.358095 732747 AttributesManagerBase.h:283] AttributesManager<T>::createFromJsonOrDefaultInternal  (Stage) : Proposing JSON name : data/scene_datasets/mp3d/ZMojNkEp431/ZMojNkEp431.stage_config.json from original name : data/scene_datasets/mp3d/ZMojNkEp431/ZMojNkEp431.glb | This file  does not exist.
I1008 15:43:18.358139 732747 AbstractObjectAttributesManagerBase.h:181] AbstractObjectAttributesManager<T>::createObject  (Stage) : Done making attributes with handle : data/scene_datasets/mp3d/ZMojNkEp431/ZMojNkEp431.glb
I1008 15:43:18.358140 732747 AbstractObjectAttributesManagerBase.h:188] File (data/scene_datasets/mp3d/ZMojNkEp431/ZMojNkEp431.glb) exists but is not a recognized config filename extension, so new default Stage attributes created and registered.
I1008 15:43:18.358143 732747 Simulator.cpp:156] Loading navmesh from data/scene_datasets/mp3d/ZMojNkEp431/ZMojNkEp431.navmesh
I1008 15:43:18.358285 732747 Simulator.cpp:158] Loaded.
I1008 15:43:18.358290 732747 SceneGraph.h:93] Created DrawableGroup: 
I1008 15:43:18.361516 732747 ResourceManager.cpp:234] ResourceManager::loadStage : Not loading semantic mesh
I1008 15:43:18.361523 732747 ResourceManager.cpp:262] ResourceManager::loadStage : start load render asset data/scene_datasets/mp3d/ZMojNkEp431/ZMojNkEp431.glb.
I1008 15:43:18.361524 732747 ResourceManager.cpp:569] ResourceManager::loadStageInternal : Attempting to load stage data/scene_datasets/mp3d/ZMojNkEp431/ZMojNkEp431.glb 
I1008 15:43:18.361539 732747 ResourceManager.cpp:1119] Importing Basis files as BC7 for ZMojNkEp431.glb
W1008 15:43:19.658084 732747 Simulator.cpp:248] :
---
 The active scene does not contain semantic annotations. 
---
I1008 15:43:19.697560 732747 simulator.py:213] Loaded navmesh data/scene_datasets/mp3d/ZMojNkEp431/ZMojNkEp431.navmesh
I1008 15:43:20.356863 732747 PhysicsManager.cpp:33] Deconstructing PhysicsManager
I1008 15:43:20.356885 732747 SemanticScene.h:41] Deconstructing SemanticScene
I1008 15:43:20.358738 732747 SceneManager.h:25] Deconstructing SceneManager
I1008 15:43:20.358742 732747 SceneGraph.h:26] Deconstructing SceneGraph
I1008 15:43:20.359062 732747 Sensor.h:87] Deconstructing Sensor
I1008 15:43:20.359331 732747 Sensor.h:87] Deconstructing Sensor
I1008 15:43:20.359432 732747 Sensor.h:87] Deconstructing Sensor
I1008 15:43:20.359539 732747 Sensor.h:87] Deconstructing Sensor
I1008 15:43:20.359673 732747 Sensor.h:87] Deconstructing Sensor
I1008 15:43:20.359772 732747 Sensor.h:87] Deconstructing Sensor
I1008 15:43:20.359876 732747 Sensor.h:87] Deconstructing Sensor
I1008 15:43:20.359972 732747 Sensor.h:87] Deconstructing Sensor
I1008 15:43:20.360073 732747 Sensor.h:87] Deconstructing Sensor
I1008 15:43:20.360172 732747 Sensor.h:87] Deconstructing Sensor
I1008 15:43:20.360266 732747 Sensor.h:87] Deconstructing Sensor
I1008 15:43:20.360368 732747 Sensor.h:87] Deconstructing Sensor
I1008 15:43:20.360463 732747 Sensor.h:87] Deconstructing Sensor
I1008 15:43:20.360584 732747 Sensor.h:87] Deconstructing Sensor
I1008 15:43:20.360713 732747 Sensor.h:87] Deconstructing Sensor
I1008 15:43:20.360829 732747 Sensor.h:87] Deconstructing Sensor
I1008 15:43:20.360951 732747 Sensor.h:87] Deconstructing Sensor
I1008 15:43:20.361073 732747 Sensor.h:87] Deconstructing Sensor
I1008 15:43:20.361191 732747 Sensor.h:87] Deconstructing Sensor
I1008 15:43:20.361311 732747 Sensor.h:87] Deconstructing Sensor
I1008 15:43:20.361428 732747 Sensor.h:87] Deconstructing Sensor
I1008 15:43:20.361542 732747 Sensor.h:87] Deconstructing Sensor
I1008 15:43:20.361680 732747 Sensor.h:87] Deconstructing Sensor
I1008 15:43:20.361763 732747 Sensor.h:87] Deconstructing Sensor
I1008 15:43:20.364610 732747 Renderer.cpp:34] Deconstructing Renderer
I1008 15:43:20.364616 732747 WindowlessContext.h:17] Deconstructing WindowlessContext
I1008 15:43:20.367765 732747 MetadataMediator.cpp:56] MetadataMediator::setActiveSceneDatasetName : Old active dataset default changed to default successfully.
I1008 15:43:20.368393 732747 AttributesManagerBase.h:283] AttributesManager<T>::createFromJsonOrDefaultInternal  (Physics Manager) : Proposing JSON name : ./data/default.physics_config.json from original name : ./data/default.physics_config.json | This file  does not exist.
I1008 15:43:20.368417 732747 PhysicsAttributesManager.cpp:27] File (./data/default.physics_config.json) not found, so new default physics manager attributes created and registered.
I1008 15:43:20.368422 732747 AbstractObjectAttributesManagerBase.h:175] AbstractObjectAttributesManager<T>::createObject  (Stage) : Making attributes with handle : data/scene_datasets/mp3d/PX4nDJXEHrG/PX4nDJXEHrG.glb
I1008 15:43:20.368426 732747 ManagedContainerBase.cpp:19] ManagedContainerBase::convertFilenameToJSON : Filename : data/scene_datasets/mp3d/PX4nDJXEHrG/PX4nDJXEHrG.glb changed to proposed JSON configuration filename : data/scene_datasets/mp3d/PX4nDJXEHrG/PX4nDJXEHrG.stage_config.json
I1008 15:43:20.368443 732747 AttributesManagerBase.h:283] AttributesManager<T>::createFromJsonOrDefaultInternal  (Stage) : Proposing JSON name : data/scene_datasets/mp3d/PX4nDJXEHrG/PX4nDJXEHrG.stage_config.json from original name : data/scene_datasets/mp3d/PX4nDJXEHrG/PX4nDJXEHrG.glb | This file  does not exist.
I1008 15:43:20.368485 732747 AbstractObjectAttributesManagerBase.h:181] AbstractObjectAttributesManager<T>::createObject  (Stage) : Done making attributes with handle : data/scene_datasets/mp3d/PX4nDJXEHrG/PX4nDJXEHrG.glb
I1008 15:43:20.368486 732747 AbstractObjectAttributesManagerBase.h:188] File (data/scene_datasets/mp3d/PX4nDJXEHrG/PX4nDJXEHrG.glb) exists but is not a recognized config filename extension, so new default Stage attributes created and registered.
I1008 15:43:20.368489 732747 Simulator.cpp:156] Loading navmesh from data/scene_datasets/mp3d/PX4nDJXEHrG/PX4nDJXEHrG.navmesh
I1008 15:43:20.368746 732747 Simulator.cpp:158] Loaded.
I1008 15:43:20.368754 732747 SceneGraph.h:93] Created DrawableGroup: 
I1008 15:43:20.371969 732747 ResourceManager.cpp:234] ResourceManager::loadStage : Not loading semantic mesh
I1008 15:43:20.371975 732747 ResourceManager.cpp:262] ResourceManager::loadStage : start load render asset data/scene_datasets/mp3d/PX4nDJXEHrG/PX4nDJXEHrG.glb.
I1008 15:43:20.371976 732747 ResourceManager.cpp:569] ResourceManager::loadStageInternal : Attempting to load stage data/scene_datasets/mp3d/PX4nDJXEHrG/PX4nDJXEHrG.glb 
I1008 15:43:20.371994 732747 ResourceManager.cpp:1119] Importing Basis files as BC7 for PX4nDJXEHrG.glb
W1008 15:43:22.815735 732747 Simulator.cpp:248] :
---
 The active scene does not contain semantic annotations. 
---
I1008 15:43:22.900785 732747 simulator.py:213] Loaded navmesh data/scene_datasets/mp3d/PX4nDJXEHrG/PX4nDJXEHrG.navmesh
I1008 15:43:23.466334 732747 PhysicsManager.cpp:33] Deconstructing PhysicsManager
I1008 15:43:23.466356 732747 SemanticScene.h:41] Deconstructing SemanticScene
I1008 15:43:23.473587 732747 SceneManager.h:25] Deconstructing SceneManager
I1008 15:43:23.473608 732747 SceneGraph.h:26] Deconstructing SceneGraph
I1008 15:43:23.474049 732747 Sensor.h:87] Deconstructing Sensor
I1008 15:43:23.474431 732747 Sensor.h:87] Deconstructing Sensor
I1008 15:43:23.474537 732747 Sensor.h:87] Deconstructing Sensor
I1008 15:43:23.474648 732747 Sensor.h:87] Deconstructing Sensor
I1008 15:43:23.474754 732747 Sensor.h:87] Deconstructing Sensor
I1008 15:43:23.474853 732747 Sensor.h:87] Deconstructing Sensor
I1008 15:43:23.474958 732747 Sensor.h:87] Deconstructing Sensor
I1008 15:43:23.475055 732747 Sensor.h:87] Deconstructing Sensor
I1008 15:43:23.475157 732747 Sensor.h:87] Deconstructing Sensor
I1008 15:43:23.475263 732747 Sensor.h:87] Deconstructing Sensor
I1008 15:43:23.475360 732747 Sensor.h:87] Deconstructing Sensor
I1008 15:43:23.475461 732747 Sensor.h:87] Deconstructing Sensor
I1008 15:43:23.475556 732747 Sensor.h:87] Deconstructing Sensor
I1008 15:43:23.475682 732747 Sensor.h:87] Deconstructing Sensor
I1008 15:43:23.475808 732747 Sensor.h:87] Deconstructing Sensor
I1008 15:43:23.475929 732747 Sensor.h:87] Deconstructing Sensor
I1008 15:43:23.476053 732747 Sensor.h:87] Deconstructing Sensor
I1008 15:43:23.476172 732747 Sensor.h:87] Deconstructing Sensor
I1008 15:43:23.476290 732747 Sensor.h:87] Deconstructing Sensor
I1008 15:43:23.476423 732747 Sensor.h:87] Deconstructing Sensor
I1008 15:43:23.476547 732747 Sensor.h:87] Deconstructing Sensor
I1008 15:43:23.476667 732747 Sensor.h:87] Deconstructing Sensor
I1008 15:43:23.476797 732747 Sensor.h:87] Deconstructing Sensor
I1008 15:43:23.476899 732747 Sensor.h:87] Deconstructing Sensor
I1008 15:43:23.481997 732747 Renderer.cpp:34] Deconstructing Renderer
I1008 15:43:23.482010 732747 WindowlessContext.h:17] Deconstructing WindowlessContext
I1008 15:43:23.487691 732747 MetadataMediator.cpp:56] MetadataMediator::setActiveSceneDatasetName : Old active dataset default changed to default successfully.
I1008 15:43:23.488327 732747 AttributesManagerBase.h:283] AttributesManager<T>::createFromJsonOrDefaultInternal  (Physics Manager) : Proposing JSON name : ./data/default.physics_config.json from original name : ./data/default.physics_config.json | This file  does not exist.
I1008 15:43:23.488349 732747 PhysicsAttributesManager.cpp:27] File (./data/default.physics_config.json) not found, so new default physics manager attributes created and registered.
I1008 15:43:23.488353 732747 AbstractObjectAttributesManagerBase.h:175] AbstractObjectAttributesManager<T>::createObject  (Stage) : Making attributes with handle : data/scene_datasets/mp3d/JmbYfDe2QKZ/JmbYfDe2QKZ.glb
I1008 15:43:23.488356 732747 ManagedContainerBase.cpp:19] ManagedContainerBase::convertFilenameToJSON : Filename : data/scene_datasets/mp3d/JmbYfDe2QKZ/JmbYfDe2QKZ.glb changed to proposed JSON configuration filename : data/scene_datasets/mp3d/JmbYfDe2QKZ/JmbYfDe2QKZ.stage_config.json
I1008 15:43:23.488372 732747 AttributesManagerBase.h:283] AttributesManager<T>::createFromJsonOrDefaultInternal  (Stage) : Proposing JSON name : data/scene_datasets/mp3d/JmbYfDe2QKZ/JmbYfDe2QKZ.stage_config.json from original name : data/scene_datasets/mp3d/JmbYfDe2QKZ/JmbYfDe2QKZ.glb | This file  does not exist.
I1008 15:43:23.488411 732747 AbstractObjectAttributesManagerBase.h:181] AbstractObjectAttributesManager<T>::createObject  (Stage) : Done making attributes with handle : data/scene_datasets/mp3d/JmbYfDe2QKZ/JmbYfDe2QKZ.glb
I1008 15:43:23.488412 732747 AbstractObjectAttributesManagerBase.h:188] File (data/scene_datasets/mp3d/JmbYfDe2QKZ/JmbYfDe2QKZ.glb) exists but is not a recognized config filename extension, so new default Stage attributes created and registered.
I1008 15:43:23.488415 732747 Simulator.cpp:156] Loading navmesh from data/scene_datasets/mp3d/JmbYfDe2QKZ/JmbYfDe2QKZ.navmesh
I1008 15:43:23.488499 732747 Simulator.cpp:158] Loaded.
I1008 15:43:23.488504 732747 SceneGraph.h:93] Created DrawableGroup: 
I1008 15:43:23.491600 732747 ResourceManager.cpp:234] ResourceManager::loadStage : Not loading semantic mesh
I1008 15:43:23.491606 732747 ResourceManager.cpp:262] ResourceManager::loadStage : start load render asset data/scene_datasets/mp3d/JmbYfDe2QKZ/JmbYfDe2QKZ.glb.
I1008 15:43:23.491607 732747 ResourceManager.cpp:569] ResourceManager::loadStageInternal : Attempting to load stage data/scene_datasets/mp3d/JmbYfDe2QKZ/JmbYfDe2QKZ.glb 
I1008 15:43:23.491618 732747 ResourceManager.cpp:1119] Importing Basis files as BC7 for JmbYfDe2QKZ.glb
W1008 15:43:24.527432 732747 Simulator.cpp:248] :
---
 The active scene does not contain semantic annotations. 
---
I1008 15:43:24.574742 732747 simulator.py:213] Loaded navmesh data/scene_datasets/mp3d/JmbYfDe2QKZ/JmbYfDe2QKZ.navmesh
I1008 15:43:25.130019 732747 PhysicsManager.cpp:33] Deconstructing PhysicsManager
I1008 15:43:25.130048 732747 SemanticScene.h:41] Deconstructing SemanticScene
I1008 15:43:25.132652 732747 SceneManager.h:25] Deconstructing SceneManager
I1008 15:43:25.132661 732747 SceneGraph.h:26] Deconstructing SceneGraph
I1008 15:43:25.133090 732747 Sensor.h:87] Deconstructing Sensor
I1008 15:43:25.133435 732747 Sensor.h:87] Deconstructing Sensor
I1008 15:43:25.133543 732747 Sensor.h:87] Deconstructing Sensor
I1008 15:43:25.133651 732747 Sensor.h:87] Deconstructing Sensor
I1008 15:43:25.133761 732747 Sensor.h:87] Deconstructing Sensor
I1008 15:43:25.133864 732747 Sensor.h:87] Deconstructing Sensor
I1008 15:43:25.134011 732747 Sensor.h:87] Deconstructing Sensor
I1008 15:43:25.134112 732747 Sensor.h:87] Deconstructing Sensor
I1008 15:43:25.134222 732747 Sensor.h:87] Deconstructing Sensor
I1008 15:43:25.134326 732747 Sensor.h:87] Deconstructing Sensor
I1008 15:43:25.134430 732747 Sensor.h:87] Deconstructing Sensor
I1008 15:43:25.134537 732747 Sensor.h:87] Deconstructing Sensor
I1008 15:43:25.134642 732747 Sensor.h:87] Deconstructing Sensor
I1008 15:43:25.134790 732747 Sensor.h:87] Deconstructing Sensor
I1008 15:43:25.134940 732747 Sensor.h:87] Deconstructing Sensor
I1008 15:43:25.135073 732747 Sensor.h:87] Deconstructing Sensor
I1008 15:43:25.135212 732747 Sensor.h:87] Deconstructing Sensor
I1008 15:43:25.135346 732747 Sensor.h:87] Deconstructing Sensor
I1008 15:43:25.137276 732747 Sensor.h:87] Deconstructing Sensor
I1008 15:43:25.137456 732747 Sensor.h:87] Deconstructing Sensor
I1008 15:43:25.137588 732747 Sensor.h:87] Deconstructing Sensor
I1008 15:43:25.137719 732747 Sensor.h:87] Deconstructing Sensor
I1008 15:43:25.137852 732747 Sensor.h:87] Deconstructing Sensor
I1008 15:43:25.138017 732747 Sensor.h:87] Deconstructing Sensor
I1008 15:43:25.141595 732747 Renderer.cpp:34] Deconstructing Renderer
I1008 15:43:25.141610 732747 WindowlessContext.h:17] Deconstructing WindowlessContext
I1008 15:43:25.144212 732747 MetadataMediator.cpp:56] MetadataMediator::setActiveSceneDatasetName : Old active dataset default changed to default successfully.
I1008 15:43:25.144682 732747 AttributesManagerBase.h:283] AttributesManager<T>::createFromJsonOrDefaultInternal  (Physics Manager) : Proposing JSON name : ./data/default.physics_config.json from original name : ./data/default.physics_config.json | This file  does not exist.
I1008 15:43:25.144707 732747 PhysicsAttributesManager.cpp:27] File (./data/default.physics_config.json) not found, so new default physics manager attributes created and registered.
I1008 15:43:25.144712 732747 AbstractObjectAttributesManagerBase.h:175] AbstractObjectAttributesManager<T>::createObject  (Stage) : Making attributes with handle : data/scene_datasets/mp3d/pRbA3pwrgk9/pRbA3pwrgk9.glb
I1008 15:43:25.144716 732747 ManagedContainerBase.cpp:19] ManagedContainerBase::convertFilenameToJSON : Filename : data/scene_datasets/mp3d/pRbA3pwrgk9/pRbA3pwrgk9.glb changed to proposed JSON configuration filename : data/scene_datasets/mp3d/pRbA3pwrgk9/pRbA3pwrgk9.stage_config.json
I1008 15:43:25.144728 732747 AttributesManagerBase.h:283] AttributesManager<T>::createFromJsonOrDefaultInternal  (Stage) : Proposing JSON name : data/scene_datasets/mp3d/pRbA3pwrgk9/pRbA3pwrgk9.stage_config.json from original name : data/scene_datasets/mp3d/pRbA3pwrgk9/pRbA3pwrgk9.glb | This file  does not exist.
I1008 15:43:25.144768 732747 AbstractObjectAttributesManagerBase.h:181] AbstractObjectAttributesManager<T>::createObject  (Stage) : Done making attributes with handle : data/scene_datasets/mp3d/pRbA3pwrgk9/pRbA3pwrgk9.glb
I1008 15:43:25.144769 732747 AbstractObjectAttributesManagerBase.h:188] File (data/scene_datasets/mp3d/pRbA3pwrgk9/pRbA3pwrgk9.glb) exists but is not a recognized config filename extension, so new default Stage attributes created and registered.
I1008 15:43:25.144773 732747 Simulator.cpp:156] Loading navmesh from data/scene_datasets/mp3d/pRbA3pwrgk9/pRbA3pwrgk9.navmesh
I1008 15:43:25.144892 732747 Simulator.cpp:158] Loaded.
I1008 15:43:25.144896 732747 SceneGraph.h:93] Created DrawableGroup: 
I1008 15:43:25.148053 732747 ResourceManager.cpp:234] ResourceManager::loadStage : Not loading semantic mesh
I1008 15:43:25.148061 732747 ResourceManager.cpp:262] ResourceManager::loadStage : start load render asset data/scene_datasets/mp3d/pRbA3pwrgk9/pRbA3pwrgk9.glb.
I1008 15:43:25.148061 732747 ResourceManager.cpp:569] ResourceManager::loadStageInternal : Attempting to load stage data/scene_datasets/mp3d/pRbA3pwrgk9/pRbA3pwrgk9.glb 
I1008 15:43:25.148077 732747 ResourceManager.cpp:1119] Importing Basis files as BC7 for pRbA3pwrgk9.glb
W1008 15:43:26.297199 732747 Simulator.cpp:248] :
---
 The active scene does not contain semantic annotations. 
---
I1008 15:43:26.347678 732747 simulator.py:213] Loaded navmesh data/scene_datasets/mp3d/pRbA3pwrgk9/pRbA3pwrgk9.navmesh
I1008 15:43:26.796535 732747 PhysicsManager.cpp:33] Deconstructing PhysicsManager
I1008 15:43:26.796554 732747 SemanticScene.h:41] Deconstructing SemanticScene
I1008 15:43:26.798926 732747 SceneManager.h:25] Deconstructing SceneManager
I1008 15:43:26.798931 732747 SceneGraph.h:26] Deconstructing SceneGraph
I1008 15:43:26.799278 732747 Sensor.h:87] Deconstructing Sensor
I1008 15:43:26.799592 732747 Sensor.h:87] Deconstructing Sensor
I1008 15:43:26.799700 732747 Sensor.h:87] Deconstructing Sensor
I1008 15:43:26.799809 732747 Sensor.h:87] Deconstructing Sensor
I1008 15:43:26.799912 732747 Sensor.h:87] Deconstructing Sensor
I1008 15:43:26.800014 732747 Sensor.h:87] Deconstructing Sensor
I1008 15:43:26.800117 732747 Sensor.h:87] Deconstructing Sensor
I1008 15:43:26.800215 732747 Sensor.h:87] Deconstructing Sensor
I1008 15:43:26.800318 732747 Sensor.h:87] Deconstructing Sensor
I1008 15:43:26.800513 732747 Sensor.h:87] Deconstructing Sensor
I1008 15:43:26.800638 732747 Sensor.h:87] Deconstructing Sensor
I1008 15:43:26.800745 732747 Sensor.h:87] Deconstructing Sensor
I1008 15:43:26.800848 732747 Sensor.h:87] Deconstructing Sensor
I1008 15:43:26.800978 732747 Sensor.h:87] Deconstructing Sensor
I1008 15:43:26.801105 732747 Sensor.h:87] Deconstructing Sensor
I1008 15:43:26.801226 732747 Sensor.h:87] Deconstructing Sensor
I1008 15:43:26.801352 732747 Sensor.h:87] Deconstructing Sensor
I1008 15:43:26.801472 732747 Sensor.h:87] Deconstructing Sensor
I1008 15:43:26.801595 732747 Sensor.h:87] Deconstructing Sensor
I1008 15:43:26.801725 732747 Sensor.h:87] Deconstructing Sensor
I1008 15:43:26.801847 732747 Sensor.h:87] Deconstructing Sensor
I1008 15:43:26.801970 732747 Sensor.h:87] Deconstructing Sensor
I1008 15:43:26.802096 732747 Sensor.h:87] Deconstructing Sensor
I1008 15:43:26.802175 732747 Sensor.h:87] Deconstructing Sensor
I1008 15:43:26.805075 732747 Renderer.cpp:34] Deconstructing Renderer
I1008 15:43:26.805090 732747 WindowlessContext.h:17] Deconstructing WindowlessContext
I1008 15:43:26.807946 732747 MetadataMediator.cpp:56] MetadataMediator::setActiveSceneDatasetName : Old active dataset default changed to default successfully.
I1008 15:43:26.808477 732747 AttributesManagerBase.h:283] AttributesManager<T>::createFromJsonOrDefaultInternal  (Physics Manager) : Proposing JSON name : ./data/default.physics_config.json from original name : ./data/default.physics_config.json | This file  does not exist.
I1008 15:43:26.808501 732747 PhysicsAttributesManager.cpp:27] File (./data/default.physics_config.json) not found, so new default physics manager attributes created and registered.
I1008 15:43:26.808506 732747 AbstractObjectAttributesManagerBase.h:175] AbstractObjectAttributesManager<T>::createObject  (Stage) : Making attributes with handle : data/scene_datasets/mp3d/D7N2EKCX4Sj/D7N2EKCX4Sj.glb
I1008 15:43:26.808508 732747 ManagedContainerBase.cpp:19] ManagedContainerBase::convertFilenameToJSON : Filename : data/scene_datasets/mp3d/D7N2EKCX4Sj/D7N2EKCX4Sj.glb changed to proposed JSON configuration filename : data/scene_datasets/mp3d/D7N2EKCX4Sj/D7N2EKCX4Sj.stage_config.json
I1008 15:43:26.808523 732747 AttributesManagerBase.h:283] AttributesManager<T>::createFromJsonOrDefaultInternal  (Stage) : Proposing JSON name : data/scene_datasets/mp3d/D7N2EKCX4Sj/D7N2EKCX4Sj.stage_config.json from original name : data/scene_datasets/mp3d/D7N2EKCX4Sj/D7N2EKCX4Sj.glb | This file  does not exist.
I1008 15:43:26.808571 732747 AbstractObjectAttributesManagerBase.h:181] AbstractObjectAttributesManager<T>::createObject  (Stage) : Done making attributes with handle : data/scene_datasets/mp3d/D7N2EKCX4Sj/D7N2EKCX4Sj.glb
I1008 15:43:26.808573 732747 AbstractObjectAttributesManagerBase.h:188] File (data/scene_datasets/mp3d/D7N2EKCX4Sj/D7N2EKCX4Sj.glb) exists but is not a recognized config filename extension, so new default Stage attributes created and registered.
I1008 15:43:26.808575 732747 Simulator.cpp:156] Loading navmesh from data/scene_datasets/mp3d/D7N2EKCX4Sj/D7N2EKCX4Sj.navmesh
I1008 15:43:26.808857 732747 Simulator.cpp:158] Loaded.
I1008 15:43:26.808864 732747 SceneGraph.h:93] Created DrawableGroup: 
I1008 15:43:26.813594 732747 ResourceManager.cpp:234] ResourceManager::loadStage : Not loading semantic mesh
I1008 15:43:26.813601 732747 ResourceManager.cpp:262] ResourceManager::loadStage : start load render asset data/scene_datasets/mp3d/D7N2EKCX4Sj/D7N2EKCX4Sj.glb.
I1008 15:43:26.813602 732747 ResourceManager.cpp:569] ResourceManager::loadStageInternal : Attempting to load stage data/scene_datasets/mp3d/D7N2EKCX4Sj/D7N2EKCX4Sj.glb 
I1008 15:43:26.813624 732747 ResourceManager.cpp:1119] Importing Basis files as BC7 for D7N2EKCX4Sj.glb
W1008 15:43:30.793651 732747 Simulator.cpp:248] :
---
 The active scene does not contain semantic annotations. 
---
I1008 15:43:30.901420 732747 simulator.py:213] Loaded navmesh data/scene_datasets/mp3d/D7N2EKCX4Sj/D7N2EKCX4Sj.navmesh
I1008 15:43:31.630386 732747 PhysicsManager.cpp:33] Deconstructing PhysicsManager
I1008 15:43:31.630406 732747 SemanticScene.h:41] Deconstructing SemanticScene
I1008 15:43:31.634307 732747 SceneManager.h:25] Deconstructing SceneManager
I1008 15:43:31.634312 732747 SceneGraph.h:26] Deconstructing SceneGraph
I1008 15:43:31.634739 732747 Sensor.h:87] Deconstructing Sensor
I1008 15:43:31.635036 732747 Sensor.h:87] Deconstructing Sensor
I1008 15:43:31.635139 732747 Sensor.h:87] Deconstructing Sensor
I1008 15:43:31.635244 732747 Sensor.h:87] Deconstructing Sensor
I1008 15:43:31.635342 732747 Sensor.h:87] Deconstructing Sensor
I1008 15:43:31.635438 732747 Sensor.h:87] Deconstructing Sensor
I1008 15:43:31.635540 732747 Sensor.h:87] Deconstructing Sensor
I1008 15:43:31.635637 732747 Sensor.h:87] Deconstructing Sensor
I1008 15:43:31.635743 732747 Sensor.h:87] Deconstructing Sensor
I1008 15:43:31.635851 732747 Sensor.h:87] Deconstructing Sensor
I1008 15:43:31.635946 732747 Sensor.h:87] Deconstructing Sensor
I1008 15:43:31.636049 732747 Sensor.h:87] Deconstructing Sensor
I1008 15:43:31.636147 732747 Sensor.h:87] Deconstructing Sensor
I1008 15:43:31.636268 732747 Sensor.h:87] Deconstructing Sensor
I1008 15:43:31.636394 732747 Sensor.h:87] Deconstructing Sensor
I1008 15:43:31.636518 732747 Sensor.h:87] Deconstructing Sensor
I1008 15:43:31.636642 732747 Sensor.h:87] Deconstructing Sensor
I1008 15:43:31.636762 732747 Sensor.h:87] Deconstructing Sensor
I1008 15:43:31.636883 732747 Sensor.h:87] Deconstructing Sensor
I1008 15:43:31.637005 732747 Sensor.h:87] Deconstructing Sensor
I1008 15:43:31.637125 732747 Sensor.h:87] Deconstructing Sensor
I1008 15:43:31.637244 732747 Sensor.h:87] Deconstructing Sensor
I1008 15:43:31.637370 732747 Sensor.h:87] Deconstructing Sensor
I1008 15:43:31.637454 732747 Sensor.h:87] Deconstructing Sensor
I1008 15:43:31.647607 732747 Renderer.cpp:34] Deconstructing Renderer
I1008 15:43:31.647634 732747 WindowlessContext.h:17] Deconstructing WindowlessContext
I1008 15:43:31.654237 732747 MetadataMediator.cpp:56] MetadataMediator::setActiveSceneDatasetName : Old active dataset default changed to default successfully.
I1008 15:43:31.654899 732747 AttributesManagerBase.h:283] AttributesManager<T>::createFromJsonOrDefaultInternal  (Physics Manager) : Proposing JSON name : ./data/default.physics_config.json from original name : ./data/default.physics_config.json | This file  does not exist.
I1008 15:43:31.654929 732747 PhysicsAttributesManager.cpp:27] File (./data/default.physics_config.json) not found, so new default physics manager attributes created and registered.
I1008 15:43:31.654940 732747 AbstractObjectAttributesManagerBase.h:175] AbstractObjectAttributesManager<T>::createObject  (Stage) : Making attributes with handle : data/scene_datasets/mp3d/pRbA3pwrgk9/pRbA3pwrgk9.glb
I1008 15:43:31.654943 732747 ManagedContainerBase.cpp:19] ManagedContainerBase::convertFilenameToJSON : Filename : data/scene_datasets/mp3d/pRbA3pwrgk9/pRbA3pwrgk9.glb changed to proposed JSON configuration filename : data/scene_datasets/mp3d/pRbA3pwrgk9/pRbA3pwrgk9.stage_config.json
I1008 15:43:31.654954 732747 AttributesManagerBase.h:283] AttributesManager<T>::createFromJsonOrDefaultInternal  (Stage) : Proposing JSON name : data/scene_datasets/mp3d/pRbA3pwrgk9/pRbA3pwrgk9.stage_config.json from original name : data/scene_datasets/mp3d/pRbA3pwrgk9/pRbA3pwrgk9.glb | This file  does not exist.
I1008 15:43:31.654994 732747 AbstractObjectAttributesManagerBase.h:181] AbstractObjectAttributesManager<T>::createObject  (Stage) : Done making attributes with handle : data/scene_datasets/mp3d/pRbA3pwrgk9/pRbA3pwrgk9.glb
I1008 15:43:31.654995 732747 AbstractObjectAttributesManagerBase.h:188] File (data/scene_datasets/mp3d/pRbA3pwrgk9/pRbA3pwrgk9.glb) exists but is not a recognized config filename extension, so new default Stage attributes created and registered.
I1008 15:43:31.654999 732747 Simulator.cpp:156] Loading navmesh from data/scene_datasets/mp3d/pRbA3pwrgk9/pRbA3pwrgk9.navmesh
I1008 15:43:31.655115 732747 Simulator.cpp:158] Loaded.
I1008 15:43:31.655119 732747 SceneGraph.h:93] Created DrawableGroup: 
I1008 15:43:31.658217 732747 ResourceManager.cpp:234] ResourceManager::loadStage : Not loading semantic mesh
I1008 15:43:31.658222 732747 ResourceManager.cpp:262] ResourceManager::loadStage : start load render asset data/scene_datasets/mp3d/pRbA3pwrgk9/pRbA3pwrgk9.glb.
I1008 15:43:31.658223 732747 ResourceManager.cpp:569] ResourceManager::loadStageInternal : Attempting to load stage data/scene_datasets/mp3d/pRbA3pwrgk9/pRbA3pwrgk9.glb 
I1008 15:43:31.658232 732747 ResourceManager.cpp:1119] Importing Basis files as BC7 for pRbA3pwrgk9.glb
W1008 15:43:32.811872 732747 Simulator.cpp:248] :
---
 The active scene does not contain semantic annotations. 
---
I1008 15:43:32.863412 732747 simulator.py:213] Loaded navmesh data/scene_datasets/mp3d/pRbA3pwrgk9/pRbA3pwrgk9.navmesh
I1008 15:43:33.561153 732747 PhysicsManager.cpp:33] Deconstructing PhysicsManager
I1008 15:43:33.561173 732747 SemanticScene.h:41] Deconstructing SemanticScene
I1008 15:43:33.563736 732747 SceneManager.h:25] Deconstructing SceneManager
I1008 15:43:33.563742 732747 SceneGraph.h:26] Deconstructing SceneGraph
I1008 15:43:33.564090 732747 Sensor.h:87] Deconstructing Sensor
I1008 15:43:33.564404 732747 Sensor.h:87] Deconstructing Sensor
I1008 15:43:33.564505 732747 Sensor.h:87] Deconstructing Sensor
I1008 15:43:33.564613 732747 Sensor.h:87] Deconstructing Sensor
I1008 15:43:33.564718 732747 Sensor.h:87] Deconstructing Sensor
I1008 15:43:33.564817 732747 Sensor.h:87] Deconstructing Sensor
I1008 15:43:33.564917 732747 Sensor.h:87] Deconstructing Sensor
I1008 15:43:33.565014 732747 Sensor.h:87] Deconstructing Sensor
I1008 15:43:33.565116 732747 Sensor.h:87] Deconstructing Sensor
I1008 15:43:33.565214 732747 Sensor.h:87] Deconstructing Sensor
I1008 15:43:33.565310 732747 Sensor.h:87] Deconstructing Sensor
I1008 15:43:33.565409 732747 Sensor.h:87] Deconstructing Sensor
I1008 15:43:33.565505 732747 Sensor.h:87] Deconstructing Sensor
I1008 15:43:33.565631 732747 Sensor.h:87] Deconstructing Sensor
I1008 15:43:33.565795 732747 Sensor.h:87] Deconstructing Sensor
I1008 15:43:33.565915 732747 Sensor.h:87] Deconstructing Sensor
I1008 15:43:33.566039 732747 Sensor.h:87] Deconstructing Sensor
I1008 15:43:33.566159 732747 Sensor.h:87] Deconstructing Sensor
I1008 15:43:33.566282 732747 Sensor.h:87] Deconstructing Sensor
I1008 15:43:33.566409 732747 Sensor.h:87] Deconstructing Sensor
I1008 15:43:33.566530 732747 Sensor.h:87] Deconstructing Sensor
I1008 15:43:33.566655 732747 Sensor.h:87] Deconstructing Sensor
I1008 15:43:33.566787 732747 Sensor.h:87] Deconstructing Sensor
I1008 15:43:33.566861 732747 Sensor.h:87] Deconstructing Sensor
I1008 15:43:33.569619 732747 Renderer.cpp:34] Deconstructing Renderer
I1008 15:43:33.569629 732747 WindowlessContext.h:17] Deconstructing WindowlessContext
I1008 15:43:33.572629 732747 MetadataMediator.cpp:56] MetadataMediator::setActiveSceneDatasetName : Old active dataset default changed to default successfully.
I1008 15:43:33.575182 732747 AttributesManagerBase.h:283] AttributesManager<T>::createFromJsonOrDefaultInternal  (Physics Manager) : Proposing JSON name : ./data/default.physics_config.json from original name : ./data/default.physics_config.json | This file  does not exist.
I1008 15:43:33.575214 732747 PhysicsAttributesManager.cpp:27] File (./data/default.physics_config.json) not found, so new default physics manager attributes created and registered.
I1008 15:43:33.575219 732747 AbstractObjectAttributesManagerBase.h:175] AbstractObjectAttributesManager<T>::createObject  (Stage) : Making attributes with handle : data/scene_datasets/mp3d/ZMojNkEp431/ZMojNkEp431.glb
I1008 15:43:33.575222 732747 ManagedContainerBase.cpp:19] ManagedContainerBase::convertFilenameToJSON : Filename : data/scene_datasets/mp3d/ZMojNkEp431/ZMojNkEp431.glb changed to proposed JSON configuration filename : data/scene_datasets/mp3d/ZMojNkEp431/ZMojNkEp431.stage_config.json
I1008 15:43:33.575237 732747 AttributesManagerBase.h:283] AttributesManager<T>::createFromJsonOrDefaultInternal  (Stage) : Proposing JSON name : data/scene_datasets/mp3d/ZMojNkEp431/ZMojNkEp431.stage_config.json from original name : data/scene_datasets/mp3d/ZMojNkEp431/ZMojNkEp431.glb | This file  does not exist.
I1008 15:43:33.575279 732747 AbstractObjectAttributesManagerBase.h:181] AbstractObjectAttributesManager<T>::createObject  (Stage) : Done making attributes with handle : data/scene_datasets/mp3d/ZMojNkEp431/ZMojNkEp431.glb
I1008 15:43:33.575280 732747 AbstractObjectAttributesManagerBase.h:188] File (data/scene_datasets/mp3d/ZMojNkEp431/ZMojNkEp431.glb) exists but is not a recognized config filename extension, so new default Stage attributes created and registered.
I1008 15:43:33.575284 732747 Simulator.cpp:156] Loading navmesh from data/scene_datasets/mp3d/ZMojNkEp431/ZMojNkEp431.navmesh
I1008 15:43:33.575428 732747 Simulator.cpp:158] Loaded.
I1008 15:43:33.575433 732747 SceneGraph.h:93] Created DrawableGroup: 
I1008 15:43:33.578763 732747 ResourceManager.cpp:234] ResourceManager::loadStage : Not loading semantic mesh
I1008 15:43:33.578768 732747 ResourceManager.cpp:262] ResourceManager::loadStage : start load render asset data/scene_datasets/mp3d/ZMojNkEp431/ZMojNkEp431.glb.
I1008 15:43:33.578769 732747 ResourceManager.cpp:569] ResourceManager::loadStageInternal : Attempting to load stage data/scene_datasets/mp3d/ZMojNkEp431/ZMojNkEp431.glb 
I1008 15:43:33.578786 732747 ResourceManager.cpp:1119] Importing Basis files as BC7 for ZMojNkEp431.glb
W1008 15:43:34.848407 732747 Simulator.cpp:248] :
---
 The active scene does not contain semantic annotations. 
---
I1008 15:43:34.888570 732747 simulator.py:213] Loaded navmesh data/scene_datasets/mp3d/ZMojNkEp431/ZMojNkEp431.navmesh
I1008 15:43:35.618336 732747 PhysicsManager.cpp:33] Deconstructing PhysicsManager
I1008 15:43:35.618361 732747 SemanticScene.h:41] Deconstructing SemanticScene
I1008 15:43:35.620622 732747 SceneManager.h:25] Deconstructing SceneManager
I1008 15:43:35.620628 732747 SceneGraph.h:26] Deconstructing SceneGraph
I1008 15:43:35.621140 732747 Sensor.h:87] Deconstructing Sensor
I1008 15:43:35.621340 732747 Sensor.h:87] Deconstructing Sensor
I1008 15:43:35.621443 732747 Sensor.h:87] Deconstructing Sensor
I1008 15:43:35.621551 732747 Sensor.h:87] Deconstructing Sensor
I1008 15:43:35.621652 732747 Sensor.h:87] Deconstructing Sensor
I1008 15:43:35.621757 732747 Sensor.h:87] Deconstructing Sensor
I1008 15:43:35.621861 732747 Sensor.h:87] Deconstructing Sensor
I1008 15:43:35.621958 732747 Sensor.h:87] Deconstructing Sensor
I1008 15:43:35.622071 732747 Sensor.h:87] Deconstructing Sensor
I1008 15:43:35.622169 732747 Sensor.h:87] Deconstructing Sensor
I1008 15:43:35.622268 732747 Sensor.h:87] Deconstructing Sensor
I1008 15:43:35.622367 732747 Sensor.h:87] Deconstructing Sensor
I1008 15:43:35.622464 732747 Sensor.h:87] Deconstructing Sensor
I1008 15:43:35.622583 732747 Sensor.h:87] Deconstructing Sensor
I1008 15:43:35.622725 732747 Sensor.h:87] Deconstructing Sensor
I1008 15:43:35.622846 732747 Sensor.h:87] Deconstructing Sensor
I1008 15:43:35.622972 732747 Sensor.h:87] Deconstructing Sensor
I1008 15:43:35.623091 732747 Sensor.h:87] Deconstructing Sensor
I1008 15:43:35.623212 732747 Sensor.h:87] Deconstructing Sensor
I1008 15:43:35.623340 732747 Sensor.h:87] Deconstructing Sensor
I1008 15:43:35.623461 732747 Sensor.h:87] Deconstructing Sensor
I1008 15:43:35.623581 732747 Sensor.h:87] Deconstructing Sensor
I1008 15:43:35.623708 732747 Sensor.h:87] Deconstructing Sensor
I1008 15:43:35.623801 732747 Sensor.h:87] Deconstructing Sensor
I1008 15:43:35.626231 732747 Renderer.cpp:34] Deconstructing Renderer
I1008 15:43:35.626243 732747 WindowlessContext.h:17] Deconstructing WindowlessContext
I1008 15:43:35.629554 732747 MetadataMediator.cpp:56] MetadataMediator::setActiveSceneDatasetName : Old active dataset default changed to default successfully.
I1008 15:43:35.630128 732747 AttributesManagerBase.h:283] AttributesManager<T>::createFromJsonOrDefaultInternal  (Physics Manager) : Proposing JSON name : ./data/default.physics_config.json from original name : ./data/default.physics_config.json | This file  does not exist.
I1008 15:43:35.630154 732747 PhysicsAttributesManager.cpp:27] File (./data/default.physics_config.json) not found, so new default physics manager attributes created and registered.
I1008 15:43:35.630158 732747 AbstractObjectAttributesManagerBase.h:175] AbstractObjectAttributesManager<T>::createObject  (Stage) : Making attributes with handle : data/scene_datasets/mp3d/ur6pFq6Qu1A/ur6pFq6Qu1A.glb
I1008 15:43:35.630162 732747 ManagedContainerBase.cpp:19] ManagedContainerBase::convertFilenameToJSON : Filename : data/scene_datasets/mp3d/ur6pFq6Qu1A/ur6pFq6Qu1A.glb changed to proposed JSON configuration filename : data/scene_datasets/mp3d/ur6pFq6Qu1A/ur6pFq6Qu1A.stage_config.json
I1008 15:43:35.630177 732747 AttributesManagerBase.h:283] AttributesManager<T>::createFromJsonOrDefaultInternal  (Stage) : Proposing JSON name : data/scene_datasets/mp3d/ur6pFq6Qu1A/ur6pFq6Qu1A.stage_config.json from original name : data/scene_datasets/mp3d/ur6pFq6Qu1A/ur6pFq6Qu1A.glb | This file  does not exist.
I1008 15:43:35.630218 732747 AbstractObjectAttributesManagerBase.h:181] AbstractObjectAttributesManager<T>::createObject  (Stage) : Done making attributes with handle : data/scene_datasets/mp3d/ur6pFq6Qu1A/ur6pFq6Qu1A.glb
I1008 15:43:35.630219 732747 AbstractObjectAttributesManagerBase.h:188] File (data/scene_datasets/mp3d/ur6pFq6Qu1A/ur6pFq6Qu1A.glb) exists but is not a recognized config filename extension, so new default Stage attributes created and registered.
I1008 15:43:35.630223 732747 Simulator.cpp:156] Loading navmesh from data/scene_datasets/mp3d/ur6pFq6Qu1A/ur6pFq6Qu1A.navmesh
I1008 15:43:35.630437 732747 Simulator.cpp:158] Loaded.
I1008 15:43:35.630441 732747 SceneGraph.h:93] Created DrawableGroup: 
I1008 15:43:35.633816 732747 ResourceManager.cpp:234] ResourceManager::loadStage : Not loading semantic mesh
I1008 15:43:35.633833 732747 ResourceManager.cpp:262] ResourceManager::loadStage : start load render asset data/scene_datasets/mp3d/ur6pFq6Qu1A/ur6pFq6Qu1A.glb.
I1008 15:43:35.633836 732747 ResourceManager.cpp:569] ResourceManager::loadStageInternal : Attempting to load stage data/scene_datasets/mp3d/ur6pFq6Qu1A/ur6pFq6Qu1A.glb 
I1008 15:43:35.633858 732747 ResourceManager.cpp:1119] Importing Basis files as BC7 for ur6pFq6Qu1A.glb
W1008 15:43:37.817389 732747 Simulator.cpp:248] :
---
 The active scene does not contain semantic annotations. 
---
I1008 15:43:37.869947 732747 simulator.py:213] Loaded navmesh data/scene_datasets/mp3d/ur6pFq6Qu1A/ur6pFq6Qu1A.navmesh
I1008 15:43:38.205365 732747 PhysicsManager.cpp:33] Deconstructing PhysicsManager
I1008 15:43:38.205387 732747 SemanticScene.h:41] Deconstructing SemanticScene
I1008 15:43:38.207957 732747 SceneManager.h:25] Deconstructing SceneManager
I1008 15:43:38.207962 732747 SceneGraph.h:26] Deconstructing SceneGraph
I1008 15:43:38.208345 732747 Sensor.h:87] Deconstructing Sensor
I1008 15:43:38.208647 732747 Sensor.h:87] Deconstructing Sensor
I1008 15:43:38.208753 732747 Sensor.h:87] Deconstructing Sensor
I1008 15:43:38.208860 732747 Sensor.h:87] Deconstructing Sensor
I1008 15:43:38.208961 732747 Sensor.h:87] Deconstructing Sensor
I1008 15:43:38.209057 732747 Sensor.h:87] Deconstructing Sensor
I1008 15:43:38.209158 732747 Sensor.h:87] Deconstructing Sensor
I1008 15:43:38.209255 732747 Sensor.h:87] Deconstructing Sensor
I1008 15:43:38.209358 732747 Sensor.h:87] Deconstructing Sensor
I1008 15:43:38.209455 732747 Sensor.h:87] Deconstructing Sensor
I1008 15:43:38.209553 732747 Sensor.h:87] Deconstructing Sensor
I1008 15:43:38.209653 732747 Sensor.h:87] Deconstructing Sensor
I1008 15:43:38.209756 732747 Sensor.h:87] Deconstructing Sensor
I1008 15:43:38.209879 732747 Sensor.h:87] Deconstructing Sensor
I1008 15:43:38.210008 732747 Sensor.h:87] Deconstructing Sensor
I1008 15:43:38.210135 732747 Sensor.h:87] Deconstructing Sensor
I1008 15:43:38.210274 732747 Sensor.h:87] Deconstructing Sensor
I1008 15:43:38.210393 732747 Sensor.h:87] Deconstructing Sensor
I1008 15:43:38.210517 732747 Sensor.h:87] Deconstructing Sensor
I1008 15:43:38.210639 732747 Sensor.h:87] Deconstructing Sensor
I1008 15:43:38.210762 732747 Sensor.h:87] Deconstructing Sensor
I1008 15:43:38.210879 732747 Sensor.h:87] Deconstructing Sensor
I1008 15:43:38.211005 732747 Sensor.h:87] Deconstructing Sensor
I1008 15:43:38.211161 732747 Sensor.h:87] Deconstructing Sensor
I1008 15:43:38.215464 732747 Renderer.cpp:34] Deconstructing Renderer
I1008 15:43:38.215471 732747 WindowlessContext.h:17] Deconstructing WindowlessContext
I1008 15:43:38.220703 732747 MetadataMediator.cpp:56] MetadataMediator::setActiveSceneDatasetName : Old active dataset default changed to default successfully.
I1008 15:43:38.221202 732747 AttributesManagerBase.h:283] AttributesManager<T>::createFromJsonOrDefaultInternal  (Physics Manager) : Proposing JSON name : ./data/default.physics_config.json from original name : ./data/default.physics_config.json | This file  does not exist.
I1008 15:43:38.221222 732747 PhysicsAttributesManager.cpp:27] File (./data/default.physics_config.json) not found, so new default physics manager attributes created and registered.
I1008 15:43:38.221227 732747 AbstractObjectAttributesManagerBase.h:175] AbstractObjectAttributesManager<T>::createObject  (Stage) : Making attributes with handle : data/scene_datasets/mp3d/D7N2EKCX4Sj/D7N2EKCX4Sj.glb
I1008 15:43:38.221230 732747 ManagedContainerBase.cpp:19] ManagedContainerBase::convertFilenameToJSON : Filename : data/scene_datasets/mp3d/D7N2EKCX4Sj/D7N2EKCX4Sj.glb changed to proposed JSON configuration filename : data/scene_datasets/mp3d/D7N2EKCX4Sj/D7N2EKCX4Sj.stage_config.json
I1008 15:43:38.221241 732747 AttributesManagerBase.h:283] AttributesManager<T>::createFromJsonOrDefaultInternal  (Stage) : Proposing JSON name : data/scene_datasets/mp3d/D7N2EKCX4Sj/D7N2EKCX4Sj.stage_config.json from original name : data/scene_datasets/mp3d/D7N2EKCX4Sj/D7N2EKCX4Sj.glb | This file  does not exist.
I1008 15:43:38.221278 732747 AbstractObjectAttributesManagerBase.h:181] AbstractObjectAttributesManager<T>::createObject  (Stage) : Done making attributes with handle : data/scene_datasets/mp3d/D7N2EKCX4Sj/D7N2EKCX4Sj.glb
I1008 15:43:38.221279 732747 AbstractObjectAttributesManagerBase.h:188] File (data/scene_datasets/mp3d/D7N2EKCX4Sj/D7N2EKCX4Sj.glb) exists but is not a recognized config filename extension, so new default Stage attributes created and registered.
I1008 15:43:38.221283 732747 Simulator.cpp:156] Loading navmesh from data/scene_datasets/mp3d/D7N2EKCX4Sj/D7N2EKCX4Sj.navmesh
I1008 15:43:38.221529 732747 Simulator.cpp:158] Loaded.
I1008 15:43:38.221537 732747 SceneGraph.h:93] Created DrawableGroup: 
I1008 15:43:38.224541 732747 ResourceManager.cpp:234] ResourceManager::loadStage : Not loading semantic mesh
I1008 15:43:38.224546 732747 ResourceManager.cpp:262] ResourceManager::loadStage : start load render asset data/scene_datasets/mp3d/D7N2EKCX4Sj/D7N2EKCX4Sj.glb.
I1008 15:43:38.224547 732747 ResourceManager.cpp:569] ResourceManager::loadStageInternal : Attempting to load stage data/scene_datasets/mp3d/D7N2EKCX4Sj/D7N2EKCX4Sj.glb 
I1008 15:43:38.224560 732747 ResourceManager.cpp:1119] Importing Basis files as BC7 for D7N2EKCX4Sj.glb
W1008 15:43:42.191903 732747 Simulator.cpp:248] :
---
 The active scene does not contain semantic annotations. 
---
I1008 15:43:42.305925 732747 simulator.py:213] Loaded navmesh data/scene_datasets/mp3d/D7N2EKCX4Sj/D7N2EKCX4Sj.navmesh
I1008 15:43:42.997819 732747 PhysicsManager.cpp:33] Deconstructing PhysicsManager
I1008 15:43:42.997843 732747 SemanticScene.h:41] Deconstructing SemanticScene
I1008 15:43:43.005215 732747 SceneManager.h:25] Deconstructing SceneManager
I1008 15:43:43.005236 732747 SceneGraph.h:26] Deconstructing SceneGraph
I1008 15:43:43.005720 732747 Sensor.h:87] Deconstructing Sensor
I1008 15:43:43.006148 732747 Sensor.h:87] Deconstructing Sensor
I1008 15:43:43.006253 732747 Sensor.h:87] Deconstructing Sensor
I1008 15:43:43.006361 732747 Sensor.h:87] Deconstructing Sensor
I1008 15:43:43.006461 732747 Sensor.h:87] Deconstructing Sensor
I1008 15:43:43.006560 732747 Sensor.h:87] Deconstructing Sensor
I1008 15:43:43.006667 732747 Sensor.h:87] Deconstructing Sensor
I1008 15:43:43.006767 732747 Sensor.h:87] Deconstructing Sensor
I1008 15:43:43.006870 732747 Sensor.h:87] Deconstructing Sensor
I1008 15:43:43.006968 732747 Sensor.h:87] Deconstructing Sensor
I1008 15:43:43.007063 732747 Sensor.h:87] Deconstructing Sensor
I1008 15:43:43.007167 732747 Sensor.h:87] Deconstructing Sensor
I1008 15:43:43.007266 732747 Sensor.h:87] Deconstructing Sensor
I1008 15:43:43.007391 732747 Sensor.h:87] Deconstructing Sensor
I1008 15:43:43.007521 732747 Sensor.h:87] Deconstructing Sensor
I1008 15:43:43.007651 732747 Sensor.h:87] Deconstructing Sensor
I1008 15:43:43.007779 732747 Sensor.h:87] Deconstructing Sensor
I1008 15:43:43.007915 732747 Sensor.h:87] Deconstructing Sensor
I1008 15:43:43.008037 732747 Sensor.h:87] Deconstructing Sensor
I1008 15:43:43.008163 732747 Sensor.h:87] Deconstructing Sensor
I1008 15:43:43.008287 732747 Sensor.h:87] Deconstructing Sensor
I1008 15:43:43.008405 732747 Sensor.h:87] Deconstructing Sensor
I1008 15:43:43.008534 732747 Sensor.h:87] Deconstructing Sensor
I1008 15:43:43.008610 732747 Sensor.h:87] Deconstructing Sensor
I1008 15:43:43.015489 732747 Renderer.cpp:34] Deconstructing Renderer
I1008 15:43:43.015508 732747 WindowlessContext.h:17] Deconstructing WindowlessContext
I1008 15:43:43.022267 732747 MetadataMediator.cpp:56] MetadataMediator::setActiveSceneDatasetName : Old active dataset default changed to default successfully.
I1008 15:43:43.023386 732747 AttributesManagerBase.h:283] AttributesManager<T>::createFromJsonOrDefaultInternal  (Physics Manager) : Proposing JSON name : ./data/default.physics_config.json from original name : ./data/default.physics_config.json | This file  does not exist.
I1008 15:43:43.023413 732747 PhysicsAttributesManager.cpp:27] File (./data/default.physics_config.json) not found, so new default physics manager attributes created and registered.
I1008 15:43:43.023418 732747 AbstractObjectAttributesManagerBase.h:175] AbstractObjectAttributesManager<T>::createObject  (Stage) : Making attributes with handle : data/scene_datasets/mp3d/JmbYfDe2QKZ/JmbYfDe2QKZ.glb
I1008 15:43:43.023422 732747 ManagedContainerBase.cpp:19] ManagedContainerBase::convertFilenameToJSON : Filename : data/scene_datasets/mp3d/JmbYfDe2QKZ/JmbYfDe2QKZ.glb changed to proposed JSON configuration filename : data/scene_datasets/mp3d/JmbYfDe2QKZ/JmbYfDe2QKZ.stage_config.json
I1008 15:43:43.023439 732747 AttributesManagerBase.h:283] AttributesManager<T>::createFromJsonOrDefaultInternal  (Stage) : Proposing JSON name : data/scene_datasets/mp3d/JmbYfDe2QKZ/JmbYfDe2QKZ.stage_config.json from original name : data/scene_datasets/mp3d/JmbYfDe2QKZ/JmbYfDe2QKZ.glb | This file  does not exist.
I1008 15:43:43.023491 732747 AbstractObjectAttributesManagerBase.h:181] AbstractObjectAttributesManager<T>::createObject  (Stage) : Done making attributes with handle : data/scene_datasets/mp3d/JmbYfDe2QKZ/JmbYfDe2QKZ.glb
I1008 15:43:43.023492 732747 AbstractObjectAttributesManagerBase.h:188] File (data/scene_datasets/mp3d/JmbYfDe2QKZ/JmbYfDe2QKZ.glb) exists but is not a recognized config filename extension, so new default Stage attributes created and registered.
I1008 15:43:43.023496 732747 Simulator.cpp:156] Loading navmesh from data/scene_datasets/mp3d/JmbYfDe2QKZ/JmbYfDe2QKZ.navmesh
I1008 15:43:43.023593 732747 Simulator.cpp:158] Loaded.
I1008 15:43:43.023598 732747 SceneGraph.h:93] Created DrawableGroup: 
I1008 15:43:43.026866 732747 ResourceManager.cpp:234] ResourceManager::loadStage : Not loading semantic mesh
I1008 15:43:43.026873 732747 ResourceManager.cpp:262] ResourceManager::loadStage : start load render asset data/scene_datasets/mp3d/JmbYfDe2QKZ/JmbYfDe2QKZ.glb.
I1008 15:43:43.026875 732747 ResourceManager.cpp:569] ResourceManager::loadStageInternal : Attempting to load stage data/scene_datasets/mp3d/JmbYfDe2QKZ/JmbYfDe2QKZ.glb 
I1008 15:43:43.026890 732747 ResourceManager.cpp:1119] Importing Basis files as BC7 for JmbYfDe2QKZ.glb
W1008 15:43:44.071434 732747 Simulator.cpp:248] :
---
 The active scene does not contain semantic annotations. 
---
I1008 15:43:44.118741 732747 simulator.py:213] Loaded navmesh data/scene_datasets/mp3d/JmbYfDe2QKZ/JmbYfDe2QKZ.navmesh
I1008 15:43:44.655341 732747 PhysicsManager.cpp:33] Deconstructing PhysicsManager
I1008 15:43:44.655364 732747 SemanticScene.h:41] Deconstructing SemanticScene
I1008 15:43:44.657652 732747 SceneManager.h:25] Deconstructing SceneManager
I1008 15:43:44.657657 732747 SceneGraph.h:26] Deconstructing SceneGraph
I1008 15:43:44.658082 732747 Sensor.h:87] Deconstructing Sensor
I1008 15:43:44.658289 732747 Sensor.h:87] Deconstructing Sensor
I1008 15:43:44.658393 732747 Sensor.h:87] Deconstructing Sensor
I1008 15:43:44.658501 732747 Sensor.h:87] Deconstructing Sensor
I1008 15:43:44.658600 732747 Sensor.h:87] Deconstructing Sensor
I1008 15:43:44.658699 732747 Sensor.h:87] Deconstructing Sensor
I1008 15:43:44.658799 732747 Sensor.h:87] Deconstructing Sensor
I1008 15:43:44.658893 732747 Sensor.h:87] Deconstructing Sensor
I1008 15:43:44.658993 732747 Sensor.h:87] Deconstructing Sensor
I1008 15:43:44.659086 732747 Sensor.h:87] Deconstructing Sensor
I1008 15:43:44.659180 732747 Sensor.h:87] Deconstructing Sensor
I1008 15:43:44.659276 732747 Sensor.h:87] Deconstructing Sensor
I1008 15:43:44.659371 732747 Sensor.h:87] Deconstructing Sensor
I1008 15:43:44.659492 732747 Sensor.h:87] Deconstructing Sensor
I1008 15:43:44.659618 732747 Sensor.h:87] Deconstructing Sensor
I1008 15:43:44.659736 732747 Sensor.h:87] Deconstructing Sensor
I1008 15:43:44.659857 732747 Sensor.h:87] Deconstructing Sensor
I1008 15:43:44.659970 732747 Sensor.h:87] Deconstructing Sensor
I1008 15:43:44.660089 732747 Sensor.h:87] Deconstructing Sensor
I1008 15:43:44.660207 732747 Sensor.h:87] Deconstructing Sensor
I1008 15:43:44.660324 732747 Sensor.h:87] Deconstructing Sensor
I1008 15:43:44.660440 732747 Sensor.h:87] Deconstructing Sensor
I1008 15:43:44.660563 732747 Sensor.h:87] Deconstructing Sensor
I1008 15:43:44.660650 732747 Sensor.h:87] Deconstructing Sensor
I1008 15:43:44.663645 732747 Renderer.cpp:34] Deconstructing Renderer
I1008 15:43:44.663650 732747 WindowlessContext.h:17] Deconstructing WindowlessContext
I1008 15:43:44.666098 732747 MetadataMediator.cpp:56] MetadataMediator::setActiveSceneDatasetName : Old active dataset default changed to default successfully.
I1008 15:43:44.666548 732747 AttributesManagerBase.h:283] AttributesManager<T>::createFromJsonOrDefaultInternal  (Physics Manager) : Proposing JSON name : ./data/default.physics_config.json from original name : ./data/default.physics_config.json | This file  does not exist.
I1008 15:43:44.666576 732747 PhysicsAttributesManager.cpp:27] File (./data/default.physics_config.json) not found, so new default physics manager attributes created and registered.
I1008 15:43:44.666581 732747 AbstractObjectAttributesManagerBase.h:175] AbstractObjectAttributesManager<T>::createObject  (Stage) : Making attributes with handle : data/scene_datasets/mp3d/pRbA3pwrgk9/pRbA3pwrgk9.glb
I1008 15:43:44.666584 732747 ManagedContainerBase.cpp:19] ManagedContainerBase::convertFilenameToJSON : Filename : data/scene_datasets/mp3d/pRbA3pwrgk9/pRbA3pwrgk9.glb changed to proposed JSON configuration filename : data/scene_datasets/mp3d/pRbA3pwrgk9/pRbA3pwrgk9.stage_config.json
I1008 15:43:44.666599 732747 AttributesManagerBase.h:283] AttributesManager<T>::createFromJsonOrDefaultInternal  (Stage) : Proposing JSON name : data/scene_datasets/mp3d/pRbA3pwrgk9/pRbA3pwrgk9.stage_config.json from original name : data/scene_datasets/mp3d/pRbA3pwrgk9/pRbA3pwrgk9.glb | This file  does not exist.
I1008 15:43:44.666637 732747 AbstractObjectAttributesManagerBase.h:181] AbstractObjectAttributesManager<T>::createObject  (Stage) : Done making attributes with handle : data/scene_datasets/mp3d/pRbA3pwrgk9/pRbA3pwrgk9.glb
I1008 15:43:44.666638 732747 AbstractObjectAttributesManagerBase.h:188] File (data/scene_datasets/mp3d/pRbA3pwrgk9/pRbA3pwrgk9.glb) exists but is not a recognized config filename extension, so new default Stage attributes created and registered.
I1008 15:43:44.666641 732747 Simulator.cpp:156] Loading navmesh from data/scene_datasets/mp3d/pRbA3pwrgk9/pRbA3pwrgk9.navmesh
I1008 15:43:44.666739 732747 Simulator.cpp:158] Loaded.
I1008 15:43:44.666744 732747 SceneGraph.h:93] Created DrawableGroup: 
I1008 15:43:44.669973 732747 ResourceManager.cpp:234] ResourceManager::loadStage : Not loading semantic mesh
I1008 15:43:44.669986 732747 ResourceManager.cpp:262] ResourceManager::loadStage : start load render asset data/scene_datasets/mp3d/pRbA3pwrgk9/pRbA3pwrgk9.glb.
I1008 15:43:44.669986 732747 ResourceManager.cpp:569] ResourceManager::loadStageInternal : Attempting to load stage data/scene_datasets/mp3d/pRbA3pwrgk9/pRbA3pwrgk9.glb 
I1008 15:43:44.670006 732747 ResourceManager.cpp:1119] Importing Basis files as BC7 for pRbA3pwrgk9.glb
W1008 15:43:45.733335 732747 Simulator.cpp:248] :
---
 The active scene does not contain semantic annotations. 
---
I1008 15:43:45.781914 732747 simulator.py:213] Loaded navmesh data/scene_datasets/mp3d/pRbA3pwrgk9/pRbA3pwrgk9.navmesh
I1008 15:43:47.346006 732747 PhysicsManager.cpp:33] Deconstructing PhysicsManager
I1008 15:43:47.346031 732747 SemanticScene.h:41] Deconstructing SemanticScene
I1008 15:43:47.348932 732747 SceneManager.h:25] Deconstructing SceneManager
I1008 15:43:47.348939 732747 SceneGraph.h:26] Deconstructing SceneGraph
I1008 15:43:47.349417 732747 Sensor.h:87] Deconstructing Sensor
I1008 15:43:47.349680 732747 Sensor.h:87] Deconstructing Sensor
I1008 15:43:47.349802 732747 Sensor.h:87] Deconstructing Sensor
I1008 15:43:47.349927 732747 Sensor.h:87] Deconstructing Sensor
I1008 15:43:47.350047 732747 Sensor.h:87] Deconstructing Sensor
I1008 15:43:47.350164 732747 Sensor.h:87] Deconstructing Sensor
I1008 15:43:47.350281 732747 Sensor.h:87] Deconstructing Sensor
I1008 15:43:47.350394 732747 Sensor.h:87] Deconstructing Sensor
I1008 15:43:47.350512 732747 Sensor.h:87] Deconstructing Sensor
I1008 15:43:47.350631 732747 Sensor.h:87] Deconstructing Sensor
I1008 15:43:47.350749 732747 Sensor.h:87] Deconstructing Sensor
I1008 15:43:47.350868 732747 Sensor.h:87] Deconstructing Sensor
I1008 15:43:47.350983 732747 Sensor.h:87] Deconstructing Sensor
I1008 15:43:47.351130 732747 Sensor.h:87] Deconstructing Sensor
I1008 15:43:47.351276 732747 Sensor.h:87] Deconstructing Sensor
I1008 15:43:47.351416 732747 Sensor.h:87] Deconstructing Sensor
I1008 15:43:47.351564 732747 Sensor.h:87] Deconstructing Sensor
I1008 15:43:47.351707 732747 Sensor.h:87] Deconstructing Sensor
I1008 15:43:47.351853 732747 Sensor.h:87] Deconstructing Sensor
I1008 15:43:47.351998 732747 Sensor.h:87] Deconstructing Sensor
I1008 15:43:47.352149 732747 Sensor.h:87] Deconstructing Sensor
I1008 15:43:47.352289 732747 Sensor.h:87] Deconstructing Sensor
I1008 15:43:47.352439 732747 Sensor.h:87] Deconstructing Sensor
I1008 15:43:47.352530 732747 Sensor.h:87] Deconstructing Sensor
I1008 15:43:47.356988 732747 Renderer.cpp:34] Deconstructing Renderer
I1008 15:43:47.357003 732747 WindowlessContext.h:17] Deconstructing WindowlessContext
I1008 15:43:47.360270 732747 MetadataMediator.cpp:56] MetadataMediator::setActiveSceneDatasetName : Old active dataset default changed to default successfully.
I1008 15:43:47.360955 732747 AttributesManagerBase.h:283] AttributesManager<T>::createFromJsonOrDefaultInternal  (Physics Manager) : Proposing JSON name : ./data/default.physics_config.json from original name : ./data/default.physics_config.json | This file  does not exist.
I1008 15:43:47.360981 732747 PhysicsAttributesManager.cpp:27] File (./data/default.physics_config.json) not found, so new default physics manager attributes created and registered.
I1008 15:43:47.360987 732747 AbstractObjectAttributesManagerBase.h:175] AbstractObjectAttributesManager<T>::createObject  (Stage) : Making attributes with handle : data/scene_datasets/mp3d/JmbYfDe2QKZ/JmbYfDe2QKZ.glb
I1008 15:43:47.360991 732747 ManagedContainerBase.cpp:19] ManagedContainerBase::convertFilenameToJSON : Filename : data/scene_datasets/mp3d/JmbYfDe2QKZ/JmbYfDe2QKZ.glb changed to proposed JSON configuration filename : data/scene_datasets/mp3d/JmbYfDe2QKZ/JmbYfDe2QKZ.stage_config.json
I1008 15:43:47.361006 732747 AttributesManagerBase.h:283] AttributesManager<T>::createFromJsonOrDefaultInternal  (Stage) : Proposing JSON name : data/scene_datasets/mp3d/JmbYfDe2QKZ/JmbYfDe2QKZ.stage_config.json from original name : data/scene_datasets/mp3d/JmbYfDe2QKZ/JmbYfDe2QKZ.glb | This file  does not exist.
I1008 15:43:47.361052 732747 AbstractObjectAttributesManagerBase.h:181] AbstractObjectAttributesManager<T>::createObject  (Stage) : Done making attributes with handle : data/scene_datasets/mp3d/JmbYfDe2QKZ/JmbYfDe2QKZ.glb
I1008 15:43:47.361053 732747 AbstractObjectAttributesManagerBase.h:188] File (data/scene_datasets/mp3d/JmbYfDe2QKZ/JmbYfDe2QKZ.glb) exists but is not a recognized config filename extension, so new default Stage attributes created and registered.
I1008 15:43:47.361057 732747 Simulator.cpp:156] Loading navmesh from data/scene_datasets/mp3d/JmbYfDe2QKZ/JmbYfDe2QKZ.navmesh
I1008 15:43:47.361153 732747 Simulator.cpp:158] Loaded.
I1008 15:43:47.361158 732747 SceneGraph.h:93] Created DrawableGroup: 
I1008 15:43:47.364516 732747 ResourceManager.cpp:234] ResourceManager::loadStage : Not loading semantic mesh
I1008 15:43:47.364524 732747 ResourceManager.cpp:262] ResourceManager::loadStage : start load render asset data/scene_datasets/mp3d/JmbYfDe2QKZ/JmbYfDe2QKZ.glb.
I1008 15:43:47.364526 732747 ResourceManager.cpp:569] ResourceManager::loadStageInternal : Attempting to load stage data/scene_datasets/mp3d/JmbYfDe2QKZ/JmbYfDe2QKZ.glb 
I1008 15:43:47.364542 732747 ResourceManager.cpp:1119] Importing Basis files as BC7 for JmbYfDe2QKZ.glb
W1008 15:43:48.388780 732747 Simulator.cpp:248] :
---
 The active scene does not contain semantic annotations. 
---
I1008 15:43:48.432867 732747 simulator.py:213] Loaded navmesh data/scene_datasets/mp3d/JmbYfDe2QKZ/JmbYfDe2QKZ.navmesh
I1008 15:43:48.921221 732747 PhysicsManager.cpp:33] Deconstructing PhysicsManager
I1008 15:43:48.921242 732747 SemanticScene.h:41] Deconstructing SemanticScene
I1008 15:43:48.923728 732747 SceneManager.h:25] Deconstructing SceneManager
I1008 15:43:48.923734 732747 SceneGraph.h:26] Deconstructing SceneGraph
I1008 15:43:48.924101 732747 Sensor.h:87] Deconstructing Sensor
I1008 15:43:48.924458 732747 Sensor.h:87] Deconstructing Sensor
I1008 15:43:48.924561 732747 Sensor.h:87] Deconstructing Sensor
I1008 15:43:48.924671 732747 Sensor.h:87] Deconstructing Sensor
I1008 15:43:48.924772 732747 Sensor.h:87] Deconstructing Sensor
I1008 15:43:48.924866 732747 Sensor.h:87] Deconstructing Sensor
I1008 15:43:48.924970 732747 Sensor.h:87] Deconstructing Sensor
I1008 15:43:48.925073 732747 Sensor.h:87] Deconstructing Sensor
I1008 15:43:48.925175 732747 Sensor.h:87] Deconstructing Sensor
I1008 15:43:48.925271 732747 Sensor.h:87] Deconstructing Sensor
I1008 15:43:48.925366 732747 Sensor.h:87] Deconstructing Sensor
I1008 15:43:48.925465 732747 Sensor.h:87] Deconstructing Sensor
I1008 15:43:48.925562 732747 Sensor.h:87] Deconstructing Sensor
I1008 15:43:48.925685 732747 Sensor.h:87] Deconstructing Sensor
I1008 15:43:48.925819 732747 Sensor.h:87] Deconstructing Sensor
I1008 15:43:48.925937 732747 Sensor.h:87] Deconstructing Sensor
I1008 15:43:48.926062 732747 Sensor.h:87] Deconstructing Sensor
I1008 15:43:48.926180 732747 Sensor.h:87] Deconstructing Sensor
I1008 15:43:48.926304 732747 Sensor.h:87] Deconstructing Sensor
I1008 15:43:48.926425 732747 Sensor.h:87] Deconstructing Sensor
I1008 15:43:48.926543 732747 Sensor.h:87] Deconstructing Sensor
I1008 15:43:48.926663 732747 Sensor.h:87] Deconstructing Sensor
I1008 15:43:48.926786 732747 Sensor.h:87] Deconstructing Sensor
I1008 15:43:48.926858 732747 Sensor.h:87] Deconstructing Sensor
I1008 15:43:48.929642 732747 Renderer.cpp:34] Deconstructing Renderer
I1008 15:43:48.929656 732747 WindowlessContext.h:17] Deconstructing WindowlessContext
I1008 15:43:48.932188 732747 MetadataMediator.cpp:56] MetadataMediator::setActiveSceneDatasetName : Old active dataset default changed to default successfully.
I1008 15:43:48.932727 732747 AttributesManagerBase.h:283] AttributesManager<T>::createFromJsonOrDefaultInternal  (Physics Manager) : Proposing JSON name : ./data/default.physics_config.json from original name : ./data/default.physics_config.json | This file  does not exist.
I1008 15:43:48.932754 732747 PhysicsAttributesManager.cpp:27] File (./data/default.physics_config.json) not found, so new default physics manager attributes created and registered.
I1008 15:43:48.932760 732747 AbstractObjectAttributesManagerBase.h:175] AbstractObjectAttributesManager<T>::createObject  (Stage) : Making attributes with handle : data/scene_datasets/mp3d/ZMojNkEp431/ZMojNkEp431.glb
I1008 15:43:48.932762 732747 ManagedContainerBase.cpp:19] ManagedContainerBase::convertFilenameToJSON : Filename : data/scene_datasets/mp3d/ZMojNkEp431/ZMojNkEp431.glb changed to proposed JSON configuration filename : data/scene_datasets/mp3d/ZMojNkEp431/ZMojNkEp431.stage_config.json
I1008 15:43:48.932776 732747 AttributesManagerBase.h:283] AttributesManager<T>::createFromJsonOrDefaultInternal  (Stage) : Proposing JSON name : data/scene_datasets/mp3d/ZMojNkEp431/ZMojNkEp431.stage_config.json from original name : data/scene_datasets/mp3d/ZMojNkEp431/ZMojNkEp431.glb | This file  does not exist.
I1008 15:43:48.932821 732747 AbstractObjectAttributesManagerBase.h:181] AbstractObjectAttributesManager<T>::createObject  (Stage) : Done making attributes with handle : data/scene_datasets/mp3d/ZMojNkEp431/ZMojNkEp431.glb
I1008 15:43:48.932821 732747 AbstractObjectAttributesManagerBase.h:188] File (data/scene_datasets/mp3d/ZMojNkEp431/ZMojNkEp431.glb) exists but is not a recognized config filename extension, so new default Stage attributes created and registered.
I1008 15:43:48.932825 732747 Simulator.cpp:156] Loading navmesh from data/scene_datasets/mp3d/ZMojNkEp431/ZMojNkEp431.navmesh
I1008 15:43:48.932943 732747 Simulator.cpp:158] Loaded.
I1008 15:43:48.932948 732747 SceneGraph.h:93] Created DrawableGroup: 
I1008 15:43:48.936116 732747 ResourceManager.cpp:234] ResourceManager::loadStage : Not loading semantic mesh
I1008 15:43:48.936123 732747 ResourceManager.cpp:262] ResourceManager::loadStage : start load render asset data/scene_datasets/mp3d/ZMojNkEp431/ZMojNkEp431.glb.
I1008 15:43:48.936124 732747 ResourceManager.cpp:569] ResourceManager::loadStageInternal : Attempting to load stage data/scene_datasets/mp3d/ZMojNkEp431/ZMojNkEp431.glb 
I1008 15:43:48.936142 732747 ResourceManager.cpp:1119] Importing Basis files as BC7 for ZMojNkEp431.glb
W1008 15:43:50.159473 732747 Simulator.cpp:248] :
---
 The active scene does not contain semantic annotations. 
---
I1008 15:43:50.197634 732747 simulator.py:213] Loaded navmesh data/scene_datasets/mp3d/ZMojNkEp431/ZMojNkEp431.navmesh
I1008 15:43:50.381331 732747 PhysicsManager.cpp:33] Deconstructing PhysicsManager
I1008 15:43:50.381357 732747 SemanticScene.h:41] Deconstructing SemanticScene
I1008 15:43:50.383728 732747 SceneManager.h:25] Deconstructing SceneManager
I1008 15:43:50.383734 732747 SceneGraph.h:26] Deconstructing SceneGraph
I1008 15:43:50.384073 732747 Sensor.h:87] Deconstructing Sensor
I1008 15:43:50.384413 732747 Sensor.h:87] Deconstructing Sensor
I1008 15:43:50.384531 732747 Sensor.h:87] Deconstructing Sensor
I1008 15:43:50.384637 732747 Sensor.h:87] Deconstructing Sensor
I1008 15:43:50.384745 732747 Sensor.h:87] Deconstructing Sensor
I1008 15:43:50.384851 732747 Sensor.h:87] Deconstructing Sensor
I1008 15:43:50.384956 732747 Sensor.h:87] Deconstructing Sensor
I1008 15:43:50.385053 732747 Sensor.h:87] Deconstructing Sensor
I1008 15:43:50.385159 732747 Sensor.h:87] Deconstructing Sensor
I1008 15:43:50.385257 732747 Sensor.h:87] Deconstructing Sensor
I1008 15:43:50.385355 732747 Sensor.h:87] Deconstructing Sensor
I1008 15:43:50.385459 732747 Sensor.h:87] Deconstructing Sensor
I1008 15:43:50.385558 732747 Sensor.h:87] Deconstructing Sensor
I1008 15:43:50.385685 732747 Sensor.h:87] Deconstructing Sensor
I1008 15:43:50.385816 732747 Sensor.h:87] Deconstructing Sensor
I1008 15:43:50.385936 732747 Sensor.h:87] Deconstructing Sensor
I1008 15:43:50.386063 732747 Sensor.h:87] Deconstructing Sensor
I1008 15:43:50.386186 732747 Sensor.h:87] Deconstructing Sensor
I1008 15:43:50.386307 732747 Sensor.h:87] Deconstructing Sensor
I1008 15:43:50.386435 732747 Sensor.h:87] Deconstructing Sensor
I1008 15:43:50.386557 732747 Sensor.h:87] Deconstructing Sensor
I1008 15:43:50.386684 732747 Sensor.h:87] Deconstructing Sensor
I1008 15:43:50.386814 732747 Sensor.h:87] Deconstructing Sensor
I1008 15:43:50.386890 732747 Sensor.h:87] Deconstructing Sensor
I1008 15:43:50.389959 732747 Renderer.cpp:34] Deconstructing Renderer
I1008 15:43:50.389971 732747 WindowlessContext.h:17] Deconstructing WindowlessContext
I1008 15:43:50.393175 732747 MetadataMediator.cpp:56] MetadataMediator::setActiveSceneDatasetName : Old active dataset default changed to default successfully.
I1008 15:43:50.393790 732747 AttributesManagerBase.h:283] AttributesManager<T>::createFromJsonOrDefaultInternal  (Physics Manager) : Proposing JSON name : ./data/default.physics_config.json from original name : ./data/default.physics_config.json | This file  does not exist.
I1008 15:43:50.393814 732747 PhysicsAttributesManager.cpp:27] File (./data/default.physics_config.json) not found, so new default physics manager attributes created and registered.
I1008 15:43:50.393821 732747 AbstractObjectAttributesManagerBase.h:175] AbstractObjectAttributesManager<T>::createObject  (Stage) : Making attributes with handle : data/scene_datasets/mp3d/qoiz87JEwZ2/qoiz87JEwZ2.glb
I1008 15:43:50.393822 732747 ManagedContainerBase.cpp:19] ManagedContainerBase::convertFilenameToJSON : Filename : data/scene_datasets/mp3d/qoiz87JEwZ2/qoiz87JEwZ2.glb changed to proposed JSON configuration filename : data/scene_datasets/mp3d/qoiz87JEwZ2/qoiz87JEwZ2.stage_config.json
I1008 15:43:50.393838 732747 AttributesManagerBase.h:283] AttributesManager<T>::createFromJsonOrDefaultInternal  (Stage) : Proposing JSON name : data/scene_datasets/mp3d/qoiz87JEwZ2/qoiz87JEwZ2.stage_config.json from original name : data/scene_datasets/mp3d/qoiz87JEwZ2/qoiz87JEwZ2.glb | This file  does not exist.
I1008 15:43:50.393879 732747 AbstractObjectAttributesManagerBase.h:181] AbstractObjectAttributesManager<T>::createObject  (Stage) : Done making attributes with handle : data/scene_datasets/mp3d/qoiz87JEwZ2/qoiz87JEwZ2.glb
I1008 15:43:50.393880 732747 AbstractObjectAttributesManagerBase.h:188] File (data/scene_datasets/mp3d/qoiz87JEwZ2/qoiz87JEwZ2.glb) exists but is not a recognized config filename extension, so new default Stage attributes created and registered.
I1008 15:43:50.393884 732747 Simulator.cpp:156] Loading navmesh from data/scene_datasets/mp3d/qoiz87JEwZ2/qoiz87JEwZ2.navmesh
I1008 15:43:50.394016 732747 Simulator.cpp:158] Loaded.
I1008 15:43:50.394021 732747 SceneGraph.h:93] Created DrawableGroup: 
I1008 15:43:50.397181 732747 ResourceManager.cpp:234] ResourceManager::loadStage : Not loading semantic mesh
I1008 15:43:50.397186 732747 ResourceManager.cpp:262] ResourceManager::loadStage : start load render asset data/scene_datasets/mp3d/qoiz87JEwZ2/qoiz87JEwZ2.glb.
I1008 15:43:50.397187 732747 ResourceManager.cpp:569] ResourceManager::loadStageInternal : Attempting to load stage data/scene_datasets/mp3d/qoiz87JEwZ2/qoiz87JEwZ2.glb 
I1008 15:43:50.397199 732747 ResourceManager.cpp:1119] Importing Basis files as BC7 for qoiz87JEwZ2.glb
W1008 15:43:52.064988 732747 Simulator.cpp:248] :
---
 The active scene does not contain semantic annotations. 
---
I1008 15:43:52.122774 732747 simulator.py:213] Loaded navmesh data/scene_datasets/mp3d/qoiz87JEwZ2/qoiz87JEwZ2.navmesh
I1008 15:43:52.370577 732747 PhysicsManager.cpp:33] Deconstructing PhysicsManager
I1008 15:43:52.370602 732747 SemanticScene.h:41] Deconstructing SemanticScene
I1008 15:43:52.376046 732747 SceneManager.h:25] Deconstructing SceneManager
I1008 15:43:52.376070 732747 SceneGraph.h:26] Deconstructing SceneGraph
I1008 15:43:52.376456 732747 Sensor.h:87] Deconstructing Sensor
I1008 15:43:52.376919 732747 Sensor.h:87] Deconstructing Sensor
I1008 15:43:52.377027 732747 Sensor.h:87] Deconstructing Sensor
I1008 15:43:52.377135 732747 Sensor.h:87] Deconstructing Sensor
I1008 15:43:52.377240 732747 Sensor.h:87] Deconstructing Sensor
I1008 15:43:52.377341 732747 Sensor.h:87] Deconstructing Sensor
I1008 15:43:52.377446 732747 Sensor.h:87] Deconstructing Sensor
I1008 15:43:52.377545 732747 Sensor.h:87] Deconstructing Sensor
I1008 15:43:52.377653 732747 Sensor.h:87] Deconstructing Sensor
I1008 15:43:52.377802 732747 Sensor.h:87] Deconstructing Sensor
I1008 15:43:52.377933 732747 Sensor.h:87] Deconstructing Sensor
I1008 15:43:52.378037 732747 Sensor.h:87] Deconstructing Sensor
I1008 15:43:52.378135 732747 Sensor.h:87] Deconstructing Sensor
I1008 15:43:52.378262 732747 Sensor.h:87] Deconstructing Sensor
I1008 15:43:52.378391 732747 Sensor.h:87] Deconstructing Sensor
I1008 15:43:52.378510 732747 Sensor.h:87] Deconstructing Sensor
I1008 15:43:52.378636 732747 Sensor.h:87] Deconstructing Sensor
I1008 15:43:52.378762 732747 Sensor.h:87] Deconstructing Sensor
I1008 15:43:52.378966 732747 Sensor.h:87] Deconstructing Sensor
I1008 15:43:52.379093 732747 Sensor.h:87] Deconstructing Sensor
I1008 15:43:52.379216 732747 Sensor.h:87] Deconstructing Sensor
I1008 15:43:52.379335 732747 Sensor.h:87] Deconstructing Sensor
I1008 15:43:52.379463 732747 Sensor.h:87] Deconstructing Sensor
I1008 15:43:52.379565 732747 Sensor.h:87] Deconstructing Sensor
I1008 15:43:52.383178 732747 Renderer.cpp:34] Deconstructing Renderer
I1008 15:43:52.383195 732747 WindowlessContext.h:17] Deconstructing WindowlessContext
I1008 15:43:52.386494 732747 MetadataMediator.cpp:56] MetadataMediator::setActiveSceneDatasetName : Old active dataset default changed to default successfully.
I1008 15:43:52.387161 732747 AttributesManagerBase.h:283] AttributesManager<T>::createFromJsonOrDefaultInternal  (Physics Manager) : Proposing JSON name : ./data/default.physics_config.json from original name : ./data/default.physics_config.json | This file  does not exist.
I1008 15:43:52.387187 732747 PhysicsAttributesManager.cpp:27] File (./data/default.physics_config.json) not found, so new default physics manager attributes created and registered.
I1008 15:43:52.387190 732747 AbstractObjectAttributesManagerBase.h:175] AbstractObjectAttributesManager<T>::createObject  (Stage) : Making attributes with handle : data/scene_datasets/mp3d/2n8kARJN3HM/2n8kARJN3HM.glb
I1008 15:43:52.387193 732747 ManagedContainerBase.cpp:19] ManagedContainerBase::convertFilenameToJSON : Filename : data/scene_datasets/mp3d/2n8kARJN3HM/2n8kARJN3HM.glb changed to proposed JSON configuration filename : data/scene_datasets/mp3d/2n8kARJN3HM/2n8kARJN3HM.stage_config.json
I1008 15:43:52.387209 732747 AttributesManagerBase.h:283] AttributesManager<T>::createFromJsonOrDefaultInternal  (Stage) : Proposing JSON name : data/scene_datasets/mp3d/2n8kARJN3HM/2n8kARJN3HM.stage_config.json from original name : data/scene_datasets/mp3d/2n8kARJN3HM/2n8kARJN3HM.glb | This file  does not exist.
I1008 15:43:52.387257 732747 AbstractObjectAttributesManagerBase.h:181] AbstractObjectAttributesManager<T>::createObject  (Stage) : Done making attributes with handle : data/scene_datasets/mp3d/2n8kARJN3HM/2n8kARJN3HM.glb
I1008 15:43:52.387259 732747 AbstractObjectAttributesManagerBase.h:188] File (data/scene_datasets/mp3d/2n8kARJN3HM/2n8kARJN3HM.glb) exists but is not a recognized config filename extension, so new default Stage attributes created and registered.
I1008 15:43:52.387262 732747 Simulator.cpp:156] Loading navmesh from data/scene_datasets/mp3d/2n8kARJN3HM/2n8kARJN3HM.navmesh
I1008 15:43:52.387462 732747 Simulator.cpp:158] Loaded.
I1008 15:43:52.387467 732747 SceneGraph.h:93] Created DrawableGroup: 
I1008 15:43:52.390659 732747 ResourceManager.cpp:234] ResourceManager::loadStage : Not loading semantic mesh
I1008 15:43:52.390672 732747 ResourceManager.cpp:262] ResourceManager::loadStage : start load render asset data/scene_datasets/mp3d/2n8kARJN3HM/2n8kARJN3HM.glb.
I1008 15:43:52.390673 732747 ResourceManager.cpp:569] ResourceManager::loadStageInternal : Attempting to load stage data/scene_datasets/mp3d/2n8kARJN3HM/2n8kARJN3HM.glb 
I1008 15:43:52.390688 732747 ResourceManager.cpp:1119] Importing Basis files as BC7 for 2n8kARJN3HM.glb
W1008 15:43:54.984614 732747 Simulator.cpp:248] :
---
 The active scene does not contain semantic annotations. 
---
I1008 15:43:55.048856 732747 simulator.py:213] Loaded navmesh data/scene_datasets/mp3d/2n8kARJN3HM/2n8kARJN3HM.navmesh
I1008 15:43:55.687948 732747 PhysicsManager.cpp:33] Deconstructing PhysicsManager
I1008 15:43:55.687971 732747 SemanticScene.h:41] Deconstructing SemanticScene
I1008 15:43:55.691766 732747 SceneManager.h:25] Deconstructing SceneManager
I1008 15:43:55.691776 732747 SceneGraph.h:26] Deconstructing SceneGraph
I1008 15:43:55.692202 732747 Sensor.h:87] Deconstructing Sensor
I1008 15:43:55.692531 732747 Sensor.h:87] Deconstructing Sensor
I1008 15:43:55.692638 732747 Sensor.h:87] Deconstructing Sensor
I1008 15:43:55.692751 732747 Sensor.h:87] Deconstructing Sensor
I1008 15:43:55.692852 732747 Sensor.h:87] Deconstructing Sensor
I1008 15:43:55.692948 732747 Sensor.h:87] Deconstructing Sensor
I1008 15:43:55.693050 732747 Sensor.h:87] Deconstructing Sensor
I1008 15:43:55.693146 732747 Sensor.h:87] Deconstructing Sensor
I1008 15:43:55.693249 732747 Sensor.h:87] Deconstructing Sensor
I1008 15:43:55.693344 732747 Sensor.h:87] Deconstructing Sensor
I1008 15:43:55.693440 732747 Sensor.h:87] Deconstructing Sensor
I1008 15:43:55.693539 732747 Sensor.h:87] Deconstructing Sensor
I1008 15:43:55.693636 732747 Sensor.h:87] Deconstructing Sensor
I1008 15:43:55.693773 732747 Sensor.h:87] Deconstructing Sensor
I1008 15:43:55.693907 732747 Sensor.h:87] Deconstructing Sensor
I1008 15:43:55.694028 732747 Sensor.h:87] Deconstructing Sensor
I1008 15:43:55.694159 732747 Sensor.h:87] Deconstructing Sensor
I1008 15:43:55.694278 732747 Sensor.h:87] Deconstructing Sensor
I1008 15:43:55.694402 732747 Sensor.h:87] Deconstructing Sensor
I1008 15:43:55.694526 732747 Sensor.h:87] Deconstructing Sensor
I1008 15:43:55.694648 732747 Sensor.h:87] Deconstructing Sensor
I1008 15:43:55.694773 732747 Sensor.h:87] Deconstructing Sensor
I1008 15:43:55.694903 732747 Sensor.h:87] Deconstructing Sensor
I1008 15:43:55.694983 732747 Sensor.h:87] Deconstructing Sensor
I1008 15:43:55.703858 732747 Renderer.cpp:34] Deconstructing Renderer
I1008 15:43:55.703934 732747 WindowlessContext.h:17] Deconstructing WindowlessContext
I1008 15:43:55.711536 732747 MetadataMediator.cpp:56] MetadataMediator::setActiveSceneDatasetName : Old active dataset default changed to default successfully.
I1008 15:43:55.713107 732747 AttributesManagerBase.h:283] AttributesManager<T>::createFromJsonOrDefaultInternal  (Physics Manager) : Proposing JSON name : ./data/default.physics_config.json from original name : ./data/default.physics_config.json | This file  does not exist.
I1008 15:43:55.713146 732747 PhysicsAttributesManager.cpp:27] File (./data/default.physics_config.json) not found, so new default physics manager attributes created and registered.
I1008 15:43:55.713151 732747 AbstractObjectAttributesManagerBase.h:175] AbstractObjectAttributesManager<T>::createObject  (Stage) : Making attributes with handle : data/scene_datasets/mp3d/PX4nDJXEHrG/PX4nDJXEHrG.glb
I1008 15:43:55.713155 732747 ManagedContainerBase.cpp:19] ManagedContainerBase::convertFilenameToJSON : Filename : data/scene_datasets/mp3d/PX4nDJXEHrG/PX4nDJXEHrG.glb changed to proposed JSON configuration filename : data/scene_datasets/mp3d/PX4nDJXEHrG/PX4nDJXEHrG.stage_config.json
I1008 15:43:55.713169 732747 AttributesManagerBase.h:283] AttributesManager<T>::createFromJsonOrDefaultInternal  (Stage) : Proposing JSON name : data/scene_datasets/mp3d/PX4nDJXEHrG/PX4nDJXEHrG.stage_config.json from original name : data/scene_datasets/mp3d/PX4nDJXEHrG/PX4nDJXEHrG.glb | This file  does not exist.
I1008 15:43:55.713214 732747 AbstractObjectAttributesManagerBase.h:181] AbstractObjectAttributesManager<T>::createObject  (Stage) : Done making attributes with handle : data/scene_datasets/mp3d/PX4nDJXEHrG/PX4nDJXEHrG.glb
I1008 15:43:55.713217 732747 AbstractObjectAttributesManagerBase.h:188] File (data/scene_datasets/mp3d/PX4nDJXEHrG/PX4nDJXEHrG.glb) exists but is not a recognized config filename extension, so new default Stage attributes created and registered.
I1008 15:43:55.713219 732747 Simulator.cpp:156] Loading navmesh from data/scene_datasets/mp3d/PX4nDJXEHrG/PX4nDJXEHrG.navmesh
I1008 15:43:55.713517 732747 Simulator.cpp:158] Loaded.
I1008 15:43:55.713524 732747 SceneGraph.h:93] Created DrawableGroup: 
I1008 15:43:55.716908 732747 ResourceManager.cpp:234] ResourceManager::loadStage : Not loading semantic mesh
I1008 15:43:55.716915 732747 ResourceManager.cpp:262] ResourceManager::loadStage : start load render asset data/scene_datasets/mp3d/PX4nDJXEHrG/PX4nDJXEHrG.glb.
I1008 15:43:55.716917 732747 ResourceManager.cpp:569] ResourceManager::loadStageInternal : Attempting to load stage data/scene_datasets/mp3d/PX4nDJXEHrG/PX4nDJXEHrG.glb 
I1008 15:43:55.716935 732747 ResourceManager.cpp:1119] Importing Basis files as BC7 for PX4nDJXEHrG.glb
W1008 15:43:58.276954 732747 Simulator.cpp:248] :
---
 The active scene does not contain semantic annotations. 
---
I1008 15:43:58.359295 732747 simulator.py:213] Loaded navmesh data/scene_datasets/mp3d/PX4nDJXEHrG/PX4nDJXEHrG.navmesh
I1008 15:43:59.398424 732747 PhysicsManager.cpp:33] Deconstructing PhysicsManager
I1008 15:43:59.398456 732747 SemanticScene.h:41] Deconstructing SemanticScene
I1008 15:43:59.406967 732747 SceneManager.h:25] Deconstructing SceneManager
I1008 15:43:59.406989 732747 SceneGraph.h:26] Deconstructing SceneGraph
I1008 15:43:59.407415 732747 Sensor.h:87] Deconstructing Sensor
I1008 15:43:59.407833 732747 Sensor.h:87] Deconstructing Sensor
I1008 15:43:59.407955 732747 Sensor.h:87] Deconstructing Sensor
I1008 15:43:59.408071 732747 Sensor.h:87] Deconstructing Sensor
I1008 15:43:59.408175 732747 Sensor.h:87] Deconstructing Sensor
I1008 15:43:59.408278 732747 Sensor.h:87] Deconstructing Sensor
I1008 15:43:59.408384 732747 Sensor.h:87] Deconstructing Sensor
I1008 15:43:59.408486 732747 Sensor.h:87] Deconstructing Sensor
I1008 15:43:59.408589 732747 Sensor.h:87] Deconstructing Sensor
I1008 15:43:59.408691 732747 Sensor.h:87] Deconstructing Sensor
I1008 15:43:59.408792 732747 Sensor.h:87] Deconstructing Sensor
I1008 15:43:59.408898 732747 Sensor.h:87] Deconstructing Sensor
I1008 15:43:59.409000 732747 Sensor.h:87] Deconstructing Sensor
I1008 15:43:59.409127 732747 Sensor.h:87] Deconstructing Sensor
I1008 15:43:59.409265 732747 Sensor.h:87] Deconstructing Sensor
I1008 15:43:59.409389 732747 Sensor.h:87] Deconstructing Sensor
I1008 15:43:59.409518 732747 Sensor.h:87] Deconstructing Sensor
I1008 15:43:59.409637 732747 Sensor.h:87] Deconstructing Sensor
I1008 15:43:59.409761 732747 Sensor.h:87] Deconstructing Sensor
I1008 15:43:59.409897 732747 Sensor.h:87] Deconstructing Sensor
I1008 15:43:59.410020 732747 Sensor.h:87] Deconstructing Sensor
I1008 15:43:59.410138 732747 Sensor.h:87] Deconstructing Sensor
I1008 15:43:59.410267 732747 Sensor.h:87] Deconstructing Sensor
I1008 15:43:59.410439 732747 Sensor.h:87] Deconstructing Sensor
I1008 15:43:59.416028 732747 Renderer.cpp:34] Deconstructing Renderer
I1008 15:43:59.416045 732747 WindowlessContext.h:17] Deconstructing WindowlessContext
I1008 15:43:59.422081 732747 MetadataMediator.cpp:56] MetadataMediator::setActiveSceneDatasetName : Old active dataset default changed to default successfully.
I1008 15:43:59.423316 732747 AttributesManagerBase.h:283] AttributesManager<T>::createFromJsonOrDefaultInternal  (Physics Manager) : Proposing JSON name : ./data/default.physics_config.json from original name : ./data/default.physics_config.json | This file  does not exist.
I1008 15:43:59.423344 732747 PhysicsAttributesManager.cpp:27] File (./data/default.physics_config.json) not found, so new default physics manager attributes created and registered.
I1008 15:43:59.423350 732747 AbstractObjectAttributesManagerBase.h:175] AbstractObjectAttributesManager<T>::createObject  (Stage) : Making attributes with handle : data/scene_datasets/mp3d/qoiz87JEwZ2/qoiz87JEwZ2.glb
I1008 15:43:59.423352 732747 ManagedContainerBase.cpp:19] ManagedContainerBase::convertFilenameToJSON : Filename : data/scene_datasets/mp3d/qoiz87JEwZ2/qoiz87JEwZ2.glb changed to proposed JSON configuration filename : data/scene_datasets/mp3d/qoiz87JEwZ2/qoiz87JEwZ2.stage_config.json
I1008 15:43:59.423370 732747 AttributesManagerBase.h:283] AttributesManager<T>::createFromJsonOrDefaultInternal  (Stage) : Proposing JSON name : data/scene_datasets/mp3d/qoiz87JEwZ2/qoiz87JEwZ2.stage_config.json from original name : data/scene_datasets/mp3d/qoiz87JEwZ2/qoiz87JEwZ2.glb | This file  does not exist.
I1008 15:43:59.423412 732747 AbstractObjectAttributesManagerBase.h:181] AbstractObjectAttributesManager<T>::createObject  (Stage) : Done making attributes with handle : data/scene_datasets/mp3d/qoiz87JEwZ2/qoiz87JEwZ2.glb
I1008 15:43:59.423414 732747 AbstractObjectAttributesManagerBase.h:188] File (data/scene_datasets/mp3d/qoiz87JEwZ2/qoiz87JEwZ2.glb) exists but is not a recognized config filename extension, so new default Stage attributes created and registered.
I1008 15:43:59.423417 732747 Simulator.cpp:156] Loading navmesh from data/scene_datasets/mp3d/qoiz87JEwZ2/qoiz87JEwZ2.navmesh
I1008 15:43:59.423561 732747 Simulator.cpp:158] Loaded.
I1008 15:43:59.423566 732747 SceneGraph.h:93] Created DrawableGroup: 
I1008 15:43:59.426839 732747 ResourceManager.cpp:234] ResourceManager::loadStage : Not loading semantic mesh
I1008 15:43:59.426846 732747 ResourceManager.cpp:262] ResourceManager::loadStage : start load render asset data/scene_datasets/mp3d/qoiz87JEwZ2/qoiz87JEwZ2.glb.
I1008 15:43:59.426847 732747 ResourceManager.cpp:569] ResourceManager::loadStageInternal : Attempting to load stage data/scene_datasets/mp3d/qoiz87JEwZ2/qoiz87JEwZ2.glb 
I1008 15:43:59.426864 732747 ResourceManager.cpp:1119] Importing Basis files as BC7 for qoiz87JEwZ2.glb
W1008 15:44:01.086052 732747 Simulator.cpp:248] :
---
 The active scene does not contain semantic annotations. 
---
I1008 15:44:01.142080 732747 simulator.py:213] Loaded navmesh data/scene_datasets/mp3d/qoiz87JEwZ2/qoiz87JEwZ2.navmesh
I1008 15:44:02.666745 732747 PhysicsManager.cpp:33] Deconstructing PhysicsManager
I1008 15:44:02.666769 732747 SemanticScene.h:41] Deconstructing SemanticScene
I1008 15:44:02.669819 732747 SceneManager.h:25] Deconstructing SceneManager
I1008 15:44:02.669829 732747 SceneGraph.h:26] Deconstructing SceneGraph
I1008 15:44:02.670259 732747 Sensor.h:87] Deconstructing Sensor
I1008 15:44:02.670735 732747 Sensor.h:87] Deconstructing Sensor
I1008 15:44:02.670847 732747 Sensor.h:87] Deconstructing Sensor
I1008 15:44:02.670958 732747 Sensor.h:87] Deconstructing Sensor
I1008 15:44:02.671083 732747 Sensor.h:87] Deconstructing Sensor
I1008 15:44:02.671190 732747 Sensor.h:87] Deconstructing Sensor
I1008 15:44:02.671311 732747 Sensor.h:87] Deconstructing Sensor
I1008 15:44:02.671417 732747 Sensor.h:87] Deconstructing Sensor
I1008 15:44:02.671530 732747 Sensor.h:87] Deconstructing Sensor
I1008 15:44:02.671633 732747 Sensor.h:87] Deconstructing Sensor
I1008 15:44:02.671736 732747 Sensor.h:87] Deconstructing Sensor
I1008 15:44:02.671842 732747 Sensor.h:87] Deconstructing Sensor
I1008 15:44:02.671945 732747 Sensor.h:87] Deconstructing Sensor
I1008 15:44:02.672073 732747 Sensor.h:87] Deconstructing Sensor
I1008 15:44:02.672206 732747 Sensor.h:87] Deconstructing Sensor
I1008 15:44:02.672326 732747 Sensor.h:87] Deconstructing Sensor
I1008 15:44:02.672454 732747 Sensor.h:87] Deconstructing Sensor
I1008 15:44:02.672580 732747 Sensor.h:87] Deconstructing Sensor
I1008 15:44:02.672709 732747 Sensor.h:87] Deconstructing Sensor
I1008 15:44:02.672842 732747 Sensor.h:87] Deconstructing Sensor
I1008 15:44:02.672966 732747 Sensor.h:87] Deconstructing Sensor
I1008 15:44:02.673089 732747 Sensor.h:87] Deconstructing Sensor
I1008 15:44:02.673221 732747 Sensor.h:87] Deconstructing Sensor
I1008 15:44:02.673388 732747 Sensor.h:87] Deconstructing Sensor
I1008 15:44:02.677651 732747 Renderer.cpp:34] Deconstructing Renderer
I1008 15:44:02.677675 732747 WindowlessContext.h:17] Deconstructing WindowlessContext
I1008 15:44:02.681200 732747 MetadataMediator.cpp:56] MetadataMediator::setActiveSceneDatasetName : Old active dataset default changed to default successfully.
I1008 15:44:02.681988 732747 AttributesManagerBase.h:283] AttributesManager<T>::createFromJsonOrDefaultInternal  (Physics Manager) : Proposing JSON name : ./data/default.physics_config.json from original name : ./data/default.physics_config.json | This file  does not exist.
I1008 15:44:02.682013 732747 PhysicsAttributesManager.cpp:27] File (./data/default.physics_config.json) not found, so new default physics manager attributes created and registered.
I1008 15:44:02.682016 732747 AbstractObjectAttributesManagerBase.h:175] AbstractObjectAttributesManager<T>::createObject  (Stage) : Making attributes with handle : data/scene_datasets/mp3d/pRbA3pwrgk9/pRbA3pwrgk9.glb
I1008 15:44:02.682020 732747 ManagedContainerBase.cpp:19] ManagedContainerBase::convertFilenameToJSON : Filename : data/scene_datasets/mp3d/pRbA3pwrgk9/pRbA3pwrgk9.glb changed to proposed JSON configuration filename : data/scene_datasets/mp3d/pRbA3pwrgk9/pRbA3pwrgk9.stage_config.json
I1008 15:44:02.682034 732747 AttributesManagerBase.h:283] AttributesManager<T>::createFromJsonOrDefaultInternal  (Stage) : Proposing JSON name : data/scene_datasets/mp3d/pRbA3pwrgk9/pRbA3pwrgk9.stage_config.json from original name : data/scene_datasets/mp3d/pRbA3pwrgk9/pRbA3pwrgk9.glb | This file  does not exist.
I1008 15:44:02.682077 732747 AbstractObjectAttributesManagerBase.h:181] AbstractObjectAttributesManager<T>::createObject  (Stage) : Done making attributes with handle : data/scene_datasets/mp3d/pRbA3pwrgk9/pRbA3pwrgk9.glb
I1008 15:44:02.682078 732747 AbstractObjectAttributesManagerBase.h:188] File (data/scene_datasets/mp3d/pRbA3pwrgk9/pRbA3pwrgk9.glb) exists but is not a recognized config filename extension, so new default Stage attributes created and registered.
I1008 15:44:02.682081 732747 Simulator.cpp:156] Loading navmesh from data/scene_datasets/mp3d/pRbA3pwrgk9/pRbA3pwrgk9.navmesh
I1008 15:44:02.682215 732747 Simulator.cpp:158] Loaded.
I1008 15:44:02.682220 732747 SceneGraph.h:93] Created DrawableGroup: 
I1008 15:44:02.685420 732747 ResourceManager.cpp:234] ResourceManager::loadStage : Not loading semantic mesh
I1008 15:44:02.685427 732747 ResourceManager.cpp:262] ResourceManager::loadStage : start load render asset data/scene_datasets/mp3d/pRbA3pwrgk9/pRbA3pwrgk9.glb.
I1008 15:44:02.685429 732747 ResourceManager.cpp:569] ResourceManager::loadStageInternal : Attempting to load stage data/scene_datasets/mp3d/pRbA3pwrgk9/pRbA3pwrgk9.glb 
I1008 15:44:02.685447 732747 ResourceManager.cpp:1119] Importing Basis files as BC7 for pRbA3pwrgk9.glb
W1008 15:44:03.824710 732747 Simulator.cpp:248] :
---
 The active scene does not contain semantic annotations. 
---
I1008 15:44:03.876850 732747 simulator.py:213] Loaded navmesh data/scene_datasets/mp3d/pRbA3pwrgk9/pRbA3pwrgk9.navmesh
I1008 15:44:04.287899 732747 PhysicsManager.cpp:33] Deconstructing PhysicsManager
I1008 15:44:04.287919 732747 SemanticScene.h:41] Deconstructing SemanticScene
I1008 15:44:04.290535 732747 SceneManager.h:25] Deconstructing SceneManager
I1008 15:44:04.290539 732747 SceneGraph.h:26] Deconstructing SceneGraph
I1008 15:44:04.290886 732747 Sensor.h:87] Deconstructing Sensor
I1008 15:44:04.291178 732747 Sensor.h:87] Deconstructing Sensor
I1008 15:44:04.291276 732747 Sensor.h:87] Deconstructing Sensor
I1008 15:44:04.291381 732747 Sensor.h:87] Deconstructing Sensor
I1008 15:44:04.291479 732747 Sensor.h:87] Deconstructing Sensor
I1008 15:44:04.291574 732747 Sensor.h:87] Deconstructing Sensor
I1008 15:44:04.291675 732747 Sensor.h:87] Deconstructing Sensor
I1008 15:44:04.291770 732747 Sensor.h:87] Deconstructing Sensor
I1008 15:44:04.291872 732747 Sensor.h:87] Deconstructing Sensor
I1008 15:44:04.291970 732747 Sensor.h:87] Deconstructing Sensor
I1008 15:44:04.292064 732747 Sensor.h:87] Deconstructing Sensor
I1008 15:44:04.292162 732747 Sensor.h:87] Deconstructing Sensor
I1008 15:44:04.292263 732747 Sensor.h:87] Deconstructing Sensor
I1008 15:44:04.292389 732747 Sensor.h:87] Deconstructing Sensor
I1008 15:44:04.292514 732747 Sensor.h:87] Deconstructing Sensor
I1008 15:44:04.292634 732747 Sensor.h:87] Deconstructing Sensor
I1008 15:44:04.292758 732747 Sensor.h:87] Deconstructing Sensor
I1008 15:44:04.292874 732747 Sensor.h:87] Deconstructing Sensor
I1008 15:44:04.292994 732747 Sensor.h:87] Deconstructing Sensor
I1008 15:44:04.293113 732747 Sensor.h:87] Deconstructing Sensor
I1008 15:44:04.293231 732747 Sensor.h:87] Deconstructing Sensor
I1008 15:44:04.293352 732747 Sensor.h:87] Deconstructing Sensor
I1008 15:44:04.293474 732747 Sensor.h:87] Deconstructing Sensor
I1008 15:44:04.293547 732747 Sensor.h:87] Deconstructing Sensor
I1008 15:44:04.296567 732747 Renderer.cpp:34] Deconstructing Renderer
I1008 15:44:04.296572 732747 WindowlessContext.h:17] Deconstructing WindowlessContext
I1008 15:44:04.299343 732747 MetadataMediator.cpp:56] MetadataMediator::setActiveSceneDatasetName : Old active dataset default changed to default successfully.
I1008 15:44:04.299819 732747 AttributesManagerBase.h:283] AttributesManager<T>::createFromJsonOrDefaultInternal  (Physics Manager) : Proposing JSON name : ./data/default.physics_config.json from original name : ./data/default.physics_config.json | This file  does not exist.
I1008 15:44:04.299841 732747 PhysicsAttributesManager.cpp:27] File (./data/default.physics_config.json) not found, so new default physics manager attributes created and registered.
I1008 15:44:04.299846 732747 AbstractObjectAttributesManagerBase.h:175] AbstractObjectAttributesManager<T>::createObject  (Stage) : Making attributes with handle : data/scene_datasets/mp3d/qoiz87JEwZ2/qoiz87JEwZ2.glb
I1008 15:44:04.299849 732747 ManagedContainerBase.cpp:19] ManagedContainerBase::convertFilenameToJSON : Filename : data/scene_datasets/mp3d/qoiz87JEwZ2/qoiz87JEwZ2.glb changed to proposed JSON configuration filename : data/scene_datasets/mp3d/qoiz87JEwZ2/qoiz87JEwZ2.stage_config.json
I1008 15:44:04.299863 732747 AttributesManagerBase.h:283] AttributesManager<T>::createFromJsonOrDefaultInternal  (Stage) : Proposing JSON name : data/scene_datasets/mp3d/qoiz87JEwZ2/qoiz87JEwZ2.stage_config.json from original name : data/scene_datasets/mp3d/qoiz87JEwZ2/qoiz87JEwZ2.glb | This file  does not exist.
I1008 15:44:04.299901 732747 AbstractObjectAttributesManagerBase.h:181] AbstractObjectAttributesManager<T>::createObject  (Stage) : Done making attributes with handle : data/scene_datasets/mp3d/qoiz87JEwZ2/qoiz87JEwZ2.glb
I1008 15:44:04.299902 732747 AbstractObjectAttributesManagerBase.h:188] File (data/scene_datasets/mp3d/qoiz87JEwZ2/qoiz87JEwZ2.glb) exists but is not a recognized config filename extension, so new default Stage attributes created and registered.
I1008 15:44:04.299912 732747 Simulator.cpp:156] Loading navmesh from data/scene_datasets/mp3d/qoiz87JEwZ2/qoiz87JEwZ2.navmesh
I1008 15:44:04.300020 732747 Simulator.cpp:158] Loaded.
I1008 15:44:04.300024 732747 SceneGraph.h:93] Created DrawableGroup: 
I1008 15:44:04.303308 732747 ResourceManager.cpp:234] ResourceManager::loadStage : Not loading semantic mesh
I1008 15:44:04.303315 732747 ResourceManager.cpp:262] ResourceManager::loadStage : start load render asset data/scene_datasets/mp3d/qoiz87JEwZ2/qoiz87JEwZ2.glb.
I1008 15:44:04.303316 732747 ResourceManager.cpp:569] ResourceManager::loadStageInternal : Attempting to load stage data/scene_datasets/mp3d/qoiz87JEwZ2/qoiz87JEwZ2.glb 
I1008 15:44:04.303333 732747 ResourceManager.cpp:1119] Importing Basis files as BC7 for qoiz87JEwZ2.glb
W1008 15:44:05.873594 732747 Simulator.cpp:248] :
---
 The active scene does not contain semantic annotations. 
---
I1008 15:44:05.927778 732747 simulator.py:213] Loaded navmesh data/scene_datasets/mp3d/qoiz87JEwZ2/qoiz87JEwZ2.navmesh
I1008 15:44:06.453605 732747 PhysicsManager.cpp:33] Deconstructing PhysicsManager
I1008 15:44:06.453625 732747 SemanticScene.h:41] Deconstructing SemanticScene
I1008 15:44:06.456434 732747 SceneManager.h:25] Deconstructing SceneManager
I1008 15:44:06.456439 732747 SceneGraph.h:26] Deconstructing SceneGraph
I1008 15:44:06.456795 732747 Sensor.h:87] Deconstructing Sensor
I1008 15:44:06.457140 732747 Sensor.h:87] Deconstructing Sensor
I1008 15:44:06.457243 732747 Sensor.h:87] Deconstructing Sensor
I1008 15:44:06.457350 732747 Sensor.h:87] Deconstructing Sensor
I1008 15:44:06.457451 732747 Sensor.h:87] Deconstructing Sensor
I1008 15:44:06.457551 732747 Sensor.h:87] Deconstructing Sensor
I1008 15:44:06.457651 732747 Sensor.h:87] Deconstructing Sensor
I1008 15:44:06.457752 732747 Sensor.h:87] Deconstructing Sensor
I1008 15:44:06.457856 732747 Sensor.h:87] Deconstructing Sensor
I1008 15:44:06.457955 732747 Sensor.h:87] Deconstructing Sensor
I1008 15:44:06.458055 732747 Sensor.h:87] Deconstructing Sensor
I1008 15:44:06.458190 732747 Sensor.h:87] Deconstructing Sensor
I1008 15:44:06.458292 732747 Sensor.h:87] Deconstructing Sensor
I1008 15:44:06.458412 732747 Sensor.h:87] Deconstructing Sensor
I1008 15:44:06.458544 732747 Sensor.h:87] Deconstructing Sensor
I1008 15:44:06.458666 732747 Sensor.h:87] Deconstructing Sensor
I1008 15:44:06.458792 732747 Sensor.h:87] Deconstructing Sensor
I1008 15:44:06.458911 732747 Sensor.h:87] Deconstructing Sensor
I1008 15:44:06.459035 732747 Sensor.h:87] Deconstructing Sensor
I1008 15:44:06.459160 732747 Sensor.h:87] Deconstructing Sensor
I1008 15:44:06.459281 732747 Sensor.h:87] Deconstructing Sensor
I1008 15:44:06.459400 732747 Sensor.h:87] Deconstructing Sensor
I1008 15:44:06.459525 732747 Sensor.h:87] Deconstructing Sensor
I1008 15:44:06.459619 732747 Sensor.h:87] Deconstructing Sensor
I1008 15:44:06.462522 732747 Renderer.cpp:34] Deconstructing Renderer
I1008 15:44:06.462535 732747 WindowlessContext.h:17] Deconstructing WindowlessContext
I1008 15:44:06.465849 732747 MetadataMediator.cpp:56] MetadataMediator::setActiveSceneDatasetName : Old active dataset default changed to default successfully.
I1008 15:44:06.466660 732747 AttributesManagerBase.h:283] AttributesManager<T>::createFromJsonOrDefaultInternal  (Physics Manager) : Proposing JSON name : ./data/default.physics_config.json from original name : ./data/default.physics_config.json | This file  does not exist.
I1008 15:44:06.466691 732747 PhysicsAttributesManager.cpp:27] File (./data/default.physics_config.json) not found, so new default physics manager attributes created and registered.
I1008 15:44:06.466696 732747 AbstractObjectAttributesManagerBase.h:175] AbstractObjectAttributesManager<T>::createObject  (Stage) : Making attributes with handle : data/scene_datasets/mp3d/ur6pFq6Qu1A/ur6pFq6Qu1A.glb
I1008 15:44:06.466699 732747 ManagedContainerBase.cpp:19] ManagedContainerBase::convertFilenameToJSON : Filename : data/scene_datasets/mp3d/ur6pFq6Qu1A/ur6pFq6Qu1A.glb changed to proposed JSON configuration filename : data/scene_datasets/mp3d/ur6pFq6Qu1A/ur6pFq6Qu1A.stage_config.json
I1008 15:44:06.466720 732747 AttributesManagerBase.h:283] AttributesManager<T>::createFromJsonOrDefaultInternal  (Stage) : Proposing JSON name : data/scene_datasets/mp3d/ur6pFq6Qu1A/ur6pFq6Qu1A.stage_config.json from original name : data/scene_datasets/mp3d/ur6pFq6Qu1A/ur6pFq6Qu1A.glb | This file  does not exist.
I1008 15:44:06.466765 732747 AbstractObjectAttributesManagerBase.h:181] AbstractObjectAttributesManager<T>::createObject  (Stage) : Done making attributes with handle : data/scene_datasets/mp3d/ur6pFq6Qu1A/ur6pFq6Qu1A.glb
I1008 15:44:06.466766 732747 AbstractObjectAttributesManagerBase.h:188] File (data/scene_datasets/mp3d/ur6pFq6Qu1A/ur6pFq6Qu1A.glb) exists but is not a recognized config filename extension, so new default Stage attributes created and registered.
I1008 15:44:06.466770 732747 Simulator.cpp:156] Loading navmesh from data/scene_datasets/mp3d/ur6pFq6Qu1A/ur6pFq6Qu1A.navmesh
I1008 15:44:06.466995 732747 Simulator.cpp:158] Loaded.
I1008 15:44:06.467000 732747 SceneGraph.h:93] Created DrawableGroup: 
I1008 15:44:06.472237 732747 ResourceManager.cpp:234] ResourceManager::loadStage : Not loading semantic mesh
I1008 15:44:06.472249 732747 ResourceManager.cpp:262] ResourceManager::loadStage : start load render asset data/scene_datasets/mp3d/ur6pFq6Qu1A/ur6pFq6Qu1A.glb.
I1008 15:44:06.472251 732747 ResourceManager.cpp:569] ResourceManager::loadStageInternal : Attempting to load stage data/scene_datasets/mp3d/ur6pFq6Qu1A/ur6pFq6Qu1A.glb 
I1008 15:44:06.472275 732747 ResourceManager.cpp:1119] Importing Basis files as BC7 for ur6pFq6Qu1A.glb
W1008 15:44:08.626837 732747 Simulator.cpp:248] :
---
 The active scene does not contain semantic annotations. 
---
I1008 15:44:08.685893 732747 simulator.py:213] Loaded navmesh data/scene_datasets/mp3d/ur6pFq6Qu1A/ur6pFq6Qu1A.navmesh
I1008 15:44:09.017486 732747 PhysicsManager.cpp:33] Deconstructing PhysicsManager
I1008 15:44:09.017518 732747 SemanticScene.h:41] Deconstructing SemanticScene
I1008 15:44:09.021647 732747 SceneManager.h:25] Deconstructing SceneManager
I1008 15:44:09.021665 732747 SceneGraph.h:26] Deconstructing SceneGraph
I1008 15:44:09.022130 732747 Sensor.h:87] Deconstructing Sensor
I1008 15:44:09.022996 732747 Sensor.h:87] Deconstructing Sensor
I1008 15:44:09.023128 732747 Sensor.h:87] Deconstructing Sensor
I1008 15:44:09.023252 732747 Sensor.h:87] Deconstructing Sensor
I1008 15:44:09.023370 732747 Sensor.h:87] Deconstructing Sensor
I1008 15:44:09.023488 732747 Sensor.h:87] Deconstructing Sensor
I1008 15:44:09.023610 732747 Sensor.h:87] Deconstructing Sensor
I1008 15:44:09.023729 732747 Sensor.h:87] Deconstructing Sensor
I1008 15:44:09.023855 732747 Sensor.h:87] Deconstructing Sensor
I1008 15:44:09.023970 732747 Sensor.h:87] Deconstructing Sensor
I1008 15:44:09.024086 732747 Sensor.h:87] Deconstructing Sensor
I1008 15:44:09.024205 732747 Sensor.h:87] Deconstructing Sensor
I1008 15:44:09.024323 732747 Sensor.h:87] Deconstructing Sensor
I1008 15:44:09.024480 732747 Sensor.h:87] Deconstructing Sensor
I1008 15:44:09.024632 732747 Sensor.h:87] Deconstructing Sensor
I1008 15:44:09.024778 732747 Sensor.h:87] Deconstructing Sensor
I1008 15:44:09.024930 732747 Sensor.h:87] Deconstructing Sensor
I1008 15:44:09.025077 732747 Sensor.h:87] Deconstructing Sensor
I1008 15:44:09.025230 732747 Sensor.h:87] Deconstructing Sensor
I1008 15:44:09.025382 732747 Sensor.h:87] Deconstructing Sensor
I1008 15:44:09.025527 732747 Sensor.h:87] Deconstructing Sensor
I1008 15:44:09.025674 732747 Sensor.h:87] Deconstructing Sensor
I1008 15:44:09.025825 732747 Sensor.h:87] Deconstructing Sensor
I1008 15:44:09.025923 732747 Sensor.h:87] Deconstructing Sensor
I1008 15:44:09.031776 732747 Renderer.cpp:34] Deconstructing Renderer
I1008 15:44:09.031808 732747 WindowlessContext.h:17] Deconstructing WindowlessContext
I1008 15:44:09.038094 732747 MetadataMediator.cpp:56] MetadataMediator::setActiveSceneDatasetName : Old active dataset default changed to default successfully.
I1008 15:44:09.039752 732747 AttributesManagerBase.h:283] AttributesManager<T>::createFromJsonOrDefaultInternal  (Physics Manager) : Proposing JSON name : ./data/default.physics_config.json from original name : ./data/default.physics_config.json | This file  does not exist.
I1008 15:44:09.039822 732747 PhysicsAttributesManager.cpp:27] File (./data/default.physics_config.json) not found, so new default physics manager attributes created and registered.
I1008 15:44:09.039830 732747 AbstractObjectAttributesManagerBase.h:175] AbstractObjectAttributesManager<T>::createObject  (Stage) : Making attributes with handle : data/scene_datasets/mp3d/JmbYfDe2QKZ/JmbYfDe2QKZ.glb
I1008 15:44:09.039834 732747 ManagedContainerBase.cpp:19] ManagedContainerBase::convertFilenameToJSON : Filename : data/scene_datasets/mp3d/JmbYfDe2QKZ/JmbYfDe2QKZ.glb changed to proposed JSON configuration filename : data/scene_datasets/mp3d/JmbYfDe2QKZ/JmbYfDe2QKZ.stage_config.json
I1008 15:44:09.039852 732747 AttributesManagerBase.h:283] AttributesManager<T>::createFromJsonOrDefaultInternal  (Stage) : Proposing JSON name : data/scene_datasets/mp3d/JmbYfDe2QKZ/JmbYfDe2QKZ.stage_config.json from original name : data/scene_datasets/mp3d/JmbYfDe2QKZ/JmbYfDe2QKZ.glb | This file  does not exist.
I1008 15:44:09.039907 732747 AbstractObjectAttributesManagerBase.h:181] AbstractObjectAttributesManager<T>::createObject  (Stage) : Done making attributes with handle : data/scene_datasets/mp3d/JmbYfDe2QKZ/JmbYfDe2QKZ.glb
I1008 15:44:09.039909 732747 AbstractObjectAttributesManagerBase.h:188] File (data/scene_datasets/mp3d/JmbYfDe2QKZ/JmbYfDe2QKZ.glb) exists but is not a recognized config filename extension, so new default Stage attributes created and registered.
I1008 15:44:09.039913 732747 Simulator.cpp:156] Loading navmesh from data/scene_datasets/mp3d/JmbYfDe2QKZ/JmbYfDe2QKZ.navmesh
I1008 15:44:09.040043 732747 Simulator.cpp:158] Loaded.
I1008 15:44:09.040051 732747 SceneGraph.h:93] Created DrawableGroup: 
I1008 15:44:09.044659 732747 ResourceManager.cpp:234] ResourceManager::loadStage : Not loading semantic mesh
I1008 15:44:09.044679 732747 ResourceManager.cpp:262] ResourceManager::loadStage : start load render asset data/scene_datasets/mp3d/JmbYfDe2QKZ/JmbYfDe2QKZ.glb.
I1008 15:44:09.044680 732747 ResourceManager.cpp:569] ResourceManager::loadStageInternal : Attempting to load stage data/scene_datasets/mp3d/JmbYfDe2QKZ/JmbYfDe2QKZ.glb 
I1008 15:44:09.044708 732747 ResourceManager.cpp:1119] Importing Basis files as BC7 for JmbYfDe2QKZ.glb
W1008 15:44:10.179360 732747 Simulator.cpp:248] :
---
 The active scene does not contain semantic annotations. 
---
I1008 15:44:10.226632 732747 simulator.py:213] Loaded navmesh data/scene_datasets/mp3d/JmbYfDe2QKZ/JmbYfDe2QKZ.navmesh
I1008 15:44:10.849825 732747 PhysicsManager.cpp:33] Deconstructing PhysicsManager
I1008 15:44:10.849848 732747 SemanticScene.h:41] Deconstructing SemanticScene
I1008 15:44:10.852669 732747 SceneManager.h:25] Deconstructing SceneManager
I1008 15:44:10.852679 732747 SceneGraph.h:26] Deconstructing SceneGraph
I1008 15:44:10.853163 732747 Sensor.h:87] Deconstructing Sensor
I1008 15:44:10.853704 732747 Sensor.h:87] Deconstructing Sensor
I1008 15:44:10.853823 732747 Sensor.h:87] Deconstructing Sensor
I1008 15:44:10.853929 732747 Sensor.h:87] Deconstructing Sensor
I1008 15:44:10.854036 732747 Sensor.h:87] Deconstructing Sensor
I1008 15:44:10.854137 732747 Sensor.h:87] Deconstructing Sensor
I1008 15:44:10.854239 732747 Sensor.h:87] Deconstructing Sensor
I1008 15:44:10.854338 732747 Sensor.h:87] Deconstructing Sensor
I1008 15:44:10.854441 732747 Sensor.h:87] Deconstructing Sensor
I1008 15:44:10.854538 732747 Sensor.h:87] Deconstructing Sensor
I1008 15:44:10.854635 732747 Sensor.h:87] Deconstructing Sensor
I1008 15:44:10.854738 732747 Sensor.h:87] Deconstructing Sensor
I1008 15:44:10.854837 732747 Sensor.h:87] Deconstructing Sensor
I1008 15:44:10.854966 732747 Sensor.h:87] Deconstructing Sensor
I1008 15:44:10.855095 732747 Sensor.h:87] Deconstructing Sensor
I1008 15:44:10.855216 732747 Sensor.h:87] Deconstructing Sensor
I1008 15:44:10.855341 732747 Sensor.h:87] Deconstructing Sensor
I1008 15:44:10.855471 732747 Sensor.h:87] Deconstructing Sensor
I1008 15:44:10.855597 732747 Sensor.h:87] Deconstructing Sensor
I1008 15:44:10.855720 732747 Sensor.h:87] Deconstructing Sensor
I1008 15:44:10.855840 732747 Sensor.h:87] Deconstructing Sensor
I1008 15:44:10.855959 732747 Sensor.h:87] Deconstructing Sensor
I1008 15:44:10.856089 732747 Sensor.h:87] Deconstructing Sensor
I1008 15:44:10.856177 732747 Sensor.h:87] Deconstructing Sensor
I1008 15:44:10.859391 732747 Renderer.cpp:34] Deconstructing Renderer
I1008 15:44:10.859407 732747 WindowlessContext.h:17] Deconstructing WindowlessContext
I1008 15:44:10.862159 732747 MetadataMediator.cpp:56] MetadataMediator::setActiveSceneDatasetName : Old active dataset default changed to default successfully.
I1008 15:44:10.862888 732747 AttributesManagerBase.h:283] AttributesManager<T>::createFromJsonOrDefaultInternal  (Physics Manager) : Proposing JSON name : ./data/default.physics_config.json from original name : ./data/default.physics_config.json | This file  does not exist.
I1008 15:44:10.862912 732747 PhysicsAttributesManager.cpp:27] File (./data/default.physics_config.json) not found, so new default physics manager attributes created and registered.
I1008 15:44:10.862917 732747 AbstractObjectAttributesManagerBase.h:175] AbstractObjectAttributesManager<T>::createObject  (Stage) : Making attributes with handle : data/scene_datasets/mp3d/D7N2EKCX4Sj/D7N2EKCX4Sj.glb
I1008 15:44:10.862920 732747 ManagedContainerBase.cpp:19] ManagedContainerBase::convertFilenameToJSON : Filename : data/scene_datasets/mp3d/D7N2EKCX4Sj/D7N2EKCX4Sj.glb changed to proposed JSON configuration filename : data/scene_datasets/mp3d/D7N2EKCX4Sj/D7N2EKCX4Sj.stage_config.json
I1008 15:44:10.862934 732747 AttributesManagerBase.h:283] AttributesManager<T>::createFromJsonOrDefaultInternal  (Stage) : Proposing JSON name : data/scene_datasets/mp3d/D7N2EKCX4Sj/D7N2EKCX4Sj.stage_config.json from original name : data/scene_datasets/mp3d/D7N2EKCX4Sj/D7N2EKCX4Sj.glb | This file  does not exist.
I1008 15:44:10.862975 732747 AbstractObjectAttributesManagerBase.h:181] AbstractObjectAttributesManager<T>::createObject  (Stage) : Done making attributes with handle : data/scene_datasets/mp3d/D7N2EKCX4Sj/D7N2EKCX4Sj.glb
I1008 15:44:10.862977 732747 AbstractObjectAttributesManagerBase.h:188] File (data/scene_datasets/mp3d/D7N2EKCX4Sj/D7N2EKCX4Sj.glb) exists but is not a recognized config filename extension, so new default Stage attributes created and registered.
I1008 15:44:10.862979 732747 Simulator.cpp:156] Loading navmesh from data/scene_datasets/mp3d/D7N2EKCX4Sj/D7N2EKCX4Sj.navmesh
I1008 15:44:10.863315 732747 Simulator.cpp:158] Loaded.
I1008 15:44:10.863320 732747 SceneGraph.h:93] Created DrawableGroup: 
I1008 15:44:10.866758 732747 ResourceManager.cpp:234] ResourceManager::loadStage : Not loading semantic mesh
I1008 15:44:10.866767 732747 ResourceManager.cpp:262] ResourceManager::loadStage : start load render asset data/scene_datasets/mp3d/D7N2EKCX4Sj/D7N2EKCX4Sj.glb.
I1008 15:44:10.866768 732747 ResourceManager.cpp:569] ResourceManager::loadStageInternal : Attempting to load stage data/scene_datasets/mp3d/D7N2EKCX4Sj/D7N2EKCX4Sj.glb 
I1008 15:44:10.866791 732747 ResourceManager.cpp:1119] Importing Basis files as BC7 for D7N2EKCX4Sj.glb
W1008 15:44:14.947269 732747 Simulator.cpp:248] :
---
 The active scene does not contain semantic annotations. 
---
I1008 15:44:15.063380 732747 simulator.py:213] Loaded navmesh data/scene_datasets/mp3d/D7N2EKCX4Sj/D7N2EKCX4Sj.navmesh
I1008 15:44:15.562616 732747 PhysicsManager.cpp:33] Deconstructing PhysicsManager
I1008 15:44:15.562637 732747 SemanticScene.h:41] Deconstructing SemanticScene
I1008 15:44:15.568010 732747 SceneManager.h:25] Deconstructing SceneManager
I1008 15:44:15.568025 732747 SceneGraph.h:26] Deconstructing SceneGraph
I1008 15:44:15.568513 732747 Sensor.h:87] Deconstructing Sensor
I1008 15:44:15.569015 732747 Sensor.h:87] Deconstructing Sensor
I1008 15:44:15.569125 732747 Sensor.h:87] Deconstructing Sensor
I1008 15:44:15.569234 732747 Sensor.h:87] Deconstructing Sensor
I1008 15:44:15.569350 732747 Sensor.h:87] Deconstructing Sensor
I1008 15:44:15.569453 732747 Sensor.h:87] Deconstructing Sensor
I1008 15:44:15.569561 732747 Sensor.h:87] Deconstructing Sensor
I1008 15:44:15.569666 732747 Sensor.h:87] Deconstructing Sensor
I1008 15:44:15.569777 732747 Sensor.h:87] Deconstructing Sensor
I1008 15:44:15.570333 732747 Sensor.h:87] Deconstructing Sensor
I1008 15:44:15.570437 732747 Sensor.h:87] Deconstructing Sensor
I1008 15:44:15.570669 732747 Sensor.h:87] Deconstructing Sensor
I1008 15:44:15.570783 732747 Sensor.h:87] Deconstructing Sensor
I1008 15:44:15.570909 732747 Sensor.h:87] Deconstructing Sensor
I1008 15:44:15.571050 732747 Sensor.h:87] Deconstructing Sensor
I1008 15:44:15.571172 732747 Sensor.h:87] Deconstructing Sensor
I1008 15:44:15.571301 732747 Sensor.h:87] Deconstructing Sensor
I1008 15:44:15.571420 732747 Sensor.h:87] Deconstructing Sensor
I1008 15:44:15.571540 732747 Sensor.h:87] Deconstructing Sensor
I1008 15:44:15.571666 732747 Sensor.h:87] Deconstructing Sensor
I1008 15:44:15.571787 732747 Sensor.h:87] Deconstructing Sensor
I1008 15:44:15.571905 732747 Sensor.h:87] Deconstructing Sensor
I1008 15:44:15.572038 732747 Sensor.h:87] Deconstructing Sensor
I1008 15:44:15.572113 732747 Sensor.h:87] Deconstructing Sensor
I1008 15:44:15.579586 732747 Renderer.cpp:34] Deconstructing Renderer
I1008 15:44:15.579605 732747 WindowlessContext.h:17] Deconstructing WindowlessContext
I1008 15:44:15.586366 732747 MetadataMediator.cpp:56] MetadataMediator::setActiveSceneDatasetName : Old active dataset default changed to default successfully.
I1008 15:44:15.587563 732747 AttributesManagerBase.h:283] AttributesManager<T>::createFromJsonOrDefaultInternal  (Physics Manager) : Proposing JSON name : ./data/default.physics_config.json from original name : ./data/default.physics_config.json | This file  does not exist.
I1008 15:44:15.587590 732747 PhysicsAttributesManager.cpp:27] File (./data/default.physics_config.json) not found, so new default physics manager attributes created and registered.
I1008 15:44:15.587595 732747 AbstractObjectAttributesManagerBase.h:175] AbstractObjectAttributesManager<T>::createObject  (Stage) : Making attributes with handle : data/scene_datasets/mp3d/JmbYfDe2QKZ/JmbYfDe2QKZ.glb
I1008 15:44:15.587599 732747 ManagedContainerBase.cpp:19] ManagedContainerBase::convertFilenameToJSON : Filename : data/scene_datasets/mp3d/JmbYfDe2QKZ/JmbYfDe2QKZ.glb changed to proposed JSON configuration filename : data/scene_datasets/mp3d/JmbYfDe2QKZ/JmbYfDe2QKZ.stage_config.json
I1008 15:44:15.587613 732747 AttributesManagerBase.h:283] AttributesManager<T>::createFromJsonOrDefaultInternal  (Stage) : Proposing JSON name : data/scene_datasets/mp3d/JmbYfDe2QKZ/JmbYfDe2QKZ.stage_config.json from original name : data/scene_datasets/mp3d/JmbYfDe2QKZ/JmbYfDe2QKZ.glb | This file  does not exist.
I1008 15:44:15.587667 732747 AbstractObjectAttributesManagerBase.h:181] AbstractObjectAttributesManager<T>::createObject  (Stage) : Done making attributes with handle : data/scene_datasets/mp3d/JmbYfDe2QKZ/JmbYfDe2QKZ.glb
I1008 15:44:15.587668 732747 AbstractObjectAttributesManagerBase.h:188] File (data/scene_datasets/mp3d/JmbYfDe2QKZ/JmbYfDe2QKZ.glb) exists but is not a recognized config filename extension, so new default Stage attributes created and registered.
I1008 15:44:15.587672 732747 Simulator.cpp:156] Loading navmesh from data/scene_datasets/mp3d/JmbYfDe2QKZ/JmbYfDe2QKZ.navmesh
I1008 15:44:15.587772 732747 Simulator.cpp:158] Loaded.
I1008 15:44:15.587777 732747 SceneGraph.h:93] Created DrawableGroup: 
I1008 15:44:15.591079 732747 ResourceManager.cpp:234] ResourceManager::loadStage : Not loading semantic mesh
I1008 15:44:15.591086 732747 ResourceManager.cpp:262] ResourceManager::loadStage : start load render asset data/scene_datasets/mp3d/JmbYfDe2QKZ/JmbYfDe2QKZ.glb.
I1008 15:44:15.591087 732747 ResourceManager.cpp:569] ResourceManager::loadStageInternal : Attempting to load stage data/scene_datasets/mp3d/JmbYfDe2QKZ/JmbYfDe2QKZ.glb 
I1008 15:44:15.591100 732747 ResourceManager.cpp:1119] Importing Basis files as BC7 for JmbYfDe2QKZ.glb
W1008 15:44:16.635068 732747 Simulator.cpp:248] :
---
 The active scene does not contain semantic annotations. 
---
I1008 15:44:16.681689 732747 simulator.py:213] Loaded navmesh data/scene_datasets/mp3d/JmbYfDe2QKZ/JmbYfDe2QKZ.navmesh
I1008 15:44:17.005278 732747 PhysicsManager.cpp:33] Deconstructing PhysicsManager
I1008 15:44:17.005301 732747 SemanticScene.h:41] Deconstructing SemanticScene
I1008 15:44:17.009948 732747 SceneManager.h:25] Deconstructing SceneManager
I1008 15:44:17.009960 732747 SceneGraph.h:26] Deconstructing SceneGraph
I1008 15:44:17.010342 732747 Sensor.h:87] Deconstructing Sensor
I1008 15:44:17.010701 732747 Sensor.h:87] Deconstructing Sensor
I1008 15:44:17.010808 732747 Sensor.h:87] Deconstructing Sensor
I1008 15:44:17.010917 732747 Sensor.h:87] Deconstructing Sensor
I1008 15:44:17.011021 732747 Sensor.h:87] Deconstructing Sensor
I1008 15:44:17.011121 732747 Sensor.h:87] Deconstructing Sensor
I1008 15:44:17.011225 732747 Sensor.h:87] Deconstructing Sensor
I1008 15:44:17.011324 732747 Sensor.h:87] Deconstructing Sensor
I1008 15:44:17.011427 732747 Sensor.h:87] Deconstructing Sensor
I1008 15:44:17.011525 732747 Sensor.h:87] Deconstructing Sensor
I1008 15:44:17.011622 732747 Sensor.h:87] Deconstructing Sensor
I1008 15:44:17.011726 732747 Sensor.h:87] Deconstructing Sensor
I1008 15:44:17.011826 732747 Sensor.h:87] Deconstructing Sensor
I1008 15:44:17.011950 732747 Sensor.h:87] Deconstructing Sensor
I1008 15:44:17.012080 732747 Sensor.h:87] Deconstructing Sensor
I1008 15:44:17.012202 732747 Sensor.h:87] Deconstructing Sensor
I1008 15:44:17.012329 732747 Sensor.h:87] Deconstructing Sensor
I1008 15:44:17.012449 732747 Sensor.h:87] Deconstructing Sensor
I1008 15:44:17.012571 732747 Sensor.h:87] Deconstructing Sensor
I1008 15:44:17.012697 732747 Sensor.h:87] Deconstructing Sensor
I1008 15:44:17.012830 732747 Sensor.h:87] Deconstructing Sensor
I1008 15:44:17.012959 732747 Sensor.h:87] Deconstructing Sensor
I1008 15:44:17.013085 732747 Sensor.h:87] Deconstructing Sensor
I1008 15:44:17.013245 732747 Sensor.h:87] Deconstructing Sensor
I1008 15:44:17.017015 732747 Renderer.cpp:34] Deconstructing Renderer
I1008 15:44:17.017024 732747 WindowlessContext.h:17] Deconstructing WindowlessContext
I1008 15:44:17.019551 732747 MetadataMediator.cpp:56] MetadataMediator::setActiveSceneDatasetName : Old active dataset default changed to default successfully.
I1008 15:44:17.020074 732747 AttributesManagerBase.h:283] AttributesManager<T>::createFromJsonOrDefaultInternal  (Physics Manager) : Proposing JSON name : ./data/default.physics_config.json from original name : ./data/default.physics_config.json | This file  does not exist.
I1008 15:44:17.020098 732747 PhysicsAttributesManager.cpp:27] File (./data/default.physics_config.json) not found, so new default physics manager attributes created and registered.
I1008 15:44:17.020102 732747 AbstractObjectAttributesManagerBase.h:175] AbstractObjectAttributesManager<T>::createObject  (Stage) : Making attributes with handle : data/scene_datasets/mp3d/2n8kARJN3HM/2n8kARJN3HM.glb
I1008 15:44:17.020107 732747 ManagedContainerBase.cpp:19] ManagedContainerBase::convertFilenameToJSON : Filename : data/scene_datasets/mp3d/2n8kARJN3HM/2n8kARJN3HM.glb changed to proposed JSON configuration filename : data/scene_datasets/mp3d/2n8kARJN3HM/2n8kARJN3HM.stage_config.json
I1008 15:44:17.020120 732747 AttributesManagerBase.h:283] AttributesManager<T>::createFromJsonOrDefaultInternal  (Stage) : Proposing JSON name : data/scene_datasets/mp3d/2n8kARJN3HM/2n8kARJN3HM.stage_config.json from original name : data/scene_datasets/mp3d/2n8kARJN3HM/2n8kARJN3HM.glb | This file  does not exist.
I1008 15:44:17.020159 732747 AbstractObjectAttributesManagerBase.h:181] AbstractObjectAttributesManager<T>::createObject  (Stage) : Done making attributes with handle : data/scene_datasets/mp3d/2n8kARJN3HM/2n8kARJN3HM.glb
I1008 15:44:17.020161 732747 AbstractObjectAttributesManagerBase.h:188] File (data/scene_datasets/mp3d/2n8kARJN3HM/2n8kARJN3HM.glb) exists but is not a recognized config filename extension, so new default Stage attributes created and registered.
I1008 15:44:17.020172 732747 Simulator.cpp:156] Loading navmesh from data/scene_datasets/mp3d/2n8kARJN3HM/2n8kARJN3HM.navmesh
I1008 15:44:17.020334 732747 Simulator.cpp:158] Loaded.
I1008 15:44:17.020337 732747 SceneGraph.h:93] Created DrawableGroup: 
I1008 15:44:17.023308 732747 ResourceManager.cpp:234] ResourceManager::loadStage : Not loading semantic mesh
I1008 15:44:17.023313 732747 ResourceManager.cpp:262] ResourceManager::loadStage : start load render asset data/scene_datasets/mp3d/2n8kARJN3HM/2n8kARJN3HM.glb.
I1008 15:44:17.023314 732747 ResourceManager.cpp:569] ResourceManager::loadStageInternal : Attempting to load stage data/scene_datasets/mp3d/2n8kARJN3HM/2n8kARJN3HM.glb 
I1008 15:44:17.023324 732747 ResourceManager.cpp:1119] Importing Basis files as BC7 for 2n8kARJN3HM.glb
W1008 15:44:19.693495 732747 Simulator.cpp:248] :
---
 The active scene does not contain semantic annotations. 
---
I1008 15:44:19.765261 732747 simulator.py:213] Loaded navmesh data/scene_datasets/mp3d/2n8kARJN3HM/2n8kARJN3HM.navmesh
I1008 15:44:20.546058 732747 PhysicsManager.cpp:33] Deconstructing PhysicsManager
I1008 15:44:20.546080 732747 SemanticScene.h:41] Deconstructing SemanticScene
I1008 15:44:20.549307 732747 SceneManager.h:25] Deconstructing SceneManager
I1008 15:44:20.549312 732747 SceneGraph.h:26] Deconstructing SceneGraph
I1008 15:44:20.549727 732747 Sensor.h:87] Deconstructing Sensor
I1008 15:44:20.550071 732747 Sensor.h:87] Deconstructing Sensor
I1008 15:44:20.550173 732747 Sensor.h:87] Deconstructing Sensor
I1008 15:44:20.550279 732747 Sensor.h:87] Deconstructing Sensor
I1008 15:44:20.550379 732747 Sensor.h:87] Deconstructing Sensor
I1008 15:44:20.550473 732747 Sensor.h:87] Deconstructing Sensor
I1008 15:44:20.550571 732747 Sensor.h:87] Deconstructing Sensor
I1008 15:44:20.550669 732747 Sensor.h:87] Deconstructing Sensor
I1008 15:44:20.550769 732747 Sensor.h:87] Deconstructing Sensor
I1008 15:44:20.550863 732747 Sensor.h:87] Deconstructing Sensor
I1008 15:44:20.550956 732747 Sensor.h:87] Deconstructing Sensor
I1008 15:44:20.551054 732747 Sensor.h:87] Deconstructing Sensor
I1008 15:44:20.551147 732747 Sensor.h:87] Deconstructing Sensor
I1008 15:44:20.551270 732747 Sensor.h:87] Deconstructing Sensor
I1008 15:44:20.551395 732747 Sensor.h:87] Deconstructing Sensor
I1008 15:44:20.551512 732747 Sensor.h:87] Deconstructing Sensor
I1008 15:44:20.551633 732747 Sensor.h:87] Deconstructing Sensor
I1008 15:44:20.551752 732747 Sensor.h:87] Deconstructing Sensor
I1008 15:44:20.551872 732747 Sensor.h:87] Deconstructing Sensor
I1008 15:44:20.551992 732747 Sensor.h:87] Deconstructing Sensor
I1008 15:44:20.552107 732747 Sensor.h:87] Deconstructing Sensor
I1008 15:44:20.552220 732747 Sensor.h:87] Deconstructing Sensor
I1008 15:44:20.552340 732747 Sensor.h:87] Deconstructing Sensor
I1008 15:44:20.552412 732747 Sensor.h:87] Deconstructing Sensor
I1008 15:44:20.557505 732747 Renderer.cpp:34] Deconstructing Renderer
I1008 15:44:20.557515 732747 WindowlessContext.h:17] Deconstructing WindowlessContext
I1008 15:44:20.562623 732747 MetadataMediator.cpp:56] MetadataMediator::setActiveSceneDatasetName : Old active dataset default changed to default successfully.
I1008 15:44:20.563133 732747 AttributesManagerBase.h:283] AttributesManager<T>::createFromJsonOrDefaultInternal  (Physics Manager) : Proposing JSON name : ./data/default.physics_config.json from original name : ./data/default.physics_config.json | This file  does not exist.
I1008 15:44:20.563155 732747 PhysicsAttributesManager.cpp:27] File (./data/default.physics_config.json) not found, so new default physics manager attributes created and registered.
I1008 15:44:20.563159 732747 AbstractObjectAttributesManagerBase.h:175] AbstractObjectAttributesManager<T>::createObject  (Stage) : Making attributes with handle : data/scene_datasets/mp3d/qoiz87JEwZ2/qoiz87JEwZ2.glb
I1008 15:44:20.563162 732747 ManagedContainerBase.cpp:19] ManagedContainerBase::convertFilenameToJSON : Filename : data/scene_datasets/mp3d/qoiz87JEwZ2/qoiz87JEwZ2.glb changed to proposed JSON configuration filename : data/scene_datasets/mp3d/qoiz87JEwZ2/qoiz87JEwZ2.stage_config.json
I1008 15:44:20.563181 732747 AttributesManagerBase.h:283] AttributesManager<T>::createFromJsonOrDefaultInternal  (Stage) : Proposing JSON name : data/scene_datasets/mp3d/qoiz87JEwZ2/qoiz87JEwZ2.stage_config.json from original name : data/scene_datasets/mp3d/qoiz87JEwZ2/qoiz87JEwZ2.glb | This file  does not exist.
I1008 15:44:20.563223 732747 AbstractObjectAttributesManagerBase.h:181] AbstractObjectAttributesManager<T>::createObject  (Stage) : Done making attributes with handle : data/scene_datasets/mp3d/qoiz87JEwZ2/qoiz87JEwZ2.glb
I1008 15:44:20.563225 732747 AbstractObjectAttributesManagerBase.h:188] File (data/scene_datasets/mp3d/qoiz87JEwZ2/qoiz87JEwZ2.glb) exists but is not a recognized config filename extension, so new default Stage attributes created and registered.
I1008 15:44:20.563227 732747 Simulator.cpp:156] Loading navmesh from data/scene_datasets/mp3d/qoiz87JEwZ2/qoiz87JEwZ2.navmesh
I1008 15:44:20.563340 732747 Simulator.cpp:158] Loaded.
I1008 15:44:20.563344 732747 SceneGraph.h:93] Created DrawableGroup: 
I1008 15:44:20.566354 732747 ResourceManager.cpp:234] ResourceManager::loadStage : Not loading semantic mesh
I1008 15:44:20.566359 732747 ResourceManager.cpp:262] ResourceManager::loadStage : start load render asset data/scene_datasets/mp3d/qoiz87JEwZ2/qoiz87JEwZ2.glb.
I1008 15:44:20.566360 732747 ResourceManager.cpp:569] ResourceManager::loadStageInternal : Attempting to load stage data/scene_datasets/mp3d/qoiz87JEwZ2/qoiz87JEwZ2.glb 
I1008 15:44:20.566372 732747 ResourceManager.cpp:1119] Importing Basis files as BC7 for qoiz87JEwZ2.glb
W1008 15:44:22.136085 732747 Simulator.cpp:248] :
---
 The active scene does not contain semantic annotations. 
---
I1008 15:44:22.191083 732747 simulator.py:213] Loaded navmesh data/scene_datasets/mp3d/qoiz87JEwZ2/qoiz87JEwZ2.navmesh
I1008 15:44:22.452533 732747 PhysicsManager.cpp:33] Deconstructing PhysicsManager
I1008 15:44:22.452557 732747 SemanticScene.h:41] Deconstructing SemanticScene
I1008 15:44:22.455920 732747 SceneManager.h:25] Deconstructing SceneManager
I1008 15:44:22.455929 732747 SceneGraph.h:26] Deconstructing SceneGraph
I1008 15:44:22.456434 732747 Sensor.h:87] Deconstructing Sensor
I1008 15:44:22.456707 732747 Sensor.h:87] Deconstructing Sensor
I1008 15:44:22.456809 732747 Sensor.h:87] Deconstructing Sensor
I1008 15:44:22.456915 732747 Sensor.h:87] Deconstructing Sensor
I1008 15:44:22.457018 732747 Sensor.h:87] Deconstructing Sensor
I1008 15:44:22.457120 732747 Sensor.h:87] Deconstructing Sensor
I1008 15:44:22.457226 732747 Sensor.h:87] Deconstructing Sensor
I1008 15:44:22.457324 732747 Sensor.h:87] Deconstructing Sensor
I1008 15:44:22.457425 732747 Sensor.h:87] Deconstructing Sensor
I1008 15:44:22.457523 732747 Sensor.h:87] Deconstructing Sensor
I1008 15:44:22.457625 732747 Sensor.h:87] Deconstructing Sensor
I1008 15:44:22.457731 732747 Sensor.h:87] Deconstructing Sensor
I1008 15:44:22.457830 732747 Sensor.h:87] Deconstructing Sensor
I1008 15:44:22.457959 732747 Sensor.h:87] Deconstructing Sensor
I1008 15:44:22.458089 732747 Sensor.h:87] Deconstructing Sensor
I1008 15:44:22.458210 732747 Sensor.h:87] Deconstructing Sensor
I1008 15:44:22.458336 732747 Sensor.h:87] Deconstructing Sensor
I1008 15:44:22.458459 732747 Sensor.h:87] Deconstructing Sensor
I1008 15:44:22.458616 732747 Sensor.h:87] Deconstructing Sensor
I1008 15:44:22.458743 732747 Sensor.h:87] Deconstructing Sensor
I1008 15:44:22.458871 732747 Sensor.h:87] Deconstructing Sensor
I1008 15:44:22.458992 732747 Sensor.h:87] Deconstructing Sensor
I1008 15:44:22.459121 732747 Sensor.h:87] Deconstructing Sensor
I1008 15:44:22.459280 732747 Sensor.h:87] Deconstructing Sensor
I1008 15:44:22.463162 732747 Renderer.cpp:34] Deconstructing Renderer
I1008 15:44:22.463178 732747 WindowlessContext.h:17] Deconstructing WindowlessContext
I1008 15:44:22.466544 732747 MetadataMediator.cpp:56] MetadataMediator::setActiveSceneDatasetName : Old active dataset default changed to default successfully.
I1008 15:44:22.467536 732747 AttributesManagerBase.h:283] AttributesManager<T>::createFromJsonOrDefaultInternal  (Physics Manager) : Proposing JSON name : ./data/default.physics_config.json from original name : ./data/default.physics_config.json | This file  does not exist.
I1008 15:44:22.467569 732747 PhysicsAttributesManager.cpp:27] File (./data/default.physics_config.json) not found, so new default physics manager attributes created and registered.
I1008 15:44:22.467574 732747 AbstractObjectAttributesManagerBase.h:175] AbstractObjectAttributesManager<T>::createObject  (Stage) : Making attributes with handle : data/scene_datasets/mp3d/2n8kARJN3HM/2n8kARJN3HM.glb
I1008 15:44:22.467578 732747 ManagedContainerBase.cpp:19] ManagedContainerBase::convertFilenameToJSON : Filename : data/scene_datasets/mp3d/2n8kARJN3HM/2n8kARJN3HM.glb changed to proposed JSON configuration filename : data/scene_datasets/mp3d/2n8kARJN3HM/2n8kARJN3HM.stage_config.json
I1008 15:44:22.467597 732747 AttributesManagerBase.h:283] AttributesManager<T>::createFromJsonOrDefaultInternal  (Stage) : Proposing JSON name : data/scene_datasets/mp3d/2n8kARJN3HM/2n8kARJN3HM.stage_config.json from original name : data/scene_datasets/mp3d/2n8kARJN3HM/2n8kARJN3HM.glb | This file  does not exist.
I1008 15:44:22.467643 732747 AbstractObjectAttributesManagerBase.h:181] AbstractObjectAttributesManager<T>::createObject  (Stage) : Done making attributes with handle : data/scene_datasets/mp3d/2n8kARJN3HM/2n8kARJN3HM.glb
I1008 15:44:22.467644 732747 AbstractObjectAttributesManagerBase.h:188] File (data/scene_datasets/mp3d/2n8kARJN3HM/2n8kARJN3HM.glb) exists but is not a recognized config filename extension, so new default Stage attributes created and registered.
I1008 15:44:22.467648 732747 Simulator.cpp:156] Loading navmesh from data/scene_datasets/mp3d/2n8kARJN3HM/2n8kARJN3HM.navmesh
I1008 15:44:22.467909 732747 Simulator.cpp:158] Loaded.
I1008 15:44:22.467917 732747 SceneGraph.h:93] Created DrawableGroup: 
I1008 15:44:22.472195 732747 ResourceManager.cpp:234] ResourceManager::loadStage : Not loading semantic mesh
I1008 15:44:22.472204 732747 ResourceManager.cpp:262] ResourceManager::loadStage : start load render asset data/scene_datasets/mp3d/2n8kARJN3HM/2n8kARJN3HM.glb.
I1008 15:44:22.472205 732747 ResourceManager.cpp:569] ResourceManager::loadStageInternal : Attempting to load stage data/scene_datasets/mp3d/2n8kARJN3HM/2n8kARJN3HM.glb 
I1008 15:44:22.472227 732747 ResourceManager.cpp:1119] Importing Basis files as BC7 for 2n8kARJN3HM.glb
W1008 15:44:25.099315 732747 Simulator.cpp:248] :
---
 The active scene does not contain semantic annotations. 
---
I1008 15:44:25.170721 732747 simulator.py:213] Loaded navmesh data/scene_datasets/mp3d/2n8kARJN3HM/2n8kARJN3HM.navmesh
I1008 15:44:26.377082 732747 PhysicsManager.cpp:33] Deconstructing PhysicsManager
I1008 15:44:26.377106 732747 SemanticScene.h:41] Deconstructing SemanticScene
I1008 15:44:26.380715 732747 SceneManager.h:25] Deconstructing SceneManager
I1008 15:44:26.380725 732747 SceneGraph.h:26] Deconstructing SceneGraph
I1008 15:44:26.381176 732747 Sensor.h:87] Deconstructing Sensor
I1008 15:44:26.381707 732747 Sensor.h:87] Deconstructing Sensor
I1008 15:44:26.381815 732747 Sensor.h:87] Deconstructing Sensor
I1008 15:44:26.381925 732747 Sensor.h:87] Deconstructing Sensor
I1008 15:44:26.382027 732747 Sensor.h:87] Deconstructing Sensor
I1008 15:44:26.382128 732747 Sensor.h:87] Deconstructing Sensor
I1008 15:44:26.382230 732747 Sensor.h:87] Deconstructing Sensor
I1008 15:44:26.382330 732747 Sensor.h:87] Deconstructing Sensor
I1008 15:44:26.382436 732747 Sensor.h:87] Deconstructing Sensor
I1008 15:44:26.382531 732747 Sensor.h:87] Deconstructing Sensor
I1008 15:44:26.382627 732747 Sensor.h:87] Deconstructing Sensor
I1008 15:44:26.382728 732747 Sensor.h:87] Deconstructing Sensor
I1008 15:44:26.382825 732747 Sensor.h:87] Deconstructing Sensor
I1008 15:44:26.382951 732747 Sensor.h:87] Deconstructing Sensor
I1008 15:44:26.383077 732747 Sensor.h:87] Deconstructing Sensor
I1008 15:44:26.383198 732747 Sensor.h:87] Deconstructing Sensor
I1008 15:44:26.383333 732747 Sensor.h:87] Deconstructing Sensor
I1008 15:44:26.383452 732747 Sensor.h:87] Deconstructing Sensor
I1008 15:44:26.383575 732747 Sensor.h:87] Deconstructing Sensor
I1008 15:44:26.383699 732747 Sensor.h:87] Deconstructing Sensor
I1008 15:44:26.383822 732747 Sensor.h:87] Deconstructing Sensor
I1008 15:44:26.383980 732747 Sensor.h:87] Deconstructing Sensor
I1008 15:44:26.384136 732747 Sensor.h:87] Deconstructing Sensor
I1008 15:44:26.384212 732747 Sensor.h:87] Deconstructing Sensor
I1008 15:44:26.389364 732747 Renderer.cpp:34] Deconstructing Renderer
I1008 15:44:26.389380 732747 WindowlessContext.h:17] Deconstructing WindowlessContext
I1008 15:44:26.394728 732747 MetadataMediator.cpp:56] MetadataMediator::setActiveSceneDatasetName : Old active dataset default changed to default successfully.
I1008 15:44:26.395768 732747 AttributesManagerBase.h:283] AttributesManager<T>::createFromJsonOrDefaultInternal  (Physics Manager) : Proposing JSON name : ./data/default.physics_config.json from original name : ./data/default.physics_config.json | This file  does not exist.
I1008 15:44:26.395794 732747 PhysicsAttributesManager.cpp:27] File (./data/default.physics_config.json) not found, so new default physics manager attributes created and registered.
I1008 15:44:26.395799 732747 AbstractObjectAttributesManagerBase.h:175] AbstractObjectAttributesManager<T>::createObject  (Stage) : Making attributes with handle : data/scene_datasets/mp3d/JmbYfDe2QKZ/JmbYfDe2QKZ.glb
I1008 15:44:26.395802 732747 ManagedContainerBase.cpp:19] ManagedContainerBase::convertFilenameToJSON : Filename : data/scene_datasets/mp3d/JmbYfDe2QKZ/JmbYfDe2QKZ.glb changed to proposed JSON configuration filename : data/scene_datasets/mp3d/JmbYfDe2QKZ/JmbYfDe2QKZ.stage_config.json
I1008 15:44:26.395816 732747 AttributesManagerBase.h:283] AttributesManager<T>::createFromJsonOrDefaultInternal  (Stage) : Proposing JSON name : data/scene_datasets/mp3d/JmbYfDe2QKZ/JmbYfDe2QKZ.stage_config.json from original name : data/scene_datasets/mp3d/JmbYfDe2QKZ/JmbYfDe2QKZ.glb | This file  does not exist.
I1008 15:44:26.395859 732747 AbstractObjectAttributesManagerBase.h:181] AbstractObjectAttributesManager<T>::createObject  (Stage) : Done making attributes with handle : data/scene_datasets/mp3d/JmbYfDe2QKZ/JmbYfDe2QKZ.glb
I1008 15:44:26.395860 732747 AbstractObjectAttributesManagerBase.h:188] File (data/scene_datasets/mp3d/JmbYfDe2QKZ/JmbYfDe2QKZ.glb) exists but is not a recognized config filename extension, so new default Stage attributes created and registered.
I1008 15:44:26.395864 732747 Simulator.cpp:156] Loading navmesh from data/scene_datasets/mp3d/JmbYfDe2QKZ/JmbYfDe2QKZ.navmesh
I1008 15:44:26.395957 732747 Simulator.cpp:158] Loaded.
I1008 15:44:26.395962 732747 SceneGraph.h:93] Created DrawableGroup: 
I1008 15:44:26.399268 732747 ResourceManager.cpp:234] ResourceManager::loadStage : Not loading semantic mesh
I1008 15:44:26.399276 732747 ResourceManager.cpp:262] ResourceManager::loadStage : start load render asset data/scene_datasets/mp3d/JmbYfDe2QKZ/JmbYfDe2QKZ.glb.
I1008 15:44:26.399277 732747 ResourceManager.cpp:569] ResourceManager::loadStageInternal : Attempting to load stage data/scene_datasets/mp3d/JmbYfDe2QKZ/JmbYfDe2QKZ.glb 
I1008 15:44:26.399293 732747 ResourceManager.cpp:1119] Importing Basis files as BC7 for JmbYfDe2QKZ.glb
W1008 15:44:27.442746 732747 Simulator.cpp:248] :
---
 The active scene does not contain semantic annotations. 
---
I1008 15:44:27.489534 732747 simulator.py:213] Loaded navmesh data/scene_datasets/mp3d/JmbYfDe2QKZ/JmbYfDe2QKZ.navmesh
I1008 15:44:27.774590 732747 PhysicsManager.cpp:33] Deconstructing PhysicsManager
I1008 15:44:27.774611 732747 SemanticScene.h:41] Deconstructing SemanticScene
I1008 15:44:27.777379 732747 SceneManager.h:25] Deconstructing SceneManager
I1008 15:44:27.777384 732747 SceneGraph.h:26] Deconstructing SceneGraph
I1008 15:44:27.777747 732747 Sensor.h:87] Deconstructing Sensor
I1008 15:44:27.778097 732747 Sensor.h:87] Deconstructing Sensor
I1008 15:44:27.778203 732747 Sensor.h:87] Deconstructing Sensor
I1008 15:44:27.778316 732747 Sensor.h:87] Deconstructing Sensor
I1008 15:44:27.778419 732747 Sensor.h:87] Deconstructing Sensor
I1008 15:44:27.778517 732747 Sensor.h:87] Deconstructing Sensor
I1008 15:44:27.778620 732747 Sensor.h:87] Deconstructing Sensor
I1008 15:44:27.778718 732747 Sensor.h:87] Deconstructing Sensor
I1008 15:44:27.778854 732747 Sensor.h:87] Deconstructing Sensor
I1008 15:44:27.778950 732747 Sensor.h:87] Deconstructing Sensor
I1008 15:44:27.779047 732747 Sensor.h:87] Deconstructing Sensor
I1008 15:44:27.779145 732747 Sensor.h:87] Deconstructing Sensor
I1008 15:44:27.779243 732747 Sensor.h:87] Deconstructing Sensor
I1008 15:44:27.779371 732747 Sensor.h:87] Deconstructing Sensor
I1008 15:44:27.779501 732747 Sensor.h:87] Deconstructing Sensor
I1008 15:44:27.779619 732747 Sensor.h:87] Deconstructing Sensor
I1008 15:44:27.779744 732747 Sensor.h:87] Deconstructing Sensor
I1008 15:44:27.779958 732747 Sensor.h:87] Deconstructing Sensor
I1008 15:44:27.780097 732747 Sensor.h:87] Deconstructing Sensor
I1008 15:44:27.780220 732747 Sensor.h:87] Deconstructing Sensor
I1008 15:44:27.780339 732747 Sensor.h:87] Deconstructing Sensor
I1008 15:44:27.780457 732747 Sensor.h:87] Deconstructing Sensor
I1008 15:44:27.780581 732747 Sensor.h:87] Deconstructing Sensor
I1008 15:44:27.780802 732747 Sensor.h:87] Deconstructing Sensor
I1008 15:44:27.783929 732747 Renderer.cpp:34] Deconstructing Renderer
I1008 15:44:27.783937 732747 WindowlessContext.h:17] Deconstructing WindowlessContext
I1008 15:44:27.786475 732747 MetadataMediator.cpp:56] MetadataMediator::setActiveSceneDatasetName : Old active dataset default changed to default successfully.
I1008 15:44:27.787000 732747 AttributesManagerBase.h:283] AttributesManager<T>::createFromJsonOrDefaultInternal  (Physics Manager) : Proposing JSON name : ./data/default.physics_config.json from original name : ./data/default.physics_config.json | This file  does not exist.
I1008 15:44:27.787024 732747 PhysicsAttributesManager.cpp:27] File (./data/default.physics_config.json) not found, so new default physics manager attributes created and registered.
I1008 15:44:27.787027 732747 AbstractObjectAttributesManagerBase.h:175] AbstractObjectAttributesManager<T>::createObject  (Stage) : Making attributes with handle : data/scene_datasets/mp3d/ur6pFq6Qu1A/ur6pFq6Qu1A.glb
I1008 15:44:27.787030 732747 ManagedContainerBase.cpp:19] ManagedContainerBase::convertFilenameToJSON : Filename : data/scene_datasets/mp3d/ur6pFq6Qu1A/ur6pFq6Qu1A.glb changed to proposed JSON configuration filename : data/scene_datasets/mp3d/ur6pFq6Qu1A/ur6pFq6Qu1A.stage_config.json
I1008 15:44:27.787042 732747 AttributesManagerBase.h:283] AttributesManager<T>::createFromJsonOrDefaultInternal  (Stage) : Proposing JSON name : data/scene_datasets/mp3d/ur6pFq6Qu1A/ur6pFq6Qu1A.stage_config.json from original name : data/scene_datasets/mp3d/ur6pFq6Qu1A/ur6pFq6Qu1A.glb | This file  does not exist.
I1008 15:44:27.787081 732747 AbstractObjectAttributesManagerBase.h:181] AbstractObjectAttributesManager<T>::createObject  (Stage) : Done making attributes with handle : data/scene_datasets/mp3d/ur6pFq6Qu1A/ur6pFq6Qu1A.glb
I1008 15:44:27.787083 732747 AbstractObjectAttributesManagerBase.h:188] File (data/scene_datasets/mp3d/ur6pFq6Qu1A/ur6pFq6Qu1A.glb) exists but is not a recognized config filename extension, so new default Stage attributes created and registered.
I1008 15:44:27.787086 732747 Simulator.cpp:156] Loading navmesh from data/scene_datasets/mp3d/ur6pFq6Qu1A/ur6pFq6Qu1A.navmesh
I1008 15:44:27.787258 732747 Simulator.cpp:158] Loaded.
I1008 15:44:27.787262 732747 SceneGraph.h:93] Created DrawableGroup: 
I1008 15:44:27.790305 732747 ResourceManager.cpp:234] ResourceManager::loadStage : Not loading semantic mesh
I1008 15:44:27.790311 732747 ResourceManager.cpp:262] ResourceManager::loadStage : start load render asset data/scene_datasets/mp3d/ur6pFq6Qu1A/ur6pFq6Qu1A.glb.
I1008 15:44:27.790313 732747 ResourceManager.cpp:569] ResourceManager::loadStageInternal : Attempting to load stage data/scene_datasets/mp3d/ur6pFq6Qu1A/ur6pFq6Qu1A.glb 
I1008 15:44:27.790323 732747 ResourceManager.cpp:1119] Importing Basis files as BC7 for ur6pFq6Qu1A.glb
W1008 15:44:29.948254 732747 Simulator.cpp:248] :
---
 The active scene does not contain semantic annotations. 
---
I1008 15:44:30.006815 732747 simulator.py:213] Loaded navmesh data/scene_datasets/mp3d/ur6pFq6Qu1A/ur6pFq6Qu1A.navmesh
I1008 15:44:31.481212 732747 PhysicsManager.cpp:33] Deconstructing PhysicsManager
I1008 15:44:31.481232 732747 SemanticScene.h:41] Deconstructing SemanticScene
I1008 15:44:31.484208 732747 SceneManager.h:25] Deconstructing SceneManager
I1008 15:44:31.484215 732747 SceneGraph.h:26] Deconstructing SceneGraph
I1008 15:44:31.484606 732747 Sensor.h:87] Deconstructing Sensor
I1008 15:44:31.485095 732747 Sensor.h:87] Deconstructing Sensor
I1008 15:44:31.485203 732747 Sensor.h:87] Deconstructing Sensor
I1008 15:44:31.485312 732747 Sensor.h:87] Deconstructing Sensor
I1008 15:44:31.485414 732747 Sensor.h:87] Deconstructing Sensor
I1008 15:44:31.485512 732747 Sensor.h:87] Deconstructing Sensor
I1008 15:44:31.485613 732747 Sensor.h:87] Deconstructing Sensor
I1008 15:44:31.485713 732747 Sensor.h:87] Deconstructing Sensor
I1008 15:44:31.485816 732747 Sensor.h:87] Deconstructing Sensor
I1008 15:44:31.485913 732747 Sensor.h:87] Deconstructing Sensor
I1008 15:44:31.486011 732747 Sensor.h:87] Deconstructing Sensor
I1008 15:44:31.486114 732747 Sensor.h:87] Deconstructing Sensor
I1008 15:44:31.486212 732747 Sensor.h:87] Deconstructing Sensor
I1008 15:44:31.486338 732747 Sensor.h:87] Deconstructing Sensor
I1008 15:44:31.486467 732747 Sensor.h:87] Deconstructing Sensor
I1008 15:44:31.486588 732747 Sensor.h:87] Deconstructing Sensor
I1008 15:44:31.486713 732747 Sensor.h:87] Deconstructing Sensor
I1008 15:44:31.486832 732747 Sensor.h:87] Deconstructing Sensor
I1008 15:44:31.486955 732747 Sensor.h:87] Deconstructing Sensor
I1008 15:44:31.487080 732747 Sensor.h:87] Deconstructing Sensor
I1008 15:44:31.487201 732747 Sensor.h:87] Deconstructing Sensor
I1008 15:44:31.487323 732747 Sensor.h:87] Deconstructing Sensor
I1008 15:44:31.487450 732747 Sensor.h:87] Deconstructing Sensor
I1008 15:44:31.487524 732747 Sensor.h:87] Deconstructing Sensor
I1008 15:44:31.491392 732747 Renderer.cpp:34] Deconstructing Renderer
I1008 15:44:31.491403 732747 WindowlessContext.h:17] Deconstructing WindowlessContext
I1008 15:44:31.496623 732747 MetadataMediator.cpp:56] MetadataMediator::setActiveSceneDatasetName : Old active dataset default changed to default successfully.
I1008 15:44:31.497591 732747 AttributesManagerBase.h:283] AttributesManager<T>::createFromJsonOrDefaultInternal  (Physics Manager) : Proposing JSON name : ./data/default.physics_config.json from original name : ./data/default.physics_config.json | This file  does not exist.
I1008 15:44:31.497617 732747 PhysicsAttributesManager.cpp:27] File (./data/default.physics_config.json) not found, so new default physics manager attributes created and registered.
I1008 15:44:31.497622 732747 AbstractObjectAttributesManagerBase.h:175] AbstractObjectAttributesManager<T>::createObject  (Stage) : Making attributes with handle : data/scene_datasets/mp3d/JmbYfDe2QKZ/JmbYfDe2QKZ.glb
I1008 15:44:31.497624 732747 ManagedContainerBase.cpp:19] ManagedContainerBase::convertFilenameToJSON : Filename : data/scene_datasets/mp3d/JmbYfDe2QKZ/JmbYfDe2QKZ.glb changed to proposed JSON configuration filename : data/scene_datasets/mp3d/JmbYfDe2QKZ/JmbYfDe2QKZ.stage_config.json
I1008 15:44:31.497637 732747 AttributesManagerBase.h:283] AttributesManager<T>::createFromJsonOrDefaultInternal  (Stage) : Proposing JSON name : data/scene_datasets/mp3d/JmbYfDe2QKZ/JmbYfDe2QKZ.stage_config.json from original name : data/scene_datasets/mp3d/JmbYfDe2QKZ/JmbYfDe2QKZ.glb | This file  does not exist.
I1008 15:44:31.497684 732747 AbstractObjectAttributesManagerBase.h:181] AbstractObjectAttributesManager<T>::createObject  (Stage) : Done making attributes with handle : data/scene_datasets/mp3d/JmbYfDe2QKZ/JmbYfDe2QKZ.glb
I1008 15:44:31.497686 732747 AbstractObjectAttributesManagerBase.h:188] File (data/scene_datasets/mp3d/JmbYfDe2QKZ/JmbYfDe2QKZ.glb) exists but is not a recognized config filename extension, so new default Stage attributes created and registered.
I1008 15:44:31.497695 732747 Simulator.cpp:156] Loading navmesh from data/scene_datasets/mp3d/JmbYfDe2QKZ/JmbYfDe2QKZ.navmesh
I1008 15:44:31.497789 732747 Simulator.cpp:158] Loaded.
I1008 15:44:31.497794 732747 SceneGraph.h:93] Created DrawableGroup: 
I1008 15:44:31.501324 732747 ResourceManager.cpp:234] ResourceManager::loadStage : Not loading semantic mesh
I1008 15:44:31.501333 732747 ResourceManager.cpp:262] ResourceManager::loadStage : start load render asset data/scene_datasets/mp3d/JmbYfDe2QKZ/JmbYfDe2QKZ.glb.
I1008 15:44:31.501335 732747 ResourceManager.cpp:569] ResourceManager::loadStageInternal : Attempting to load stage data/scene_datasets/mp3d/JmbYfDe2QKZ/JmbYfDe2QKZ.glb 
I1008 15:44:31.501356 732747 ResourceManager.cpp:1119] Importing Basis files as BC7 for JmbYfDe2QKZ.glb
W1008 15:44:32.538753 732747 Simulator.cpp:248] :
---
 The active scene does not contain semantic annotations. 
---
I1008 15:44:32.588307 732747 simulator.py:213] Loaded navmesh data/scene_datasets/mp3d/JmbYfDe2QKZ/JmbYfDe2QKZ.navmesh
I1008 15:44:32.962113 732747 PhysicsManager.cpp:33] Deconstructing PhysicsManager
I1008 15:44:32.962134 732747 SemanticScene.h:41] Deconstructing SemanticScene
I1008 15:44:32.965193 732747 SceneManager.h:25] Deconstructing SceneManager
I1008 15:44:32.965201 732747 SceneGraph.h:26] Deconstructing SceneGraph
I1008 15:44:32.965828 732747 Sensor.h:87] Deconstructing Sensor
I1008 15:44:32.966100 732747 Sensor.h:87] Deconstructing Sensor
I1008 15:44:32.966210 732747 Sensor.h:87] Deconstructing Sensor
I1008 15:44:32.966321 732747 Sensor.h:87] Deconstructing Sensor
I1008 15:44:32.966432 732747 Sensor.h:87] Deconstructing Sensor
I1008 15:44:32.966537 732747 Sensor.h:87] Deconstructing Sensor
I1008 15:44:32.966646 732747 Sensor.h:87] Deconstructing Sensor
I1008 15:44:32.966755 732747 Sensor.h:87] Deconstructing Sensor
I1008 15:44:32.966871 732747 Sensor.h:87] Deconstructing Sensor
I1008 15:44:32.966976 732747 Sensor.h:87] Deconstructing Sensor
I1008 15:44:32.967078 732747 Sensor.h:87] Deconstructing Sensor
I1008 15:44:32.967182 732747 Sensor.h:87] Deconstructing Sensor
I1008 15:44:32.967288 732747 Sensor.h:87] Deconstructing Sensor
I1008 15:44:32.967417 732747 Sensor.h:87] Deconstructing Sensor
I1008 15:44:32.967550 732747 Sensor.h:87] Deconstructing Sensor
I1008 15:44:32.967674 732747 Sensor.h:87] Deconstructing Sensor
I1008 15:44:32.967804 732747 Sensor.h:87] Deconstructing Sensor
I1008 15:44:32.967927 732747 Sensor.h:87] Deconstructing Sensor
I1008 15:44:32.968055 732747 Sensor.h:87] Deconstructing Sensor
I1008 15:44:32.968180 732747 Sensor.h:87] Deconstructing Sensor
I1008 15:44:32.968307 732747 Sensor.h:87] Deconstructing Sensor
I1008 15:44:32.968431 732747 Sensor.h:87] Deconstructing Sensor
I1008 15:44:32.968561 732747 Sensor.h:87] Deconstructing Sensor
I1008 15:44:32.968645 732747 Sensor.h:87] Deconstructing Sensor
I1008 15:44:32.972710 732747 Renderer.cpp:34] Deconstructing Renderer
I1008 15:44:32.972730 732747 WindowlessContext.h:17] Deconstructing WindowlessContext
I1008 15:44:32.975384 732747 MetadataMediator.cpp:56] MetadataMediator::setActiveSceneDatasetName : Old active dataset default changed to default successfully.
I1008 15:44:32.976083 732747 AttributesManagerBase.h:283] AttributesManager<T>::createFromJsonOrDefaultInternal  (Physics Manager) : Proposing JSON name : ./data/default.physics_config.json from original name : ./data/default.physics_config.json | This file  does not exist.
I1008 15:44:32.976109 732747 PhysicsAttributesManager.cpp:27] File (./data/default.physics_config.json) not found, so new default physics manager attributes created and registered.
I1008 15:44:32.976114 732747 AbstractObjectAttributesManagerBase.h:175] AbstractObjectAttributesManager<T>::createObject  (Stage) : Making attributes with handle : data/scene_datasets/mp3d/D7N2EKCX4Sj/D7N2EKCX4Sj.glb
I1008 15:44:32.976116 732747 ManagedContainerBase.cpp:19] ManagedContainerBase::convertFilenameToJSON : Filename : data/scene_datasets/mp3d/D7N2EKCX4Sj/D7N2EKCX4Sj.glb changed to proposed JSON configuration filename : data/scene_datasets/mp3d/D7N2EKCX4Sj/D7N2EKCX4Sj.stage_config.json
I1008 15:44:32.976138 732747 AttributesManagerBase.h:283] AttributesManager<T>::createFromJsonOrDefaultInternal  (Stage) : Proposing JSON name : data/scene_datasets/mp3d/D7N2EKCX4Sj/D7N2EKCX4Sj.stage_config.json from original name : data/scene_datasets/mp3d/D7N2EKCX4Sj/D7N2EKCX4Sj.glb | This file  does not exist.
I1008 15:44:32.976181 732747 AbstractObjectAttributesManagerBase.h:181] AbstractObjectAttributesManager<T>::createObject  (Stage) : Done making attributes with handle : data/scene_datasets/mp3d/D7N2EKCX4Sj/D7N2EKCX4Sj.glb
I1008 15:44:32.976181 732747 AbstractObjectAttributesManagerBase.h:188] File (data/scene_datasets/mp3d/D7N2EKCX4Sj/D7N2EKCX4Sj.glb) exists but is not a recognized config filename extension, so new default Stage attributes created and registered.
I1008 15:44:32.976184 732747 Simulator.cpp:156] Loading navmesh from data/scene_datasets/mp3d/D7N2EKCX4Sj/D7N2EKCX4Sj.navmesh
I1008 15:44:32.976543 732747 Simulator.cpp:158] Loaded.
I1008 15:44:32.976548 732747 SceneGraph.h:93] Created DrawableGroup: 
I1008 15:44:32.979808 732747 ResourceManager.cpp:234] ResourceManager::loadStage : Not loading semantic mesh
I1008 15:44:32.979816 732747 ResourceManager.cpp:262] ResourceManager::loadStage : start load render asset data/scene_datasets/mp3d/D7N2EKCX4Sj/D7N2EKCX4Sj.glb.
I1008 15:44:32.979817 732747 ResourceManager.cpp:569] ResourceManager::loadStageInternal : Attempting to load stage data/scene_datasets/mp3d/D7N2EKCX4Sj/D7N2EKCX4Sj.glb 
I1008 15:44:32.979832 732747 ResourceManager.cpp:1119] Importing Basis files as BC7 for D7N2EKCX4Sj.glb
W1008 15:44:37.060739 732747 Simulator.cpp:248] :
---
 The active scene does not contain semantic annotations. 
---
I1008 15:44:37.180348 732747 simulator.py:213] Loaded navmesh data/scene_datasets/mp3d/D7N2EKCX4Sj/D7N2EKCX4Sj.navmesh
I1008 15:44:37.762153 732747 PhysicsManager.cpp:33] Deconstructing PhysicsManager
I1008 15:44:37.762176 732747 SemanticScene.h:41] Deconstructing SemanticScene
I1008 15:44:37.768186 732747 SceneManager.h:25] Deconstructing SceneManager
I1008 15:44:37.768203 732747 SceneGraph.h:26] Deconstructing SceneGraph
I1008 15:44:37.770480 732747 Sensor.h:87] Deconstructing Sensor
I1008 15:44:37.771478 732747 Sensor.h:87] Deconstructing Sensor
I1008 15:44:37.771587 732747 Sensor.h:87] Deconstructing Sensor
I1008 15:44:37.771700 732747 Sensor.h:87] Deconstructing Sensor
I1008 15:44:37.771806 732747 Sensor.h:87] Deconstructing Sensor
I1008 15:44:37.771903 732747 Sensor.h:87] Deconstructing Sensor
I1008 15:44:37.772006 732747 Sensor.h:87] Deconstructing Sensor
I1008 15:44:37.772105 732747 Sensor.h:87] Deconstructing Sensor
I1008 15:44:37.772209 732747 Sensor.h:87] Deconstructing Sensor
I1008 15:44:37.772310 732747 Sensor.h:87] Deconstructing Sensor
I1008 15:44:37.772408 732747 Sensor.h:87] Deconstructing Sensor
I1008 15:44:37.772509 732747 Sensor.h:87] Deconstructing Sensor
I1008 15:44:37.772616 732747 Sensor.h:87] Deconstructing Sensor
I1008 15:44:37.772740 732747 Sensor.h:87] Deconstructing Sensor
I1008 15:44:37.772869 732747 Sensor.h:87] Deconstructing Sensor
I1008 15:44:37.772989 732747 Sensor.h:87] Deconstructing Sensor
I1008 15:44:37.773113 732747 Sensor.h:87] Deconstructing Sensor
I1008 15:44:37.773231 732747 Sensor.h:87] Deconstructing Sensor
I1008 15:44:37.773351 732747 Sensor.h:87] Deconstructing Sensor
I1008 15:44:37.773473 732747 Sensor.h:87] Deconstructing Sensor
I1008 15:44:37.773591 732747 Sensor.h:87] Deconstructing Sensor
I1008 15:44:37.773711 732747 Sensor.h:87] Deconstructing Sensor
I1008 15:44:37.773837 732747 Sensor.h:87] Deconstructing Sensor
I1008 15:44:37.773912 732747 Sensor.h:87] Deconstructing Sensor
I1008 15:44:37.781607 732747 Renderer.cpp:34] Deconstructing Renderer
I1008 15:44:37.781628 732747 WindowlessContext.h:17] Deconstructing WindowlessContext
I1008 15:44:37.788198 732747 MetadataMediator.cpp:56] MetadataMediator::setActiveSceneDatasetName : Old active dataset default changed to default successfully.
I1008 15:44:37.789288 732747 AttributesManagerBase.h:283] AttributesManager<T>::createFromJsonOrDefaultInternal  (Physics Manager) : Proposing JSON name : ./data/default.physics_config.json from original name : ./data/default.physics_config.json | This file  does not exist.
I1008 15:44:37.789314 732747 PhysicsAttributesManager.cpp:27] File (./data/default.physics_config.json) not found, so new default physics manager attributes created and registered.
I1008 15:44:37.789319 732747 AbstractObjectAttributesManagerBase.h:175] AbstractObjectAttributesManager<T>::createObject  (Stage) : Making attributes with handle : data/scene_datasets/mp3d/pRbA3pwrgk9/pRbA3pwrgk9.glb
I1008 15:44:37.789322 732747 ManagedContainerBase.cpp:19] ManagedContainerBase::convertFilenameToJSON : Filename : data/scene_datasets/mp3d/pRbA3pwrgk9/pRbA3pwrgk9.glb changed to proposed JSON configuration filename : data/scene_datasets/mp3d/pRbA3pwrgk9/pRbA3pwrgk9.stage_config.json
I1008 15:44:37.789335 732747 AttributesManagerBase.h:283] AttributesManager<T>::createFromJsonOrDefaultInternal  (Stage) : Proposing JSON name : data/scene_datasets/mp3d/pRbA3pwrgk9/pRbA3pwrgk9.stage_config.json from original name : data/scene_datasets/mp3d/pRbA3pwrgk9/pRbA3pwrgk9.glb | This file  does not exist.
I1008 15:44:37.789378 732747 AbstractObjectAttributesManagerBase.h:181] AbstractObjectAttributesManager<T>::createObject  (Stage) : Done making attributes with handle : data/scene_datasets/mp3d/pRbA3pwrgk9/pRbA3pwrgk9.glb
I1008 15:44:37.789381 732747 AbstractObjectAttributesManagerBase.h:188] File (data/scene_datasets/mp3d/pRbA3pwrgk9/pRbA3pwrgk9.glb) exists but is not a recognized config filename extension, so new default Stage attributes created and registered.
I1008 15:44:37.789383 732747 Simulator.cpp:156] Loading navmesh from data/scene_datasets/mp3d/pRbA3pwrgk9/pRbA3pwrgk9.navmesh
I1008 15:44:37.789505 732747 Simulator.cpp:158] Loaded.
I1008 15:44:37.789510 732747 SceneGraph.h:93] Created DrawableGroup: 
I1008 15:44:37.792807 732747 ResourceManager.cpp:234] ResourceManager::loadStage : Not loading semantic mesh
I1008 15:44:37.792814 732747 ResourceManager.cpp:262] ResourceManager::loadStage : start load render asset data/scene_datasets/mp3d/pRbA3pwrgk9/pRbA3pwrgk9.glb.
I1008 15:44:37.792814 732747 ResourceManager.cpp:569] ResourceManager::loadStageInternal : Attempting to load stage data/scene_datasets/mp3d/pRbA3pwrgk9/pRbA3pwrgk9.glb 
I1008 15:44:37.792827 732747 ResourceManager.cpp:1119] Importing Basis files as BC7 for pRbA3pwrgk9.glb
W1008 15:44:38.916246 732747 Simulator.cpp:248] :
---
 The active scene does not contain semantic annotations. 
---
I1008 15:44:38.965793 732747 simulator.py:213] Loaded navmesh data/scene_datasets/mp3d/pRbA3pwrgk9/pRbA3pwrgk9.navmesh
I1008 15:44:39.246062 732747 PhysicsManager.cpp:33] Deconstructing PhysicsManager
I1008 15:44:39.246091 732747 SemanticScene.h:41] Deconstructing SemanticScene
I1008 15:44:39.249119 732747 SceneManager.h:25] Deconstructing SceneManager
I1008 15:44:39.249123 732747 SceneGraph.h:26] Deconstructing SceneGraph
I1008 15:44:39.249555 732747 Sensor.h:87] Deconstructing Sensor
I1008 15:44:39.249763 732747 Sensor.h:87] Deconstructing Sensor
I1008 15:44:39.249866 732747 Sensor.h:87] Deconstructing Sensor
I1008 15:44:39.249977 732747 Sensor.h:87] Deconstructing Sensor
I1008 15:44:39.250082 732747 Sensor.h:87] Deconstructing Sensor
I1008 15:44:39.250185 732747 Sensor.h:87] Deconstructing Sensor
I1008 15:44:39.250290 732747 Sensor.h:87] Deconstructing Sensor
I1008 15:44:39.250396 732747 Sensor.h:87] Deconstructing Sensor
I1008 15:44:39.250500 732747 Sensor.h:87] Deconstructing Sensor
I1008 15:44:39.250600 732747 Sensor.h:87] Deconstructing Sensor
I1008 15:44:39.250700 732747 Sensor.h:87] Deconstructing Sensor
I1008 15:44:39.250802 732747 Sensor.h:87] Deconstructing Sensor
I1008 15:44:39.250900 732747 Sensor.h:87] Deconstructing Sensor
I1008 15:44:39.251025 732747 Sensor.h:87] Deconstructing Sensor
I1008 15:44:39.251157 732747 Sensor.h:87] Deconstructing Sensor
I1008 15:44:39.251282 732747 Sensor.h:87] Deconstructing Sensor
I1008 15:44:39.251407 732747 Sensor.h:87] Deconstructing Sensor
I1008 15:44:39.251530 732747 Sensor.h:87] Deconstructing Sensor
I1008 15:44:39.251652 732747 Sensor.h:87] Deconstructing Sensor
I1008 15:44:39.251777 732747 Sensor.h:87] Deconstructing Sensor
I1008 15:44:39.251896 732747 Sensor.h:87] Deconstructing Sensor
I1008 15:44:39.252013 732747 Sensor.h:87] Deconstructing Sensor
I1008 15:44:39.252142 732747 Sensor.h:87] Deconstructing Sensor
I1008 15:44:39.252238 732747 Sensor.h:87] Deconstructing Sensor
I1008 15:44:39.256151 732747 Renderer.cpp:34] Deconstructing Renderer
I1008 15:44:39.256160 732747 WindowlessContext.h:17] Deconstructing WindowlessContext
I1008 15:44:39.259027 732747 MetadataMediator.cpp:56] MetadataMediator::setActiveSceneDatasetName : Old active dataset default changed to default successfully.
I1008 15:44:39.259416 732747 AttributesManagerBase.h:283] AttributesManager<T>::createFromJsonOrDefaultInternal  (Physics Manager) : Proposing JSON name : ./data/default.physics_config.json from original name : ./data/default.physics_config.json | This file  does not exist.
I1008 15:44:39.259436 732747 PhysicsAttributesManager.cpp:27] File (./data/default.physics_config.json) not found, so new default physics manager attributes created and registered.
I1008 15:44:39.259441 732747 AbstractObjectAttributesManagerBase.h:175] AbstractObjectAttributesManager<T>::createObject  (Stage) : Making attributes with handle : data/scene_datasets/mp3d/ur6pFq6Qu1A/ur6pFq6Qu1A.glb
I1008 15:44:39.259444 732747 ManagedContainerBase.cpp:19] ManagedContainerBase::convertFilenameToJSON : Filename : data/scene_datasets/mp3d/ur6pFq6Qu1A/ur6pFq6Qu1A.glb changed to proposed JSON configuration filename : data/scene_datasets/mp3d/ur6pFq6Qu1A/ur6pFq6Qu1A.stage_config.json
I1008 15:44:39.259457 732747 AttributesManagerBase.h:283] AttributesManager<T>::createFromJsonOrDefaultInternal  (Stage) : Proposing JSON name : data/scene_datasets/mp3d/ur6pFq6Qu1A/ur6pFq6Qu1A.stage_config.json from original name : data/scene_datasets/mp3d/ur6pFq6Qu1A/ur6pFq6Qu1A.glb | This file  does not exist.
I1008 15:44:39.259497 732747 AbstractObjectAttributesManagerBase.h:181] AbstractObjectAttributesManager<T>::createObject  (Stage) : Done making attributes with handle : data/scene_datasets/mp3d/ur6pFq6Qu1A/ur6pFq6Qu1A.glb
I1008 15:44:39.259498 732747 AbstractObjectAttributesManagerBase.h:188] File (data/scene_datasets/mp3d/ur6pFq6Qu1A/ur6pFq6Qu1A.glb) exists but is not a recognized config filename extension, so new default Stage attributes created and registered.
I1008 15:44:39.259501 732747 Simulator.cpp:156] Loading navmesh from data/scene_datasets/mp3d/ur6pFq6Qu1A/ur6pFq6Qu1A.navmesh
I1008 15:44:39.259653 732747 Simulator.cpp:158] Loaded.
I1008 15:44:39.259657 732747 SceneGraph.h:93] Created DrawableGroup: 
I1008 15:44:39.262693 732747 ResourceManager.cpp:234] ResourceManager::loadStage : Not loading semantic mesh
I1008 15:44:39.262699 732747 ResourceManager.cpp:262] ResourceManager::loadStage : start load render asset data/scene_datasets/mp3d/ur6pFq6Qu1A/ur6pFq6Qu1A.glb.
I1008 15:44:39.262701 732747 ResourceManager.cpp:569] ResourceManager::loadStageInternal : Attempting to load stage data/scene_datasets/mp3d/ur6pFq6Qu1A/ur6pFq6Qu1A.glb 
I1008 15:44:39.262709 732747 ResourceManager.cpp:1119] Importing Basis files as BC7 for ur6pFq6Qu1A.glb
W1008 15:44:41.440984 732747 Simulator.cpp:248] :
---
 The active scene does not contain semantic annotations. 
---
I1008 15:44:41.497969 732747 simulator.py:213] Loaded navmesh data/scene_datasets/mp3d/ur6pFq6Qu1A/ur6pFq6Qu1A.navmesh
I1008 15:44:41.972332 732747 PhysicsManager.cpp:33] Deconstructing PhysicsManager
I1008 15:44:41.972378 732747 SemanticScene.h:41] Deconstructing SemanticScene
I1008 15:44:41.977617 732747 SceneManager.h:25] Deconstructing SceneManager
I1008 15:44:41.977628 732747 SceneGraph.h:26] Deconstructing SceneGraph
I1008 15:44:41.978328 732747 Sensor.h:87] Deconstructing Sensor
I1008 15:44:41.978922 732747 Sensor.h:87] Deconstructing Sensor
I1008 15:44:41.979099 732747 Sensor.h:87] Deconstructing Sensor
I1008 15:44:41.979261 732747 Sensor.h:87] Deconstructing Sensor
I1008 15:44:41.979413 732747 Sensor.h:87] Deconstructing Sensor
I1008 15:44:41.979564 732747 Sensor.h:87] Deconstructing Sensor
I1008 15:44:41.979722 732747 Sensor.h:87] Deconstructing Sensor
I1008 15:44:41.979869 732747 Sensor.h:87] Deconstructing Sensor
I1008 15:44:41.980024 732747 Sensor.h:87] Deconstructing Sensor
I1008 15:44:41.980171 732747 Sensor.h:87] Deconstructing Sensor
I1008 15:44:41.980317 732747 Sensor.h:87] Deconstructing Sensor
I1008 15:44:41.980468 732747 Sensor.h:87] Deconstructing Sensor
I1008 15:44:41.980615 732747 Sensor.h:87] Deconstructing Sensor
I1008 15:44:41.980800 732747 Sensor.h:87] Deconstructing Sensor
I1008 15:44:41.980993 732747 Sensor.h:87] Deconstructing Sensor
I1008 15:44:41.981181 732747 Sensor.h:87] Deconstructing Sensor
I1008 15:44:41.981369 732747 Sensor.h:87] Deconstructing Sensor
I1008 15:44:41.981547 732747 Sensor.h:87] Deconstructing Sensor
I1008 15:44:41.981734 732747 Sensor.h:87] Deconstructing Sensor
I1008 15:44:41.981923 732747 Sensor.h:87] Deconstructing Sensor
I1008 15:44:41.982110 732747 Sensor.h:87] Deconstructing Sensor
I1008 15:44:41.982287 732747 Sensor.h:87] Deconstructing Sensor
I1008 15:44:41.982474 732747 Sensor.h:87] Deconstructing Sensor
I1008 15:44:41.982612 732747 Sensor.h:87] Deconstructing Sensor
I1008 15:44:41.988423 732747 Renderer.cpp:34] Deconstructing Renderer
I1008 15:44:41.988444 732747 WindowlessContext.h:17] Deconstructing WindowlessContext
I1008 15:44:41.994446 732747 MetadataMediator.cpp:56] MetadataMediator::setActiveSceneDatasetName : Old active dataset default changed to default successfully.
I1008 15:44:41.995536 732747 AttributesManagerBase.h:283] AttributesManager<T>::createFromJsonOrDefaultInternal  (Physics Manager) : Proposing JSON name : ./data/default.physics_config.json from original name : ./data/default.physics_config.json | This file  does not exist.
I1008 15:44:41.995563 732747 PhysicsAttributesManager.cpp:27] File (./data/default.physics_config.json) not found, so new default physics manager attributes created and registered.
I1008 15:44:41.995569 732747 AbstractObjectAttributesManagerBase.h:175] AbstractObjectAttributesManager<T>::createObject  (Stage) : Making attributes with handle : data/scene_datasets/mp3d/ZMojNkEp431/ZMojNkEp431.glb
I1008 15:44:41.995572 732747 ManagedContainerBase.cpp:19] ManagedContainerBase::convertFilenameToJSON : Filename : data/scene_datasets/mp3d/ZMojNkEp431/ZMojNkEp431.glb changed to proposed JSON configuration filename : data/scene_datasets/mp3d/ZMojNkEp431/ZMojNkEp431.stage_config.json
I1008 15:44:41.995589 732747 AttributesManagerBase.h:283] AttributesManager<T>::createFromJsonOrDefaultInternal  (Stage) : Proposing JSON name : data/scene_datasets/mp3d/ZMojNkEp431/ZMojNkEp431.stage_config.json from original name : data/scene_datasets/mp3d/ZMojNkEp431/ZMojNkEp431.glb | This file  does not exist.
I1008 15:44:41.995635 732747 AbstractObjectAttributesManagerBase.h:181] AbstractObjectAttributesManager<T>::createObject  (Stage) : Done making attributes with handle : data/scene_datasets/mp3d/ZMojNkEp431/ZMojNkEp431.glb
I1008 15:44:41.995637 732747 AbstractObjectAttributesManagerBase.h:188] File (data/scene_datasets/mp3d/ZMojNkEp431/ZMojNkEp431.glb) exists but is not a recognized config filename extension, so new default Stage attributes created and registered.
I1008 15:44:41.995641 732747 Simulator.cpp:156] Loading navmesh from data/scene_datasets/mp3d/ZMojNkEp431/ZMojNkEp431.navmesh
I1008 15:44:41.995798 732747 Simulator.cpp:158] Loaded.
I1008 15:44:41.995805 732747 SceneGraph.h:93] Created DrawableGroup: 
I1008 15:44:41.999454 732747 ResourceManager.cpp:234] ResourceManager::loadStage : Not loading semantic mesh
I1008 15:44:41.999467 732747 ResourceManager.cpp:262] ResourceManager::loadStage : start load render asset data/scene_datasets/mp3d/ZMojNkEp431/ZMojNkEp431.glb.
I1008 15:44:41.999468 732747 ResourceManager.cpp:569] ResourceManager::loadStageInternal : Attempting to load stage data/scene_datasets/mp3d/ZMojNkEp431/ZMojNkEp431.glb 
I1008 15:44:41.999500 732747 ResourceManager.cpp:1119] Importing Basis files as BC7 for ZMojNkEp431.glb
W1008 15:44:43.270217 732747 Simulator.cpp:248] :
---
 The active scene does not contain semantic annotations. 
---
I1008 15:44:43.310935 732747 simulator.py:213] Loaded navmesh data/scene_datasets/mp3d/ZMojNkEp431/ZMojNkEp431.navmesh
I1008 15:44:43.877699 732747 PhysicsManager.cpp:33] Deconstructing PhysicsManager
I1008 15:44:43.877722 732747 SemanticScene.h:41] Deconstructing SemanticScene
I1008 15:44:43.880945 732747 SceneManager.h:25] Deconstructing SceneManager
I1008 15:44:43.880959 732747 SceneGraph.h:26] Deconstructing SceneGraph
I1008 15:44:43.881392 732747 Sensor.h:87] Deconstructing Sensor
I1008 15:44:43.881613 732747 Sensor.h:87] Deconstructing Sensor
I1008 15:44:43.881728 732747 Sensor.h:87] Deconstructing Sensor
I1008 15:44:43.881839 732747 Sensor.h:87] Deconstructing Sensor
I1008 15:44:43.881944 732747 Sensor.h:87] Deconstructing Sensor
I1008 15:44:43.882045 732747 Sensor.h:87] Deconstructing Sensor
I1008 15:44:43.882151 732747 Sensor.h:87] Deconstructing Sensor
I1008 15:44:43.882251 732747 Sensor.h:87] Deconstructing Sensor
I1008 15:44:43.882359 732747 Sensor.h:87] Deconstructing Sensor
I1008 15:44:43.882454 732747 Sensor.h:87] Deconstructing Sensor
I1008 15:44:43.882553 732747 Sensor.h:87] Deconstructing Sensor
I1008 15:44:43.882652 732747 Sensor.h:87] Deconstructing Sensor
I1008 15:44:43.882754 732747 Sensor.h:87] Deconstructing Sensor
I1008 15:44:43.882877 732747 Sensor.h:87] Deconstructing Sensor
I1008 15:44:43.883008 732747 Sensor.h:87] Deconstructing Sensor
I1008 15:44:43.883127 732747 Sensor.h:87] Deconstructing Sensor
I1008 15:44:43.883255 732747 Sensor.h:87] Deconstructing Sensor
I1008 15:44:43.883375 732747 Sensor.h:87] Deconstructing Sensor
I1008 15:44:43.883497 732747 Sensor.h:87] Deconstructing Sensor
I1008 15:44:43.883620 732747 Sensor.h:87] Deconstructing Sensor
I1008 15:44:43.883744 732747 Sensor.h:87] Deconstructing Sensor
I1008 15:44:43.883864 732747 Sensor.h:87] Deconstructing Sensor
I1008 15:44:43.883991 732747 Sensor.h:87] Deconstructing Sensor
I1008 15:44:43.884068 732747 Sensor.h:87] Deconstructing Sensor
I1008 15:44:43.887553 732747 Renderer.cpp:34] Deconstructing Renderer
I1008 15:44:43.887565 732747 WindowlessContext.h:17] Deconstructing WindowlessContext
I1008 15:44:43.890898 732747 MetadataMediator.cpp:56] MetadataMediator::setActiveSceneDatasetName : Old active dataset default changed to default successfully.
I1008 15:44:43.891708 732747 AttributesManagerBase.h:283] AttributesManager<T>::createFromJsonOrDefaultInternal  (Physics Manager) : Proposing JSON name : ./data/default.physics_config.json from original name : ./data/default.physics_config.json | This file  does not exist.
I1008 15:44:43.891733 732747 PhysicsAttributesManager.cpp:27] File (./data/default.physics_config.json) not found, so new default physics manager attributes created and registered.
I1008 15:44:43.891738 732747 AbstractObjectAttributesManagerBase.h:175] AbstractObjectAttributesManager<T>::createObject  (Stage) : Making attributes with handle : data/scene_datasets/mp3d/JmbYfDe2QKZ/JmbYfDe2QKZ.glb
I1008 15:44:43.891741 732747 ManagedContainerBase.cpp:19] ManagedContainerBase::convertFilenameToJSON : Filename : data/scene_datasets/mp3d/JmbYfDe2QKZ/JmbYfDe2QKZ.glb changed to proposed JSON configuration filename : data/scene_datasets/mp3d/JmbYfDe2QKZ/JmbYfDe2QKZ.stage_config.json
I1008 15:44:43.891757 732747 AttributesManagerBase.h:283] AttributesManager<T>::createFromJsonOrDefaultInternal  (Stage) : Proposing JSON name : data/scene_datasets/mp3d/JmbYfDe2QKZ/JmbYfDe2QKZ.stage_config.json from original name : data/scene_datasets/mp3d/JmbYfDe2QKZ/JmbYfDe2QKZ.glb | This file  does not exist.
I1008 15:44:43.891798 732747 AbstractObjectAttributesManagerBase.h:181] AbstractObjectAttributesManager<T>::createObject  (Stage) : Done making attributes with handle : data/scene_datasets/mp3d/JmbYfDe2QKZ/JmbYfDe2QKZ.glb
I1008 15:44:43.891808 732747 AbstractObjectAttributesManagerBase.h:188] File (data/scene_datasets/mp3d/JmbYfDe2QKZ/JmbYfDe2QKZ.glb) exists but is not a recognized config filename extension, so new default Stage attributes created and registered.
I1008 15:44:43.891812 732747 Simulator.cpp:156] Loading navmesh from data/scene_datasets/mp3d/JmbYfDe2QKZ/JmbYfDe2QKZ.navmesh
I1008 15:44:43.891907 732747 Simulator.cpp:158] Loaded.
I1008 15:44:43.891912 732747 SceneGraph.h:93] Created DrawableGroup: 
I1008 15:44:43.895128 732747 ResourceManager.cpp:234] ResourceManager::loadStage : Not loading semantic mesh
I1008 15:44:43.895136 732747 ResourceManager.cpp:262] ResourceManager::loadStage : start load render asset data/scene_datasets/mp3d/JmbYfDe2QKZ/JmbYfDe2QKZ.glb.
I1008 15:44:43.895138 732747 ResourceManager.cpp:569] ResourceManager::loadStageInternal : Attempting to load stage data/scene_datasets/mp3d/JmbYfDe2QKZ/JmbYfDe2QKZ.glb 
I1008 15:44:43.895156 732747 ResourceManager.cpp:1119] Importing Basis files as BC7 for JmbYfDe2QKZ.glb
W1008 15:44:44.955258 732747 Simulator.cpp:248] :
---
 The active scene does not contain semantic annotations. 
---
I1008 15:44:45.005328 732747 simulator.py:213] Loaded navmesh data/scene_datasets/mp3d/JmbYfDe2QKZ/JmbYfDe2QKZ.navmesh
I1008 15:44:45.415980 732747 PhysicsManager.cpp:33] Deconstructing PhysicsManager
I1008 15:44:45.416002 732747 SemanticScene.h:41] Deconstructing SemanticScene
I1008 15:44:45.418882 732747 SceneManager.h:25] Deconstructing SceneManager
I1008 15:44:45.418887 732747 SceneGraph.h:26] Deconstructing SceneGraph
I1008 15:44:45.419361 732747 Sensor.h:87] Deconstructing Sensor
I1008 15:44:45.419770 732747 Sensor.h:87] Deconstructing Sensor
I1008 15:44:45.419870 732747 Sensor.h:87] Deconstructing Sensor
I1008 15:44:45.419976 732747 Sensor.h:87] Deconstructing Sensor
I1008 15:44:45.420077 732747 Sensor.h:87] Deconstructing Sensor
I1008 15:44:45.420176 732747 Sensor.h:87] Deconstructing Sensor
I1008 15:44:45.420373 732747 Sensor.h:87] Deconstructing Sensor
I1008 15:44:45.420485 732747 Sensor.h:87] Deconstructing Sensor
I1008 15:44:45.420588 732747 Sensor.h:87] Deconstructing Sensor
I1008 15:44:45.420688 732747 Sensor.h:87] Deconstructing Sensor
I1008 15:44:45.420787 732747 Sensor.h:87] Deconstructing Sensor
I1008 15:44:45.420886 732747 Sensor.h:87] Deconstructing Sensor
I1008 15:44:45.420985 732747 Sensor.h:87] Deconstructing Sensor
I1008 15:44:45.421108 732747 Sensor.h:87] Deconstructing Sensor
I1008 15:44:45.421234 732747 Sensor.h:87] Deconstructing Sensor
I1008 15:44:45.421350 732747 Sensor.h:87] Deconstructing Sensor
I1008 15:44:45.421481 732747 Sensor.h:87] Deconstructing Sensor
I1008 15:44:45.421603 732747 Sensor.h:87] Deconstructing Sensor
I1008 15:44:45.421726 732747 Sensor.h:87] Deconstructing Sensor
I1008 15:44:45.421850 732747 Sensor.h:87] Deconstructing Sensor
I1008 15:44:45.421968 732747 Sensor.h:87] Deconstructing Sensor
I1008 15:44:45.422086 732747 Sensor.h:87] Deconstructing Sensor
I1008 15:44:45.422211 732747 Sensor.h:87] Deconstructing Sensor
I1008 15:44:45.422298 732747 Sensor.h:87] Deconstructing Sensor
I1008 15:44:45.425593 732747 Renderer.cpp:34] Deconstructing Renderer
I1008 15:44:45.425604 732747 WindowlessContext.h:17] Deconstructing WindowlessContext
I1008 15:44:45.428143 732747 MetadataMediator.cpp:56] MetadataMediator::setActiveSceneDatasetName : Old active dataset default changed to default successfully.
I1008 15:44:45.428709 732747 AttributesManagerBase.h:283] AttributesManager<T>::createFromJsonOrDefaultInternal  (Physics Manager) : Proposing JSON name : ./data/default.physics_config.json from original name : ./data/default.physics_config.json | This file  does not exist.
I1008 15:44:45.428735 732747 PhysicsAttributesManager.cpp:27] File (./data/default.physics_config.json) not found, so new default physics manager attributes created and registered.
I1008 15:44:45.428740 732747 AbstractObjectAttributesManagerBase.h:175] AbstractObjectAttributesManager<T>::createObject  (Stage) : Making attributes with handle : data/scene_datasets/mp3d/ur6pFq6Qu1A/ur6pFq6Qu1A.glb
I1008 15:44:45.428748 732747 ManagedContainerBase.cpp:19] ManagedContainerBase::convertFilenameToJSON : Filename : data/scene_datasets/mp3d/ur6pFq6Qu1A/ur6pFq6Qu1A.glb changed to proposed JSON configuration filename : data/scene_datasets/mp3d/ur6pFq6Qu1A/ur6pFq6Qu1A.stage_config.json
I1008 15:44:45.428762 732747 AttributesManagerBase.h:283] AttributesManager<T>::createFromJsonOrDefaultInternal  (Stage) : Proposing JSON name : data/scene_datasets/mp3d/ur6pFq6Qu1A/ur6pFq6Qu1A.stage_config.json from original name : data/scene_datasets/mp3d/ur6pFq6Qu1A/ur6pFq6Qu1A.glb | This file  does not exist.
I1008 15:44:45.428804 732747 AbstractObjectAttributesManagerBase.h:181] AbstractObjectAttributesManager<T>::createObject  (Stage) : Done making attributes with handle : data/scene_datasets/mp3d/ur6pFq6Qu1A/ur6pFq6Qu1A.glb
I1008 15:44:45.428805 732747 AbstractObjectAttributesManagerBase.h:188] File (data/scene_datasets/mp3d/ur6pFq6Qu1A/ur6pFq6Qu1A.glb) exists but is not a recognized config filename extension, so new default Stage attributes created and registered.
I1008 15:44:45.428808 732747 Simulator.cpp:156] Loading navmesh from data/scene_datasets/mp3d/ur6pFq6Qu1A/ur6pFq6Qu1A.navmesh
I1008 15:44:45.428993 732747 Simulator.cpp:158] Loaded.
I1008 15:44:45.428998 732747 SceneGraph.h:93] Created DrawableGroup: 
I1008 15:44:45.432149 732747 ResourceManager.cpp:234] ResourceManager::loadStage : Not loading semantic mesh
I1008 15:44:45.432156 732747 ResourceManager.cpp:262] ResourceManager::loadStage : start load render asset data/scene_datasets/mp3d/ur6pFq6Qu1A/ur6pFq6Qu1A.glb.
I1008 15:44:45.432157 732747 ResourceManager.cpp:569] ResourceManager::loadStageInternal : Attempting to load stage data/scene_datasets/mp3d/ur6pFq6Qu1A/ur6pFq6Qu1A.glb 
I1008 15:44:45.432175 732747 ResourceManager.cpp:1119] Importing Basis files as BC7 for ur6pFq6Qu1A.glb
W1008 15:44:47.597489 732747 Simulator.cpp:248] :
---
 The active scene does not contain semantic annotations. 
---
I1008 15:44:47.657627 732747 simulator.py:213] Loaded navmesh data/scene_datasets/mp3d/ur6pFq6Qu1A/ur6pFq6Qu1A.navmesh
I1008 15:44:48.606812 732747 PhysicsManager.cpp:33] Deconstructing PhysicsManager
I1008 15:44:48.606834 732747 SemanticScene.h:41] Deconstructing SemanticScene
I1008 15:44:48.609934 732747 SceneManager.h:25] Deconstructing SceneManager
I1008 15:44:48.609941 732747 SceneGraph.h:26] Deconstructing SceneGraph
I1008 15:44:48.610339 732747 Sensor.h:87] Deconstructing Sensor
I1008 15:44:48.610919 732747 Sensor.h:87] Deconstructing Sensor
I1008 15:44:48.611027 732747 Sensor.h:87] Deconstructing Sensor
I1008 15:44:48.611136 732747 Sensor.h:87] Deconstructing Sensor
I1008 15:44:48.611239 732747 Sensor.h:87] Deconstructing Sensor
I1008 15:44:48.611338 732747 Sensor.h:87] Deconstructing Sensor
I1008 15:44:48.611442 732747 Sensor.h:87] Deconstructing Sensor
I1008 15:44:48.611541 732747 Sensor.h:87] Deconstructing Sensor
I1008 15:44:48.611646 732747 Sensor.h:87] Deconstructing Sensor
I1008 15:44:48.611747 732747 Sensor.h:87] Deconstructing Sensor
I1008 15:44:48.611845 732747 Sensor.h:87] Deconstructing Sensor
I1008 15:44:48.611948 732747 Sensor.h:87] Deconstructing Sensor
I1008 15:44:48.612047 732747 Sensor.h:87] Deconstructing Sensor
I1008 15:44:48.612170 732747 Sensor.h:87] Deconstructing Sensor
I1008 15:44:48.612296 732747 Sensor.h:87] Deconstructing Sensor
I1008 15:44:48.612416 732747 Sensor.h:87] Deconstructing Sensor
I1008 15:44:48.612546 732747 Sensor.h:87] Deconstructing Sensor
I1008 15:44:48.612670 732747 Sensor.h:87] Deconstructing Sensor
I1008 15:44:48.612797 732747 Sensor.h:87] Deconstructing Sensor
I1008 15:44:48.612922 732747 Sensor.h:87] Deconstructing Sensor
I1008 15:44:48.613044 732747 Sensor.h:87] Deconstructing Sensor
I1008 15:44:48.613162 732747 Sensor.h:87] Deconstructing Sensor
I1008 15:44:48.613288 732747 Sensor.h:87] Deconstructing Sensor
I1008 15:44:48.613363 732747 Sensor.h:87] Deconstructing Sensor
I1008 15:44:48.617141 732747 Renderer.cpp:34] Deconstructing Renderer
I1008 15:44:48.617152 732747 WindowlessContext.h:17] Deconstructing WindowlessContext
I1008 15:44:48.622422 732747 MetadataMediator.cpp:56] MetadataMediator::setActiveSceneDatasetName : Old active dataset default changed to default successfully.
I1008 15:44:48.623312 732747 AttributesManagerBase.h:283] AttributesManager<T>::createFromJsonOrDefaultInternal  (Physics Manager) : Proposing JSON name : ./data/default.physics_config.json from original name : ./data/default.physics_config.json | This file  does not exist.
I1008 15:44:48.623337 732747 PhysicsAttributesManager.cpp:27] File (./data/default.physics_config.json) not found, so new default physics manager attributes created and registered.
I1008 15:44:48.623342 732747 AbstractObjectAttributesManagerBase.h:175] AbstractObjectAttributesManager<T>::createObject  (Stage) : Making attributes with handle : data/scene_datasets/mp3d/qoiz87JEwZ2/qoiz87JEwZ2.glb
I1008 15:44:48.623345 732747 ManagedContainerBase.cpp:19] ManagedContainerBase::convertFilenameToJSON : Filename : data/scene_datasets/mp3d/qoiz87JEwZ2/qoiz87JEwZ2.glb changed to proposed JSON configuration filename : data/scene_datasets/mp3d/qoiz87JEwZ2/qoiz87JEwZ2.stage_config.json
I1008 15:44:48.623359 732747 AttributesManagerBase.h:283] AttributesManager<T>::createFromJsonOrDefaultInternal  (Stage) : Proposing JSON name : data/scene_datasets/mp3d/qoiz87JEwZ2/qoiz87JEwZ2.stage_config.json from original name : data/scene_datasets/mp3d/qoiz87JEwZ2/qoiz87JEwZ2.glb | This file  does not exist.
I1008 15:44:48.623401 732747 AbstractObjectAttributesManagerBase.h:181] AbstractObjectAttributesManager<T>::createObject  (Stage) : Done making attributes with handle : data/scene_datasets/mp3d/qoiz87JEwZ2/qoiz87JEwZ2.glb
I1008 15:44:48.623402 732747 AbstractObjectAttributesManagerBase.h:188] File (data/scene_datasets/mp3d/qoiz87JEwZ2/qoiz87JEwZ2.glb) exists but is not a recognized config filename extension, so new default Stage attributes created and registered.
I1008 15:44:48.623405 732747 Simulator.cpp:156] Loading navmesh from data/scene_datasets/mp3d/qoiz87JEwZ2/qoiz87JEwZ2.navmesh
I1008 15:44:48.623538 732747 Simulator.cpp:158] Loaded.
I1008 15:44:48.623543 732747 SceneGraph.h:93] Created DrawableGroup: 
I1008 15:44:48.626718 732747 ResourceManager.cpp:234] ResourceManager::loadStage : Not loading semantic mesh
I1008 15:44:48.626724 732747 ResourceManager.cpp:262] ResourceManager::loadStage : start load render asset data/scene_datasets/mp3d/qoiz87JEwZ2/qoiz87JEwZ2.glb.
I1008 15:44:48.626725 732747 ResourceManager.cpp:569] ResourceManager::loadStageInternal : Attempting to load stage data/scene_datasets/mp3d/qoiz87JEwZ2/qoiz87JEwZ2.glb 
I1008 15:44:48.626739 732747 ResourceManager.cpp:1119] Importing Basis files as BC7 for qoiz87JEwZ2.glb
W1008 15:44:50.288776 732747 Simulator.cpp:248] :
---
 The active scene does not contain semantic annotations. 
---
I1008 15:44:50.352930 732747 simulator.py:213] Loaded navmesh data/scene_datasets/mp3d/qoiz87JEwZ2/qoiz87JEwZ2.navmesh
I1008 15:44:50.671957 732747 PhysicsManager.cpp:33] Deconstructing PhysicsManager
I1008 15:44:50.671978 732747 SemanticScene.h:41] Deconstructing SemanticScene
I1008 15:44:50.675513 732747 SceneManager.h:25] Deconstructing SceneManager
I1008 15:44:50.675521 732747 SceneGraph.h:26] Deconstructing SceneGraph
I1008 15:44:50.675884 732747 Sensor.h:87] Deconstructing Sensor
I1008 15:44:50.676352 732747 Sensor.h:87] Deconstructing Sensor
I1008 15:44:50.676456 732747 Sensor.h:87] Deconstructing Sensor
I1008 15:44:50.676563 732747 Sensor.h:87] Deconstructing Sensor
I1008 15:44:50.676666 732747 Sensor.h:87] Deconstructing Sensor
I1008 15:44:50.676767 732747 Sensor.h:87] Deconstructing Sensor
I1008 15:44:50.676869 732747 Sensor.h:87] Deconstructing Sensor
I1008 15:44:50.676965 732747 Sensor.h:87] Deconstructing Sensor
I1008 15:44:50.677068 732747 Sensor.h:87] Deconstructing Sensor
I1008 15:44:50.677168 732747 Sensor.h:87] Deconstructing Sensor
I1008 15:44:50.677295 732747 Sensor.h:87] Deconstructing Sensor
I1008 15:44:50.677398 732747 Sensor.h:87] Deconstructing Sensor
I1008 15:44:50.677495 732747 Sensor.h:87] Deconstructing Sensor
I1008 15:44:50.677627 732747 Sensor.h:87] Deconstructing Sensor
I1008 15:44:50.677758 732747 Sensor.h:87] Deconstructing Sensor
I1008 15:44:50.677879 732747 Sensor.h:87] Deconstructing Sensor
I1008 15:44:50.678007 732747 Sensor.h:87] Deconstructing Sensor
I1008 15:44:50.678140 732747 Sensor.h:87] Deconstructing Sensor
I1008 15:44:50.678264 732747 Sensor.h:87] Deconstructing Sensor
I1008 15:44:50.678462 732747 Sensor.h:87] Deconstructing Sensor
I1008 15:44:50.678586 732747 Sensor.h:87] Deconstructing Sensor
I1008 15:44:50.678707 732747 Sensor.h:87] Deconstructing Sensor
I1008 15:44:50.678836 732747 Sensor.h:87] Deconstructing Sensor
I1008 15:44:50.678915 732747 Sensor.h:87] Deconstructing Sensor
I1008 15:44:50.683544 732747 Renderer.cpp:34] Deconstructing Renderer
I1008 15:44:50.683560 732747 WindowlessContext.h:17] Deconstructing WindowlessContext
I1008 15:44:50.686898 732747 MetadataMediator.cpp:56] MetadataMediator::setActiveSceneDatasetName : Old active dataset default changed to default successfully.
I1008 15:44:50.687747 732747 AttributesManagerBase.h:283] AttributesManager<T>::createFromJsonOrDefaultInternal  (Physics Manager) : Proposing JSON name : ./data/default.physics_config.json from original name : ./data/default.physics_config.json | This file  does not exist.
I1008 15:44:50.687772 732747 PhysicsAttributesManager.cpp:27] File (./data/default.physics_config.json) not found, so new default physics manager attributes created and registered.
I1008 15:44:50.687777 732747 AbstractObjectAttributesManagerBase.h:175] AbstractObjectAttributesManager<T>::createObject  (Stage) : Making attributes with handle : data/scene_datasets/mp3d/pRbA3pwrgk9/pRbA3pwrgk9.glb
I1008 15:44:50.687780 732747 ManagedContainerBase.cpp:19] ManagedContainerBase::convertFilenameToJSON : Filename : data/scene_datasets/mp3d/pRbA3pwrgk9/pRbA3pwrgk9.glb changed to proposed JSON configuration filename : data/scene_datasets/mp3d/pRbA3pwrgk9/pRbA3pwrgk9.stage_config.json
I1008 15:44:50.687793 732747 AttributesManagerBase.h:283] AttributesManager<T>::createFromJsonOrDefaultInternal  (Stage) : Proposing JSON name : data/scene_datasets/mp3d/pRbA3pwrgk9/pRbA3pwrgk9.stage_config.json from original name : data/scene_datasets/mp3d/pRbA3pwrgk9/pRbA3pwrgk9.glb | This file  does not exist.
I1008 15:44:50.687837 732747 AbstractObjectAttributesManagerBase.h:181] AbstractObjectAttributesManager<T>::createObject  (Stage) : Done making attributes with handle : data/scene_datasets/mp3d/pRbA3pwrgk9/pRbA3pwrgk9.glb
I1008 15:44:50.687839 732747 AbstractObjectAttributesManagerBase.h:188] File (data/scene_datasets/mp3d/pRbA3pwrgk9/pRbA3pwrgk9.glb) exists but is not a recognized config filename extension, so new default Stage attributes created and registered.
I1008 15:44:50.687841 732747 Simulator.cpp:156] Loading navmesh from data/scene_datasets/mp3d/pRbA3pwrgk9/pRbA3pwrgk9.navmesh
I1008 15:44:50.687971 732747 Simulator.cpp:158] Loaded.
I1008 15:44:50.687976 732747 SceneGraph.h:93] Created DrawableGroup: 
I1008 15:44:50.691277 732747 ResourceManager.cpp:234] ResourceManager::loadStage : Not loading semantic mesh
I1008 15:44:50.691284 732747 ResourceManager.cpp:262] ResourceManager::loadStage : start load render asset data/scene_datasets/mp3d/pRbA3pwrgk9/pRbA3pwrgk9.glb.
I1008 15:44:50.691285 732747 ResourceManager.cpp:569] ResourceManager::loadStageInternal : Attempting to load stage data/scene_datasets/mp3d/pRbA3pwrgk9/pRbA3pwrgk9.glb 
I1008 15:44:50.691303 732747 ResourceManager.cpp:1119] Importing Basis files as BC7 for pRbA3pwrgk9.glb
W1008 15:44:51.840742 732747 Simulator.cpp:248] :
---
 The active scene does not contain semantic annotations. 
---
I1008 15:44:51.892800 732747 simulator.py:213] Loaded navmesh data/scene_datasets/mp3d/pRbA3pwrgk9/pRbA3pwrgk9.navmesh
I1008 15:44:52.176878 732747 PhysicsManager.cpp:33] Deconstructing PhysicsManager
I1008 15:44:52.176909 732747 SemanticScene.h:41] Deconstructing SemanticScene
I1008 15:44:52.180065 732747 SceneManager.h:25] Deconstructing SceneManager
I1008 15:44:52.180070 732747 SceneGraph.h:26] Deconstructing SceneGraph
I1008 15:44:52.180459 732747 Sensor.h:87] Deconstructing Sensor
I1008 15:44:52.180799 732747 Sensor.h:87] Deconstructing Sensor
I1008 15:44:52.180902 732747 Sensor.h:87] Deconstructing Sensor
I1008 15:44:52.181010 732747 Sensor.h:87] Deconstructing Sensor
I1008 15:44:52.181106 732747 Sensor.h:87] Deconstructing Sensor
I1008 15:44:52.181203 732747 Sensor.h:87] Deconstructing Sensor
I1008 15:44:52.181303 732747 Sensor.h:87] Deconstructing Sensor
I1008 15:44:52.181401 732747 Sensor.h:87] Deconstructing Sensor
I1008 15:44:52.181502 732747 Sensor.h:87] Deconstructing Sensor
I1008 15:44:52.181600 732747 Sensor.h:87] Deconstructing Sensor
I1008 15:44:52.181699 732747 Sensor.h:87] Deconstructing Sensor
I1008 15:44:52.181802 732747 Sensor.h:87] Deconstructing Sensor
I1008 15:44:52.181906 732747 Sensor.h:87] Deconstructing Sensor
I1008 15:44:52.182029 732747 Sensor.h:87] Deconstructing Sensor
I1008 15:44:52.182157 732747 Sensor.h:87] Deconstructing Sensor
I1008 15:44:52.182291 732747 Sensor.h:87] Deconstructing Sensor
I1008 15:44:52.182411 732747 Sensor.h:87] Deconstructing Sensor
I1008 15:44:52.182528 732747 Sensor.h:87] Deconstructing Sensor
I1008 15:44:52.182650 732747 Sensor.h:87] Deconstructing Sensor
I1008 15:44:52.182775 732747 Sensor.h:87] Deconstructing Sensor
I1008 15:44:52.182894 732747 Sensor.h:87] Deconstructing Sensor
I1008 15:44:52.183012 732747 Sensor.h:87] Deconstructing Sensor
I1008 15:44:52.183138 732747 Sensor.h:87] Deconstructing Sensor
I1008 15:44:52.183228 732747 Sensor.h:87] Deconstructing Sensor
I1008 15:44:52.186456 732747 Renderer.cpp:34] Deconstructing Renderer
I1008 15:44:52.186465 732747 WindowlessContext.h:17] Deconstructing WindowlessContext
I1008 15:44:52.189318 732747 MetadataMediator.cpp:56] MetadataMediator::setActiveSceneDatasetName : Old active dataset default changed to default successfully.
I1008 15:44:52.189996 732747 AttributesManagerBase.h:283] AttributesManager<T>::createFromJsonOrDefaultInternal  (Physics Manager) : Proposing JSON name : ./data/default.physics_config.json from original name : ./data/default.physics_config.json | This file  does not exist.
I1008 15:44:52.190021 732747 PhysicsAttributesManager.cpp:27] File (./data/default.physics_config.json) not found, so new default physics manager attributes created and registered.
I1008 15:44:52.190025 732747 AbstractObjectAttributesManagerBase.h:175] AbstractObjectAttributesManager<T>::createObject  (Stage) : Making attributes with handle : data/scene_datasets/mp3d/PX4nDJXEHrG/PX4nDJXEHrG.glb
I1008 15:44:52.190028 732747 ManagedContainerBase.cpp:19] ManagedContainerBase::convertFilenameToJSON : Filename : data/scene_datasets/mp3d/PX4nDJXEHrG/PX4nDJXEHrG.glb changed to proposed JSON configuration filename : data/scene_datasets/mp3d/PX4nDJXEHrG/PX4nDJXEHrG.stage_config.json
I1008 15:44:52.190042 732747 AttributesManagerBase.h:283] AttributesManager<T>::createFromJsonOrDefaultInternal  (Stage) : Proposing JSON name : data/scene_datasets/mp3d/PX4nDJXEHrG/PX4nDJXEHrG.stage_config.json from original name : data/scene_datasets/mp3d/PX4nDJXEHrG/PX4nDJXEHrG.glb | This file  does not exist.
I1008 15:44:52.190083 732747 AbstractObjectAttributesManagerBase.h:181] AbstractObjectAttributesManager<T>::createObject  (Stage) : Done making attributes with handle : data/scene_datasets/mp3d/PX4nDJXEHrG/PX4nDJXEHrG.glb
I1008 15:44:52.190085 732747 AbstractObjectAttributesManagerBase.h:188] File (data/scene_datasets/mp3d/PX4nDJXEHrG/PX4nDJXEHrG.glb) exists but is not a recognized config filename extension, so new default Stage attributes created and registered.
I1008 15:44:52.190088 732747 Simulator.cpp:156] Loading navmesh from data/scene_datasets/mp3d/PX4nDJXEHrG/PX4nDJXEHrG.navmesh
I1008 15:44:52.190358 732747 Simulator.cpp:158] Loaded.
I1008 15:44:52.190363 732747 SceneGraph.h:93] Created DrawableGroup: 
I1008 15:44:52.193531 732747 ResourceManager.cpp:234] ResourceManager::loadStage : Not loading semantic mesh
I1008 15:44:52.193537 732747 ResourceManager.cpp:262] ResourceManager::loadStage : start load render asset data/scene_datasets/mp3d/PX4nDJXEHrG/PX4nDJXEHrG.glb.
I1008 15:44:52.193544 732747 ResourceManager.cpp:569] ResourceManager::loadStageInternal : Attempting to load stage data/scene_datasets/mp3d/PX4nDJXEHrG/PX4nDJXEHrG.glb 
I1008 15:44:52.193558 732747 ResourceManager.cpp:1119] Importing Basis files as BC7 for PX4nDJXEHrG.glb
W1008 15:44:54.793011 732747 Simulator.cpp:248] :
---
 The active scene does not contain semantic annotations. 
---
I1008 15:44:54.887781 732747 simulator.py:213] Loaded navmesh data/scene_datasets/mp3d/PX4nDJXEHrG/PX4nDJXEHrG.navmesh
I1008 15:44:55.295307 732747 PhysicsManager.cpp:33] Deconstructing PhysicsManager
I1008 15:44:55.295333 732747 SemanticScene.h:41] Deconstructing SemanticScene
I1008 15:44:55.300140 732747 SceneManager.h:25] Deconstructing SceneManager
I1008 15:44:55.300151 732747 SceneGraph.h:26] Deconstructing SceneGraph
I1008 15:44:55.300609 732747 Sensor.h:87] Deconstructing Sensor
I1008 15:44:55.301172 732747 Sensor.h:87] Deconstructing Sensor
I1008 15:44:55.301287 732747 Sensor.h:87] Deconstructing Sensor
I1008 15:44:55.301401 732747 Sensor.h:87] Deconstructing Sensor
I1008 15:44:55.301503 732747 Sensor.h:87] Deconstructing Sensor
I1008 15:44:55.301604 732747 Sensor.h:87] Deconstructing Sensor
I1008 15:44:55.301715 732747 Sensor.h:87] Deconstructing Sensor
I1008 15:44:55.301816 732747 Sensor.h:87] Deconstructing Sensor
I1008 15:44:55.304524 732747 Sensor.h:87] Deconstructing Sensor
I1008 15:44:55.304670 732747 Sensor.h:87] Deconstructing Sensor
I1008 15:44:55.304775 732747 Sensor.h:87] Deconstructing Sensor
I1008 15:44:55.304880 732747 Sensor.h:87] Deconstructing Sensor
I1008 15:44:55.304981 732747 Sensor.h:87] Deconstructing Sensor
I1008 15:44:55.305130 732747 Sensor.h:87] Deconstructing Sensor
I1008 15:44:55.305259 732747 Sensor.h:87] Deconstructing Sensor
I1008 15:44:55.305385 732747 Sensor.h:87] Deconstructing Sensor
I1008 15:44:55.305517 732747 Sensor.h:87] Deconstructing Sensor
I1008 15:44:55.305640 732747 Sensor.h:87] Deconstructing Sensor
I1008 15:44:55.305768 732747 Sensor.h:87] Deconstructing Sensor
I1008 15:44:55.305896 732747 Sensor.h:87] Deconstructing Sensor
I1008 15:44:55.306020 732747 Sensor.h:87] Deconstructing Sensor
I1008 15:44:55.306140 732747 Sensor.h:87] Deconstructing Sensor
I1008 15:44:55.306272 732747 Sensor.h:87] Deconstructing Sensor
I1008 15:44:55.306363 732747 Sensor.h:87] Deconstructing Sensor
I1008 15:44:55.311749 732747 Renderer.cpp:34] Deconstructing Renderer
I1008 15:44:55.311761 732747 WindowlessContext.h:17] Deconstructing WindowlessContext
I1008 15:44:55.317551 732747 MetadataMediator.cpp:56] MetadataMediator::setActiveSceneDatasetName : Old active dataset default changed to default successfully.
I1008 15:44:55.318311 732747 AttributesManagerBase.h:283] AttributesManager<T>::createFromJsonOrDefaultInternal  (Physics Manager) : Proposing JSON name : ./data/default.physics_config.json from original name : ./data/default.physics_config.json | This file  does not exist.
I1008 15:44:55.318336 732747 PhysicsAttributesManager.cpp:27] File (./data/default.physics_config.json) not found, so new default physics manager attributes created and registered.
I1008 15:44:55.318339 732747 AbstractObjectAttributesManagerBase.h:175] AbstractObjectAttributesManager<T>::createObject  (Stage) : Making attributes with handle : data/scene_datasets/mp3d/2n8kARJN3HM/2n8kARJN3HM.glb
I1008 15:44:55.318342 732747 ManagedContainerBase.cpp:19] ManagedContainerBase::convertFilenameToJSON : Filename : data/scene_datasets/mp3d/2n8kARJN3HM/2n8kARJN3HM.glb changed to proposed JSON configuration filename : data/scene_datasets/mp3d/2n8kARJN3HM/2n8kARJN3HM.stage_config.json
I1008 15:44:55.318357 732747 AttributesManagerBase.h:283] AttributesManager<T>::createFromJsonOrDefaultInternal  (Stage) : Proposing JSON name : data/scene_datasets/mp3d/2n8kARJN3HM/2n8kARJN3HM.stage_config.json from original name : data/scene_datasets/mp3d/2n8kARJN3HM/2n8kARJN3HM.glb | This file  does not exist.
I1008 15:44:55.318396 732747 AbstractObjectAttributesManagerBase.h:181] AbstractObjectAttributesManager<T>::createObject  (Stage) : Done making attributes with handle : data/scene_datasets/mp3d/2n8kARJN3HM/2n8kARJN3HM.glb
I1008 15:44:55.318405 732747 AbstractObjectAttributesManagerBase.h:188] File (data/scene_datasets/mp3d/2n8kARJN3HM/2n8kARJN3HM.glb) exists but is not a recognized config filename extension, so new default Stage attributes created and registered.
I1008 15:44:55.318408 732747 Simulator.cpp:156] Loading navmesh from data/scene_datasets/mp3d/2n8kARJN3HM/2n8kARJN3HM.navmesh
I1008 15:44:55.318629 732747 Simulator.cpp:158] Loaded.
I1008 15:44:55.318634 732747 SceneGraph.h:93] Created DrawableGroup: 
I1008 15:44:55.321744 732747 ResourceManager.cpp:234] ResourceManager::loadStage : Not loading semantic mesh
I1008 15:44:55.321750 732747 ResourceManager.cpp:262] ResourceManager::loadStage : start load render asset data/scene_datasets/mp3d/2n8kARJN3HM/2n8kARJN3HM.glb.
I1008 15:44:55.321751 732747 ResourceManager.cpp:569] ResourceManager::loadStageInternal : Attempting to load stage data/scene_datasets/mp3d/2n8kARJN3HM/2n8kARJN3HM.glb 
I1008 15:44:55.321761 732747 ResourceManager.cpp:1119] Importing Basis files as BC7 for 2n8kARJN3HM.glb
W1008 15:44:57.993016 732747 Simulator.cpp:248] :
---
 The active scene does not contain semantic annotations. 
---
I1008 15:44:58.063341 732747 simulator.py:213] Loaded navmesh data/scene_datasets/mp3d/2n8kARJN3HM/2n8kARJN3HM.navmesh
I1008 15:44:58.922138 732747 PhysicsManager.cpp:33] Deconstructing PhysicsManager
I1008 15:44:58.922161 732747 SemanticScene.h:41] Deconstructing SemanticScene
I1008 15:44:58.925729 732747 SceneManager.h:25] Deconstructing SceneManager
I1008 15:44:58.925733 732747 SceneGraph.h:26] Deconstructing SceneGraph
I1008 15:44:58.926157 732747 Sensor.h:87] Deconstructing Sensor
I1008 15:44:58.926530 732747 Sensor.h:87] Deconstructing Sensor
I1008 15:44:58.926632 732747 Sensor.h:87] Deconstructing Sensor
I1008 15:44:58.926741 732747 Sensor.h:87] Deconstructing Sensor
I1008 15:44:58.926841 732747 Sensor.h:87] Deconstructing Sensor
I1008 15:44:58.926939 732747 Sensor.h:87] Deconstructing Sensor
I1008 15:44:58.927038 732747 Sensor.h:87] Deconstructing Sensor
I1008 15:44:58.927134 732747 Sensor.h:87] Deconstructing Sensor
I1008 15:44:58.927234 732747 Sensor.h:87] Deconstructing Sensor
I1008 15:44:58.927328 732747 Sensor.h:87] Deconstructing Sensor
I1008 15:44:58.927423 732747 Sensor.h:87] Deconstructing Sensor
I1008 15:44:58.927520 732747 Sensor.h:87] Deconstructing Sensor
I1008 15:44:58.927616 732747 Sensor.h:87] Deconstructing Sensor
I1008 15:44:58.927745 732747 Sensor.h:87] Deconstructing Sensor
I1008 15:44:58.927871 732747 Sensor.h:87] Deconstructing Sensor
I1008 15:44:58.927990 732747 Sensor.h:87] Deconstructing Sensor
I1008 15:44:58.928112 732747 Sensor.h:87] Deconstructing Sensor
I1008 15:44:58.928229 732747 Sensor.h:87] Deconstructing Sensor
I1008 15:44:58.928349 732747 Sensor.h:87] Deconstructing Sensor
I1008 15:44:58.928471 732747 Sensor.h:87] Deconstructing Sensor
I1008 15:44:58.928589 732747 Sensor.h:87] Deconstructing Sensor
I1008 15:44:58.928704 732747 Sensor.h:87] Deconstructing Sensor
I1008 15:44:58.928828 732747 Sensor.h:87] Deconstructing Sensor
I1008 15:44:58.928984 732747 Sensor.h:87] Deconstructing Sensor
I1008 15:44:58.935602 732747 Renderer.cpp:34] Deconstructing Renderer
I1008 15:44:58.935621 732747 WindowlessContext.h:17] Deconstructing WindowlessContext
I1008 15:44:58.941040 732747 MetadataMediator.cpp:56] MetadataMediator::setActiveSceneDatasetName : Old active dataset default changed to default successfully.
I1008 15:44:58.942203 732747 AttributesManagerBase.h:283] AttributesManager<T>::createFromJsonOrDefaultInternal  (Physics Manager) : Proposing JSON name : ./data/default.physics_config.json from original name : ./data/default.physics_config.json | This file  does not exist.
I1008 15:44:58.942229 732747 PhysicsAttributesManager.cpp:27] File (./data/default.physics_config.json) not found, so new default physics manager attributes created and registered.
I1008 15:44:58.942234 732747 AbstractObjectAttributesManagerBase.h:175] AbstractObjectAttributesManager<T>::createObject  (Stage) : Making attributes with handle : data/scene_datasets/mp3d/PX4nDJXEHrG/PX4nDJXEHrG.glb
I1008 15:44:58.942245 732747 ManagedContainerBase.cpp:19] ManagedContainerBase::convertFilenameToJSON : Filename : data/scene_datasets/mp3d/PX4nDJXEHrG/PX4nDJXEHrG.glb changed to proposed JSON configuration filename : data/scene_datasets/mp3d/PX4nDJXEHrG/PX4nDJXEHrG.stage_config.json
I1008 15:44:58.942260 732747 AttributesManagerBase.h:283] AttributesManager<T>::createFromJsonOrDefaultInternal  (Stage) : Proposing JSON name : data/scene_datasets/mp3d/PX4nDJXEHrG/PX4nDJXEHrG.stage_config.json from original name : data/scene_datasets/mp3d/PX4nDJXEHrG/PX4nDJXEHrG.glb | This file  does not exist.
I1008 15:44:58.942304 732747 AbstractObjectAttributesManagerBase.h:181] AbstractObjectAttributesManager<T>::createObject  (Stage) : Done making attributes with handle : data/scene_datasets/mp3d/PX4nDJXEHrG/PX4nDJXEHrG.glb
I1008 15:44:58.942305 732747 AbstractObjectAttributesManagerBase.h:188] File (data/scene_datasets/mp3d/PX4nDJXEHrG/PX4nDJXEHrG.glb) exists but is not a recognized config filename extension, so new default Stage attributes created and registered.
I1008 15:44:58.942308 732747 Simulator.cpp:156] Loading navmesh from data/scene_datasets/mp3d/PX4nDJXEHrG/PX4nDJXEHrG.navmesh
I1008 15:44:58.942597 732747 Simulator.cpp:158] Loaded.
I1008 15:44:58.942602 732747 SceneGraph.h:93] Created DrawableGroup: 
I1008 15:44:58.945706 732747 ResourceManager.cpp:234] ResourceManager::loadStage : Not loading semantic mesh
I1008 15:44:58.945712 732747 ResourceManager.cpp:262] ResourceManager::loadStage : start load render asset data/scene_datasets/mp3d/PX4nDJXEHrG/PX4nDJXEHrG.glb.
I1008 15:44:58.945713 732747 ResourceManager.cpp:569] ResourceManager::loadStageInternal : Attempting to load stage data/scene_datasets/mp3d/PX4nDJXEHrG/PX4nDJXEHrG.glb 
I1008 15:44:58.945724 732747 ResourceManager.cpp:1119] Importing Basis files as BC7 for PX4nDJXEHrG.glb
W1008 15:45:01.388218 732747 Simulator.cpp:248] :
---
 The active scene does not contain semantic annotations. 
---
I1008 15:45:01.475375 732747 simulator.py:213] Loaded navmesh data/scene_datasets/mp3d/PX4nDJXEHrG/PX4nDJXEHrG.navmesh
I1008 15:45:01.897130 732747 PhysicsManager.cpp:33] Deconstructing PhysicsManager
I1008 15:45:01.897154 732747 SemanticScene.h:41] Deconstructing SemanticScene
I1008 15:45:01.902845 732747 SceneManager.h:25] Deconstructing SceneManager
I1008 15:45:01.902863 732747 SceneGraph.h:26] Deconstructing SceneGraph
I1008 15:45:01.903843 732747 Sensor.h:87] Deconstructing Sensor
I1008 15:45:01.904731 732747 Sensor.h:87] Deconstructing Sensor
I1008 15:45:01.904843 732747 Sensor.h:87] Deconstructing Sensor
I1008 15:45:01.904953 732747 Sensor.h:87] Deconstructing Sensor
I1008 15:45:01.905053 732747 Sensor.h:87] Deconstructing Sensor
I1008 15:45:01.905150 732747 Sensor.h:87] Deconstructing Sensor
I1008 15:45:01.905253 732747 Sensor.h:87] Deconstructing Sensor
I1008 15:45:01.905357 732747 Sensor.h:87] Deconstructing Sensor
I1008 15:45:01.905458 732747 Sensor.h:87] Deconstructing Sensor
I1008 15:45:01.905557 732747 Sensor.h:87] Deconstructing Sensor
I1008 15:45:01.905656 732747 Sensor.h:87] Deconstructing Sensor
I1008 15:45:01.905759 732747 Sensor.h:87] Deconstructing Sensor
I1008 15:45:01.905857 732747 Sensor.h:87] Deconstructing Sensor
I1008 15:45:01.905982 732747 Sensor.h:87] Deconstructing Sensor
I1008 15:45:01.906107 732747 Sensor.h:87] Deconstructing Sensor
I1008 15:45:01.906229 732747 Sensor.h:87] Deconstructing Sensor
I1008 15:45:01.906354 732747 Sensor.h:87] Deconstructing Sensor
I1008 15:45:01.906473 732747 Sensor.h:87] Deconstructing Sensor
I1008 15:45:01.906594 732747 Sensor.h:87] Deconstructing Sensor
I1008 15:45:01.906719 732747 Sensor.h:87] Deconstructing Sensor
I1008 15:45:01.906839 732747 Sensor.h:87] Deconstructing Sensor
I1008 15:45:01.906961 732747 Sensor.h:87] Deconstructing Sensor
I1008 15:45:01.907085 732747 Sensor.h:87] Deconstructing Sensor
I1008 15:45:01.907243 732747 Sensor.h:87] Deconstructing Sensor
I1008 15:45:01.911772 732747 Renderer.cpp:34] Deconstructing Renderer
I1008 15:45:01.911798 732747 WindowlessContext.h:17] Deconstructing WindowlessContext
I1008 15:45:01.917505 732747 MetadataMediator.cpp:56] MetadataMediator::setActiveSceneDatasetName : Old active dataset default changed to default successfully.
I1008 15:45:01.918510 732747 AttributesManagerBase.h:283] AttributesManager<T>::createFromJsonOrDefaultInternal  (Physics Manager) : Proposing JSON name : ./data/default.physics_config.json from original name : ./data/default.physics_config.json | This file  does not exist.
I1008 15:45:01.918536 732747 PhysicsAttributesManager.cpp:27] File (./data/default.physics_config.json) not found, so new default physics manager attributes created and registered.
I1008 15:45:01.918541 732747 AbstractObjectAttributesManagerBase.h:175] AbstractObjectAttributesManager<T>::createObject  (Stage) : Making attributes with handle : data/scene_datasets/mp3d/2n8kARJN3HM/2n8kARJN3HM.glb
I1008 15:45:01.918545 732747 ManagedContainerBase.cpp:19] ManagedContainerBase::convertFilenameToJSON : Filename : data/scene_datasets/mp3d/2n8kARJN3HM/2n8kARJN3HM.glb changed to proposed JSON configuration filename : data/scene_datasets/mp3d/2n8kARJN3HM/2n8kARJN3HM.stage_config.json
I1008 15:45:01.918560 732747 AttributesManagerBase.h:283] AttributesManager<T>::createFromJsonOrDefaultInternal  (Stage) : Proposing JSON name : data/scene_datasets/mp3d/2n8kARJN3HM/2n8kARJN3HM.stage_config.json from original name : data/scene_datasets/mp3d/2n8kARJN3HM/2n8kARJN3HM.glb | This file  does not exist.
I1008 15:45:01.918602 732747 AbstractObjectAttributesManagerBase.h:181] AbstractObjectAttributesManager<T>::createObject  (Stage) : Done making attributes with handle : data/scene_datasets/mp3d/2n8kARJN3HM/2n8kARJN3HM.glb
I1008 15:45:01.918603 732747 AbstractObjectAttributesManagerBase.h:188] File (data/scene_datasets/mp3d/2n8kARJN3HM/2n8kARJN3HM.glb) exists but is not a recognized config filename extension, so new default Stage attributes created and registered.
I1008 15:45:01.918606 732747 Simulator.cpp:156] Loading navmesh from data/scene_datasets/mp3d/2n8kARJN3HM/2n8kARJN3HM.navmesh
I1008 15:45:01.918826 732747 Simulator.cpp:158] Loaded.
I1008 15:45:01.918831 732747 SceneGraph.h:93] Created DrawableGroup: 
I1008 15:45:01.922122 732747 ResourceManager.cpp:234] ResourceManager::loadStage : Not loading semantic mesh
I1008 15:45:01.922128 732747 ResourceManager.cpp:262] ResourceManager::loadStage : start load render asset data/scene_datasets/mp3d/2n8kARJN3HM/2n8kARJN3HM.glb.
I1008 15:45:01.922129 732747 ResourceManager.cpp:569] ResourceManager::loadStageInternal : Attempting to load stage data/scene_datasets/mp3d/2n8kARJN3HM/2n8kARJN3HM.glb 
I1008 15:45:01.922140 732747 ResourceManager.cpp:1119] Importing Basis files as BC7 for 2n8kARJN3HM.glb
W1008 15:45:04.571213 732747 Simulator.cpp:248] :
---
 The active scene does not contain semantic annotations. 
---
I1008 15:45:04.645222 732747 simulator.py:213] Loaded navmesh data/scene_datasets/mp3d/2n8kARJN3HM/2n8kARJN3HM.navmesh
I1008 15:45:05.562330 732747 PhysicsManager.cpp:33] Deconstructing PhysicsManager
I1008 15:45:05.562350 732747 SemanticScene.h:41] Deconstructing SemanticScene
I1008 15:45:05.566635 732747 SceneManager.h:25] Deconstructing SceneManager
I1008 15:45:05.566651 732747 SceneGraph.h:26] Deconstructing SceneGraph
I1008 15:45:05.567194 732747 Sensor.h:87] Deconstructing Sensor
I1008 15:45:05.567710 732747 Sensor.h:87] Deconstructing Sensor
I1008 15:45:05.567823 732747 Sensor.h:87] Deconstructing Sensor
I1008 15:45:05.567934 732747 Sensor.h:87] Deconstructing Sensor
I1008 15:45:05.568043 732747 Sensor.h:87] Deconstructing Sensor
I1008 15:45:05.568149 732747 Sensor.h:87] Deconstructing Sensor
I1008 15:45:05.568259 732747 Sensor.h:87] Deconstructing Sensor
I1008 15:45:05.568360 732747 Sensor.h:87] Deconstructing Sensor
I1008 15:45:05.568468 732747 Sensor.h:87] Deconstructing Sensor
I1008 15:45:05.568570 732747 Sensor.h:87] Deconstructing Sensor
I1008 15:45:05.568673 732747 Sensor.h:87] Deconstructing Sensor
I1008 15:45:05.568780 732747 Sensor.h:87] Deconstructing Sensor
I1008 15:45:05.568900 732747 Sensor.h:87] Deconstructing Sensor
I1008 15:45:05.569043 732747 Sensor.h:87] Deconstructing Sensor
I1008 15:45:05.569183 732747 Sensor.h:87] Deconstructing Sensor
I1008 15:45:05.569311 732747 Sensor.h:87] Deconstructing Sensor
I1008 15:45:05.569442 732747 Sensor.h:87] Deconstructing Sensor
I1008 15:45:05.569953 732747 Sensor.h:87] Deconstructing Sensor
I1008 15:45:05.570153 732747 Sensor.h:87] Deconstructing Sensor
I1008 15:45:05.570405 732747 Sensor.h:87] Deconstructing Sensor
I1008 15:45:05.570541 732747 Sensor.h:87] Deconstructing Sensor
I1008 15:45:05.570675 732747 Sensor.h:87] Deconstructing Sensor
I1008 15:45:05.570808 732747 Sensor.h:87] Deconstructing Sensor
I1008 15:45:05.570974 732747 Sensor.h:87] Deconstructing Sensor
I1008 15:45:05.576295 732747 Renderer.cpp:34] Deconstructing Renderer
I1008 15:45:05.576310 732747 WindowlessContext.h:17] Deconstructing WindowlessContext
I1008 15:45:05.581940 732747 MetadataMediator.cpp:56] MetadataMediator::setActiveSceneDatasetName : Old active dataset default changed to default successfully.
I1008 15:45:05.583364 732747 AttributesManagerBase.h:283] AttributesManager<T>::createFromJsonOrDefaultInternal  (Physics Manager) : Proposing JSON name : ./data/default.physics_config.json from original name : ./data/default.physics_config.json | This file  does not exist.
I1008 15:45:05.583391 732747 PhysicsAttributesManager.cpp:27] File (./data/default.physics_config.json) not found, so new default physics manager attributes created and registered.
I1008 15:45:05.583397 732747 AbstractObjectAttributesManagerBase.h:175] AbstractObjectAttributesManager<T>::createObject  (Stage) : Making attributes with handle : data/scene_datasets/mp3d/JmbYfDe2QKZ/JmbYfDe2QKZ.glb
I1008 15:45:05.583400 732747 ManagedContainerBase.cpp:19] ManagedContainerBase::convertFilenameToJSON : Filename : data/scene_datasets/mp3d/JmbYfDe2QKZ/JmbYfDe2QKZ.glb changed to proposed JSON configuration filename : data/scene_datasets/mp3d/JmbYfDe2QKZ/JmbYfDe2QKZ.stage_config.json
I1008 15:45:05.583416 732747 AttributesManagerBase.h:283] AttributesManager<T>::createFromJsonOrDefaultInternal  (Stage) : Proposing JSON name : data/scene_datasets/mp3d/JmbYfDe2QKZ/JmbYfDe2QKZ.stage_config.json from original name : data/scene_datasets/mp3d/JmbYfDe2QKZ/JmbYfDe2QKZ.glb | This file  does not exist.
I1008 15:45:05.583461 732747 AbstractObjectAttributesManagerBase.h:181] AbstractObjectAttributesManager<T>::createObject  (Stage) : Done making attributes with handle : data/scene_datasets/mp3d/JmbYfDe2QKZ/JmbYfDe2QKZ.glb
I1008 15:45:05.583462 732747 AbstractObjectAttributesManagerBase.h:188] File (data/scene_datasets/mp3d/JmbYfDe2QKZ/JmbYfDe2QKZ.glb) exists but is not a recognized config filename extension, so new default Stage attributes created and registered.
I1008 15:45:05.583467 732747 Simulator.cpp:156] Loading navmesh from data/scene_datasets/mp3d/JmbYfDe2QKZ/JmbYfDe2QKZ.navmesh
I1008 15:45:05.583575 732747 Simulator.cpp:158] Loaded.
I1008 15:45:05.583580 732747 SceneGraph.h:93] Created DrawableGroup: 
I1008 15:45:05.586814 732747 ResourceManager.cpp:234] ResourceManager::loadStage : Not loading semantic mesh
I1008 15:45:05.586822 732747 ResourceManager.cpp:262] ResourceManager::loadStage : start load render asset data/scene_datasets/mp3d/JmbYfDe2QKZ/JmbYfDe2QKZ.glb.
I1008 15:45:05.586822 732747 ResourceManager.cpp:569] ResourceManager::loadStageInternal : Attempting to load stage data/scene_datasets/mp3d/JmbYfDe2QKZ/JmbYfDe2QKZ.glb 
I1008 15:45:05.586834 732747 ResourceManager.cpp:1119] Importing Basis files as BC7 for JmbYfDe2QKZ.glb
W1008 15:45:06.629781 732747 Simulator.cpp:248] :
---
 The active scene does not contain semantic annotations. 
---
I1008 15:45:06.681257 732747 simulator.py:213] Loaded navmesh data/scene_datasets/mp3d/JmbYfDe2QKZ/JmbYfDe2QKZ.navmesh
I1008 15:45:07.285527 732747 PhysicsManager.cpp:33] Deconstructing PhysicsManager
I1008 15:45:07.285549 732747 SemanticScene.h:41] Deconstructing SemanticScene
I1008 15:45:07.288457 732747 SceneManager.h:25] Deconstructing SceneManager
I1008 15:45:07.288465 732747 SceneGraph.h:26] Deconstructing SceneGraph
I1008 15:45:07.288888 732747 Sensor.h:87] Deconstructing Sensor
I1008 15:45:07.289151 732747 Sensor.h:87] Deconstructing Sensor
I1008 15:45:07.289253 732747 Sensor.h:87] Deconstructing Sensor
I1008 15:45:07.289357 732747 Sensor.h:87] Deconstructing Sensor
I1008 15:45:07.289460 732747 Sensor.h:87] Deconstructing Sensor
I1008 15:45:07.289556 732747 Sensor.h:87] Deconstructing Sensor
I1008 15:45:07.289659 732747 Sensor.h:87] Deconstructing Sensor
I1008 15:45:07.289758 732747 Sensor.h:87] Deconstructing Sensor
I1008 15:45:07.289860 732747 Sensor.h:87] Deconstructing Sensor
I1008 15:45:07.289956 732747 Sensor.h:87] Deconstructing Sensor
I1008 15:45:07.290051 732747 Sensor.h:87] Deconstructing Sensor
I1008 15:45:07.290150 732747 Sensor.h:87] Deconstructing Sensor
I1008 15:45:07.290251 732747 Sensor.h:87] Deconstructing Sensor
I1008 15:45:07.290369 732747 Sensor.h:87] Deconstructing Sensor
I1008 15:45:07.290496 732747 Sensor.h:87] Deconstructing Sensor
I1008 15:45:07.290620 732747 Sensor.h:87] Deconstructing Sensor
I1008 15:45:07.290745 732747 Sensor.h:87] Deconstructing Sensor
I1008 15:45:07.290863 732747 Sensor.h:87] Deconstructing Sensor
I1008 15:45:07.290982 732747 Sensor.h:87] Deconstructing Sensor
I1008 15:45:07.291103 732747 Sensor.h:87] Deconstructing Sensor
I1008 15:45:07.291220 732747 Sensor.h:87] Deconstructing Sensor
I1008 15:45:07.291337 732747 Sensor.h:87] Deconstructing Sensor
I1008 15:45:07.291460 732747 Sensor.h:87] Deconstructing Sensor
I1008 15:45:07.291654 732747 Sensor.h:87] Deconstructing Sensor
I1008 15:45:07.295600 732747 Renderer.cpp:34] Deconstructing Renderer
I1008 15:45:07.295606 732747 WindowlessContext.h:17] Deconstructing WindowlessContext
I1008 15:45:07.298045 732747 MetadataMediator.cpp:56] MetadataMediator::setActiveSceneDatasetName : Old active dataset default changed to default successfully.
I1008 15:45:07.298417 732747 AttributesManagerBase.h:283] AttributesManager<T>::createFromJsonOrDefaultInternal  (Physics Manager) : Proposing JSON name : ./data/default.physics_config.json from original name : ./data/default.physics_config.json | This file  does not exist.
I1008 15:45:07.298437 732747 PhysicsAttributesManager.cpp:27] File (./data/default.physics_config.json) not found, so new default physics manager attributes created and registered.
I1008 15:45:07.298442 732747 AbstractObjectAttributesManagerBase.h:175] AbstractObjectAttributesManager<T>::createObject  (Stage) : Making attributes with handle : data/scene_datasets/mp3d/PX4nDJXEHrG/PX4nDJXEHrG.glb
I1008 15:45:07.298444 732747 ManagedContainerBase.cpp:19] ManagedContainerBase::convertFilenameToJSON : Filename : data/scene_datasets/mp3d/PX4nDJXEHrG/PX4nDJXEHrG.glb changed to proposed JSON configuration filename : data/scene_datasets/mp3d/PX4nDJXEHrG/PX4nDJXEHrG.stage_config.json
I1008 15:45:07.298457 732747 AttributesManagerBase.h:283] AttributesManager<T>::createFromJsonOrDefaultInternal  (Stage) : Proposing JSON name : data/scene_datasets/mp3d/PX4nDJXEHrG/PX4nDJXEHrG.stage_config.json from original name : data/scene_datasets/mp3d/PX4nDJXEHrG/PX4nDJXEHrG.glb | This file  does not exist.
I1008 15:45:07.298494 732747 AbstractObjectAttributesManagerBase.h:181] AbstractObjectAttributesManager<T>::createObject  (Stage) : Done making attributes with handle : data/scene_datasets/mp3d/PX4nDJXEHrG/PX4nDJXEHrG.glb
I1008 15:45:07.298496 732747 AbstractObjectAttributesManagerBase.h:188] File (data/scene_datasets/mp3d/PX4nDJXEHrG/PX4nDJXEHrG.glb) exists but is not a recognized config filename extension, so new default Stage attributes created and registered.
I1008 15:45:07.298498 732747 Simulator.cpp:156] Loading navmesh from data/scene_datasets/mp3d/PX4nDJXEHrG/PX4nDJXEHrG.navmesh
I1008 15:45:07.298702 732747 Simulator.cpp:158] Loaded.
I1008 15:45:07.298707 732747 SceneGraph.h:93] Created DrawableGroup: 
I1008 15:45:07.301713 732747 ResourceManager.cpp:234] ResourceManager::loadStage : Not loading semantic mesh
I1008 15:45:07.301719 732747 ResourceManager.cpp:262] ResourceManager::loadStage : start load render asset data/scene_datasets/mp3d/PX4nDJXEHrG/PX4nDJXEHrG.glb.
I1008 15:45:07.301725 732747 ResourceManager.cpp:569] ResourceManager::loadStageInternal : Attempting to load stage data/scene_datasets/mp3d/PX4nDJXEHrG/PX4nDJXEHrG.glb 
I1008 15:45:07.301735 732747 ResourceManager.cpp:1119] Importing Basis files as BC7 for PX4nDJXEHrG.glb
W1008 15:45:09.752364 732747 Simulator.cpp:248] :
---
 The active scene does not contain semantic annotations. 
---
I1008 15:45:09.838673 732747 simulator.py:213] Loaded navmesh data/scene_datasets/mp3d/PX4nDJXEHrG/PX4nDJXEHrG.navmesh
I1008 15:45:10.277479 732747 PhysicsManager.cpp:33] Deconstructing PhysicsManager
I1008 15:45:10.277498 732747 SemanticScene.h:41] Deconstructing SemanticScene
I1008 15:45:10.282337 732747 SceneManager.h:25] Deconstructing SceneManager
I1008 15:45:10.282346 732747 SceneGraph.h:26] Deconstructing SceneGraph
I1008 15:45:10.282790 732747 Sensor.h:87] Deconstructing Sensor
I1008 15:45:10.283247 732747 Sensor.h:87] Deconstructing Sensor
I1008 15:45:10.283352 732747 Sensor.h:87] Deconstructing Sensor
I1008 15:45:10.283465 732747 Sensor.h:87] Deconstructing Sensor
I1008 15:45:10.283566 732747 Sensor.h:87] Deconstructing Sensor
I1008 15:45:10.283669 732747 Sensor.h:87] Deconstructing Sensor
I1008 15:45:10.283774 732747 Sensor.h:87] Deconstructing Sensor
I1008 15:45:10.283870 732747 Sensor.h:87] Deconstructing Sensor
I1008 15:45:10.283972 732747 Sensor.h:87] Deconstructing Sensor
I1008 15:45:10.284073 732747 Sensor.h:87] Deconstructing Sensor
I1008 15:45:10.284170 732747 Sensor.h:87] Deconstructing Sensor
I1008 15:45:10.284272 732747 Sensor.h:87] Deconstructing Sensor
I1008 15:45:10.284370 732747 Sensor.h:87] Deconstructing Sensor
I1008 15:45:10.284495 732747 Sensor.h:87] Deconstructing Sensor
I1008 15:45:10.284621 732747 Sensor.h:87] Deconstructing Sensor
I1008 15:45:10.284742 732747 Sensor.h:87] Deconstructing Sensor
I1008 15:45:10.284868 732747 Sensor.h:87] Deconstructing Sensor
I1008 15:45:10.284989 732747 Sensor.h:87] Deconstructing Sensor
I1008 15:45:10.285115 732747 Sensor.h:87] Deconstructing Sensor
I1008 15:45:10.285238 732747 Sensor.h:87] Deconstructing Sensor
I1008 15:45:10.285362 732747 Sensor.h:87] Deconstructing Sensor
I1008 15:45:10.285481 732747 Sensor.h:87] Deconstructing Sensor
I1008 15:45:10.285607 732747 Sensor.h:87] Deconstructing Sensor
I1008 15:45:10.285683 732747 Sensor.h:87] Deconstructing Sensor
I1008 15:45:10.290603 732747 Renderer.cpp:34] Deconstructing Renderer
I1008 15:45:10.290614 732747 WindowlessContext.h:17] Deconstructing WindowlessContext
I1008 15:45:10.296383 732747 MetadataMediator.cpp:56] MetadataMediator::setActiveSceneDatasetName : Old active dataset default changed to default successfully.
I1008 15:45:10.297271 732747 AttributesManagerBase.h:283] AttributesManager<T>::createFromJsonOrDefaultInternal  (Physics Manager) : Proposing JSON name : ./data/default.physics_config.json from original name : ./data/default.physics_config.json | This file  does not exist.
I1008 15:45:10.297297 732747 PhysicsAttributesManager.cpp:27] File (./data/default.physics_config.json) not found, so new default physics manager attributes created and registered.
I1008 15:45:10.297300 732747 AbstractObjectAttributesManagerBase.h:175] AbstractObjectAttributesManager<T>::createObject  (Stage) : Making attributes with handle : data/scene_datasets/mp3d/pRbA3pwrgk9/pRbA3pwrgk9.glb
I1008 15:45:10.297303 732747 ManagedContainerBase.cpp:19] ManagedContainerBase::convertFilenameToJSON : Filename : data/scene_datasets/mp3d/pRbA3pwrgk9/pRbA3pwrgk9.glb changed to proposed JSON configuration filename : data/scene_datasets/mp3d/pRbA3pwrgk9/pRbA3pwrgk9.stage_config.json
I1008 15:45:10.297319 732747 AttributesManagerBase.h:283] AttributesManager<T>::createFromJsonOrDefaultInternal  (Stage) : Proposing JSON name : data/scene_datasets/mp3d/pRbA3pwrgk9/pRbA3pwrgk9.stage_config.json from original name : data/scene_datasets/mp3d/pRbA3pwrgk9/pRbA3pwrgk9.glb | This file  does not exist.
I1008 15:45:10.297359 732747 AbstractObjectAttributesManagerBase.h:181] AbstractObjectAttributesManager<T>::createObject  (Stage) : Done making attributes with handle : data/scene_datasets/mp3d/pRbA3pwrgk9/pRbA3pwrgk9.glb
I1008 15:45:10.297367 732747 AbstractObjectAttributesManagerBase.h:188] File (data/scene_datasets/mp3d/pRbA3pwrgk9/pRbA3pwrgk9.glb) exists but is not a recognized config filename extension, so new default Stage attributes created and registered.
I1008 15:45:10.297370 732747 Simulator.cpp:156] Loading navmesh from data/scene_datasets/mp3d/pRbA3pwrgk9/pRbA3pwrgk9.navmesh
I1008 15:45:10.297487 732747 Simulator.cpp:158] Loaded.
I1008 15:45:10.297492 732747 SceneGraph.h:93] Created DrawableGroup: 
I1008 15:45:10.300800 732747 ResourceManager.cpp:234] ResourceManager::loadStage : Not loading semantic mesh
I1008 15:45:10.300807 732747 ResourceManager.cpp:262] ResourceManager::loadStage : start load render asset data/scene_datasets/mp3d/pRbA3pwrgk9/pRbA3pwrgk9.glb.
I1008 15:45:10.300808 732747 ResourceManager.cpp:569] ResourceManager::loadStageInternal : Attempting to load stage data/scene_datasets/mp3d/pRbA3pwrgk9/pRbA3pwrgk9.glb 
I1008 15:45:10.300825 732747 ResourceManager.cpp:1119] Importing Basis files as BC7 for pRbA3pwrgk9.glb
W1008 15:45:11.425284 732747 Simulator.cpp:248] :
---
 The active scene does not contain semantic annotations. 
---
I1008 15:45:11.478728 732747 simulator.py:213] Loaded navmesh data/scene_datasets/mp3d/pRbA3pwrgk9/pRbA3pwrgk9.navmesh
I1008 15:45:12.168135 732747 PhysicsManager.cpp:33] Deconstructing PhysicsManager
I1008 15:45:12.168169 732747 SemanticScene.h:41] Deconstructing SemanticScene
I1008 15:45:12.173224 732747 SceneManager.h:25] Deconstructing SceneManager
I1008 15:45:12.173240 732747 SceneGraph.h:26] Deconstructing SceneGraph
I1008 15:45:12.173619 732747 Sensor.h:87] Deconstructing Sensor
I1008 15:45:12.174080 732747 Sensor.h:87] Deconstructing Sensor
I1008 15:45:12.174188 732747 Sensor.h:87] Deconstructing Sensor
I1008 15:45:12.174296 732747 Sensor.h:87] Deconstructing Sensor
I1008 15:45:12.174398 732747 Sensor.h:87] Deconstructing Sensor
I1008 15:45:12.174499 732747 Sensor.h:87] Deconstructing Sensor
I1008 15:45:12.174599 732747 Sensor.h:87] Deconstructing Sensor
I1008 15:45:12.174701 732747 Sensor.h:87] Deconstructing Sensor
I1008 15:45:12.174805 732747 Sensor.h:87] Deconstructing Sensor
I1008 15:45:12.174906 732747 Sensor.h:87] Deconstructing Sensor
I1008 15:45:12.175004 732747 Sensor.h:87] Deconstructing Sensor
I1008 15:45:12.175108 732747 Sensor.h:87] Deconstructing Sensor
I1008 15:45:12.175208 732747 Sensor.h:87] Deconstructing Sensor
I1008 15:45:12.175335 732747 Sensor.h:87] Deconstructing Sensor
I1008 15:45:12.175465 732747 Sensor.h:87] Deconstructing Sensor
I1008 15:45:12.175592 732747 Sensor.h:87] Deconstructing Sensor
I1008 15:45:12.175736 732747 Sensor.h:87] Deconstructing Sensor
I1008 15:45:12.175859 732747 Sensor.h:87] Deconstructing Sensor
I1008 15:45:12.175987 732747 Sensor.h:87] Deconstructing Sensor
I1008 15:45:12.176107 732747 Sensor.h:87] Deconstructing Sensor
I1008 15:45:12.176226 732747 Sensor.h:87] Deconstructing Sensor
I1008 15:45:12.176344 732747 Sensor.h:87] Deconstructing Sensor
I1008 15:45:12.176468 732747 Sensor.h:87] Deconstructing Sensor
I1008 15:45:12.176564 732747 Sensor.h:87] Deconstructing Sensor
I1008 15:45:12.179934 732747 Renderer.cpp:34] Deconstructing Renderer
I1008 15:45:12.179948 732747 WindowlessContext.h:17] Deconstructing WindowlessContext
I1008 15:45:12.182987 732747 MetadataMediator.cpp:56] MetadataMediator::setActiveSceneDatasetName : Old active dataset default changed to default successfully.
I1008 15:45:12.183763 732747 AttributesManagerBase.h:283] AttributesManager<T>::createFromJsonOrDefaultInternal  (Physics Manager) : Proposing JSON name : ./data/default.physics_config.json from original name : ./data/default.physics_config.json | This file  does not exist.
I1008 15:45:12.183789 732747 PhysicsAttributesManager.cpp:27] File (./data/default.physics_config.json) not found, so new default physics manager attributes created and registered.
I1008 15:45:12.183794 732747 AbstractObjectAttributesManagerBase.h:175] AbstractObjectAttributesManager<T>::createObject  (Stage) : Making attributes with handle : data/scene_datasets/mp3d/qoiz87JEwZ2/qoiz87JEwZ2.glb
I1008 15:45:12.183806 732747 ManagedContainerBase.cpp:19] ManagedContainerBase::convertFilenameToJSON : Filename : data/scene_datasets/mp3d/qoiz87JEwZ2/qoiz87JEwZ2.glb changed to proposed JSON configuration filename : data/scene_datasets/mp3d/qoiz87JEwZ2/qoiz87JEwZ2.stage_config.json
I1008 15:45:12.183820 732747 AttributesManagerBase.h:283] AttributesManager<T>::createFromJsonOrDefaultInternal  (Stage) : Proposing JSON name : data/scene_datasets/mp3d/qoiz87JEwZ2/qoiz87JEwZ2.stage_config.json from original name : data/scene_datasets/mp3d/qoiz87JEwZ2/qoiz87JEwZ2.glb | This file  does not exist.
I1008 15:45:12.183862 732747 AbstractObjectAttributesManagerBase.h:181] AbstractObjectAttributesManager<T>::createObject  (Stage) : Done making attributes with handle : data/scene_datasets/mp3d/qoiz87JEwZ2/qoiz87JEwZ2.glb
I1008 15:45:12.183863 732747 AbstractObjectAttributesManagerBase.h:188] File (data/scene_datasets/mp3d/qoiz87JEwZ2/qoiz87JEwZ2.glb) exists but is not a recognized config filename extension, so new default Stage attributes created and registered.
I1008 15:45:12.183866 732747 Simulator.cpp:156] Loading navmesh from data/scene_datasets/mp3d/qoiz87JEwZ2/qoiz87JEwZ2.navmesh
I1008 15:45:12.184008 732747 Simulator.cpp:158] Loaded.
I1008 15:45:12.184013 732747 SceneGraph.h:93] Created DrawableGroup: 
I1008 15:45:12.187206 732747 ResourceManager.cpp:234] ResourceManager::loadStage : Not loading semantic mesh
I1008 15:45:12.187214 732747 ResourceManager.cpp:262] ResourceManager::loadStage : start load render asset data/scene_datasets/mp3d/qoiz87JEwZ2/qoiz87JEwZ2.glb.
I1008 15:45:12.187215 732747 ResourceManager.cpp:569] ResourceManager::loadStageInternal : Attempting to load stage data/scene_datasets/mp3d/qoiz87JEwZ2/qoiz87JEwZ2.glb 
I1008 15:45:12.187232 732747 ResourceManager.cpp:1119] Importing Basis files as BC7 for qoiz87JEwZ2.glb
W1008 15:45:13.854820 732747 Simulator.cpp:248] :
---
 The active scene does not contain semantic annotations. 
---
I1008 15:45:13.913787 732747 simulator.py:213] Loaded navmesh data/scene_datasets/mp3d/qoiz87JEwZ2/qoiz87JEwZ2.navmesh
I1008 15:45:14.254565 732747 PhysicsManager.cpp:33] Deconstructing PhysicsManager
I1008 15:45:14.254590 732747 SemanticScene.h:41] Deconstructing SemanticScene
I1008 15:45:14.258033 732747 SceneManager.h:25] Deconstructing SceneManager
I1008 15:45:14.258037 732747 SceneGraph.h:26] Deconstructing SceneGraph
I1008 15:45:14.258381 732747 Sensor.h:87] Deconstructing Sensor
I1008 15:45:14.258778 732747 Sensor.h:87] Deconstructing Sensor
I1008 15:45:14.258880 732747 Sensor.h:87] Deconstructing Sensor
I1008 15:45:14.258984 732747 Sensor.h:87] Deconstructing Sensor
I1008 15:45:14.259081 732747 Sensor.h:87] Deconstructing Sensor
I1008 15:45:14.259178 732747 Sensor.h:87] Deconstructing Sensor
I1008 15:45:14.259279 732747 Sensor.h:87] Deconstructing Sensor
I1008 15:45:14.259373 732747 Sensor.h:87] Deconstructing Sensor
I1008 15:45:14.259473 732747 Sensor.h:87] Deconstructing Sensor
I1008 15:45:14.259567 732747 Sensor.h:87] Deconstructing Sensor
I1008 15:45:14.259667 732747 Sensor.h:87] Deconstructing Sensor
I1008 15:45:14.259766 732747 Sensor.h:87] Deconstructing Sensor
I1008 15:45:14.259861 732747 Sensor.h:87] Deconstructing Sensor
I1008 15:45:14.259986 732747 Sensor.h:87] Deconstructing Sensor
I1008 15:45:14.260113 732747 Sensor.h:87] Deconstructing Sensor
I1008 15:45:14.260231 732747 Sensor.h:87] Deconstructing Sensor
I1008 15:45:14.260355 732747 Sensor.h:87] Deconstructing Sensor
I1008 15:45:14.260473 732747 Sensor.h:87] Deconstructing Sensor
I1008 15:45:14.260591 732747 Sensor.h:87] Deconstructing Sensor
I1008 15:45:14.260716 732747 Sensor.h:87] Deconstructing Sensor
I1008 15:45:14.260834 732747 Sensor.h:87] Deconstructing Sensor
I1008 15:45:14.260951 732747 Sensor.h:87] Deconstructing Sensor
I1008 15:45:14.261077 732747 Sensor.h:87] Deconstructing Sensor
I1008 15:45:14.261168 732747 Sensor.h:87] Deconstructing Sensor
I1008 15:45:14.264014 732747 Renderer.cpp:34] Deconstructing Renderer
I1008 15:45:14.264021 732747 WindowlessContext.h:17] Deconstructing WindowlessContext
I1008 15:45:14.267151 732747 MetadataMediator.cpp:56] MetadataMediator::setActiveSceneDatasetName : Old active dataset default changed to default successfully.
I1008 15:45:14.267659 732747 AttributesManagerBase.h:283] AttributesManager<T>::createFromJsonOrDefaultInternal  (Physics Manager) : Proposing JSON name : ./data/default.physics_config.json from original name : ./data/default.physics_config.json | This file  does not exist.
I1008 15:45:14.267686 732747 PhysicsAttributesManager.cpp:27] File (./data/default.physics_config.json) not found, so new default physics manager attributes created and registered.
I1008 15:45:14.267691 732747 AbstractObjectAttributesManagerBase.h:175] AbstractObjectAttributesManager<T>::createObject  (Stage) : Making attributes with handle : data/scene_datasets/mp3d/pRbA3pwrgk9/pRbA3pwrgk9.glb
I1008 15:45:14.267693 732747 ManagedContainerBase.cpp:19] ManagedContainerBase::convertFilenameToJSON : Filename : data/scene_datasets/mp3d/pRbA3pwrgk9/pRbA3pwrgk9.glb changed to proposed JSON configuration filename : data/scene_datasets/mp3d/pRbA3pwrgk9/pRbA3pwrgk9.stage_config.json
I1008 15:45:14.267709 732747 AttributesManagerBase.h:283] AttributesManager<T>::createFromJsonOrDefaultInternal  (Stage) : Proposing JSON name : data/scene_datasets/mp3d/pRbA3pwrgk9/pRbA3pwrgk9.stage_config.json from original name : data/scene_datasets/mp3d/pRbA3pwrgk9/pRbA3pwrgk9.glb | This file  does not exist.
I1008 15:45:14.267747 732747 AbstractObjectAttributesManagerBase.h:181] AbstractObjectAttributesManager<T>::createObject  (Stage) : Done making attributes with handle : data/scene_datasets/mp3d/pRbA3pwrgk9/pRbA3pwrgk9.glb
I1008 15:45:14.267748 732747 AbstractObjectAttributesManagerBase.h:188] File (data/scene_datasets/mp3d/pRbA3pwrgk9/pRbA3pwrgk9.glb) exists but is not a recognized config filename extension, so new default Stage attributes created and registered.
I1008 15:45:14.267751 732747 Simulator.cpp:156] Loading navmesh from data/scene_datasets/mp3d/pRbA3pwrgk9/pRbA3pwrgk9.navmesh
I1008 15:45:14.267859 732747 Simulator.cpp:158] Loaded.
I1008 15:45:14.267863 732747 SceneGraph.h:93] Created DrawableGroup: 
I1008 15:45:14.270964 732747 ResourceManager.cpp:234] ResourceManager::loadStage : Not loading semantic mesh
I1008 15:45:14.270972 732747 ResourceManager.cpp:262] ResourceManager::loadStage : start load render asset data/scene_datasets/mp3d/pRbA3pwrgk9/pRbA3pwrgk9.glb.
I1008 15:45:14.270972 732747 ResourceManager.cpp:569] ResourceManager::loadStageInternal : Attempting to load stage data/scene_datasets/mp3d/pRbA3pwrgk9/pRbA3pwrgk9.glb 
I1008 15:45:14.270985 732747 ResourceManager.cpp:1119] Importing Basis files as BC7 for pRbA3pwrgk9.glb
W1008 15:45:15.328560 732747 Simulator.cpp:248] :
---
 The active scene does not contain semantic annotations. 
---
I1008 15:45:15.377448 732747 simulator.py:213] Loaded navmesh data/scene_datasets/mp3d/pRbA3pwrgk9/pRbA3pwrgk9.navmesh
I1008 15:45:17.042172 732747 PhysicsManager.cpp:33] Deconstructing PhysicsManager
I1008 15:45:17.042201 732747 SemanticScene.h:41] Deconstructing SemanticScene
I1008 15:45:17.047017 732747 SceneManager.h:25] Deconstructing SceneManager
I1008 15:45:17.047030 732747 SceneGraph.h:26] Deconstructing SceneGraph
I1008 15:45:17.047559 732747 Sensor.h:87] Deconstructing Sensor
I1008 15:45:17.047952 732747 Sensor.h:87] Deconstructing Sensor
I1008 15:45:17.048077 732747 Sensor.h:87] Deconstructing Sensor
I1008 15:45:17.048202 732747 Sensor.h:87] Deconstructing Sensor
I1008 15:45:17.048316 732747 Sensor.h:87] Deconstructing Sensor
I1008 15:45:17.048431 732747 Sensor.h:87] Deconstructing Sensor
I1008 15:45:17.048549 732747 Sensor.h:87] Deconstructing Sensor
I1008 15:45:17.048668 732747 Sensor.h:87] Deconstructing Sensor
I1008 15:45:17.048789 732747 Sensor.h:87] Deconstructing Sensor
I1008 15:45:17.048905 732747 Sensor.h:87] Deconstructing Sensor
I1008 15:45:17.049017 732747 Sensor.h:87] Deconstructing Sensor
I1008 15:45:17.049147 732747 Sensor.h:87] Deconstructing Sensor
I1008 15:45:17.049260 732747 Sensor.h:87] Deconstructing Sensor
I1008 15:45:17.049414 732747 Sensor.h:87] Deconstructing Sensor
I1008 15:45:17.049562 732747 Sensor.h:87] Deconstructing Sensor
I1008 15:45:17.049708 732747 Sensor.h:87] Deconstructing Sensor
I1008 15:45:17.049857 732747 Sensor.h:87] Deconstructing Sensor
I1008 15:45:17.050000 732747 Sensor.h:87] Deconstructing Sensor
I1008 15:45:17.050144 732747 Sensor.h:87] Deconstructing Sensor
I1008 15:45:17.050292 732747 Sensor.h:87] Deconstructing Sensor
I1008 15:45:17.050436 732747 Sensor.h:87] Deconstructing Sensor
I1008 15:45:17.050576 732747 Sensor.h:87] Deconstructing Sensor
I1008 15:45:17.050730 732747 Sensor.h:87] Deconstructing Sensor
I1008 15:45:17.050827 732747 Sensor.h:87] Deconstructing Sensor
I1008 15:45:17.055006 732747 Renderer.cpp:34] Deconstructing Renderer
I1008 15:45:17.055027 732747 WindowlessContext.h:17] Deconstructing WindowlessContext
I1008 15:45:17.058341 732747 MetadataMediator.cpp:56] MetadataMediator::setActiveSceneDatasetName : Old active dataset default changed to default successfully.
I1008 15:45:17.059458 732747 AttributesManagerBase.h:283] AttributesManager<T>::createFromJsonOrDefaultInternal  (Physics Manager) : Proposing JSON name : ./data/default.physics_config.json from original name : ./data/default.physics_config.json | This file  does not exist.
I1008 15:45:17.059489 732747 PhysicsAttributesManager.cpp:27] File (./data/default.physics_config.json) not found, so new default physics manager attributes created and registered.
I1008 15:45:17.059494 732747 AbstractObjectAttributesManagerBase.h:175] AbstractObjectAttributesManager<T>::createObject  (Stage) : Making attributes with handle : data/scene_datasets/mp3d/ZMojNkEp431/ZMojNkEp431.glb
I1008 15:45:17.059499 732747 ManagedContainerBase.cpp:19] ManagedContainerBase::convertFilenameToJSON : Filename : data/scene_datasets/mp3d/ZMojNkEp431/ZMojNkEp431.glb changed to proposed JSON configuration filename : data/scene_datasets/mp3d/ZMojNkEp431/ZMojNkEp431.stage_config.json
I1008 15:45:17.059512 732747 AttributesManagerBase.h:283] AttributesManager<T>::createFromJsonOrDefaultInternal  (Stage) : Proposing JSON name : data/scene_datasets/mp3d/ZMojNkEp431/ZMojNkEp431.stage_config.json from original name : data/scene_datasets/mp3d/ZMojNkEp431/ZMojNkEp431.glb | This file  does not exist.
I1008 15:45:17.059561 732747 AbstractObjectAttributesManagerBase.h:181] AbstractObjectAttributesManager<T>::createObject  (Stage) : Done making attributes with handle : data/scene_datasets/mp3d/ZMojNkEp431/ZMojNkEp431.glb
I1008 15:45:17.059562 732747 AbstractObjectAttributesManagerBase.h:188] File (data/scene_datasets/mp3d/ZMojNkEp431/ZMojNkEp431.glb) exists but is not a recognized config filename extension, so new default Stage attributes created and registered.
I1008 15:45:17.059566 732747 Simulator.cpp:156] Loading navmesh from data/scene_datasets/mp3d/ZMojNkEp431/ZMojNkEp431.navmesh
I1008 15:45:17.059731 732747 Simulator.cpp:158] Loaded.
I1008 15:45:17.059739 732747 SceneGraph.h:93] Created DrawableGroup: 
I1008 15:45:17.063300 732747 ResourceManager.cpp:234] ResourceManager::loadStage : Not loading semantic mesh
I1008 15:45:17.063310 732747 ResourceManager.cpp:262] ResourceManager::loadStage : start load render asset data/scene_datasets/mp3d/ZMojNkEp431/ZMojNkEp431.glb.
I1008 15:45:17.063311 732747 ResourceManager.cpp:569] ResourceManager::loadStageInternal : Attempting to load stage data/scene_datasets/mp3d/ZMojNkEp431/ZMojNkEp431.glb 
I1008 15:45:17.063331 732747 ResourceManager.cpp:1119] Importing Basis files as BC7 for ZMojNkEp431.glb
W1008 15:45:18.446982 732747 Simulator.cpp:248] :
---
 The active scene does not contain semantic annotations. 
---
I1008 15:45:18.490460 732747 simulator.py:213] Loaded navmesh data/scene_datasets/mp3d/ZMojNkEp431/ZMojNkEp431.navmesh
I1008 15:45:18.764891 732747 PhysicsManager.cpp:33] Deconstructing PhysicsManager
I1008 15:45:18.764915 732747 SemanticScene.h:41] Deconstructing SemanticScene
I1008 15:45:18.768306 732747 SceneManager.h:25] Deconstructing SceneManager
I1008 15:45:18.768317 732747 SceneGraph.h:26] Deconstructing SceneGraph
I1008 15:45:18.770327 732747 Sensor.h:87] Deconstructing Sensor
I1008 15:45:18.770994 732747 Sensor.h:87] Deconstructing Sensor
I1008 15:45:18.771099 732747 Sensor.h:87] Deconstructing Sensor
I1008 15:45:18.771206 732747 Sensor.h:87] Deconstructing Sensor
I1008 15:45:18.771306 732747 Sensor.h:87] Deconstructing Sensor
I1008 15:45:18.771405 732747 Sensor.h:87] Deconstructing Sensor
I1008 15:45:18.771508 732747 Sensor.h:87] Deconstructing Sensor
I1008 15:45:18.771605 732747 Sensor.h:87] Deconstructing Sensor
I1008 15:45:18.771708 732747 Sensor.h:87] Deconstructing Sensor
I1008 15:45:18.771806 732747 Sensor.h:87] Deconstructing Sensor
I1008 15:45:18.771901 732747 Sensor.h:87] Deconstructing Sensor
I1008 15:45:18.771999 732747 Sensor.h:87] Deconstructing Sensor
I1008 15:45:18.772096 732747 Sensor.h:87] Deconstructing Sensor
I1008 15:45:18.772218 732747 Sensor.h:87] Deconstructing Sensor
I1008 15:45:18.772356 732747 Sensor.h:87] Deconstructing Sensor
I1008 15:45:18.772475 732747 Sensor.h:87] Deconstructing Sensor
I1008 15:45:18.772598 732747 Sensor.h:87] Deconstructing Sensor
I1008 15:45:18.772720 732747 Sensor.h:87] Deconstructing Sensor
I1008 15:45:18.772845 732747 Sensor.h:87] Deconstructing Sensor
I1008 15:45:18.772969 732747 Sensor.h:87] Deconstructing Sensor
I1008 15:45:18.773089 732747 Sensor.h:87] Deconstructing Sensor
I1008 15:45:18.773206 732747 Sensor.h:87] Deconstructing Sensor
I1008 15:45:18.773331 732747 Sensor.h:87] Deconstructing Sensor
I1008 15:45:18.773422 732747 Sensor.h:87] Deconstructing Sensor
I1008 15:45:18.776950 732747 Renderer.cpp:34] Deconstructing Renderer
I1008 15:45:18.776957 732747 WindowlessContext.h:17] Deconstructing WindowlessContext
I1008 15:45:18.780357 732747 MetadataMediator.cpp:56] MetadataMediator::setActiveSceneDatasetName : Old active dataset default changed to default successfully.
I1008 15:45:18.780969 732747 AttributesManagerBase.h:283] AttributesManager<T>::createFromJsonOrDefaultInternal  (Physics Manager) : Proposing JSON name : ./data/default.physics_config.json from original name : ./data/default.physics_config.json | This file  does not exist.
I1008 15:45:18.780990 732747 PhysicsAttributesManager.cpp:27] File (./data/default.physics_config.json) not found, so new default physics manager attributes created and registered.
I1008 15:45:18.780994 732747 AbstractObjectAttributesManagerBase.h:175] AbstractObjectAttributesManager<T>::createObject  (Stage) : Making attributes with handle : data/scene_datasets/mp3d/JmbYfDe2QKZ/JmbYfDe2QKZ.glb
I1008 15:45:18.780997 732747 ManagedContainerBase.cpp:19] ManagedContainerBase::convertFilenameToJSON : Filename : data/scene_datasets/mp3d/JmbYfDe2QKZ/JmbYfDe2QKZ.glb changed to proposed JSON configuration filename : data/scene_datasets/mp3d/JmbYfDe2QKZ/JmbYfDe2QKZ.stage_config.json
I1008 15:45:18.781009 732747 AttributesManagerBase.h:283] AttributesManager<T>::createFromJsonOrDefaultInternal  (Stage) : Proposing JSON name : data/scene_datasets/mp3d/JmbYfDe2QKZ/JmbYfDe2QKZ.stage_config.json from original name : data/scene_datasets/mp3d/JmbYfDe2QKZ/JmbYfDe2QKZ.glb | This file  does not exist.
I1008 15:45:18.781049 732747 AbstractObjectAttributesManagerBase.h:181] AbstractObjectAttributesManager<T>::createObject  (Stage) : Done making attributes with handle : data/scene_datasets/mp3d/JmbYfDe2QKZ/JmbYfDe2QKZ.glb
I1008 15:45:18.781049 732747 AbstractObjectAttributesManagerBase.h:188] File (data/scene_datasets/mp3d/JmbYfDe2QKZ/JmbYfDe2QKZ.glb) exists but is not a recognized config filename extension, so new default Stage attributes created and registered.
I1008 15:45:18.781052 732747 Simulator.cpp:156] Loading navmesh from data/scene_datasets/mp3d/JmbYfDe2QKZ/JmbYfDe2QKZ.navmesh
I1008 15:45:18.781124 732747 Simulator.cpp:158] Loaded.
I1008 15:45:18.781128 732747 SceneGraph.h:93] Created DrawableGroup: 
I1008 15:45:18.784080 732747 ResourceManager.cpp:234] ResourceManager::loadStage : Not loading semantic mesh
I1008 15:45:18.784091 732747 ResourceManager.cpp:262] ResourceManager::loadStage : start load render asset data/scene_datasets/mp3d/JmbYfDe2QKZ/JmbYfDe2QKZ.glb.
I1008 15:45:18.784092 732747 ResourceManager.cpp:569] ResourceManager::loadStageInternal : Attempting to load stage data/scene_datasets/mp3d/JmbYfDe2QKZ/JmbYfDe2QKZ.glb 
I1008 15:45:18.784101 732747 ResourceManager.cpp:1119] Importing Basis files as BC7 for JmbYfDe2QKZ.glb
W1008 15:45:19.823143 732747 Simulator.cpp:248] :
---
 The active scene does not contain semantic annotations. 
---
I1008 15:45:19.875791 732747 simulator.py:213] Loaded navmesh data/scene_datasets/mp3d/JmbYfDe2QKZ/JmbYfDe2QKZ.navmesh
I1008 15:45:20.187263 732747 PhysicsManager.cpp:33] Deconstructing PhysicsManager
I1008 15:45:20.187284 732747 SemanticScene.h:41] Deconstructing SemanticScene
I1008 15:45:20.190707 732747 SceneManager.h:25] Deconstructing SceneManager
I1008 15:45:20.190717 732747 SceneGraph.h:26] Deconstructing SceneGraph
I1008 15:45:20.191098 732747 Sensor.h:87] Deconstructing Sensor
I1008 15:45:20.191542 732747 Sensor.h:87] Deconstructing Sensor
I1008 15:45:20.191648 732747 Sensor.h:87] Deconstructing Sensor
I1008 15:45:20.191758 732747 Sensor.h:87] Deconstructing Sensor
I1008 15:45:20.191864 732747 Sensor.h:87] Deconstructing Sensor
I1008 15:45:20.191964 732747 Sensor.h:87] Deconstructing Sensor
I1008 15:45:20.192068 732747 Sensor.h:87] Deconstructing Sensor
I1008 15:45:20.192166 732747 Sensor.h:87] Deconstructing Sensor
I1008 15:45:20.192270 732747 Sensor.h:87] Deconstructing Sensor
I1008 15:45:20.192368 732747 Sensor.h:87] Deconstructing Sensor
I1008 15:45:20.192462 732747 Sensor.h:87] Deconstructing Sensor
I1008 15:45:20.192564 732747 Sensor.h:87] Deconstructing Sensor
I1008 15:45:20.192664 732747 Sensor.h:87] Deconstructing Sensor
I1008 15:45:20.192791 732747 Sensor.h:87] Deconstructing Sensor
I1008 15:45:20.192922 732747 Sensor.h:87] Deconstructing Sensor
I1008 15:45:20.193041 732747 Sensor.h:87] Deconstructing Sensor
I1008 15:45:20.193168 732747 Sensor.h:87] Deconstructing Sensor
I1008 15:45:20.193302 732747 Sensor.h:87] Deconstructing Sensor
I1008 15:45:20.193425 732747 Sensor.h:87] Deconstructing Sensor
I1008 15:45:20.193547 732747 Sensor.h:87] Deconstructing Sensor
I1008 15:45:20.193670 732747 Sensor.h:87] Deconstructing Sensor
I1008 15:45:20.193790 732747 Sensor.h:87] Deconstructing Sensor
I1008 15:45:20.193923 732747 Sensor.h:87] Deconstructing Sensor
I1008 15:45:20.194077 732747 Sensor.h:87] Deconstructing Sensor
I1008 15:45:20.197184 732747 Renderer.cpp:34] Deconstructing Renderer
I1008 15:45:20.197197 732747 WindowlessContext.h:17] Deconstructing WindowlessContext
I1008 15:45:20.199893 732747 MetadataMediator.cpp:56] MetadataMediator::setActiveSceneDatasetName : Old active dataset default changed to default successfully.
I1008 15:45:20.201102 732747 AttributesManagerBase.h:283] AttributesManager<T>::createFromJsonOrDefaultInternal  (Physics Manager) : Proposing JSON name : ./data/default.physics_config.json from original name : ./data/default.physics_config.json | This file  does not exist.
I1008 15:45:20.201145 732747 PhysicsAttributesManager.cpp:27] File (./data/default.physics_config.json) not found, so new default physics manager attributes created and registered.
I1008 15:45:20.201153 732747 AbstractObjectAttributesManagerBase.h:175] AbstractObjectAttributesManager<T>::createObject  (Stage) : Making attributes with handle : data/scene_datasets/mp3d/D7N2EKCX4Sj/D7N2EKCX4Sj.glb
I1008 15:45:20.201157 732747 ManagedContainerBase.cpp:19] ManagedContainerBase::convertFilenameToJSON : Filename : data/scene_datasets/mp3d/D7N2EKCX4Sj/D7N2EKCX4Sj.glb changed to proposed JSON configuration filename : data/scene_datasets/mp3d/D7N2EKCX4Sj/D7N2EKCX4Sj.stage_config.json
I1008 15:45:20.201172 732747 AttributesManagerBase.h:283] AttributesManager<T>::createFromJsonOrDefaultInternal  (Stage) : Proposing JSON name : data/scene_datasets/mp3d/D7N2EKCX4Sj/D7N2EKCX4Sj.stage_config.json from original name : data/scene_datasets/mp3d/D7N2EKCX4Sj/D7N2EKCX4Sj.glb | This file  does not exist.
I1008 15:45:20.201231 732747 AbstractObjectAttributesManagerBase.h:181] AbstractObjectAttributesManager<T>::createObject  (Stage) : Done making attributes with handle : data/scene_datasets/mp3d/D7N2EKCX4Sj/D7N2EKCX4Sj.glb
I1008 15:45:20.201232 732747 AbstractObjectAttributesManagerBase.h:188] File (data/scene_datasets/mp3d/D7N2EKCX4Sj/D7N2EKCX4Sj.glb) exists but is not a recognized config filename extension, so new default Stage attributes created and registered.
I1008 15:45:20.201236 732747 Simulator.cpp:156] Loading navmesh from data/scene_datasets/mp3d/D7N2EKCX4Sj/D7N2EKCX4Sj.navmesh
I1008 15:45:20.201629 732747 Simulator.cpp:158] Loaded.
I1008 15:45:20.201637 732747 SceneGraph.h:93] Created DrawableGroup: 
I1008 15:45:20.206831 732747 ResourceManager.cpp:234] ResourceManager::loadStage : Not loading semantic mesh
I1008 15:45:20.206841 732747 ResourceManager.cpp:262] ResourceManager::loadStage : start load render asset data/scene_datasets/mp3d/D7N2EKCX4Sj/D7N2EKCX4Sj.glb.
I1008 15:45:20.206842 732747 ResourceManager.cpp:569] ResourceManager::loadStageInternal : Attempting to load stage data/scene_datasets/mp3d/D7N2EKCX4Sj/D7N2EKCX4Sj.glb 
I1008 15:45:20.206863 732747 ResourceManager.cpp:1119] Importing Basis files as BC7 for D7N2EKCX4Sj.glb
W1008 15:45:24.238468 732747 Simulator.cpp:248] :
---
 The active scene does not contain semantic annotations. 
---
I1008 15:45:24.355685 732747 simulator.py:213] Loaded navmesh data/scene_datasets/mp3d/D7N2EKCX4Sj/D7N2EKCX4Sj.navmesh
I1008 15:45:24.743391 732747 PhysicsManager.cpp:33] Deconstructing PhysicsManager
I1008 15:45:24.743412 732747 SemanticScene.h:41] Deconstructing SemanticScene
I1008 15:45:24.749570 732747 SceneManager.h:25] Deconstructing SceneManager
I1008 15:45:24.749583 732747 SceneGraph.h:26] Deconstructing SceneGraph
I1008 15:45:24.750077 732747 Sensor.h:87] Deconstructing Sensor
I1008 15:45:24.750581 732747 Sensor.h:87] Deconstructing Sensor
I1008 15:45:24.750694 732747 Sensor.h:87] Deconstructing Sensor
I1008 15:45:24.750804 732747 Sensor.h:87] Deconstructing Sensor
I1008 15:45:24.750907 732747 Sensor.h:87] Deconstructing Sensor
I1008 15:45:24.751004 732747 Sensor.h:87] Deconstructing Sensor
I1008 15:45:24.751108 732747 Sensor.h:87] Deconstructing Sensor
I1008 15:45:24.751207 732747 Sensor.h:87] Deconstructing Sensor
I1008 15:45:24.751313 732747 Sensor.h:87] Deconstructing Sensor
I1008 15:45:24.751411 732747 Sensor.h:87] Deconstructing Sensor
I1008 15:45:24.751509 732747 Sensor.h:87] Deconstructing Sensor
I1008 15:45:24.751610 732747 Sensor.h:87] Deconstructing Sensor
I1008 15:45:24.751713 732747 Sensor.h:87] Deconstructing Sensor
I1008 15:45:24.751835 732747 Sensor.h:87] Deconstructing Sensor
I1008 15:45:24.751962 732747 Sensor.h:87] Deconstructing Sensor
I1008 15:45:24.752084 732747 Sensor.h:87] Deconstructing Sensor
I1008 15:45:24.752218 732747 Sensor.h:87] Deconstructing Sensor
I1008 15:45:24.752337 732747 Sensor.h:87] Deconstructing Sensor
I1008 15:45:24.752458 732747 Sensor.h:87] Deconstructing Sensor
I1008 15:45:24.752579 732747 Sensor.h:87] Deconstructing Sensor
I1008 15:45:24.752698 732747 Sensor.h:87] Deconstructing Sensor
I1008 15:45:24.752821 732747 Sensor.h:87] Deconstructing Sensor
I1008 15:45:24.752944 732747 Sensor.h:87] Deconstructing Sensor
I1008 15:45:24.753021 732747 Sensor.h:87] Deconstructing Sensor
I1008 15:45:24.760259 732747 Renderer.cpp:34] Deconstructing Renderer
I1008 15:45:24.760279 732747 WindowlessContext.h:17] Deconstructing WindowlessContext
I1008 15:45:24.767055 732747 MetadataMediator.cpp:56] MetadataMediator::setActiveSceneDatasetName : Old active dataset default changed to default successfully.
I1008 15:45:24.770722 732747 AttributesManagerBase.h:283] AttributesManager<T>::createFromJsonOrDefaultInternal  (Physics Manager) : Proposing JSON name : ./data/default.physics_config.json from original name : ./data/default.physics_config.json | This file  does not exist.
I1008 15:45:24.770767 732747 PhysicsAttributesManager.cpp:27] File (./data/default.physics_config.json) not found, so new default physics manager attributes created and registered.
I1008 15:45:24.770784 732747 AbstractObjectAttributesManagerBase.h:175] AbstractObjectAttributesManager<T>::createObject  (Stage) : Making attributes with handle : data/scene_datasets/mp3d/PX4nDJXEHrG/PX4nDJXEHrG.glb
I1008 15:45:24.770787 732747 ManagedContainerBase.cpp:19] ManagedContainerBase::convertFilenameToJSON : Filename : data/scene_datasets/mp3d/PX4nDJXEHrG/PX4nDJXEHrG.glb changed to proposed JSON configuration filename : data/scene_datasets/mp3d/PX4nDJXEHrG/PX4nDJXEHrG.stage_config.json
I1008 15:45:24.770803 732747 AttributesManagerBase.h:283] AttributesManager<T>::createFromJsonOrDefaultInternal  (Stage) : Proposing JSON name : data/scene_datasets/mp3d/PX4nDJXEHrG/PX4nDJXEHrG.stage_config.json from original name : data/scene_datasets/mp3d/PX4nDJXEHrG/PX4nDJXEHrG.glb | This file  does not exist.
I1008 15:45:24.770851 732747 AbstractObjectAttributesManagerBase.h:181] AbstractObjectAttributesManager<T>::createObject  (Stage) : Done making attributes with handle : data/scene_datasets/mp3d/PX4nDJXEHrG/PX4nDJXEHrG.glb
I1008 15:45:24.770852 732747 AbstractObjectAttributesManagerBase.h:188] File (data/scene_datasets/mp3d/PX4nDJXEHrG/PX4nDJXEHrG.glb) exists but is not a recognized config filename extension, so new default Stage attributes created and registered.
I1008 15:45:24.770855 732747 Simulator.cpp:156] Loading navmesh from data/scene_datasets/mp3d/PX4nDJXEHrG/PX4nDJXEHrG.navmesh
I1008 15:45:24.771209 732747 Simulator.cpp:158] Loaded.
I1008 15:45:24.771214 732747 SceneGraph.h:93] Created DrawableGroup: 
I1008 15:45:24.774853 732747 ResourceManager.cpp:234] ResourceManager::loadStage : Not loading semantic mesh
I1008 15:45:24.774860 732747 ResourceManager.cpp:262] ResourceManager::loadStage : start load render asset data/scene_datasets/mp3d/PX4nDJXEHrG/PX4nDJXEHrG.glb.
I1008 15:45:24.774863 732747 ResourceManager.cpp:569] ResourceManager::loadStageInternal : Attempting to load stage data/scene_datasets/mp3d/PX4nDJXEHrG/PX4nDJXEHrG.glb 
I1008 15:45:24.774878 732747 ResourceManager.cpp:1119] Importing Basis files as BC7 for PX4nDJXEHrG.glb
W1008 15:45:27.374614 732747 Simulator.cpp:248] :
---
 The active scene does not contain semantic annotations. 
---
I1008 15:45:27.472397 732747 simulator.py:213] Loaded navmesh data/scene_datasets/mp3d/PX4nDJXEHrG/PX4nDJXEHrG.navmesh
I1008 15:45:27.862701 732747 PhysicsManager.cpp:33] Deconstructing PhysicsManager
I1008 15:45:27.862730 732747 SemanticScene.h:41] Deconstructing SemanticScene
I1008 15:45:27.868618 732747 SceneManager.h:25] Deconstructing SceneManager
I1008 15:45:27.868633 732747 SceneGraph.h:26] Deconstructing SceneGraph
I1008 15:45:27.869287 732747 Sensor.h:87] Deconstructing Sensor
I1008 15:45:27.870713 732747 Sensor.h:87] Deconstructing Sensor
I1008 15:45:27.870826 732747 Sensor.h:87] Deconstructing Sensor
I1008 15:45:27.870940 732747 Sensor.h:87] Deconstructing Sensor
I1008 15:45:27.871043 732747 Sensor.h:87] Deconstructing Sensor
I1008 15:45:27.871145 732747 Sensor.h:87] Deconstructing Sensor
I1008 15:45:27.871253 732747 Sensor.h:87] Deconstructing Sensor
I1008 15:45:27.871357 732747 Sensor.h:87] Deconstructing Sensor
I1008 15:45:27.871461 732747 Sensor.h:87] Deconstructing Sensor
I1008 15:45:27.871562 732747 Sensor.h:87] Deconstructing Sensor
I1008 15:45:27.871660 732747 Sensor.h:87] Deconstructing Sensor
I1008 15:45:27.871773 732747 Sensor.h:87] Deconstructing Sensor
I1008 15:45:27.871871 732747 Sensor.h:87] Deconstructing Sensor
I1008 15:45:27.871997 732747 Sensor.h:87] Deconstructing Sensor
I1008 15:45:27.872126 732747 Sensor.h:87] Deconstructing Sensor
I1008 15:45:27.872247 732747 Sensor.h:87] Deconstructing Sensor
I1008 15:45:27.872375 732747 Sensor.h:87] Deconstructing Sensor
I1008 15:45:27.872498 732747 Sensor.h:87] Deconstructing Sensor
I1008 15:45:27.872622 732747 Sensor.h:87] Deconstructing Sensor
I1008 15:45:27.872749 732747 Sensor.h:87] Deconstructing Sensor
I1008 15:45:27.872893 732747 Sensor.h:87] Deconstructing Sensor
I1008 15:45:27.873014 732747 Sensor.h:87] Deconstructing Sensor
I1008 15:45:27.873154 732747 Sensor.h:87] Deconstructing Sensor
I1008 15:45:27.873253 732747 Sensor.h:87] Deconstructing Sensor
I1008 15:45:27.879010 732747 Renderer.cpp:34] Deconstructing Renderer
I1008 15:45:27.879026 732747 WindowlessContext.h:17] Deconstructing WindowlessContext
I1008 15:45:27.884868 732747 MetadataMediator.cpp:56] MetadataMediator::setActiveSceneDatasetName : Old active dataset default changed to default successfully.
I1008 15:45:27.886349 732747 AttributesManagerBase.h:283] AttributesManager<T>::createFromJsonOrDefaultInternal  (Physics Manager) : Proposing JSON name : ./data/default.physics_config.json from original name : ./data/default.physics_config.json | This file  does not exist.
I1008 15:45:27.886379 732747 PhysicsAttributesManager.cpp:27] File (./data/default.physics_config.json) not found, so new default physics manager attributes created and registered.
I1008 15:45:27.886385 732747 AbstractObjectAttributesManagerBase.h:175] AbstractObjectAttributesManager<T>::createObject  (Stage) : Making attributes with handle : data/scene_datasets/mp3d/ZMojNkEp431/ZMojNkEp431.glb
I1008 15:45:27.886389 732747 ManagedContainerBase.cpp:19] ManagedContainerBase::convertFilenameToJSON : Filename : data/scene_datasets/mp3d/ZMojNkEp431/ZMojNkEp431.glb changed to proposed JSON configuration filename : data/scene_datasets/mp3d/ZMojNkEp431/ZMojNkEp431.stage_config.json
I1008 15:45:27.886402 732747 AttributesManagerBase.h:283] AttributesManager<T>::createFromJsonOrDefaultInternal  (Stage) : Proposing JSON name : data/scene_datasets/mp3d/ZMojNkEp431/ZMojNkEp431.stage_config.json from original name : data/scene_datasets/mp3d/ZMojNkEp431/ZMojNkEp431.glb | This file  does not exist.
I1008 15:45:27.886447 732747 AbstractObjectAttributesManagerBase.h:181] AbstractObjectAttributesManager<T>::createObject  (Stage) : Done making attributes with handle : data/scene_datasets/mp3d/ZMojNkEp431/ZMojNkEp431.glb
I1008 15:45:27.886448 732747 AbstractObjectAttributesManagerBase.h:188] File (data/scene_datasets/mp3d/ZMojNkEp431/ZMojNkEp431.glb) exists but is not a recognized config filename extension, so new default Stage attributes created and registered.
I1008 15:45:27.886452 732747 Simulator.cpp:156] Loading navmesh from data/scene_datasets/mp3d/ZMojNkEp431/ZMojNkEp431.navmesh
I1008 15:45:27.886597 732747 Simulator.cpp:158] Loaded.
I1008 15:45:27.886603 732747 SceneGraph.h:93] Created DrawableGroup: 
I1008 15:45:27.889916 732747 ResourceManager.cpp:234] ResourceManager::loadStage : Not loading semantic mesh
I1008 15:45:27.889923 732747 ResourceManager.cpp:262] ResourceManager::loadStage : start load render asset data/scene_datasets/mp3d/ZMojNkEp431/ZMojNkEp431.glb.
I1008 15:45:27.889925 732747 ResourceManager.cpp:569] ResourceManager::loadStageInternal : Attempting to load stage data/scene_datasets/mp3d/ZMojNkEp431/ZMojNkEp431.glb 
I1008 15:45:27.889942 732747 ResourceManager.cpp:1119] Importing Basis files as BC7 for ZMojNkEp431.glb
W1008 15:45:29.174757 732747 Simulator.cpp:248] :
---
 The active scene does not contain semantic annotations. 
---
I1008 15:45:29.216720 732747 simulator.py:213] Loaded navmesh data/scene_datasets/mp3d/ZMojNkEp431/ZMojNkEp431.navmesh
I1008 15:45:29.985975 732747 PhysicsManager.cpp:33] Deconstructing PhysicsManager
I1008 15:45:29.985999 732747 SemanticScene.h:41] Deconstructing SemanticScene
I1008 15:45:29.989543 732747 SceneManager.h:25] Deconstructing SceneManager
I1008 15:45:29.989553 732747 SceneGraph.h:26] Deconstructing SceneGraph
I1008 15:45:29.990013 732747 Sensor.h:87] Deconstructing Sensor
I1008 15:45:29.990476 732747 Sensor.h:87] Deconstructing Sensor
I1008 15:45:29.990599 732747 Sensor.h:87] Deconstructing Sensor
I1008 15:45:29.990726 732747 Sensor.h:87] Deconstructing Sensor
I1008 15:45:29.990842 732747 Sensor.h:87] Deconstructing Sensor
I1008 15:45:29.990957 732747 Sensor.h:87] Deconstructing Sensor
I1008 15:45:29.991075 732747 Sensor.h:87] Deconstructing Sensor
I1008 15:45:29.991190 732747 Sensor.h:87] Deconstructing Sensor
I1008 15:45:29.991307 732747 Sensor.h:87] Deconstructing Sensor
I1008 15:45:29.991427 732747 Sensor.h:87] Deconstructing Sensor
I1008 15:45:29.991540 732747 Sensor.h:87] Deconstructing Sensor
I1008 15:45:29.991657 732747 Sensor.h:87] Deconstructing Sensor
I1008 15:45:29.991775 732747 Sensor.h:87] Deconstructing Sensor
I1008 15:45:29.991914 732747 Sensor.h:87] Deconstructing Sensor
I1008 15:45:29.992062 732747 Sensor.h:87] Deconstructing Sensor
I1008 15:45:29.992200 732747 Sensor.h:87] Deconstructing Sensor
I1008 15:45:29.992347 732747 Sensor.h:87] Deconstructing Sensor
I1008 15:45:29.992484 732747 Sensor.h:87] Deconstructing Sensor
I1008 15:45:29.992626 732747 Sensor.h:87] Deconstructing Sensor
I1008 15:45:29.992772 732747 Sensor.h:87] Deconstructing Sensor
I1008 15:45:29.992914 732747 Sensor.h:87] Deconstructing Sensor
I1008 15:45:29.993052 732747 Sensor.h:87] Deconstructing Sensor
I1008 15:45:29.993196 732747 Sensor.h:87] Deconstructing Sensor
I1008 15:45:29.993372 732747 Sensor.h:87] Deconstructing Sensor
I1008 15:45:29.996948 732747 Renderer.cpp:34] Deconstructing Renderer
I1008 15:45:29.996963 732747 WindowlessContext.h:17] Deconstructing WindowlessContext
I1008 15:45:30.000677 732747 MetadataMediator.cpp:56] MetadataMediator::setActiveSceneDatasetName : Old active dataset default changed to default successfully.
I1008 15:45:30.002007 732747 AttributesManagerBase.h:283] AttributesManager<T>::createFromJsonOrDefaultInternal  (Physics Manager) : Proposing JSON name : ./data/default.physics_config.json from original name : ./data/default.physics_config.json | This file  does not exist.
I1008 15:45:30.002043 732747 PhysicsAttributesManager.cpp:27] File (./data/default.physics_config.json) not found, so new default physics manager attributes created and registered.
I1008 15:45:30.002048 732747 AbstractObjectAttributesManagerBase.h:175] AbstractObjectAttributesManager<T>::createObject  (Stage) : Making attributes with handle : data/scene_datasets/mp3d/pRbA3pwrgk9/pRbA3pwrgk9.glb
I1008 15:45:30.002051 732747 ManagedContainerBase.cpp:19] ManagedContainerBase::convertFilenameToJSON : Filename : data/scene_datasets/mp3d/pRbA3pwrgk9/pRbA3pwrgk9.glb changed to proposed JSON configuration filename : data/scene_datasets/mp3d/pRbA3pwrgk9/pRbA3pwrgk9.stage_config.json
I1008 15:45:30.002069 732747 AttributesManagerBase.h:283] AttributesManager<T>::createFromJsonOrDefaultInternal  (Stage) : Proposing JSON name : data/scene_datasets/mp3d/pRbA3pwrgk9/pRbA3pwrgk9.stage_config.json from original name : data/scene_datasets/mp3d/pRbA3pwrgk9/pRbA3pwrgk9.glb | This file  does not exist.
I1008 15:45:30.002118 732747 AbstractObjectAttributesManagerBase.h:181] AbstractObjectAttributesManager<T>::createObject  (Stage) : Done making attributes with handle : data/scene_datasets/mp3d/pRbA3pwrgk9/pRbA3pwrgk9.glb
I1008 15:45:30.002120 732747 AbstractObjectAttributesManagerBase.h:188] File (data/scene_datasets/mp3d/pRbA3pwrgk9/pRbA3pwrgk9.glb) exists but is not a recognized config filename extension, so new default Stage attributes created and registered.
I1008 15:45:30.002125 732747 Simulator.cpp:156] Loading navmesh from data/scene_datasets/mp3d/pRbA3pwrgk9/pRbA3pwrgk9.navmesh
I1008 15:45:30.002275 732747 Simulator.cpp:158] Loaded.
I1008 15:45:30.002281 732747 SceneGraph.h:93] Created DrawableGroup: 
I1008 15:45:30.006189 732747 ResourceManager.cpp:234] ResourceManager::loadStage : Not loading semantic mesh
I1008 15:45:30.006199 732747 ResourceManager.cpp:262] ResourceManager::loadStage : start load render asset data/scene_datasets/mp3d/pRbA3pwrgk9/pRbA3pwrgk9.glb.
I1008 15:45:30.006201 732747 ResourceManager.cpp:569] ResourceManager::loadStageInternal : Attempting to load stage data/scene_datasets/mp3d/pRbA3pwrgk9/pRbA3pwrgk9.glb 
I1008 15:45:30.006220 732747 ResourceManager.cpp:1119] Importing Basis files as BC7 for pRbA3pwrgk9.glb
W1008 15:45:31.122038 732747 Simulator.cpp:248] :
---
 The active scene does not contain semantic annotations. 
---
I1008 15:45:31.175271 732747 simulator.py:213] Loaded navmesh data/scene_datasets/mp3d/pRbA3pwrgk9/pRbA3pwrgk9.navmesh
I1008 15:45:32.448407 732747 PhysicsManager.cpp:33] Deconstructing PhysicsManager
I1008 15:45:32.448438 732747 SemanticScene.h:41] Deconstructing SemanticScene
I1008 15:45:32.452124 732747 SceneManager.h:25] Deconstructing SceneManager
I1008 15:45:32.452134 732747 SceneGraph.h:26] Deconstructing SceneGraph
I1008 15:45:32.452513 732747 Sensor.h:87] Deconstructing Sensor
I1008 15:45:32.452939 732747 Sensor.h:87] Deconstructing Sensor
I1008 15:45:32.453043 732747 Sensor.h:87] Deconstructing Sensor
I1008 15:45:32.453151 732747 Sensor.h:87] Deconstructing Sensor
I1008 15:45:32.453253 732747 Sensor.h:87] Deconstructing Sensor
I1008 15:45:32.453440 732747 Sensor.h:87] Deconstructing Sensor
I1008 15:45:32.453547 732747 Sensor.h:87] Deconstructing Sensor
I1008 15:45:32.453645 732747 Sensor.h:87] Deconstructing Sensor
I1008 15:45:32.453752 732747 Sensor.h:87] Deconstructing Sensor
I1008 15:45:32.453853 732747 Sensor.h:87] Deconstructing Sensor
I1008 15:45:32.453949 732747 Sensor.h:87] Deconstructing Sensor
I1008 15:45:32.454052 732747 Sensor.h:87] Deconstructing Sensor
I1008 15:45:32.454147 732747 Sensor.h:87] Deconstructing Sensor
I1008 15:45:32.454277 732747 Sensor.h:87] Deconstructing Sensor
I1008 15:45:32.454404 732747 Sensor.h:87] Deconstructing Sensor
I1008 15:45:32.454523 732747 Sensor.h:87] Deconstructing Sensor
I1008 15:45:32.454649 732747 Sensor.h:87] Deconstructing Sensor
I1008 15:45:32.454773 732747 Sensor.h:87] Deconstructing Sensor
I1008 15:45:32.454897 732747 Sensor.h:87] Deconstructing Sensor
I1008 15:45:32.455024 732747 Sensor.h:87] Deconstructing Sensor
I1008 15:45:32.455145 732747 Sensor.h:87] Deconstructing Sensor
I1008 15:45:32.455265 732747 Sensor.h:87] Deconstructing Sensor
I1008 15:45:32.455392 732747 Sensor.h:87] Deconstructing Sensor
I1008 15:45:32.455547 732747 Sensor.h:87] Deconstructing Sensor
I1008 15:45:32.458433 732747 Renderer.cpp:34] Deconstructing Renderer
I1008 15:45:32.458446 732747 WindowlessContext.h:17] Deconstructing WindowlessContext
I1008 15:45:32.461329 732747 MetadataMediator.cpp:56] MetadataMediator::setActiveSceneDatasetName : Old active dataset default changed to default successfully.
I1008 15:45:32.462464 732747 AttributesManagerBase.h:283] AttributesManager<T>::createFromJsonOrDefaultInternal  (Physics Manager) : Proposing JSON name : ./data/default.physics_config.json from original name : ./data/default.physics_config.json | This file  does not exist.
I1008 15:45:32.462491 732747 PhysicsAttributesManager.cpp:27] File (./data/default.physics_config.json) not found, so new default physics manager attributes created and registered.
I1008 15:45:32.462496 732747 AbstractObjectAttributesManagerBase.h:175] AbstractObjectAttributesManager<T>::createObject  (Stage) : Making attributes with handle : data/scene_datasets/mp3d/ZMojNkEp431/ZMojNkEp431.glb
I1008 15:45:32.462499 732747 ManagedContainerBase.cpp:19] ManagedContainerBase::convertFilenameToJSON : Filename : data/scene_datasets/mp3d/ZMojNkEp431/ZMojNkEp431.glb changed to proposed JSON configuration filename : data/scene_datasets/mp3d/ZMojNkEp431/ZMojNkEp431.stage_config.json
I1008 15:45:32.462514 732747 AttributesManagerBase.h:283] AttributesManager<T>::createFromJsonOrDefaultInternal  (Stage) : Proposing JSON name : data/scene_datasets/mp3d/ZMojNkEp431/ZMojNkEp431.stage_config.json from original name : data/scene_datasets/mp3d/ZMojNkEp431/ZMojNkEp431.glb | This file  does not exist.
I1008 15:45:32.462558 732747 AbstractObjectAttributesManagerBase.h:181] AbstractObjectAttributesManager<T>::createObject  (Stage) : Done making attributes with handle : data/scene_datasets/mp3d/ZMojNkEp431/ZMojNkEp431.glb
I1008 15:45:32.462558 732747 AbstractObjectAttributesManagerBase.h:188] File (data/scene_datasets/mp3d/ZMojNkEp431/ZMojNkEp431.glb) exists but is not a recognized config filename extension, so new default Stage attributes created and registered.
I1008 15:45:32.462563 732747 Simulator.cpp:156] Loading navmesh from data/scene_datasets/mp3d/ZMojNkEp431/ZMojNkEp431.navmesh
I1008 15:45:32.462719 732747 Simulator.cpp:158] Loaded.
I1008 15:45:32.462725 732747 SceneGraph.h:93] Created DrawableGroup: 
I1008 15:45:32.466109 732747 ResourceManager.cpp:234] ResourceManager::loadStage : Not loading semantic mesh
I1008 15:45:32.466116 732747 ResourceManager.cpp:262] ResourceManager::loadStage : start load render asset data/scene_datasets/mp3d/ZMojNkEp431/ZMojNkEp431.glb.
I1008 15:45:32.466117 732747 ResourceManager.cpp:569] ResourceManager::loadStageInternal : Attempting to load stage data/scene_datasets/mp3d/ZMojNkEp431/ZMojNkEp431.glb 
I1008 15:45:32.466136 732747 ResourceManager.cpp:1119] Importing Basis files as BC7 for ZMojNkEp431.glb
W1008 15:45:33.748214 732747 Simulator.cpp:248] :
---
 The active scene does not contain semantic annotations. 
---
I1008 15:45:33.789858 732747 simulator.py:213] Loaded navmesh data/scene_datasets/mp3d/ZMojNkEp431/ZMojNkEp431.navmesh
I1008 15:45:34.162976 732747 PhysicsManager.cpp:33] Deconstructing PhysicsManager
I1008 15:45:34.162999 732747 SemanticScene.h:41] Deconstructing SemanticScene
I1008 15:45:34.165997 732747 SceneManager.h:25] Deconstructing SceneManager
I1008 15:45:34.166002 732747 SceneGraph.h:26] Deconstructing SceneGraph
I1008 15:45:34.166460 732747 Sensor.h:87] Deconstructing Sensor
I1008 15:45:34.166761 732747 Sensor.h:87] Deconstructing Sensor
I1008 15:45:34.166872 732747 Sensor.h:87] Deconstructing Sensor
I1008 15:45:34.166985 732747 Sensor.h:87] Deconstructing Sensor
I1008 15:45:34.167088 732747 Sensor.h:87] Deconstructing Sensor
I1008 15:45:34.167186 732747 Sensor.h:87] Deconstructing Sensor
I1008 15:45:34.167287 732747 Sensor.h:87] Deconstructing Sensor
I1008 15:45:34.167384 732747 Sensor.h:87] Deconstructing Sensor
I1008 15:45:34.167485 732747 Sensor.h:87] Deconstructing Sensor
I1008 15:45:34.167588 732747 Sensor.h:87] Deconstructing Sensor
I1008 15:45:34.167692 732747 Sensor.h:87] Deconstructing Sensor
I1008 15:45:34.167795 732747 Sensor.h:87] Deconstructing Sensor
I1008 15:45:34.167896 732747 Sensor.h:87] Deconstructing Sensor
I1008 15:45:34.168022 732747 Sensor.h:87] Deconstructing Sensor
I1008 15:45:34.168164 732747 Sensor.h:87] Deconstructing Sensor
I1008 15:45:34.168289 732747 Sensor.h:87] Deconstructing Sensor
I1008 15:45:34.168418 732747 Sensor.h:87] Deconstructing Sensor
I1008 15:45:34.168546 732747 Sensor.h:87] Deconstructing Sensor
I1008 15:45:34.168673 732747 Sensor.h:87] Deconstructing Sensor
I1008 15:45:34.168799 732747 Sensor.h:87] Deconstructing Sensor
I1008 15:45:34.168918 732747 Sensor.h:87] Deconstructing Sensor
I1008 15:45:34.169034 732747 Sensor.h:87] Deconstructing Sensor
I1008 15:45:34.169157 732747 Sensor.h:87] Deconstructing Sensor
I1008 15:45:34.169255 732747 Sensor.h:87] Deconstructing Sensor
I1008 15:45:34.172906 732747 Renderer.cpp:34] Deconstructing Renderer
I1008 15:45:34.172917 732747 WindowlessContext.h:17] Deconstructing WindowlessContext
I1008 15:45:34.176518 732747 MetadataMediator.cpp:56] MetadataMediator::setActiveSceneDatasetName : Old active dataset default changed to default successfully.
I1008 15:45:34.176934 732747 AttributesManagerBase.h:283] AttributesManager<T>::createFromJsonOrDefaultInternal  (Physics Manager) : Proposing JSON name : ./data/default.physics_config.json from original name : ./data/default.physics_config.json | This file  does not exist.
I1008 15:45:34.176955 732747 PhysicsAttributesManager.cpp:27] File (./data/default.physics_config.json) not found, so new default physics manager attributes created and registered.
I1008 15:45:34.176959 732747 AbstractObjectAttributesManagerBase.h:175] AbstractObjectAttributesManager<T>::createObject  (Stage) : Making attributes with handle : data/scene_datasets/mp3d/ur6pFq6Qu1A/ur6pFq6Qu1A.glb
I1008 15:45:34.176962 732747 ManagedContainerBase.cpp:19] ManagedContainerBase::convertFilenameToJSON : Filename : data/scene_datasets/mp3d/ur6pFq6Qu1A/ur6pFq6Qu1A.glb changed to proposed JSON configuration filename : data/scene_datasets/mp3d/ur6pFq6Qu1A/ur6pFq6Qu1A.stage_config.json
I1008 15:45:34.176976 732747 AttributesManagerBase.h:283] AttributesManager<T>::createFromJsonOrDefaultInternal  (Stage) : Proposing JSON name : data/scene_datasets/mp3d/ur6pFq6Qu1A/ur6pFq6Qu1A.stage_config.json from original name : data/scene_datasets/mp3d/ur6pFq6Qu1A/ur6pFq6Qu1A.glb | This file  does not exist.
I1008 15:45:34.177021 732747 AbstractObjectAttributesManagerBase.h:181] AbstractObjectAttributesManager<T>::createObject  (Stage) : Done making attributes with handle : data/scene_datasets/mp3d/ur6pFq6Qu1A/ur6pFq6Qu1A.glb
I1008 15:45:34.177022 732747 AbstractObjectAttributesManagerBase.h:188] File (data/scene_datasets/mp3d/ur6pFq6Qu1A/ur6pFq6Qu1A.glb) exists but is not a recognized config filename extension, so new default Stage attributes created and registered.
I1008 15:45:34.177026 732747 Simulator.cpp:156] Loading navmesh from data/scene_datasets/mp3d/ur6pFq6Qu1A/ur6pFq6Qu1A.navmesh
I1008 15:45:34.177215 732747 Simulator.cpp:158] Loaded.
I1008 15:45:34.177220 732747 SceneGraph.h:93] Created DrawableGroup: 
I1008 15:45:34.182168 732747 ResourceManager.cpp:234] ResourceManager::loadStage : Not loading semantic mesh
I1008 15:45:34.182174 732747 ResourceManager.cpp:262] ResourceManager::loadStage : start load render asset data/scene_datasets/mp3d/ur6pFq6Qu1A/ur6pFq6Qu1A.glb.
I1008 15:45:34.182175 732747 ResourceManager.cpp:569] ResourceManager::loadStageInternal : Attempting to load stage data/scene_datasets/mp3d/ur6pFq6Qu1A/ur6pFq6Qu1A.glb 
I1008 15:45:34.182186 732747 ResourceManager.cpp:1119] Importing Basis files as BC7 for ur6pFq6Qu1A.glb
W1008 15:45:36.246757 732747 Simulator.cpp:248] :
---
 The active scene does not contain semantic annotations. 
---
I1008 15:45:36.301157 732747 simulator.py:213] Loaded navmesh data/scene_datasets/mp3d/ur6pFq6Qu1A/ur6pFq6Qu1A.navmesh
I1008 15:45:36.888100 732747 PhysicsManager.cpp:33] Deconstructing PhysicsManager
I1008 15:45:36.888124 732747 SemanticScene.h:41] Deconstructing SemanticScene
I1008 15:45:36.891372 732747 SceneManager.h:25] Deconstructing SceneManager
I1008 15:45:36.891376 732747 SceneGraph.h:26] Deconstructing SceneGraph
I1008 15:45:36.891791 732747 Sensor.h:87] Deconstructing Sensor
I1008 15:45:36.892352 732747 Sensor.h:87] Deconstructing Sensor
I1008 15:45:36.892458 732747 Sensor.h:87] Deconstructing Sensor
I1008 15:45:36.892568 732747 Sensor.h:87] Deconstructing Sensor
I1008 15:45:36.892673 732747 Sensor.h:87] Deconstructing Sensor
I1008 15:45:36.892774 732747 Sensor.h:87] Deconstructing Sensor
I1008 15:45:36.892876 732747 Sensor.h:87] Deconstructing Sensor
I1008 15:45:36.892974 732747 Sensor.h:87] Deconstructing Sensor
I1008 15:45:36.893079 732747 Sensor.h:87] Deconstructing Sensor
I1008 15:45:36.893179 732747 Sensor.h:87] Deconstructing Sensor
I1008 15:45:36.893277 732747 Sensor.h:87] Deconstructing Sensor
I1008 15:45:36.893380 732747 Sensor.h:87] Deconstructing Sensor
I1008 15:45:36.893477 732747 Sensor.h:87] Deconstructing Sensor
I1008 15:45:36.893604 732747 Sensor.h:87] Deconstructing Sensor
I1008 15:45:36.893735 732747 Sensor.h:87] Deconstructing Sensor
I1008 15:45:36.893857 732747 Sensor.h:87] Deconstructing Sensor
I1008 15:45:36.893981 732747 Sensor.h:87] Deconstructing Sensor
I1008 15:45:36.894104 732747 Sensor.h:87] Deconstructing Sensor
I1008 15:45:36.894230 732747 Sensor.h:87] Deconstructing Sensor
I1008 15:45:36.894354 732747 Sensor.h:87] Deconstructing Sensor
I1008 15:45:36.894479 732747 Sensor.h:87] Deconstructing Sensor
I1008 15:45:36.894598 732747 Sensor.h:87] Deconstructing Sensor
I1008 15:45:36.894726 732747 Sensor.h:87] Deconstructing Sensor
I1008 15:45:36.894886 732747 Sensor.h:87] Deconstructing Sensor
I1008 15:45:36.898770 732747 Renderer.cpp:34] Deconstructing Renderer
I1008 15:45:36.898780 732747 WindowlessContext.h:17] Deconstructing WindowlessContext
I1008 15:45:36.906256 732747 MetadataMediator.cpp:56] MetadataMediator::setActiveSceneDatasetName : Old active dataset default changed to default successfully.
I1008 15:45:36.907763 732747 AttributesManagerBase.h:283] AttributesManager<T>::createFromJsonOrDefaultInternal  (Physics Manager) : Proposing JSON name : ./data/default.physics_config.json from original name : ./data/default.physics_config.json | This file  does not exist.
I1008 15:45:36.907790 732747 PhysicsAttributesManager.cpp:27] File (./data/default.physics_config.json) not found, so new default physics manager attributes created and registered.
I1008 15:45:36.907802 732747 AbstractObjectAttributesManagerBase.h:175] AbstractObjectAttributesManager<T>::createObject  (Stage) : Making attributes with handle : data/scene_datasets/mp3d/qoiz87JEwZ2/qoiz87JEwZ2.glb
I1008 15:45:36.907806 732747 ManagedContainerBase.cpp:19] ManagedContainerBase::convertFilenameToJSON : Filename : data/scene_datasets/mp3d/qoiz87JEwZ2/qoiz87JEwZ2.glb changed to proposed JSON configuration filename : data/scene_datasets/mp3d/qoiz87JEwZ2/qoiz87JEwZ2.stage_config.json
I1008 15:45:36.907820 732747 AttributesManagerBase.h:283] AttributesManager<T>::createFromJsonOrDefaultInternal  (Stage) : Proposing JSON name : data/scene_datasets/mp3d/qoiz87JEwZ2/qoiz87JEwZ2.stage_config.json from original name : data/scene_datasets/mp3d/qoiz87JEwZ2/qoiz87JEwZ2.glb | This file  does not exist.
I1008 15:45:36.907866 732747 AbstractObjectAttributesManagerBase.h:181] AbstractObjectAttributesManager<T>::createObject  (Stage) : Done making attributes with handle : data/scene_datasets/mp3d/qoiz87JEwZ2/qoiz87JEwZ2.glb
I1008 15:45:36.907866 732747 AbstractObjectAttributesManagerBase.h:188] File (data/scene_datasets/mp3d/qoiz87JEwZ2/qoiz87JEwZ2.glb) exists but is not a recognized config filename extension, so new default Stage attributes created and registered.
I1008 15:45:36.907869 732747 Simulator.cpp:156] Loading navmesh from data/scene_datasets/mp3d/qoiz87JEwZ2/qoiz87JEwZ2.navmesh
I1008 15:45:36.908025 732747 Simulator.cpp:158] Loaded.
I1008 15:45:36.908028 732747 SceneGraph.h:93] Created DrawableGroup: 
I1008 15:45:36.911396 732747 ResourceManager.cpp:234] ResourceManager::loadStage : Not loading semantic mesh
I1008 15:45:36.911403 732747 ResourceManager.cpp:262] ResourceManager::loadStage : start load render asset data/scene_datasets/mp3d/qoiz87JEwZ2/qoiz87JEwZ2.glb.
I1008 15:45:36.911404 732747 ResourceManager.cpp:569] ResourceManager::loadStageInternal : Attempting to load stage data/scene_datasets/mp3d/qoiz87JEwZ2/qoiz87JEwZ2.glb 
I1008 15:45:36.911415 732747 ResourceManager.cpp:1119] Importing Basis files as BC7 for qoiz87JEwZ2.glb
W1008 15:45:38.596760 732747 Simulator.cpp:248] :
---
 The active scene does not contain semantic annotations. 
---
I1008 15:45:38.658463 732747 simulator.py:213] Loaded navmesh data/scene_datasets/mp3d/qoiz87JEwZ2/qoiz87JEwZ2.navmesh
I1008 15:45:39.277379 732747 PhysicsManager.cpp:33] Deconstructing PhysicsManager
I1008 15:45:39.277402 732747 SemanticScene.h:41] Deconstructing SemanticScene
I1008 15:45:39.281471 732747 SceneManager.h:25] Deconstructing SceneManager
I1008 15:45:39.281482 732747 SceneGraph.h:26] Deconstructing SceneGraph
I1008 15:45:39.281842 732747 Sensor.h:87] Deconstructing Sensor
I1008 15:45:39.282164 732747 Sensor.h:87] Deconstructing Sensor
I1008 15:45:39.282272 732747 Sensor.h:87] Deconstructing Sensor
I1008 15:45:39.282379 732747 Sensor.h:87] Deconstructing Sensor
I1008 15:45:39.282480 732747 Sensor.h:87] Deconstructing Sensor
I1008 15:45:39.282582 732747 Sensor.h:87] Deconstructing Sensor
I1008 15:45:39.282701 732747 Sensor.h:87] Deconstructing Sensor
I1008 15:45:39.282799 732747 Sensor.h:87] Deconstructing Sensor
I1008 15:45:39.282902 732747 Sensor.h:87] Deconstructing Sensor
I1008 15:45:39.282999 732747 Sensor.h:87] Deconstructing Sensor
I1008 15:45:39.283098 732747 Sensor.h:87] Deconstructing Sensor
I1008 15:45:39.283197 732747 Sensor.h:87] Deconstructing Sensor
I1008 15:45:39.283295 732747 Sensor.h:87] Deconstructing Sensor
I1008 15:45:39.283417 732747 Sensor.h:87] Deconstructing Sensor
I1008 15:45:39.283552 732747 Sensor.h:87] Deconstructing Sensor
I1008 15:45:39.283677 732747 Sensor.h:87] Deconstructing Sensor
I1008 15:45:39.283805 732747 Sensor.h:87] Deconstructing Sensor
I1008 15:45:39.283928 732747 Sensor.h:87] Deconstructing Sensor
I1008 15:45:39.284051 732747 Sensor.h:87] Deconstructing Sensor
I1008 15:45:39.284178 732747 Sensor.h:87] Deconstructing Sensor
I1008 15:45:39.284299 732747 Sensor.h:87] Deconstructing Sensor
I1008 15:45:39.284430 732747 Sensor.h:87] Deconstructing Sensor
I1008 15:45:39.284557 732747 Sensor.h:87] Deconstructing Sensor
I1008 15:45:39.284632 732747 Sensor.h:87] Deconstructing Sensor
I1008 15:45:39.288691 732747 Renderer.cpp:34] Deconstructing Renderer
I1008 15:45:39.288708 732747 WindowlessContext.h:17] Deconstructing WindowlessContext
I1008 15:45:39.292160 732747 MetadataMediator.cpp:56] MetadataMediator::setActiveSceneDatasetName : Old active dataset default changed to default successfully.
I1008 15:45:39.293285 732747 AttributesManagerBase.h:283] AttributesManager<T>::createFromJsonOrDefaultInternal  (Physics Manager) : Proposing JSON name : ./data/default.physics_config.json from original name : ./data/default.physics_config.json | This file  does not exist.
I1008 15:45:39.293313 732747 PhysicsAttributesManager.cpp:27] File (./data/default.physics_config.json) not found, so new default physics manager attributes created and registered.
I1008 15:45:39.293318 732747 AbstractObjectAttributesManagerBase.h:175] AbstractObjectAttributesManager<T>::createObject  (Stage) : Making attributes with handle : data/scene_datasets/mp3d/JmbYfDe2QKZ/JmbYfDe2QKZ.glb
I1008 15:45:39.293319 732747 ManagedContainerBase.cpp:19] ManagedContainerBase::convertFilenameToJSON : Filename : data/scene_datasets/mp3d/JmbYfDe2QKZ/JmbYfDe2QKZ.glb changed to proposed JSON configuration filename : data/scene_datasets/mp3d/JmbYfDe2QKZ/JmbYfDe2QKZ.stage_config.json
I1008 15:45:39.293335 732747 AttributesManagerBase.h:283] AttributesManager<T>::createFromJsonOrDefaultInternal  (Stage) : Proposing JSON name : data/scene_datasets/mp3d/JmbYfDe2QKZ/JmbYfDe2QKZ.stage_config.json from original name : data/scene_datasets/mp3d/JmbYfDe2QKZ/JmbYfDe2QKZ.glb | This file  does not exist.
I1008 15:45:39.293380 732747 AbstractObjectAttributesManagerBase.h:181] AbstractObjectAttributesManager<T>::createObject  (Stage) : Done making attributes with handle : data/scene_datasets/mp3d/JmbYfDe2QKZ/JmbYfDe2QKZ.glb
I1008 15:45:39.293381 732747 AbstractObjectAttributesManagerBase.h:188] File (data/scene_datasets/mp3d/JmbYfDe2QKZ/JmbYfDe2QKZ.glb) exists but is not a recognized config filename extension, so new default Stage attributes created and registered.
I1008 15:45:39.293385 732747 Simulator.cpp:156] Loading navmesh from data/scene_datasets/mp3d/JmbYfDe2QKZ/JmbYfDe2QKZ.navmesh
I1008 15:45:39.293489 732747 Simulator.cpp:158] Loaded.
I1008 15:45:39.293494 732747 SceneGraph.h:93] Created DrawableGroup: 
I1008 15:45:39.296717 732747 ResourceManager.cpp:234] ResourceManager::loadStage : Not loading semantic mesh
I1008 15:45:39.296725 732747 ResourceManager.cpp:262] ResourceManager::loadStage : start load render asset data/scene_datasets/mp3d/JmbYfDe2QKZ/JmbYfDe2QKZ.glb.
I1008 15:45:39.296725 732747 ResourceManager.cpp:569] ResourceManager::loadStageInternal : Attempting to load stage data/scene_datasets/mp3d/JmbYfDe2QKZ/JmbYfDe2QKZ.glb 
I1008 15:45:39.296739 732747 ResourceManager.cpp:1119] Importing Basis files as BC7 for JmbYfDe2QKZ.glb
W1008 15:45:40.348883 732747 Simulator.cpp:248] :
---
 The active scene does not contain semantic annotations. 
---
I1008 15:45:40.398438 732747 simulator.py:213] Loaded navmesh data/scene_datasets/mp3d/JmbYfDe2QKZ/JmbYfDe2QKZ.navmesh
I1008 15:45:40.859050 732747 PhysicsManager.cpp:33] Deconstructing PhysicsManager
I1008 15:45:40.859071 732747 SemanticScene.h:41] Deconstructing SemanticScene
I1008 15:45:40.862182 732747 SceneManager.h:25] Deconstructing SceneManager
I1008 15:45:40.862187 732747 SceneGraph.h:26] Deconstructing SceneGraph
I1008 15:45:40.862540 732747 Sensor.h:87] Deconstructing Sensor
I1008 15:45:40.863044 732747 Sensor.h:87] Deconstructing Sensor
I1008 15:45:40.863147 732747 Sensor.h:87] Deconstructing Sensor
I1008 15:45:40.863250 732747 Sensor.h:87] Deconstructing Sensor
I1008 15:45:40.863349 732747 Sensor.h:87] Deconstructing Sensor
I1008 15:45:40.863445 732747 Sensor.h:87] Deconstructing Sensor
I1008 15:45:40.863546 732747 Sensor.h:87] Deconstructing Sensor
I1008 15:45:40.863641 732747 Sensor.h:87] Deconstructing Sensor
I1008 15:45:40.863749 732747 Sensor.h:87] Deconstructing Sensor
I1008 15:45:40.863845 732747 Sensor.h:87] Deconstructing Sensor
I1008 15:45:40.863941 732747 Sensor.h:87] Deconstructing Sensor
I1008 15:45:40.864038 732747 Sensor.h:87] Deconstructing Sensor
I1008 15:45:40.864135 732747 Sensor.h:87] Deconstructing Sensor
I1008 15:45:40.864256 732747 Sensor.h:87] Deconstructing Sensor
I1008 15:45:40.864389 732747 Sensor.h:87] Deconstructing Sensor
I1008 15:45:40.864507 732747 Sensor.h:87] Deconstructing Sensor
I1008 15:45:40.864629 732747 Sensor.h:87] Deconstructing Sensor
I1008 15:45:40.864748 732747 Sensor.h:87] Deconstructing Sensor
I1008 15:45:40.864868 732747 Sensor.h:87] Deconstructing Sensor
I1008 15:45:40.864990 732747 Sensor.h:87] Deconstructing Sensor
I1008 15:45:40.865110 732747 Sensor.h:87] Deconstructing Sensor
I1008 15:45:40.865227 732747 Sensor.h:87] Deconstructing Sensor
I1008 15:45:40.865353 732747 Sensor.h:87] Deconstructing Sensor
I1008 15:45:40.865448 732747 Sensor.h:87] Deconstructing Sensor
I1008 15:45:40.869091 732747 Renderer.cpp:34] Deconstructing Renderer
I1008 15:45:40.869107 732747 WindowlessContext.h:17] Deconstructing WindowlessContext
I1008 15:45:40.871771 732747 MetadataMediator.cpp:56] MetadataMediator::setActiveSceneDatasetName : Old active dataset default changed to default successfully.
I1008 15:45:40.872478 732747 AttributesManagerBase.h:283] AttributesManager<T>::createFromJsonOrDefaultInternal  (Physics Manager) : Proposing JSON name : ./data/default.physics_config.json from original name : ./data/default.physics_config.json | This file  does not exist.
I1008 15:45:40.872501 732747 PhysicsAttributesManager.cpp:27] File (./data/default.physics_config.json) not found, so new default physics manager attributes created and registered.
I1008 15:45:40.872505 732747 AbstractObjectAttributesManagerBase.h:175] AbstractObjectAttributesManager<T>::createObject  (Stage) : Making attributes with handle : data/scene_datasets/mp3d/2n8kARJN3HM/2n8kARJN3HM.glb
I1008 15:45:40.872509 732747 ManagedContainerBase.cpp:19] ManagedContainerBase::convertFilenameToJSON : Filename : data/scene_datasets/mp3d/2n8kARJN3HM/2n8kARJN3HM.glb changed to proposed JSON configuration filename : data/scene_datasets/mp3d/2n8kARJN3HM/2n8kARJN3HM.stage_config.json
I1008 15:45:40.872524 732747 AttributesManagerBase.h:283] AttributesManager<T>::createFromJsonOrDefaultInternal  (Stage) : Proposing JSON name : data/scene_datasets/mp3d/2n8kARJN3HM/2n8kARJN3HM.stage_config.json from original name : data/scene_datasets/mp3d/2n8kARJN3HM/2n8kARJN3HM.glb | This file  does not exist.
I1008 15:45:40.872565 732747 AbstractObjectAttributesManagerBase.h:181] AbstractObjectAttributesManager<T>::createObject  (Stage) : Done making attributes with handle : data/scene_datasets/mp3d/2n8kARJN3HM/2n8kARJN3HM.glb
I1008 15:45:40.872565 732747 AbstractObjectAttributesManagerBase.h:188] File (data/scene_datasets/mp3d/2n8kARJN3HM/2n8kARJN3HM.glb) exists but is not a recognized config filename extension, so new default Stage attributes created and registered.
I1008 15:45:40.872570 732747 Simulator.cpp:156] Loading navmesh from data/scene_datasets/mp3d/2n8kARJN3HM/2n8kARJN3HM.navmesh
I1008 15:45:40.872790 732747 Simulator.cpp:158] Loaded.
I1008 15:45:40.872797 732747 SceneGraph.h:93] Created DrawableGroup: 
I1008 15:45:40.875842 732747 ResourceManager.cpp:234] ResourceManager::loadStage : Not loading semantic mesh
I1008 15:45:40.875849 732747 ResourceManager.cpp:262] ResourceManager::loadStage : start load render asset data/scene_datasets/mp3d/2n8kARJN3HM/2n8kARJN3HM.glb.
I1008 15:45:40.875849 732747 ResourceManager.cpp:569] ResourceManager::loadStageInternal : Attempting to load stage data/scene_datasets/mp3d/2n8kARJN3HM/2n8kARJN3HM.glb 
I1008 15:45:40.875860 732747 ResourceManager.cpp:1119] Importing Basis files as BC7 for 2n8kARJN3HM.glb
W1008 15:45:43.377025 732747 Simulator.cpp:248] :
---
 The active scene does not contain semantic annotations. 
---
I1008 15:45:43.444748 732747 simulator.py:213] Loaded navmesh data/scene_datasets/mp3d/2n8kARJN3HM/2n8kARJN3HM.navmesh
I1008 15:45:44.123544 732747 PhysicsManager.cpp:33] Deconstructing PhysicsManager
I1008 15:45:44.123567 732747 SemanticScene.h:41] Deconstructing SemanticScene
I1008 15:45:44.127681 732747 SceneManager.h:25] Deconstructing SceneManager
I1008 15:45:44.127686 732747 SceneGraph.h:26] Deconstructing SceneGraph
I1008 15:45:44.128178 732747 Sensor.h:87] Deconstructing Sensor
I1008 15:45:44.128635 732747 Sensor.h:87] Deconstructing Sensor
I1008 15:45:44.128744 732747 Sensor.h:87] Deconstructing Sensor
I1008 15:45:44.128851 732747 Sensor.h:87] Deconstructing Sensor
I1008 15:45:44.128952 732747 Sensor.h:87] Deconstructing Sensor
I1008 15:45:44.129048 732747 Sensor.h:87] Deconstructing Sensor
I1008 15:45:44.129149 732747 Sensor.h:87] Deconstructing Sensor
I1008 15:45:44.129244 732747 Sensor.h:87] Deconstructing Sensor
I1008 15:45:44.129347 732747 Sensor.h:87] Deconstructing Sensor
I1008 15:45:44.129446 732747 Sensor.h:87] Deconstructing Sensor
I1008 15:45:44.129541 732747 Sensor.h:87] Deconstructing Sensor
I1008 15:45:44.129642 732747 Sensor.h:87] Deconstructing Sensor
I1008 15:45:44.129740 732747 Sensor.h:87] Deconstructing Sensor
I1008 15:45:44.129866 732747 Sensor.h:87] Deconstructing Sensor
I1008 15:45:44.129997 732747 Sensor.h:87] Deconstructing Sensor
I1008 15:45:44.130117 732747 Sensor.h:87] Deconstructing Sensor
I1008 15:45:44.130240 732747 Sensor.h:87] Deconstructing Sensor
I1008 15:45:44.130359 732747 Sensor.h:87] Deconstructing Sensor
I1008 15:45:44.130482 732747 Sensor.h:87] Deconstructing Sensor
I1008 15:45:44.130604 732747 Sensor.h:87] Deconstructing Sensor
I1008 15:45:44.130723 732747 Sensor.h:87] Deconstructing Sensor
I1008 15:45:44.130844 732747 Sensor.h:87] Deconstructing Sensor
I1008 15:45:44.130970 732747 Sensor.h:87] Deconstructing Sensor
I1008 15:45:44.131043 732747 Sensor.h:87] Deconstructing Sensor
I1008 15:45:44.139309 732747 Renderer.cpp:34] Deconstructing Renderer
I1008 15:45:44.139334 732747 WindowlessContext.h:17] Deconstructing WindowlessContext
I1008 15:45:44.144778 732747 MetadataMediator.cpp:56] MetadataMediator::setActiveSceneDatasetName : Old active dataset default changed to default successfully.
I1008 15:45:44.145758 732747 AttributesManagerBase.h:283] AttributesManager<T>::createFromJsonOrDefaultInternal  (Physics Manager) : Proposing JSON name : ./data/default.physics_config.json from original name : ./data/default.physics_config.json | This file  does not exist.
I1008 15:45:44.145783 732747 PhysicsAttributesManager.cpp:27] File (./data/default.physics_config.json) not found, so new default physics manager attributes created and registered.
I1008 15:45:44.145787 732747 AbstractObjectAttributesManagerBase.h:175] AbstractObjectAttributesManager<T>::createObject  (Stage) : Making attributes with handle : data/scene_datasets/mp3d/PX4nDJXEHrG/PX4nDJXEHrG.glb
I1008 15:45:44.145790 732747 ManagedContainerBase.cpp:19] ManagedContainerBase::convertFilenameToJSON : Filename : data/scene_datasets/mp3d/PX4nDJXEHrG/PX4nDJXEHrG.glb changed to proposed JSON configuration filename : data/scene_datasets/mp3d/PX4nDJXEHrG/PX4nDJXEHrG.stage_config.json
I1008 15:45:44.145805 732747 AttributesManagerBase.h:283] AttributesManager<T>::createFromJsonOrDefaultInternal  (Stage) : Proposing JSON name : data/scene_datasets/mp3d/PX4nDJXEHrG/PX4nDJXEHrG.stage_config.json from original name : data/scene_datasets/mp3d/PX4nDJXEHrG/PX4nDJXEHrG.glb | This file  does not exist.
I1008 15:45:44.145849 732747 AbstractObjectAttributesManagerBase.h:181] AbstractObjectAttributesManager<T>::createObject  (Stage) : Done making attributes with handle : data/scene_datasets/mp3d/PX4nDJXEHrG/PX4nDJXEHrG.glb
I1008 15:45:44.145851 732747 AbstractObjectAttributesManagerBase.h:188] File (data/scene_datasets/mp3d/PX4nDJXEHrG/PX4nDJXEHrG.glb) exists but is not a recognized config filename extension, so new default Stage attributes created and registered.
I1008 15:45:44.145854 732747 Simulator.cpp:156] Loading navmesh from data/scene_datasets/mp3d/PX4nDJXEHrG/PX4nDJXEHrG.navmesh
I1008 15:45:44.146163 732747 Simulator.cpp:158] Loaded.
I1008 15:45:44.146175 732747 SceneGraph.h:93] Created DrawableGroup: 
I1008 15:45:44.149317 732747 ResourceManager.cpp:234] ResourceManager::loadStage : Not loading semantic mesh
I1008 15:45:44.149323 732747 ResourceManager.cpp:262] ResourceManager::loadStage : start load render asset data/scene_datasets/mp3d/PX4nDJXEHrG/PX4nDJXEHrG.glb.
I1008 15:45:44.149324 732747 ResourceManager.cpp:569] ResourceManager::loadStageInternal : Attempting to load stage data/scene_datasets/mp3d/PX4nDJXEHrG/PX4nDJXEHrG.glb 
I1008 15:45:44.149338 732747 ResourceManager.cpp:1119] Importing Basis files as BC7 for PX4nDJXEHrG.glb
W1008 15:45:46.747256 732747 Simulator.cpp:248] :
---
 The active scene does not contain semantic annotations. 
---
I1008 15:45:46.839245 732747 simulator.py:213] Loaded navmesh data/scene_datasets/mp3d/PX4nDJXEHrG/PX4nDJXEHrG.navmesh
I1008 15:45:50.112835 732747 PhysicsManager.cpp:33] Deconstructing PhysicsManager
I1008 15:45:50.112862 732747 SemanticScene.h:41] Deconstructing SemanticScene
I1008 15:45:50.117933 732747 SceneManager.h:25] Deconstructing SceneManager
I1008 15:45:50.117944 732747 SceneGraph.h:26] Deconstructing SceneGraph
I1008 15:45:50.118383 732747 Sensor.h:87] Deconstructing Sensor
I1008 15:45:50.119005 732747 Sensor.h:87] Deconstructing Sensor
I1008 15:45:50.119109 732747 Sensor.h:87] Deconstructing Sensor
I1008 15:45:50.119220 732747 Sensor.h:87] Deconstructing Sensor
I1008 15:45:50.119321 732747 Sensor.h:87] Deconstructing Sensor
I1008 15:45:50.119421 732747 Sensor.h:87] Deconstructing Sensor
I1008 15:45:50.119525 732747 Sensor.h:87] Deconstructing Sensor
I1008 15:45:50.119623 732747 Sensor.h:87] Deconstructing Sensor
I1008 15:45:50.119726 732747 Sensor.h:87] Deconstructing Sensor
I1008 15:45:50.119827 732747 Sensor.h:87] Deconstructing Sensor
I1008 15:45:50.119925 732747 Sensor.h:87] Deconstructing Sensor
I1008 15:45:50.120028 732747 Sensor.h:87] Deconstructing Sensor
I1008 15:45:50.120123 732747 Sensor.h:87] Deconstructing Sensor
I1008 15:45:50.120250 732747 Sensor.h:87] Deconstructing Sensor
I1008 15:45:50.120376 732747 Sensor.h:87] Deconstructing Sensor
I1008 15:45:50.120499 732747 Sensor.h:87] Deconstructing Sensor
I1008 15:45:50.120738 732747 Sensor.h:87] Deconstructing Sensor
I1008 15:45:50.120858 732747 Sensor.h:87] Deconstructing Sensor
I1008 15:45:50.120980 732747 Sensor.h:87] Deconstructing Sensor
I1008 15:45:50.121104 732747 Sensor.h:87] Deconstructing Sensor
I1008 15:45:50.121227 732747 Sensor.h:87] Deconstructing Sensor
I1008 15:45:50.121346 732747 Sensor.h:87] Deconstructing Sensor
I1008 15:45:50.121471 732747 Sensor.h:87] Deconstructing Sensor
I1008 15:45:50.121623 732747 Sensor.h:87] Deconstructing Sensor
I1008 15:45:50.126449 732747 Renderer.cpp:34] Deconstructing Renderer
I1008 15:45:50.126461 732747 WindowlessContext.h:17] Deconstructing WindowlessContext
I1008 15:45:50.132259 732747 MetadataMediator.cpp:56] MetadataMediator::setActiveSceneDatasetName : Old active dataset default changed to default successfully.
I1008 15:45:50.133584 732747 AttributesManagerBase.h:283] AttributesManager<T>::createFromJsonOrDefaultInternal  (Physics Manager) : Proposing JSON name : ./data/default.physics_config.json from original name : ./data/default.physics_config.json | This file  does not exist.
I1008 15:45:50.133612 732747 PhysicsAttributesManager.cpp:27] File (./data/default.physics_config.json) not found, so new default physics manager attributes created and registered.
I1008 15:45:50.133618 732747 AbstractObjectAttributesManagerBase.h:175] AbstractObjectAttributesManager<T>::createObject  (Stage) : Making attributes with handle : data/scene_datasets/mp3d/ur6pFq6Qu1A/ur6pFq6Qu1A.glb
I1008 15:45:50.133622 732747 ManagedContainerBase.cpp:19] ManagedContainerBase::convertFilenameToJSON : Filename : data/scene_datasets/mp3d/ur6pFq6Qu1A/ur6pFq6Qu1A.glb changed to proposed JSON configuration filename : data/scene_datasets/mp3d/ur6pFq6Qu1A/ur6pFq6Qu1A.stage_config.json
I1008 15:45:50.133639 732747 AttributesManagerBase.h:283] AttributesManager<T>::createFromJsonOrDefaultInternal  (Stage) : Proposing JSON name : data/scene_datasets/mp3d/ur6pFq6Qu1A/ur6pFq6Qu1A.stage_config.json from original name : data/scene_datasets/mp3d/ur6pFq6Qu1A/ur6pFq6Qu1A.glb | This file  does not exist.
I1008 15:45:50.133697 732747 AbstractObjectAttributesManagerBase.h:181] AbstractObjectAttributesManager<T>::createObject  (Stage) : Done making attributes with handle : data/scene_datasets/mp3d/ur6pFq6Qu1A/ur6pFq6Qu1A.glb
I1008 15:45:50.133698 732747 AbstractObjectAttributesManagerBase.h:188] File (data/scene_datasets/mp3d/ur6pFq6Qu1A/ur6pFq6Qu1A.glb) exists but is not a recognized config filename extension, so new default Stage attributes created and registered.
I1008 15:45:50.133702 732747 Simulator.cpp:156] Loading navmesh from data/scene_datasets/mp3d/ur6pFq6Qu1A/ur6pFq6Qu1A.navmesh
I1008 15:45:50.133944 732747 Simulator.cpp:158] Loaded.
I1008 15:45:50.133949 732747 SceneGraph.h:93] Created DrawableGroup: 
I1008 15:45:50.138303 732747 ResourceManager.cpp:234] ResourceManager::loadStage : Not loading semantic mesh
I1008 15:45:50.138311 732747 ResourceManager.cpp:262] ResourceManager::loadStage : start load render asset data/scene_datasets/mp3d/ur6pFq6Qu1A/ur6pFq6Qu1A.glb.
I1008 15:45:50.138312 732747 ResourceManager.cpp:569] ResourceManager::loadStageInternal : Attempting to load stage data/scene_datasets/mp3d/ur6pFq6Qu1A/ur6pFq6Qu1A.glb 
I1008 15:45:50.138334 732747 ResourceManager.cpp:1119] Importing Basis files as BC7 for ur6pFq6Qu1A.glb
W1008 15:45:52.312952 732747 Simulator.cpp:248] :
---
 The active scene does not contain semantic annotations. 
---
I1008 15:45:52.373648 732747 simulator.py:213] Loaded navmesh data/scene_datasets/mp3d/ur6pFq6Qu1A/ur6pFq6Qu1A.navmesh
I1008 15:45:52.742480 732747 PhysicsManager.cpp:33] Deconstructing PhysicsManager
I1008 15:45:52.742503 732747 SemanticScene.h:41] Deconstructing SemanticScene
I1008 15:45:52.746639 732747 SceneManager.h:25] Deconstructing SceneManager
I1008 15:45:52.746647 732747 SceneGraph.h:26] Deconstructing SceneGraph
I1008 15:45:52.747045 732747 Sensor.h:87] Deconstructing Sensor
I1008 15:45:52.747633 732747 Sensor.h:87] Deconstructing Sensor
I1008 15:45:52.747747 732747 Sensor.h:87] Deconstructing Sensor
I1008 15:45:52.747859 732747 Sensor.h:87] Deconstructing Sensor
I1008 15:45:52.747959 732747 Sensor.h:87] Deconstructing Sensor
I1008 15:45:52.748057 732747 Sensor.h:87] Deconstructing Sensor
I1008 15:45:52.748158 732747 Sensor.h:87] Deconstructing Sensor
I1008 15:45:52.748255 732747 Sensor.h:87] Deconstructing Sensor
I1008 15:45:52.748358 732747 Sensor.h:87] Deconstructing Sensor
I1008 15:45:52.748454 732747 Sensor.h:87] Deconstructing Sensor
I1008 15:45:52.748553 732747 Sensor.h:87] Deconstructing Sensor
I1008 15:45:52.748669 732747 Sensor.h:87] Deconstructing Sensor
I1008 15:45:52.748770 732747 Sensor.h:87] Deconstructing Sensor
I1008 15:45:52.748889 732747 Sensor.h:87] Deconstructing Sensor
I1008 15:45:52.749035 732747 Sensor.h:87] Deconstructing Sensor
I1008 15:45:52.749156 732747 Sensor.h:87] Deconstructing Sensor
I1008 15:45:52.749282 732747 Sensor.h:87] Deconstructing Sensor
I1008 15:45:52.749401 732747 Sensor.h:87] Deconstructing Sensor
I1008 15:45:52.749526 732747 Sensor.h:87] Deconstructing Sensor
I1008 15:45:52.749648 732747 Sensor.h:87] Deconstructing Sensor
I1008 15:45:52.749773 732747 Sensor.h:87] Deconstructing Sensor
I1008 15:45:52.749894 732747 Sensor.h:87] Deconstructing Sensor
I1008 15:45:52.750020 732747 Sensor.h:87] Deconstructing Sensor
I1008 15:45:52.750182 732747 Sensor.h:87] Deconstructing Sensor
I1008 15:45:52.755787 732747 Renderer.cpp:34] Deconstructing Renderer
I1008 15:45:52.755806 732747 WindowlessContext.h:17] Deconstructing WindowlessContext
I1008 15:45:52.761317 732747 MetadataMediator.cpp:56] MetadataMediator::setActiveSceneDatasetName : Old active dataset default changed to default successfully.
I1008 15:45:52.762562 732747 AttributesManagerBase.h:283] AttributesManager<T>::createFromJsonOrDefaultInternal  (Physics Manager) : Proposing JSON name : ./data/default.physics_config.json from original name : ./data/default.physics_config.json | This file  does not exist.
I1008 15:45:52.762598 732747 PhysicsAttributesManager.cpp:27] File (./data/default.physics_config.json) not found, so new default physics manager attributes created and registered.
I1008 15:45:52.762604 732747 AbstractObjectAttributesManagerBase.h:175] AbstractObjectAttributesManager<T>::createObject  (Stage) : Making attributes with handle : data/scene_datasets/mp3d/qoiz87JEwZ2/qoiz87JEwZ2.glb
I1008 15:45:52.762607 732747 ManagedContainerBase.cpp:19] ManagedContainerBase::convertFilenameToJSON : Filename : data/scene_datasets/mp3d/qoiz87JEwZ2/qoiz87JEwZ2.glb changed to proposed JSON configuration filename : data/scene_datasets/mp3d/qoiz87JEwZ2/qoiz87JEwZ2.stage_config.json
I1008 15:45:52.762624 732747 AttributesManagerBase.h:283] AttributesManager<T>::createFromJsonOrDefaultInternal  (Stage) : Proposing JSON name : data/scene_datasets/mp3d/qoiz87JEwZ2/qoiz87JEwZ2.stage_config.json from original name : data/scene_datasets/mp3d/qoiz87JEwZ2/qoiz87JEwZ2.glb | This file  does not exist.
I1008 15:45:52.762686 732747 AbstractObjectAttributesManagerBase.h:181] AbstractObjectAttributesManager<T>::createObject  (Stage) : Done making attributes with handle : data/scene_datasets/mp3d/qoiz87JEwZ2/qoiz87JEwZ2.glb
I1008 15:45:52.762688 732747 AbstractObjectAttributesManagerBase.h:188] File (data/scene_datasets/mp3d/qoiz87JEwZ2/qoiz87JEwZ2.glb) exists but is not a recognized config filename extension, so new default Stage attributes created and registered.
I1008 15:45:52.762691 732747 Simulator.cpp:156] Loading navmesh from data/scene_datasets/mp3d/qoiz87JEwZ2/qoiz87JEwZ2.navmesh
I1008 15:45:52.762845 732747 Simulator.cpp:158] Loaded.
I1008 15:45:52.762850 732747 SceneGraph.h:93] Created DrawableGroup: 
I1008 15:45:52.766336 732747 ResourceManager.cpp:234] ResourceManager::loadStage : Not loading semantic mesh
I1008 15:45:52.766347 732747 ResourceManager.cpp:262] ResourceManager::loadStage : start load render asset data/scene_datasets/mp3d/qoiz87JEwZ2/qoiz87JEwZ2.glb.
I1008 15:45:52.766348 732747 ResourceManager.cpp:569] ResourceManager::loadStageInternal : Attempting to load stage data/scene_datasets/mp3d/qoiz87JEwZ2/qoiz87JEwZ2.glb 
I1008 15:45:52.766371 732747 ResourceManager.cpp:1119] Importing Basis files as BC7 for qoiz87JEwZ2.glb
W1008 15:45:54.414748 732747 Simulator.cpp:248] :
---
 The active scene does not contain semantic annotations. 
---
I1008 15:45:54.475676 732747 simulator.py:213] Loaded navmesh data/scene_datasets/mp3d/qoiz87JEwZ2/qoiz87JEwZ2.navmesh
I1008 15:45:54.961319 732747 PhysicsManager.cpp:33] Deconstructing PhysicsManager
I1008 15:45:54.961342 732747 SemanticScene.h:41] Deconstructing SemanticScene
I1008 15:45:54.965716 732747 SceneManager.h:25] Deconstructing SceneManager
I1008 15:45:54.965729 732747 SceneGraph.h:26] Deconstructing SceneGraph
I1008 15:45:54.966219 732747 Sensor.h:87] Deconstructing Sensor
I1008 15:45:54.966636 732747 Sensor.h:87] Deconstructing Sensor
I1008 15:45:54.966758 732747 Sensor.h:87] Deconstructing Sensor
I1008 15:45:54.966876 732747 Sensor.h:87] Deconstructing Sensor
I1008 15:45:54.966985 732747 Sensor.h:87] Deconstructing Sensor
I1008 15:45:54.967092 732747 Sensor.h:87] Deconstructing Sensor
I1008 15:45:54.967206 732747 Sensor.h:87] Deconstructing Sensor
I1008 15:45:54.967311 732747 Sensor.h:87] Deconstructing Sensor
I1008 15:45:54.967422 732747 Sensor.h:87] Deconstructing Sensor
I1008 15:45:54.967526 732747 Sensor.h:87] Deconstructing Sensor
I1008 15:45:54.967625 732747 Sensor.h:87] Deconstructing Sensor
I1008 15:45:54.967734 732747 Sensor.h:87] Deconstructing Sensor
I1008 15:45:54.967839 732747 Sensor.h:87] Deconstructing Sensor
I1008 15:45:54.967968 732747 Sensor.h:87] Deconstructing Sensor
I1008 15:45:54.968114 732747 Sensor.h:87] Deconstructing Sensor
I1008 15:45:54.968242 732747 Sensor.h:87] Deconstructing Sensor
I1008 15:45:54.968375 732747 Sensor.h:87] Deconstructing Sensor
I1008 15:45:54.968508 732747 Sensor.h:87] Deconstructing Sensor
I1008 15:45:54.968638 732747 Sensor.h:87] Deconstructing Sensor
I1008 15:45:54.968779 732747 Sensor.h:87] Deconstructing Sensor
I1008 15:45:54.968924 732747 Sensor.h:87] Deconstructing Sensor
I1008 15:45:54.969053 732747 Sensor.h:87] Deconstructing Sensor
I1008 15:45:54.969185 732747 Sensor.h:87] Deconstructing Sensor
I1008 15:45:54.969276 732747 Sensor.h:87] Deconstructing Sensor
I1008 15:45:54.973959 732747 Renderer.cpp:34] Deconstructing Renderer
I1008 15:45:54.973978 732747 WindowlessContext.h:17] Deconstructing WindowlessContext
I1008 15:45:54.977280 732747 MetadataMediator.cpp:56] MetadataMediator::setActiveSceneDatasetName : Old active dataset default changed to default successfully.
I1008 15:45:54.978155 732747 AttributesManagerBase.h:283] AttributesManager<T>::createFromJsonOrDefaultInternal  (Physics Manager) : Proposing JSON name : ./data/default.physics_config.json from original name : ./data/default.physics_config.json | This file  does not exist.
I1008 15:45:54.978179 732747 PhysicsAttributesManager.cpp:27] File (./data/default.physics_config.json) not found, so new default physics manager attributes created and registered.
I1008 15:45:54.978184 732747 AbstractObjectAttributesManagerBase.h:175] AbstractObjectAttributesManager<T>::createObject  (Stage) : Making attributes with handle : data/scene_datasets/mp3d/PX4nDJXEHrG/PX4nDJXEHrG.glb
I1008 15:45:54.978188 732747 ManagedContainerBase.cpp:19] ManagedContainerBase::convertFilenameToJSON : Filename : data/scene_datasets/mp3d/PX4nDJXEHrG/PX4nDJXEHrG.glb changed to proposed JSON configuration filename : data/scene_datasets/mp3d/PX4nDJXEHrG/PX4nDJXEHrG.stage_config.json
I1008 15:45:54.978200 732747 AttributesManagerBase.h:283] AttributesManager<T>::createFromJsonOrDefaultInternal  (Stage) : Proposing JSON name : data/scene_datasets/mp3d/PX4nDJXEHrG/PX4nDJXEHrG.stage_config.json from original name : data/scene_datasets/mp3d/PX4nDJXEHrG/PX4nDJXEHrG.glb | This file  does not exist.
I1008 15:45:54.978245 732747 AbstractObjectAttributesManagerBase.h:181] AbstractObjectAttributesManager<T>::createObject  (Stage) : Done making attributes with handle : data/scene_datasets/mp3d/PX4nDJXEHrG/PX4nDJXEHrG.glb
I1008 15:45:54.978246 732747 AbstractObjectAttributesManagerBase.h:188] File (data/scene_datasets/mp3d/PX4nDJXEHrG/PX4nDJXEHrG.glb) exists but is not a recognized config filename extension, so new default Stage attributes created and registered.
I1008 15:45:54.978250 732747 Simulator.cpp:156] Loading navmesh from data/scene_datasets/mp3d/PX4nDJXEHrG/PX4nDJXEHrG.navmesh
I1008 15:45:54.978608 732747 Simulator.cpp:158] Loaded.
I1008 15:45:54.978614 732747 SceneGraph.h:93] Created DrawableGroup: 
I1008 15:45:54.981917 732747 ResourceManager.cpp:234] ResourceManager::loadStage : Not loading semantic mesh
I1008 15:45:54.981925 732747 ResourceManager.cpp:262] ResourceManager::loadStage : start load render asset data/scene_datasets/mp3d/PX4nDJXEHrG/PX4nDJXEHrG.glb.
I1008 15:45:54.981926 732747 ResourceManager.cpp:569] ResourceManager::loadStageInternal : Attempting to load stage data/scene_datasets/mp3d/PX4nDJXEHrG/PX4nDJXEHrG.glb 
I1008 15:45:54.981945 732747 ResourceManager.cpp:1119] Importing Basis files as BC7 for PX4nDJXEHrG.glb
W1008 15:45:57.574473 732747 Simulator.cpp:248] :
---
 The active scene does not contain semantic annotations. 
---
I1008 15:45:57.665200 732747 simulator.py:213] Loaded navmesh data/scene_datasets/mp3d/PX4nDJXEHrG/PX4nDJXEHrG.navmesh
I1008 15:45:57.959367 732747 PhysicsManager.cpp:33] Deconstructing PhysicsManager
I1008 15:45:57.959386 732747 SemanticScene.h:41] Deconstructing SemanticScene
I1008 15:45:57.964393 732747 SceneManager.h:25] Deconstructing SceneManager
I1008 15:45:57.964401 732747 SceneGraph.h:26] Deconstructing SceneGraph
I1008 15:45:57.964844 732747 Sensor.h:87] Deconstructing Sensor
I1008 15:45:57.965463 732747 Sensor.h:87] Deconstructing Sensor
I1008 15:45:57.965570 732747 Sensor.h:87] Deconstructing Sensor
I1008 15:45:57.965684 732747 Sensor.h:87] Deconstructing Sensor
I1008 15:45:57.965785 732747 Sensor.h:87] Deconstructing Sensor
I1008 15:45:57.965885 732747 Sensor.h:87] Deconstructing Sensor
I1008 15:45:57.965989 732747 Sensor.h:87] Deconstructing Sensor
I1008 15:45:57.966097 732747 Sensor.h:87] Deconstructing Sensor
I1008 15:45:57.966199 732747 Sensor.h:87] Deconstructing Sensor
I1008 15:45:57.966297 732747 Sensor.h:87] Deconstructing Sensor
I1008 15:45:57.966396 732747 Sensor.h:87] Deconstructing Sensor
I1008 15:45:57.966499 732747 Sensor.h:87] Deconstructing Sensor
I1008 15:45:57.966596 732747 Sensor.h:87] Deconstructing Sensor
I1008 15:45:57.966729 732747 Sensor.h:87] Deconstructing Sensor
I1008 15:45:57.966858 732747 Sensor.h:87] Deconstructing Sensor
I1008 15:45:57.966981 732747 Sensor.h:87] Deconstructing Sensor
I1008 15:45:57.967106 732747 Sensor.h:87] Deconstructing Sensor
I1008 15:45:57.967239 732747 Sensor.h:87] Deconstructing Sensor
I1008 15:45:57.967363 732747 Sensor.h:87] Deconstructing Sensor
I1008 15:45:57.967492 732747 Sensor.h:87] Deconstructing Sensor
I1008 15:45:57.967621 732747 Sensor.h:87] Deconstructing Sensor
I1008 15:45:57.967752 732747 Sensor.h:87] Deconstructing Sensor
I1008 15:45:57.967893 732747 Sensor.h:87] Deconstructing Sensor
I1008 15:45:57.967989 732747 Sensor.h:87] Deconstructing Sensor
I1008 15:45:57.975943 732747 Renderer.cpp:34] Deconstructing Renderer
I1008 15:45:57.975965 732747 WindowlessContext.h:17] Deconstructing WindowlessContext
I1008 15:45:57.981699 732747 MetadataMediator.cpp:56] MetadataMediator::setActiveSceneDatasetName : Old active dataset default changed to default successfully.
I1008 15:45:57.982339 732747 AttributesManagerBase.h:283] AttributesManager<T>::createFromJsonOrDefaultInternal  (Physics Manager) : Proposing JSON name : ./data/default.physics_config.json from original name : ./data/default.physics_config.json | This file  does not exist.
I1008 15:45:57.982359 732747 PhysicsAttributesManager.cpp:27] File (./data/default.physics_config.json) not found, so new default physics manager attributes created and registered.
I1008 15:45:57.982364 732747 AbstractObjectAttributesManagerBase.h:175] AbstractObjectAttributesManager<T>::createObject  (Stage) : Making attributes with handle : data/scene_datasets/mp3d/2n8kARJN3HM/2n8kARJN3HM.glb
I1008 15:45:57.982366 732747 ManagedContainerBase.cpp:19] ManagedContainerBase::convertFilenameToJSON : Filename : data/scene_datasets/mp3d/2n8kARJN3HM/2n8kARJN3HM.glb changed to proposed JSON configuration filename : data/scene_datasets/mp3d/2n8kARJN3HM/2n8kARJN3HM.stage_config.json
I1008 15:45:57.982379 732747 AttributesManagerBase.h:283] AttributesManager<T>::createFromJsonOrDefaultInternal  (Stage) : Proposing JSON name : data/scene_datasets/mp3d/2n8kARJN3HM/2n8kARJN3HM.stage_config.json from original name : data/scene_datasets/mp3d/2n8kARJN3HM/2n8kARJN3HM.glb | This file  does not exist.
I1008 15:45:57.982417 732747 AbstractObjectAttributesManagerBase.h:181] AbstractObjectAttributesManager<T>::createObject  (Stage) : Done making attributes with handle : data/scene_datasets/mp3d/2n8kARJN3HM/2n8kARJN3HM.glb
I1008 15:45:57.982419 732747 AbstractObjectAttributesManagerBase.h:188] File (data/scene_datasets/mp3d/2n8kARJN3HM/2n8kARJN3HM.glb) exists but is not a recognized config filename extension, so new default Stage attributes created and registered.
I1008 15:45:57.982422 732747 Simulator.cpp:156] Loading navmesh from data/scene_datasets/mp3d/2n8kARJN3HM/2n8kARJN3HM.navmesh
I1008 15:45:57.982638 732747 Simulator.cpp:158] Loaded.
I1008 15:45:57.982643 732747 SceneGraph.h:93] Created DrawableGroup: 
I1008 15:45:57.985702 732747 ResourceManager.cpp:234] ResourceManager::loadStage : Not loading semantic mesh
I1008 15:45:57.985707 732747 ResourceManager.cpp:262] ResourceManager::loadStage : start load render asset data/scene_datasets/mp3d/2n8kARJN3HM/2n8kARJN3HM.glb.
I1008 15:45:57.985708 732747 ResourceManager.cpp:569] ResourceManager::loadStageInternal : Attempting to load stage data/scene_datasets/mp3d/2n8kARJN3HM/2n8kARJN3HM.glb 
I1008 15:45:57.985723 732747 ResourceManager.cpp:1119] Importing Basis files as BC7 for 2n8kARJN3HM.glb
W1008 15:46:00.638952 732747 Simulator.cpp:248] :
---
 The active scene does not contain semantic annotations. 
---
I1008 15:46:00.713054 732747 simulator.py:213] Loaded navmesh data/scene_datasets/mp3d/2n8kARJN3HM/2n8kARJN3HM.navmesh
I1008 15:46:01.302631 732747 PhysicsManager.cpp:33] Deconstructing PhysicsManager
I1008 15:46:01.302659 732747 SemanticScene.h:41] Deconstructing SemanticScene
I1008 15:46:01.309386 732747 SceneManager.h:25] Deconstructing SceneManager
I1008 15:46:01.309408 732747 SceneGraph.h:26] Deconstructing SceneGraph
I1008 15:46:01.309904 732747 Sensor.h:87] Deconstructing Sensor
I1008 15:46:01.310609 732747 Sensor.h:87] Deconstructing Sensor
I1008 15:46:01.310746 732747 Sensor.h:87] Deconstructing Sensor
I1008 15:46:01.310861 732747 Sensor.h:87] Deconstructing Sensor
I1008 15:46:01.310966 732747 Sensor.h:87] Deconstructing Sensor
I1008 15:46:01.311067 732747 Sensor.h:87] Deconstructing Sensor
I1008 15:46:01.311172 732747 Sensor.h:87] Deconstructing Sensor
I1008 15:46:01.311269 732747 Sensor.h:87] Deconstructing Sensor
I1008 15:46:01.311371 732747 Sensor.h:87] Deconstructing Sensor
I1008 15:46:01.311468 732747 Sensor.h:87] Deconstructing Sensor
I1008 15:46:01.311569 732747 Sensor.h:87] Deconstructing Sensor
I1008 15:46:01.311673 732747 Sensor.h:87] Deconstructing Sensor
I1008 15:46:01.311774 732747 Sensor.h:87] Deconstructing Sensor
I1008 15:46:01.311908 732747 Sensor.h:87] Deconstructing Sensor
I1008 15:46:01.312587 732747 Sensor.h:87] Deconstructing Sensor
I1008 15:46:01.313059 732747 Sensor.h:87] Deconstructing Sensor
I1008 15:46:01.313735 732747 Sensor.h:87] Deconstructing Sensor
I1008 15:46:01.314193 732747 Sensor.h:87] Deconstructing Sensor
I1008 15:46:01.314746 732747 Sensor.h:87] Deconstructing Sensor
I1008 15:46:01.315321 732747 Sensor.h:87] Deconstructing Sensor
I1008 15:46:01.315793 732747 Sensor.h:87] Deconstructing Sensor
I1008 15:46:01.316442 732747 Sensor.h:87] Deconstructing Sensor
I1008 15:46:01.316879 732747 Sensor.h:87] Deconstructing Sensor
I1008 15:46:01.317618 732747 Sensor.h:87] Deconstructing Sensor
I1008 15:46:01.323673 732747 Renderer.cpp:34] Deconstructing Renderer
I1008 15:46:01.323683 732747 WindowlessContext.h:17] Deconstructing WindowlessContext
I1008 15:46:01.331579 732747 MetadataMediator.cpp:56] MetadataMediator::setActiveSceneDatasetName : Old active dataset default changed to default successfully.
I1008 15:46:01.332262 732747 AttributesManagerBase.h:283] AttributesManager<T>::createFromJsonOrDefaultInternal  (Physics Manager) : Proposing JSON name : ./data/default.physics_config.json from original name : ./data/default.physics_config.json | This file  does not exist.
I1008 15:46:01.332286 732747 PhysicsAttributesManager.cpp:27] File (./data/default.physics_config.json) not found, so new default physics manager attributes created and registered.
I1008 15:46:01.332290 732747 AbstractObjectAttributesManagerBase.h:175] AbstractObjectAttributesManager<T>::createObject  (Stage) : Making attributes with handle : data/scene_datasets/mp3d/ZMojNkEp431/ZMojNkEp431.glb
I1008 15:46:01.332293 732747 ManagedContainerBase.cpp:19] ManagedContainerBase::convertFilenameToJSON : Filename : data/scene_datasets/mp3d/ZMojNkEp431/ZMojNkEp431.glb changed to proposed JSON configuration filename : data/scene_datasets/mp3d/ZMojNkEp431/ZMojNkEp431.stage_config.json
I1008 15:46:01.332306 732747 AttributesManagerBase.h:283] AttributesManager<T>::createFromJsonOrDefaultInternal  (Stage) : Proposing JSON name : data/scene_datasets/mp3d/ZMojNkEp431/ZMojNkEp431.stage_config.json from original name : data/scene_datasets/mp3d/ZMojNkEp431/ZMojNkEp431.glb | This file  does not exist.
I1008 15:46:01.332347 732747 AbstractObjectAttributesManagerBase.h:181] AbstractObjectAttributesManager<T>::createObject  (Stage) : Done making attributes with handle : data/scene_datasets/mp3d/ZMojNkEp431/ZMojNkEp431.glb
I1008 15:46:01.332348 732747 AbstractObjectAttributesManagerBase.h:188] File (data/scene_datasets/mp3d/ZMojNkEp431/ZMojNkEp431.glb) exists but is not a recognized config filename extension, so new default Stage attributes created and registered.
I1008 15:46:01.332351 732747 Simulator.cpp:156] Loading navmesh from data/scene_datasets/mp3d/ZMojNkEp431/ZMojNkEp431.navmesh
I1008 15:46:01.332489 732747 Simulator.cpp:158] Loaded.
I1008 15:46:01.332494 732747 SceneGraph.h:93] Created DrawableGroup: 
I1008 15:46:01.336648 732747 ResourceManager.cpp:234] ResourceManager::loadStage : Not loading semantic mesh
I1008 15:46:01.336654 732747 ResourceManager.cpp:262] ResourceManager::loadStage : start load render asset data/scene_datasets/mp3d/ZMojNkEp431/ZMojNkEp431.glb.
I1008 15:46:01.336655 732747 ResourceManager.cpp:569] ResourceManager::loadStageInternal : Attempting to load stage data/scene_datasets/mp3d/ZMojNkEp431/ZMojNkEp431.glb 
I1008 15:46:01.336678 732747 ResourceManager.cpp:1119] Importing Basis files as BC7 for ZMojNkEp431.glb
W1008 15:46:02.619436 732747 Simulator.cpp:248] :
---
 The active scene does not contain semantic annotations. 
---
I1008 15:46:02.664376 732747 simulator.py:213] Loaded navmesh data/scene_datasets/mp3d/ZMojNkEp431/ZMojNkEp431.navmesh
I1008 15:46:03.013873 732747 PhysicsManager.cpp:33] Deconstructing PhysicsManager
I1008 15:46:03.013898 732747 SemanticScene.h:41] Deconstructing SemanticScene
I1008 15:46:03.017228 732747 SceneManager.h:25] Deconstructing SceneManager
I1008 15:46:03.017235 732747 SceneGraph.h:26] Deconstructing SceneGraph
I1008 15:46:03.017647 732747 Sensor.h:87] Deconstructing Sensor
I1008 15:46:03.017937 732747 Sensor.h:87] Deconstructing Sensor
I1008 15:46:03.018043 732747 Sensor.h:87] Deconstructing Sensor
I1008 15:46:03.018148 732747 Sensor.h:87] Deconstructing Sensor
I1008 15:46:03.018250 732747 Sensor.h:87] Deconstructing Sensor
I1008 15:46:03.018349 732747 Sensor.h:87] Deconstructing Sensor
I1008 15:46:03.018455 732747 Sensor.h:87] Deconstructing Sensor
I1008 15:46:03.018551 732747 Sensor.h:87] Deconstructing Sensor
I1008 15:46:03.018652 732747 Sensor.h:87] Deconstructing Sensor
I1008 15:46:03.018752 732747 Sensor.h:87] Deconstructing Sensor
I1008 15:46:03.018849 732747 Sensor.h:87] Deconstructing Sensor
I1008 15:46:03.018949 732747 Sensor.h:87] Deconstructing Sensor
I1008 15:46:03.019047 732747 Sensor.h:87] Deconstructing Sensor
I1008 15:46:03.019176 732747 Sensor.h:87] Deconstructing Sensor
I1008 15:46:03.019307 732747 Sensor.h:87] Deconstructing Sensor
I1008 15:46:03.019426 732747 Sensor.h:87] Deconstructing Sensor
I1008 15:46:03.019552 732747 Sensor.h:87] Deconstructing Sensor
I1008 15:46:03.019673 732747 Sensor.h:87] Deconstructing Sensor
I1008 15:46:03.019797 732747 Sensor.h:87] Deconstructing Sensor
I1008 15:46:03.019923 732747 Sensor.h:87] Deconstructing Sensor
I1008 15:46:03.020044 732747 Sensor.h:87] Deconstructing Sensor
I1008 15:46:03.020162 732747 Sensor.h:87] Deconstructing Sensor
I1008 15:46:03.020301 732747 Sensor.h:87] Deconstructing Sensor
I1008 15:46:03.020593 732747 Sensor.h:87] Deconstructing Sensor
I1008 15:46:03.023911 732747 Renderer.cpp:34] Deconstructing Renderer
I1008 15:46:03.023923 732747 WindowlessContext.h:17] Deconstructing WindowlessContext
I1008 15:46:03.027380 732747 MetadataMediator.cpp:56] MetadataMediator::setActiveSceneDatasetName : Old active dataset default changed to default successfully.
I1008 15:46:03.028270 732747 AttributesManagerBase.h:283] AttributesManager<T>::createFromJsonOrDefaultInternal  (Physics Manager) : Proposing JSON name : ./data/default.physics_config.json from original name : ./data/default.physics_config.json | This file  does not exist.
I1008 15:46:03.028295 732747 PhysicsAttributesManager.cpp:27] File (./data/default.physics_config.json) not found, so new default physics manager attributes created and registered.
I1008 15:46:03.028301 732747 AbstractObjectAttributesManagerBase.h:175] AbstractObjectAttributesManager<T>::createObject  (Stage) : Making attributes with handle : data/scene_datasets/mp3d/qoiz87JEwZ2/qoiz87JEwZ2.glb
I1008 15:46:03.028303 732747 ManagedContainerBase.cpp:19] ManagedContainerBase::convertFilenameToJSON : Filename : data/scene_datasets/mp3d/qoiz87JEwZ2/qoiz87JEwZ2.glb changed to proposed JSON configuration filename : data/scene_datasets/mp3d/qoiz87JEwZ2/qoiz87JEwZ2.stage_config.json
I1008 15:46:03.028317 732747 AttributesManagerBase.h:283] AttributesManager<T>::createFromJsonOrDefaultInternal  (Stage) : Proposing JSON name : data/scene_datasets/mp3d/qoiz87JEwZ2/qoiz87JEwZ2.stage_config.json from original name : data/scene_datasets/mp3d/qoiz87JEwZ2/qoiz87JEwZ2.glb | This file  does not exist.
I1008 15:46:03.028368 732747 AbstractObjectAttributesManagerBase.h:181] AbstractObjectAttributesManager<T>::createObject  (Stage) : Done making attributes with handle : data/scene_datasets/mp3d/qoiz87JEwZ2/qoiz87JEwZ2.glb
I1008 15:46:03.028369 732747 AbstractObjectAttributesManagerBase.h:188] File (data/scene_datasets/mp3d/qoiz87JEwZ2/qoiz87JEwZ2.glb) exists but is not a recognized config filename extension, so new default Stage attributes created and registered.
I1008 15:46:03.028373 732747 Simulator.cpp:156] Loading navmesh from data/scene_datasets/mp3d/qoiz87JEwZ2/qoiz87JEwZ2.navmesh
I1008 15:46:03.028517 732747 Simulator.cpp:158] Loaded.
I1008 15:46:03.028522 732747 SceneGraph.h:93] Created DrawableGroup: 
I1008 15:46:03.031744 732747 ResourceManager.cpp:234] ResourceManager::loadStage : Not loading semantic mesh
I1008 15:46:03.031752 732747 ResourceManager.cpp:262] ResourceManager::loadStage : start load render asset data/scene_datasets/mp3d/qoiz87JEwZ2/qoiz87JEwZ2.glb.
I1008 15:46:03.031754 732747 ResourceManager.cpp:569] ResourceManager::loadStageInternal : Attempting to load stage data/scene_datasets/mp3d/qoiz87JEwZ2/qoiz87JEwZ2.glb 
I1008 15:46:03.031773 732747 ResourceManager.cpp:1119] Importing Basis files as BC7 for qoiz87JEwZ2.glb
W1008 15:46:04.682922 732747 Simulator.cpp:248] :
---
 The active scene does not contain semantic annotations. 
---
I1008 15:46:04.739075 732747 simulator.py:213] Loaded navmesh data/scene_datasets/mp3d/qoiz87JEwZ2/qoiz87JEwZ2.navmesh
I1008 15:46:05.200146 732747 PhysicsManager.cpp:33] Deconstructing PhysicsManager
I1008 15:46:05.200182 732747 SemanticScene.h:41] Deconstructing SemanticScene
I1008 15:46:05.205925 732747 SceneManager.h:25] Deconstructing SceneManager
I1008 15:46:05.205953 732747 SceneGraph.h:26] Deconstructing SceneGraph
I1008 15:46:05.206408 732747 Sensor.h:87] Deconstructing Sensor
I1008 15:46:05.207407 732747 Sensor.h:87] Deconstructing Sensor
I1008 15:46:05.208011 732747 Sensor.h:87] Deconstructing Sensor
I1008 15:46:05.208146 732747 Sensor.h:87] Deconstructing Sensor
I1008 15:46:05.208269 732747 Sensor.h:87] Deconstructing Sensor
I1008 15:46:05.208388 732747 Sensor.h:87] Deconstructing Sensor
I1008 15:46:05.208510 732747 Sensor.h:87] Deconstructing Sensor
I1008 15:46:05.208623 732747 Sensor.h:87] Deconstructing Sensor
I1008 15:46:05.208750 732747 Sensor.h:87] Deconstructing Sensor
I1008 15:46:05.208864 732747 Sensor.h:87] Deconstructing Sensor
I1008 15:46:05.208978 732747 Sensor.h:87] Deconstructing Sensor
I1008 15:46:05.209096 732747 Sensor.h:87] Deconstructing Sensor
I1008 15:46:05.209213 732747 Sensor.h:87] Deconstructing Sensor
I1008 15:46:05.209374 732747 Sensor.h:87] Deconstructing Sensor
I1008 15:46:05.209530 732747 Sensor.h:87] Deconstructing Sensor
I1008 15:46:05.209679 732747 Sensor.h:87] Deconstructing Sensor
I1008 15:46:05.209830 732747 Sensor.h:87] Deconstructing Sensor
I1008 15:46:05.209970 732747 Sensor.h:87] Deconstructing Sensor
I1008 15:46:05.210120 732747 Sensor.h:87] Deconstructing Sensor
I1008 15:46:05.210271 732747 Sensor.h:87] Deconstructing Sensor
I1008 15:46:05.210414 732747 Sensor.h:87] Deconstructing Sensor
I1008 15:46:05.210553 732747 Sensor.h:87] Deconstructing Sensor
I1008 15:46:05.210704 732747 Sensor.h:87] Deconstructing Sensor
I1008 15:46:05.210892 732747 Sensor.h:87] Deconstructing Sensor
I1008 15:46:05.215358 732747 Renderer.cpp:34] Deconstructing Renderer
I1008 15:46:05.215385 732747 WindowlessContext.h:17] Deconstructing WindowlessContext
I1008 15:46:05.219156 732747 MetadataMediator.cpp:56] MetadataMediator::setActiveSceneDatasetName : Old active dataset default changed to default successfully.
I1008 15:46:05.220357 732747 AttributesManagerBase.h:283] AttributesManager<T>::createFromJsonOrDefaultInternal  (Physics Manager) : Proposing JSON name : ./data/default.physics_config.json from original name : ./data/default.physics_config.json | This file  does not exist.
I1008 15:46:05.220402 732747 PhysicsAttributesManager.cpp:27] File (./data/default.physics_config.json) not found, so new default physics manager attributes created and registered.
I1008 15:46:05.220408 732747 AbstractObjectAttributesManagerBase.h:175] AbstractObjectAttributesManager<T>::createObject  (Stage) : Making attributes with handle : data/scene_datasets/mp3d/ur6pFq6Qu1A/ur6pFq6Qu1A.glb
I1008 15:46:05.220412 732747 ManagedContainerBase.cpp:19] ManagedContainerBase::convertFilenameToJSON : Filename : data/scene_datasets/mp3d/ur6pFq6Qu1A/ur6pFq6Qu1A.glb changed to proposed JSON configuration filename : data/scene_datasets/mp3d/ur6pFq6Qu1A/ur6pFq6Qu1A.stage_config.json
I1008 15:46:05.220429 732747 AttributesManagerBase.h:283] AttributesManager<T>::createFromJsonOrDefaultInternal  (Stage) : Proposing JSON name : data/scene_datasets/mp3d/ur6pFq6Qu1A/ur6pFq6Qu1A.stage_config.json from original name : data/scene_datasets/mp3d/ur6pFq6Qu1A/ur6pFq6Qu1A.glb | This file  does not exist.
I1008 15:46:05.220480 732747 AbstractObjectAttributesManagerBase.h:181] AbstractObjectAttributesManager<T>::createObject  (Stage) : Done making attributes with handle : data/scene_datasets/mp3d/ur6pFq6Qu1A/ur6pFq6Qu1A.glb
I1008 15:46:05.220482 732747 AbstractObjectAttributesManagerBase.h:188] File (data/scene_datasets/mp3d/ur6pFq6Qu1A/ur6pFq6Qu1A.glb) exists but is not a recognized config filename extension, so new default Stage attributes created and registered.
I1008 15:46:05.220486 732747 Simulator.cpp:156] Loading navmesh from data/scene_datasets/mp3d/ur6pFq6Qu1A/ur6pFq6Qu1A.navmesh
I1008 15:46:05.220780 732747 Simulator.cpp:158] Loaded.
I1008 15:46:05.220790 732747 SceneGraph.h:93] Created DrawableGroup: 
I1008 15:46:05.224516 732747 ResourceManager.cpp:234] ResourceManager::loadStage : Not loading semantic mesh
I1008 15:46:05.224530 732747 ResourceManager.cpp:262] ResourceManager::loadStage : start load render asset data/scene_datasets/mp3d/ur6pFq6Qu1A/ur6pFq6Qu1A.glb.
I1008 15:46:05.224531 732747 ResourceManager.cpp:569] ResourceManager::loadStageInternal : Attempting to load stage data/scene_datasets/mp3d/ur6pFq6Qu1A/ur6pFq6Qu1A.glb 
I1008 15:46:05.224556 732747 ResourceManager.cpp:1119] Importing Basis files as BC7 for ur6pFq6Qu1A.glb
W1008 15:46:07.442368 732747 Simulator.cpp:248] :
---
 The active scene does not contain semantic annotations. 
---
I1008 15:46:07.498094 732747 simulator.py:213] Loaded navmesh data/scene_datasets/mp3d/ur6pFq6Qu1A/ur6pFq6Qu1A.navmesh
I1008 15:46:07.953392 732747 PhysicsManager.cpp:33] Deconstructing PhysicsManager
I1008 15:46:07.953414 732747 SemanticScene.h:41] Deconstructing SemanticScene
I1008 15:46:07.956784 732747 SceneManager.h:25] Deconstructing SceneManager
I1008 15:46:07.956789 732747 SceneGraph.h:26] Deconstructing SceneGraph
I1008 15:46:07.957171 732747 Sensor.h:87] Deconstructing Sensor
I1008 15:46:07.957711 732747 Sensor.h:87] Deconstructing Sensor
I1008 15:46:07.957814 732747 Sensor.h:87] Deconstructing Sensor
I1008 15:46:07.957923 732747 Sensor.h:87] Deconstructing Sensor
I1008 15:46:07.958021 732747 Sensor.h:87] Deconstructing Sensor
I1008 15:46:07.958117 732747 Sensor.h:87] Deconstructing Sensor
I1008 15:46:07.958218 732747 Sensor.h:87] Deconstructing Sensor
I1008 15:46:07.958312 732747 Sensor.h:87] Deconstructing Sensor
I1008 15:46:07.958411 732747 Sensor.h:87] Deconstructing Sensor
I1008 15:46:07.958505 732747 Sensor.h:87] Deconstructing Sensor
I1008 15:46:07.958600 732747 Sensor.h:87] Deconstructing Sensor
I1008 15:46:07.958702 732747 Sensor.h:87] Deconstructing Sensor
I1008 15:46:07.958799 732747 Sensor.h:87] Deconstructing Sensor
I1008 15:46:07.958921 732747 Sensor.h:87] Deconstructing Sensor
I1008 15:46:07.959046 732747 Sensor.h:87] Deconstructing Sensor
I1008 15:46:07.959162 732747 Sensor.h:87] Deconstructing Sensor
I1008 15:46:07.959283 732747 Sensor.h:87] Deconstructing Sensor
I1008 15:46:07.959398 732747 Sensor.h:87] Deconstructing Sensor
I1008 15:46:07.959517 732747 Sensor.h:87] Deconstructing Sensor
I1008 15:46:07.959640 732747 Sensor.h:87] Deconstructing Sensor
I1008 15:46:07.959758 732747 Sensor.h:87] Deconstructing Sensor
I1008 15:46:07.959874 732747 Sensor.h:87] Deconstructing Sensor
I1008 15:46:07.959997 732747 Sensor.h:87] Deconstructing Sensor
I1008 15:46:07.960068 732747 Sensor.h:87] Deconstructing Sensor
I1008 15:46:07.964681 732747 Renderer.cpp:34] Deconstructing Renderer
I1008 15:46:07.964689 732747 WindowlessContext.h:17] Deconstructing WindowlessContext
I1008 15:46:07.969630 732747 MetadataMediator.cpp:56] MetadataMediator::setActiveSceneDatasetName : Old active dataset default changed to default successfully.
I1008 15:46:07.970264 732747 AttributesManagerBase.h:283] AttributesManager<T>::createFromJsonOrDefaultInternal  (Physics Manager) : Proposing JSON name : ./data/default.physics_config.json from original name : ./data/default.physics_config.json | This file  does not exist.
I1008 15:46:07.970287 732747 PhysicsAttributesManager.cpp:27] File (./data/default.physics_config.json) not found, so new default physics manager attributes created and registered.
I1008 15:46:07.970292 732747 AbstractObjectAttributesManagerBase.h:175] AbstractObjectAttributesManager<T>::createObject  (Stage) : Making attributes with handle : data/scene_datasets/mp3d/D7N2EKCX4Sj/D7N2EKCX4Sj.glb
I1008 15:46:07.970295 732747 ManagedContainerBase.cpp:19] ManagedContainerBase::convertFilenameToJSON : Filename : data/scene_datasets/mp3d/D7N2EKCX4Sj/D7N2EKCX4Sj.glb changed to proposed JSON configuration filename : data/scene_datasets/mp3d/D7N2EKCX4Sj/D7N2EKCX4Sj.stage_config.json
I1008 15:46:07.970310 732747 AttributesManagerBase.h:283] AttributesManager<T>::createFromJsonOrDefaultInternal  (Stage) : Proposing JSON name : data/scene_datasets/mp3d/D7N2EKCX4Sj/D7N2EKCX4Sj.stage_config.json from original name : data/scene_datasets/mp3d/D7N2EKCX4Sj/D7N2EKCX4Sj.glb | This file  does not exist.
I1008 15:46:07.970351 732747 AbstractObjectAttributesManagerBase.h:181] AbstractObjectAttributesManager<T>::createObject  (Stage) : Done making attributes with handle : data/scene_datasets/mp3d/D7N2EKCX4Sj/D7N2EKCX4Sj.glb
I1008 15:46:07.970352 732747 AbstractObjectAttributesManagerBase.h:188] File (data/scene_datasets/mp3d/D7N2EKCX4Sj/D7N2EKCX4Sj.glb) exists but is not a recognized config filename extension, so new default Stage attributes created and registered.
I1008 15:46:07.970355 732747 Simulator.cpp:156] Loading navmesh from data/scene_datasets/mp3d/D7N2EKCX4Sj/D7N2EKCX4Sj.navmesh
I1008 15:46:07.970636 732747 Simulator.cpp:158] Loaded.
I1008 15:46:07.970641 732747 SceneGraph.h:93] Created DrawableGroup: 
I1008 15:46:07.973928 732747 ResourceManager.cpp:234] ResourceManager::loadStage : Not loading semantic mesh
I1008 15:46:07.973940 732747 ResourceManager.cpp:262] ResourceManager::loadStage : start load render asset data/scene_datasets/mp3d/D7N2EKCX4Sj/D7N2EKCX4Sj.glb.
I1008 15:46:07.973941 732747 ResourceManager.cpp:569] ResourceManager::loadStageInternal : Attempting to load stage data/scene_datasets/mp3d/D7N2EKCX4Sj/D7N2EKCX4Sj.glb 
I1008 15:46:07.973961 732747 ResourceManager.cpp:1119] Importing Basis files as BC7 for D7N2EKCX4Sj.glb
W1008 15:46:11.737396 732747 Simulator.cpp:248] :
---
 The active scene does not contain semantic annotations. 
---
I1008 15:46:11.846749 732747 simulator.py:213] Loaded navmesh data/scene_datasets/mp3d/D7N2EKCX4Sj/D7N2EKCX4Sj.navmesh
I1008 15:46:13.117425 732747 PhysicsManager.cpp:33] Deconstructing PhysicsManager
I1008 15:46:13.117455 732747 SemanticScene.h:41] Deconstructing SemanticScene
I1008 15:46:13.123611 732747 SceneManager.h:25] Deconstructing SceneManager
I1008 15:46:13.123625 732747 SceneGraph.h:26] Deconstructing SceneGraph
I1008 15:46:13.124101 732747 Sensor.h:87] Deconstructing Sensor
I1008 15:46:13.124610 732747 Sensor.h:87] Deconstructing Sensor
I1008 15:46:13.124720 732747 Sensor.h:87] Deconstructing Sensor
I1008 15:46:13.124830 732747 Sensor.h:87] Deconstructing Sensor
I1008 15:46:13.124935 732747 Sensor.h:87] Deconstructing Sensor
I1008 15:46:13.125047 732747 Sensor.h:87] Deconstructing Sensor
I1008 15:46:13.125151 732747 Sensor.h:87] Deconstructing Sensor
I1008 15:46:13.125248 732747 Sensor.h:87] Deconstructing Sensor
I1008 15:46:13.125351 732747 Sensor.h:87] Deconstructing Sensor
I1008 15:46:13.125449 732747 Sensor.h:87] Deconstructing Sensor
I1008 15:46:13.125545 732747 Sensor.h:87] Deconstructing Sensor
I1008 15:46:13.125645 732747 Sensor.h:87] Deconstructing Sensor
I1008 15:46:13.125746 732747 Sensor.h:87] Deconstructing Sensor
I1008 15:46:13.125870 732747 Sensor.h:87] Deconstructing Sensor
I1008 15:46:13.126009 732747 Sensor.h:87] Deconstructing Sensor
I1008 15:46:13.126130 732747 Sensor.h:87] Deconstructing Sensor
I1008 15:46:13.126255 732747 Sensor.h:87] Deconstructing Sensor
I1008 15:46:13.126372 732747 Sensor.h:87] Deconstructing Sensor
I1008 15:46:13.126508 732747 Sensor.h:87] Deconstructing Sensor
I1008 15:46:13.126629 732747 Sensor.h:87] Deconstructing Sensor
I1008 15:46:13.126753 732747 Sensor.h:87] Deconstructing Sensor
I1008 15:46:13.126876 732747 Sensor.h:87] Deconstructing Sensor
I1008 15:46:13.127002 732747 Sensor.h:87] Deconstructing Sensor
I1008 15:46:13.127095 732747 Sensor.h:87] Deconstructing Sensor
I1008 15:46:13.135347 732747 Renderer.cpp:34] Deconstructing Renderer
I1008 15:46:13.135378 732747 WindowlessContext.h:17] Deconstructing WindowlessContext
I1008 15:46:13.142838 732747 MetadataMediator.cpp:56] MetadataMediator::setActiveSceneDatasetName : Old active dataset default changed to default successfully.
I1008 15:46:13.144655 732747 AttributesManagerBase.h:283] AttributesManager<T>::createFromJsonOrDefaultInternal  (Physics Manager) : Proposing JSON name : ./data/default.physics_config.json from original name : ./data/default.physics_config.json | This file  does not exist.
I1008 15:46:13.144690 732747 PhysicsAttributesManager.cpp:27] File (./data/default.physics_config.json) not found, so new default physics manager attributes created and registered.
I1008 15:46:13.144695 732747 AbstractObjectAttributesManagerBase.h:175] AbstractObjectAttributesManager<T>::createObject  (Stage) : Making attributes with handle : data/scene_datasets/mp3d/PX4nDJXEHrG/PX4nDJXEHrG.glb
I1008 15:46:13.144698 732747 ManagedContainerBase.cpp:19] ManagedContainerBase::convertFilenameToJSON : Filename : data/scene_datasets/mp3d/PX4nDJXEHrG/PX4nDJXEHrG.glb changed to proposed JSON configuration filename : data/scene_datasets/mp3d/PX4nDJXEHrG/PX4nDJXEHrG.stage_config.json
I1008 15:46:13.144716 732747 AttributesManagerBase.h:283] AttributesManager<T>::createFromJsonOrDefaultInternal  (Stage) : Proposing JSON name : data/scene_datasets/mp3d/PX4nDJXEHrG/PX4nDJXEHrG.stage_config.json from original name : data/scene_datasets/mp3d/PX4nDJXEHrG/PX4nDJXEHrG.glb | This file  does not exist.
I1008 15:46:13.144761 732747 AbstractObjectAttributesManagerBase.h:181] AbstractObjectAttributesManager<T>::createObject  (Stage) : Done making attributes with handle : data/scene_datasets/mp3d/PX4nDJXEHrG/PX4nDJXEHrG.glb
I1008 15:46:13.144762 732747 AbstractObjectAttributesManagerBase.h:188] File (data/scene_datasets/mp3d/PX4nDJXEHrG/PX4nDJXEHrG.glb) exists but is not a recognized config filename extension, so new default Stage attributes created and registered.
I1008 15:46:13.144766 732747 Simulator.cpp:156] Loading navmesh from data/scene_datasets/mp3d/PX4nDJXEHrG/PX4nDJXEHrG.navmesh
I1008 15:46:13.145092 732747 Simulator.cpp:158] Loaded.
I1008 15:46:13.145097 732747 SceneGraph.h:93] Created DrawableGroup: 
I1008 15:46:13.148478 732747 ResourceManager.cpp:234] ResourceManager::loadStage : Not loading semantic mesh
I1008 15:46:13.148485 732747 ResourceManager.cpp:262] ResourceManager::loadStage : start load render asset data/scene_datasets/mp3d/PX4nDJXEHrG/PX4nDJXEHrG.glb.
I1008 15:46:13.148486 732747 ResourceManager.cpp:569] ResourceManager::loadStageInternal : Attempting to load stage data/scene_datasets/mp3d/PX4nDJXEHrG/PX4nDJXEHrG.glb 
I1008 15:46:13.148504 732747 ResourceManager.cpp:1119] Importing Basis files as BC7 for PX4nDJXEHrG.glb
W1008 15:46:15.726063 732747 Simulator.cpp:248] :
---
 The active scene does not contain semantic annotations. 
---
I1008 15:46:15.821566 732747 simulator.py:213] Loaded navmesh data/scene_datasets/mp3d/PX4nDJXEHrG/PX4nDJXEHrG.navmesh
I1008 15:46:16.262962 732747 PhysicsManager.cpp:33] Deconstructing PhysicsManager
I1008 15:46:16.262984 732747 SemanticScene.h:41] Deconstructing SemanticScene
I1008 15:46:16.270915 732747 SceneManager.h:25] Deconstructing SceneManager
I1008 15:46:16.270936 732747 SceneGraph.h:26] Deconstructing SceneGraph
I1008 15:46:16.271516 732747 Sensor.h:87] Deconstructing Sensor
I1008 15:46:16.272179 732747 Sensor.h:87] Deconstructing Sensor
I1008 15:46:16.272285 732747 Sensor.h:87] Deconstructing Sensor
I1008 15:46:16.272392 732747 Sensor.h:87] Deconstructing Sensor
I1008 15:46:16.272495 732747 Sensor.h:87] Deconstructing Sensor
I1008 15:46:16.272593 732747 Sensor.h:87] Deconstructing Sensor
I1008 15:46:16.272697 732747 Sensor.h:87] Deconstructing Sensor
I1008 15:46:16.272797 732747 Sensor.h:87] Deconstructing Sensor
I1008 15:46:16.272900 732747 Sensor.h:87] Deconstructing Sensor
I1008 15:46:16.272998 732747 Sensor.h:87] Deconstructing Sensor
I1008 15:46:16.273096 732747 Sensor.h:87] Deconstructing Sensor
I1008 15:46:16.273197 732747 Sensor.h:87] Deconstructing Sensor
I1008 15:46:16.273293 732747 Sensor.h:87] Deconstructing Sensor
I1008 15:46:16.273422 732747 Sensor.h:87] Deconstructing Sensor
I1008 15:46:16.273550 732747 Sensor.h:87] Deconstructing Sensor
I1008 15:46:16.273674 732747 Sensor.h:87] Deconstructing Sensor
I1008 15:46:16.273798 732747 Sensor.h:87] Deconstructing Sensor
I1008 15:46:16.273918 732747 Sensor.h:87] Deconstructing Sensor
I1008 15:46:16.274040 732747 Sensor.h:87] Deconstructing Sensor
I1008 15:46:16.274163 732747 Sensor.h:87] Deconstructing Sensor
I1008 15:46:16.274283 732747 Sensor.h:87] Deconstructing Sensor
I1008 15:46:16.274400 732747 Sensor.h:87] Deconstructing Sensor
I1008 15:46:16.274530 732747 Sensor.h:87] Deconstructing Sensor
I1008 15:46:16.274621 732747 Sensor.h:87] Deconstructing Sensor
I1008 15:46:16.280555 732747 Renderer.cpp:34] Deconstructing Renderer
I1008 15:46:16.280570 732747 WindowlessContext.h:17] Deconstructing WindowlessContext
I1008 15:46:16.286296 732747 MetadataMediator.cpp:56] MetadataMediator::setActiveSceneDatasetName : Old active dataset default changed to default successfully.
I1008 15:46:16.287708 732747 AttributesManagerBase.h:283] AttributesManager<T>::createFromJsonOrDefaultInternal  (Physics Manager) : Proposing JSON name : ./data/default.physics_config.json from original name : ./data/default.physics_config.json | This file  does not exist.
I1008 15:46:16.287735 732747 PhysicsAttributesManager.cpp:27] File (./data/default.physics_config.json) not found, so new default physics manager attributes created and registered.
I1008 15:46:16.287740 732747 AbstractObjectAttributesManagerBase.h:175] AbstractObjectAttributesManager<T>::createObject  (Stage) : Making attributes with handle : data/scene_datasets/mp3d/qoiz87JEwZ2/qoiz87JEwZ2.glb
I1008 15:46:16.287743 732747 ManagedContainerBase.cpp:19] ManagedContainerBase::convertFilenameToJSON : Filename : data/scene_datasets/mp3d/qoiz87JEwZ2/qoiz87JEwZ2.glb changed to proposed JSON configuration filename : data/scene_datasets/mp3d/qoiz87JEwZ2/qoiz87JEwZ2.stage_config.json
I1008 15:46:16.287755 732747 AttributesManagerBase.h:283] AttributesManager<T>::createFromJsonOrDefaultInternal  (Stage) : Proposing JSON name : data/scene_datasets/mp3d/qoiz87JEwZ2/qoiz87JEwZ2.stage_config.json from original name : data/scene_datasets/mp3d/qoiz87JEwZ2/qoiz87JEwZ2.glb | This file  does not exist.
I1008 15:46:16.287801 732747 AbstractObjectAttributesManagerBase.h:181] AbstractObjectAttributesManager<T>::createObject  (Stage) : Done making attributes with handle : data/scene_datasets/mp3d/qoiz87JEwZ2/qoiz87JEwZ2.glb
I1008 15:46:16.287801 732747 AbstractObjectAttributesManagerBase.h:188] File (data/scene_datasets/mp3d/qoiz87JEwZ2/qoiz87JEwZ2.glb) exists but is not a recognized config filename extension, so new default Stage attributes created and registered.
I1008 15:46:16.287812 732747 Simulator.cpp:156] Loading navmesh from data/scene_datasets/mp3d/qoiz87JEwZ2/qoiz87JEwZ2.navmesh
I1008 15:46:16.287954 732747 Simulator.cpp:158] Loaded.
I1008 15:46:16.287959 732747 SceneGraph.h:93] Created DrawableGroup: 
I1008 15:46:16.291132 732747 ResourceManager.cpp:234] ResourceManager::loadStage : Not loading semantic mesh
I1008 15:46:16.291138 732747 ResourceManager.cpp:262] ResourceManager::loadStage : start load render asset data/scene_datasets/mp3d/qoiz87JEwZ2/qoiz87JEwZ2.glb.
I1008 15:46:16.291139 732747 ResourceManager.cpp:569] ResourceManager::loadStageInternal : Attempting to load stage data/scene_datasets/mp3d/qoiz87JEwZ2/qoiz87JEwZ2.glb 
I1008 15:46:16.291150 732747 ResourceManager.cpp:1119] Importing Basis files as BC7 for qoiz87JEwZ2.glb
W1008 15:46:17.951354 732747 Simulator.cpp:248] :
---
 The active scene does not contain semantic annotations. 
---
I1008 15:46:18.013476 732747 simulator.py:213] Loaded navmesh data/scene_datasets/mp3d/qoiz87JEwZ2/qoiz87JEwZ2.navmesh
I1008 15:46:18.259016 732747 PhysicsManager.cpp:33] Deconstructing PhysicsManager
I1008 15:46:18.259042 732747 SemanticScene.h:41] Deconstructing SemanticScene
I1008 15:46:18.263517 732747 SceneManager.h:25] Deconstructing SceneManager
I1008 15:46:18.263528 732747 SceneGraph.h:26] Deconstructing SceneGraph
I1008 15:46:18.263890 732747 Sensor.h:87] Deconstructing Sensor
I1008 15:46:18.264425 732747 Sensor.h:87] Deconstructing Sensor
I1008 15:46:18.264539 732747 Sensor.h:87] Deconstructing Sensor
I1008 15:46:18.264645 732747 Sensor.h:87] Deconstructing Sensor
I1008 15:46:18.264750 732747 Sensor.h:87] Deconstructing Sensor
I1008 15:46:18.264848 732747 Sensor.h:87] Deconstructing Sensor
I1008 15:46:18.264952 732747 Sensor.h:87] Deconstructing Sensor
I1008 15:46:18.265050 732747 Sensor.h:87] Deconstructing Sensor
I1008 15:46:18.265153 732747 Sensor.h:87] Deconstructing Sensor
I1008 15:46:18.265251 732747 Sensor.h:87] Deconstructing Sensor
I1008 15:46:18.265352 732747 Sensor.h:87] Deconstructing Sensor
I1008 15:46:18.265453 732747 Sensor.h:87] Deconstructing Sensor
I1008 15:46:18.265551 732747 Sensor.h:87] Deconstructing Sensor
I1008 15:46:18.265687 732747 Sensor.h:87] Deconstructing Sensor
I1008 15:46:18.265822 732747 Sensor.h:87] Deconstructing Sensor
I1008 15:46:18.265944 732747 Sensor.h:87] Deconstructing Sensor
I1008 15:46:18.266072 732747 Sensor.h:87] Deconstructing Sensor
I1008 15:46:18.266192 732747 Sensor.h:87] Deconstructing Sensor
I1008 15:46:18.266314 732747 Sensor.h:87] Deconstructing Sensor
I1008 15:46:18.266438 732747 Sensor.h:87] Deconstructing Sensor
I1008 15:46:18.266559 732747 Sensor.h:87] Deconstructing Sensor
I1008 15:46:18.266682 732747 Sensor.h:87] Deconstructing Sensor
I1008 15:46:18.266809 732747 Sensor.h:87] Deconstructing Sensor
I1008 15:46:18.266968 732747 Sensor.h:87] Deconstructing Sensor
I1008 15:46:18.271152 732747 Renderer.cpp:34] Deconstructing Renderer
I1008 15:46:18.271173 732747 WindowlessContext.h:17] Deconstructing WindowlessContext
I1008 15:46:18.276415 732747 MetadataMediator.cpp:56] MetadataMediator::setActiveSceneDatasetName : Old active dataset default changed to default successfully.
I1008 15:46:18.277936 732747 AttributesManagerBase.h:283] AttributesManager<T>::createFromJsonOrDefaultInternal  (Physics Manager) : Proposing JSON name : ./data/default.physics_config.json from original name : ./data/default.physics_config.json | This file  does not exist.
I1008 15:46:18.277966 732747 PhysicsAttributesManager.cpp:27] File (./data/default.physics_config.json) not found, so new default physics manager attributes created and registered.
I1008 15:46:18.277972 732747 AbstractObjectAttributesManagerBase.h:175] AbstractObjectAttributesManager<T>::createObject  (Stage) : Making attributes with handle : data/scene_datasets/mp3d/PX4nDJXEHrG/PX4nDJXEHrG.glb
I1008 15:46:18.277976 732747 ManagedContainerBase.cpp:19] ManagedContainerBase::convertFilenameToJSON : Filename : data/scene_datasets/mp3d/PX4nDJXEHrG/PX4nDJXEHrG.glb changed to proposed JSON configuration filename : data/scene_datasets/mp3d/PX4nDJXEHrG/PX4nDJXEHrG.stage_config.json
I1008 15:46:18.277997 732747 AttributesManagerBase.h:283] AttributesManager<T>::createFromJsonOrDefaultInternal  (Stage) : Proposing JSON name : data/scene_datasets/mp3d/PX4nDJXEHrG/PX4nDJXEHrG.stage_config.json from original name : data/scene_datasets/mp3d/PX4nDJXEHrG/PX4nDJXEHrG.glb | This file  does not exist.
I1008 15:46:18.278045 732747 AbstractObjectAttributesManagerBase.h:181] AbstractObjectAttributesManager<T>::createObject  (Stage) : Done making attributes with handle : data/scene_datasets/mp3d/PX4nDJXEHrG/PX4nDJXEHrG.glb
I1008 15:46:18.278046 732747 AbstractObjectAttributesManagerBase.h:188] File (data/scene_datasets/mp3d/PX4nDJXEHrG/PX4nDJXEHrG.glb) exists but is not a recognized config filename extension, so new default Stage attributes created and registered.
I1008 15:46:18.278049 732747 Simulator.cpp:156] Loading navmesh from data/scene_datasets/mp3d/PX4nDJXEHrG/PX4nDJXEHrG.navmesh
I1008 15:46:18.278416 732747 Simulator.cpp:158] Loaded.
I1008 15:46:18.278422 732747 SceneGraph.h:93] Created DrawableGroup: 
I1008 15:46:18.281919 732747 ResourceManager.cpp:234] ResourceManager::loadStage : Not loading semantic mesh
I1008 15:46:18.281926 732747 ResourceManager.cpp:262] ResourceManager::loadStage : start load render asset data/scene_datasets/mp3d/PX4nDJXEHrG/PX4nDJXEHrG.glb.
I1008 15:46:18.281929 732747 ResourceManager.cpp:569] ResourceManager::loadStageInternal : Attempting to load stage data/scene_datasets/mp3d/PX4nDJXEHrG/PX4nDJXEHrG.glb 
I1008 15:46:18.281945 732747 ResourceManager.cpp:1119] Importing Basis files as BC7 for PX4nDJXEHrG.glb
W1008 15:46:20.867033 732747 Simulator.cpp:248] :
---
 The active scene does not contain semantic annotations. 
---
I1008 15:46:20.958224 732747 simulator.py:213] Loaded navmesh data/scene_datasets/mp3d/PX4nDJXEHrG/PX4nDJXEHrG.navmesh
I1008 15:46:21.307070 732747 PhysicsManager.cpp:33] Deconstructing PhysicsManager
I1008 15:46:21.307088 732747 SemanticScene.h:41] Deconstructing SemanticScene
I1008 15:46:21.312233 732747 SceneManager.h:25] Deconstructing SceneManager
I1008 15:46:21.312238 732747 SceneGraph.h:26] Deconstructing SceneGraph
I1008 15:46:21.312798 732747 Sensor.h:87] Deconstructing Sensor
I1008 15:46:21.313237 732747 Sensor.h:87] Deconstructing Sensor
I1008 15:46:21.313346 732747 Sensor.h:87] Deconstructing Sensor
I1008 15:46:21.313457 732747 Sensor.h:87] Deconstructing Sensor
I1008 15:46:21.313558 732747 Sensor.h:87] Deconstructing Sensor
I1008 15:46:21.313657 732747 Sensor.h:87] Deconstructing Sensor
I1008 15:46:21.313764 732747 Sensor.h:87] Deconstructing Sensor
I1008 15:46:21.313862 732747 Sensor.h:87] Deconstructing Sensor
I1008 15:46:21.313970 732747 Sensor.h:87] Deconstructing Sensor
I1008 15:46:21.314067 732747 Sensor.h:87] Deconstructing Sensor
I1008 15:46:21.314165 732747 Sensor.h:87] Deconstructing Sensor
I1008 15:46:21.314265 732747 Sensor.h:87] Deconstructing Sensor
I1008 15:46:21.314358 732747 Sensor.h:87] Deconstructing Sensor
I1008 15:46:21.314483 732747 Sensor.h:87] Deconstructing Sensor
I1008 15:46:21.314608 732747 Sensor.h:87] Deconstructing Sensor
I1008 15:46:21.314729 732747 Sensor.h:87] Deconstructing Sensor
I1008 15:46:21.314854 732747 Sensor.h:87] Deconstructing Sensor
I1008 15:46:21.314975 732747 Sensor.h:87] Deconstructing Sensor
I1008 15:46:21.315094 732747 Sensor.h:87] Deconstructing Sensor
I1008 15:46:21.315217 732747 Sensor.h:87] Deconstructing Sensor
I1008 15:46:21.315333 732747 Sensor.h:87] Deconstructing Sensor
I1008 15:46:21.315454 732747 Sensor.h:87] Deconstructing Sensor
I1008 15:46:21.315579 732747 Sensor.h:87] Deconstructing Sensor
I1008 15:46:21.315652 732747 Sensor.h:87] Deconstructing Sensor
I1008 15:46:21.321957 732747 Renderer.cpp:34] Deconstructing Renderer
I1008 15:46:21.321967 732747 WindowlessContext.h:17] Deconstructing WindowlessContext
I1008 15:46:21.327605 732747 MetadataMediator.cpp:56] MetadataMediator::setActiveSceneDatasetName : Old active dataset default changed to default successfully.
I1008 15:46:21.328238 732747 AttributesManagerBase.h:283] AttributesManager<T>::createFromJsonOrDefaultInternal  (Physics Manager) : Proposing JSON name : ./data/default.physics_config.json from original name : ./data/default.physics_config.json | This file  does not exist.
I1008 15:46:21.328265 732747 PhysicsAttributesManager.cpp:27] File (./data/default.physics_config.json) not found, so new default physics manager attributes created and registered.
I1008 15:46:21.328269 732747 AbstractObjectAttributesManagerBase.h:175] AbstractObjectAttributesManager<T>::createObject  (Stage) : Making attributes with handle : data/scene_datasets/mp3d/2n8kARJN3HM/2n8kARJN3HM.glb
I1008 15:46:21.328272 732747 ManagedContainerBase.cpp:19] ManagedContainerBase::convertFilenameToJSON : Filename : data/scene_datasets/mp3d/2n8kARJN3HM/2n8kARJN3HM.glb changed to proposed JSON configuration filename : data/scene_datasets/mp3d/2n8kARJN3HM/2n8kARJN3HM.stage_config.json
I1008 15:46:21.328286 732747 AttributesManagerBase.h:283] AttributesManager<T>::createFromJsonOrDefaultInternal  (Stage) : Proposing JSON name : data/scene_datasets/mp3d/2n8kARJN3HM/2n8kARJN3HM.stage_config.json from original name : data/scene_datasets/mp3d/2n8kARJN3HM/2n8kARJN3HM.glb | This file  does not exist.
I1008 15:46:21.328323 732747 AbstractObjectAttributesManagerBase.h:181] AbstractObjectAttributesManager<T>::createObject  (Stage) : Done making attributes with handle : data/scene_datasets/mp3d/2n8kARJN3HM/2n8kARJN3HM.glb
I1008 15:46:21.328325 732747 AbstractObjectAttributesManagerBase.h:188] File (data/scene_datasets/mp3d/2n8kARJN3HM/2n8kARJN3HM.glb) exists but is not a recognized config filename extension, so new default Stage attributes created and registered.
I1008 15:46:21.328327 732747 Simulator.cpp:156] Loading navmesh from data/scene_datasets/mp3d/2n8kARJN3HM/2n8kARJN3HM.navmesh
I1008 15:46:21.328502 732747 Simulator.cpp:158] Loaded.
I1008 15:46:21.328506 732747 SceneGraph.h:93] Created DrawableGroup: 
I1008 15:46:21.331591 732747 ResourceManager.cpp:234] ResourceManager::loadStage : Not loading semantic mesh
I1008 15:46:21.331597 732747 ResourceManager.cpp:262] ResourceManager::loadStage : start load render asset data/scene_datasets/mp3d/2n8kARJN3HM/2n8kARJN3HM.glb.
I1008 15:46:21.331598 732747 ResourceManager.cpp:569] ResourceManager::loadStageInternal : Attempting to load stage data/scene_datasets/mp3d/2n8kARJN3HM/2n8kARJN3HM.glb 
I1008 15:46:21.331609 732747 ResourceManager.cpp:1119] Importing Basis files as BC7 for 2n8kARJN3HM.glb
W1008 15:46:23.997347 732747 Simulator.cpp:248] :
---
 The active scene does not contain semantic annotations. 
---
I1008 15:46:24.068341 732747 simulator.py:213] Loaded navmesh data/scene_datasets/mp3d/2n8kARJN3HM/2n8kARJN3HM.navmesh
I1008 15:46:24.494028 732747 PhysicsManager.cpp:33] Deconstructing PhysicsManager
I1008 15:46:24.494050 732747 SemanticScene.h:41] Deconstructing SemanticScene
I1008 15:46:24.498121 732747 SceneManager.h:25] Deconstructing SceneManager
I1008 15:46:24.498126 732747 SceneGraph.h:26] Deconstructing SceneGraph
I1008 15:46:24.498795 732747 Sensor.h:87] Deconstructing Sensor
I1008 15:46:24.499250 732747 Sensor.h:87] Deconstructing Sensor
I1008 15:46:24.499361 732747 Sensor.h:87] Deconstructing Sensor
I1008 15:46:24.499475 732747 Sensor.h:87] Deconstructing Sensor
I1008 15:46:24.499583 732747 Sensor.h:87] Deconstructing Sensor
I1008 15:46:24.499687 732747 Sensor.h:87] Deconstructing Sensor
I1008 15:46:24.499794 732747 Sensor.h:87] Deconstructing Sensor
I1008 15:46:24.499991 732747 Sensor.h:87] Deconstructing Sensor
I1008 15:46:24.500106 732747 Sensor.h:87] Deconstructing Sensor
I1008 15:46:24.500221 732747 Sensor.h:87] Deconstructing Sensor
I1008 15:46:24.500319 732747 Sensor.h:87] Deconstructing Sensor
I1008 15:46:24.500420 732747 Sensor.h:87] Deconstructing Sensor
I1008 15:46:24.500520 732747 Sensor.h:87] Deconstructing Sensor
I1008 15:46:24.500651 732747 Sensor.h:87] Deconstructing Sensor
I1008 15:46:24.500782 732747 Sensor.h:87] Deconstructing Sensor
I1008 15:46:24.500905 732747 Sensor.h:87] Deconstructing Sensor
I1008 15:46:24.501035 732747 Sensor.h:87] Deconstructing Sensor
I1008 15:46:24.501168 732747 Sensor.h:87] Deconstructing Sensor
I1008 15:46:24.501294 732747 Sensor.h:87] Deconstructing Sensor
I1008 15:46:24.501422 732747 Sensor.h:87] Deconstructing Sensor
I1008 15:46:24.501551 732747 Sensor.h:87] Deconstructing Sensor
I1008 15:46:24.501678 732747 Sensor.h:87] Deconstructing Sensor
I1008 15:46:24.501811 732747 Sensor.h:87] Deconstructing Sensor
I1008 15:46:24.501890 732747 Sensor.h:87] Deconstructing Sensor
I1008 15:46:24.509370 732747 Renderer.cpp:34] Deconstructing Renderer
I1008 15:46:24.509390 732747 WindowlessContext.h:17] Deconstructing WindowlessContext
I1008 15:46:24.514739 732747 MetadataMediator.cpp:56] MetadataMediator::setActiveSceneDatasetName : Old active dataset default changed to default successfully.
I1008 15:46:24.515441 732747 AttributesManagerBase.h:283] AttributesManager<T>::createFromJsonOrDefaultInternal  (Physics Manager) : Proposing JSON name : ./data/default.physics_config.json from original name : ./data/default.physics_config.json | This file  does not exist.
I1008 15:46:24.515462 732747 PhysicsAttributesManager.cpp:27] File (./data/default.physics_config.json) not found, so new default physics manager attributes created and registered.
I1008 15:46:24.515466 732747 AbstractObjectAttributesManagerBase.h:175] AbstractObjectAttributesManager<T>::createObject  (Stage) : Making attributes with handle : data/scene_datasets/mp3d/ur6pFq6Qu1A/ur6pFq6Qu1A.glb
I1008 15:46:24.515470 732747 ManagedContainerBase.cpp:19] ManagedContainerBase::convertFilenameToJSON : Filename : data/scene_datasets/mp3d/ur6pFq6Qu1A/ur6pFq6Qu1A.glb changed to proposed JSON configuration filename : data/scene_datasets/mp3d/ur6pFq6Qu1A/ur6pFq6Qu1A.stage_config.json
I1008 15:46:24.515484 732747 AttributesManagerBase.h:283] AttributesManager<T>::createFromJsonOrDefaultInternal  (Stage) : Proposing JSON name : data/scene_datasets/mp3d/ur6pFq6Qu1A/ur6pFq6Qu1A.stage_config.json from original name : data/scene_datasets/mp3d/ur6pFq6Qu1A/ur6pFq6Qu1A.glb | This file  does not exist.
I1008 15:46:24.515525 732747 AbstractObjectAttributesManagerBase.h:181] AbstractObjectAttributesManager<T>::createObject  (Stage) : Done making attributes with handle : data/scene_datasets/mp3d/ur6pFq6Qu1A/ur6pFq6Qu1A.glb
I1008 15:46:24.515527 732747 AbstractObjectAttributesManagerBase.h:188] File (data/scene_datasets/mp3d/ur6pFq6Qu1A/ur6pFq6Qu1A.glb) exists but is not a recognized config filename extension, so new default Stage attributes created and registered.
I1008 15:46:24.515529 732747 Simulator.cpp:156] Loading navmesh from data/scene_datasets/mp3d/ur6pFq6Qu1A/ur6pFq6Qu1A.navmesh
I1008 15:46:24.515754 732747 Simulator.cpp:158] Loaded.
I1008 15:46:24.515760 732747 SceneGraph.h:93] Created DrawableGroup: 
I1008 15:46:24.518783 732747 ResourceManager.cpp:234] ResourceManager::loadStage : Not loading semantic mesh
I1008 15:46:24.518788 732747 ResourceManager.cpp:262] ResourceManager::loadStage : start load render asset data/scene_datasets/mp3d/ur6pFq6Qu1A/ur6pFq6Qu1A.glb.
I1008 15:46:24.518790 732747 ResourceManager.cpp:569] ResourceManager::loadStageInternal : Attempting to load stage data/scene_datasets/mp3d/ur6pFq6Qu1A/ur6pFq6Qu1A.glb 
I1008 15:46:24.518800 732747 ResourceManager.cpp:1119] Importing Basis files as BC7 for ur6pFq6Qu1A.glb
W1008 15:46:26.694690 732747 Simulator.cpp:248] :
---
 The active scene does not contain semantic annotations. 
---
I1008 15:46:26.753739 732747 simulator.py:213] Loaded navmesh data/scene_datasets/mp3d/ur6pFq6Qu1A/ur6pFq6Qu1A.navmesh
I1008 15:46:27.072067 732747 PhysicsManager.cpp:33] Deconstructing PhysicsManager
I1008 15:46:27.072090 732747 SemanticScene.h:41] Deconstructing SemanticScene
I1008 15:46:27.076042 732747 SceneManager.h:25] Deconstructing SceneManager
I1008 15:46:27.076050 732747 SceneGraph.h:26] Deconstructing SceneGraph
I1008 15:46:27.076458 732747 Sensor.h:87] Deconstructing Sensor
I1008 15:46:27.077075 732747 Sensor.h:87] Deconstructing Sensor
I1008 15:46:27.077183 732747 Sensor.h:87] Deconstructing Sensor
I1008 15:46:27.077291 732747 Sensor.h:87] Deconstructing Sensor
I1008 15:46:27.077405 732747 Sensor.h:87] Deconstructing Sensor
I1008 15:46:27.077504 732747 Sensor.h:87] Deconstructing Sensor
I1008 15:46:27.077610 732747 Sensor.h:87] Deconstructing Sensor
I1008 15:46:27.077710 732747 Sensor.h:87] Deconstructing Sensor
I1008 15:46:27.077816 732747 Sensor.h:87] Deconstructing Sensor
I1008 15:46:27.077913 732747 Sensor.h:87] Deconstructing Sensor
I1008 15:46:27.078069 732747 Sensor.h:87] Deconstructing Sensor
I1008 15:46:27.078172 732747 Sensor.h:87] Deconstructing Sensor
I1008 15:46:27.078272 732747 Sensor.h:87] Deconstructing Sensor
I1008 15:46:27.078402 732747 Sensor.h:87] Deconstructing Sensor
I1008 15:46:27.078529 732747 Sensor.h:87] Deconstructing Sensor
I1008 15:46:27.078650 732747 Sensor.h:87] Deconstructing Sensor
I1008 15:46:27.078778 732747 Sensor.h:87] Deconstructing Sensor
I1008 15:46:27.078898 732747 Sensor.h:87] Deconstructing Sensor
I1008 15:46:27.079022 732747 Sensor.h:87] Deconstructing Sensor
I1008 15:46:27.079149 732747 Sensor.h:87] Deconstructing Sensor
I1008 15:46:27.079270 732747 Sensor.h:87] Deconstructing Sensor
I1008 15:46:27.079394 732747 Sensor.h:87] Deconstructing Sensor
I1008 15:46:27.079521 732747 Sensor.h:87] Deconstructing Sensor
I1008 15:46:27.079685 732747 Sensor.h:87] Deconstructing Sensor
I1008 15:46:27.084245 732747 Renderer.cpp:34] Deconstructing Renderer
I1008 15:46:27.084263 732747 WindowlessContext.h:17] Deconstructing WindowlessContext
I1008 15:46:27.089529 732747 MetadataMediator.cpp:56] MetadataMediator::setActiveSceneDatasetName : Old active dataset default changed to default successfully.
I1008 15:46:27.090734 732747 AttributesManagerBase.h:283] AttributesManager<T>::createFromJsonOrDefaultInternal  (Physics Manager) : Proposing JSON name : ./data/default.physics_config.json from original name : ./data/default.physics_config.json | This file  does not exist.
I1008 15:46:27.090761 732747 PhysicsAttributesManager.cpp:27] File (./data/default.physics_config.json) not found, so new default physics manager attributes created and registered.
I1008 15:46:27.090766 732747 AbstractObjectAttributesManagerBase.h:175] AbstractObjectAttributesManager<T>::createObject  (Stage) : Making attributes with handle : data/scene_datasets/mp3d/JmbYfDe2QKZ/JmbYfDe2QKZ.glb
I1008 15:46:27.090770 732747 ManagedContainerBase.cpp:19] ManagedContainerBase::convertFilenameToJSON : Filename : data/scene_datasets/mp3d/JmbYfDe2QKZ/JmbYfDe2QKZ.glb changed to proposed JSON configuration filename : data/scene_datasets/mp3d/JmbYfDe2QKZ/JmbYfDe2QKZ.stage_config.json
I1008 15:46:27.090783 732747 AttributesManagerBase.h:283] AttributesManager<T>::createFromJsonOrDefaultInternal  (Stage) : Proposing JSON name : data/scene_datasets/mp3d/JmbYfDe2QKZ/JmbYfDe2QKZ.stage_config.json from original name : data/scene_datasets/mp3d/JmbYfDe2QKZ/JmbYfDe2QKZ.glb | This file  does not exist.
I1008 15:46:27.090830 732747 AbstractObjectAttributesManagerBase.h:181] AbstractObjectAttributesManager<T>::createObject  (Stage) : Done making attributes with handle : data/scene_datasets/mp3d/JmbYfDe2QKZ/JmbYfDe2QKZ.glb
I1008 15:46:27.090831 732747 AbstractObjectAttributesManagerBase.h:188] File (data/scene_datasets/mp3d/JmbYfDe2QKZ/JmbYfDe2QKZ.glb) exists but is not a recognized config filename extension, so new default Stage attributes created and registered.
I1008 15:46:27.090834 732747 Simulator.cpp:156] Loading navmesh from data/scene_datasets/mp3d/JmbYfDe2QKZ/JmbYfDe2QKZ.navmesh
I1008 15:46:27.090974 732747 Simulator.cpp:158] Loaded.
I1008 15:46:27.090978 732747 SceneGraph.h:93] Created DrawableGroup: 
I1008 15:46:27.094265 732747 ResourceManager.cpp:234] ResourceManager::loadStage : Not loading semantic mesh
I1008 15:46:27.094272 732747 ResourceManager.cpp:262] ResourceManager::loadStage : start load render asset data/scene_datasets/mp3d/JmbYfDe2QKZ/JmbYfDe2QKZ.glb.
I1008 15:46:27.094273 732747 ResourceManager.cpp:569] ResourceManager::loadStageInternal : Attempting to load stage data/scene_datasets/mp3d/JmbYfDe2QKZ/JmbYfDe2QKZ.glb 
I1008 15:46:27.094288 732747 ResourceManager.cpp:1119] Importing Basis files as BC7 for JmbYfDe2QKZ.glb
W1008 15:46:28.131919 732747 Simulator.cpp:248] :
---
 The active scene does not contain semantic annotations. 
---
I1008 15:46:28.183947 732747 simulator.py:213] Loaded navmesh data/scene_datasets/mp3d/JmbYfDe2QKZ/JmbYfDe2QKZ.navmesh
I1008 15:46:28.415019 732747 PhysicsManager.cpp:33] Deconstructing PhysicsManager
I1008 15:46:28.415043 732747 SemanticScene.h:41] Deconstructing SemanticScene
I1008 15:46:28.418622 732747 SceneManager.h:25] Deconstructing SceneManager
I1008 15:46:28.418624 732747 SceneGraph.h:26] Deconstructing SceneGraph
I1008 15:46:28.418984 732747 Sensor.h:87] Deconstructing Sensor
I1008 15:46:28.419463 732747 Sensor.h:87] Deconstructing Sensor
I1008 15:46:28.419565 732747 Sensor.h:87] Deconstructing Sensor
I1008 15:46:28.419673 732747 Sensor.h:87] Deconstructing Sensor
I1008 15:46:28.419777 732747 Sensor.h:87] Deconstructing Sensor
I1008 15:46:28.419873 732747 Sensor.h:87] Deconstructing Sensor
I1008 15:46:28.419970 732747 Sensor.h:87] Deconstructing Sensor
I1008 15:46:28.420063 732747 Sensor.h:87] Deconstructing Sensor
I1008 15:46:28.420162 732747 Sensor.h:87] Deconstructing Sensor
I1008 15:46:28.420257 732747 Sensor.h:87] Deconstructing Sensor
I1008 15:46:28.420357 732747 Sensor.h:87] Deconstructing Sensor
I1008 15:46:28.420455 732747 Sensor.h:87] Deconstructing Sensor
I1008 15:46:28.420553 732747 Sensor.h:87] Deconstructing Sensor
I1008 15:46:28.420676 732747 Sensor.h:87] Deconstructing Sensor
I1008 15:46:28.420802 732747 Sensor.h:87] Deconstructing Sensor
I1008 15:46:28.420918 732747 Sensor.h:87] Deconstructing Sensor
I1008 15:46:28.421041 732747 Sensor.h:87] Deconstructing Sensor
I1008 15:46:28.421157 732747 Sensor.h:87] Deconstructing Sensor
I1008 15:46:28.421276 732747 Sensor.h:87] Deconstructing Sensor
I1008 15:46:28.421394 732747 Sensor.h:87] Deconstructing Sensor
I1008 15:46:28.421511 732747 Sensor.h:87] Deconstructing Sensor
I1008 15:46:28.421626 732747 Sensor.h:87] Deconstructing Sensor
I1008 15:46:28.421751 732747 Sensor.h:87] Deconstructing Sensor
I1008 15:46:28.421821 732747 Sensor.h:87] Deconstructing Sensor
I1008 15:46:28.425197 732747 Renderer.cpp:34] Deconstructing Renderer
I1008 15:46:28.425203 732747 WindowlessContext.h:17] Deconstructing WindowlessContext
I1008 15:46:28.427659 732747 MetadataMediator.cpp:56] MetadataMediator::setActiveSceneDatasetName : Old active dataset default changed to default successfully.
I1008 15:46:28.428112 732747 AttributesManagerBase.h:283] AttributesManager<T>::createFromJsonOrDefaultInternal  (Physics Manager) : Proposing JSON name : ./data/default.physics_config.json from original name : ./data/default.physics_config.json | This file  does not exist.
I1008 15:46:28.428130 732747 PhysicsAttributesManager.cpp:27] File (./data/default.physics_config.json) not found, so new default physics manager attributes created and registered.
I1008 15:46:28.428134 732747 AbstractObjectAttributesManagerBase.h:175] AbstractObjectAttributesManager<T>::createObject  (Stage) : Making attributes with handle : data/scene_datasets/mp3d/2n8kARJN3HM/2n8kARJN3HM.glb
I1008 15:46:28.428138 732747 ManagedContainerBase.cpp:19] ManagedContainerBase::convertFilenameToJSON : Filename : data/scene_datasets/mp3d/2n8kARJN3HM/2n8kARJN3HM.glb changed to proposed JSON configuration filename : data/scene_datasets/mp3d/2n8kARJN3HM/2n8kARJN3HM.stage_config.json
I1008 15:46:28.428150 732747 AttributesManagerBase.h:283] AttributesManager<T>::createFromJsonOrDefaultInternal  (Stage) : Proposing JSON name : data/scene_datasets/mp3d/2n8kARJN3HM/2n8kARJN3HM.stage_config.json from original name : data/scene_datasets/mp3d/2n8kARJN3HM/2n8kARJN3HM.glb | This file  does not exist.
I1008 15:46:28.428187 732747 AbstractObjectAttributesManagerBase.h:181] AbstractObjectAttributesManager<T>::createObject  (Stage) : Done making attributes with handle : data/scene_datasets/mp3d/2n8kARJN3HM/2n8kARJN3HM.glb
I1008 15:46:28.428188 732747 AbstractObjectAttributesManagerBase.h:188] File (data/scene_datasets/mp3d/2n8kARJN3HM/2n8kARJN3HM.glb) exists but is not a recognized config filename extension, so new default Stage attributes created and registered.
I1008 15:46:28.428196 732747 Simulator.cpp:156] Loading navmesh from data/scene_datasets/mp3d/2n8kARJN3HM/2n8kARJN3HM.navmesh
I1008 15:46:28.428347 732747 Simulator.cpp:158] Loaded.
I1008 15:46:28.428351 732747 SceneGraph.h:93] Created DrawableGroup: 
I1008 15:46:28.431234 732747 ResourceManager.cpp:234] ResourceManager::loadStage : Not loading semantic mesh
I1008 15:46:28.431241 732747 ResourceManager.cpp:262] ResourceManager::loadStage : start load render asset data/scene_datasets/mp3d/2n8kARJN3HM/2n8kARJN3HM.glb.
I1008 15:46:28.431241 732747 ResourceManager.cpp:569] ResourceManager::loadStageInternal : Attempting to load stage data/scene_datasets/mp3d/2n8kARJN3HM/2n8kARJN3HM.glb 
I1008 15:46:28.431252 732747 ResourceManager.cpp:1119] Importing Basis files as BC7 for 2n8kARJN3HM.glb
W1008 15:46:30.931017 732747 Simulator.cpp:248] :
---
 The active scene does not contain semantic annotations. 
---
I1008 15:46:30.998910 732747 simulator.py:213] Loaded navmesh data/scene_datasets/mp3d/2n8kARJN3HM/2n8kARJN3HM.navmesh
I1008 15:46:31.546520 732747 PhysicsManager.cpp:33] Deconstructing PhysicsManager
I1008 15:46:31.546542 732747 SemanticScene.h:41] Deconstructing SemanticScene
I1008 15:46:31.550997 732747 SceneManager.h:25] Deconstructing SceneManager
I1008 15:46:31.551005 732747 SceneGraph.h:26] Deconstructing SceneGraph
I1008 15:46:31.551458 732747 Sensor.h:87] Deconstructing Sensor
I1008 15:46:31.551913 732747 Sensor.h:87] Deconstructing Sensor
I1008 15:46:31.552021 732747 Sensor.h:87] Deconstructing Sensor
I1008 15:46:31.552129 732747 Sensor.h:87] Deconstructing Sensor
I1008 15:46:31.552232 732747 Sensor.h:87] Deconstructing Sensor
I1008 15:46:31.552328 732747 Sensor.h:87] Deconstructing Sensor
I1008 15:46:31.552430 732747 Sensor.h:87] Deconstructing Sensor
I1008 15:46:31.552527 732747 Sensor.h:87] Deconstructing Sensor
I1008 15:46:31.552628 732747 Sensor.h:87] Deconstructing Sensor
I1008 15:46:31.552727 732747 Sensor.h:87] Deconstructing Sensor
I1008 15:46:31.552824 732747 Sensor.h:87] Deconstructing Sensor
I1008 15:46:31.552922 732747 Sensor.h:87] Deconstructing Sensor
I1008 15:46:31.553020 732747 Sensor.h:87] Deconstructing Sensor
I1008 15:46:31.553143 732747 Sensor.h:87] Deconstructing Sensor
I1008 15:46:31.553268 732747 Sensor.h:87] Deconstructing Sensor
I1008 15:46:31.553390 732747 Sensor.h:87] Deconstructing Sensor
I1008 15:46:31.553584 732747 Sensor.h:87] Deconstructing Sensor
I1008 15:46:31.553726 732747 Sensor.h:87] Deconstructing Sensor
I1008 15:46:31.553853 732747 Sensor.h:87] Deconstructing Sensor
I1008 15:46:31.553974 732747 Sensor.h:87] Deconstructing Sensor
I1008 15:46:31.554100 732747 Sensor.h:87] Deconstructing Sensor
I1008 15:46:31.554224 732747 Sensor.h:87] Deconstructing Sensor
I1008 15:46:31.554348 732747 Sensor.h:87] Deconstructing Sensor
I1008 15:46:31.554423 732747 Sensor.h:87] Deconstructing Sensor
I1008 15:46:31.560482 732747 Renderer.cpp:34] Deconstructing Renderer
I1008 15:46:31.560495 732747 WindowlessContext.h:17] Deconstructing WindowlessContext
I1008 15:46:31.565922 732747 MetadataMediator.cpp:56] MetadataMediator::setActiveSceneDatasetName : Old active dataset default changed to default successfully.
I1008 15:46:31.566874 732747 AttributesManagerBase.h:283] AttributesManager<T>::createFromJsonOrDefaultInternal  (Physics Manager) : Proposing JSON name : ./data/default.physics_config.json from original name : ./data/default.physics_config.json | This file  does not exist.
I1008 15:46:31.566897 732747 PhysicsAttributesManager.cpp:27] File (./data/default.physics_config.json) not found, so new default physics manager attributes created and registered.
I1008 15:46:31.566902 732747 AbstractObjectAttributesManagerBase.h:175] AbstractObjectAttributesManager<T>::createObject  (Stage) : Making attributes with handle : data/scene_datasets/mp3d/D7N2EKCX4Sj/D7N2EKCX4Sj.glb
I1008 15:46:31.566905 732747 ManagedContainerBase.cpp:19] ManagedContainerBase::convertFilenameToJSON : Filename : data/scene_datasets/mp3d/D7N2EKCX4Sj/D7N2EKCX4Sj.glb changed to proposed JSON configuration filename : data/scene_datasets/mp3d/D7N2EKCX4Sj/D7N2EKCX4Sj.stage_config.json
I1008 15:46:31.566926 732747 AttributesManagerBase.h:283] AttributesManager<T>::createFromJsonOrDefaultInternal  (Stage) : Proposing JSON name : data/scene_datasets/mp3d/D7N2EKCX4Sj/D7N2EKCX4Sj.stage_config.json from original name : data/scene_datasets/mp3d/D7N2EKCX4Sj/D7N2EKCX4Sj.glb | This file  does not exist.
I1008 15:46:31.566969 732747 AbstractObjectAttributesManagerBase.h:181] AbstractObjectAttributesManager<T>::createObject  (Stage) : Done making attributes with handle : data/scene_datasets/mp3d/D7N2EKCX4Sj/D7N2EKCX4Sj.glb
I1008 15:46:31.566970 732747 AbstractObjectAttributesManagerBase.h:188] File (data/scene_datasets/mp3d/D7N2EKCX4Sj/D7N2EKCX4Sj.glb) exists but is not a recognized config filename extension, so new default Stage attributes created and registered.
I1008 15:46:31.566973 732747 Simulator.cpp:156] Loading navmesh from data/scene_datasets/mp3d/D7N2EKCX4Sj/D7N2EKCX4Sj.navmesh
I1008 15:46:31.567322 732747 Simulator.cpp:158] Loaded.
I1008 15:46:31.567327 732747 SceneGraph.h:93] Created DrawableGroup: 
I1008 15:46:31.570474 732747 ResourceManager.cpp:234] ResourceManager::loadStage : Not loading semantic mesh
I1008 15:46:31.570482 732747 ResourceManager.cpp:262] ResourceManager::loadStage : start load render asset data/scene_datasets/mp3d/D7N2EKCX4Sj/D7N2EKCX4Sj.glb.
I1008 15:46:31.570482 732747 ResourceManager.cpp:569] ResourceManager::loadStageInternal : Attempting to load stage data/scene_datasets/mp3d/D7N2EKCX4Sj/D7N2EKCX4Sj.glb 
I1008 15:46:31.570495 732747 ResourceManager.cpp:1119] Importing Basis files as BC7 for D7N2EKCX4Sj.glb
W1008 15:46:35.523309 732747 Simulator.cpp:248] :
---
 The active scene does not contain semantic annotations. 
---
I1008 15:46:35.638481 732747 simulator.py:213] Loaded navmesh data/scene_datasets/mp3d/D7N2EKCX4Sj/D7N2EKCX4Sj.navmesh
I1008 15:46:36.509943 732747 PhysicsManager.cpp:33] Deconstructing PhysicsManager
I1008 15:46:36.509964 732747 SemanticScene.h:41] Deconstructing SemanticScene
I1008 15:46:36.516772 732747 SceneManager.h:25] Deconstructing SceneManager
I1008 15:46:36.516784 732747 SceneGraph.h:26] Deconstructing SceneGraph
I1008 15:46:36.517259 732747 Sensor.h:87] Deconstructing Sensor
I1008 15:46:36.518003 732747 Sensor.h:87] Deconstructing Sensor
I1008 15:46:36.518117 732747 Sensor.h:87] Deconstructing Sensor
I1008 15:46:36.518227 732747 Sensor.h:87] Deconstructing Sensor
I1008 15:46:36.518330 732747 Sensor.h:87] Deconstructing Sensor
I1008 15:46:36.518429 732747 Sensor.h:87] Deconstructing Sensor
I1008 15:46:36.518532 732747 Sensor.h:87] Deconstructing Sensor
I1008 15:46:36.518626 732747 Sensor.h:87] Deconstructing Sensor
I1008 15:46:36.518734 732747 Sensor.h:87] Deconstructing Sensor
I1008 15:46:36.518836 732747 Sensor.h:87] Deconstructing Sensor
I1008 15:46:36.518935 732747 Sensor.h:87] Deconstructing Sensor
I1008 15:46:36.519078 732747 Sensor.h:87] Deconstructing Sensor
I1008 15:46:36.519179 732747 Sensor.h:87] Deconstructing Sensor
I1008 15:46:36.519315 732747 Sensor.h:87] Deconstructing Sensor
I1008 15:46:36.519443 732747 Sensor.h:87] Deconstructing Sensor
I1008 15:46:36.519565 732747 Sensor.h:87] Deconstructing Sensor
I1008 15:46:36.519693 732747 Sensor.h:87] Deconstructing Sensor
I1008 15:46:36.519816 732747 Sensor.h:87] Deconstructing Sensor
I1008 15:46:36.519936 732747 Sensor.h:87] Deconstructing Sensor
I1008 15:46:36.520061 732747 Sensor.h:87] Deconstructing Sensor
I1008 15:46:36.520185 732747 Sensor.h:87] Deconstructing Sensor
I1008 15:46:36.520304 732747 Sensor.h:87] Deconstructing Sensor
I1008 15:46:36.520512 732747 Sensor.h:87] Deconstructing Sensor
I1008 15:46:36.520711 732747 Sensor.h:87] Deconstructing Sensor
I1008 15:46:36.528201 732747 Renderer.cpp:34] Deconstructing Renderer
I1008 15:46:36.528223 732747 WindowlessContext.h:17] Deconstructing WindowlessContext
I1008 15:46:36.535032 732747 MetadataMediator.cpp:56] MetadataMediator::setActiveSceneDatasetName : Old active dataset default changed to default successfully.
I1008 15:46:36.538980 732747 AttributesManagerBase.h:283] AttributesManager<T>::createFromJsonOrDefaultInternal  (Physics Manager) : Proposing JSON name : ./data/default.physics_config.json from original name : ./data/default.physics_config.json | This file  does not exist.
I1008 15:46:36.539021 732747 PhysicsAttributesManager.cpp:27] File (./data/default.physics_config.json) not found, so new default physics manager attributes created and registered.
I1008 15:46:36.539027 732747 AbstractObjectAttributesManagerBase.h:175] AbstractObjectAttributesManager<T>::createObject  (Stage) : Making attributes with handle : data/scene_datasets/mp3d/qoiz87JEwZ2/qoiz87JEwZ2.glb
I1008 15:46:36.539031 732747 ManagedContainerBase.cpp:19] ManagedContainerBase::convertFilenameToJSON : Filename : data/scene_datasets/mp3d/qoiz87JEwZ2/qoiz87JEwZ2.glb changed to proposed JSON configuration filename : data/scene_datasets/mp3d/qoiz87JEwZ2/qoiz87JEwZ2.stage_config.json
I1008 15:46:36.539047 732747 AttributesManagerBase.h:283] AttributesManager<T>::createFromJsonOrDefaultInternal  (Stage) : Proposing JSON name : data/scene_datasets/mp3d/qoiz87JEwZ2/qoiz87JEwZ2.stage_config.json from original name : data/scene_datasets/mp3d/qoiz87JEwZ2/qoiz87JEwZ2.glb | This file  does not exist.
I1008 15:46:36.539096 732747 AbstractObjectAttributesManagerBase.h:181] AbstractObjectAttributesManager<T>::createObject  (Stage) : Done making attributes with handle : data/scene_datasets/mp3d/qoiz87JEwZ2/qoiz87JEwZ2.glb
I1008 15:46:36.539098 732747 AbstractObjectAttributesManagerBase.h:188] File (data/scene_datasets/mp3d/qoiz87JEwZ2/qoiz87JEwZ2.glb) exists but is not a recognized config filename extension, so new default Stage attributes created and registered.
I1008 15:46:36.539101 732747 Simulator.cpp:156] Loading navmesh from data/scene_datasets/mp3d/qoiz87JEwZ2/qoiz87JEwZ2.navmesh
I1008 15:46:36.539252 732747 Simulator.cpp:158] Loaded.
I1008 15:46:36.539258 732747 SceneGraph.h:93] Created DrawableGroup: 
I1008 15:46:36.542838 732747 ResourceManager.cpp:234] ResourceManager::loadStage : Not loading semantic mesh
I1008 15:46:36.542848 732747 ResourceManager.cpp:262] ResourceManager::loadStage : start load render asset data/scene_datasets/mp3d/qoiz87JEwZ2/qoiz87JEwZ2.glb.
I1008 15:46:36.542850 732747 ResourceManager.cpp:569] ResourceManager::loadStageInternal : Attempting to load stage data/scene_datasets/mp3d/qoiz87JEwZ2/qoiz87JEwZ2.glb 
I1008 15:46:36.542869 732747 ResourceManager.cpp:1119] Importing Basis files as BC7 for qoiz87JEwZ2.glb
W1008 15:46:38.224128 732747 Simulator.cpp:248] :
---
 The active scene does not contain semantic annotations. 
---
I1008 15:46:38.287744 732747 simulator.py:213] Loaded navmesh data/scene_datasets/mp3d/qoiz87JEwZ2/qoiz87JEwZ2.navmesh
I1008 15:46:38.630775 732747 PhysicsManager.cpp:33] Deconstructing PhysicsManager
I1008 15:46:38.630796 732747 SemanticScene.h:41] Deconstructing SemanticScene
I1008 15:46:38.635334 732747 SceneManager.h:25] Deconstructing SceneManager
I1008 15:46:38.635346 732747 SceneGraph.h:26] Deconstructing SceneGraph
I1008 15:46:38.635702 732747 Sensor.h:87] Deconstructing Sensor
I1008 15:46:38.636322 732747 Sensor.h:87] Deconstructing Sensor
I1008 15:46:38.636430 732747 Sensor.h:87] Deconstructing Sensor
I1008 15:46:38.636544 732747 Sensor.h:87] Deconstructing Sensor
I1008 15:46:38.636648 732747 Sensor.h:87] Deconstructing Sensor
I1008 15:46:38.636755 732747 Sensor.h:87] Deconstructing Sensor
I1008 15:46:38.636864 732747 Sensor.h:87] Deconstructing Sensor
I1008 15:46:38.636962 732747 Sensor.h:87] Deconstructing Sensor
I1008 15:46:38.637066 732747 Sensor.h:87] Deconstructing Sensor
I1008 15:46:38.637166 732747 Sensor.h:87] Deconstructing Sensor
I1008 15:46:38.637264 732747 Sensor.h:87] Deconstructing Sensor
I1008 15:46:38.639001 732747 Sensor.h:87] Deconstructing Sensor
I1008 15:46:38.639400 732747 Sensor.h:87] Deconstructing Sensor
I1008 15:46:38.639537 732747 Sensor.h:87] Deconstructing Sensor
I1008 15:46:38.639693 732747 Sensor.h:87] Deconstructing Sensor
I1008 15:46:38.639819 732747 Sensor.h:87] Deconstructing Sensor
I1008 15:46:38.639971 732747 Sensor.h:87] Deconstructing Sensor
I1008 15:46:38.640096 732747 Sensor.h:87] Deconstructing Sensor
I1008 15:46:38.640224 732747 Sensor.h:87] Deconstructing Sensor
I1008 15:46:38.640353 732747 Sensor.h:87] Deconstructing Sensor
I1008 15:46:38.640501 732747 Sensor.h:87] Deconstructing Sensor
I1008 15:46:38.640623 732747 Sensor.h:87] Deconstructing Sensor
I1008 15:46:38.640753 732747 Sensor.h:87] Deconstructing Sensor
I1008 15:46:38.640851 732747 Sensor.h:87] Deconstructing Sensor
I1008 15:46:38.645507 732747 Renderer.cpp:34] Deconstructing Renderer
I1008 15:46:38.645516 732747 WindowlessContext.h:17] Deconstructing WindowlessContext
I1008 15:46:38.649029 732747 MetadataMediator.cpp:56] MetadataMediator::setActiveSceneDatasetName : Old active dataset default changed to default successfully.
I1008 15:46:38.649832 732747 AttributesManagerBase.h:283] AttributesManager<T>::createFromJsonOrDefaultInternal  (Physics Manager) : Proposing JSON name : ./data/default.physics_config.json from original name : ./data/default.physics_config.json | This file  does not exist.
I1008 15:46:38.649856 732747 PhysicsAttributesManager.cpp:27] File (./data/default.physics_config.json) not found, so new default physics manager attributes created and registered.
I1008 15:46:38.649861 732747 AbstractObjectAttributesManagerBase.h:175] AbstractObjectAttributesManager<T>::createObject  (Stage) : Making attributes with handle : data/scene_datasets/mp3d/2n8kARJN3HM/2n8kARJN3HM.glb
I1008 15:46:38.649864 732747 ManagedContainerBase.cpp:19] ManagedContainerBase::convertFilenameToJSON : Filename : data/scene_datasets/mp3d/2n8kARJN3HM/2n8kARJN3HM.glb changed to proposed JSON configuration filename : data/scene_datasets/mp3d/2n8kARJN3HM/2n8kARJN3HM.stage_config.json
I1008 15:46:38.649876 732747 AttributesManagerBase.h:283] AttributesManager<T>::createFromJsonOrDefaultInternal  (Stage) : Proposing JSON name : data/scene_datasets/mp3d/2n8kARJN3HM/2n8kARJN3HM.stage_config.json from original name : data/scene_datasets/mp3d/2n8kARJN3HM/2n8kARJN3HM.glb | This file  does not exist.
I1008 15:46:38.649917 732747 AbstractObjectAttributesManagerBase.h:181] AbstractObjectAttributesManager<T>::createObject  (Stage) : Done making attributes with handle : data/scene_datasets/mp3d/2n8kARJN3HM/2n8kARJN3HM.glb
I1008 15:46:38.649919 732747 AbstractObjectAttributesManagerBase.h:188] File (data/scene_datasets/mp3d/2n8kARJN3HM/2n8kARJN3HM.glb) exists but is not a recognized config filename extension, so new default Stage attributes created and registered.
I1008 15:46:38.649921 732747 Simulator.cpp:156] Loading navmesh from data/scene_datasets/mp3d/2n8kARJN3HM/2n8kARJN3HM.navmesh
I1008 15:46:38.650143 732747 Simulator.cpp:158] Loaded.
I1008 15:46:38.650147 732747 SceneGraph.h:93] Created DrawableGroup: 
I1008 15:46:38.653319 732747 ResourceManager.cpp:234] ResourceManager::loadStage : Not loading semantic mesh
I1008 15:46:38.653324 732747 ResourceManager.cpp:262] ResourceManager::loadStage : start load render asset data/scene_datasets/mp3d/2n8kARJN3HM/2n8kARJN3HM.glb.
I1008 15:46:38.653326 732747 ResourceManager.cpp:569] ResourceManager::loadStageInternal : Attempting to load stage data/scene_datasets/mp3d/2n8kARJN3HM/2n8kARJN3HM.glb 
I1008 15:46:38.653340 732747 ResourceManager.cpp:1119] Importing Basis files as BC7 for 2n8kARJN3HM.glb
W1008 15:46:41.323951 732747 Simulator.cpp:248] :
---
 The active scene does not contain semantic annotations. 
---
I1008 15:46:41.399252 732747 simulator.py:213] Loaded navmesh data/scene_datasets/mp3d/2n8kARJN3HM/2n8kARJN3HM.navmesh
I1008 15:46:41.782423 732747 PhysicsManager.cpp:33] Deconstructing PhysicsManager
I1008 15:46:41.782444 732747 SemanticScene.h:41] Deconstructing SemanticScene
I1008 15:46:41.786969 732747 SceneManager.h:25] Deconstructing SceneManager
I1008 15:46:41.786978 732747 SceneGraph.h:26] Deconstructing SceneGraph
I1008 15:46:41.787441 732747 Sensor.h:87] Deconstructing Sensor
I1008 15:46:41.787882 732747 Sensor.h:87] Deconstructing Sensor
I1008 15:46:41.788084 732747 Sensor.h:87] Deconstructing Sensor
I1008 15:46:41.788209 732747 Sensor.h:87] Deconstructing Sensor
I1008 15:46:41.788312 732747 Sensor.h:87] Deconstructing Sensor
I1008 15:46:41.788411 732747 Sensor.h:87] Deconstructing Sensor
I1008 15:46:41.788512 732747 Sensor.h:87] Deconstructing Sensor
I1008 15:46:41.788611 732747 Sensor.h:87] Deconstructing Sensor
I1008 15:46:41.788717 732747 Sensor.h:87] Deconstructing Sensor
I1008 15:46:41.788817 732747 Sensor.h:87] Deconstructing Sensor
I1008 15:46:41.788914 732747 Sensor.h:87] Deconstructing Sensor
I1008 15:46:41.789014 732747 Sensor.h:87] Deconstructing Sensor
I1008 15:46:41.789112 732747 Sensor.h:87] Deconstructing Sensor
I1008 15:46:41.789242 732747 Sensor.h:87] Deconstructing Sensor
I1008 15:46:41.789374 732747 Sensor.h:87] Deconstructing Sensor
I1008 15:46:41.789495 732747 Sensor.h:87] Deconstructing Sensor
I1008 15:46:41.789620 732747 Sensor.h:87] Deconstructing Sensor
I1008 15:46:41.789741 732747 Sensor.h:87] Deconstructing Sensor
I1008 15:46:41.789865 732747 Sensor.h:87] Deconstructing Sensor
I1008 15:46:41.789988 732747 Sensor.h:87] Deconstructing Sensor
I1008 15:46:41.790122 732747 Sensor.h:87] Deconstructing Sensor
I1008 15:46:41.790244 732747 Sensor.h:87] Deconstructing Sensor
I1008 15:46:41.790373 732747 Sensor.h:87] Deconstructing Sensor
I1008 15:46:41.790444 732747 Sensor.h:87] Deconstructing Sensor
I1008 15:46:41.797379 732747 Renderer.cpp:34] Deconstructing Renderer
I1008 15:46:41.797394 732747 WindowlessContext.h:17] Deconstructing WindowlessContext
I1008 15:46:41.802924 732747 MetadataMediator.cpp:56] MetadataMediator::setActiveSceneDatasetName : Old active dataset default changed to default successfully.
I1008 15:46:41.804445 732747 AttributesManagerBase.h:283] AttributesManager<T>::createFromJsonOrDefaultInternal  (Physics Manager) : Proposing JSON name : ./data/default.physics_config.json from original name : ./data/default.physics_config.json | This file  does not exist.
I1008 15:46:41.804477 732747 PhysicsAttributesManager.cpp:27] File (./data/default.physics_config.json) not found, so new default physics manager attributes created and registered.
I1008 15:46:41.804482 732747 AbstractObjectAttributesManagerBase.h:175] AbstractObjectAttributesManager<T>::createObject  (Stage) : Making attributes with handle : data/scene_datasets/mp3d/pRbA3pwrgk9/pRbA3pwrgk9.glb
I1008 15:46:41.804486 732747 ManagedContainerBase.cpp:19] ManagedContainerBase::convertFilenameToJSON : Filename : data/scene_datasets/mp3d/pRbA3pwrgk9/pRbA3pwrgk9.glb changed to proposed JSON configuration filename : data/scene_datasets/mp3d/pRbA3pwrgk9/pRbA3pwrgk9.stage_config.json
I1008 15:46:41.804502 732747 AttributesManagerBase.h:283] AttributesManager<T>::createFromJsonOrDefaultInternal  (Stage) : Proposing JSON name : data/scene_datasets/mp3d/pRbA3pwrgk9/pRbA3pwrgk9.stage_config.json from original name : data/scene_datasets/mp3d/pRbA3pwrgk9/pRbA3pwrgk9.glb | This file  does not exist.
I1008 15:46:41.804548 732747 AbstractObjectAttributesManagerBase.h:181] AbstractObjectAttributesManager<T>::createObject  (Stage) : Done making attributes with handle : data/scene_datasets/mp3d/pRbA3pwrgk9/pRbA3pwrgk9.glb
I1008 15:46:41.804548 732747 AbstractObjectAttributesManagerBase.h:188] File (data/scene_datasets/mp3d/pRbA3pwrgk9/pRbA3pwrgk9.glb) exists but is not a recognized config filename extension, so new default Stage attributes created and registered.
I1008 15:46:41.804551 732747 Simulator.cpp:156] Loading navmesh from data/scene_datasets/mp3d/pRbA3pwrgk9/pRbA3pwrgk9.navmesh
I1008 15:46:41.804695 732747 Simulator.cpp:158] Loaded.
I1008 15:46:41.804701 732747 SceneGraph.h:93] Created DrawableGroup: 
I1008 15:46:41.809775 732747 ResourceManager.cpp:234] ResourceManager::loadStage : Not loading semantic mesh
I1008 15:46:41.809785 732747 ResourceManager.cpp:262] ResourceManager::loadStage : start load render asset data/scene_datasets/mp3d/pRbA3pwrgk9/pRbA3pwrgk9.glb.
I1008 15:46:41.809787 732747 ResourceManager.cpp:569] ResourceManager::loadStageInternal : Attempting to load stage data/scene_datasets/mp3d/pRbA3pwrgk9/pRbA3pwrgk9.glb 
I1008 15:46:41.809813 732747 ResourceManager.cpp:1119] Importing Basis files as BC7 for pRbA3pwrgk9.glb
W1008 15:46:42.935614 732747 Simulator.cpp:248] :
---
 The active scene does not contain semantic annotations. 
---
I1008 15:46:42.989464 732747 simulator.py:213] Loaded navmesh data/scene_datasets/mp3d/pRbA3pwrgk9/pRbA3pwrgk9.navmesh
I1008 15:46:43.550916 732747 PhysicsManager.cpp:33] Deconstructing PhysicsManager
I1008 15:46:43.550940 732747 SemanticScene.h:41] Deconstructing SemanticScene
I1008 15:46:43.555291 732747 SceneManager.h:25] Deconstructing SceneManager
I1008 15:46:43.555302 732747 SceneGraph.h:26] Deconstructing SceneGraph
I1008 15:46:43.555668 732747 Sensor.h:87] Deconstructing Sensor
I1008 15:46:43.556195 732747 Sensor.h:87] Deconstructing Sensor
I1008 15:46:43.556298 732747 Sensor.h:87] Deconstructing Sensor
I1008 15:46:43.556408 732747 Sensor.h:87] Deconstructing Sensor
I1008 15:46:43.556510 732747 Sensor.h:87] Deconstructing Sensor
I1008 15:46:43.556612 732747 Sensor.h:87] Deconstructing Sensor
I1008 15:46:43.556722 732747 Sensor.h:87] Deconstructing Sensor
I1008 15:46:43.556821 732747 Sensor.h:87] Deconstructing Sensor
I1008 15:46:43.556924 732747 Sensor.h:87] Deconstructing Sensor
I1008 15:46:43.557026 732747 Sensor.h:87] Deconstructing Sensor
I1008 15:46:43.557124 732747 Sensor.h:87] Deconstructing Sensor
I1008 15:46:43.557225 732747 Sensor.h:87] Deconstructing Sensor
I1008 15:46:43.557322 732747 Sensor.h:87] Deconstructing Sensor
I1008 15:46:43.557448 732747 Sensor.h:87] Deconstructing Sensor
I1008 15:46:43.557575 732747 Sensor.h:87] Deconstructing Sensor
I1008 15:46:43.557698 732747 Sensor.h:87] Deconstructing Sensor
I1008 15:46:43.557823 732747 Sensor.h:87] Deconstructing Sensor
I1008 15:46:43.557945 732747 Sensor.h:87] Deconstructing Sensor
I1008 15:46:43.558069 732747 Sensor.h:87] Deconstructing Sensor
I1008 15:46:43.558193 732747 Sensor.h:87] Deconstructing Sensor
I1008 15:46:43.558314 732747 Sensor.h:87] Deconstructing Sensor
I1008 15:46:43.558435 732747 Sensor.h:87] Deconstructing Sensor
I1008 15:46:43.558561 732747 Sensor.h:87] Deconstructing Sensor
I1008 15:46:43.558719 732747 Sensor.h:87] Deconstructing Sensor
I1008 15:46:43.562439 732747 Renderer.cpp:34] Deconstructing Renderer
I1008 15:46:43.562453 732747 WindowlessContext.h:17] Deconstructing WindowlessContext
I1008 15:46:43.565425 732747 MetadataMediator.cpp:56] MetadataMediator::setActiveSceneDatasetName : Old active dataset default changed to default successfully.
I1008 15:46:43.566699 732747 AttributesManagerBase.h:283] AttributesManager<T>::createFromJsonOrDefaultInternal  (Physics Manager) : Proposing JSON name : ./data/default.physics_config.json from original name : ./data/default.physics_config.json | This file  does not exist.
I1008 15:46:43.566730 732747 PhysicsAttributesManager.cpp:27] File (./data/default.physics_config.json) not found, so new default physics manager attributes created and registered.
I1008 15:46:43.566736 732747 AbstractObjectAttributesManagerBase.h:175] AbstractObjectAttributesManager<T>::createObject  (Stage) : Making attributes with handle : data/scene_datasets/mp3d/JmbYfDe2QKZ/JmbYfDe2QKZ.glb
I1008 15:46:43.566740 732747 ManagedContainerBase.cpp:19] ManagedContainerBase::convertFilenameToJSON : Filename : data/scene_datasets/mp3d/JmbYfDe2QKZ/JmbYfDe2QKZ.glb changed to proposed JSON configuration filename : data/scene_datasets/mp3d/JmbYfDe2QKZ/JmbYfDe2QKZ.stage_config.json
I1008 15:46:43.566759 732747 AttributesManagerBase.h:283] AttributesManager<T>::createFromJsonOrDefaultInternal  (Stage) : Proposing JSON name : data/scene_datasets/mp3d/JmbYfDe2QKZ/JmbYfDe2QKZ.stage_config.json from original name : data/scene_datasets/mp3d/JmbYfDe2QKZ/JmbYfDe2QKZ.glb | This file  does not exist.
I1008 15:46:43.566811 732747 AbstractObjectAttributesManagerBase.h:181] AbstractObjectAttributesManager<T>::createObject  (Stage) : Done making attributes with handle : data/scene_datasets/mp3d/JmbYfDe2QKZ/JmbYfDe2QKZ.glb
I1008 15:46:43.566812 732747 AbstractObjectAttributesManagerBase.h:188] File (data/scene_datasets/mp3d/JmbYfDe2QKZ/JmbYfDe2QKZ.glb) exists but is not a recognized config filename extension, so new default Stage attributes created and registered.
I1008 15:46:43.566824 732747 Simulator.cpp:156] Loading navmesh from data/scene_datasets/mp3d/JmbYfDe2QKZ/JmbYfDe2QKZ.navmesh
I1008 15:46:43.566936 732747 Simulator.cpp:158] Loaded.
I1008 15:46:43.566941 732747 SceneGraph.h:93] Created DrawableGroup: 
I1008 15:46:43.571235 732747 ResourceManager.cpp:234] ResourceManager::loadStage : Not loading semantic mesh
I1008 15:46:43.571245 732747 ResourceManager.cpp:262] ResourceManager::loadStage : start load render asset data/scene_datasets/mp3d/JmbYfDe2QKZ/JmbYfDe2QKZ.glb.
I1008 15:46:43.571246 732747 ResourceManager.cpp:569] ResourceManager::loadStageInternal : Attempting to load stage data/scene_datasets/mp3d/JmbYfDe2QKZ/JmbYfDe2QKZ.glb 
I1008 15:46:43.571270 732747 ResourceManager.cpp:1119] Importing Basis files as BC7 for JmbYfDe2QKZ.glb
W1008 15:46:44.635842 732747 Simulator.cpp:248] :
---
 The active scene does not contain semantic annotations. 
---
I1008 15:46:44.686731 732747 simulator.py:213] Loaded navmesh data/scene_datasets/mp3d/JmbYfDe2QKZ/JmbYfDe2QKZ.navmesh
I1008 15:46:45.104346 732747 PhysicsManager.cpp:33] Deconstructing PhysicsManager
I1008 15:46:45.104365 732747 SemanticScene.h:41] Deconstructing SemanticScene
I1008 15:46:45.108201 732747 SceneManager.h:25] Deconstructing SceneManager
I1008 15:46:45.108208 732747 SceneGraph.h:26] Deconstructing SceneGraph
I1008 15:46:45.108584 732747 Sensor.h:87] Deconstructing Sensor
I1008 15:46:45.109126 732747 Sensor.h:87] Deconstructing Sensor
I1008 15:46:45.109232 732747 Sensor.h:87] Deconstructing Sensor
I1008 15:46:45.109339 732747 Sensor.h:87] Deconstructing Sensor
I1008 15:46:45.109443 732747 Sensor.h:87] Deconstructing Sensor
I1008 15:46:45.109543 732747 Sensor.h:87] Deconstructing Sensor
I1008 15:46:45.109647 732747 Sensor.h:87] Deconstructing Sensor
I1008 15:46:45.109750 732747 Sensor.h:87] Deconstructing Sensor
I1008 15:46:45.109854 732747 Sensor.h:87] Deconstructing Sensor
I1008 15:46:45.109952 732747 Sensor.h:87] Deconstructing Sensor
I1008 15:46:45.110047 732747 Sensor.h:87] Deconstructing Sensor
I1008 15:46:45.110146 732747 Sensor.h:87] Deconstructing Sensor
I1008 15:46:45.110245 732747 Sensor.h:87] Deconstructing Sensor
I1008 15:46:45.110373 732747 Sensor.h:87] Deconstructing Sensor
I1008 15:46:45.110499 732747 Sensor.h:87] Deconstructing Sensor
I1008 15:46:45.110618 732747 Sensor.h:87] Deconstructing Sensor
I1008 15:46:45.110744 732747 Sensor.h:87] Deconstructing Sensor
I1008 15:46:45.110867 732747 Sensor.h:87] Deconstructing Sensor
I1008 15:46:45.110983 732747 Sensor.h:87] Deconstructing Sensor
I1008 15:46:45.111105 732747 Sensor.h:87] Deconstructing Sensor
I1008 15:46:45.111223 732747 Sensor.h:87] Deconstructing Sensor
I1008 15:46:45.111341 732747 Sensor.h:87] Deconstructing Sensor
I1008 15:46:45.111467 732747 Sensor.h:87] Deconstructing Sensor
I1008 15:46:45.111554 732747 Sensor.h:87] Deconstructing Sensor
I1008 15:46:45.115025 732747 Renderer.cpp:34] Deconstructing Renderer
I1008 15:46:45.115036 732747 WindowlessContext.h:17] Deconstructing WindowlessContext
I1008 15:46:45.117561 732747 MetadataMediator.cpp:56] MetadataMediator::setActiveSceneDatasetName : Old active dataset default changed to default successfully.
I1008 15:46:45.118247 732747 AttributesManagerBase.h:283] AttributesManager<T>::createFromJsonOrDefaultInternal  (Physics Manager) : Proposing JSON name : ./data/default.physics_config.json from original name : ./data/default.physics_config.json | This file  does not exist.
I1008 15:46:45.118270 732747 PhysicsAttributesManager.cpp:27] File (./data/default.physics_config.json) not found, so new default physics manager attributes created and registered.
I1008 15:46:45.118276 732747 AbstractObjectAttributesManagerBase.h:175] AbstractObjectAttributesManager<T>::createObject  (Stage) : Making attributes with handle : data/scene_datasets/mp3d/PX4nDJXEHrG/PX4nDJXEHrG.glb
I1008 15:46:45.118278 732747 ManagedContainerBase.cpp:19] ManagedContainerBase::convertFilenameToJSON : Filename : data/scene_datasets/mp3d/PX4nDJXEHrG/PX4nDJXEHrG.glb changed to proposed JSON configuration filename : data/scene_datasets/mp3d/PX4nDJXEHrG/PX4nDJXEHrG.stage_config.json
I1008 15:46:45.118297 732747 AttributesManagerBase.h:283] AttributesManager<T>::createFromJsonOrDefaultInternal  (Stage) : Proposing JSON name : data/scene_datasets/mp3d/PX4nDJXEHrG/PX4nDJXEHrG.stage_config.json from original name : data/scene_datasets/mp3d/PX4nDJXEHrG/PX4nDJXEHrG.glb | This file  does not exist.
I1008 15:46:45.118341 732747 AbstractObjectAttributesManagerBase.h:181] AbstractObjectAttributesManager<T>::createObject  (Stage) : Done making attributes with handle : data/scene_datasets/mp3d/PX4nDJXEHrG/PX4nDJXEHrG.glb
I1008 15:46:45.118342 732747 AbstractObjectAttributesManagerBase.h:188] File (data/scene_datasets/mp3d/PX4nDJXEHrG/PX4nDJXEHrG.glb) exists but is not a recognized config filename extension, so new default Stage attributes created and registered.
I1008 15:46:45.118346 732747 Simulator.cpp:156] Loading navmesh from data/scene_datasets/mp3d/PX4nDJXEHrG/PX4nDJXEHrG.navmesh
I1008 15:46:45.118624 732747 Simulator.cpp:158] Loaded.
I1008 15:46:45.118629 732747 SceneGraph.h:93] Created DrawableGroup: 
I1008 15:46:45.121869 732747 ResourceManager.cpp:234] ResourceManager::loadStage : Not loading semantic mesh
I1008 15:46:45.121876 732747 ResourceManager.cpp:262] ResourceManager::loadStage : start load render asset data/scene_datasets/mp3d/PX4nDJXEHrG/PX4nDJXEHrG.glb.
I1008 15:46:45.121876 732747 ResourceManager.cpp:569] ResourceManager::loadStageInternal : Attempting to load stage data/scene_datasets/mp3d/PX4nDJXEHrG/PX4nDJXEHrG.glb 
I1008 15:46:45.121891 732747 ResourceManager.cpp:1119] Importing Basis files as BC7 for PX4nDJXEHrG.glb
W1008 15:46:47.721678 732747 Simulator.cpp:248] :
---
 The active scene does not contain semantic annotations. 
---
I1008 15:46:47.822070 732747 simulator.py:213] Loaded navmesh data/scene_datasets/mp3d/PX4nDJXEHrG/PX4nDJXEHrG.navmesh
I1008 15:46:48.335276 732747 PhysicsManager.cpp:33] Deconstructing PhysicsManager
I1008 15:46:48.335302 732747 SemanticScene.h:41] Deconstructing SemanticScene
I1008 15:46:48.343657 732747 SceneManager.h:25] Deconstructing SceneManager
I1008 15:46:48.343679 732747 SceneGraph.h:26] Deconstructing SceneGraph
I1008 15:46:48.344174 732747 Sensor.h:87] Deconstructing Sensor
I1008 15:46:48.345033 732747 Sensor.h:87] Deconstructing Sensor
I1008 15:46:48.345146 732747 Sensor.h:87] Deconstructing Sensor
I1008 15:46:48.345256 732747 Sensor.h:87] Deconstructing Sensor
I1008 15:46:48.345357 732747 Sensor.h:87] Deconstructing Sensor
I1008 15:46:48.345455 732747 Sensor.h:87] Deconstructing Sensor
I1008 15:46:48.345559 732747 Sensor.h:87] Deconstructing Sensor
I1008 15:46:48.345656 732747 Sensor.h:87] Deconstructing Sensor
I1008 15:46:48.345760 732747 Sensor.h:87] Deconstructing Sensor
I1008 15:46:48.345857 732747 Sensor.h:87] Deconstructing Sensor
I1008 15:46:48.345955 732747 Sensor.h:87] Deconstructing Sensor
I1008 15:46:48.346056 732747 Sensor.h:87] Deconstructing Sensor
I1008 15:46:48.346154 732747 Sensor.h:87] Deconstructing Sensor
I1008 15:46:48.346280 732747 Sensor.h:87] Deconstructing Sensor
I1008 15:46:48.346408 732747 Sensor.h:87] Deconstructing Sensor
I1008 15:46:48.346529 732747 Sensor.h:87] Deconstructing Sensor
I1008 15:46:48.346653 732747 Sensor.h:87] Deconstructing Sensor
I1008 15:46:48.346774 732747 Sensor.h:87] Deconstructing Sensor
I1008 15:46:48.346895 732747 Sensor.h:87] Deconstructing Sensor
I1008 15:46:48.347018 732747 Sensor.h:87] Deconstructing Sensor
I1008 15:46:48.347138 732747 Sensor.h:87] Deconstructing Sensor
I1008 15:46:48.347259 732747 Sensor.h:87] Deconstructing Sensor
I1008 15:46:48.347384 732747 Sensor.h:87] Deconstructing Sensor
I1008 15:46:48.347460 732747 Sensor.h:87] Deconstructing Sensor
I1008 15:46:48.352851 732747 Renderer.cpp:34] Deconstructing Renderer
I1008 15:46:48.352869 732747 WindowlessContext.h:17] Deconstructing WindowlessContext
I1008 15:46:48.358704 732747 MetadataMediator.cpp:56] MetadataMediator::setActiveSceneDatasetName : Old active dataset default changed to default successfully.
I1008 15:46:48.360208 732747 AttributesManagerBase.h:283] AttributesManager<T>::createFromJsonOrDefaultInternal  (Physics Manager) : Proposing JSON name : ./data/default.physics_config.json from original name : ./data/default.physics_config.json | This file  does not exist.
I1008 15:46:48.360344 732747 PhysicsAttributesManager.cpp:27] File (./data/default.physics_config.json) not found, so new default physics manager attributes created and registered.
I1008 15:46:48.360350 732747 AbstractObjectAttributesManagerBase.h:175] AbstractObjectAttributesManager<T>::createObject  (Stage) : Making attributes with handle : data/scene_datasets/mp3d/ur6pFq6Qu1A/ur6pFq6Qu1A.glb
I1008 15:46:48.360353 732747 ManagedContainerBase.cpp:19] ManagedContainerBase::convertFilenameToJSON : Filename : data/scene_datasets/mp3d/ur6pFq6Qu1A/ur6pFq6Qu1A.glb changed to proposed JSON configuration filename : data/scene_datasets/mp3d/ur6pFq6Qu1A/ur6pFq6Qu1A.stage_config.json
I1008 15:46:48.360366 732747 AttributesManagerBase.h:283] AttributesManager<T>::createFromJsonOrDefaultInternal  (Stage) : Proposing JSON name : data/scene_datasets/mp3d/ur6pFq6Qu1A/ur6pFq6Qu1A.stage_config.json from original name : data/scene_datasets/mp3d/ur6pFq6Qu1A/ur6pFq6Qu1A.glb | This file  does not exist.
I1008 15:46:48.360431 732747 AbstractObjectAttributesManagerBase.h:181] AbstractObjectAttributesManager<T>::createObject  (Stage) : Done making attributes with handle : data/scene_datasets/mp3d/ur6pFq6Qu1A/ur6pFq6Qu1A.glb
I1008 15:46:48.360432 732747 AbstractObjectAttributesManagerBase.h:188] File (data/scene_datasets/mp3d/ur6pFq6Qu1A/ur6pFq6Qu1A.glb) exists but is not a recognized config filename extension, so new default Stage attributes created and registered.
I1008 15:46:48.360436 732747 Simulator.cpp:156] Loading navmesh from data/scene_datasets/mp3d/ur6pFq6Qu1A/ur6pFq6Qu1A.navmesh
I1008 15:46:48.360682 732747 Simulator.cpp:158] Loaded.
I1008 15:46:48.360687 732747 SceneGraph.h:93] Created DrawableGroup: 
I1008 15:46:48.364115 732747 ResourceManager.cpp:234] ResourceManager::loadStage : Not loading semantic mesh
I1008 15:46:48.364123 732747 ResourceManager.cpp:262] ResourceManager::loadStage : start load render asset data/scene_datasets/mp3d/ur6pFq6Qu1A/ur6pFq6Qu1A.glb.
I1008 15:46:48.364125 732747 ResourceManager.cpp:569] ResourceManager::loadStageInternal : Attempting to load stage data/scene_datasets/mp3d/ur6pFq6Qu1A/ur6pFq6Qu1A.glb 
I1008 15:46:48.364144 732747 ResourceManager.cpp:1119] Importing Basis files as BC7 for ur6pFq6Qu1A.glb
W1008 15:46:50.526005 732747 Simulator.cpp:248] :
---
 The active scene does not contain semantic annotations. 
---
I1008 15:46:50.586999 732747 simulator.py:213] Loaded navmesh data/scene_datasets/mp3d/ur6pFq6Qu1A/ur6pFq6Qu1A.navmesh
I1008 15:46:51.261233 732747 PhysicsManager.cpp:33] Deconstructing PhysicsManager
I1008 15:46:51.261256 732747 SemanticScene.h:41] Deconstructing SemanticScene
I1008 15:46:51.265496 732747 SceneManager.h:25] Deconstructing SceneManager
I1008 15:46:51.265506 732747 SceneGraph.h:26] Deconstructing SceneGraph
I1008 15:46:51.265971 732747 Sensor.h:87] Deconstructing Sensor
I1008 15:46:51.266717 732747 Sensor.h:87] Deconstructing Sensor
I1008 15:46:51.266834 732747 Sensor.h:87] Deconstructing Sensor
I1008 15:46:51.266950 732747 Sensor.h:87] Deconstructing Sensor
I1008 15:46:51.267061 732747 Sensor.h:87] Deconstructing Sensor
I1008 15:46:51.267167 732747 Sensor.h:87] Deconstructing Sensor
I1008 15:46:51.267278 732747 Sensor.h:87] Deconstructing Sensor
I1008 15:46:51.267382 732747 Sensor.h:87] Deconstructing Sensor
I1008 15:46:51.267490 732747 Sensor.h:87] Deconstructing Sensor
I1008 15:46:51.267590 732747 Sensor.h:87] Deconstructing Sensor
I1008 15:46:51.267699 732747 Sensor.h:87] Deconstructing Sensor
I1008 15:46:51.267805 732747 Sensor.h:87] Deconstructing Sensor
I1008 15:46:51.267910 732747 Sensor.h:87] Deconstructing Sensor
I1008 15:46:51.268049 732747 Sensor.h:87] Deconstructing Sensor
I1008 15:46:51.268185 732747 Sensor.h:87] Deconstructing Sensor
I1008 15:46:51.268327 732747 Sensor.h:87] Deconstructing Sensor
I1008 15:46:51.268460 732747 Sensor.h:87] Deconstructing Sensor
I1008 15:46:51.268594 732747 Sensor.h:87] Deconstructing Sensor
I1008 15:46:51.268733 732747 Sensor.h:87] Deconstructing Sensor
I1008 15:46:51.268872 732747 Sensor.h:87] Deconstructing Sensor
I1008 15:46:51.269004 732747 Sensor.h:87] Deconstructing Sensor
I1008 15:46:51.270834 732747 Sensor.h:87] Deconstructing Sensor
I1008 15:46:51.270990 732747 Sensor.h:87] Deconstructing Sensor
I1008 15:46:51.271091 732747 Sensor.h:87] Deconstructing Sensor
I1008 15:46:51.277009 732747 Renderer.cpp:34] Deconstructing Renderer
I1008 15:46:51.277025 732747 WindowlessContext.h:17] Deconstructing WindowlessContext
I1008 15:46:51.282430 732747 MetadataMediator.cpp:56] MetadataMediator::setActiveSceneDatasetName : Old active dataset default changed to default successfully.
I1008 15:46:51.283939 732747 AttributesManagerBase.h:283] AttributesManager<T>::createFromJsonOrDefaultInternal  (Physics Manager) : Proposing JSON name : ./data/default.physics_config.json from original name : ./data/default.physics_config.json | This file  does not exist.
I1008 15:46:51.283969 732747 PhysicsAttributesManager.cpp:27] File (./data/default.physics_config.json) not found, so new default physics manager attributes created and registered.
I1008 15:46:51.283975 732747 AbstractObjectAttributesManagerBase.h:175] AbstractObjectAttributesManager<T>::createObject  (Stage) : Making attributes with handle : data/scene_datasets/mp3d/JmbYfDe2QKZ/JmbYfDe2QKZ.glb
I1008 15:46:51.283978 732747 ManagedContainerBase.cpp:19] ManagedContainerBase::convertFilenameToJSON : Filename : data/scene_datasets/mp3d/JmbYfDe2QKZ/JmbYfDe2QKZ.glb changed to proposed JSON configuration filename : data/scene_datasets/mp3d/JmbYfDe2QKZ/JmbYfDe2QKZ.stage_config.json
I1008 15:46:51.283993 732747 AttributesManagerBase.h:283] AttributesManager<T>::createFromJsonOrDefaultInternal  (Stage) : Proposing JSON name : data/scene_datasets/mp3d/JmbYfDe2QKZ/JmbYfDe2QKZ.stage_config.json from original name : data/scene_datasets/mp3d/JmbYfDe2QKZ/JmbYfDe2QKZ.glb | This file  does not exist.
I1008 15:46:51.284040 732747 AbstractObjectAttributesManagerBase.h:181] AbstractObjectAttributesManager<T>::createObject  (Stage) : Done making attributes with handle : data/scene_datasets/mp3d/JmbYfDe2QKZ/JmbYfDe2QKZ.glb
I1008 15:46:51.284041 732747 AbstractObjectAttributesManagerBase.h:188] File (data/scene_datasets/mp3d/JmbYfDe2QKZ/JmbYfDe2QKZ.glb) exists but is not a recognized config filename extension, so new default Stage attributes created and registered.
I1008 15:46:51.284044 732747 Simulator.cpp:156] Loading navmesh from data/scene_datasets/mp3d/JmbYfDe2QKZ/JmbYfDe2QKZ.navmesh
I1008 15:46:51.284152 732747 Simulator.cpp:158] Loaded.
I1008 15:46:51.284157 732747 SceneGraph.h:93] Created DrawableGroup: 
I1008 15:46:51.287564 732747 ResourceManager.cpp:234] ResourceManager::loadStage : Not loading semantic mesh
I1008 15:46:51.287572 732747 ResourceManager.cpp:262] ResourceManager::loadStage : start load render asset data/scene_datasets/mp3d/JmbYfDe2QKZ/JmbYfDe2QKZ.glb.
I1008 15:46:51.287575 732747 ResourceManager.cpp:569] ResourceManager::loadStageInternal : Attempting to load stage data/scene_datasets/mp3d/JmbYfDe2QKZ/JmbYfDe2QKZ.glb 
I1008 15:46:51.287593 732747 ResourceManager.cpp:1119] Importing Basis files as BC7 for JmbYfDe2QKZ.glb
W1008 15:46:52.339828 732747 Simulator.cpp:248] :
---
 The active scene does not contain semantic annotations. 
---
I1008 15:46:52.391625 732747 simulator.py:213] Loaded navmesh data/scene_datasets/mp3d/JmbYfDe2QKZ/JmbYfDe2QKZ.navmesh
I1008 15:46:52.792075 732747 PhysicsManager.cpp:33] Deconstructing PhysicsManager
I1008 15:46:52.792094 732747 SemanticScene.h:41] Deconstructing SemanticScene
I1008 15:46:52.795784 732747 SceneManager.h:25] Deconstructing SceneManager
I1008 15:46:52.795789 732747 SceneGraph.h:26] Deconstructing SceneGraph
I1008 15:46:52.796145 732747 Sensor.h:87] Deconstructing Sensor
I1008 15:46:52.796613 732747 Sensor.h:87] Deconstructing Sensor
I1008 15:46:52.796725 732747 Sensor.h:87] Deconstructing Sensor
I1008 15:46:52.796831 732747 Sensor.h:87] Deconstructing Sensor
I1008 15:46:52.796932 732747 Sensor.h:87] Deconstructing Sensor
I1008 15:46:52.797031 732747 Sensor.h:87] Deconstructing Sensor
I1008 15:46:52.797130 732747 Sensor.h:87] Deconstructing Sensor
I1008 15:46:52.797225 732747 Sensor.h:87] Deconstructing Sensor
I1008 15:46:52.797325 732747 Sensor.h:87] Deconstructing Sensor
I1008 15:46:52.797422 732747 Sensor.h:87] Deconstructing Sensor
I1008 15:46:52.797518 732747 Sensor.h:87] Deconstructing Sensor
I1008 15:46:52.797617 732747 Sensor.h:87] Deconstructing Sensor
I1008 15:46:52.797716 732747 Sensor.h:87] Deconstructing Sensor
I1008 15:46:52.797835 732747 Sensor.h:87] Deconstructing Sensor
I1008 15:46:52.797961 732747 Sensor.h:87] Deconstructing Sensor
I1008 15:46:52.798075 732747 Sensor.h:87] Deconstructing Sensor
I1008 15:46:52.798195 732747 Sensor.h:87] Deconstructing Sensor
I1008 15:46:52.798312 732747 Sensor.h:87] Deconstructing Sensor
I1008 15:46:52.798435 732747 Sensor.h:87] Deconstructing Sensor
I1008 15:46:52.798559 732747 Sensor.h:87] Deconstructing Sensor
I1008 15:46:52.798681 732747 Sensor.h:87] Deconstructing Sensor
I1008 15:46:52.798797 732747 Sensor.h:87] Deconstructing Sensor
I1008 15:46:52.798924 732747 Sensor.h:87] Deconstructing Sensor
I1008 15:46:52.799000 732747 Sensor.h:87] Deconstructing Sensor
I1008 15:46:52.802333 732747 Renderer.cpp:34] Deconstructing Renderer
I1008 15:46:52.802345 732747 WindowlessContext.h:17] Deconstructing WindowlessContext
I1008 15:46:52.804920 732747 MetadataMediator.cpp:56] MetadataMediator::setActiveSceneDatasetName : Old active dataset default changed to default successfully.
I1008 15:46:52.806501 732747 AttributesManagerBase.h:283] AttributesManager<T>::createFromJsonOrDefaultInternal  (Physics Manager) : Proposing JSON name : ./data/default.physics_config.json from original name : ./data/default.physics_config.json | This file  does not exist.
I1008 15:46:52.806530 732747 PhysicsAttributesManager.cpp:27] File (./data/default.physics_config.json) not found, so new default physics manager attributes created and registered.
I1008 15:46:52.806535 732747 AbstractObjectAttributesManagerBase.h:175] AbstractObjectAttributesManager<T>::createObject  (Stage) : Making attributes with handle : data/scene_datasets/mp3d/ur6pFq6Qu1A/ur6pFq6Qu1A.glb
I1008 15:46:52.806538 732747 ManagedContainerBase.cpp:19] ManagedContainerBase::convertFilenameToJSON : Filename : data/scene_datasets/mp3d/ur6pFq6Qu1A/ur6pFq6Qu1A.glb changed to proposed JSON configuration filename : data/scene_datasets/mp3d/ur6pFq6Qu1A/ur6pFq6Qu1A.stage_config.json
I1008 15:46:52.806553 732747 AttributesManagerBase.h:283] AttributesManager<T>::createFromJsonOrDefaultInternal  (Stage) : Proposing JSON name : data/scene_datasets/mp3d/ur6pFq6Qu1A/ur6pFq6Qu1A.stage_config.json from original name : data/scene_datasets/mp3d/ur6pFq6Qu1A/ur6pFq6Qu1A.glb | This file  does not exist.
I1008 15:46:52.806597 732747 AbstractObjectAttributesManagerBase.h:181] AbstractObjectAttributesManager<T>::createObject  (Stage) : Done making attributes with handle : data/scene_datasets/mp3d/ur6pFq6Qu1A/ur6pFq6Qu1A.glb
I1008 15:46:52.806599 732747 AbstractObjectAttributesManagerBase.h:188] File (data/scene_datasets/mp3d/ur6pFq6Qu1A/ur6pFq6Qu1A.glb) exists but is not a recognized config filename extension, so new default Stage attributes created and registered.
I1008 15:46:52.806602 732747 Simulator.cpp:156] Loading navmesh from data/scene_datasets/mp3d/ur6pFq6Qu1A/ur6pFq6Qu1A.navmesh
I1008 15:46:52.806849 732747 Simulator.cpp:158] Loaded.
I1008 15:46:52.806854 732747 SceneGraph.h:93] Created DrawableGroup: 
I1008 15:46:52.810324 732747 ResourceManager.cpp:234] ResourceManager::loadStage : Not loading semantic mesh
I1008 15:46:52.810330 732747 ResourceManager.cpp:262] ResourceManager::loadStage : start load render asset data/scene_datasets/mp3d/ur6pFq6Qu1A/ur6pFq6Qu1A.glb.
I1008 15:46:52.810331 732747 ResourceManager.cpp:569] ResourceManager::loadStageInternal : Attempting to load stage data/scene_datasets/mp3d/ur6pFq6Qu1A/ur6pFq6Qu1A.glb 
I1008 15:46:52.810353 732747 ResourceManager.cpp:1119] Importing Basis files as BC7 for ur6pFq6Qu1A.glb
W1008 15:46:54.854933 732747 Simulator.cpp:248] :
---
 The active scene does not contain semantic annotations. 
---
I1008 15:46:54.912177 732747 simulator.py:213] Loaded navmesh data/scene_datasets/mp3d/ur6pFq6Qu1A/ur6pFq6Qu1A.navmesh
I1008 15:46:55.458313 732747 PhysicsManager.cpp:33] Deconstructing PhysicsManager
I1008 15:46:55.458338 732747 SemanticScene.h:41] Deconstructing SemanticScene
I1008 15:46:55.462469 732747 SceneManager.h:25] Deconstructing SceneManager
I1008 15:46:55.462479 732747 SceneGraph.h:26] Deconstructing SceneGraph
I1008 15:46:55.462891 732747 Sensor.h:87] Deconstructing Sensor
I1008 15:46:55.463465 732747 Sensor.h:87] Deconstructing Sensor
I1008 15:46:55.463572 732747 Sensor.h:87] Deconstructing Sensor
I1008 15:46:55.463688 732747 Sensor.h:87] Deconstructing Sensor
I1008 15:46:55.463794 732747 Sensor.h:87] Deconstructing Sensor
I1008 15:46:55.463891 732747 Sensor.h:87] Deconstructing Sensor
I1008 15:46:55.463992 732747 Sensor.h:87] Deconstructing Sensor
I1008 15:46:55.464089 732747 Sensor.h:87] Deconstructing Sensor
I1008 15:46:55.464193 732747 Sensor.h:87] Deconstructing Sensor
I1008 15:46:55.464289 732747 Sensor.h:87] Deconstructing Sensor
I1008 15:46:55.464386 732747 Sensor.h:87] Deconstructing Sensor
I1008 15:46:55.464488 732747 Sensor.h:87] Deconstructing Sensor
I1008 15:46:55.464586 732747 Sensor.h:87] Deconstructing Sensor
I1008 15:46:55.464752 732747 Sensor.h:87] Deconstructing Sensor
I1008 15:46:55.464882 732747 Sensor.h:87] Deconstructing Sensor
I1008 15:46:55.465003 732747 Sensor.h:87] Deconstructing Sensor
I1008 15:46:55.465131 732747 Sensor.h:87] Deconstructing Sensor
I1008 15:46:55.465256 732747 Sensor.h:87] Deconstructing Sensor
I1008 15:46:55.465384 732747 Sensor.h:87] Deconstructing Sensor
I1008 15:46:55.465507 732747 Sensor.h:87] Deconstructing Sensor
I1008 15:46:55.465631 732747 Sensor.h:87] Deconstructing Sensor
I1008 15:46:55.465785 732747 Sensor.h:87] Deconstructing Sensor
I1008 15:46:55.465917 732747 Sensor.h:87] Deconstructing Sensor
I1008 15:46:55.465996 732747 Sensor.h:87] Deconstructing Sensor
I1008 15:46:55.472321 732747 Renderer.cpp:34] Deconstructing Renderer
I1008 15:46:55.472347 732747 WindowlessContext.h:17] Deconstructing WindowlessContext
I1008 15:46:55.477576 732747 MetadataMediator.cpp:56] MetadataMediator::setActiveSceneDatasetName : Old active dataset default changed to default successfully.
I1008 15:46:55.478852 732747 AttributesManagerBase.h:283] AttributesManager<T>::createFromJsonOrDefaultInternal  (Physics Manager) : Proposing JSON name : ./data/default.physics_config.json from original name : ./data/default.physics_config.json | This file  does not exist.
I1008 15:46:55.478878 732747 PhysicsAttributesManager.cpp:27] File (./data/default.physics_config.json) not found, so new default physics manager attributes created and registered.
I1008 15:46:55.478883 732747 AbstractObjectAttributesManagerBase.h:175] AbstractObjectAttributesManager<T>::createObject  (Stage) : Making attributes with handle : data/scene_datasets/mp3d/ZMojNkEp431/ZMojNkEp431.glb
I1008 15:46:55.478886 732747 ManagedContainerBase.cpp:19] ManagedContainerBase::convertFilenameToJSON : Filename : data/scene_datasets/mp3d/ZMojNkEp431/ZMojNkEp431.glb changed to proposed JSON configuration filename : data/scene_datasets/mp3d/ZMojNkEp431/ZMojNkEp431.stage_config.json
I1008 15:46:55.478899 732747 AttributesManagerBase.h:283] AttributesManager<T>::createFromJsonOrDefaultInternal  (Stage) : Proposing JSON name : data/scene_datasets/mp3d/ZMojNkEp431/ZMojNkEp431.stage_config.json from original name : data/scene_datasets/mp3d/ZMojNkEp431/ZMojNkEp431.glb | This file  does not exist.
I1008 15:46:55.478941 732747 AbstractObjectAttributesManagerBase.h:181] AbstractObjectAttributesManager<T>::createObject  (Stage) : Done making attributes with handle : data/scene_datasets/mp3d/ZMojNkEp431/ZMojNkEp431.glb
I1008 15:46:55.478950 732747 AbstractObjectAttributesManagerBase.h:188] File (data/scene_datasets/mp3d/ZMojNkEp431/ZMojNkEp431.glb) exists but is not a recognized config filename extension, so new default Stage attributes created and registered.
I1008 15:46:55.478953 732747 Simulator.cpp:156] Loading navmesh from data/scene_datasets/mp3d/ZMojNkEp431/ZMojNkEp431.navmesh
I1008 15:46:55.479096 732747 Simulator.cpp:158] Loaded.
I1008 15:46:55.479101 732747 SceneGraph.h:93] Created DrawableGroup: 
I1008 15:46:55.482331 732747 ResourceManager.cpp:234] ResourceManager::loadStage : Not loading semantic mesh
I1008 15:46:55.482338 732747 ResourceManager.cpp:262] ResourceManager::loadStage : start load render asset data/scene_datasets/mp3d/ZMojNkEp431/ZMojNkEp431.glb.
I1008 15:46:55.482339 732747 ResourceManager.cpp:569] ResourceManager::loadStageInternal : Attempting to load stage data/scene_datasets/mp3d/ZMojNkEp431/ZMojNkEp431.glb 
I1008 15:46:55.482350 732747 ResourceManager.cpp:1119] Importing Basis files as BC7 for ZMojNkEp431.glb
W1008 15:46:56.779661 732747 Simulator.cpp:248] :
---
 The active scene does not contain semantic annotations. 
---
I1008 15:46:56.823010 732747 simulator.py:213] Loaded navmesh data/scene_datasets/mp3d/ZMojNkEp431/ZMojNkEp431.navmesh
I1008 15:46:57.619077 732747 PhysicsManager.cpp:33] Deconstructing PhysicsManager
I1008 15:46:57.619098 732747 SemanticScene.h:41] Deconstructing SemanticScene
I1008 15:46:57.622818 732747 SceneManager.h:25] Deconstructing SceneManager
I1008 15:46:57.622828 732747 SceneGraph.h:26] Deconstructing SceneGraph
I1008 15:46:57.623253 732747 Sensor.h:87] Deconstructing Sensor
I1008 15:46:57.623641 732747 Sensor.h:87] Deconstructing Sensor
I1008 15:46:57.623754 732747 Sensor.h:87] Deconstructing Sensor
I1008 15:46:57.623862 732747 Sensor.h:87] Deconstructing Sensor
I1008 15:46:57.623965 732747 Sensor.h:87] Deconstructing Sensor
I1008 15:46:57.624064 732747 Sensor.h:87] Deconstructing Sensor
I1008 15:46:57.624168 732747 Sensor.h:87] Deconstructing Sensor
I1008 15:46:57.624264 732747 Sensor.h:87] Deconstructing Sensor
I1008 15:46:57.624368 732747 Sensor.h:87] Deconstructing Sensor
I1008 15:46:57.624465 732747 Sensor.h:87] Deconstructing Sensor
I1008 15:46:57.624562 732747 Sensor.h:87] Deconstructing Sensor
I1008 15:46:57.624667 732747 Sensor.h:87] Deconstructing Sensor
I1008 15:46:57.624768 732747 Sensor.h:87] Deconstructing Sensor
I1008 15:46:57.624897 732747 Sensor.h:87] Deconstructing Sensor
I1008 15:46:57.625028 732747 Sensor.h:87] Deconstructing Sensor
I1008 15:46:57.625151 732747 Sensor.h:87] Deconstructing Sensor
I1008 15:46:57.625279 732747 Sensor.h:87] Deconstructing Sensor
I1008 15:46:57.625402 732747 Sensor.h:87] Deconstructing Sensor
I1008 15:46:57.625525 732747 Sensor.h:87] Deconstructing Sensor
I1008 15:46:57.625648 732747 Sensor.h:87] Deconstructing Sensor
I1008 15:46:57.625773 732747 Sensor.h:87] Deconstructing Sensor
I1008 15:46:57.625892 732747 Sensor.h:87] Deconstructing Sensor
I1008 15:46:57.626017 732747 Sensor.h:87] Deconstructing Sensor
I1008 15:46:57.626096 732747 Sensor.h:87] Deconstructing Sensor
I1008 15:46:57.629779 732747 Renderer.cpp:34] Deconstructing Renderer
I1008 15:46:57.629792 732747 WindowlessContext.h:17] Deconstructing WindowlessContext
I1008 15:46:57.633165 732747 MetadataMediator.cpp:56] MetadataMediator::setActiveSceneDatasetName : Old active dataset default changed to default successfully.
I1008 15:46:57.637216 732747 AttributesManagerBase.h:283] AttributesManager<T>::createFromJsonOrDefaultInternal  (Physics Manager) : Proposing JSON name : ./data/default.physics_config.json from original name : ./data/default.physics_config.json | This file  does not exist.
I1008 15:46:57.637261 732747 PhysicsAttributesManager.cpp:27] File (./data/default.physics_config.json) not found, so new default physics manager attributes created and registered.
I1008 15:46:57.637267 732747 AbstractObjectAttributesManagerBase.h:175] AbstractObjectAttributesManager<T>::createObject  (Stage) : Making attributes with handle : data/scene_datasets/mp3d/JmbYfDe2QKZ/JmbYfDe2QKZ.glb
I1008 15:46:57.637280 732747 ManagedContainerBase.cpp:19] ManagedContainerBase::convertFilenameToJSON : Filename : data/scene_datasets/mp3d/JmbYfDe2QKZ/JmbYfDe2QKZ.glb changed to proposed JSON configuration filename : data/scene_datasets/mp3d/JmbYfDe2QKZ/JmbYfDe2QKZ.stage_config.json
I1008 15:46:57.637295 732747 AttributesManagerBase.h:283] AttributesManager<T>::createFromJsonOrDefaultInternal  (Stage) : Proposing JSON name : data/scene_datasets/mp3d/JmbYfDe2QKZ/JmbYfDe2QKZ.stage_config.json from original name : data/scene_datasets/mp3d/JmbYfDe2QKZ/JmbYfDe2QKZ.glb | This file  does not exist.
I1008 15:46:57.637354 732747 AbstractObjectAttributesManagerBase.h:181] AbstractObjectAttributesManager<T>::createObject  (Stage) : Done making attributes with handle : data/scene_datasets/mp3d/JmbYfDe2QKZ/JmbYfDe2QKZ.glb
I1008 15:46:57.637355 732747 AbstractObjectAttributesManagerBase.h:188] File (data/scene_datasets/mp3d/JmbYfDe2QKZ/JmbYfDe2QKZ.glb) exists but is not a recognized config filename extension, so new default Stage attributes created and registered.
I1008 15:46:57.637358 732747 Simulator.cpp:156] Loading navmesh from data/scene_datasets/mp3d/JmbYfDe2QKZ/JmbYfDe2QKZ.navmesh
I1008 15:46:57.637483 732747 Simulator.cpp:158] Loaded.
I1008 15:46:57.637487 732747 SceneGraph.h:93] Created DrawableGroup: 
I1008 15:46:57.641273 732747 ResourceManager.cpp:234] ResourceManager::loadStage : Not loading semantic mesh
I1008 15:46:57.641283 732747 ResourceManager.cpp:262] ResourceManager::loadStage : start load render asset data/scene_datasets/mp3d/JmbYfDe2QKZ/JmbYfDe2QKZ.glb.
I1008 15:46:57.641283 732747 ResourceManager.cpp:569] ResourceManager::loadStageInternal : Attempting to load stage data/scene_datasets/mp3d/JmbYfDe2QKZ/JmbYfDe2QKZ.glb 
I1008 15:46:57.641300 732747 ResourceManager.cpp:1119] Importing Basis files as BC7 for JmbYfDe2QKZ.glb
W1008 15:46:58.696807 732747 Simulator.cpp:248] :
---
 The active scene does not contain semantic annotations. 
---
I1008 15:46:58.749850 732747 simulator.py:213] Loaded navmesh data/scene_datasets/mp3d/JmbYfDe2QKZ/JmbYfDe2QKZ.navmesh
I1008 15:46:59.158614 732747 PhysicsManager.cpp:33] Deconstructing PhysicsManager
I1008 15:46:59.158641 732747 SemanticScene.h:41] Deconstructing SemanticScene
I1008 15:46:59.162750 732747 SceneManager.h:25] Deconstructing SceneManager
I1008 15:46:59.162756 732747 SceneGraph.h:26] Deconstructing SceneGraph
I1008 15:46:59.163125 732747 Sensor.h:87] Deconstructing Sensor
I1008 15:46:59.163645 732747 Sensor.h:87] Deconstructing Sensor
I1008 15:46:59.163841 732747 Sensor.h:87] Deconstructing Sensor
I1008 15:46:59.163955 732747 Sensor.h:87] Deconstructing Sensor
I1008 15:46:59.164065 732747 Sensor.h:87] Deconstructing Sensor
I1008 15:46:59.164163 732747 Sensor.h:87] Deconstructing Sensor
I1008 15:46:59.164268 732747 Sensor.h:87] Deconstructing Sensor
I1008 15:46:59.164366 732747 Sensor.h:87] Deconstructing Sensor
I1008 15:46:59.164469 732747 Sensor.h:87] Deconstructing Sensor
I1008 15:46:59.164567 732747 Sensor.h:87] Deconstructing Sensor
I1008 15:46:59.164669 732747 Sensor.h:87] Deconstructing Sensor
I1008 15:46:59.164772 732747 Sensor.h:87] Deconstructing Sensor
I1008 15:46:59.164873 732747 Sensor.h:87] Deconstructing Sensor
I1008 15:46:59.165012 732747 Sensor.h:87] Deconstructing Sensor
I1008 15:46:59.165148 732747 Sensor.h:87] Deconstructing Sensor
I1008 15:46:59.165273 732747 Sensor.h:87] Deconstructing Sensor
I1008 15:46:59.165402 732747 Sensor.h:87] Deconstructing Sensor
I1008 15:46:59.165527 732747 Sensor.h:87] Deconstructing Sensor
I1008 15:46:59.165658 732747 Sensor.h:87] Deconstructing Sensor
I1008 15:46:59.165791 732747 Sensor.h:87] Deconstructing Sensor
I1008 15:46:59.165920 732747 Sensor.h:87] Deconstructing Sensor
I1008 15:46:59.166044 732747 Sensor.h:87] Deconstructing Sensor
I1008 15:46:59.166177 732747 Sensor.h:87] Deconstructing Sensor
I1008 15:46:59.166281 732747 Sensor.h:87] Deconstructing Sensor
I1008 15:46:59.170871 732747 Renderer.cpp:34] Deconstructing Renderer
I1008 15:46:59.170890 732747 WindowlessContext.h:17] Deconstructing WindowlessContext
I1008 15:46:59.173556 732747 MetadataMediator.cpp:56] MetadataMediator::setActiveSceneDatasetName : Old active dataset default changed to default successfully.
I1008 15:46:59.174614 732747 AttributesManagerBase.h:283] AttributesManager<T>::createFromJsonOrDefaultInternal  (Physics Manager) : Proposing JSON name : ./data/default.physics_config.json from original name : ./data/default.physics_config.json | This file  does not exist.
I1008 15:46:59.174639 732747 PhysicsAttributesManager.cpp:27] File (./data/default.physics_config.json) not found, so new default physics manager attributes created and registered.
I1008 15:46:59.174644 732747 AbstractObjectAttributesManagerBase.h:175] AbstractObjectAttributesManager<T>::createObject  (Stage) : Making attributes with handle : data/scene_datasets/mp3d/ZMojNkEp431/ZMojNkEp431.glb
I1008 15:46:59.174647 732747 ManagedContainerBase.cpp:19] ManagedContainerBase::convertFilenameToJSON : Filename : data/scene_datasets/mp3d/ZMojNkEp431/ZMojNkEp431.glb changed to proposed JSON configuration filename : data/scene_datasets/mp3d/ZMojNkEp431/ZMojNkEp431.stage_config.json
I1008 15:46:59.174661 732747 AttributesManagerBase.h:283] AttributesManager<T>::createFromJsonOrDefaultInternal  (Stage) : Proposing JSON name : data/scene_datasets/mp3d/ZMojNkEp431/ZMojNkEp431.stage_config.json from original name : data/scene_datasets/mp3d/ZMojNkEp431/ZMojNkEp431.glb | This file  does not exist.
I1008 15:46:59.174706 732747 AbstractObjectAttributesManagerBase.h:181] AbstractObjectAttributesManager<T>::createObject  (Stage) : Done making attributes with handle : data/scene_datasets/mp3d/ZMojNkEp431/ZMojNkEp431.glb
I1008 15:46:59.174707 732747 AbstractObjectAttributesManagerBase.h:188] File (data/scene_datasets/mp3d/ZMojNkEp431/ZMojNkEp431.glb) exists but is not a recognized config filename extension, so new default Stage attributes created and registered.
I1008 15:46:59.174710 732747 Simulator.cpp:156] Loading navmesh from data/scene_datasets/mp3d/ZMojNkEp431/ZMojNkEp431.navmesh
I1008 15:46:59.174849 732747 Simulator.cpp:158] Loaded.
I1008 15:46:59.174853 732747 SceneGraph.h:93] Created DrawableGroup: 
I1008 15:46:59.178153 732747 ResourceManager.cpp:234] ResourceManager::loadStage : Not loading semantic mesh
I1008 15:46:59.178159 732747 ResourceManager.cpp:262] ResourceManager::loadStage : start load render asset data/scene_datasets/mp3d/ZMojNkEp431/ZMojNkEp431.glb.
I1008 15:46:59.178160 732747 ResourceManager.cpp:569] ResourceManager::loadStageInternal : Attempting to load stage data/scene_datasets/mp3d/ZMojNkEp431/ZMojNkEp431.glb 
I1008 15:46:59.178174 732747 ResourceManager.cpp:1119] Importing Basis files as BC7 for ZMojNkEp431.glb
W1008 15:47:00.450976 732747 Simulator.cpp:248] :
---
 The active scene does not contain semantic annotations. 
---
I1008 15:47:00.492575 732747 simulator.py:213] Loaded navmesh data/scene_datasets/mp3d/ZMojNkEp431/ZMojNkEp431.navmesh
I1008 15:47:01.685381 732747 PhysicsManager.cpp:33] Deconstructing PhysicsManager
I1008 15:47:01.685407 732747 SemanticScene.h:41] Deconstructing SemanticScene
I1008 15:47:01.689011 732747 SceneManager.h:25] Deconstructing SceneManager
I1008 15:47:01.689020 732747 SceneGraph.h:26] Deconstructing SceneGraph
I1008 15:47:01.689365 732747 Sensor.h:87] Deconstructing Sensor
I1008 15:47:01.689692 732747 Sensor.h:87] Deconstructing Sensor
I1008 15:47:01.689797 732747 Sensor.h:87] Deconstructing Sensor
I1008 15:47:01.689903 732747 Sensor.h:87] Deconstructing Sensor
I1008 15:47:01.690006 732747 Sensor.h:87] Deconstructing Sensor
I1008 15:47:01.690105 732747 Sensor.h:87] Deconstructing Sensor
I1008 15:47:01.690210 732747 Sensor.h:87] Deconstructing Sensor
I1008 15:47:01.690310 732747 Sensor.h:87] Deconstructing Sensor
I1008 15:47:01.690414 732747 Sensor.h:87] Deconstructing Sensor
I1008 15:47:01.690513 732747 Sensor.h:87] Deconstructing Sensor
I1008 15:47:01.690613 732747 Sensor.h:87] Deconstructing Sensor
I1008 15:47:01.690721 732747 Sensor.h:87] Deconstructing Sensor
I1008 15:47:01.690821 732747 Sensor.h:87] Deconstructing Sensor
I1008 15:47:01.690959 732747 Sensor.h:87] Deconstructing Sensor
I1008 15:47:01.691089 732747 Sensor.h:87] Deconstructing Sensor
I1008 15:47:01.691211 732747 Sensor.h:87] Deconstructing Sensor
I1008 15:47:01.691339 732747 Sensor.h:87] Deconstructing Sensor
I1008 15:47:01.691461 732747 Sensor.h:87] Deconstructing Sensor
I1008 15:47:01.691586 732747 Sensor.h:87] Deconstructing Sensor
I1008 15:47:01.691715 732747 Sensor.h:87] Deconstructing Sensor
I1008 15:47:01.691839 732747 Sensor.h:87] Deconstructing Sensor
I1008 15:47:01.692010 732747 Sensor.h:87] Deconstructing Sensor
I1008 15:47:01.692140 732747 Sensor.h:87] Deconstructing Sensor
I1008 15:47:01.692219 732747 Sensor.h:87] Deconstructing Sensor
I1008 15:47:01.696593 732747 Renderer.cpp:34] Deconstructing Renderer
I1008 15:47:01.696609 732747 WindowlessContext.h:17] Deconstructing WindowlessContext
I1008 15:47:01.700011 732747 MetadataMediator.cpp:56] MetadataMediator::setActiveSceneDatasetName : Old active dataset default changed to default successfully.
I1008 15:47:01.703797 732747 AttributesManagerBase.h:283] AttributesManager<T>::createFromJsonOrDefaultInternal  (Physics Manager) : Proposing JSON name : ./data/default.physics_config.json from original name : ./data/default.physics_config.json | This file  does not exist.
I1008 15:47:01.703838 732747 PhysicsAttributesManager.cpp:27] File (./data/default.physics_config.json) not found, so new default physics manager attributes created and registered.
I1008 15:47:01.703845 732747 AbstractObjectAttributesManagerBase.h:175] AbstractObjectAttributesManager<T>::createObject  (Stage) : Making attributes with handle : data/scene_datasets/mp3d/pRbA3pwrgk9/pRbA3pwrgk9.glb
I1008 15:47:01.703848 732747 ManagedContainerBase.cpp:19] ManagedContainerBase::convertFilenameToJSON : Filename : data/scene_datasets/mp3d/pRbA3pwrgk9/pRbA3pwrgk9.glb changed to proposed JSON configuration filename : data/scene_datasets/mp3d/pRbA3pwrgk9/pRbA3pwrgk9.stage_config.json
I1008 15:47:01.703864 732747 AttributesManagerBase.h:283] AttributesManager<T>::createFromJsonOrDefaultInternal  (Stage) : Proposing JSON name : data/scene_datasets/mp3d/pRbA3pwrgk9/pRbA3pwrgk9.stage_config.json from original name : data/scene_datasets/mp3d/pRbA3pwrgk9/pRbA3pwrgk9.glb | This file  does not exist.
I1008 15:47:01.703913 732747 AbstractObjectAttributesManagerBase.h:181] AbstractObjectAttributesManager<T>::createObject  (Stage) : Done making attributes with handle : data/scene_datasets/mp3d/pRbA3pwrgk9/pRbA3pwrgk9.glb
I1008 15:47:01.703914 732747 AbstractObjectAttributesManagerBase.h:188] File (data/scene_datasets/mp3d/pRbA3pwrgk9/pRbA3pwrgk9.glb) exists but is not a recognized config filename extension, so new default Stage attributes created and registered.
I1008 15:47:01.703917 732747 Simulator.cpp:156] Loading navmesh from data/scene_datasets/mp3d/pRbA3pwrgk9/pRbA3pwrgk9.navmesh
I1008 15:47:01.704074 732747 Simulator.cpp:158] Loaded.
I1008 15:47:01.704079 732747 SceneGraph.h:93] Created DrawableGroup: 
I1008 15:47:01.707753 732747 ResourceManager.cpp:234] ResourceManager::loadStage : Not loading semantic mesh
I1008 15:47:01.707762 732747 ResourceManager.cpp:262] ResourceManager::loadStage : start load render asset data/scene_datasets/mp3d/pRbA3pwrgk9/pRbA3pwrgk9.glb.
I1008 15:47:01.707764 732747 ResourceManager.cpp:569] ResourceManager::loadStageInternal : Attempting to load stage data/scene_datasets/mp3d/pRbA3pwrgk9/pRbA3pwrgk9.glb 
I1008 15:47:01.707782 732747 ResourceManager.cpp:1119] Importing Basis files as BC7 for pRbA3pwrgk9.glb
W1008 15:47:02.860468 732747 Simulator.cpp:248] :
---
 The active scene does not contain semantic annotations. 
---
I1008 15:47:02.915205 732747 simulator.py:213] Loaded navmesh data/scene_datasets/mp3d/pRbA3pwrgk9/pRbA3pwrgk9.navmesh
I1008 15:47:03.242933 732747 PhysicsManager.cpp:33] Deconstructing PhysicsManager
I1008 15:47:03.242957 732747 SemanticScene.h:41] Deconstructing SemanticScene
I1008 15:47:03.246867 732747 SceneManager.h:25] Deconstructing SceneManager
I1008 15:47:03.246872 732747 SceneGraph.h:26] Deconstructing SceneGraph
I1008 15:47:03.247222 732747 Sensor.h:87] Deconstructing Sensor
I1008 15:47:03.247735 732747 Sensor.h:87] Deconstructing Sensor
I1008 15:47:03.247843 732747 Sensor.h:87] Deconstructing Sensor
I1008 15:47:03.247956 732747 Sensor.h:87] Deconstructing Sensor
I1008 15:47:03.248059 732747 Sensor.h:87] Deconstructing Sensor
I1008 15:47:03.248159 732747 Sensor.h:87] Deconstructing Sensor
I1008 15:47:03.248265 732747 Sensor.h:87] Deconstructing Sensor
I1008 15:47:03.248363 732747 Sensor.h:87] Deconstructing Sensor
I1008 15:47:03.248466 732747 Sensor.h:87] Deconstructing Sensor
I1008 15:47:03.248565 732747 Sensor.h:87] Deconstructing Sensor
I1008 15:47:03.248667 732747 Sensor.h:87] Deconstructing Sensor
I1008 15:47:03.248769 732747 Sensor.h:87] Deconstructing Sensor
I1008 15:47:03.248867 732747 Sensor.h:87] Deconstructing Sensor
I1008 15:47:03.248997 732747 Sensor.h:87] Deconstructing Sensor
I1008 15:47:03.249125 732747 Sensor.h:87] Deconstructing Sensor
I1008 15:47:03.249243 732747 Sensor.h:87] Deconstructing Sensor
I1008 15:47:03.249366 732747 Sensor.h:87] Deconstructing Sensor
I1008 15:47:03.249486 732747 Sensor.h:87] Deconstructing Sensor
I1008 15:47:03.249609 732747 Sensor.h:87] Deconstructing Sensor
I1008 15:47:03.249735 732747 Sensor.h:87] Deconstructing Sensor
I1008 15:47:03.249868 732747 Sensor.h:87] Deconstructing Sensor
I1008 15:47:03.249990 732747 Sensor.h:87] Deconstructing Sensor
I1008 15:47:03.250116 732747 Sensor.h:87] Deconstructing Sensor
I1008 15:47:03.250221 732747 Sensor.h:87] Deconstructing Sensor
I1008 15:47:03.253944 732747 Renderer.cpp:34] Deconstructing Renderer
I1008 15:47:03.253952 732747 WindowlessContext.h:17] Deconstructing WindowlessContext
I1008 15:47:03.256820 732747 MetadataMediator.cpp:56] MetadataMediator::setActiveSceneDatasetName : Old active dataset default changed to default successfully.
I1008 15:47:03.257326 732747 AttributesManagerBase.h:283] AttributesManager<T>::createFromJsonOrDefaultInternal  (Physics Manager) : Proposing JSON name : ./data/default.physics_config.json from original name : ./data/default.physics_config.json | This file  does not exist.
I1008 15:47:03.257346 732747 PhysicsAttributesManager.cpp:27] File (./data/default.physics_config.json) not found, so new default physics manager attributes created and registered.
I1008 15:47:03.257351 732747 AbstractObjectAttributesManagerBase.h:175] AbstractObjectAttributesManager<T>::createObject  (Stage) : Making attributes with handle : data/scene_datasets/mp3d/ur6pFq6Qu1A/ur6pFq6Qu1A.glb
I1008 15:47:03.257354 732747 ManagedContainerBase.cpp:19] ManagedContainerBase::convertFilenameToJSON : Filename : data/scene_datasets/mp3d/ur6pFq6Qu1A/ur6pFq6Qu1A.glb changed to proposed JSON configuration filename : data/scene_datasets/mp3d/ur6pFq6Qu1A/ur6pFq6Qu1A.stage_config.json
I1008 15:47:03.257369 732747 AttributesManagerBase.h:283] AttributesManager<T>::createFromJsonOrDefaultInternal  (Stage) : Proposing JSON name : data/scene_datasets/mp3d/ur6pFq6Qu1A/ur6pFq6Qu1A.stage_config.json from original name : data/scene_datasets/mp3d/ur6pFq6Qu1A/ur6pFq6Qu1A.glb | This file  does not exist.
I1008 15:47:03.257408 732747 AbstractObjectAttributesManagerBase.h:181] AbstractObjectAttributesManager<T>::createObject  (Stage) : Done making attributes with handle : data/scene_datasets/mp3d/ur6pFq6Qu1A/ur6pFq6Qu1A.glb
I1008 15:47:03.257409 732747 AbstractObjectAttributesManagerBase.h:188] File (data/scene_datasets/mp3d/ur6pFq6Qu1A/ur6pFq6Qu1A.glb) exists but is not a recognized config filename extension, so new default Stage attributes created and registered.
I1008 15:47:03.257412 732747 Simulator.cpp:156] Loading navmesh from data/scene_datasets/mp3d/ur6pFq6Qu1A/ur6pFq6Qu1A.navmesh
I1008 15:47:03.257571 732747 Simulator.cpp:158] Loaded.
I1008 15:47:03.257575 732747 SceneGraph.h:93] Created DrawableGroup: 
I1008 15:47:03.260684 732747 ResourceManager.cpp:234] ResourceManager::loadStage : Not loading semantic mesh
I1008 15:47:03.260690 732747 ResourceManager.cpp:262] ResourceManager::loadStage : start load render asset data/scene_datasets/mp3d/ur6pFq6Qu1A/ur6pFq6Qu1A.glb.
I1008 15:47:03.260696 732747 ResourceManager.cpp:569] ResourceManager::loadStageInternal : Attempting to load stage data/scene_datasets/mp3d/ur6pFq6Qu1A/ur6pFq6Qu1A.glb 
I1008 15:47:03.260707 732747 ResourceManager.cpp:1119] Importing Basis files as BC7 for ur6pFq6Qu1A.glb
W1008 15:47:05.441771 732747 Simulator.cpp:248] :
---
 The active scene does not contain semantic annotations. 
---
I1008 15:47:05.502292 732747 simulator.py:213] Loaded navmesh data/scene_datasets/mp3d/ur6pFq6Qu1A/ur6pFq6Qu1A.navmesh
I1008 15:47:05.985625 732747 PhysicsManager.cpp:33] Deconstructing PhysicsManager
I1008 15:47:05.985644 732747 SemanticScene.h:41] Deconstructing SemanticScene
I1008 15:47:05.989533 732747 SceneManager.h:25] Deconstructing SceneManager
I1008 15:47:05.989539 732747 SceneGraph.h:26] Deconstructing SceneGraph
I1008 15:47:05.990028 732747 Sensor.h:87] Deconstructing Sensor
I1008 15:47:05.990479 732747 Sensor.h:87] Deconstructing Sensor
I1008 15:47:05.990587 732747 Sensor.h:87] Deconstructing Sensor
I1008 15:47:05.990700 732747 Sensor.h:87] Deconstructing Sensor
I1008 15:47:05.990803 732747 Sensor.h:87] Deconstructing Sensor
I1008 15:47:05.990900 732747 Sensor.h:87] Deconstructing Sensor
I1008 15:47:05.991004 732747 Sensor.h:87] Deconstructing Sensor
I1008 15:47:05.991101 732747 Sensor.h:87] Deconstructing Sensor
I1008 15:47:05.991202 732747 Sensor.h:87] Deconstructing Sensor
I1008 15:47:05.991308 732747 Sensor.h:87] Deconstructing Sensor
I1008 15:47:05.991405 732747 Sensor.h:87] Deconstructing Sensor
I1008 15:47:05.991505 732747 Sensor.h:87] Deconstructing Sensor
I1008 15:47:05.991606 732747 Sensor.h:87] Deconstructing Sensor
I1008 15:47:05.991739 732747 Sensor.h:87] Deconstructing Sensor
I1008 15:47:05.991865 732747 Sensor.h:87] Deconstructing Sensor
I1008 15:47:05.991990 732747 Sensor.h:87] Deconstructing Sensor
I1008 15:47:05.992115 732747 Sensor.h:87] Deconstructing Sensor
I1008 15:47:05.992233 732747 Sensor.h:87] Deconstructing Sensor
I1008 15:47:05.992355 732747 Sensor.h:87] Deconstructing Sensor
I1008 15:47:05.992477 732747 Sensor.h:87] Deconstructing Sensor
I1008 15:47:05.992599 732747 Sensor.h:87] Deconstructing Sensor
I1008 15:47:05.992717 732747 Sensor.h:87] Deconstructing Sensor
I1008 15:47:05.992842 732747 Sensor.h:87] Deconstructing Sensor
I1008 15:47:05.992934 732747 Sensor.h:87] Deconstructing Sensor
I1008 15:47:05.997231 732747 Renderer.cpp:34] Deconstructing Renderer
I1008 15:47:05.997242 732747 WindowlessContext.h:17] Deconstructing WindowlessContext
I1008 15:47:06.004446 732747 MetadataMediator.cpp:56] MetadataMediator::setActiveSceneDatasetName : Old active dataset default changed to default successfully.
I1008 15:47:06.006054 732747 AttributesManagerBase.h:283] AttributesManager<T>::createFromJsonOrDefaultInternal  (Physics Manager) : Proposing JSON name : ./data/default.physics_config.json from original name : ./data/default.physics_config.json | This file  does not exist.
I1008 15:47:06.006083 732747 PhysicsAttributesManager.cpp:27] File (./data/default.physics_config.json) not found, so new default physics manager attributes created and registered.
I1008 15:47:06.006088 732747 AbstractObjectAttributesManagerBase.h:175] AbstractObjectAttributesManager<T>::createObject  (Stage) : Making attributes with handle : data/scene_datasets/mp3d/ZMojNkEp431/ZMojNkEp431.glb
I1008 15:47:06.006090 732747 ManagedContainerBase.cpp:19] ManagedContainerBase::convertFilenameToJSON : Filename : data/scene_datasets/mp3d/ZMojNkEp431/ZMojNkEp431.glb changed to proposed JSON configuration filename : data/scene_datasets/mp3d/ZMojNkEp431/ZMojNkEp431.stage_config.json
I1008 15:47:06.006103 732747 AttributesManagerBase.h:283] AttributesManager<T>::createFromJsonOrDefaultInternal  (Stage) : Proposing JSON name : data/scene_datasets/mp3d/ZMojNkEp431/ZMojNkEp431.stage_config.json from original name : data/scene_datasets/mp3d/ZMojNkEp431/ZMojNkEp431.glb | This file  does not exist.
I1008 15:47:06.006150 732747 AbstractObjectAttributesManagerBase.h:181] AbstractObjectAttributesManager<T>::createObject  (Stage) : Done making attributes with handle : data/scene_datasets/mp3d/ZMojNkEp431/ZMojNkEp431.glb
I1008 15:47:06.006157 732747 AbstractObjectAttributesManagerBase.h:188] File (data/scene_datasets/mp3d/ZMojNkEp431/ZMojNkEp431.glb) exists but is not a recognized config filename extension, so new default Stage attributes created and registered.
I1008 15:47:06.006161 732747 Simulator.cpp:156] Loading navmesh from data/scene_datasets/mp3d/ZMojNkEp431/ZMojNkEp431.navmesh
I1008 15:47:06.006307 732747 Simulator.cpp:158] Loaded.
I1008 15:47:06.006312 732747 SceneGraph.h:93] Created DrawableGroup: 
I1008 15:47:06.009518 732747 ResourceManager.cpp:234] ResourceManager::loadStage : Not loading semantic mesh
I1008 15:47:06.009524 732747 ResourceManager.cpp:262] ResourceManager::loadStage : start load render asset data/scene_datasets/mp3d/ZMojNkEp431/ZMojNkEp431.glb.
I1008 15:47:06.009526 732747 ResourceManager.cpp:569] ResourceManager::loadStageInternal : Attempting to load stage data/scene_datasets/mp3d/ZMojNkEp431/ZMojNkEp431.glb 
I1008 15:47:06.009536 732747 ResourceManager.cpp:1119] Importing Basis files as BC7 for ZMojNkEp431.glb
W1008 15:47:07.278177 732747 Simulator.cpp:248] :
---
 The active scene does not contain semantic annotations. 
---
I1008 15:47:07.319533 732747 simulator.py:213] Loaded navmesh data/scene_datasets/mp3d/ZMojNkEp431/ZMojNkEp431.navmesh
I1008 15:47:07.615052 732747 PhysicsManager.cpp:33] Deconstructing PhysicsManager
I1008 15:47:07.615080 732747 SemanticScene.h:41] Deconstructing SemanticScene
I1008 15:47:07.618870 732747 SceneManager.h:25] Deconstructing SceneManager
I1008 15:47:07.618880 732747 SceneGraph.h:26] Deconstructing SceneGraph
I1008 15:47:07.619235 732747 Sensor.h:87] Deconstructing Sensor
I1008 15:47:07.619717 732747 Sensor.h:87] Deconstructing Sensor
I1008 15:47:07.619827 732747 Sensor.h:87] Deconstructing Sensor
I1008 15:47:07.619937 732747 Sensor.h:87] Deconstructing Sensor
I1008 15:47:07.620042 732747 Sensor.h:87] Deconstructing Sensor
I1008 15:47:07.620143 732747 Sensor.h:87] Deconstructing Sensor
I1008 15:47:07.620246 732747 Sensor.h:87] Deconstructing Sensor
I1008 15:47:07.620342 732747 Sensor.h:87] Deconstructing Sensor
I1008 15:47:07.620445 732747 Sensor.h:87] Deconstructing Sensor
I1008 15:47:07.620599 732747 Sensor.h:87] Deconstructing Sensor
I1008 15:47:07.620702 732747 Sensor.h:87] Deconstructing Sensor
I1008 15:47:07.620803 732747 Sensor.h:87] Deconstructing Sensor
I1008 15:47:07.620903 732747 Sensor.h:87] Deconstructing Sensor
I1008 15:47:07.621033 732747 Sensor.h:87] Deconstructing Sensor
I1008 15:47:07.621165 732747 Sensor.h:87] Deconstructing Sensor
I1008 15:47:07.621286 732747 Sensor.h:87] Deconstructing Sensor
I1008 15:47:07.621423 732747 Sensor.h:87] Deconstructing Sensor
I1008 15:47:07.621543 732747 Sensor.h:87] Deconstructing Sensor
I1008 15:47:07.621666 732747 Sensor.h:87] Deconstructing Sensor
I1008 15:47:07.621789 732747 Sensor.h:87] Deconstructing Sensor
I1008 15:47:07.621908 732747 Sensor.h:87] Deconstructing Sensor
I1008 15:47:07.622030 732747 Sensor.h:87] Deconstructing Sensor
I1008 15:47:07.622154 732747 Sensor.h:87] Deconstructing Sensor
I1008 15:47:07.622231 732747 Sensor.h:87] Deconstructing Sensor
I1008 15:47:07.625694 732747 Renderer.cpp:34] Deconstructing Renderer
I1008 15:47:07.625708 732747 WindowlessContext.h:17] Deconstructing WindowlessContext
I1008 15:47:07.629343 732747 MetadataMediator.cpp:56] MetadataMediator::setActiveSceneDatasetName : Old active dataset default changed to default successfully.
I1008 15:47:07.630396 732747 AttributesManagerBase.h:283] AttributesManager<T>::createFromJsonOrDefaultInternal  (Physics Manager) : Proposing JSON name : ./data/default.physics_config.json from original name : ./data/default.physics_config.json | This file  does not exist.
I1008 15:47:07.630422 732747 PhysicsAttributesManager.cpp:27] File (./data/default.physics_config.json) not found, so new default physics manager attributes created and registered.
I1008 15:47:07.630427 732747 AbstractObjectAttributesManagerBase.h:175] AbstractObjectAttributesManager<T>::createObject  (Stage) : Making attributes with handle : data/scene_datasets/mp3d/D7N2EKCX4Sj/D7N2EKCX4Sj.glb
I1008 15:47:07.630440 732747 ManagedContainerBase.cpp:19] ManagedContainerBase::convertFilenameToJSON : Filename : data/scene_datasets/mp3d/D7N2EKCX4Sj/D7N2EKCX4Sj.glb changed to proposed JSON configuration filename : data/scene_datasets/mp3d/D7N2EKCX4Sj/D7N2EKCX4Sj.stage_config.json
I1008 15:47:07.630455 732747 AttributesManagerBase.h:283] AttributesManager<T>::createFromJsonOrDefaultInternal  (Stage) : Proposing JSON name : data/scene_datasets/mp3d/D7N2EKCX4Sj/D7N2EKCX4Sj.stage_config.json from original name : data/scene_datasets/mp3d/D7N2EKCX4Sj/D7N2EKCX4Sj.glb | This file  does not exist.
I1008 15:47:07.630501 732747 AbstractObjectAttributesManagerBase.h:181] AbstractObjectAttributesManager<T>::createObject  (Stage) : Done making attributes with handle : data/scene_datasets/mp3d/D7N2EKCX4Sj/D7N2EKCX4Sj.glb
I1008 15:47:07.630501 732747 AbstractObjectAttributesManagerBase.h:188] File (data/scene_datasets/mp3d/D7N2EKCX4Sj/D7N2EKCX4Sj.glb) exists but is not a recognized config filename extension, so new default Stage attributes created and registered.
I1008 15:47:07.630504 732747 Simulator.cpp:156] Loading navmesh from data/scene_datasets/mp3d/D7N2EKCX4Sj/D7N2EKCX4Sj.navmesh
I1008 15:47:07.630888 732747 Simulator.cpp:158] Loaded.
I1008 15:47:07.630893 732747 SceneGraph.h:93] Created DrawableGroup: 
I1008 15:47:07.634451 732747 ResourceManager.cpp:234] ResourceManager::loadStage : Not loading semantic mesh
I1008 15:47:07.634461 732747 ResourceManager.cpp:262] ResourceManager::loadStage : start load render asset data/scene_datasets/mp3d/D7N2EKCX4Sj/D7N2EKCX4Sj.glb.
I1008 15:47:07.634462 732747 ResourceManager.cpp:569] ResourceManager::loadStageInternal : Attempting to load stage data/scene_datasets/mp3d/D7N2EKCX4Sj/D7N2EKCX4Sj.glb 
I1008 15:47:07.634486 732747 ResourceManager.cpp:1119] Importing Basis files as BC7 for D7N2EKCX4Sj.glb
W1008 15:47:11.764596 732747 Simulator.cpp:248] :
---
 The active scene does not contain semantic annotations. 
---
I1008 15:47:11.881993 732747 simulator.py:213] Loaded navmesh data/scene_datasets/mp3d/D7N2EKCX4Sj/D7N2EKCX4Sj.navmesh
I1008 15:47:12.209867 732747 PhysicsManager.cpp:33] Deconstructing PhysicsManager
I1008 15:47:12.209887 732747 SemanticScene.h:41] Deconstructing SemanticScene
I1008 15:47:12.216328 732747 SceneManager.h:25] Deconstructing SceneManager
I1008 15:47:12.216338 732747 SceneGraph.h:26] Deconstructing SceneGraph
I1008 15:47:12.216969 732747 Sensor.h:87] Deconstructing Sensor
I1008 15:47:12.217497 732747 Sensor.h:87] Deconstructing Sensor
I1008 15:47:12.217603 732747 Sensor.h:87] Deconstructing Sensor
I1008 15:47:12.217715 732747 Sensor.h:87] Deconstructing Sensor
I1008 15:47:12.217818 732747 Sensor.h:87] Deconstructing Sensor
I1008 15:47:12.217914 732747 Sensor.h:87] Deconstructing Sensor
I1008 15:47:12.218016 732747 Sensor.h:87] Deconstructing Sensor
I1008 15:47:12.218113 732747 Sensor.h:87] Deconstructing Sensor
I1008 15:47:12.218214 732747 Sensor.h:87] Deconstructing Sensor
I1008 15:47:12.218313 732747 Sensor.h:87] Deconstructing Sensor
I1008 15:47:12.218408 732747 Sensor.h:87] Deconstructing Sensor
I1008 15:47:12.218509 732747 Sensor.h:87] Deconstructing Sensor
I1008 15:47:12.218606 732747 Sensor.h:87] Deconstructing Sensor
I1008 15:47:12.218732 732747 Sensor.h:87] Deconstructing Sensor
I1008 15:47:12.218861 732747 Sensor.h:87] Deconstructing Sensor
I1008 15:47:12.218987 732747 Sensor.h:87] Deconstructing Sensor
I1008 15:47:12.219112 732747 Sensor.h:87] Deconstructing Sensor
I1008 15:47:12.219229 732747 Sensor.h:87] Deconstructing Sensor
I1008 15:47:12.219353 732747 Sensor.h:87] Deconstructing Sensor
I1008 15:47:12.219473 732747 Sensor.h:87] Deconstructing Sensor
I1008 15:47:12.219594 732747 Sensor.h:87] Deconstructing Sensor
I1008 15:47:12.219712 732747 Sensor.h:87] Deconstructing Sensor
I1008 15:47:12.219835 732747 Sensor.h:87] Deconstructing Sensor
I1008 15:47:12.219928 732747 Sensor.h:87] Deconstructing Sensor
I1008 15:47:12.228242 732747 Renderer.cpp:34] Deconstructing Renderer
I1008 15:47:12.228271 732747 WindowlessContext.h:17] Deconstructing WindowlessContext
I1008 15:47:12.234920 732747 MetadataMediator.cpp:56] MetadataMediator::setActiveSceneDatasetName : Old active dataset default changed to default successfully.
I1008 15:47:12.236316 732747 AttributesManagerBase.h:283] AttributesManager<T>::createFromJsonOrDefaultInternal  (Physics Manager) : Proposing JSON name : ./data/default.physics_config.json from original name : ./data/default.physics_config.json | This file  does not exist.
I1008 15:47:12.236347 732747 PhysicsAttributesManager.cpp:27] File (./data/default.physics_config.json) not found, so new default physics manager attributes created and registered.
I1008 15:47:12.236352 732747 AbstractObjectAttributesManagerBase.h:175] AbstractObjectAttributesManager<T>::createObject  (Stage) : Making attributes with handle : data/scene_datasets/mp3d/2n8kARJN3HM/2n8kARJN3HM.glb
I1008 15:47:12.236356 732747 ManagedContainerBase.cpp:19] ManagedContainerBase::convertFilenameToJSON : Filename : data/scene_datasets/mp3d/2n8kARJN3HM/2n8kARJN3HM.glb changed to proposed JSON configuration filename : data/scene_datasets/mp3d/2n8kARJN3HM/2n8kARJN3HM.stage_config.json
I1008 15:47:12.236371 732747 AttributesManagerBase.h:283] AttributesManager<T>::createFromJsonOrDefaultInternal  (Stage) : Proposing JSON name : data/scene_datasets/mp3d/2n8kARJN3HM/2n8kARJN3HM.stage_config.json from original name : data/scene_datasets/mp3d/2n8kARJN3HM/2n8kARJN3HM.glb | This file  does not exist.
I1008 15:47:12.236416 732747 AbstractObjectAttributesManagerBase.h:181] AbstractObjectAttributesManager<T>::createObject  (Stage) : Done making attributes with handle : data/scene_datasets/mp3d/2n8kARJN3HM/2n8kARJN3HM.glb
I1008 15:47:12.236418 732747 AbstractObjectAttributesManagerBase.h:188] File (data/scene_datasets/mp3d/2n8kARJN3HM/2n8kARJN3HM.glb) exists but is not a recognized config filename extension, so new default Stage attributes created and registered.
I1008 15:47:12.236421 732747 Simulator.cpp:156] Loading navmesh from data/scene_datasets/mp3d/2n8kARJN3HM/2n8kARJN3HM.navmesh
I1008 15:47:12.236665 732747 Simulator.cpp:158] Loaded.
I1008 15:47:12.236672 732747 SceneGraph.h:93] Created DrawableGroup: 
I1008 15:47:12.240235 732747 ResourceManager.cpp:234] ResourceManager::loadStage : Not loading semantic mesh
I1008 15:47:12.240245 732747 ResourceManager.cpp:262] ResourceManager::loadStage : start load render asset data/scene_datasets/mp3d/2n8kARJN3HM/2n8kARJN3HM.glb.
I1008 15:47:12.240247 732747 ResourceManager.cpp:569] ResourceManager::loadStageInternal : Attempting to load stage data/scene_datasets/mp3d/2n8kARJN3HM/2n8kARJN3HM.glb 
I1008 15:47:12.240269 732747 ResourceManager.cpp:1119] Importing Basis files as BC7 for 2n8kARJN3HM.glb
W1008 15:47:14.890399 732747 Simulator.cpp:248] :
---
 The active scene does not contain semantic annotations. 
---
I1008 15:47:14.964684 732747 simulator.py:213] Loaded navmesh data/scene_datasets/mp3d/2n8kARJN3HM/2n8kARJN3HM.navmesh
I1008 15:47:15.431198 732747 PhysicsManager.cpp:33] Deconstructing PhysicsManager
I1008 15:47:15.431222 732747 SemanticScene.h:41] Deconstructing SemanticScene
I1008 15:47:15.435976 732747 SceneManager.h:25] Deconstructing SceneManager
I1008 15:47:15.435984 732747 SceneGraph.h:26] Deconstructing SceneGraph
I1008 15:47:15.436496 732747 Sensor.h:87] Deconstructing Sensor
I1008 15:47:15.437199 732747 Sensor.h:87] Deconstructing Sensor
I1008 15:47:15.437315 732747 Sensor.h:87] Deconstructing Sensor
I1008 15:47:15.437430 732747 Sensor.h:87] Deconstructing Sensor
I1008 15:47:15.437541 732747 Sensor.h:87] Deconstructing Sensor
I1008 15:47:15.437647 732747 Sensor.h:87] Deconstructing Sensor
I1008 15:47:15.437758 732747 Sensor.h:87] Deconstructing Sensor
I1008 15:47:15.437863 732747 Sensor.h:87] Deconstructing Sensor
I1008 15:47:15.437974 732747 Sensor.h:87] Deconstructing Sensor
I1008 15:47:15.438078 732747 Sensor.h:87] Deconstructing Sensor
I1008 15:47:15.438179 732747 Sensor.h:87] Deconstructing Sensor
I1008 15:47:15.438288 732747 Sensor.h:87] Deconstructing Sensor
I1008 15:47:15.438405 732747 Sensor.h:87] Deconstructing Sensor
I1008 15:47:15.438536 732747 Sensor.h:87] Deconstructing Sensor
I1008 15:47:15.438683 732747 Sensor.h:87] Deconstructing Sensor
I1008 15:47:15.438809 732747 Sensor.h:87] Deconstructing Sensor
I1008 15:47:15.438941 732747 Sensor.h:87] Deconstructing Sensor
I1008 15:47:15.439064 732747 Sensor.h:87] Deconstructing Sensor
I1008 15:47:15.439191 732747 Sensor.h:87] Deconstructing Sensor
I1008 15:47:15.439318 732747 Sensor.h:87] Deconstructing Sensor
I1008 15:47:15.439443 732747 Sensor.h:87] Deconstructing Sensor
I1008 15:47:15.439567 732747 Sensor.h:87] Deconstructing Sensor
I1008 15:47:15.439703 732747 Sensor.h:87] Deconstructing Sensor
I1008 15:47:15.439807 732747 Sensor.h:87] Deconstructing Sensor
I1008 15:47:15.448019 732747 Renderer.cpp:34] Deconstructing Renderer
I1008 15:47:15.448045 732747 WindowlessContext.h:17] Deconstructing WindowlessContext
I1008 15:47:15.453480 732747 MetadataMediator.cpp:56] MetadataMediator::setActiveSceneDatasetName : Old active dataset default changed to default successfully.
I1008 15:47:15.454720 732747 AttributesManagerBase.h:283] AttributesManager<T>::createFromJsonOrDefaultInternal  (Physics Manager) : Proposing JSON name : ./data/default.physics_config.json from original name : ./data/default.physics_config.json | This file  does not exist.
I1008 15:47:15.454746 732747 PhysicsAttributesManager.cpp:27] File (./data/default.physics_config.json) not found, so new default physics manager attributes created and registered.
I1008 15:47:15.454751 732747 AbstractObjectAttributesManagerBase.h:175] AbstractObjectAttributesManager<T>::createObject  (Stage) : Making attributes with handle : data/scene_datasets/mp3d/qoiz87JEwZ2/qoiz87JEwZ2.glb
I1008 15:47:15.454754 732747 ManagedContainerBase.cpp:19] ManagedContainerBase::convertFilenameToJSON : Filename : data/scene_datasets/mp3d/qoiz87JEwZ2/qoiz87JEwZ2.glb changed to proposed JSON configuration filename : data/scene_datasets/mp3d/qoiz87JEwZ2/qoiz87JEwZ2.stage_config.json
I1008 15:47:15.454769 732747 AttributesManagerBase.h:283] AttributesManager<T>::createFromJsonOrDefaultInternal  (Stage) : Proposing JSON name : data/scene_datasets/mp3d/qoiz87JEwZ2/qoiz87JEwZ2.stage_config.json from original name : data/scene_datasets/mp3d/qoiz87JEwZ2/qoiz87JEwZ2.glb | This file  does not exist.
I1008 15:47:15.454813 732747 AbstractObjectAttributesManagerBase.h:181] AbstractObjectAttributesManager<T>::createObject  (Stage) : Done making attributes with handle : data/scene_datasets/mp3d/qoiz87JEwZ2/qoiz87JEwZ2.glb
I1008 15:47:15.454815 732747 AbstractObjectAttributesManagerBase.h:188] File (data/scene_datasets/mp3d/qoiz87JEwZ2/qoiz87JEwZ2.glb) exists but is not a recognized config filename extension, so new default Stage attributes created and registered.
I1008 15:47:15.454818 732747 Simulator.cpp:156] Loading navmesh from data/scene_datasets/mp3d/qoiz87JEwZ2/qoiz87JEwZ2.navmesh
I1008 15:47:15.454967 732747 Simulator.cpp:158] Loaded.
I1008 15:47:15.454973 732747 SceneGraph.h:93] Created DrawableGroup: 
I1008 15:47:15.458204 732747 ResourceManager.cpp:234] ResourceManager::loadStage : Not loading semantic mesh
I1008 15:47:15.458210 732747 ResourceManager.cpp:262] ResourceManager::loadStage : start load render asset data/scene_datasets/mp3d/qoiz87JEwZ2/qoiz87JEwZ2.glb.
I1008 15:47:15.458211 732747 ResourceManager.cpp:569] ResourceManager::loadStageInternal : Attempting to load stage data/scene_datasets/mp3d/qoiz87JEwZ2/qoiz87JEwZ2.glb 
I1008 15:47:15.458225 732747 ResourceManager.cpp:1119] Importing Basis files as BC7 for qoiz87JEwZ2.glb
W1008 15:47:17.109135 732747 Simulator.cpp:248] :
---
 The active scene does not contain semantic annotations. 
---
I1008 15:47:17.167472 732747 simulator.py:213] Loaded navmesh data/scene_datasets/mp3d/qoiz87JEwZ2/qoiz87JEwZ2.navmesh
I1008 15:47:17.604856 732747 PhysicsManager.cpp:33] Deconstructing PhysicsManager
I1008 15:47:17.604892 732747 SemanticScene.h:41] Deconstructing SemanticScene
I1008 15:47:17.612524 732747 SceneManager.h:25] Deconstructing SceneManager
I1008 15:47:17.612560 732747 SceneGraph.h:26] Deconstructing SceneGraph
I1008 15:47:17.613123 732747 Sensor.h:87] Deconstructing Sensor
I1008 15:47:17.614050 732747 Sensor.h:87] Deconstructing Sensor
I1008 15:47:17.614180 732747 Sensor.h:87] Deconstructing Sensor
I1008 15:47:17.614308 732747 Sensor.h:87] Deconstructing Sensor
I1008 15:47:17.614430 732747 Sensor.h:87] Deconstructing Sensor
I1008 15:47:17.614548 732747 Sensor.h:87] Deconstructing Sensor
I1008 15:47:17.614672 732747 Sensor.h:87] Deconstructing Sensor
I1008 15:47:17.614789 732747 Sensor.h:87] Deconstructing Sensor
I1008 15:47:17.614909 732747 Sensor.h:87] Deconstructing Sensor
I1008 15:47:17.615027 732747 Sensor.h:87] Deconstructing Sensor
I1008 15:47:17.615146 732747 Sensor.h:87] Deconstructing Sensor
I1008 15:47:17.615268 732747 Sensor.h:87] Deconstructing Sensor
I1008 15:47:17.615389 732747 Sensor.h:87] Deconstructing Sensor
I1008 15:47:17.615542 732747 Sensor.h:87] Deconstructing Sensor
I1008 15:47:17.615696 732747 Sensor.h:87] Deconstructing Sensor
I1008 15:47:17.615840 732747 Sensor.h:87] Deconstructing Sensor
I1008 15:47:17.615993 732747 Sensor.h:87] Deconstructing Sensor
I1008 15:47:17.616142 732747 Sensor.h:87] Deconstructing Sensor
I1008 15:47:17.616293 732747 Sensor.h:87] Deconstructing Sensor
I1008 15:47:17.616446 732747 Sensor.h:87] Deconstructing Sensor
I1008 15:47:17.616591 732747 Sensor.h:87] Deconstructing Sensor
I1008 15:47:17.616736 732747 Sensor.h:87] Deconstructing Sensor
I1008 15:47:17.616892 732747 Sensor.h:87] Deconstructing Sensor
I1008 15:47:17.617085 732747 Sensor.h:87] Deconstructing Sensor
I1008 15:47:17.623900 732747 Renderer.cpp:34] Deconstructing Renderer
I1008 15:47:17.623929 732747 WindowlessContext.h:17] Deconstructing WindowlessContext
I1008 15:47:17.627856 732747 MetadataMediator.cpp:56] MetadataMediator::setActiveSceneDatasetName : Old active dataset default changed to default successfully.
I1008 15:47:17.629313 732747 AttributesManagerBase.h:283] AttributesManager<T>::createFromJsonOrDefaultInternal  (Physics Manager) : Proposing JSON name : ./data/default.physics_config.json from original name : ./data/default.physics_config.json | This file  does not exist.
I1008 15:47:17.629348 732747 PhysicsAttributesManager.cpp:27] File (./data/default.physics_config.json) not found, so new default physics manager attributes created and registered.
I1008 15:47:17.629354 732747 AbstractObjectAttributesManagerBase.h:175] AbstractObjectAttributesManager<T>::createObject  (Stage) : Making attributes with handle : data/scene_datasets/mp3d/D7N2EKCX4Sj/D7N2EKCX4Sj.glb
I1008 15:47:17.629359 732747 ManagedContainerBase.cpp:19] ManagedContainerBase::convertFilenameToJSON : Filename : data/scene_datasets/mp3d/D7N2EKCX4Sj/D7N2EKCX4Sj.glb changed to proposed JSON configuration filename : data/scene_datasets/mp3d/D7N2EKCX4Sj/D7N2EKCX4Sj.stage_config.json
I1008 15:47:17.629374 732747 AttributesManagerBase.h:283] AttributesManager<T>::createFromJsonOrDefaultInternal  (Stage) : Proposing JSON name : data/scene_datasets/mp3d/D7N2EKCX4Sj/D7N2EKCX4Sj.stage_config.json from original name : data/scene_datasets/mp3d/D7N2EKCX4Sj/D7N2EKCX4Sj.glb | This file  does not exist.
I1008 15:47:17.629426 732747 AbstractObjectAttributesManagerBase.h:181] AbstractObjectAttributesManager<T>::createObject  (Stage) : Done making attributes with handle : data/scene_datasets/mp3d/D7N2EKCX4Sj/D7N2EKCX4Sj.glb
I1008 15:47:17.629426 732747 AbstractObjectAttributesManagerBase.h:188] File (data/scene_datasets/mp3d/D7N2EKCX4Sj/D7N2EKCX4Sj.glb) exists but is not a recognized config filename extension, so new default Stage attributes created and registered.
I1008 15:47:17.629431 732747 Simulator.cpp:156] Loading navmesh from data/scene_datasets/mp3d/D7N2EKCX4Sj/D7N2EKCX4Sj.navmesh
I1008 15:47:17.629877 732747 Simulator.cpp:158] Loaded.
I1008 15:47:17.629889 732747 SceneGraph.h:93] Created DrawableGroup: 
I1008 15:47:17.634409 732747 ResourceManager.cpp:234] ResourceManager::loadStage : Not loading semantic mesh
I1008 15:47:17.634430 732747 ResourceManager.cpp:262] ResourceManager::loadStage : start load render asset data/scene_datasets/mp3d/D7N2EKCX4Sj/D7N2EKCX4Sj.glb.
I1008 15:47:17.634443 732747 ResourceManager.cpp:569] ResourceManager::loadStageInternal : Attempting to load stage data/scene_datasets/mp3d/D7N2EKCX4Sj/D7N2EKCX4Sj.glb 
I1008 15:47:17.634475 732747 ResourceManager.cpp:1119] Importing Basis files as BC7 for D7N2EKCX4Sj.glb
W1008 15:47:21.905001 732747 Simulator.cpp:248] :
---
 The active scene does not contain semantic annotations. 
---
I1008 15:47:22.027389 732747 simulator.py:213] Loaded navmesh data/scene_datasets/mp3d/D7N2EKCX4Sj/D7N2EKCX4Sj.navmesh
I1008 15:47:23.254719 732747 PhysicsManager.cpp:33] Deconstructing PhysicsManager
I1008 15:47:23.254740 732747 SemanticScene.h:41] Deconstructing SemanticScene
I1008 15:47:23.260491 732747 SceneManager.h:25] Deconstructing SceneManager
I1008 15:47:23.260497 732747 SceneGraph.h:26] Deconstructing SceneGraph
I1008 15:47:23.260948 732747 Sensor.h:87] Deconstructing Sensor
I1008 15:47:23.261371 732747 Sensor.h:87] Deconstructing Sensor
I1008 15:47:23.261474 732747 Sensor.h:87] Deconstructing Sensor
I1008 15:47:23.261579 732747 Sensor.h:87] Deconstructing Sensor
I1008 15:47:23.261678 732747 Sensor.h:87] Deconstructing Sensor
I1008 15:47:23.261775 732747 Sensor.h:87] Deconstructing Sensor
I1008 15:47:23.261875 732747 Sensor.h:87] Deconstructing Sensor
I1008 15:47:23.261970 732747 Sensor.h:87] Deconstructing Sensor
I1008 15:47:23.262072 732747 Sensor.h:87] Deconstructing Sensor
I1008 15:47:23.262167 732747 Sensor.h:87] Deconstructing Sensor
I1008 15:47:23.262262 732747 Sensor.h:87] Deconstructing Sensor
I1008 15:47:23.262359 732747 Sensor.h:87] Deconstructing Sensor
I1008 15:47:23.262454 732747 Sensor.h:87] Deconstructing Sensor
I1008 15:47:23.262578 732747 Sensor.h:87] Deconstructing Sensor
I1008 15:47:23.262704 732747 Sensor.h:87] Deconstructing Sensor
I1008 15:47:23.262821 732747 Sensor.h:87] Deconstructing Sensor
I1008 15:47:23.262943 732747 Sensor.h:87] Deconstructing Sensor
I1008 15:47:23.263057 732747 Sensor.h:87] Deconstructing Sensor
I1008 15:47:23.263173 732747 Sensor.h:87] Deconstructing Sensor
I1008 15:47:23.263289 732747 Sensor.h:87] Deconstructing Sensor
I1008 15:47:23.263407 732747 Sensor.h:87] Deconstructing Sensor
I1008 15:47:23.263520 732747 Sensor.h:87] Deconstructing Sensor
I1008 15:47:23.263641 732747 Sensor.h:87] Deconstructing Sensor
I1008 15:47:23.263715 732747 Sensor.h:87] Deconstructing Sensor
I1008 15:47:23.272519 732747 Renderer.cpp:34] Deconstructing Renderer
I1008 15:47:23.272539 732747 WindowlessContext.h:17] Deconstructing WindowlessContext
I1008 15:47:23.279016 732747 MetadataMediator.cpp:56] MetadataMediator::setActiveSceneDatasetName : Old active dataset default changed to default successfully.
I1008 15:47:23.280395 732747 AttributesManagerBase.h:283] AttributesManager<T>::createFromJsonOrDefaultInternal  (Physics Manager) : Proposing JSON name : ./data/default.physics_config.json from original name : ./data/default.physics_config.json | This file  does not exist.
I1008 15:47:23.280421 732747 PhysicsAttributesManager.cpp:27] File (./data/default.physics_config.json) not found, so new default physics manager attributes created and registered.
I1008 15:47:23.280426 732747 AbstractObjectAttributesManagerBase.h:175] AbstractObjectAttributesManager<T>::createObject  (Stage) : Making attributes with handle : data/scene_datasets/mp3d/JmbYfDe2QKZ/JmbYfDe2QKZ.glb
I1008 15:47:23.280428 732747 ManagedContainerBase.cpp:19] ManagedContainerBase::convertFilenameToJSON : Filename : data/scene_datasets/mp3d/JmbYfDe2QKZ/JmbYfDe2QKZ.glb changed to proposed JSON configuration filename : data/scene_datasets/mp3d/JmbYfDe2QKZ/JmbYfDe2QKZ.stage_config.json
I1008 15:47:23.280442 732747 AttributesManagerBase.h:283] AttributesManager<T>::createFromJsonOrDefaultInternal  (Stage) : Proposing JSON name : data/scene_datasets/mp3d/JmbYfDe2QKZ/JmbYfDe2QKZ.stage_config.json from original name : data/scene_datasets/mp3d/JmbYfDe2QKZ/JmbYfDe2QKZ.glb | This file  does not exist.
I1008 15:47:23.280488 732747 AbstractObjectAttributesManagerBase.h:181] AbstractObjectAttributesManager<T>::createObject  (Stage) : Done making attributes with handle : data/scene_datasets/mp3d/JmbYfDe2QKZ/JmbYfDe2QKZ.glb
I1008 15:47:23.280496 732747 AbstractObjectAttributesManagerBase.h:188] File (data/scene_datasets/mp3d/JmbYfDe2QKZ/JmbYfDe2QKZ.glb) exists but is not a recognized config filename extension, so new default Stage attributes created and registered.
I1008 15:47:23.280500 732747 Simulator.cpp:156] Loading navmesh from data/scene_datasets/mp3d/JmbYfDe2QKZ/JmbYfDe2QKZ.navmesh
I1008 15:47:23.280598 732747 Simulator.cpp:158] Loaded.
I1008 15:47:23.280602 732747 SceneGraph.h:93] Created DrawableGroup: 
I1008 15:47:23.283749 732747 ResourceManager.cpp:234] ResourceManager::loadStage : Not loading semantic mesh
I1008 15:47:23.283756 732747 ResourceManager.cpp:262] ResourceManager::loadStage : start load render asset data/scene_datasets/mp3d/JmbYfDe2QKZ/JmbYfDe2QKZ.glb.
I1008 15:47:23.283756 732747 ResourceManager.cpp:569] ResourceManager::loadStageInternal : Attempting to load stage data/scene_datasets/mp3d/JmbYfDe2QKZ/JmbYfDe2QKZ.glb 
I1008 15:47:23.283764 732747 ResourceManager.cpp:1119] Importing Basis files as BC7 for JmbYfDe2QKZ.glb
W1008 15:47:24.265326 732747 Simulator.cpp:248] :
---
 The active scene does not contain semantic annotations. 
---
I1008 15:47:24.315360 732747 simulator.py:213] Loaded navmesh data/scene_datasets/mp3d/JmbYfDe2QKZ/JmbYfDe2QKZ.navmesh
I1008 15:47:25.609545 732747 PhysicsManager.cpp:33] Deconstructing PhysicsManager
I1008 15:47:25.609578 732747 SemanticScene.h:41] Deconstructing SemanticScene
I1008 15:47:25.613647 732747 SceneManager.h:25] Deconstructing SceneManager
I1008 15:47:25.613654 732747 SceneGraph.h:26] Deconstructing SceneGraph
I1008 15:47:25.614110 732747 Sensor.h:87] Deconstructing Sensor
I1008 15:47:25.614516 732747 Sensor.h:87] Deconstructing Sensor
I1008 15:47:25.614620 732747 Sensor.h:87] Deconstructing Sensor
I1008 15:47:25.614730 732747 Sensor.h:87] Deconstructing Sensor
I1008 15:47:25.614832 732747 Sensor.h:87] Deconstructing Sensor
I1008 15:47:25.614930 732747 Sensor.h:87] Deconstructing Sensor
I1008 15:47:25.615031 732747 Sensor.h:87] Deconstructing Sensor
I1008 15:47:25.615127 732747 Sensor.h:87] Deconstructing Sensor
I1008 15:47:25.615228 732747 Sensor.h:87] Deconstructing Sensor
I1008 15:47:25.615324 732747 Sensor.h:87] Deconstructing Sensor
I1008 15:47:25.615420 732747 Sensor.h:87] Deconstructing Sensor
I1008 15:47:25.615518 732747 Sensor.h:87] Deconstructing Sensor
I1008 15:47:25.615618 732747 Sensor.h:87] Deconstructing Sensor
I1008 15:47:25.615741 732747 Sensor.h:87] Deconstructing Sensor
I1008 15:47:25.615868 732747 Sensor.h:87] Deconstructing Sensor
I1008 15:47:25.615986 732747 Sensor.h:87] Deconstructing Sensor
I1008 15:47:25.616109 732747 Sensor.h:87] Deconstructing Sensor
I1008 15:47:25.616227 732747 Sensor.h:87] Deconstructing Sensor
I1008 15:47:25.616349 732747 Sensor.h:87] Deconstructing Sensor
I1008 15:47:25.616472 732747 Sensor.h:87] Deconstructing Sensor
I1008 15:47:25.616590 732747 Sensor.h:87] Deconstructing Sensor
I1008 15:47:25.616709 732747 Sensor.h:87] Deconstructing Sensor
I1008 15:47:25.616835 732747 Sensor.h:87] Deconstructing Sensor
I1008 15:47:25.616909 732747 Sensor.h:87] Deconstructing Sensor
I1008 15:47:25.620134 732747 Renderer.cpp:34] Deconstructing Renderer
I1008 15:47:25.620151 732747 WindowlessContext.h:17] Deconstructing WindowlessContext
I1008 15:47:25.623350 732747 Simulator.cpp:49] Deconstructing Simulator

2026-10-08 15:47:25,624 Episodes evaluated: 1
2026-10-08 15:47:25,624 Average episode steps_taken: 55.000000
2026-10-08 15:47:25,624 Average episode distance_to_goal: 0.277348
2026-10-08 15:47:25,625 Average episode success: 1.000000
2026-10-08 15:47:25,625 Average episode oracle_success: 1.000000
2026-10-08 15:47:25,625 Average episode path_length: 11.750000
2026-10-08 15:47:25,625 Average episode collisions: 0.000000
2026-10-08 15:47:25,625 Average episode spl: 0.958836
2026-10-08 15:47:25,625 Average episode ndtw: 0.952632
2026-10-08 15:47:25,625 Average episode sdtw: 0.952632
2026-10-08 15:47:25,625 Average episode ghost_cnt: 19.000000
2026-10-08 15:47:25,625 Average episode high_level_steps: 9.000000
2026-10-08 15:47:25,625 Average episode policy_stop_count: 1.000000
2026-10-08 15:47:25,625 Average episode forced_stop_count: 0.000000
2026-10-08 15:47:25,625 Average episode forced_stop_max_len_count: 0.000000
2026-10-08 15:47:25,626 Average episode forced_stop_no_vp_count: 0.000000
2026-10-08 15:47:25,626 Average episode policy_stop_rate: 0.111111
2026-10-08 15:47:25,626 Average episode forced_stop_rate: 0.000000
2026-10-08 15:47:25,626 Average episode actual_stop_rate: 0.111111
