2026-10-08 13:03:23,777 checkpoint_path: data/logs/checkpoints/release_r2r/ckpt.iter12000.pth
2026-10-08 13:03:23,777 Initializing dataset VLN-CE-v1
2026-10-08 13:03:23,797 SPLTI: train, NUMBER OF SCENES: 13
2026-10-08 13:03:33,074 Initializing dataset VLN-CE-v1
2026-10-08 13:03:33,097 initializing sim Sim-v1
WARNING: Logging before InitGoogleLogging() is written to STDERR
I1008 13:03:33.103127 4153665 ManagedContainerBase.cpp:19] ManagedContainerBase::convertFilenameToJSON : Filename : default changed to proposed JSON configuration filename : default.scene_dataset_config.json
I1008 13:03:33.103161 4153665 AttributesManagerBase.h:283] AttributesManager<T>::createFromJsonOrDefaultInternal  (Dataset) : Proposing JSON name : default.scene_dataset_config.json from original name : default | This file  does not exist.
I1008 13:03:33.103202 4153665 AssetAttributesManager.cpp:117] Asset attributes (capsule3DSolid : capsule3DSolid_hemiRings_4_cylRings_1_segments_12_halfLen_0.75_useTexCoords_false_useTangents_false) created and registered.
I1008 13:03:33.103219 4153665 AssetAttributesManager.cpp:117] Asset attributes (capsule3DWireframe : capsule3DWireframe_hemiRings_8_cylRings_1_segments_16_halfLen_1) created and registered.
I1008 13:03:33.103233 4153665 AssetAttributesManager.cpp:117] Asset attributes (coneSolid : coneSolid_segments_12_halfLen_1.25_rings_1_useTexCoords_false_useTangents_false_capEnd_true) created and registered.
I1008 13:03:33.103241 4153665 AssetAttributesManager.cpp:117] Asset attributes (coneWireframe : coneWireframe_segments_32_halfLen_1.25) created and registered.
I1008 13:03:33.103246 4153665 AssetAttributesManager.cpp:117] Asset attributes (cubeSolid : cubeSolid) created and registered.
I1008 13:03:33.103250 4153665 AssetAttributesManager.cpp:117] Asset attributes (cubeWireframe : cubeWireframe) created and registered.
I1008 13:03:33.103263 4153665 AssetAttributesManager.cpp:117] Asset attributes (cylinderSolid : cylinderSolid_rings_1_segments_12_halfLen_1_useTexCoords_false_useTangents_false_capEnds_true) created and registered.
I1008 13:03:33.103272 4153665 AssetAttributesManager.cpp:117] Asset attributes (cylinderWireframe : cylinderWireframe_rings_1_segments_32_halfLen_1) created and registered.
I1008 13:03:33.103277 4153665 AssetAttributesManager.cpp:117] Asset attributes (icosphereSolid : icosphereSolid_subdivs_1) created and registered.
I1008 13:03:33.103283 4153665 AssetAttributesManager.cpp:117] Asset attributes (icosphereWireframe : icosphereWireframe_subdivs_1) created and registered.
I1008 13:03:33.103291 4153665 AssetAttributesManager.cpp:117] Asset attributes (uvSphereSolid : uvSphereSolid_rings_8_segments_16_useTexCoords_false_useTangents_false) created and registered.
I1008 13:03:33.103297 4153665 AssetAttributesManager.cpp:117] Asset attributes (uvSphereWireframe : uvSphereWireframe_rings_16_segments_32) created and registered.
I1008 13:03:33.103300 4153665 AssetAttributesManager.cpp:105] AssetAttributesManager::buildCtorFuncPtrMaps : Built default primitive asset templates : 12
I1008 13:03:33.103637 4153665 SceneDatasetAttributesManager.cpp:23] File (default) not found, so new default dataset attributes created and registered.
I1008 13:03:33.103639 4153665 MetadataMediator.cpp:47] MetadataMediator::createDataset : Dataset default successfully created.
I1008 13:03:33.105391 4153665 AttributesManagerBase.h:283] AttributesManager<T>::createFromJsonOrDefaultInternal  (Physics Manager) : Proposing JSON name : ./data/default.physics_config.json from original name : ./data/default.physics_config.json | This file  does not exist.
I1008 13:03:33.105405 4153665 PhysicsAttributesManager.cpp:27] File (./data/default.physics_config.json) not found, so new default physics manager attributes created and registered.
I1008 13:03:33.105407 4153665 AbstractObjectAttributesManagerBase.h:175] AbstractObjectAttributesManager<T>::createObject  (Stage) : Making attributes with handle : data/scene_datasets/mp3d/XcA2TqTSSAj/XcA2TqTSSAj.glb
I1008 13:03:33.105410 4153665 ManagedContainerBase.cpp:19] ManagedContainerBase::convertFilenameToJSON : Filename : data/scene_datasets/mp3d/XcA2TqTSSAj/XcA2TqTSSAj.glb changed to proposed JSON configuration filename : data/scene_datasets/mp3d/XcA2TqTSSAj/XcA2TqTSSAj.stage_config.json
I1008 13:03:33.105436 4153665 AttributesManagerBase.h:283] AttributesManager<T>::createFromJsonOrDefaultInternal  (Stage) : Proposing JSON name : data/scene_datasets/mp3d/XcA2TqTSSAj/XcA2TqTSSAj.stage_config.json from original name : data/scene_datasets/mp3d/XcA2TqTSSAj/XcA2TqTSSAj.glb | This file  does not exist.
I1008 13:03:33.105465 4153665 AbstractObjectAttributesManagerBase.h:181] AbstractObjectAttributesManager<T>::createObject  (Stage) : Done making attributes with handle : data/scene_datasets/mp3d/XcA2TqTSSAj/XcA2TqTSSAj.glb
I1008 13:03:33.105466 4153665 AbstractObjectAttributesManagerBase.h:188] File (data/scene_datasets/mp3d/XcA2TqTSSAj/XcA2TqTSSAj.glb) exists but is not a recognized config filename extension, so new default Stage attributes created and registered.
I1008 13:03:33.105469 4153665 Simulator.cpp:156] Loading navmesh from data/scene_datasets/mp3d/XcA2TqTSSAj/XcA2TqTSSAj.navmesh
I1008 13:03:33.105602 4153665 Simulator.cpp:158] Loaded.
I1008 13:03:33.105608 4153665 SceneGraph.h:93] Created DrawableGroup: 
I1008 13:03:33.200959 4153665 ResourceManager.cpp:234] ResourceManager::loadStage : Not loading semantic mesh
I1008 13:03:33.200973 4153665 ResourceManager.cpp:262] ResourceManager::loadStage : start load render asset data/scene_datasets/mp3d/XcA2TqTSSAj/XcA2TqTSSAj.glb.
I1008 13:03:33.200973 4153665 ResourceManager.cpp:569] ResourceManager::loadStageInternal : Attempting to load stage data/scene_datasets/mp3d/XcA2TqTSSAj/XcA2TqTSSAj.glb 
I1008 13:03:33.200996 4153665 ResourceManager.cpp:1119] Importing Basis files as BC7 for XcA2TqTSSAj.glb
W1008 13:03:34.381523 4153665 Simulator.cpp:248] :
---
 The active scene does not contain semantic annotations. 
---
I1008 13:03:34.428485 4153665 simulator.py:213] Loaded navmesh data/scene_datasets/mp3d/XcA2TqTSSAj/XcA2TqTSSAj.navmesh
2026-10-08 13:03:34,432 Initializing task VLN-v0
You are using a model of type bert to instantiate a model of type . This is not supported for all configurations of models and can yield errors.
Some weights of the model checkpoint at None were not used when initializing GlocalTextPathNavCMT: ['bert.global_encoder.encoder.x_layers.0.lang_inter.dense.weight', 'bert.global_encoder.encoder.x_layers.3.lang_output.LayerNorm.weight', 'bert.global_encoder.encoder.x_layers.0.lang_self_att.self.value.bias', 'bert.global_encoder.encoder.x_layers.3.lang_output.dense.weight', 'bert.global_encoder.encoder.x_layers.1.lang_self_att.output.dense.bias', 'bert.global_encoder.encoder.x_layers.2.lang_self_att.output.dense.bias', 'bert.global_encoder.encoder.x_layers.2.lang_inter.dense.weight', 'bert.global_encoder.encoder.x_layers.1.lang_output.LayerNorm.bias', 'mlm_head.predictions.transform.dense.bias', 'bert.global_encoder.encoder.x_layers.0.lang_output.LayerNorm.weight', 'bert.global_encoder.encoder.x_layers.0.lang_self_att.output.dense.weight', 'bert.global_encoder.encoder.x_layers.3.lang_inter.dense.weight', 'bert.global_encoder.encoder.x_layers.3.lang_self_att.self.value.weight', 'bert.global_encoder.encoder.x_layers.0.lang_self_att.self.value.weight', 'bert.global_encoder.encoder.x_layers.1.lang_self_att.self.key.weight', 'bert.global_encoder.encoder.x_layers.0.lang_self_att.self.query.bias', 'bert.global_encoder.encoder.x_layers.3.lang_output.LayerNorm.bias', 'bert.global_encoder.encoder.x_layers.3.lang_self_att.self.query.bias', 'mlm_head.predictions.bias', 'bert.global_encoder.encoder.x_layers.3.lang_inter.dense.bias', 'bert.global_encoder.encoder.x_layers.2.lang_self_att.self.value.bias', 'bert.global_encoder.encoder.x_layers.1.lang_self_att.output.LayerNorm.weight', 'bert.global_encoder.encoder.x_layers.1.lang_output.dense.weight', 'bert.global_encoder.encoder.x_layers.3.lang_self_att.self.query.weight', 'bert.global_encoder.encoder.x_layers.0.lang_self_att.output.LayerNorm.weight', 'bert.global_encoder.encoder.x_layers.0.lang_self_att.output.LayerNorm.bias', 'bert.global_encoder.encoder.x_layers.1.lang_inter.dense.bias', 'bert.global_encoder.encoder.x_layers.1.lang_self_att.self.key.bias', 'bert.global_encoder.encoder.x_layers.2.lang_output.dense.bias', 'bert.global_encoder.encoder.x_layers.3.lang_output.dense.bias', 'mlm_head.predictions.transform.LayerNorm.weight', 'bert.global_encoder.encoder.x_layers.1.lang_self_att.self.query.weight', 'bert.global_encoder.encoder.x_layers.2.lang_self_att.self.value.weight', 'bert.global_encoder.encoder.x_layers.1.lang_self_att.output.dense.weight', 'bert.global_encoder.encoder.x_layers.0.lang_self_att.self.key.weight', 'bert.global_encoder.encoder.x_layers.0.lang_self_att.output.dense.bias', 'bert.global_encoder.encoder.x_layers.2.lang_self_att.output.dense.weight', 'bert.global_encoder.encoder.x_layers.0.lang_output.LayerNorm.bias', 'bert.global_encoder.encoder.x_layers.1.lang_inter.dense.weight', 'bert.global_encoder.encoder.x_layers.1.lang_self_att.self.query.bias', 'bert.global_encoder.encoder.x_layers.2.lang_self_att.self.key.weight', 'bert.global_encoder.encoder.x_layers.2.lang_self_att.self.query.weight', 'bert.global_encoder.encoder.x_layers.0.lang_output.dense.bias', 'bert.global_encoder.encoder.x_layers.2.lang_output.LayerNorm.weight', 'bert.global_encoder.encoder.x_layers.2.lang_self_att.self.query.bias', 'bert.global_encoder.encoder.x_layers.1.lang_output.dense.bias', 'bert.global_encoder.encoder.x_layers.2.lang_output.dense.weight', 'mlm_head.predictions.transform.LayerNorm.bias', 'mlm_head.predictions.decoder.weight', 'bert.global_encoder.encoder.x_layers.1.lang_self_att.self.value.bias', 'bert.global_encoder.encoder.x_layers.1.lang_self_att.self.value.weight', 'bert.global_encoder.encoder.x_layers.0.lang_inter.dense.bias', 'bert.global_encoder.encoder.x_layers.3.lang_self_att.output.dense.weight', 'bert.global_encoder.encoder.x_layers.2.lang_self_att.output.LayerNorm.bias', 'bert.global_encoder.encoder.x_layers.2.lang_self_att.output.LayerNorm.weight', 'bert.global_encoder.encoder.x_layers.0.lang_self_att.self.key.bias', 'bert.global_encoder.encoder.x_layers.3.lang_self_att.output.dense.bias', 'bert.global_encoder.encoder.x_layers.0.lang_self_att.self.query.weight', 'bert.global_encoder.encoder.x_layers.2.lang_output.LayerNorm.bias', 'bert.global_encoder.encoder.x_layers.3.lang_self_att.output.LayerNorm.bias', 'bert.global_encoder.encoder.x_layers.2.lang_self_att.self.key.bias', 'bert.global_encoder.encoder.x_layers.3.lang_self_att.self.value.bias', 'bert.global_encoder.encoder.x_layers.1.lang_output.LayerNorm.weight', 'mlm_head.predictions.transform.dense.weight', 'bert.global_encoder.encoder.x_layers.1.lang_self_att.output.LayerNorm.bias', 'bert.global_encoder.encoder.x_layers.3.lang_self_att.self.key.bias', 'bert.global_encoder.encoder.x_layers.0.lang_output.dense.weight', 'bert.global_encoder.encoder.x_layers.3.lang_self_att.output.LayerNorm.weight', 'bert.global_encoder.encoder.x_layers.3.lang_self_att.self.key.weight', 'bert.global_encoder.encoder.x_layers.2.lang_inter.dense.bias']
- This IS expected if you are initializing GlocalTextPathNavCMT from the checkpoint of a model trained on another task or with another architecture (e.g. initializing a BertForSequenceClassification model from a BertForPreTraining model).
- This IS NOT expected if you are initializing GlocalTextPathNavCMT from the checkpoint of a model that you expect to be exactly identical (initializing a BertForSequenceClassification model from a BertForSequenceClassification model).
2026-10-08 13:03:41,453 Agent parameters: 299.54 MB. Trainable: 140.79 MB.
2026-10-08 13:03:41,453 Finished setting up policy.
  0%|          | 0/1 [00:00<?, ?it/s]  0%|          | 0/1 [00:00<?, ?it/s]I1008 13:03:42.441372 4153665 PhysicsManager.cpp:33] Deconstructing PhysicsManager
I1008 13:03:42.441412 4153665 SemanticScene.h:41] Deconstructing SemanticScene
I1008 13:03:42.444917 4153665 SceneManager.h:25] Deconstructing SceneManager
I1008 13:03:42.444952 4153665 SceneGraph.h:26] Deconstructing SceneGraph
I1008 13:03:42.445449 4153665 Sensor.h:87] Deconstructing Sensor
I1008 13:03:42.445611 4153665 Sensor.h:87] Deconstructing Sensor
I1008 13:03:42.445747 4153665 Sensor.h:87] Deconstructing Sensor
I1008 13:03:42.445889 4153665 Sensor.h:87] Deconstructing Sensor
I1008 13:03:42.446017 4153665 Sensor.h:87] Deconstructing Sensor
I1008 13:03:42.446137 4153665 Sensor.h:87] Deconstructing Sensor
I1008 13:03:42.446260 4153665 Sensor.h:87] Deconstructing Sensor
I1008 13:03:42.446382 4153665 Sensor.h:87] Deconstructing Sensor
I1008 13:03:42.446508 4153665 Sensor.h:87] Deconstructing Sensor
I1008 13:03:42.446627 4153665 Sensor.h:87] Deconstructing Sensor
I1008 13:03:42.446803 4153665 Sensor.h:87] Deconstructing Sensor
I1008 13:03:42.446933 4153665 Sensor.h:87] Deconstructing Sensor
I1008 13:03:42.447055 4153665 Sensor.h:87] Deconstructing Sensor
I1008 13:03:42.447191 4153665 Sensor.h:87] Deconstructing Sensor
I1008 13:03:42.447381 4153665 Sensor.h:87] Deconstructing Sensor
I1008 13:03:42.447497 4153665 Sensor.h:87] Deconstructing Sensor
I1008 13:03:42.447620 4153665 Sensor.h:87] Deconstructing Sensor
I1008 13:03:42.447745 4153665 Sensor.h:87] Deconstructing Sensor
I1008 13:03:42.447870 4153665 Sensor.h:87] Deconstructing Sensor
I1008 13:03:42.448001 4153665 Sensor.h:87] Deconstructing Sensor
I1008 13:03:42.448122 4153665 Sensor.h:87] Deconstructing Sensor
I1008 13:03:42.448242 4153665 Sensor.h:87] Deconstructing Sensor
I1008 13:03:42.448370 4153665 Sensor.h:87] Deconstructing Sensor
I1008 13:03:42.448380 4153665 Sensor.h:87] Deconstructing Sensor
I1008 13:03:42.451505 4153665 Renderer.cpp:34] Deconstructing Renderer
I1008 13:03:42.451542 4153665 WindowlessContext.h:17] Deconstructing WindowlessContext
I1008 13:03:42.454945 4153665 MetadataMediator.cpp:56] MetadataMediator::setActiveSceneDatasetName : Old active dataset default changed to default successfully.
I1008 13:03:42.455155 4153665 AttributesManagerBase.h:283] AttributesManager<T>::createFromJsonOrDefaultInternal  (Physics Manager) : Proposing JSON name : ./data/default.physics_config.json from original name : ./data/default.physics_config.json | This file  does not exist.
I1008 13:03:42.455184 4153665 PhysicsAttributesManager.cpp:27] File (./data/default.physics_config.json) not found, so new default physics manager attributes created and registered.
I1008 13:03:42.455190 4153665 AbstractObjectAttributesManagerBase.h:175] AbstractObjectAttributesManager<T>::createObject  (Stage) : Making attributes with handle : data/scene_datasets/mp3d/s8pcmisQ38h/s8pcmisQ38h.glb
I1008 13:03:42.455193 4153665 ManagedContainerBase.cpp:19] ManagedContainerBase::convertFilenameToJSON : Filename : data/scene_datasets/mp3d/s8pcmisQ38h/s8pcmisQ38h.glb changed to proposed JSON configuration filename : data/scene_datasets/mp3d/s8pcmisQ38h/s8pcmisQ38h.stage_config.json
I1008 13:03:42.455209 4153665 AttributesManagerBase.h:283] AttributesManager<T>::createFromJsonOrDefaultInternal  (Stage) : Proposing JSON name : data/scene_datasets/mp3d/s8pcmisQ38h/s8pcmisQ38h.stage_config.json from original name : data/scene_datasets/mp3d/s8pcmisQ38h/s8pcmisQ38h.glb | This file  does not exist.
I1008 13:03:42.455253 4153665 AbstractObjectAttributesManagerBase.h:181] AbstractObjectAttributesManager<T>::createObject  (Stage) : Done making attributes with handle : data/scene_datasets/mp3d/s8pcmisQ38h/s8pcmisQ38h.glb
I1008 13:03:42.455255 4153665 AbstractObjectAttributesManagerBase.h:188] File (data/scene_datasets/mp3d/s8pcmisQ38h/s8pcmisQ38h.glb) exists but is not a recognized config filename extension, so new default Stage attributes created and registered.
I1008 13:03:42.455259 4153665 Simulator.cpp:156] Loading navmesh from data/scene_datasets/mp3d/s8pcmisQ38h/s8pcmisQ38h.navmesh
I1008 13:03:42.455374 4153665 Simulator.cpp:158] Loaded.
I1008 13:03:42.455380 4153665 SceneGraph.h:93] Created DrawableGroup: 
I1008 13:03:42.459067 4153665 ResourceManager.cpp:234] ResourceManager::loadStage : Not loading semantic mesh
I1008 13:03:42.459084 4153665 ResourceManager.cpp:262] ResourceManager::loadStage : start load render asset data/scene_datasets/mp3d/s8pcmisQ38h/s8pcmisQ38h.glb.
I1008 13:03:42.459095 4153665 ResourceManager.cpp:569] ResourceManager::loadStageInternal : Attempting to load stage data/scene_datasets/mp3d/s8pcmisQ38h/s8pcmisQ38h.glb 
I1008 13:03:42.459118 4153665 ResourceManager.cpp:1119] Importing Basis files as BC7 for s8pcmisQ38h.glb
W1008 13:03:43.764554 4153665 Simulator.cpp:248] :
---
 The active scene does not contain semantic annotations. 
---
I1008 13:03:43.799366 4153665 simulator.py:213] Loaded navmesh data/scene_datasets/mp3d/s8pcmisQ38h/s8pcmisQ38h.navmesh
I1008 13:03:44.397006 4153665 PhysicsManager.cpp:33] Deconstructing PhysicsManager
I1008 13:03:44.397028 4153665 SemanticScene.h:41] Deconstructing SemanticScene
I1008 13:03:44.398267 4153665 SceneManager.h:25] Deconstructing SceneManager
I1008 13:03:44.398272 4153665 SceneGraph.h:26] Deconstructing SceneGraph
I1008 13:03:44.398617 4153665 Sensor.h:87] Deconstructing Sensor
I1008 13:03:44.398782 4153665 Sensor.h:87] Deconstructing Sensor
I1008 13:03:44.398883 4153665 Sensor.h:87] Deconstructing Sensor
I1008 13:03:44.398990 4153665 Sensor.h:87] Deconstructing Sensor
I1008 13:03:44.399092 4153665 Sensor.h:87] Deconstructing Sensor
I1008 13:03:44.399190 4153665 Sensor.h:87] Deconstructing Sensor
I1008 13:03:44.399292 4153665 Sensor.h:87] Deconstructing Sensor
I1008 13:03:44.399389 4153665 Sensor.h:87] Deconstructing Sensor
I1008 13:03:44.399492 4153665 Sensor.h:87] Deconstructing Sensor
I1008 13:03:44.399588 4153665 Sensor.h:87] Deconstructing Sensor
I1008 13:03:44.399688 4153665 Sensor.h:87] Deconstructing Sensor
I1008 13:03:44.399791 4153665 Sensor.h:87] Deconstructing Sensor
I1008 13:03:44.399935 4153665 Sensor.h:87] Deconstructing Sensor
I1008 13:03:44.400071 4153665 Sensor.h:87] Deconstructing Sensor
I1008 13:03:44.400204 4153665 Sensor.h:87] Deconstructing Sensor
I1008 13:03:44.400327 4153665 Sensor.h:87] Deconstructing Sensor
I1008 13:03:44.400460 4153665 Sensor.h:87] Deconstructing Sensor
I1008 13:03:44.400578 4153665 Sensor.h:87] Deconstructing Sensor
I1008 13:03:44.400704 4153665 Sensor.h:87] Deconstructing Sensor
I1008 13:03:44.400830 4153665 Sensor.h:87] Deconstructing Sensor
I1008 13:03:44.400944 4153665 Sensor.h:87] Deconstructing Sensor
I1008 13:03:44.401064 4153665 Sensor.h:87] Deconstructing Sensor
I1008 13:03:44.401191 4153665 Sensor.h:87] Deconstructing Sensor
I1008 13:03:44.401268 4153665 Sensor.h:87] Deconstructing Sensor
I1008 13:03:44.403272 4153665 Renderer.cpp:34] Deconstructing Renderer
I1008 13:03:44.403287 4153665 WindowlessContext.h:17] Deconstructing WindowlessContext
I1008 13:03:44.406399 4153665 MetadataMediator.cpp:56] MetadataMediator::setActiveSceneDatasetName : Old active dataset default changed to default successfully.
I1008 13:03:44.406575 4153665 AttributesManagerBase.h:283] AttributesManager<T>::createFromJsonOrDefaultInternal  (Physics Manager) : Proposing JSON name : ./data/default.physics_config.json from original name : ./data/default.physics_config.json | This file  does not exist.
I1008 13:03:44.406597 4153665 PhysicsAttributesManager.cpp:27] File (./data/default.physics_config.json) not found, so new default physics manager attributes created and registered.
I1008 13:03:44.406602 4153665 AbstractObjectAttributesManagerBase.h:175] AbstractObjectAttributesManager<T>::createObject  (Stage) : Making attributes with handle : data/scene_datasets/mp3d/PuKPg4mmafe/PuKPg4mmafe.glb
I1008 13:03:44.406605 4153665 ManagedContainerBase.cpp:19] ManagedContainerBase::convertFilenameToJSON : Filename : data/scene_datasets/mp3d/PuKPg4mmafe/PuKPg4mmafe.glb changed to proposed JSON configuration filename : data/scene_datasets/mp3d/PuKPg4mmafe/PuKPg4mmafe.stage_config.json
I1008 13:03:44.406621 4153665 AttributesManagerBase.h:283] AttributesManager<T>::createFromJsonOrDefaultInternal  (Stage) : Proposing JSON name : data/scene_datasets/mp3d/PuKPg4mmafe/PuKPg4mmafe.stage_config.json from original name : data/scene_datasets/mp3d/PuKPg4mmafe/PuKPg4mmafe.glb | This file  does not exist.
I1008 13:03:44.406656 4153665 AbstractObjectAttributesManagerBase.h:181] AbstractObjectAttributesManager<T>::createObject  (Stage) : Done making attributes with handle : data/scene_datasets/mp3d/PuKPg4mmafe/PuKPg4mmafe.glb
I1008 13:03:44.406668 4153665 AbstractObjectAttributesManagerBase.h:188] File (data/scene_datasets/mp3d/PuKPg4mmafe/PuKPg4mmafe.glb) exists but is not a recognized config filename extension, so new default Stage attributes created and registered.
I1008 13:03:44.406673 4153665 Simulator.cpp:156] Loading navmesh from data/scene_datasets/mp3d/PuKPg4mmafe/PuKPg4mmafe.navmesh
I1008 13:03:44.406884 4153665 Simulator.cpp:158] Loaded.
I1008 13:03:44.406890 4153665 SceneGraph.h:93] Created DrawableGroup: 
I1008 13:03:44.410372 4153665 ResourceManager.cpp:234] ResourceManager::loadStage : Not loading semantic mesh
I1008 13:03:44.410385 4153665 ResourceManager.cpp:262] ResourceManager::loadStage : start load render asset data/scene_datasets/mp3d/PuKPg4mmafe/PuKPg4mmafe.glb.
I1008 13:03:44.410386 4153665 ResourceManager.cpp:569] ResourceManager::loadStageInternal : Attempting to load stage data/scene_datasets/mp3d/PuKPg4mmafe/PuKPg4mmafe.glb 
I1008 13:03:44.410413 4153665 ResourceManager.cpp:1119] Importing Basis files as BC7 for PuKPg4mmafe.glb
W1008 13:03:47.330119 4153665 Simulator.cpp:248] :
---
 The active scene does not contain semantic annotations. 
---
I1008 13:03:47.348497 4153665 simulator.py:213] Loaded navmesh data/scene_datasets/mp3d/PuKPg4mmafe/PuKPg4mmafe.navmesh
I1008 13:03:48.334367 4153665 PhysicsManager.cpp:33] Deconstructing PhysicsManager
I1008 13:03:48.334393 4153665 SemanticScene.h:41] Deconstructing SemanticScene
I1008 13:03:48.334987 4153665 SceneManager.h:25] Deconstructing SceneManager
I1008 13:03:48.334990 4153665 SceneGraph.h:26] Deconstructing SceneGraph
I1008 13:03:48.335325 4153665 Sensor.h:87] Deconstructing Sensor
I1008 13:03:48.335561 4153665 Sensor.h:87] Deconstructing Sensor
I1008 13:03:48.335670 4153665 Sensor.h:87] Deconstructing Sensor
I1008 13:03:48.335780 4153665 Sensor.h:87] Deconstructing Sensor
I1008 13:03:48.335886 4153665 Sensor.h:87] Deconstructing Sensor
I1008 13:03:48.335988 4153665 Sensor.h:87] Deconstructing Sensor
I1008 13:03:48.336089 4153665 Sensor.h:87] Deconstructing Sensor
I1008 13:03:48.336185 4153665 Sensor.h:87] Deconstructing Sensor
I1008 13:03:48.336287 4153665 Sensor.h:87] Deconstructing Sensor
I1008 13:03:48.336381 4153665 Sensor.h:87] Deconstructing Sensor
I1008 13:03:48.336476 4153665 Sensor.h:87] Deconstructing Sensor
I1008 13:03:48.336577 4153665 Sensor.h:87] Deconstructing Sensor
I1008 13:03:48.336674 4153665 Sensor.h:87] Deconstructing Sensor
I1008 13:03:48.336798 4153665 Sensor.h:87] Deconstructing Sensor
I1008 13:03:48.336921 4153665 Sensor.h:87] Deconstructing Sensor
I1008 13:03:48.337038 4153665 Sensor.h:87] Deconstructing Sensor
I1008 13:03:48.337162 4153665 Sensor.h:87] Deconstructing Sensor
I1008 13:03:48.337278 4153665 Sensor.h:87] Deconstructing Sensor
I1008 13:03:48.337393 4153665 Sensor.h:87] Deconstructing Sensor
I1008 13:03:48.337515 4153665 Sensor.h:87] Deconstructing Sensor
I1008 13:03:48.337743 4153665 Sensor.h:87] Deconstructing Sensor
I1008 13:03:48.337870 4153665 Sensor.h:87] Deconstructing Sensor
I1008 13:03:48.337994 4153665 Sensor.h:87] Deconstructing Sensor
I1008 13:03:48.338151 4153665 Sensor.h:87] Deconstructing Sensor
I1008 13:03:48.341930 4153665 Renderer.cpp:34] Deconstructing Renderer
I1008 13:03:48.341954 4153665 WindowlessContext.h:17] Deconstructing WindowlessContext
I1008 13:03:48.348848 4153665 MetadataMediator.cpp:56] MetadataMediator::setActiveSceneDatasetName : Old active dataset default changed to default successfully.
I1008 13:03:48.349123 4153665 AttributesManagerBase.h:283] AttributesManager<T>::createFromJsonOrDefaultInternal  (Physics Manager) : Proposing JSON name : ./data/default.physics_config.json from original name : ./data/default.physics_config.json | This file  does not exist.
I1008 13:03:48.349145 4153665 PhysicsAttributesManager.cpp:27] File (./data/default.physics_config.json) not found, so new default physics manager attributes created and registered.
I1008 13:03:48.349150 4153665 AbstractObjectAttributesManagerBase.h:175] AbstractObjectAttributesManager<T>::createObject  (Stage) : Making attributes with handle : data/scene_datasets/mp3d/ZMojNkEp431/ZMojNkEp431.glb
I1008 13:03:48.349161 4153665 ManagedContainerBase.cpp:19] ManagedContainerBase::convertFilenameToJSON : Filename : data/scene_datasets/mp3d/ZMojNkEp431/ZMojNkEp431.glb changed to proposed JSON configuration filename : data/scene_datasets/mp3d/ZMojNkEp431/ZMojNkEp431.stage_config.json
I1008 13:03:48.349179 4153665 AttributesManagerBase.h:283] AttributesManager<T>::createFromJsonOrDefaultInternal  (Stage) : Proposing JSON name : data/scene_datasets/mp3d/ZMojNkEp431/ZMojNkEp431.stage_config.json from original name : data/scene_datasets/mp3d/ZMojNkEp431/ZMojNkEp431.glb | This file  does not exist.
I1008 13:03:48.349217 4153665 AbstractObjectAttributesManagerBase.h:181] AbstractObjectAttributesManager<T>::createObject  (Stage) : Done making attributes with handle : data/scene_datasets/mp3d/ZMojNkEp431/ZMojNkEp431.glb
I1008 13:03:48.349218 4153665 AbstractObjectAttributesManagerBase.h:188] File (data/scene_datasets/mp3d/ZMojNkEp431/ZMojNkEp431.glb) exists but is not a recognized config filename extension, so new default Stage attributes created and registered.
I1008 13:03:48.349221 4153665 Simulator.cpp:156] Loading navmesh from data/scene_datasets/mp3d/ZMojNkEp431/ZMojNkEp431.navmesh
I1008 13:03:48.349344 4153665 Simulator.cpp:158] Loaded.
I1008 13:03:48.349349 4153665 SceneGraph.h:93] Created DrawableGroup: 
I1008 13:03:48.352802 4153665 ResourceManager.cpp:234] ResourceManager::loadStage : Not loading semantic mesh
I1008 13:03:48.352813 4153665 ResourceManager.cpp:262] ResourceManager::loadStage : start load render asset data/scene_datasets/mp3d/ZMojNkEp431/ZMojNkEp431.glb.
I1008 13:03:48.352814 4153665 ResourceManager.cpp:569] ResourceManager::loadStageInternal : Attempting to load stage data/scene_datasets/mp3d/ZMojNkEp431/ZMojNkEp431.glb 
I1008 13:03:48.352835 4153665 ResourceManager.cpp:1119] Importing Basis files as BC7 for ZMojNkEp431.glb
W1008 13:03:49.637516 4153665 Simulator.cpp:248] :
---
 The active scene does not contain semantic annotations. 
---
I1008 13:03:49.676429 4153665 simulator.py:213] Loaded navmesh data/scene_datasets/mp3d/ZMojNkEp431/ZMojNkEp431.navmesh
I1008 13:03:50.596251 4153665 PhysicsManager.cpp:33] Deconstructing PhysicsManager
I1008 13:03:50.596272 4153665 SemanticScene.h:41] Deconstructing SemanticScene
I1008 13:03:50.597543 4153665 SceneManager.h:25] Deconstructing SceneManager
I1008 13:03:50.597548 4153665 SceneGraph.h:26] Deconstructing SceneGraph
I1008 13:03:50.597913 4153665 Sensor.h:87] Deconstructing Sensor
I1008 13:03:50.598073 4153665 Sensor.h:87] Deconstructing Sensor
I1008 13:03:50.598174 4153665 Sensor.h:87] Deconstructing Sensor
I1008 13:03:50.598276 4153665 Sensor.h:87] Deconstructing Sensor
I1008 13:03:50.598372 4153665 Sensor.h:87] Deconstructing Sensor
I1008 13:03:50.598465 4153665 Sensor.h:87] Deconstructing Sensor
I1008 13:03:50.598562 4153665 Sensor.h:87] Deconstructing Sensor
I1008 13:03:50.598655 4153665 Sensor.h:87] Deconstructing Sensor
I1008 13:03:50.598776 4153665 Sensor.h:87] Deconstructing Sensor
I1008 13:03:50.598872 4153665 Sensor.h:87] Deconstructing Sensor
I1008 13:03:50.598970 4153665 Sensor.h:87] Deconstructing Sensor
I1008 13:03:50.599073 4153665 Sensor.h:87] Deconstructing Sensor
I1008 13:03:50.599167 4153665 Sensor.h:87] Deconstructing Sensor
I1008 13:03:50.599289 4153665 Sensor.h:87] Deconstructing Sensor
I1008 13:03:50.599416 4153665 Sensor.h:87] Deconstructing Sensor
I1008 13:03:50.599538 4153665 Sensor.h:87] Deconstructing Sensor
I1008 13:03:50.599660 4153665 Sensor.h:87] Deconstructing Sensor
I1008 13:03:50.599798 4153665 Sensor.h:87] Deconstructing Sensor
I1008 13:03:50.599920 4153665 Sensor.h:87] Deconstructing Sensor
I1008 13:03:50.600041 4153665 Sensor.h:87] Deconstructing Sensor
I1008 13:03:50.600168 4153665 Sensor.h:87] Deconstructing Sensor
I1008 13:03:50.600284 4153665 Sensor.h:87] Deconstructing Sensor
I1008 13:03:50.600415 4153665 Sensor.h:87] Deconstructing Sensor
I1008 13:03:50.600517 4153665 Sensor.h:87] Deconstructing Sensor
I1008 13:03:50.602424 4153665 Renderer.cpp:34] Deconstructing Renderer
I1008 13:03:50.602439 4153665 WindowlessContext.h:17] Deconstructing WindowlessContext
I1008 13:03:50.605786 4153665 MetadataMediator.cpp:56] MetadataMediator::setActiveSceneDatasetName : Old active dataset default changed to default successfully.
I1008 13:03:50.605990 4153665 AttributesManagerBase.h:283] AttributesManager<T>::createFromJsonOrDefaultInternal  (Physics Manager) : Proposing JSON name : ./data/default.physics_config.json from original name : ./data/default.physics_config.json | This file  does not exist.
I1008 13:03:50.606011 4153665 PhysicsAttributesManager.cpp:27] File (./data/default.physics_config.json) not found, so new default physics manager attributes created and registered.
I1008 13:03:50.606015 4153665 AbstractObjectAttributesManagerBase.h:175] AbstractObjectAttributesManager<T>::createObject  (Stage) : Making attributes with handle : data/scene_datasets/mp3d/2n8kARJN3HM/2n8kARJN3HM.glb
I1008 13:03:50.606019 4153665 ManagedContainerBase.cpp:19] ManagedContainerBase::convertFilenameToJSON : Filename : data/scene_datasets/mp3d/2n8kARJN3HM/2n8kARJN3HM.glb changed to proposed JSON configuration filename : data/scene_datasets/mp3d/2n8kARJN3HM/2n8kARJN3HM.stage_config.json
I1008 13:03:50.606035 4153665 AttributesManagerBase.h:283] AttributesManager<T>::createFromJsonOrDefaultInternal  (Stage) : Proposing JSON name : data/scene_datasets/mp3d/2n8kARJN3HM/2n8kARJN3HM.stage_config.json from original name : data/scene_datasets/mp3d/2n8kARJN3HM/2n8kARJN3HM.glb | This file  does not exist.
I1008 13:03:50.606071 4153665 AbstractObjectAttributesManagerBase.h:181] AbstractObjectAttributesManager<T>::createObject  (Stage) : Done making attributes with handle : data/scene_datasets/mp3d/2n8kARJN3HM/2n8kARJN3HM.glb
I1008 13:03:50.606072 4153665 AbstractObjectAttributesManagerBase.h:188] File (data/scene_datasets/mp3d/2n8kARJN3HM/2n8kARJN3HM.glb) exists but is not a recognized config filename extension, so new default Stage attributes created and registered.
I1008 13:03:50.606076 4153665 Simulator.cpp:156] Loading navmesh from data/scene_datasets/mp3d/2n8kARJN3HM/2n8kARJN3HM.navmesh
I1008 13:03:50.606236 4153665 Simulator.cpp:158] Loaded.
I1008 13:03:50.606241 4153665 SceneGraph.h:93] Created DrawableGroup: 
I1008 13:03:50.609721 4153665 ResourceManager.cpp:234] ResourceManager::loadStage : Not loading semantic mesh
I1008 13:03:50.609736 4153665 ResourceManager.cpp:262] ResourceManager::loadStage : start load render asset data/scene_datasets/mp3d/2n8kARJN3HM/2n8kARJN3HM.glb.
I1008 13:03:50.609737 4153665 ResourceManager.cpp:569] ResourceManager::loadStageInternal : Attempting to load stage data/scene_datasets/mp3d/2n8kARJN3HM/2n8kARJN3HM.glb 
I1008 13:03:50.609762 4153665 ResourceManager.cpp:1119] Importing Basis files as BC7 for 2n8kARJN3HM.glb
W1008 13:03:53.297163 4153665 Simulator.cpp:248] :
---
 The active scene does not contain semantic annotations. 
---
I1008 13:03:53.365906 4153665 simulator.py:213] Loaded navmesh data/scene_datasets/mp3d/2n8kARJN3HM/2n8kARJN3HM.navmesh
I1008 13:03:53.727993 4153665 PhysicsManager.cpp:33] Deconstructing PhysicsManager
I1008 13:03:53.728012 4153665 SemanticScene.h:41] Deconstructing SemanticScene
I1008 13:03:53.730818 4153665 SceneManager.h:25] Deconstructing SceneManager
I1008 13:03:53.730832 4153665 SceneGraph.h:26] Deconstructing SceneGraph
I1008 13:03:53.731215 4153665 Sensor.h:87] Deconstructing Sensor
I1008 13:03:53.731474 4153665 Sensor.h:87] Deconstructing Sensor
I1008 13:03:53.731576 4153665 Sensor.h:87] Deconstructing Sensor
I1008 13:03:53.731684 4153665 Sensor.h:87] Deconstructing Sensor
I1008 13:03:53.731784 4153665 Sensor.h:87] Deconstructing Sensor
I1008 13:03:53.731881 4153665 Sensor.h:87] Deconstructing Sensor
I1008 13:03:53.731983 4153665 Sensor.h:87] Deconstructing Sensor
I1008 13:03:53.732080 4153665 Sensor.h:87] Deconstructing Sensor
I1008 13:03:53.732185 4153665 Sensor.h:87] Deconstructing Sensor
I1008 13:03:53.732281 4153665 Sensor.h:87] Deconstructing Sensor
I1008 13:03:53.732394 4153665 Sensor.h:87] Deconstructing Sensor
I1008 13:03:53.732498 4153665 Sensor.h:87] Deconstructing Sensor
I1008 13:03:53.732595 4153665 Sensor.h:87] Deconstructing Sensor
I1008 13:03:53.732728 4153665 Sensor.h:87] Deconstructing Sensor
I1008 13:03:53.732858 4153665 Sensor.h:87] Deconstructing Sensor
I1008 13:03:53.732982 4153665 Sensor.h:87] Deconstructing Sensor
I1008 13:03:53.733107 4153665 Sensor.h:87] Deconstructing Sensor
I1008 13:03:53.733227 4153665 Sensor.h:87] Deconstructing Sensor
I1008 13:03:53.733352 4153665 Sensor.h:87] Deconstructing Sensor
I1008 13:03:53.733472 4153665 Sensor.h:87] Deconstructing Sensor
I1008 13:03:53.734583 4153665 Sensor.h:87] Deconstructing Sensor
I1008 13:03:53.734772 4153665 Sensor.h:87] Deconstructing Sensor
I1008 13:03:53.734933 4153665 Sensor.h:87] Deconstructing Sensor
I1008 13:03:53.735123 4153665 Sensor.h:87] Deconstructing Sensor
I1008 13:03:53.743818 4153665 Renderer.cpp:34] Deconstructing Renderer
I1008 13:03:53.743865 4153665 WindowlessContext.h:17] Deconstructing WindowlessContext
I1008 13:03:53.750905 4153665 MetadataMediator.cpp:56] MetadataMediator::setActiveSceneDatasetName : Old active dataset default changed to default successfully.
I1008 13:03:53.751374 4153665 AttributesManagerBase.h:283] AttributesManager<T>::createFromJsonOrDefaultInternal  (Physics Manager) : Proposing JSON name : ./data/default.physics_config.json from original name : ./data/default.physics_config.json | This file  does not exist.
I1008 13:03:53.751405 4153665 PhysicsAttributesManager.cpp:27] File (./data/default.physics_config.json) not found, so new default physics manager attributes created and registered.
I1008 13:03:53.751410 4153665 AbstractObjectAttributesManagerBase.h:175] AbstractObjectAttributesManager<T>::createObject  (Stage) : Making attributes with handle : data/scene_datasets/mp3d/qoiz87JEwZ2/qoiz87JEwZ2.glb
I1008 13:03:53.751415 4153665 ManagedContainerBase.cpp:19] ManagedContainerBase::convertFilenameToJSON : Filename : data/scene_datasets/mp3d/qoiz87JEwZ2/qoiz87JEwZ2.glb changed to proposed JSON configuration filename : data/scene_datasets/mp3d/qoiz87JEwZ2/qoiz87JEwZ2.stage_config.json
I1008 13:03:53.751432 4153665 AttributesManagerBase.h:283] AttributesManager<T>::createFromJsonOrDefaultInternal  (Stage) : Proposing JSON name : data/scene_datasets/mp3d/qoiz87JEwZ2/qoiz87JEwZ2.stage_config.json from original name : data/scene_datasets/mp3d/qoiz87JEwZ2/qoiz87JEwZ2.glb | This file  does not exist.
I1008 13:03:53.751478 4153665 AbstractObjectAttributesManagerBase.h:181] AbstractObjectAttributesManager<T>::createObject  (Stage) : Done making attributes with handle : data/scene_datasets/mp3d/qoiz87JEwZ2/qoiz87JEwZ2.glb
I1008 13:03:53.751479 4153665 AbstractObjectAttributesManagerBase.h:188] File (data/scene_datasets/mp3d/qoiz87JEwZ2/qoiz87JEwZ2.glb) exists but is not a recognized config filename extension, so new default Stage attributes created and registered.
I1008 13:03:53.751484 4153665 Simulator.cpp:156] Loading navmesh from data/scene_datasets/mp3d/qoiz87JEwZ2/qoiz87JEwZ2.navmesh
I1008 13:03:53.751636 4153665 Simulator.cpp:158] Loaded.
I1008 13:03:53.751643 4153665 SceneGraph.h:93] Created DrawableGroup: 
I1008 13:03:53.755446 4153665 ResourceManager.cpp:234] ResourceManager::loadStage : Not loading semantic mesh
I1008 13:03:53.755463 4153665 ResourceManager.cpp:262] ResourceManager::loadStage : start load render asset data/scene_datasets/mp3d/qoiz87JEwZ2/qoiz87JEwZ2.glb.
I1008 13:03:53.755465 4153665 ResourceManager.cpp:569] ResourceManager::loadStageInternal : Attempting to load stage data/scene_datasets/mp3d/qoiz87JEwZ2/qoiz87JEwZ2.glb 
I1008 13:03:53.755489 4153665 ResourceManager.cpp:1119] Importing Basis files as BC7 for qoiz87JEwZ2.glb
W1008 13:03:55.454762 4153665 Simulator.cpp:248] :
---
 The active scene does not contain semantic annotations. 
---
I1008 13:03:55.508548 4153665 simulator.py:213] Loaded navmesh data/scene_datasets/mp3d/qoiz87JEwZ2/qoiz87JEwZ2.navmesh
I1008 13:03:55.766589 4153665 PhysicsManager.cpp:33] Deconstructing PhysicsManager
I1008 13:03:55.766616 4153665 SemanticScene.h:41] Deconstructing SemanticScene
I1008 13:03:55.768407 4153665 SceneManager.h:25] Deconstructing SceneManager
I1008 13:03:55.768416 4153665 SceneGraph.h:26] Deconstructing SceneGraph
I1008 13:03:55.768805 4153665 Sensor.h:87] Deconstructing Sensor
I1008 13:03:55.768967 4153665 Sensor.h:87] Deconstructing Sensor
I1008 13:03:55.769069 4153665 Sensor.h:87] Deconstructing Sensor
I1008 13:03:55.769176 4153665 Sensor.h:87] Deconstructing Sensor
I1008 13:03:55.769273 4153665 Sensor.h:87] Deconstructing Sensor
I1008 13:03:55.769372 4153665 Sensor.h:87] Deconstructing Sensor
I1008 13:03:55.769471 4153665 Sensor.h:87] Deconstructing Sensor
I1008 13:03:55.769565 4153665 Sensor.h:87] Deconstructing Sensor
I1008 13:03:55.769670 4153665 Sensor.h:87] Deconstructing Sensor
I1008 13:03:55.769767 4153665 Sensor.h:87] Deconstructing Sensor
I1008 13:03:55.769865 4153665 Sensor.h:87] Deconstructing Sensor
I1008 13:03:55.769965 4153665 Sensor.h:87] Deconstructing Sensor
I1008 13:03:55.770064 4153665 Sensor.h:87] Deconstructing Sensor
I1008 13:03:55.770212 4153665 Sensor.h:87] Deconstructing Sensor
I1008 13:03:55.770344 4153665 Sensor.h:87] Deconstructing Sensor
I1008 13:03:55.770462 4153665 Sensor.h:87] Deconstructing Sensor
I1008 13:03:55.770586 4153665 Sensor.h:87] Deconstructing Sensor
I1008 13:03:55.770709 4153665 Sensor.h:87] Deconstructing Sensor
I1008 13:03:55.770834 4153665 Sensor.h:87] Deconstructing Sensor
I1008 13:03:55.770957 4153665 Sensor.h:87] Deconstructing Sensor
I1008 13:03:55.771075 4153665 Sensor.h:87] Deconstructing Sensor
I1008 13:03:55.771195 4153665 Sensor.h:87] Deconstructing Sensor
I1008 13:03:55.771320 4153665 Sensor.h:87] Deconstructing Sensor
I1008 13:03:55.771478 4153665 Sensor.h:87] Deconstructing Sensor
I1008 13:03:55.773933 4153665 Renderer.cpp:34] Deconstructing Renderer
I1008 13:03:55.773945 4153665 WindowlessContext.h:17] Deconstructing WindowlessContext
I1008 13:03:55.777406 4153665 MetadataMediator.cpp:56] MetadataMediator::setActiveSceneDatasetName : Old active dataset default changed to default successfully.
I1008 13:03:55.777725 4153665 AttributesManagerBase.h:283] AttributesManager<T>::createFromJsonOrDefaultInternal  (Physics Manager) : Proposing JSON name : ./data/default.physics_config.json from original name : ./data/default.physics_config.json | This file  does not exist.
I1008 13:03:55.777752 4153665 PhysicsAttributesManager.cpp:27] File (./data/default.physics_config.json) not found, so new default physics manager attributes created and registered.
I1008 13:03:55.777757 4153665 AbstractObjectAttributesManagerBase.h:175] AbstractObjectAttributesManager<T>::createObject  (Stage) : Making attributes with handle : data/scene_datasets/mp3d/8WUmhLawc2A/8WUmhLawc2A.glb
I1008 13:03:55.777761 4153665 ManagedContainerBase.cpp:19] ManagedContainerBase::convertFilenameToJSON : Filename : data/scene_datasets/mp3d/8WUmhLawc2A/8WUmhLawc2A.glb changed to proposed JSON configuration filename : data/scene_datasets/mp3d/8WUmhLawc2A/8WUmhLawc2A.stage_config.json
I1008 13:03:55.777778 4153665 AttributesManagerBase.h:283] AttributesManager<T>::createFromJsonOrDefaultInternal  (Stage) : Proposing JSON name : data/scene_datasets/mp3d/8WUmhLawc2A/8WUmhLawc2A.stage_config.json from original name : data/scene_datasets/mp3d/8WUmhLawc2A/8WUmhLawc2A.glb | This file  does not exist.
I1008 13:03:55.777817 4153665 AbstractObjectAttributesManagerBase.h:181] AbstractObjectAttributesManager<T>::createObject  (Stage) : Done making attributes with handle : data/scene_datasets/mp3d/8WUmhLawc2A/8WUmhLawc2A.glb
I1008 13:03:55.777818 4153665 AbstractObjectAttributesManagerBase.h:188] File (data/scene_datasets/mp3d/8WUmhLawc2A/8WUmhLawc2A.glb) exists but is not a recognized config filename extension, so new default Stage attributes created and registered.
I1008 13:03:55.777822 4153665 Simulator.cpp:156] Loading navmesh from data/scene_datasets/mp3d/8WUmhLawc2A/8WUmhLawc2A.navmesh
I1008 13:03:55.777998 4153665 Simulator.cpp:158] Loaded.
I1008 13:03:55.778003 4153665 SceneGraph.h:93] Created DrawableGroup: 
I1008 13:03:55.782085 4153665 ResourceManager.cpp:234] ResourceManager::loadStage : Not loading semantic mesh
I1008 13:03:55.782099 4153665 ResourceManager.cpp:262] ResourceManager::loadStage : start load render asset data/scene_datasets/mp3d/8WUmhLawc2A/8WUmhLawc2A.glb.
I1008 13:03:55.782100 4153665 ResourceManager.cpp:569] ResourceManager::loadStageInternal : Attempting to load stage data/scene_datasets/mp3d/8WUmhLawc2A/8WUmhLawc2A.glb 
I1008 13:03:55.782124 4153665 ResourceManager.cpp:1119] Importing Basis files as BC7 for 8WUmhLawc2A.glb
W1008 13:04:01.000070 4153665 Simulator.cpp:248] :
---
 The active scene does not contain semantic annotations. 
---
I1008 13:04:01.043285 4153665 simulator.py:213] Loaded navmesh data/scene_datasets/mp3d/8WUmhLawc2A/8WUmhLawc2A.navmesh
I1008 13:04:02.559669 4153665 PhysicsManager.cpp:33] Deconstructing PhysicsManager
I1008 13:04:02.559691 4153665 SemanticScene.h:41] Deconstructing SemanticScene
I1008 13:04:02.561594 4153665 SceneManager.h:25] Deconstructing SceneManager
I1008 13:04:02.561605 4153665 SceneGraph.h:26] Deconstructing SceneGraph
I1008 13:04:02.562403 4153665 Sensor.h:87] Deconstructing Sensor
I1008 13:04:02.562706 4153665 Sensor.h:87] Deconstructing Sensor
I1008 13:04:02.562811 4153665 Sensor.h:87] Deconstructing Sensor
I1008 13:04:02.562917 4153665 Sensor.h:87] Deconstructing Sensor
I1008 13:04:02.563015 4153665 Sensor.h:87] Deconstructing Sensor
I1008 13:04:02.563113 4153665 Sensor.h:87] Deconstructing Sensor
I1008 13:04:02.563217 4153665 Sensor.h:87] Deconstructing Sensor
I1008 13:04:02.563315 4153665 Sensor.h:87] Deconstructing Sensor
I1008 13:04:02.563418 4153665 Sensor.h:87] Deconstructing Sensor
I1008 13:04:02.563515 4153665 Sensor.h:87] Deconstructing Sensor
I1008 13:04:02.563616 4153665 Sensor.h:87] Deconstructing Sensor
I1008 13:04:02.563720 4153665 Sensor.h:87] Deconstructing Sensor
I1008 13:04:02.563833 4153665 Sensor.h:87] Deconstructing Sensor
I1008 13:04:02.563963 4153665 Sensor.h:87] Deconstructing Sensor
I1008 13:04:02.564096 4153665 Sensor.h:87] Deconstructing Sensor
I1008 13:04:02.564220 4153665 Sensor.h:87] Deconstructing Sensor
I1008 13:04:02.564350 4153665 Sensor.h:87] Deconstructing Sensor
I1008 13:04:02.564473 4153665 Sensor.h:87] Deconstructing Sensor
I1008 13:04:02.564596 4153665 Sensor.h:87] Deconstructing Sensor
I1008 13:04:02.564721 4153665 Sensor.h:87] Deconstructing Sensor
I1008 13:04:02.564841 4153665 Sensor.h:87] Deconstructing Sensor
I1008 13:04:02.564957 4153665 Sensor.h:87] Deconstructing Sensor
I1008 13:04:02.565079 4153665 Sensor.h:87] Deconstructing Sensor
I1008 13:04:02.565163 4153665 Sensor.h:87] Deconstructing Sensor
I1008 13:04:02.577203 4153665 Renderer.cpp:34] Deconstructing Renderer
I1008 13:04:02.577235 4153665 WindowlessContext.h:17] Deconstructing WindowlessContext
I1008 13:04:02.581856 4153665 MetadataMediator.cpp:56] MetadataMediator::setActiveSceneDatasetName : Old active dataset default changed to default successfully.
I1008 13:04:02.582388 4153665 AttributesManagerBase.h:283] AttributesManager<T>::createFromJsonOrDefaultInternal  (Physics Manager) : Proposing JSON name : ./data/default.physics_config.json from original name : ./data/default.physics_config.json | This file  does not exist.
I1008 13:04:02.582414 4153665 PhysicsAttributesManager.cpp:27] File (./data/default.physics_config.json) not found, so new default physics manager attributes created and registered.
I1008 13:04:02.582419 4153665 AbstractObjectAttributesManagerBase.h:175] AbstractObjectAttributesManager<T>::createObject  (Stage) : Making attributes with handle : data/scene_datasets/mp3d/s8pcmisQ38h/s8pcmisQ38h.glb
I1008 13:04:02.582422 4153665 ManagedContainerBase.cpp:19] ManagedContainerBase::convertFilenameToJSON : Filename : data/scene_datasets/mp3d/s8pcmisQ38h/s8pcmisQ38h.glb changed to proposed JSON configuration filename : data/scene_datasets/mp3d/s8pcmisQ38h/s8pcmisQ38h.stage_config.json
I1008 13:04:02.582437 4153665 AttributesManagerBase.h:283] AttributesManager<T>::createFromJsonOrDefaultInternal  (Stage) : Proposing JSON name : data/scene_datasets/mp3d/s8pcmisQ38h/s8pcmisQ38h.stage_config.json from original name : data/scene_datasets/mp3d/s8pcmisQ38h/s8pcmisQ38h.glb | This file  does not exist.
I1008 13:04:02.582485 4153665 AbstractObjectAttributesManagerBase.h:181] AbstractObjectAttributesManager<T>::createObject  (Stage) : Done making attributes with handle : data/scene_datasets/mp3d/s8pcmisQ38h/s8pcmisQ38h.glb
I1008 13:04:02.582486 4153665 AbstractObjectAttributesManagerBase.h:188] File (data/scene_datasets/mp3d/s8pcmisQ38h/s8pcmisQ38h.glb) exists but is not a recognized config filename extension, so new default Stage attributes created and registered.
I1008 13:04:02.582490 4153665 Simulator.cpp:156] Loading navmesh from data/scene_datasets/mp3d/s8pcmisQ38h/s8pcmisQ38h.navmesh
I1008 13:04:02.582592 4153665 Simulator.cpp:158] Loaded.
I1008 13:04:02.582598 4153665 SceneGraph.h:93] Created DrawableGroup: 
I1008 13:04:02.586076 4153665 ResourceManager.cpp:234] ResourceManager::loadStage : Not loading semantic mesh
I1008 13:04:02.586086 4153665 ResourceManager.cpp:262] ResourceManager::loadStage : start load render asset data/scene_datasets/mp3d/s8pcmisQ38h/s8pcmisQ38h.glb.
I1008 13:04:02.586086 4153665 ResourceManager.cpp:569] ResourceManager::loadStageInternal : Attempting to load stage data/scene_datasets/mp3d/s8pcmisQ38h/s8pcmisQ38h.glb 
I1008 13:04:02.586108 4153665 ResourceManager.cpp:1119] Importing Basis files as BC7 for s8pcmisQ38h.glb
W1008 13:04:03.879962 4153665 Simulator.cpp:248] :
---
 The active scene does not contain semantic annotations. 
---
I1008 13:04:03.917971 4153665 simulator.py:213] Loaded navmesh data/scene_datasets/mp3d/s8pcmisQ38h/s8pcmisQ38h.navmesh
I1008 13:04:04.740183 4153665 PhysicsManager.cpp:33] Deconstructing PhysicsManager
I1008 13:04:04.740209 4153665 SemanticScene.h:41] Deconstructing SemanticScene
I1008 13:04:04.741686 4153665 SceneManager.h:25] Deconstructing SceneManager
I1008 13:04:04.741694 4153665 SceneGraph.h:26] Deconstructing SceneGraph
I1008 13:04:04.742065 4153665 Sensor.h:87] Deconstructing Sensor
I1008 13:04:04.742391 4153665 Sensor.h:87] Deconstructing Sensor
I1008 13:04:04.742524 4153665 Sensor.h:87] Deconstructing Sensor
I1008 13:04:04.742638 4153665 Sensor.h:87] Deconstructing Sensor
I1008 13:04:04.742753 4153665 Sensor.h:87] Deconstructing Sensor
I1008 13:04:04.742862 4153665 Sensor.h:87] Deconstructing Sensor
I1008 13:04:04.742969 4153665 Sensor.h:87] Deconstructing Sensor
I1008 13:04:04.743070 4153665 Sensor.h:87] Deconstructing Sensor
I1008 13:04:04.743191 4153665 Sensor.h:87] Deconstructing Sensor
I1008 13:04:04.743296 4153665 Sensor.h:87] Deconstructing Sensor
I1008 13:04:04.743402 4153665 Sensor.h:87] Deconstructing Sensor
I1008 13:04:04.743511 4153665 Sensor.h:87] Deconstructing Sensor
I1008 13:04:04.743614 4153665 Sensor.h:87] Deconstructing Sensor
I1008 13:04:04.743753 4153665 Sensor.h:87] Deconstructing Sensor
I1008 13:04:04.745478 4153665 Sensor.h:87] Deconstructing Sensor
I1008 13:04:04.746081 4153665 Sensor.h:87] Deconstructing Sensor
I1008 13:04:04.746225 4153665 Sensor.h:87] Deconstructing Sensor
I1008 13:04:04.746351 4153665 Sensor.h:87] Deconstructing Sensor
I1008 13:04:04.746474 4153665 Sensor.h:87] Deconstructing Sensor
I1008 13:04:04.746600 4153665 Sensor.h:87] Deconstructing Sensor
I1008 13:04:04.746748 4153665 Sensor.h:87] Deconstructing Sensor
I1008 13:04:04.746869 4153665 Sensor.h:87] Deconstructing Sensor
I1008 13:04:04.746996 4153665 Sensor.h:87] Deconstructing Sensor
I1008 13:04:04.747164 4153665 Sensor.h:87] Deconstructing Sensor
I1008 13:04:04.749531 4153665 Renderer.cpp:34] Deconstructing Renderer
I1008 13:04:04.749544 4153665 WindowlessContext.h:17] Deconstructing WindowlessContext
I1008 13:04:04.752826 4153665 MetadataMediator.cpp:56] MetadataMediator::setActiveSceneDatasetName : Old active dataset default changed to default successfully.
I1008 13:04:04.753173 4153665 AttributesManagerBase.h:283] AttributesManager<T>::createFromJsonOrDefaultInternal  (Physics Manager) : Proposing JSON name : ./data/default.physics_config.json from original name : ./data/default.physics_config.json | This file  does not exist.
I1008 13:04:04.753204 4153665 PhysicsAttributesManager.cpp:27] File (./data/default.physics_config.json) not found, so new default physics manager attributes created and registered.
I1008 13:04:04.753209 4153665 AbstractObjectAttributesManagerBase.h:175] AbstractObjectAttributesManager<T>::createObject  (Stage) : Making attributes with handle : data/scene_datasets/mp3d/XcA2TqTSSAj/XcA2TqTSSAj.glb
I1008 13:04:04.753212 4153665 ManagedContainerBase.cpp:19] ManagedContainerBase::convertFilenameToJSON : Filename : data/scene_datasets/mp3d/XcA2TqTSSAj/XcA2TqTSSAj.glb changed to proposed JSON configuration filename : data/scene_datasets/mp3d/XcA2TqTSSAj/XcA2TqTSSAj.stage_config.json
I1008 13:04:04.753226 4153665 AttributesManagerBase.h:283] AttributesManager<T>::createFromJsonOrDefaultInternal  (Stage) : Proposing JSON name : data/scene_datasets/mp3d/XcA2TqTSSAj/XcA2TqTSSAj.stage_config.json from original name : data/scene_datasets/mp3d/XcA2TqTSSAj/XcA2TqTSSAj.glb | This file  does not exist.
I1008 13:04:04.753265 4153665 AbstractObjectAttributesManagerBase.h:181] AbstractObjectAttributesManager<T>::createObject  (Stage) : Done making attributes with handle : data/scene_datasets/mp3d/XcA2TqTSSAj/XcA2TqTSSAj.glb
I1008 13:04:04.753266 4153665 AbstractObjectAttributesManagerBase.h:188] File (data/scene_datasets/mp3d/XcA2TqTSSAj/XcA2TqTSSAj.glb) exists but is not a recognized config filename extension, so new default Stage attributes created and registered.
I1008 13:04:04.753270 4153665 Simulator.cpp:156] Loading navmesh from data/scene_datasets/mp3d/XcA2TqTSSAj/XcA2TqTSSAj.navmesh
I1008 13:04:04.753408 4153665 Simulator.cpp:158] Loaded.
I1008 13:04:04.753414 4153665 SceneGraph.h:93] Created DrawableGroup: 
I1008 13:04:04.756712 4153665 ResourceManager.cpp:234] ResourceManager::loadStage : Not loading semantic mesh
I1008 13:04:04.756721 4153665 ResourceManager.cpp:262] ResourceManager::loadStage : start load render asset data/scene_datasets/mp3d/XcA2TqTSSAj/XcA2TqTSSAj.glb.
I1008 13:04:04.756723 4153665 ResourceManager.cpp:569] ResourceManager::loadStageInternal : Attempting to load stage data/scene_datasets/mp3d/XcA2TqTSSAj/XcA2TqTSSAj.glb 
I1008 13:04:04.756742 4153665 ResourceManager.cpp:1119] Importing Basis files as BC7 for XcA2TqTSSAj.glb
W1008 13:04:05.904558 4153665 Simulator.cpp:248] :
---
 The active scene does not contain semantic annotations. 
---
I1008 13:04:05.953677 4153665 simulator.py:213] Loaded navmesh data/scene_datasets/mp3d/XcA2TqTSSAj/XcA2TqTSSAj.navmesh
I1008 13:04:06.694749 4153665 PhysicsManager.cpp:33] Deconstructing PhysicsManager
I1008 13:04:06.694777 4153665 SemanticScene.h:41] Deconstructing SemanticScene
I1008 13:04:06.696681 4153665 SceneManager.h:25] Deconstructing SceneManager
I1008 13:04:06.696687 4153665 SceneGraph.h:26] Deconstructing SceneGraph
I1008 13:04:06.697314 4153665 Sensor.h:87] Deconstructing Sensor
I1008 13:04:06.697576 4153665 Sensor.h:87] Deconstructing Sensor
I1008 13:04:06.697682 4153665 Sensor.h:87] Deconstructing Sensor
I1008 13:04:06.697790 4153665 Sensor.h:87] Deconstructing Sensor
I1008 13:04:06.697890 4153665 Sensor.h:87] Deconstructing Sensor
I1008 13:04:06.697988 4153665 Sensor.h:87] Deconstructing Sensor
I1008 13:04:06.698091 4153665 Sensor.h:87] Deconstructing Sensor
I1008 13:04:06.698185 4153665 Sensor.h:87] Deconstructing Sensor
I1008 13:04:06.698289 4153665 Sensor.h:87] Deconstructing Sensor
I1008 13:04:06.698387 4153665 Sensor.h:87] Deconstructing Sensor
I1008 13:04:06.698485 4153665 Sensor.h:87] Deconstructing Sensor
I1008 13:04:06.698586 4153665 Sensor.h:87] Deconstructing Sensor
I1008 13:04:06.698690 4153665 Sensor.h:87] Deconstructing Sensor
I1008 13:04:06.698820 4153665 Sensor.h:87] Deconstructing Sensor
I1008 13:04:06.698951 4153665 Sensor.h:87] Deconstructing Sensor
I1008 13:04:06.699071 4153665 Sensor.h:87] Deconstructing Sensor
I1008 13:04:06.699214 4153665 Sensor.h:87] Deconstructing Sensor
I1008 13:04:06.699338 4153665 Sensor.h:87] Deconstructing Sensor
I1008 13:04:06.699469 4153665 Sensor.h:87] Deconstructing Sensor
I1008 13:04:06.699589 4153665 Sensor.h:87] Deconstructing Sensor
I1008 13:04:06.699710 4153665 Sensor.h:87] Deconstructing Sensor
I1008 13:04:06.699836 4153665 Sensor.h:87] Deconstructing Sensor
I1008 13:04:06.699960 4153665 Sensor.h:87] Deconstructing Sensor
I1008 13:04:06.700037 4153665 Sensor.h:87] Deconstructing Sensor
I1008 13:04:06.702441 4153665 Renderer.cpp:34] Deconstructing Renderer
I1008 13:04:06.702458 4153665 WindowlessContext.h:17] Deconstructing WindowlessContext
I1008 13:04:06.705564 4153665 MetadataMediator.cpp:56] MetadataMediator::setActiveSceneDatasetName : Old active dataset default changed to default successfully.
I1008 13:04:06.705919 4153665 AttributesManagerBase.h:283] AttributesManager<T>::createFromJsonOrDefaultInternal  (Physics Manager) : Proposing JSON name : ./data/default.physics_config.json from original name : ./data/default.physics_config.json | This file  does not exist.
I1008 13:04:06.705941 4153665 PhysicsAttributesManager.cpp:27] File (./data/default.physics_config.json) not found, so new default physics manager attributes created and registered.
I1008 13:04:06.705946 4153665 AbstractObjectAttributesManagerBase.h:175] AbstractObjectAttributesManager<T>::createObject  (Stage) : Making attributes with handle : data/scene_datasets/mp3d/ZMojNkEp431/ZMojNkEp431.glb
I1008 13:04:06.705948 4153665 ManagedContainerBase.cpp:19] ManagedContainerBase::convertFilenameToJSON : Filename : data/scene_datasets/mp3d/ZMojNkEp431/ZMojNkEp431.glb changed to proposed JSON configuration filename : data/scene_datasets/mp3d/ZMojNkEp431/ZMojNkEp431.stage_config.json
I1008 13:04:06.705964 4153665 AttributesManagerBase.h:283] AttributesManager<T>::createFromJsonOrDefaultInternal  (Stage) : Proposing JSON name : data/scene_datasets/mp3d/ZMojNkEp431/ZMojNkEp431.stage_config.json from original name : data/scene_datasets/mp3d/ZMojNkEp431/ZMojNkEp431.glb | This file  does not exist.
I1008 13:04:06.706073 4153665 AbstractObjectAttributesManagerBase.h:181] AbstractObjectAttributesManager<T>::createObject  (Stage) : Done making attributes with handle : data/scene_datasets/mp3d/ZMojNkEp431/ZMojNkEp431.glb
I1008 13:04:06.706075 4153665 AbstractObjectAttributesManagerBase.h:188] File (data/scene_datasets/mp3d/ZMojNkEp431/ZMojNkEp431.glb) exists but is not a recognized config filename extension, so new default Stage attributes created and registered.
I1008 13:04:06.706079 4153665 Simulator.cpp:156] Loading navmesh from data/scene_datasets/mp3d/ZMojNkEp431/ZMojNkEp431.navmesh
I1008 13:04:06.706199 4153665 Simulator.cpp:158] Loaded.
I1008 13:04:06.706204 4153665 SceneGraph.h:93] Created DrawableGroup: 
I1008 13:04:06.709759 4153665 ResourceManager.cpp:234] ResourceManager::loadStage : Not loading semantic mesh
I1008 13:04:06.709774 4153665 ResourceManager.cpp:262] ResourceManager::loadStage : start load render asset data/scene_datasets/mp3d/ZMojNkEp431/ZMojNkEp431.glb.
I1008 13:04:06.709775 4153665 ResourceManager.cpp:569] ResourceManager::loadStageInternal : Attempting to load stage data/scene_datasets/mp3d/ZMojNkEp431/ZMojNkEp431.glb 
I1008 13:04:06.709802 4153665 ResourceManager.cpp:1119] Importing Basis files as BC7 for ZMojNkEp431.glb
W1008 13:04:08.021191 4153665 Simulator.cpp:248] :
---
 The active scene does not contain semantic annotations. 
---
I1008 13:04:08.061212 4153665 simulator.py:213] Loaded navmesh data/scene_datasets/mp3d/ZMojNkEp431/ZMojNkEp431.navmesh
I1008 13:04:08.767810 4153665 PhysicsManager.cpp:33] Deconstructing PhysicsManager
I1008 13:04:08.767833 4153665 SemanticScene.h:41] Deconstructing SemanticScene
I1008 13:04:08.769297 4153665 SceneManager.h:25] Deconstructing SceneManager
I1008 13:04:08.769304 4153665 SceneGraph.h:26] Deconstructing SceneGraph
I1008 13:04:08.769634 4153665 Sensor.h:87] Deconstructing Sensor
I1008 13:04:08.769909 4153665 Sensor.h:87] Deconstructing Sensor
I1008 13:04:08.770031 4153665 Sensor.h:87] Deconstructing Sensor
I1008 13:04:08.770141 4153665 Sensor.h:87] Deconstructing Sensor
I1008 13:04:08.770243 4153665 Sensor.h:87] Deconstructing Sensor
I1008 13:04:08.770452 4153665 Sensor.h:87] Deconstructing Sensor
I1008 13:04:08.770555 4153665 Sensor.h:87] Deconstructing Sensor
I1008 13:04:08.770653 4153665 Sensor.h:87] Deconstructing Sensor
I1008 13:04:08.770757 4153665 Sensor.h:87] Deconstructing Sensor
I1008 13:04:08.770857 4153665 Sensor.h:87] Deconstructing Sensor
I1008 13:04:08.770953 4153665 Sensor.h:87] Deconstructing Sensor
I1008 13:04:08.771054 4153665 Sensor.h:87] Deconstructing Sensor
I1008 13:04:08.771152 4153665 Sensor.h:87] Deconstructing Sensor
I1008 13:04:08.771287 4153665 Sensor.h:87] Deconstructing Sensor
I1008 13:04:08.771416 4153665 Sensor.h:87] Deconstructing Sensor
I1008 13:04:08.771538 4153665 Sensor.h:87] Deconstructing Sensor
I1008 13:04:08.771664 4153665 Sensor.h:87] Deconstructing Sensor
I1008 13:04:08.771788 4153665 Sensor.h:87] Deconstructing Sensor
I1008 13:04:08.771909 4153665 Sensor.h:87] Deconstructing Sensor
I1008 13:04:08.772039 4153665 Sensor.h:87] Deconstructing Sensor
I1008 13:04:08.772159 4153665 Sensor.h:87] Deconstructing Sensor
I1008 13:04:08.772291 4153665 Sensor.h:87] Deconstructing Sensor
I1008 13:04:08.772419 4153665 Sensor.h:87] Deconstructing Sensor
I1008 13:04:08.772497 4153665 Sensor.h:87] Deconstructing Sensor
I1008 13:04:08.774540 4153665 Renderer.cpp:34] Deconstructing Renderer
I1008 13:04:08.774557 4153665 WindowlessContext.h:17] Deconstructing WindowlessContext
I1008 13:04:08.778358 4153665 MetadataMediator.cpp:56] MetadataMediator::setActiveSceneDatasetName : Old active dataset default changed to default successfully.
I1008 13:04:08.779026 4153665 AttributesManagerBase.h:283] AttributesManager<T>::createFromJsonOrDefaultInternal  (Physics Manager) : Proposing JSON name : ./data/default.physics_config.json from original name : ./data/default.physics_config.json | This file  does not exist.
I1008 13:04:08.779052 4153665 PhysicsAttributesManager.cpp:27] File (./data/default.physics_config.json) not found, so new default physics manager attributes created and registered.
I1008 13:04:08.779057 4153665 AbstractObjectAttributesManagerBase.h:175] AbstractObjectAttributesManager<T>::createObject  (Stage) : Making attributes with handle : data/scene_datasets/mp3d/dhjEzFoUFzH/dhjEzFoUFzH.glb
I1008 13:04:08.779058 4153665 ManagedContainerBase.cpp:19] ManagedContainerBase::convertFilenameToJSON : Filename : data/scene_datasets/mp3d/dhjEzFoUFzH/dhjEzFoUFzH.glb changed to proposed JSON configuration filename : data/scene_datasets/mp3d/dhjEzFoUFzH/dhjEzFoUFzH.stage_config.json
I1008 13:04:08.779075 4153665 AttributesManagerBase.h:283] AttributesManager<T>::createFromJsonOrDefaultInternal  (Stage) : Proposing JSON name : data/scene_datasets/mp3d/dhjEzFoUFzH/dhjEzFoUFzH.stage_config.json from original name : data/scene_datasets/mp3d/dhjEzFoUFzH/dhjEzFoUFzH.glb | This file  does not exist.
I1008 13:04:08.779112 4153665 AbstractObjectAttributesManagerBase.h:181] AbstractObjectAttributesManager<T>::createObject  (Stage) : Done making attributes with handle : data/scene_datasets/mp3d/dhjEzFoUFzH/dhjEzFoUFzH.glb
I1008 13:04:08.779114 4153665 AbstractObjectAttributesManagerBase.h:188] File (data/scene_datasets/mp3d/dhjEzFoUFzH/dhjEzFoUFzH.glb) exists but is not a recognized config filename extension, so new default Stage attributes created and registered.
I1008 13:04:08.779116 4153665 Simulator.cpp:156] Loading navmesh from data/scene_datasets/mp3d/dhjEzFoUFzH/dhjEzFoUFzH.navmesh
I1008 13:04:08.779415 4153665 Simulator.cpp:158] Loaded.
I1008 13:04:08.779421 4153665 SceneGraph.h:93] Created DrawableGroup: 
I1008 13:04:08.783671 4153665 ResourceManager.cpp:234] ResourceManager::loadStage : Not loading semantic mesh
I1008 13:04:08.783682 4153665 ResourceManager.cpp:262] ResourceManager::loadStage : start load render asset data/scene_datasets/mp3d/dhjEzFoUFzH/dhjEzFoUFzH.glb.
I1008 13:04:08.783684 4153665 ResourceManager.cpp:569] ResourceManager::loadStageInternal : Attempting to load stage data/scene_datasets/mp3d/dhjEzFoUFzH/dhjEzFoUFzH.glb 
I1008 13:04:08.783704 4153665 ResourceManager.cpp:1119] Importing Basis files as BC7 for dhjEzFoUFzH.glb
W1008 13:04:14.898216 4153665 Simulator.cpp:248] :
---
 The active scene does not contain semantic annotations. 
---
I1008 13:04:14.917053 4153665 simulator.py:213] Loaded navmesh data/scene_datasets/mp3d/dhjEzFoUFzH/dhjEzFoUFzH.navmesh
I1008 13:04:16.021771 4153665 PhysicsManager.cpp:33] Deconstructing PhysicsManager
I1008 13:04:16.021792 4153665 SemanticScene.h:41] Deconstructing SemanticScene
I1008 13:04:16.022389 4153665 SceneManager.h:25] Deconstructing SceneManager
I1008 13:04:16.022392 4153665 SceneGraph.h:26] Deconstructing SceneGraph
I1008 13:04:16.022827 4153665 Sensor.h:87] Deconstructing Sensor
I1008 13:04:16.023144 4153665 Sensor.h:87] Deconstructing Sensor
I1008 13:04:16.023245 4153665 Sensor.h:87] Deconstructing Sensor
I1008 13:04:16.023348 4153665 Sensor.h:87] Deconstructing Sensor
I1008 13:04:16.023447 4153665 Sensor.h:87] Deconstructing Sensor
I1008 13:04:16.023542 4153665 Sensor.h:87] Deconstructing Sensor
I1008 13:04:16.023643 4153665 Sensor.h:87] Deconstructing Sensor
I1008 13:04:16.023741 4153665 Sensor.h:87] Deconstructing Sensor
I1008 13:04:16.023839 4153665 Sensor.h:87] Deconstructing Sensor
I1008 13:04:16.023936 4153665 Sensor.h:87] Deconstructing Sensor
I1008 13:04:16.024031 4153665 Sensor.h:87] Deconstructing Sensor
I1008 13:04:16.024129 4153665 Sensor.h:87] Deconstructing Sensor
I1008 13:04:16.024224 4153665 Sensor.h:87] Deconstructing Sensor
I1008 13:04:16.024344 4153665 Sensor.h:87] Deconstructing Sensor
I1008 13:04:16.024470 4153665 Sensor.h:87] Deconstructing Sensor
I1008 13:04:16.024587 4153665 Sensor.h:87] Deconstructing Sensor
I1008 13:04:16.024785 4153665 Sensor.h:87] Deconstructing Sensor
I1008 13:04:16.024909 4153665 Sensor.h:87] Deconstructing Sensor
I1008 13:04:16.025025 4153665 Sensor.h:87] Deconstructing Sensor
I1008 13:04:16.025144 4153665 Sensor.h:87] Deconstructing Sensor
I1008 13:04:16.025261 4153665 Sensor.h:87] Deconstructing Sensor
I1008 13:04:16.025380 4153665 Sensor.h:87] Deconstructing Sensor
I1008 13:04:16.025504 4153665 Sensor.h:87] Deconstructing Sensor
I1008 13:04:16.025595 4153665 Sensor.h:87] Deconstructing Sensor
I1008 13:04:16.031958 4153665 Renderer.cpp:34] Deconstructing Renderer
I1008 13:04:16.031981 4153665 WindowlessContext.h:17] Deconstructing WindowlessContext
I1008 13:04:16.042923 4153665 MetadataMediator.cpp:56] MetadataMediator::setActiveSceneDatasetName : Old active dataset default changed to default successfully.
I1008 13:04:16.043512 4153665 AttributesManagerBase.h:283] AttributesManager<T>::createFromJsonOrDefaultInternal  (Physics Manager) : Proposing JSON name : ./data/default.physics_config.json from original name : ./data/default.physics_config.json | This file  does not exist.
I1008 13:04:16.043538 4153665 PhysicsAttributesManager.cpp:27] File (./data/default.physics_config.json) not found, so new default physics manager attributes created and registered.
I1008 13:04:16.043543 4153665 AbstractObjectAttributesManagerBase.h:175] AbstractObjectAttributesManager<T>::createObject  (Stage) : Making attributes with handle : data/scene_datasets/mp3d/PuKPg4mmafe/PuKPg4mmafe.glb
I1008 13:04:16.043546 4153665 ManagedContainerBase.cpp:19] ManagedContainerBase::convertFilenameToJSON : Filename : data/scene_datasets/mp3d/PuKPg4mmafe/PuKPg4mmafe.glb changed to proposed JSON configuration filename : data/scene_datasets/mp3d/PuKPg4mmafe/PuKPg4mmafe.stage_config.json
I1008 13:04:16.043565 4153665 AttributesManagerBase.h:283] AttributesManager<T>::createFromJsonOrDefaultInternal  (Stage) : Proposing JSON name : data/scene_datasets/mp3d/PuKPg4mmafe/PuKPg4mmafe.stage_config.json from original name : data/scene_datasets/mp3d/PuKPg4mmafe/PuKPg4mmafe.glb | This file  does not exist.
I1008 13:04:16.043605 4153665 AbstractObjectAttributesManagerBase.h:181] AbstractObjectAttributesManager<T>::createObject  (Stage) : Done making attributes with handle : data/scene_datasets/mp3d/PuKPg4mmafe/PuKPg4mmafe.glb
I1008 13:04:16.043606 4153665 AbstractObjectAttributesManagerBase.h:188] File (data/scene_datasets/mp3d/PuKPg4mmafe/PuKPg4mmafe.glb) exists but is not a recognized config filename extension, so new default Stage attributes created and registered.
I1008 13:04:16.043620 4153665 Simulator.cpp:156] Loading navmesh from data/scene_datasets/mp3d/PuKPg4mmafe/PuKPg4mmafe.navmesh
I1008 13:04:16.043905 4153665 Simulator.cpp:158] Loaded.
I1008 13:04:16.043913 4153665 SceneGraph.h:93] Created DrawableGroup: 
I1008 13:04:16.049753 4153665 ResourceManager.cpp:234] ResourceManager::loadStage : Not loading semantic mesh
I1008 13:04:16.049765 4153665 ResourceManager.cpp:262] ResourceManager::loadStage : start load render asset data/scene_datasets/mp3d/PuKPg4mmafe/PuKPg4mmafe.glb.
I1008 13:04:16.049767 4153665 ResourceManager.cpp:569] ResourceManager::loadStageInternal : Attempting to load stage data/scene_datasets/mp3d/PuKPg4mmafe/PuKPg4mmafe.glb 
I1008 13:04:16.049793 4153665 ResourceManager.cpp:1119] Importing Basis files as BC7 for PuKPg4mmafe.glb
W1008 13:04:18.953251 4153665 Simulator.cpp:248] :
---
 The active scene does not contain semantic annotations. 
---
I1008 13:04:18.970749 4153665 simulator.py:213] Loaded navmesh data/scene_datasets/mp3d/PuKPg4mmafe/PuKPg4mmafe.navmesh
I1008 13:04:19.872159 4153665 PhysicsManager.cpp:33] Deconstructing PhysicsManager
I1008 13:04:19.872192 4153665 SemanticScene.h:41] Deconstructing SemanticScene
I1008 13:04:19.873222 4153665 SceneManager.h:25] Deconstructing SceneManager
I1008 13:04:19.873234 4153665 SceneGraph.h:26] Deconstructing SceneGraph
I1008 13:04:19.873704 4153665 Sensor.h:87] Deconstructing Sensor
I1008 13:04:19.874220 4153665 Sensor.h:87] Deconstructing Sensor
I1008 13:04:19.874348 4153665 Sensor.h:87] Deconstructing Sensor
I1008 13:04:19.874480 4153665 Sensor.h:87] Deconstructing Sensor
I1008 13:04:19.874601 4153665 Sensor.h:87] Deconstructing Sensor
I1008 13:04:19.874725 4153665 Sensor.h:87] Deconstructing Sensor
I1008 13:04:19.874853 4153665 Sensor.h:87] Deconstructing Sensor
I1008 13:04:19.874979 4153665 Sensor.h:87] Deconstructing Sensor
I1008 13:04:19.875105 4153665 Sensor.h:87] Deconstructing Sensor
I1008 13:04:19.875226 4153665 Sensor.h:87] Deconstructing Sensor
I1008 13:04:19.875357 4153665 Sensor.h:87] Deconstructing Sensor
I1008 13:04:19.875495 4153665 Sensor.h:87] Deconstructing Sensor
I1008 13:04:19.875641 4153665 Sensor.h:87] Deconstructing Sensor
I1008 13:04:19.875854 4153665 Sensor.h:87] Deconstructing Sensor
I1008 13:04:19.876035 4153665 Sensor.h:87] Deconstructing Sensor
I1008 13:04:19.876209 4153665 Sensor.h:87] Deconstructing Sensor
I1008 13:04:19.876366 4153665 Sensor.h:87] Deconstructing Sensor
I1008 13:04:19.876518 4153665 Sensor.h:87] Deconstructing Sensor
I1008 13:04:19.876673 4153665 Sensor.h:87] Deconstructing Sensor
I1008 13:04:19.876832 4153665 Sensor.h:87] Deconstructing Sensor
I1008 13:04:19.876982 4153665 Sensor.h:87] Deconstructing Sensor
I1008 13:04:19.877135 4153665 Sensor.h:87] Deconstructing Sensor
I1008 13:04:19.877303 4153665 Sensor.h:87] Deconstructing Sensor
I1008 13:04:19.877408 4153665 Sensor.h:87] Deconstructing Sensor
I1008 13:04:19.884713 4153665 Renderer.cpp:34] Deconstructing Renderer
I1008 13:04:19.884753 4153665 WindowlessContext.h:17] Deconstructing WindowlessContext
I1008 13:04:19.891670 4153665 MetadataMediator.cpp:56] MetadataMediator::setActiveSceneDatasetName : Old active dataset default changed to default successfully.
I1008 13:04:19.892338 4153665 AttributesManagerBase.h:283] AttributesManager<T>::createFromJsonOrDefaultInternal  (Physics Manager) : Proposing JSON name : ./data/default.physics_config.json from original name : ./data/default.physics_config.json | This file  does not exist.
I1008 13:04:19.892365 4153665 PhysicsAttributesManager.cpp:27] File (./data/default.physics_config.json) not found, so new default physics manager attributes created and registered.
I1008 13:04:19.892371 4153665 AbstractObjectAttributesManagerBase.h:175] AbstractObjectAttributesManager<T>::createObject  (Stage) : Making attributes with handle : data/scene_datasets/mp3d/1pXnuDYAj8r/1pXnuDYAj8r.glb
I1008 13:04:19.892374 4153665 ManagedContainerBase.cpp:19] ManagedContainerBase::convertFilenameToJSON : Filename : data/scene_datasets/mp3d/1pXnuDYAj8r/1pXnuDYAj8r.glb changed to proposed JSON configuration filename : data/scene_datasets/mp3d/1pXnuDYAj8r/1pXnuDYAj8r.stage_config.json
I1008 13:04:19.892401 4153665 AttributesManagerBase.h:283] AttributesManager<T>::createFromJsonOrDefaultInternal  (Stage) : Proposing JSON name : data/scene_datasets/mp3d/1pXnuDYAj8r/1pXnuDYAj8r.stage_config.json from original name : data/scene_datasets/mp3d/1pXnuDYAj8r/1pXnuDYAj8r.glb | This file  does not exist.
I1008 13:04:19.892445 4153665 AbstractObjectAttributesManagerBase.h:181] AbstractObjectAttributesManager<T>::createObject  (Stage) : Done making attributes with handle : data/scene_datasets/mp3d/1pXnuDYAj8r/1pXnuDYAj8r.glb
I1008 13:04:19.892447 4153665 AbstractObjectAttributesManagerBase.h:188] File (data/scene_datasets/mp3d/1pXnuDYAj8r/1pXnuDYAj8r.glb) exists but is not a recognized config filename extension, so new default Stage attributes created and registered.
I1008 13:04:19.892452 4153665 Simulator.cpp:156] Loading navmesh from data/scene_datasets/mp3d/1pXnuDYAj8r/1pXnuDYAj8r.navmesh
I1008 13:04:19.892637 4153665 Simulator.cpp:158] Loaded.
I1008 13:04:19.892644 4153665 SceneGraph.h:93] Created DrawableGroup: 
I1008 13:04:19.896593 4153665 ResourceManager.cpp:234] ResourceManager::loadStage : Not loading semantic mesh
I1008 13:04:19.896608 4153665 ResourceManager.cpp:262] ResourceManager::loadStage : start load render asset data/scene_datasets/mp3d/1pXnuDYAj8r/1pXnuDYAj8r.glb.
I1008 13:04:19.896610 4153665 ResourceManager.cpp:569] ResourceManager::loadStageInternal : Attempting to load stage data/scene_datasets/mp3d/1pXnuDYAj8r/1pXnuDYAj8r.glb 
I1008 13:04:19.896636 4153665 ResourceManager.cpp:1119] Importing Basis files as BC7 for 1pXnuDYAj8r.glb
W1008 13:04:22.721252 4153665 Simulator.cpp:248] :
---
 The active scene does not contain semantic annotations. 
---
I1008 13:04:22.797824 4153665 simulator.py:213] Loaded navmesh data/scene_datasets/mp3d/1pXnuDYAj8r/1pXnuDYAj8r.navmesh
I1008 13:04:23.722680 4153665 PhysicsManager.cpp:33] Deconstructing PhysicsManager
I1008 13:04:23.722723 4153665 SemanticScene.h:41] Deconstructing SemanticScene
I1008 13:04:23.726447 4153665 SceneManager.h:25] Deconstructing SceneManager
I1008 13:04:23.726457 4153665 SceneGraph.h:26] Deconstructing SceneGraph
I1008 13:04:23.726857 4153665 Sensor.h:87] Deconstructing Sensor
I1008 13:04:23.727120 4153665 Sensor.h:87] Deconstructing Sensor
I1008 13:04:23.727218 4153665 Sensor.h:87] Deconstructing Sensor
I1008 13:04:23.727324 4153665 Sensor.h:87] Deconstructing Sensor
I1008 13:04:23.727421 4153665 Sensor.h:87] Deconstructing Sensor
I1008 13:04:23.727517 4153665 Sensor.h:87] Deconstructing Sensor
I1008 13:04:23.727617 4153665 Sensor.h:87] Deconstructing Sensor
I1008 13:04:23.727725 4153665 Sensor.h:87] Deconstructing Sensor
I1008 13:04:23.727828 4153665 Sensor.h:87] Deconstructing Sensor
I1008 13:04:23.727926 4153665 Sensor.h:87] Deconstructing Sensor
I1008 13:04:23.728019 4153665 Sensor.h:87] Deconstructing Sensor
I1008 13:04:23.728120 4153665 Sensor.h:87] Deconstructing Sensor
I1008 13:04:23.728220 4153665 Sensor.h:87] Deconstructing Sensor
I1008 13:04:23.728341 4153665 Sensor.h:87] Deconstructing Sensor
I1008 13:04:23.728472 4153665 Sensor.h:87] Deconstructing Sensor
I1008 13:04:23.728592 4153665 Sensor.h:87] Deconstructing Sensor
I1008 13:04:23.729219 4153665 Sensor.h:87] Deconstructing Sensor
I1008 13:04:23.729354 4153665 Sensor.h:87] Deconstructing Sensor
I1008 13:04:23.729486 4153665 Sensor.h:87] Deconstructing Sensor
I1008 13:04:23.729610 4153665 Sensor.h:87] Deconstructing Sensor
I1008 13:04:23.729734 4153665 Sensor.h:87] Deconstructing Sensor
I1008 13:04:23.729854 4153665 Sensor.h:87] Deconstructing Sensor
I1008 13:04:23.729987 4153665 Sensor.h:87] Deconstructing Sensor
I1008 13:04:23.730082 4153665 Sensor.h:87] Deconstructing Sensor
I1008 13:04:23.734105 4153665 Renderer.cpp:34] Deconstructing Renderer
I1008 13:04:23.734127 4153665 WindowlessContext.h:17] Deconstructing WindowlessContext
I1008 13:04:23.739768 4153665 MetadataMediator.cpp:56] MetadataMediator::setActiveSceneDatasetName : Old active dataset default changed to default successfully.
I1008 13:04:23.740332 4153665 AttributesManagerBase.h:283] AttributesManager<T>::createFromJsonOrDefaultInternal  (Physics Manager) : Proposing JSON name : ./data/default.physics_config.json from original name : ./data/default.physics_config.json | This file  does not exist.
I1008 13:04:23.740355 4153665 PhysicsAttributesManager.cpp:27] File (./data/default.physics_config.json) not found, so new default physics manager attributes created and registered.
I1008 13:04:23.740360 4153665 AbstractObjectAttributesManagerBase.h:175] AbstractObjectAttributesManager<T>::createObject  (Stage) : Making attributes with handle : data/scene_datasets/mp3d/vyrNrziPKCB/vyrNrziPKCB.glb
I1008 13:04:23.740363 4153665 ManagedContainerBase.cpp:19] ManagedContainerBase::convertFilenameToJSON : Filename : data/scene_datasets/mp3d/vyrNrziPKCB/vyrNrziPKCB.glb changed to proposed JSON configuration filename : data/scene_datasets/mp3d/vyrNrziPKCB/vyrNrziPKCB.stage_config.json
I1008 13:04:23.740379 4153665 AttributesManagerBase.h:283] AttributesManager<T>::createFromJsonOrDefaultInternal  (Stage) : Proposing JSON name : data/scene_datasets/mp3d/vyrNrziPKCB/vyrNrziPKCB.stage_config.json from original name : data/scene_datasets/mp3d/vyrNrziPKCB/vyrNrziPKCB.glb | This file  does not exist.
I1008 13:04:23.740418 4153665 AbstractObjectAttributesManagerBase.h:181] AbstractObjectAttributesManager<T>::createObject  (Stage) : Done making attributes with handle : data/scene_datasets/mp3d/vyrNrziPKCB/vyrNrziPKCB.glb
I1008 13:04:23.740419 4153665 AbstractObjectAttributesManagerBase.h:188] File (data/scene_datasets/mp3d/vyrNrziPKCB/vyrNrziPKCB.glb) exists but is not a recognized config filename extension, so new default Stage attributes created and registered.
I1008 13:04:23.740422 4153665 Simulator.cpp:156] Loading navmesh from data/scene_datasets/mp3d/vyrNrziPKCB/vyrNrziPKCB.navmesh
I1008 13:04:23.741019 4153665 Simulator.cpp:158] Loaded.
I1008 13:04:23.741029 4153665 SceneGraph.h:93] Created DrawableGroup: 
I1008 13:04:23.744411 4153665 ResourceManager.cpp:234] ResourceManager::loadStage : Not loading semantic mesh
I1008 13:04:23.744419 4153665 ResourceManager.cpp:262] ResourceManager::loadStage : start load render asset data/scene_datasets/mp3d/vyrNrziPKCB/vyrNrziPKCB.glb.
I1008 13:04:23.744421 4153665 ResourceManager.cpp:569] ResourceManager::loadStageInternal : Attempting to load stage data/scene_datasets/mp3d/vyrNrziPKCB/vyrNrziPKCB.glb 
I1008 13:04:23.744441 4153665 ResourceManager.cpp:1119] Importing Basis files as BC7 for vyrNrziPKCB.glb
W1008 13:04:28.515465 4153665 Simulator.cpp:248] :
---
 The active scene does not contain semantic annotations. 
---
I1008 13:04:28.662473 4153665 simulator.py:213] Loaded navmesh data/scene_datasets/mp3d/vyrNrziPKCB/vyrNrziPKCB.navmesh
I1008 13:04:29.748549 4153665 PhysicsManager.cpp:33] Deconstructing PhysicsManager
I1008 13:04:29.748597 4153665 SemanticScene.h:41] Deconstructing SemanticScene
I1008 13:04:29.764286 4153665 SceneManager.h:25] Deconstructing SceneManager
I1008 13:04:29.764317 4153665 SceneGraph.h:26] Deconstructing SceneGraph
I1008 13:04:29.765079 4153665 Sensor.h:87] Deconstructing Sensor
I1008 13:04:29.765493 4153665 Sensor.h:87] Deconstructing Sensor
I1008 13:04:29.765617 4153665 Sensor.h:87] Deconstructing Sensor
I1008 13:04:29.765750 4153665 Sensor.h:87] Deconstructing Sensor
I1008 13:04:29.765872 4153665 Sensor.h:87] Deconstructing Sensor
I1008 13:04:29.765990 4153665 Sensor.h:87] Deconstructing Sensor
I1008 13:04:29.766116 4153665 Sensor.h:87] Deconstructing Sensor
I1008 13:04:29.766234 4153665 Sensor.h:87] Deconstructing Sensor
I1008 13:04:29.766357 4153665 Sensor.h:87] Deconstructing Sensor
I1008 13:04:29.766474 4153665 Sensor.h:87] Deconstructing Sensor
I1008 13:04:29.766590 4153665 Sensor.h:87] Deconstructing Sensor
I1008 13:04:29.766721 4153665 Sensor.h:87] Deconstructing Sensor
I1008 13:04:29.766844 4153665 Sensor.h:87] Deconstructing Sensor
I1008 13:04:29.767017 4153665 Sensor.h:87] Deconstructing Sensor
I1008 13:04:29.767184 4153665 Sensor.h:87] Deconstructing Sensor
I1008 13:04:29.767333 4153665 Sensor.h:87] Deconstructing Sensor
I1008 13:04:29.767490 4153665 Sensor.h:87] Deconstructing Sensor
I1008 13:04:29.767657 4153665 Sensor.h:87] Deconstructing Sensor
I1008 13:04:29.767810 4153665 Sensor.h:87] Deconstructing Sensor
I1008 13:04:29.767963 4153665 Sensor.h:87] Deconstructing Sensor
I1008 13:04:29.768117 4153665 Sensor.h:87] Deconstructing Sensor
I1008 13:04:29.768262 4153665 Sensor.h:87] Deconstructing Sensor
I1008 13:04:29.768416 4153665 Sensor.h:87] Deconstructing Sensor
I1008 13:04:29.768515 4153665 Sensor.h:87] Deconstructing Sensor
I1008 13:04:29.777518 4153665 Renderer.cpp:34] Deconstructing Renderer
I1008 13:04:29.777554 4153665 WindowlessContext.h:17] Deconstructing WindowlessContext
I1008 13:04:29.788586 4153665 MetadataMediator.cpp:56] MetadataMediator::setActiveSceneDatasetName : Old active dataset default changed to default successfully.
I1008 13:04:29.789546 4153665 AttributesManagerBase.h:283] AttributesManager<T>::createFromJsonOrDefaultInternal  (Physics Manager) : Proposing JSON name : ./data/default.physics_config.json from original name : ./data/default.physics_config.json | This file  does not exist.
I1008 13:04:29.789582 4153665 PhysicsAttributesManager.cpp:27] File (./data/default.physics_config.json) not found, so new default physics manager attributes created and registered.
I1008 13:04:29.789588 4153665 AbstractObjectAttributesManagerBase.h:175] AbstractObjectAttributesManager<T>::createObject  (Stage) : Making attributes with handle : data/scene_datasets/mp3d/E9uDoFAP3SH/E9uDoFAP3SH.glb
I1008 13:04:29.789592 4153665 ManagedContainerBase.cpp:19] ManagedContainerBase::convertFilenameToJSON : Filename : data/scene_datasets/mp3d/E9uDoFAP3SH/E9uDoFAP3SH.glb changed to proposed JSON configuration filename : data/scene_datasets/mp3d/E9uDoFAP3SH/E9uDoFAP3SH.stage_config.json
I1008 13:04:29.789608 4153665 AttributesManagerBase.h:283] AttributesManager<T>::createFromJsonOrDefaultInternal  (Stage) : Proposing JSON name : data/scene_datasets/mp3d/E9uDoFAP3SH/E9uDoFAP3SH.stage_config.json from original name : data/scene_datasets/mp3d/E9uDoFAP3SH/E9uDoFAP3SH.glb | This file  does not exist.
I1008 13:04:29.789654 4153665 AbstractObjectAttributesManagerBase.h:181] AbstractObjectAttributesManager<T>::createObject  (Stage) : Done making attributes with handle : data/scene_datasets/mp3d/E9uDoFAP3SH/E9uDoFAP3SH.glb
I1008 13:04:29.789655 4153665 AbstractObjectAttributesManagerBase.h:188] File (data/scene_datasets/mp3d/E9uDoFAP3SH/E9uDoFAP3SH.glb) exists but is not a recognized config filename extension, so new default Stage attributes created and registered.
I1008 13:04:29.789660 4153665 Simulator.cpp:156] Loading navmesh from data/scene_datasets/mp3d/E9uDoFAP3SH/E9uDoFAP3SH.navmesh
I1008 13:04:29.790055 4153665 Simulator.cpp:158] Loaded.
I1008 13:04:29.790068 4153665 SceneGraph.h:93] Created DrawableGroup: 
I1008 13:04:29.794063 4153665 ResourceManager.cpp:234] ResourceManager::loadStage : Not loading semantic mesh
I1008 13:04:29.794080 4153665 ResourceManager.cpp:262] ResourceManager::loadStage : start load render asset data/scene_datasets/mp3d/E9uDoFAP3SH/E9uDoFAP3SH.glb.
I1008 13:04:29.794080 4153665 ResourceManager.cpp:569] ResourceManager::loadStageInternal : Attempting to load stage data/scene_datasets/mp3d/E9uDoFAP3SH/E9uDoFAP3SH.glb 
I1008 13:04:29.794106 4153665 ResourceManager.cpp:1119] Importing Basis files as BC7 for E9uDoFAP3SH.glb
W1008 13:04:35.933230 4153665 Simulator.cpp:248] :
---
 The active scene does not contain semantic annotations. 
---
I1008 13:04:36.039368 4153665 simulator.py:213] Loaded navmesh data/scene_datasets/mp3d/E9uDoFAP3SH/E9uDoFAP3SH.navmesh
I1008 13:04:36.874322 4153665 PhysicsManager.cpp:33] Deconstructing PhysicsManager
I1008 13:04:36.874357 4153665 SemanticScene.h:41] Deconstructing SemanticScene
I1008 13:04:36.880034 4153665 SceneManager.h:25] Deconstructing SceneManager
I1008 13:04:36.880060 4153665 SceneGraph.h:26] Deconstructing SceneGraph
I1008 13:04:36.881021 4153665 Sensor.h:87] Deconstructing Sensor
I1008 13:04:36.881525 4153665 Sensor.h:87] Deconstructing Sensor
I1008 13:04:36.881634 4153665 Sensor.h:87] Deconstructing Sensor
I1008 13:04:36.881753 4153665 Sensor.h:87] Deconstructing Sensor
I1008 13:04:36.881857 4153665 Sensor.h:87] Deconstructing Sensor
I1008 13:04:36.881978 4153665 Sensor.h:87] Deconstructing Sensor
I1008 13:04:36.882086 4153665 Sensor.h:87] Deconstructing Sensor
I1008 13:04:36.882192 4153665 Sensor.h:87] Deconstructing Sensor
I1008 13:04:36.882304 4153665 Sensor.h:87] Deconstructing Sensor
I1008 13:04:36.882407 4153665 Sensor.h:87] Deconstructing Sensor
I1008 13:04:36.882507 4153665 Sensor.h:87] Deconstructing Sensor
I1008 13:04:36.882606 4153665 Sensor.h:87] Deconstructing Sensor
I1008 13:04:36.882710 4153665 Sensor.h:87] Deconstructing Sensor
I1008 13:04:36.882848 4153665 Sensor.h:87] Deconstructing Sensor
I1008 13:04:36.882978 4153665 Sensor.h:87] Deconstructing Sensor
I1008 13:04:36.883114 4153665 Sensor.h:87] Deconstructing Sensor
I1008 13:04:36.883241 4153665 Sensor.h:87] Deconstructing Sensor
I1008 13:04:36.883359 4153665 Sensor.h:87] Deconstructing Sensor
I1008 13:04:36.883484 4153665 Sensor.h:87] Deconstructing Sensor
I1008 13:04:36.883608 4153665 Sensor.h:87] Deconstructing Sensor
I1008 13:04:36.883749 4153665 Sensor.h:87] Deconstructing Sensor
I1008 13:04:36.883876 4153665 Sensor.h:87] Deconstructing Sensor
I1008 13:04:36.884001 4153665 Sensor.h:87] Deconstructing Sensor
I1008 13:04:36.884083 4153665 Sensor.h:87] Deconstructing Sensor
I1008 13:04:36.892403 4153665 Renderer.cpp:34] Deconstructing Renderer
I1008 13:04:36.892431 4153665 WindowlessContext.h:17] Deconstructing WindowlessContext
I1008 13:04:36.903260 4153665 MetadataMediator.cpp:56] MetadataMediator::setActiveSceneDatasetName : Old active dataset default changed to default successfully.
I1008 13:04:36.904140 4153665 AttributesManagerBase.h:283] AttributesManager<T>::createFromJsonOrDefaultInternal  (Physics Manager) : Proposing JSON name : ./data/default.physics_config.json from original name : ./data/default.physics_config.json | This file  does not exist.
I1008 13:04:36.904170 4153665 PhysicsAttributesManager.cpp:27] File (./data/default.physics_config.json) not found, so new default physics manager attributes created and registered.
I1008 13:04:36.904174 4153665 AbstractObjectAttributesManagerBase.h:175] AbstractObjectAttributesManager<T>::createObject  (Stage) : Making attributes with handle : data/scene_datasets/mp3d/PuKPg4mmafe/PuKPg4mmafe.glb
I1008 13:04:36.904178 4153665 ManagedContainerBase.cpp:19] ManagedContainerBase::convertFilenameToJSON : Filename : data/scene_datasets/mp3d/PuKPg4mmafe/PuKPg4mmafe.glb changed to proposed JSON configuration filename : data/scene_datasets/mp3d/PuKPg4mmafe/PuKPg4mmafe.stage_config.json
I1008 13:04:36.904192 4153665 AttributesManagerBase.h:283] AttributesManager<T>::createFromJsonOrDefaultInternal  (Stage) : Proposing JSON name : data/scene_datasets/mp3d/PuKPg4mmafe/PuKPg4mmafe.stage_config.json from original name : data/scene_datasets/mp3d/PuKPg4mmafe/PuKPg4mmafe.glb | This file  does not exist.
I1008 13:04:36.904237 4153665 AbstractObjectAttributesManagerBase.h:181] AbstractObjectAttributesManager<T>::createObject  (Stage) : Done making attributes with handle : data/scene_datasets/mp3d/PuKPg4mmafe/PuKPg4mmafe.glb
I1008 13:04:36.904237 4153665 AbstractObjectAttributesManagerBase.h:188] File (data/scene_datasets/mp3d/PuKPg4mmafe/PuKPg4mmafe.glb) exists but is not a recognized config filename extension, so new default Stage attributes created and registered.
I1008 13:04:36.904241 4153665 Simulator.cpp:156] Loading navmesh from data/scene_datasets/mp3d/PuKPg4mmafe/PuKPg4mmafe.navmesh
I1008 13:04:36.904508 4153665 Simulator.cpp:158] Loaded.
I1008 13:04:36.904515 4153665 SceneGraph.h:93] Created DrawableGroup: 
I1008 13:04:36.908011 4153665 ResourceManager.cpp:234] ResourceManager::loadStage : Not loading semantic mesh
I1008 13:04:36.908021 4153665 ResourceManager.cpp:262] ResourceManager::loadStage : start load render asset data/scene_datasets/mp3d/PuKPg4mmafe/PuKPg4mmafe.glb.
I1008 13:04:36.908028 4153665 ResourceManager.cpp:569] ResourceManager::loadStageInternal : Attempting to load stage data/scene_datasets/mp3d/PuKPg4mmafe/PuKPg4mmafe.glb 
I1008 13:04:36.908046 4153665 ResourceManager.cpp:1119] Importing Basis files as BC7 for PuKPg4mmafe.glb
W1008 13:04:39.841032 4153665 Simulator.cpp:248] :
---
 The active scene does not contain semantic annotations. 
---
I1008 13:04:39.861358 4153665 simulator.py:213] Loaded navmesh data/scene_datasets/mp3d/PuKPg4mmafe/PuKPg4mmafe.navmesh
I1008 13:04:40.513084 4153665 PhysicsManager.cpp:33] Deconstructing PhysicsManager
I1008 13:04:40.513108 4153665 SemanticScene.h:41] Deconstructing SemanticScene
I1008 13:04:40.514184 4153665 SceneManager.h:25] Deconstructing SceneManager
I1008 13:04:40.514190 4153665 SceneGraph.h:26] Deconstructing SceneGraph
I1008 13:04:40.514777 4153665 Sensor.h:87] Deconstructing Sensor
I1008 13:04:40.514978 4153665 Sensor.h:87] Deconstructing Sensor
I1008 13:04:40.515095 4153665 Sensor.h:87] Deconstructing Sensor
I1008 13:04:40.515861 4153665 Sensor.h:87] Deconstructing Sensor
I1008 13:04:40.515986 4153665 Sensor.h:87] Deconstructing Sensor
I1008 13:04:40.516095 4153665 Sensor.h:87] Deconstructing Sensor
I1008 13:04:40.516211 4153665 Sensor.h:87] Deconstructing Sensor
I1008 13:04:40.518489 4153665 Sensor.h:87] Deconstructing Sensor
I1008 13:04:40.518661 4153665 Sensor.h:87] Deconstructing Sensor
I1008 13:04:40.518769 4153665 Sensor.h:87] Deconstructing Sensor
I1008 13:04:40.518872 4153665 Sensor.h:87] Deconstructing Sensor
I1008 13:04:40.518976 4153665 Sensor.h:87] Deconstructing Sensor
I1008 13:04:40.519083 4153665 Sensor.h:87] Deconstructing Sensor
I1008 13:04:40.519219 4153665 Sensor.h:87] Deconstructing Sensor
I1008 13:04:40.519351 4153665 Sensor.h:87] Deconstructing Sensor
I1008 13:04:40.519472 4153665 Sensor.h:87] Deconstructing Sensor
I1008 13:04:40.519603 4153665 Sensor.h:87] Deconstructing Sensor
I1008 13:04:40.519727 4153665 Sensor.h:87] Deconstructing Sensor
I1008 13:04:40.519847 4153665 Sensor.h:87] Deconstructing Sensor
I1008 13:04:40.519976 4153665 Sensor.h:87] Deconstructing Sensor
I1008 13:04:40.520138 4153665 Sensor.h:87] Deconstructing Sensor
I1008 13:04:40.520258 4153665 Sensor.h:87] Deconstructing Sensor
I1008 13:04:40.520386 4153665 Sensor.h:87] Deconstructing Sensor
I1008 13:04:40.520545 4153665 Sensor.h:87] Deconstructing Sensor
I1008 13:04:40.524463 4153665 Renderer.cpp:34] Deconstructing Renderer
I1008 13:04:40.524480 4153665 WindowlessContext.h:17] Deconstructing WindowlessContext
I1008 13:04:40.530361 4153665 MetadataMediator.cpp:56] MetadataMediator::setActiveSceneDatasetName : Old active dataset default changed to default successfully.
I1008 13:04:40.530936 4153665 AttributesManagerBase.h:283] AttributesManager<T>::createFromJsonOrDefaultInternal  (Physics Manager) : Proposing JSON name : ./data/default.physics_config.json from original name : ./data/default.physics_config.json | This file  does not exist.
I1008 13:04:40.530962 4153665 PhysicsAttributesManager.cpp:27] File (./data/default.physics_config.json) not found, so new default physics manager attributes created and registered.
I1008 13:04:40.530967 4153665 AbstractObjectAttributesManagerBase.h:175] AbstractObjectAttributesManager<T>::createObject  (Stage) : Making attributes with handle : data/scene_datasets/mp3d/s8pcmisQ38h/s8pcmisQ38h.glb
I1008 13:04:40.530970 4153665 ManagedContainerBase.cpp:19] ManagedContainerBase::convertFilenameToJSON : Filename : data/scene_datasets/mp3d/s8pcmisQ38h/s8pcmisQ38h.glb changed to proposed JSON configuration filename : data/scene_datasets/mp3d/s8pcmisQ38h/s8pcmisQ38h.stage_config.json
I1008 13:04:40.530984 4153665 AttributesManagerBase.h:283] AttributesManager<T>::createFromJsonOrDefaultInternal  (Stage) : Proposing JSON name : data/scene_datasets/mp3d/s8pcmisQ38h/s8pcmisQ38h.stage_config.json from original name : data/scene_datasets/mp3d/s8pcmisQ38h/s8pcmisQ38h.glb | This file  does not exist.
I1008 13:04:40.531026 4153665 AbstractObjectAttributesManagerBase.h:181] AbstractObjectAttributesManager<T>::createObject  (Stage) : Done making attributes with handle : data/scene_datasets/mp3d/s8pcmisQ38h/s8pcmisQ38h.glb
I1008 13:04:40.531035 4153665 AbstractObjectAttributesManagerBase.h:188] File (data/scene_datasets/mp3d/s8pcmisQ38h/s8pcmisQ38h.glb) exists but is not a recognized config filename extension, so new default Stage attributes created and registered.
I1008 13:04:40.531039 4153665 Simulator.cpp:156] Loading navmesh from data/scene_datasets/mp3d/s8pcmisQ38h/s8pcmisQ38h.navmesh
I1008 13:04:40.531148 4153665 Simulator.cpp:158] Loaded.
I1008 13:04:40.531153 4153665 SceneGraph.h:93] Created DrawableGroup: 
I1008 13:04:40.534576 4153665 ResourceManager.cpp:234] ResourceManager::loadStage : Not loading semantic mesh
I1008 13:04:40.534585 4153665 ResourceManager.cpp:262] ResourceManager::loadStage : start load render asset data/scene_datasets/mp3d/s8pcmisQ38h/s8pcmisQ38h.glb.
I1008 13:04:40.534586 4153665 ResourceManager.cpp:569] ResourceManager::loadStageInternal : Attempting to load stage data/scene_datasets/mp3d/s8pcmisQ38h/s8pcmisQ38h.glb 
I1008 13:04:40.534605 4153665 ResourceManager.cpp:1119] Importing Basis files as BC7 for s8pcmisQ38h.glb
W1008 13:04:42.045081 4153665 Simulator.cpp:248] :
---
 The active scene does not contain semantic annotations. 
---
I1008 13:04:42.084310 4153665 simulator.py:213] Loaded navmesh data/scene_datasets/mp3d/s8pcmisQ38h/s8pcmisQ38h.navmesh
I1008 13:04:42.660159 4153665 PhysicsManager.cpp:33] Deconstructing PhysicsManager
I1008 13:04:42.660180 4153665 SemanticScene.h:41] Deconstructing SemanticScene
I1008 13:04:42.662063 4153665 SceneManager.h:25] Deconstructing SceneManager
I1008 13:04:42.662073 4153665 SceneGraph.h:26] Deconstructing SceneGraph
I1008 13:04:42.662459 4153665 Sensor.h:87] Deconstructing Sensor
I1008 13:04:42.662695 4153665 Sensor.h:87] Deconstructing Sensor
I1008 13:04:42.662801 4153665 Sensor.h:87] Deconstructing Sensor
I1008 13:04:42.662911 4153665 Sensor.h:87] Deconstructing Sensor
I1008 13:04:42.663013 4153665 Sensor.h:87] Deconstructing Sensor
I1008 13:04:42.663115 4153665 Sensor.h:87] Deconstructing Sensor
I1008 13:04:42.663218 4153665 Sensor.h:87] Deconstructing Sensor
I1008 13:04:42.663326 4153665 Sensor.h:87] Deconstructing Sensor
I1008 13:04:42.663434 4153665 Sensor.h:87] Deconstructing Sensor
I1008 13:04:42.663535 4153665 Sensor.h:87] Deconstructing Sensor
I1008 13:04:42.663632 4153665 Sensor.h:87] Deconstructing Sensor
I1008 13:04:42.663739 4153665 Sensor.h:87] Deconstructing Sensor
I1008 13:04:42.663841 4153665 Sensor.h:87] Deconstructing Sensor
I1008 13:04:42.663966 4153665 Sensor.h:87] Deconstructing Sensor
I1008 13:04:42.664096 4153665 Sensor.h:87] Deconstructing Sensor
I1008 13:04:42.664222 4153665 Sensor.h:87] Deconstructing Sensor
I1008 13:04:42.664351 4153665 Sensor.h:87] Deconstructing Sensor
I1008 13:04:42.664480 4153665 Sensor.h:87] Deconstructing Sensor
I1008 13:04:42.664608 4153665 Sensor.h:87] Deconstructing Sensor
I1008 13:04:42.664737 4153665 Sensor.h:87] Deconstructing Sensor
I1008 13:04:42.664860 4153665 Sensor.h:87] Deconstructing Sensor
I1008 13:04:42.664979 4153665 Sensor.h:87] Deconstructing Sensor
I1008 13:04:42.665128 4153665 Sensor.h:87] Deconstructing Sensor
I1008 13:04:42.665223 4153665 Sensor.h:87] Deconstructing Sensor
I1008 13:04:42.667624 4153665 Renderer.cpp:34] Deconstructing Renderer
I1008 13:04:42.667639 4153665 WindowlessContext.h:17] Deconstructing WindowlessContext
I1008 13:04:42.670851 4153665 MetadataMediator.cpp:56] MetadataMediator::setActiveSceneDatasetName : Old active dataset default changed to default successfully.
I1008 13:04:42.671254 4153665 AttributesManagerBase.h:283] AttributesManager<T>::createFromJsonOrDefaultInternal  (Physics Manager) : Proposing JSON name : ./data/default.physics_config.json from original name : ./data/default.physics_config.json | This file  does not exist.
I1008 13:04:42.671276 4153665 PhysicsAttributesManager.cpp:27] File (./data/default.physics_config.json) not found, so new default physics manager attributes created and registered.
I1008 13:04:42.671289 4153665 AbstractObjectAttributesManagerBase.h:175] AbstractObjectAttributesManager<T>::createObject  (Stage) : Making attributes with handle : data/scene_datasets/mp3d/XcA2TqTSSAj/XcA2TqTSSAj.glb
I1008 13:04:42.671293 4153665 ManagedContainerBase.cpp:19] ManagedContainerBase::convertFilenameToJSON : Filename : data/scene_datasets/mp3d/XcA2TqTSSAj/XcA2TqTSSAj.glb changed to proposed JSON configuration filename : data/scene_datasets/mp3d/XcA2TqTSSAj/XcA2TqTSSAj.stage_config.json
I1008 13:04:42.671306 4153665 AttributesManagerBase.h:283] AttributesManager<T>::createFromJsonOrDefaultInternal  (Stage) : Proposing JSON name : data/scene_datasets/mp3d/XcA2TqTSSAj/XcA2TqTSSAj.stage_config.json from original name : data/scene_datasets/mp3d/XcA2TqTSSAj/XcA2TqTSSAj.glb | This file  does not exist.
I1008 13:04:42.671346 4153665 AbstractObjectAttributesManagerBase.h:181] AbstractObjectAttributesManager<T>::createObject  (Stage) : Done making attributes with handle : data/scene_datasets/mp3d/XcA2TqTSSAj/XcA2TqTSSAj.glb
I1008 13:04:42.671347 4153665 AbstractObjectAttributesManagerBase.h:188] File (data/scene_datasets/mp3d/XcA2TqTSSAj/XcA2TqTSSAj.glb) exists but is not a recognized config filename extension, so new default Stage attributes created and registered.
I1008 13:04:42.671350 4153665 Simulator.cpp:156] Loading navmesh from data/scene_datasets/mp3d/XcA2TqTSSAj/XcA2TqTSSAj.navmesh
I1008 13:04:42.671485 4153665 Simulator.cpp:158] Loaded.
I1008 13:04:42.671489 4153665 SceneGraph.h:93] Created DrawableGroup: 
I1008 13:04:42.674757 4153665 ResourceManager.cpp:234] ResourceManager::loadStage : Not loading semantic mesh
I1008 13:04:42.674765 4153665 ResourceManager.cpp:262] ResourceManager::loadStage : start load render asset data/scene_datasets/mp3d/XcA2TqTSSAj/XcA2TqTSSAj.glb.
I1008 13:04:42.674767 4153665 ResourceManager.cpp:569] ResourceManager::loadStageInternal : Attempting to load stage data/scene_datasets/mp3d/XcA2TqTSSAj/XcA2TqTSSAj.glb 
I1008 13:04:42.674785 4153665 ResourceManager.cpp:1119] Importing Basis files as BC7 for XcA2TqTSSAj.glb
W1008 13:04:43.889415 4153665 Simulator.cpp:248] :
---
 The active scene does not contain semantic annotations. 
---
I1008 13:04:43.939118 4153665 simulator.py:213] Loaded navmesh data/scene_datasets/mp3d/XcA2TqTSSAj/XcA2TqTSSAj.navmesh
I1008 13:04:44.928041 4153665 PhysicsManager.cpp:33] Deconstructing PhysicsManager
I1008 13:04:44.928074 4153665 SemanticScene.h:41] Deconstructing SemanticScene
I1008 13:04:44.931696 4153665 SceneManager.h:25] Deconstructing SceneManager
I1008 13:04:44.931711 4153665 SceneGraph.h:26] Deconstructing SceneGraph
I1008 13:04:44.932173 4153665 Sensor.h:87] Deconstructing Sensor
I1008 13:04:44.932711 4153665 Sensor.h:87] Deconstructing Sensor
I1008 13:04:44.932843 4153665 Sensor.h:87] Deconstructing Sensor
I1008 13:04:44.932973 4153665 Sensor.h:87] Deconstructing Sensor
I1008 13:04:44.933097 4153665 Sensor.h:87] Deconstructing Sensor
I1008 13:04:44.933223 4153665 Sensor.h:87] Deconstructing Sensor
I1008 13:04:44.933347 4153665 Sensor.h:87] Deconstructing Sensor
I1008 13:04:44.933462 4153665 Sensor.h:87] Deconstructing Sensor
I1008 13:04:44.933588 4153665 Sensor.h:87] Deconstructing Sensor
I1008 13:04:44.933709 4153665 Sensor.h:87] Deconstructing Sensor
I1008 13:04:44.933830 4153665 Sensor.h:87] Deconstructing Sensor
I1008 13:04:44.933954 4153665 Sensor.h:87] Deconstructing Sensor
I1008 13:04:44.934073 4153665 Sensor.h:87] Deconstructing Sensor
I1008 13:04:44.934242 4153665 Sensor.h:87] Deconstructing Sensor
I1008 13:04:44.934398 4153665 Sensor.h:87] Deconstructing Sensor
I1008 13:04:44.934548 4153665 Sensor.h:87] Deconstructing Sensor
I1008 13:04:44.934707 4153665 Sensor.h:87] Deconstructing Sensor
I1008 13:04:44.934857 4153665 Sensor.h:87] Deconstructing Sensor
I1008 13:04:44.935010 4153665 Sensor.h:87] Deconstructing Sensor
I1008 13:04:44.935161 4153665 Sensor.h:87] Deconstructing Sensor
I1008 13:04:44.935307 4153665 Sensor.h:87] Deconstructing Sensor
I1008 13:04:44.935465 4153665 Sensor.h:87] Deconstructing Sensor
I1008 13:04:44.935638 4153665 Sensor.h:87] Deconstructing Sensor
I1008 13:04:44.935745 4153665 Sensor.h:87] Deconstructing Sensor
I1008 13:04:44.939222 4153665 Renderer.cpp:34] Deconstructing Renderer
I1008 13:04:44.939253 4153665 WindowlessContext.h:17] Deconstructing WindowlessContext
I1008 13:04:44.942773 4153665 MetadataMediator.cpp:56] MetadataMediator::setActiveSceneDatasetName : Old active dataset default changed to default successfully.
I1008 13:04:44.943629 4153665 AttributesManagerBase.h:283] AttributesManager<T>::createFromJsonOrDefaultInternal  (Physics Manager) : Proposing JSON name : ./data/default.physics_config.json from original name : ./data/default.physics_config.json | This file  does not exist.
I1008 13:04:44.943660 4153665 PhysicsAttributesManager.cpp:27] File (./data/default.physics_config.json) not found, so new default physics manager attributes created and registered.
I1008 13:04:44.943674 4153665 AbstractObjectAttributesManagerBase.h:175] AbstractObjectAttributesManager<T>::createObject  (Stage) : Making attributes with handle : data/scene_datasets/mp3d/B6ByNegPMKs/B6ByNegPMKs.glb
I1008 13:04:44.943677 4153665 ManagedContainerBase.cpp:19] ManagedContainerBase::convertFilenameToJSON : Filename : data/scene_datasets/mp3d/B6ByNegPMKs/B6ByNegPMKs.glb changed to proposed JSON configuration filename : data/scene_datasets/mp3d/B6ByNegPMKs/B6ByNegPMKs.stage_config.json
I1008 13:04:44.943693 4153665 AttributesManagerBase.h:283] AttributesManager<T>::createFromJsonOrDefaultInternal  (Stage) : Proposing JSON name : data/scene_datasets/mp3d/B6ByNegPMKs/B6ByNegPMKs.stage_config.json from original name : data/scene_datasets/mp3d/B6ByNegPMKs/B6ByNegPMKs.glb | This file  does not exist.
I1008 13:04:44.943742 4153665 AbstractObjectAttributesManagerBase.h:181] AbstractObjectAttributesManager<T>::createObject  (Stage) : Done making attributes with handle : data/scene_datasets/mp3d/B6ByNegPMKs/B6ByNegPMKs.glb
I1008 13:04:44.943743 4153665 AbstractObjectAttributesManagerBase.h:188] File (data/scene_datasets/mp3d/B6ByNegPMKs/B6ByNegPMKs.glb) exists but is not a recognized config filename extension, so new default Stage attributes created and registered.
I1008 13:04:44.943747 4153665 Simulator.cpp:156] Loading navmesh from data/scene_datasets/mp3d/B6ByNegPMKs/B6ByNegPMKs.navmesh
I1008 13:04:44.944197 4153665 Simulator.cpp:158] Loaded.
I1008 13:04:44.944206 4153665 SceneGraph.h:93] Created DrawableGroup: 
I1008 13:04:44.948382 4153665 ResourceManager.cpp:234] ResourceManager::loadStage : Not loading semantic mesh
I1008 13:04:44.948400 4153665 ResourceManager.cpp:262] ResourceManager::loadStage : start load render asset data/scene_datasets/mp3d/B6ByNegPMKs/B6ByNegPMKs.glb.
I1008 13:04:44.948401 4153665 ResourceManager.cpp:569] ResourceManager::loadStageInternal : Attempting to load stage data/scene_datasets/mp3d/B6ByNegPMKs/B6ByNegPMKs.glb 
I1008 13:04:44.948428 4153665 ResourceManager.cpp:1119] Importing Basis files as BC7 for B6ByNegPMKs.glb
W1008 13:04:51.067765 4153665 Simulator.cpp:248] :
---
 The active scene does not contain semantic annotations. 
---
I1008 13:04:51.289135 4153665 simulator.py:213] Loaded navmesh data/scene_datasets/mp3d/B6ByNegPMKs/B6ByNegPMKs.navmesh
I1008 13:04:51.810209 4153665 PhysicsManager.cpp:33] Deconstructing PhysicsManager
I1008 13:04:51.810261 4153665 SemanticScene.h:41] Deconstructing SemanticScene
I1008 13:04:51.838336 4153665 SceneManager.h:25] Deconstructing SceneManager
I1008 13:04:51.838374 4153665 SceneGraph.h:26] Deconstructing SceneGraph
I1008 13:04:51.839254 4153665 Sensor.h:87] Deconstructing Sensor
I1008 13:04:51.840065 4153665 Sensor.h:87] Deconstructing Sensor
I1008 13:04:51.840220 4153665 Sensor.h:87] Deconstructing Sensor
I1008 13:04:51.840355 4153665 Sensor.h:87] Deconstructing Sensor
I1008 13:04:51.840473 4153665 Sensor.h:87] Deconstructing Sensor
I1008 13:04:51.840592 4153665 Sensor.h:87] Deconstructing Sensor
I1008 13:04:51.840731 4153665 Sensor.h:87] Deconstructing Sensor
I1008 13:04:51.840858 4153665 Sensor.h:87] Deconstructing Sensor
I1008 13:04:51.840986 4153665 Sensor.h:87] Deconstructing Sensor
I1008 13:04:51.841120 4153665 Sensor.h:87] Deconstructing Sensor
I1008 13:04:51.841234 4153665 Sensor.h:87] Deconstructing Sensor
I1008 13:04:51.841353 4153665 Sensor.h:87] Deconstructing Sensor
I1008 13:04:51.841468 4153665 Sensor.h:87] Deconstructing Sensor
I1008 13:04:51.841615 4153665 Sensor.h:87] Deconstructing Sensor
I1008 13:04:51.841780 4153665 Sensor.h:87] Deconstructing Sensor
I1008 13:04:51.841948 4153665 Sensor.h:87] Deconstructing Sensor
I1008 13:04:51.842104 4153665 Sensor.h:87] Deconstructing Sensor
I1008 13:04:51.842264 4153665 Sensor.h:87] Deconstructing Sensor
I1008 13:04:51.842410 4153665 Sensor.h:87] Deconstructing Sensor
I1008 13:04:51.842556 4153665 Sensor.h:87] Deconstructing Sensor
I1008 13:04:51.842707 4153665 Sensor.h:87] Deconstructing Sensor
I1008 13:04:51.842855 4153665 Sensor.h:87] Deconstructing Sensor
I1008 13:04:51.843006 4153665 Sensor.h:87] Deconstructing Sensor
I1008 13:04:51.843107 4153665 Sensor.h:87] Deconstructing Sensor
I1008 13:04:51.858798 4153665 Renderer.cpp:34] Deconstructing Renderer
I1008 13:04:51.858836 4153665 WindowlessContext.h:17] Deconstructing WindowlessContext
I1008 13:04:51.873433 4153665 MetadataMediator.cpp:56] MetadataMediator::setActiveSceneDatasetName : Old active dataset default changed to default successfully.
I1008 13:04:51.874634 4153665 AttributesManagerBase.h:283] AttributesManager<T>::createFromJsonOrDefaultInternal  (Physics Manager) : Proposing JSON name : ./data/default.physics_config.json from original name : ./data/default.physics_config.json | This file  does not exist.
I1008 13:04:51.874671 4153665 PhysicsAttributesManager.cpp:27] File (./data/default.physics_config.json) not found, so new default physics manager attributes created and registered.
I1008 13:04:51.874679 4153665 AbstractObjectAttributesManagerBase.h:175] AbstractObjectAttributesManager<T>::createObject  (Stage) : Making attributes with handle : data/scene_datasets/mp3d/e9zR4mvMWw7/e9zR4mvMWw7.glb
I1008 13:04:51.874682 4153665 ManagedContainerBase.cpp:19] ManagedContainerBase::convertFilenameToJSON : Filename : data/scene_datasets/mp3d/e9zR4mvMWw7/e9zR4mvMWw7.glb changed to proposed JSON configuration filename : data/scene_datasets/mp3d/e9zR4mvMWw7/e9zR4mvMWw7.stage_config.json
I1008 13:04:51.874698 4153665 AttributesManagerBase.h:283] AttributesManager<T>::createFromJsonOrDefaultInternal  (Stage) : Proposing JSON name : data/scene_datasets/mp3d/e9zR4mvMWw7/e9zR4mvMWw7.stage_config.json from original name : data/scene_datasets/mp3d/e9zR4mvMWw7/e9zR4mvMWw7.glb | This file  does not exist.
I1008 13:04:51.874744 4153665 AbstractObjectAttributesManagerBase.h:181] AbstractObjectAttributesManager<T>::createObject  (Stage) : Done making attributes with handle : data/scene_datasets/mp3d/e9zR4mvMWw7/e9zR4mvMWw7.glb
I1008 13:04:51.874747 4153665 AbstractObjectAttributesManagerBase.h:188] File (data/scene_datasets/mp3d/e9zR4mvMWw7/e9zR4mvMWw7.glb) exists but is not a recognized config filename extension, so new default Stage attributes created and registered.
I1008 13:04:51.874751 4153665 Simulator.cpp:156] Loading navmesh from data/scene_datasets/mp3d/e9zR4mvMWw7/e9zR4mvMWw7.navmesh
I1008 13:04:51.874884 4153665 Simulator.cpp:158] Loaded.
I1008 13:04:51.874891 4153665 SceneGraph.h:93] Created DrawableGroup: 
I1008 13:04:51.878937 4153665 ResourceManager.cpp:234] ResourceManager::loadStage : Not loading semantic mesh
I1008 13:04:51.878953 4153665 ResourceManager.cpp:262] ResourceManager::loadStage : start load render asset data/scene_datasets/mp3d/e9zR4mvMWw7/e9zR4mvMWw7.glb.
I1008 13:04:51.878955 4153665 ResourceManager.cpp:569] ResourceManager::loadStageInternal : Attempting to load stage data/scene_datasets/mp3d/e9zR4mvMWw7/e9zR4mvMWw7.glb 
I1008 13:04:51.878979 4153665 ResourceManager.cpp:1119] Importing Basis files as BC7 for e9zR4mvMWw7.glb
W1008 13:04:53.136809 4153665 Simulator.cpp:248] :
---
 The active scene does not contain semantic annotations. 
---
I1008 13:04:53.183652 4153665 simulator.py:213] Loaded navmesh data/scene_datasets/mp3d/e9zR4mvMWw7/e9zR4mvMWw7.navmesh
I1008 13:04:53.655099 4153665 PhysicsManager.cpp:33] Deconstructing PhysicsManager
I1008 13:04:53.655146 4153665 SemanticScene.h:41] Deconstructing SemanticScene
I1008 13:04:53.661499 4153665 SceneManager.h:25] Deconstructing SceneManager
I1008 13:04:53.661540 4153665 SceneGraph.h:26] Deconstructing SceneGraph
I1008 13:04:53.662123 4153665 Sensor.h:87] Deconstructing Sensor
I1008 13:04:53.662726 4153665 Sensor.h:87] Deconstructing Sensor
I1008 13:04:53.662858 4153665 Sensor.h:87] Deconstructing Sensor
I1008 13:04:53.662984 4153665 Sensor.h:87] Deconstructing Sensor
I1008 13:04:53.663105 4153665 Sensor.h:87] Deconstructing Sensor
I1008 13:04:53.663225 4153665 Sensor.h:87] Deconstructing Sensor
I1008 13:04:53.663348 4153665 Sensor.h:87] Deconstructing Sensor
I1008 13:04:53.663465 4153665 Sensor.h:87] Deconstructing Sensor
I1008 13:04:53.663590 4153665 Sensor.h:87] Deconstructing Sensor
I1008 13:04:53.663717 4153665 Sensor.h:87] Deconstructing Sensor
I1008 13:04:53.663843 4153665 Sensor.h:87] Deconstructing Sensor
I1008 13:04:53.663973 4153665 Sensor.h:87] Deconstructing Sensor
I1008 13:04:53.664093 4153665 Sensor.h:87] Deconstructing Sensor
I1008 13:04:53.664248 4153665 Sensor.h:87] Deconstructing Sensor
I1008 13:04:53.664448 4153665 Sensor.h:87] Deconstructing Sensor
I1008 13:04:53.664597 4153665 Sensor.h:87] Deconstructing Sensor
I1008 13:04:53.664764 4153665 Sensor.h:87] Deconstructing Sensor
I1008 13:04:53.664913 4153665 Sensor.h:87] Deconstructing Sensor
I1008 13:04:53.665066 4153665 Sensor.h:87] Deconstructing Sensor
I1008 13:04:53.665221 4153665 Sensor.h:87] Deconstructing Sensor
I1008 13:04:53.665373 4153665 Sensor.h:87] Deconstructing Sensor
I1008 13:04:53.665524 4153665 Sensor.h:87] Deconstructing Sensor
I1008 13:04:53.665688 4153665 Sensor.h:87] Deconstructing Sensor
I1008 13:04:53.665788 4153665 Sensor.h:87] Deconstructing Sensor
I1008 13:04:53.669238 4153665 Renderer.cpp:34] Deconstructing Renderer
I1008 13:04:53.669265 4153665 WindowlessContext.h:17] Deconstructing WindowlessContext
I1008 13:04:53.672892 4153665 MetadataMediator.cpp:56] MetadataMediator::setActiveSceneDatasetName : Old active dataset default changed to default successfully.
I1008 13:04:53.673840 4153665 AttributesManagerBase.h:283] AttributesManager<T>::createFromJsonOrDefaultInternal  (Physics Manager) : Proposing JSON name : ./data/default.physics_config.json from original name : ./data/default.physics_config.json | This file  does not exist.
I1008 13:04:53.673874 4153665 PhysicsAttributesManager.cpp:27] File (./data/default.physics_config.json) not found, so new default physics manager attributes created and registered.
I1008 13:04:53.673882 4153665 AbstractObjectAttributesManagerBase.h:175] AbstractObjectAttributesManager<T>::createObject  (Stage) : Making attributes with handle : data/scene_datasets/mp3d/s8pcmisQ38h/s8pcmisQ38h.glb
I1008 13:04:53.673884 4153665 ManagedContainerBase.cpp:19] ManagedContainerBase::convertFilenameToJSON : Filename : data/scene_datasets/mp3d/s8pcmisQ38h/s8pcmisQ38h.glb changed to proposed JSON configuration filename : data/scene_datasets/mp3d/s8pcmisQ38h/s8pcmisQ38h.stage_config.json
I1008 13:04:53.673902 4153665 AttributesManagerBase.h:283] AttributesManager<T>::createFromJsonOrDefaultInternal  (Stage) : Proposing JSON name : data/scene_datasets/mp3d/s8pcmisQ38h/s8pcmisQ38h.stage_config.json from original name : data/scene_datasets/mp3d/s8pcmisQ38h/s8pcmisQ38h.glb | This file  does not exist.
I1008 13:04:53.673954 4153665 AbstractObjectAttributesManagerBase.h:181] AbstractObjectAttributesManager<T>::createObject  (Stage) : Done making attributes with handle : data/scene_datasets/mp3d/s8pcmisQ38h/s8pcmisQ38h.glb
I1008 13:04:53.673955 4153665 AbstractObjectAttributesManagerBase.h:188] File (data/scene_datasets/mp3d/s8pcmisQ38h/s8pcmisQ38h.glb) exists but is not a recognized config filename extension, so new default Stage attributes created and registered.
I1008 13:04:53.673959 4153665 Simulator.cpp:156] Loading navmesh from data/scene_datasets/mp3d/s8pcmisQ38h/s8pcmisQ38h.navmesh
I1008 13:04:53.674113 4153665 Simulator.cpp:158] Loaded.
I1008 13:04:53.674120 4153665 SceneGraph.h:93] Created DrawableGroup: 
I1008 13:04:53.678372 4153665 ResourceManager.cpp:234] ResourceManager::loadStage : Not loading semantic mesh
I1008 13:04:53.678390 4153665 ResourceManager.cpp:262] ResourceManager::loadStage : start load render asset data/scene_datasets/mp3d/s8pcmisQ38h/s8pcmisQ38h.glb.
I1008 13:04:53.678391 4153665 ResourceManager.cpp:569] ResourceManager::loadStageInternal : Attempting to load stage data/scene_datasets/mp3d/s8pcmisQ38h/s8pcmisQ38h.glb 
I1008 13:04:53.678417 4153665 ResourceManager.cpp:1119] Importing Basis files as BC7 for s8pcmisQ38h.glb
W1008 13:04:55.131950 4153665 Simulator.cpp:248] :
---
 The active scene does not contain semantic annotations. 
---
I1008 13:04:55.171724 4153665 simulator.py:213] Loaded navmesh data/scene_datasets/mp3d/s8pcmisQ38h/s8pcmisQ38h.navmesh
I1008 13:05:02.775913 4153665 PhysicsManager.cpp:33] Deconstructing PhysicsManager
I1008 13:05:02.775939 4153665 SemanticScene.h:41] Deconstructing SemanticScene
I1008 13:05:02.781159 4153665 SceneManager.h:25] Deconstructing SceneManager
I1008 13:05:02.781183 4153665 SceneGraph.h:26] Deconstructing SceneGraph
I1008 13:05:02.781538 4153665 Sensor.h:87] Deconstructing Sensor
I1008 13:05:02.781947 4153665 Sensor.h:87] Deconstructing Sensor
I1008 13:05:02.782052 4153665 Sensor.h:87] Deconstructing Sensor
I1008 13:05:02.782160 4153665 Sensor.h:87] Deconstructing Sensor
I1008 13:05:02.782262 4153665 Sensor.h:87] Deconstructing Sensor
I1008 13:05:02.782366 4153665 Sensor.h:87] Deconstructing Sensor
I1008 13:05:02.782471 4153665 Sensor.h:87] Deconstructing Sensor
I1008 13:05:02.782572 4153665 Sensor.h:87] Deconstructing Sensor
I1008 13:05:02.782680 4153665 Sensor.h:87] Deconstructing Sensor
I1008 13:05:02.782780 4153665 Sensor.h:87] Deconstructing Sensor
I1008 13:05:02.782881 4153665 Sensor.h:87] Deconstructing Sensor
I1008 13:05:02.782985 4153665 Sensor.h:87] Deconstructing Sensor
I1008 13:05:02.783087 4153665 Sensor.h:87] Deconstructing Sensor
I1008 13:05:02.783214 4153665 Sensor.h:87] Deconstructing Sensor
I1008 13:05:02.783342 4153665 Sensor.h:87] Deconstructing Sensor
I1008 13:05:02.783465 4153665 Sensor.h:87] Deconstructing Sensor
I1008 13:05:02.783594 4153665 Sensor.h:87] Deconstructing Sensor
I1008 13:05:02.783726 4153665 Sensor.h:87] Deconstructing Sensor
I1008 13:05:02.783852 4153665 Sensor.h:87] Deconstructing Sensor
I1008 13:05:02.783979 4153665 Sensor.h:87] Deconstructing Sensor
I1008 13:05:02.784102 4153665 Sensor.h:87] Deconstructing Sensor
I1008 13:05:02.784225 4153665 Sensor.h:87] Deconstructing Sensor
I1008 13:05:02.784353 4153665 Sensor.h:87] Deconstructing Sensor
I1008 13:05:02.784449 4153665 Sensor.h:87] Deconstructing Sensor
I1008 13:05:02.787222 4153665 Renderer.cpp:34] Deconstructing Renderer
I1008 13:05:02.787236 4153665 WindowlessContext.h:17] Deconstructing WindowlessContext
I1008 13:05:02.790478 4153665 MetadataMediator.cpp:56] MetadataMediator::setActiveSceneDatasetName : Old active dataset default changed to default successfully.
I1008 13:05:02.791034 4153665 AttributesManagerBase.h:283] AttributesManager<T>::createFromJsonOrDefaultInternal  (Physics Manager) : Proposing JSON name : ./data/default.physics_config.json from original name : ./data/default.physics_config.json | This file  does not exist.
I1008 13:05:02.791059 4153665 PhysicsAttributesManager.cpp:27] File (./data/default.physics_config.json) not found, so new default physics manager attributes created and registered.
I1008 13:05:02.791064 4153665 AbstractObjectAttributesManagerBase.h:175] AbstractObjectAttributesManager<T>::createObject  (Stage) : Making attributes with handle : data/scene_datasets/mp3d/PuKPg4mmafe/PuKPg4mmafe.glb
I1008 13:05:02.791066 4153665 ManagedContainerBase.cpp:19] ManagedContainerBase::convertFilenameToJSON : Filename : data/scene_datasets/mp3d/PuKPg4mmafe/PuKPg4mmafe.glb changed to proposed JSON configuration filename : data/scene_datasets/mp3d/PuKPg4mmafe/PuKPg4mmafe.stage_config.json
I1008 13:05:02.791082 4153665 AttributesManagerBase.h:283] AttributesManager<T>::createFromJsonOrDefaultInternal  (Stage) : Proposing JSON name : data/scene_datasets/mp3d/PuKPg4mmafe/PuKPg4mmafe.stage_config.json from original name : data/scene_datasets/mp3d/PuKPg4mmafe/PuKPg4mmafe.glb | This file  does not exist.
I1008 13:05:02.791131 4153665 AbstractObjectAttributesManagerBase.h:181] AbstractObjectAttributesManager<T>::createObject  (Stage) : Done making attributes with handle : data/scene_datasets/mp3d/PuKPg4mmafe/PuKPg4mmafe.glb
I1008 13:05:02.791133 4153665 AbstractObjectAttributesManagerBase.h:188] File (data/scene_datasets/mp3d/PuKPg4mmafe/PuKPg4mmafe.glb) exists but is not a recognized config filename extension, so new default Stage attributes created and registered.
I1008 13:05:02.791136 4153665 Simulator.cpp:156] Loading navmesh from data/scene_datasets/mp3d/PuKPg4mmafe/PuKPg4mmafe.navmesh
I1008 13:05:02.791373 4153665 Simulator.cpp:158] Loaded.
I1008 13:05:02.791378 4153665 SceneGraph.h:93] Created DrawableGroup: 
I1008 13:05:02.794876 4153665 ResourceManager.cpp:234] ResourceManager::loadStage : Not loading semantic mesh
I1008 13:05:02.794884 4153665 ResourceManager.cpp:262] ResourceManager::loadStage : start load render asset data/scene_datasets/mp3d/PuKPg4mmafe/PuKPg4mmafe.glb.
I1008 13:05:02.794886 4153665 ResourceManager.cpp:569] ResourceManager::loadStageInternal : Attempting to load stage data/scene_datasets/mp3d/PuKPg4mmafe/PuKPg4mmafe.glb 
I1008 13:05:02.794904 4153665 ResourceManager.cpp:1119] Importing Basis files as BC7 for PuKPg4mmafe.glb
W1008 13:05:05.817631 4153665 Simulator.cpp:248] :
---
 The active scene does not contain semantic annotations. 
---
I1008 13:05:05.836757 4153665 simulator.py:213] Loaded navmesh data/scene_datasets/mp3d/PuKPg4mmafe/PuKPg4mmafe.navmesh
I1008 13:06:02.021786 4153665 PhysicsManager.cpp:33] Deconstructing PhysicsManager
I1008 13:06:02.021811 4153665 SemanticScene.h:41] Deconstructing SemanticScene
I1008 13:06:02.022678 4153665 SceneManager.h:25] Deconstructing SceneManager
I1008 13:06:02.022682 4153665 SceneGraph.h:26] Deconstructing SceneGraph
I1008 13:06:02.023051 4153665 Sensor.h:87] Deconstructing Sensor
I1008 13:06:02.023367 4153665 Sensor.h:87] Deconstructing Sensor
I1008 13:06:02.023478 4153665 Sensor.h:87] Deconstructing Sensor
I1008 13:06:02.023589 4153665 Sensor.h:87] Deconstructing Sensor
I1008 13:06:02.023696 4153665 Sensor.h:87] Deconstructing Sensor
I1008 13:06:02.023799 4153665 Sensor.h:87] Deconstructing Sensor
I1008 13:06:02.023904 4153665 Sensor.h:87] Deconstructing Sensor
I1008 13:06:02.024016 4153665 Sensor.h:87] Deconstructing Sensor
I1008 13:06:02.024124 4153665 Sensor.h:87] Deconstructing Sensor
I1008 13:06:02.024228 4153665 Sensor.h:87] Deconstructing Sensor
I1008 13:06:02.024327 4153665 Sensor.h:87] Deconstructing Sensor
I1008 13:06:02.024430 4153665 Sensor.h:87] Deconstructing Sensor
I1008 13:06:02.024529 4153665 Sensor.h:87] Deconstructing Sensor
I1008 13:06:02.024668 4153665 Sensor.h:87] Deconstructing Sensor
I1008 13:06:02.024807 4153665 Sensor.h:87] Deconstructing Sensor
I1008 13:06:02.024933 4153665 Sensor.h:87] Deconstructing Sensor
I1008 13:06:02.025063 4153665 Sensor.h:87] Deconstructing Sensor
I1008 13:06:02.025183 4153665 Sensor.h:87] Deconstructing Sensor
I1008 13:06:02.025311 4153665 Sensor.h:87] Deconstructing Sensor
I1008 13:06:02.025436 4153665 Sensor.h:87] Deconstructing Sensor
I1008 13:06:02.025556 4153665 Sensor.h:87] Deconstructing Sensor
I1008 13:06:02.025681 4153665 Sensor.h:87] Deconstructing Sensor
I1008 13:06:02.025815 4153665 Sensor.h:87] Deconstructing Sensor
I1008 13:06:02.025890 4153665 Sensor.h:87] Deconstructing Sensor
I1008 13:06:02.030177 4153665 Renderer.cpp:34] Deconstructing Renderer
I1008 13:06:02.030195 4153665 WindowlessContext.h:17] Deconstructing WindowlessContext
I1008 13:06:02.036162 4153665 MetadataMediator.cpp:56] MetadataMediator::setActiveSceneDatasetName : Old active dataset default changed to default successfully.
I1008 13:06:02.036860 4153665 AttributesManagerBase.h:283] AttributesManager<T>::createFromJsonOrDefaultInternal  (Physics Manager) : Proposing JSON name : ./data/default.physics_config.json from original name : ./data/default.physics_config.json | This file  does not exist.
I1008 13:06:02.036896 4153665 PhysicsAttributesManager.cpp:27] File (./data/default.physics_config.json) not found, so new default physics manager attributes created and registered.
I1008 13:06:02.036901 4153665 AbstractObjectAttributesManagerBase.h:175] AbstractObjectAttributesManager<T>::createObject  (Stage) : Making attributes with handle : data/scene_datasets/mp3d/ZMojNkEp431/ZMojNkEp431.glb
I1008 13:06:02.036904 4153665 ManagedContainerBase.cpp:19] ManagedContainerBase::convertFilenameToJSON : Filename : data/scene_datasets/mp3d/ZMojNkEp431/ZMojNkEp431.glb changed to proposed JSON configuration filename : data/scene_datasets/mp3d/ZMojNkEp431/ZMojNkEp431.stage_config.json
I1008 13:06:02.036921 4153665 AttributesManagerBase.h:283] AttributesManager<T>::createFromJsonOrDefaultInternal  (Stage) : Proposing JSON name : data/scene_datasets/mp3d/ZMojNkEp431/ZMojNkEp431.stage_config.json from original name : data/scene_datasets/mp3d/ZMojNkEp431/ZMojNkEp431.glb | This file  does not exist.
I1008 13:06:02.036962 4153665 AbstractObjectAttributesManagerBase.h:181] AbstractObjectAttributesManager<T>::createObject  (Stage) : Done making attributes with handle : data/scene_datasets/mp3d/ZMojNkEp431/ZMojNkEp431.glb
I1008 13:06:02.036962 4153665 AbstractObjectAttributesManagerBase.h:188] File (data/scene_datasets/mp3d/ZMojNkEp431/ZMojNkEp431.glb) exists but is not a recognized config filename extension, so new default Stage attributes created and registered.
I1008 13:06:02.036965 4153665 Simulator.cpp:156] Loading navmesh from data/scene_datasets/mp3d/ZMojNkEp431/ZMojNkEp431.navmesh
I1008 13:06:02.037101 4153665 Simulator.cpp:158] Loaded.
I1008 13:06:02.037106 4153665 SceneGraph.h:93] Created DrawableGroup: 
I1008 13:06:02.040743 4153665 ResourceManager.cpp:234] ResourceManager::loadStage : Not loading semantic mesh
I1008 13:06:02.040751 4153665 ResourceManager.cpp:262] ResourceManager::loadStage : start load render asset data/scene_datasets/mp3d/ZMojNkEp431/ZMojNkEp431.glb.
I1008 13:06:02.040772 4153665 ResourceManager.cpp:569] ResourceManager::loadStageInternal : Attempting to load stage data/scene_datasets/mp3d/ZMojNkEp431/ZMojNkEp431.glb 
I1008 13:06:02.040789 4153665 ResourceManager.cpp:1119] Importing Basis files as BC7 for ZMojNkEp431.glb
W1008 13:06:03.403887 4153665 Simulator.cpp:248] :
---
 The active scene does not contain semantic annotations. 
---
I1008 13:06:03.448256 4153665 simulator.py:213] Loaded navmesh data/scene_datasets/mp3d/ZMojNkEp431/ZMojNkEp431.navmesh
I1008 13:06:06.017606 4153665 PhysicsManager.cpp:33] Deconstructing PhysicsManager
I1008 13:06:06.017635 4153665 SemanticScene.h:41] Deconstructing SemanticScene
I1008 13:06:06.020473 4153665 SceneManager.h:25] Deconstructing SceneManager
I1008 13:06:06.020485 4153665 SceneGraph.h:26] Deconstructing SceneGraph
I1008 13:06:06.020994 4153665 Sensor.h:87] Deconstructing Sensor
I1008 13:06:06.021471 4153665 Sensor.h:87] Deconstructing Sensor
I1008 13:06:06.021596 4153665 Sensor.h:87] Deconstructing Sensor
I1008 13:06:06.021773 4153665 Sensor.h:87] Deconstructing Sensor
I1008 13:06:06.021896 4153665 Sensor.h:87] Deconstructing Sensor
I1008 13:06:06.022018 4153665 Sensor.h:87] Deconstructing Sensor
I1008 13:06:06.022141 4153665 Sensor.h:87] Deconstructing Sensor
I1008 13:06:06.022256 4153665 Sensor.h:87] Deconstructing Sensor
I1008 13:06:06.022379 4153665 Sensor.h:87] Deconstructing Sensor
I1008 13:06:06.022495 4153665 Sensor.h:87] Deconstructing Sensor
I1008 13:06:06.022614 4153665 Sensor.h:87] Deconstructing Sensor
I1008 13:06:06.022738 4153665 Sensor.h:87] Deconstructing Sensor
I1008 13:06:06.022858 4153665 Sensor.h:87] Deconstructing Sensor
I1008 13:06:06.023015 4153665 Sensor.h:87] Deconstructing Sensor
I1008 13:06:06.023170 4153665 Sensor.h:87] Deconstructing Sensor
I1008 13:06:06.023316 4153665 Sensor.h:87] Deconstructing Sensor
I1008 13:06:06.023468 4153665 Sensor.h:87] Deconstructing Sensor
I1008 13:06:06.023627 4153665 Sensor.h:87] Deconstructing Sensor
I1008 13:06:06.023787 4153665 Sensor.h:87] Deconstructing Sensor
I1008 13:06:06.023942 4153665 Sensor.h:87] Deconstructing Sensor
I1008 13:06:06.024092 4153665 Sensor.h:87] Deconstructing Sensor
I1008 13:06:06.024242 4153665 Sensor.h:87] Deconstructing Sensor
I1008 13:06:06.024397 4153665 Sensor.h:87] Deconstructing Sensor
I1008 13:06:06.024509 4153665 Sensor.h:87] Deconstructing Sensor
I1008 13:06:06.027719 4153665 Renderer.cpp:34] Deconstructing Renderer
I1008 13:06:06.027741 4153665 WindowlessContext.h:17] Deconstructing WindowlessContext
I1008 13:06:06.031863 4153665 MetadataMediator.cpp:56] MetadataMediator::setActiveSceneDatasetName : Old active dataset default changed to default successfully.
I1008 13:06:06.032737 4153665 AttributesManagerBase.h:283] AttributesManager<T>::createFromJsonOrDefaultInternal  (Physics Manager) : Proposing JSON name : ./data/default.physics_config.json from original name : ./data/default.physics_config.json | This file  does not exist.
I1008 13:06:06.032768 4153665 PhysicsAttributesManager.cpp:27] File (./data/default.physics_config.json) not found, so new default physics manager attributes created and registered.
I1008 13:06:06.032773 4153665 AbstractObjectAttributesManagerBase.h:175] AbstractObjectAttributesManager<T>::createObject  (Stage) : Making attributes with handle : data/scene_datasets/mp3d/2n8kARJN3HM/2n8kARJN3HM.glb
I1008 13:06:06.032778 4153665 ManagedContainerBase.cpp:19] ManagedContainerBase::convertFilenameToJSON : Filename : data/scene_datasets/mp3d/2n8kARJN3HM/2n8kARJN3HM.glb changed to proposed JSON configuration filename : data/scene_datasets/mp3d/2n8kARJN3HM/2n8kARJN3HM.stage_config.json
I1008 13:06:06.032792 4153665 AttributesManagerBase.h:283] AttributesManager<T>::createFromJsonOrDefaultInternal  (Stage) : Proposing JSON name : data/scene_datasets/mp3d/2n8kARJN3HM/2n8kARJN3HM.stage_config.json from original name : data/scene_datasets/mp3d/2n8kARJN3HM/2n8kARJN3HM.glb | This file  does not exist.
I1008 13:06:06.032841 4153665 AbstractObjectAttributesManagerBase.h:181] AbstractObjectAttributesManager<T>::createObject  (Stage) : Done making attributes with handle : data/scene_datasets/mp3d/2n8kARJN3HM/2n8kARJN3HM.glb
I1008 13:06:06.032843 4153665 AbstractObjectAttributesManagerBase.h:188] File (data/scene_datasets/mp3d/2n8kARJN3HM/2n8kARJN3HM.glb) exists but is not a recognized config filename extension, so new default Stage attributes created and registered.
I1008 13:06:06.032847 4153665 Simulator.cpp:156] Loading navmesh from data/scene_datasets/mp3d/2n8kARJN3HM/2n8kARJN3HM.navmesh
I1008 13:06:06.033089 4153665 Simulator.cpp:158] Loaded.
I1008 13:06:06.033097 4153665 SceneGraph.h:93] Created DrawableGroup: 
I1008 13:06:06.037063 4153665 ResourceManager.cpp:234] ResourceManager::loadStage : Not loading semantic mesh
I1008 13:06:06.037078 4153665 ResourceManager.cpp:262] ResourceManager::loadStage : start load render asset data/scene_datasets/mp3d/2n8kARJN3HM/2n8kARJN3HM.glb.
I1008 13:06:06.037081 4153665 ResourceManager.cpp:569] ResourceManager::loadStageInternal : Attempting to load stage data/scene_datasets/mp3d/2n8kARJN3HM/2n8kARJN3HM.glb 
I1008 13:06:06.037104 4153665 ResourceManager.cpp:1119] Importing Basis files as BC7 for 2n8kARJN3HM.glb
W1008 13:06:08.932102 4153665 Simulator.cpp:248] :
---
 The active scene does not contain semantic annotations. 
---
I1008 13:06:09.004248 4153665 simulator.py:213] Loaded navmesh data/scene_datasets/mp3d/2n8kARJN3HM/2n8kARJN3HM.navmesh
I1008 13:06:10.052915 4153665 PhysicsManager.cpp:33] Deconstructing PhysicsManager
I1008 13:06:10.052935 4153665 SemanticScene.h:41] Deconstructing SemanticScene
I1008 13:06:10.055667 4153665 SceneManager.h:25] Deconstructing SceneManager
I1008 13:06:10.055675 4153665 SceneGraph.h:26] Deconstructing SceneGraph
I1008 13:06:10.056119 4153665 Sensor.h:87] Deconstructing Sensor
I1008 13:06:10.056402 4153665 Sensor.h:87] Deconstructing Sensor
I1008 13:06:10.056506 4153665 Sensor.h:87] Deconstructing Sensor
I1008 13:06:10.056624 4153665 Sensor.h:87] Deconstructing Sensor
I1008 13:06:10.056751 4153665 Sensor.h:87] Deconstructing Sensor
I1008 13:06:10.056854 4153665 Sensor.h:87] Deconstructing Sensor
I1008 13:06:10.056954 4153665 Sensor.h:87] Deconstructing Sensor
I1008 13:06:10.057051 4153665 Sensor.h:87] Deconstructing Sensor
I1008 13:06:10.057152 4153665 Sensor.h:87] Deconstructing Sensor
I1008 13:06:10.057252 4153665 Sensor.h:87] Deconstructing Sensor
I1008 13:06:10.057349 4153665 Sensor.h:87] Deconstructing Sensor
I1008 13:06:10.057449 4153665 Sensor.h:87] Deconstructing Sensor
I1008 13:06:10.057548 4153665 Sensor.h:87] Deconstructing Sensor
I1008 13:06:10.057680 4153665 Sensor.h:87] Deconstructing Sensor
I1008 13:06:10.057808 4153665 Sensor.h:87] Deconstructing Sensor
I1008 13:06:10.057933 4153665 Sensor.h:87] Deconstructing Sensor
I1008 13:06:10.058056 4153665 Sensor.h:87] Deconstructing Sensor
I1008 13:06:10.058179 4153665 Sensor.h:87] Deconstructing Sensor
I1008 13:06:10.058303 4153665 Sensor.h:87] Deconstructing Sensor
I1008 13:06:10.058429 4153665 Sensor.h:87] Deconstructing Sensor
I1008 13:06:10.058548 4153665 Sensor.h:87] Deconstructing Sensor
I1008 13:06:10.058669 4153665 Sensor.h:87] Deconstructing Sensor
I1008 13:06:10.058804 4153665 Sensor.h:87] Deconstructing Sensor
I1008 13:06:10.058960 4153665 Sensor.h:87] Deconstructing Sensor
I1008 13:06:10.063724 4153665 Renderer.cpp:34] Deconstructing Renderer
I1008 13:06:10.063746 4153665 WindowlessContext.h:17] Deconstructing WindowlessContext
I1008 13:06:10.069389 4153665 MetadataMediator.cpp:56] MetadataMediator::setActiveSceneDatasetName : Old active dataset default changed to default successfully.
I1008 13:06:10.070348 4153665 AttributesManagerBase.h:283] AttributesManager<T>::createFromJsonOrDefaultInternal  (Physics Manager) : Proposing JSON name : ./data/default.physics_config.json from original name : ./data/default.physics_config.json | This file  does not exist.
I1008 13:06:10.070375 4153665 PhysicsAttributesManager.cpp:27] File (./data/default.physics_config.json) not found, so new default physics manager attributes created and registered.
I1008 13:06:10.070379 4153665 AbstractObjectAttributesManagerBase.h:175] AbstractObjectAttributesManager<T>::createObject  (Stage) : Making attributes with handle : data/scene_datasets/mp3d/qoiz87JEwZ2/qoiz87JEwZ2.glb
I1008 13:06:10.070382 4153665 ManagedContainerBase.cpp:19] ManagedContainerBase::convertFilenameToJSON : Filename : data/scene_datasets/mp3d/qoiz87JEwZ2/qoiz87JEwZ2.glb changed to proposed JSON configuration filename : data/scene_datasets/mp3d/qoiz87JEwZ2/qoiz87JEwZ2.stage_config.json
I1008 13:06:10.070398 4153665 AttributesManagerBase.h:283] AttributesManager<T>::createFromJsonOrDefaultInternal  (Stage) : Proposing JSON name : data/scene_datasets/mp3d/qoiz87JEwZ2/qoiz87JEwZ2.stage_config.json from original name : data/scene_datasets/mp3d/qoiz87JEwZ2/qoiz87JEwZ2.glb | This file  does not exist.
I1008 13:06:10.070439 4153665 AbstractObjectAttributesManagerBase.h:181] AbstractObjectAttributesManager<T>::createObject  (Stage) : Done making attributes with handle : data/scene_datasets/mp3d/qoiz87JEwZ2/qoiz87JEwZ2.glb
I1008 13:06:10.070441 4153665 AbstractObjectAttributesManagerBase.h:188] File (data/scene_datasets/mp3d/qoiz87JEwZ2/qoiz87JEwZ2.glb) exists but is not a recognized config filename extension, so new default Stage attributes created and registered.
I1008 13:06:10.070444 4153665 Simulator.cpp:156] Loading navmesh from data/scene_datasets/mp3d/qoiz87JEwZ2/qoiz87JEwZ2.navmesh
I1008 13:06:10.070597 4153665 Simulator.cpp:158] Loaded.
I1008 13:06:10.070602 4153665 SceneGraph.h:93] Created DrawableGroup: 
I1008 13:06:10.074896 4153665 ResourceManager.cpp:234] ResourceManager::loadStage : Not loading semantic mesh
I1008 13:06:10.074908 4153665 ResourceManager.cpp:262] ResourceManager::loadStage : start load render asset data/scene_datasets/mp3d/qoiz87JEwZ2/qoiz87JEwZ2.glb.
I1008 13:06:10.074909 4153665 ResourceManager.cpp:569] ResourceManager::loadStageInternal : Attempting to load stage data/scene_datasets/mp3d/qoiz87JEwZ2/qoiz87JEwZ2.glb 
I1008 13:06:10.074941 4153665 ResourceManager.cpp:1119] Importing Basis files as BC7 for qoiz87JEwZ2.glb
W1008 13:06:11.860997 4153665 Simulator.cpp:248] :
---
 The active scene does not contain semantic annotations. 
---
I1008 13:06:11.921161 4153665 simulator.py:213] Loaded navmesh data/scene_datasets/mp3d/qoiz87JEwZ2/qoiz87JEwZ2.navmesh
I1008 13:06:16.521595 4153665 PhysicsManager.cpp:33] Deconstructing PhysicsManager
I1008 13:06:16.521625 4153665 SemanticScene.h:41] Deconstructing SemanticScene
I1008 13:06:16.525375 4153665 SceneManager.h:25] Deconstructing SceneManager
I1008 13:06:16.525393 4153665 SceneGraph.h:26] Deconstructing SceneGraph
I1008 13:06:16.525828 4153665 Sensor.h:87] Deconstructing Sensor
I1008 13:06:16.526569 4153665 Sensor.h:87] Deconstructing Sensor
I1008 13:06:16.526700 4153665 Sensor.h:87] Deconstructing Sensor
I1008 13:06:16.526832 4153665 Sensor.h:87] Deconstructing Sensor
I1008 13:06:16.526955 4153665 Sensor.h:87] Deconstructing Sensor
I1008 13:06:16.527206 4153665 Sensor.h:87] Deconstructing Sensor
I1008 13:06:16.527339 4153665 Sensor.h:87] Deconstructing Sensor
I1008 13:06:16.527458 4153665 Sensor.h:87] Deconstructing Sensor
I1008 13:06:16.527582 4153665 Sensor.h:87] Deconstructing Sensor
I1008 13:06:16.528785 4153665 Sensor.h:87] Deconstructing Sensor
I1008 13:06:16.528959 4153665 Sensor.h:87] Deconstructing Sensor
I1008 13:06:16.529091 4153665 Sensor.h:87] Deconstructing Sensor
I1008 13:06:16.529210 4153665 Sensor.h:87] Deconstructing Sensor
I1008 13:06:16.529366 4153665 Sensor.h:87] Deconstructing Sensor
I1008 13:06:16.529520 4153665 Sensor.h:87] Deconstructing Sensor
I1008 13:06:16.529675 4153665 Sensor.h:87] Deconstructing Sensor
I1008 13:06:16.529837 4153665 Sensor.h:87] Deconstructing Sensor
I1008 13:06:16.529989 4153665 Sensor.h:87] Deconstructing Sensor
I1008 13:06:16.530143 4153665 Sensor.h:87] Deconstructing Sensor
I1008 13:06:16.530295 4153665 Sensor.h:87] Deconstructing Sensor
I1008 13:06:16.530448 4153665 Sensor.h:87] Deconstructing Sensor
I1008 13:06:16.530597 4153665 Sensor.h:87] Deconstructing Sensor
I1008 13:06:16.530759 4153665 Sensor.h:87] Deconstructing Sensor
I1008 13:06:16.530965 4153665 Sensor.h:87] Deconstructing Sensor
I1008 13:06:16.534863 4153665 Renderer.cpp:34] Deconstructing Renderer
I1008 13:06:16.534890 4153665 WindowlessContext.h:17] Deconstructing WindowlessContext
I1008 13:06:16.539692 4153665 MetadataMediator.cpp:56] MetadataMediator::setActiveSceneDatasetName : Old active dataset default changed to default successfully.
I1008 13:06:16.540952 4153665 AttributesManagerBase.h:283] AttributesManager<T>::createFromJsonOrDefaultInternal  (Physics Manager) : Proposing JSON name : ./data/default.physics_config.json from original name : ./data/default.physics_config.json | This file  does not exist.
I1008 13:06:16.540990 4153665 PhysicsAttributesManager.cpp:27] File (./data/default.physics_config.json) not found, so new default physics manager attributes created and registered.
I1008 13:06:16.540998 4153665 AbstractObjectAttributesManagerBase.h:175] AbstractObjectAttributesManager<T>::createObject  (Stage) : Making attributes with handle : data/scene_datasets/mp3d/8WUmhLawc2A/8WUmhLawc2A.glb
I1008 13:06:16.541002 4153665 ManagedContainerBase.cpp:19] ManagedContainerBase::convertFilenameToJSON : Filename : data/scene_datasets/mp3d/8WUmhLawc2A/8WUmhLawc2A.glb changed to proposed JSON configuration filename : data/scene_datasets/mp3d/8WUmhLawc2A/8WUmhLawc2A.stage_config.json
I1008 13:06:16.541019 4153665 AttributesManagerBase.h:283] AttributesManager<T>::createFromJsonOrDefaultInternal  (Stage) : Proposing JSON name : data/scene_datasets/mp3d/8WUmhLawc2A/8WUmhLawc2A.stage_config.json from original name : data/scene_datasets/mp3d/8WUmhLawc2A/8WUmhLawc2A.glb | This file  does not exist.
I1008 13:06:16.541074 4153665 AbstractObjectAttributesManagerBase.h:181] AbstractObjectAttributesManager<T>::createObject  (Stage) : Done making attributes with handle : data/scene_datasets/mp3d/8WUmhLawc2A/8WUmhLawc2A.glb
I1008 13:06:16.541077 4153665 AbstractObjectAttributesManagerBase.h:188] File (data/scene_datasets/mp3d/8WUmhLawc2A/8WUmhLawc2A.glb) exists but is not a recognized config filename extension, so new default Stage attributes created and registered.
I1008 13:06:16.541091 4153665 Simulator.cpp:156] Loading navmesh from data/scene_datasets/mp3d/8WUmhLawc2A/8WUmhLawc2A.navmesh
I1008 13:06:16.541234 4153665 Simulator.cpp:158] Loaded.
I1008 13:06:16.541242 4153665 SceneGraph.h:93] Created DrawableGroup: 
I1008 13:06:16.545389 4153665 ResourceManager.cpp:234] ResourceManager::loadStage : Not loading semantic mesh
I1008 13:06:16.545405 4153665 ResourceManager.cpp:262] ResourceManager::loadStage : start load render asset data/scene_datasets/mp3d/8WUmhLawc2A/8WUmhLawc2A.glb.
I1008 13:06:16.545408 4153665 ResourceManager.cpp:569] ResourceManager::loadStageInternal : Attempting to load stage data/scene_datasets/mp3d/8WUmhLawc2A/8WUmhLawc2A.glb 
I1008 13:06:16.545431 4153665 ResourceManager.cpp:1119] Importing Basis files as BC7 for 8WUmhLawc2A.glb
W1008 13:06:22.536568 4153665 Simulator.cpp:248] :
---
 The active scene does not contain semantic annotations. 
---
I1008 13:06:22.584162 4153665 simulator.py:213] Loaded navmesh data/scene_datasets/mp3d/8WUmhLawc2A/8WUmhLawc2A.navmesh
I1008 13:06:45.080811 4153665 PhysicsManager.cpp:33] Deconstructing PhysicsManager
I1008 13:06:45.080835 4153665 SemanticScene.h:41] Deconstructing SemanticScene
I1008 13:06:45.082545 4153665 SceneManager.h:25] Deconstructing SceneManager
I1008 13:06:45.082552 4153665 SceneGraph.h:26] Deconstructing SceneGraph
I1008 13:06:45.083614 4153665 Sensor.h:87] Deconstructing Sensor
I1008 13:06:45.083950 4153665 Sensor.h:87] Deconstructing Sensor
I1008 13:06:45.084076 4153665 Sensor.h:87] Deconstructing Sensor
I1008 13:06:45.084184 4153665 Sensor.h:87] Deconstructing Sensor
I1008 13:06:45.084285 4153665 Sensor.h:87] Deconstructing Sensor
I1008 13:06:45.084386 4153665 Sensor.h:87] Deconstructing Sensor
I1008 13:06:45.084494 4153665 Sensor.h:87] Deconstructing Sensor
I1008 13:06:45.084595 4153665 Sensor.h:87] Deconstructing Sensor
I1008 13:06:45.084710 4153665 Sensor.h:87] Deconstructing Sensor
I1008 13:06:45.084818 4153665 Sensor.h:87] Deconstructing Sensor
I1008 13:06:45.084932 4153665 Sensor.h:87] Deconstructing Sensor
I1008 13:06:45.085034 4153665 Sensor.h:87] Deconstructing Sensor
I1008 13:06:45.085135 4153665 Sensor.h:87] Deconstructing Sensor
I1008 13:06:45.085263 4153665 Sensor.h:87] Deconstructing Sensor
I1008 13:06:45.085398 4153665 Sensor.h:87] Deconstructing Sensor
I1008 13:06:45.085541 4153665 Sensor.h:87] Deconstructing Sensor
I1008 13:06:45.085680 4153665 Sensor.h:87] Deconstructing Sensor
I1008 13:06:45.085814 4153665 Sensor.h:87] Deconstructing Sensor
I1008 13:06:45.085945 4153665 Sensor.h:87] Deconstructing Sensor
I1008 13:06:45.086092 4153665 Sensor.h:87] Deconstructing Sensor
I1008 13:06:45.086222 4153665 Sensor.h:87] Deconstructing Sensor
I1008 13:06:45.086352 4153665 Sensor.h:87] Deconstructing Sensor
I1008 13:06:45.086489 4153665 Sensor.h:87] Deconstructing Sensor
I1008 13:06:45.086583 4153665 Sensor.h:87] Deconstructing Sensor
I1008 13:06:45.102643 4153665 Renderer.cpp:34] Deconstructing Renderer
I1008 13:06:45.102676 4153665 WindowlessContext.h:17] Deconstructing WindowlessContext
I1008 13:06:45.106230 4153665 MetadataMediator.cpp:56] MetadataMediator::setActiveSceneDatasetName : Old active dataset default changed to default successfully.
I1008 13:06:45.107180 4153665 AttributesManagerBase.h:283] AttributesManager<T>::createFromJsonOrDefaultInternal  (Physics Manager) : Proposing JSON name : ./data/default.physics_config.json from original name : ./data/default.physics_config.json | This file  does not exist.
I1008 13:06:45.107206 4153665 PhysicsAttributesManager.cpp:27] File (./data/default.physics_config.json) not found, so new default physics manager attributes created and registered.
I1008 13:06:45.107211 4153665 AbstractObjectAttributesManagerBase.h:175] AbstractObjectAttributesManager<T>::createObject  (Stage) : Making attributes with handle : data/scene_datasets/mp3d/s8pcmisQ38h/s8pcmisQ38h.glb
I1008 13:06:45.107223 4153665 ManagedContainerBase.cpp:19] ManagedContainerBase::convertFilenameToJSON : Filename : data/scene_datasets/mp3d/s8pcmisQ38h/s8pcmisQ38h.glb changed to proposed JSON configuration filename : data/scene_datasets/mp3d/s8pcmisQ38h/s8pcmisQ38h.stage_config.json
I1008 13:06:45.107240 4153665 AttributesManagerBase.h:283] AttributesManager<T>::createFromJsonOrDefaultInternal  (Stage) : Proposing JSON name : data/scene_datasets/mp3d/s8pcmisQ38h/s8pcmisQ38h.stage_config.json from original name : data/scene_datasets/mp3d/s8pcmisQ38h/s8pcmisQ38h.glb | This file  does not exist.
I1008 13:06:45.107280 4153665 AbstractObjectAttributesManagerBase.h:181] AbstractObjectAttributesManager<T>::createObject  (Stage) : Done making attributes with handle : data/scene_datasets/mp3d/s8pcmisQ38h/s8pcmisQ38h.glb
I1008 13:06:45.107281 4153665 AbstractObjectAttributesManagerBase.h:188] File (data/scene_datasets/mp3d/s8pcmisQ38h/s8pcmisQ38h.glb) exists but is not a recognized config filename extension, so new default Stage attributes created and registered.
I1008 13:06:45.107285 4153665 Simulator.cpp:156] Loading navmesh from data/scene_datasets/mp3d/s8pcmisQ38h/s8pcmisQ38h.navmesh
I1008 13:06:45.107389 4153665 Simulator.cpp:158] Loaded.
I1008 13:06:45.107394 4153665 SceneGraph.h:93] Created DrawableGroup: 
I1008 13:06:45.111021 4153665 ResourceManager.cpp:234] ResourceManager::loadStage : Not loading semantic mesh
I1008 13:06:45.111032 4153665 ResourceManager.cpp:262] ResourceManager::loadStage : start load render asset data/scene_datasets/mp3d/s8pcmisQ38h/s8pcmisQ38h.glb.
I1008 13:06:45.111033 4153665 ResourceManager.cpp:569] ResourceManager::loadStageInternal : Attempting to load stage data/scene_datasets/mp3d/s8pcmisQ38h/s8pcmisQ38h.glb 
I1008 13:06:45.111054 4153665 ResourceManager.cpp:1119] Importing Basis files as BC7 for s8pcmisQ38h.glb
W1008 13:06:46.434131 4153665 Simulator.cpp:248] :
---
 The active scene does not contain semantic annotations. 
---
I1008 13:06:46.469310 4153665 simulator.py:213] Loaded navmesh data/scene_datasets/mp3d/s8pcmisQ38h/s8pcmisQ38h.navmesh
I1008 13:07:02.301347 4153665 PhysicsManager.cpp:33] Deconstructing PhysicsManager
I1008 13:07:02.301370 4153665 SemanticScene.h:41] Deconstructing SemanticScene
I1008 13:07:02.303483 4153665 SceneManager.h:25] Deconstructing SceneManager
I1008 13:07:02.303495 4153665 SceneGraph.h:26] Deconstructing SceneGraph
I1008 13:07:02.304492 4153665 Sensor.h:87] Deconstructing Sensor
I1008 13:07:02.305333 4153665 Sensor.h:87] Deconstructing Sensor
I1008 13:07:02.305465 4153665 Sensor.h:87] Deconstructing Sensor
I1008 13:07:02.305594 4153665 Sensor.h:87] Deconstructing Sensor
I1008 13:07:02.305721 4153665 Sensor.h:87] Deconstructing Sensor
I1008 13:07:02.305872 4153665 Sensor.h:87] Deconstructing Sensor
I1008 13:07:02.305992 4153665 Sensor.h:87] Deconstructing Sensor
I1008 13:07:02.306109 4153665 Sensor.h:87] Deconstructing Sensor
I1008 13:07:02.306231 4153665 Sensor.h:87] Deconstructing Sensor
I1008 13:07:02.306336 4153665 Sensor.h:87] Deconstructing Sensor
I1008 13:07:02.306442 4153665 Sensor.h:87] Deconstructing Sensor
I1008 13:07:02.306546 4153665 Sensor.h:87] Deconstructing Sensor
I1008 13:07:02.306654 4153665 Sensor.h:87] Deconstructing Sensor
I1008 13:07:02.306797 4153665 Sensor.h:87] Deconstructing Sensor
I1008 13:07:02.307286 4153665 Sensor.h:87] Deconstructing Sensor
I1008 13:07:02.307463 4153665 Sensor.h:87] Deconstructing Sensor
I1008 13:07:02.307715 4153665 Sensor.h:87] Deconstructing Sensor
I1008 13:07:02.307857 4153665 Sensor.h:87] Deconstructing Sensor
I1008 13:07:02.307987 4153665 Sensor.h:87] Deconstructing Sensor
I1008 13:07:02.308115 4153665 Sensor.h:87] Deconstructing Sensor
I1008 13:07:02.308241 4153665 Sensor.h:87] Deconstructing Sensor
I1008 13:07:02.308368 4153665 Sensor.h:87] Deconstructing Sensor
I1008 13:07:02.308498 4153665 Sensor.h:87] Deconstructing Sensor
I1008 13:07:02.308667 4153665 Sensor.h:87] Deconstructing Sensor
I1008 13:07:02.310871 4153665 Renderer.cpp:34] Deconstructing Renderer
I1008 13:07:02.310885 4153665 WindowlessContext.h:17] Deconstructing WindowlessContext
I1008 13:07:02.314170 4153665 MetadataMediator.cpp:56] MetadataMediator::setActiveSceneDatasetName : Old active dataset default changed to default successfully.
I1008 13:07:02.314762 4153665 AttributesManagerBase.h:283] AttributesManager<T>::createFromJsonOrDefaultInternal  (Physics Manager) : Proposing JSON name : ./data/default.physics_config.json from original name : ./data/default.physics_config.json | This file  does not exist.
I1008 13:07:02.314785 4153665 PhysicsAttributesManager.cpp:27] File (./data/default.physics_config.json) not found, so new default physics manager attributes created and registered.
I1008 13:07:02.314790 4153665 AbstractObjectAttributesManagerBase.h:175] AbstractObjectAttributesManager<T>::createObject  (Stage) : Making attributes with handle : data/scene_datasets/mp3d/XcA2TqTSSAj/XcA2TqTSSAj.glb
I1008 13:07:02.314792 4153665 ManagedContainerBase.cpp:19] ManagedContainerBase::convertFilenameToJSON : Filename : data/scene_datasets/mp3d/XcA2TqTSSAj/XcA2TqTSSAj.glb changed to proposed JSON configuration filename : data/scene_datasets/mp3d/XcA2TqTSSAj/XcA2TqTSSAj.stage_config.json
I1008 13:07:02.314807 4153665 AttributesManagerBase.h:283] AttributesManager<T>::createFromJsonOrDefaultInternal  (Stage) : Proposing JSON name : data/scene_datasets/mp3d/XcA2TqTSSAj/XcA2TqTSSAj.stage_config.json from original name : data/scene_datasets/mp3d/XcA2TqTSSAj/XcA2TqTSSAj.glb | This file  does not exist.
I1008 13:07:02.314846 4153665 AbstractObjectAttributesManagerBase.h:181] AbstractObjectAttributesManager<T>::createObject  (Stage) : Done making attributes with handle : data/scene_datasets/mp3d/XcA2TqTSSAj/XcA2TqTSSAj.glb
I1008 13:07:02.314848 4153665 AbstractObjectAttributesManagerBase.h:188] File (data/scene_datasets/mp3d/XcA2TqTSSAj/XcA2TqTSSAj.glb) exists but is not a recognized config filename extension, so new default Stage attributes created and registered.
I1008 13:07:02.314851 4153665 Simulator.cpp:156] Loading navmesh from data/scene_datasets/mp3d/XcA2TqTSSAj/XcA2TqTSSAj.navmesh
I1008 13:07:02.315007 4153665 Simulator.cpp:158] Loaded.
I1008 13:07:02.315012 4153665 SceneGraph.h:93] Created DrawableGroup: 
I1008 13:07:02.318328 4153665 ResourceManager.cpp:234] ResourceManager::loadStage : Not loading semantic mesh
I1008 13:07:02.318336 4153665 ResourceManager.cpp:262] ResourceManager::loadStage : start load render asset data/scene_datasets/mp3d/XcA2TqTSSAj/XcA2TqTSSAj.glb.
I1008 13:07:02.318336 4153665 ResourceManager.cpp:569] ResourceManager::loadStageInternal : Attempting to load stage data/scene_datasets/mp3d/XcA2TqTSSAj/XcA2TqTSSAj.glb 
I1008 13:07:02.318353 4153665 ResourceManager.cpp:1119] Importing Basis files as BC7 for XcA2TqTSSAj.glb
W1008 13:07:03.522294 4153665 Simulator.cpp:248] :
---
 The active scene does not contain semantic annotations. 
---
I1008 13:07:03.572183 4153665 simulator.py:213] Loaded navmesh data/scene_datasets/mp3d/XcA2TqTSSAj/XcA2TqTSSAj.navmesh
I1008 13:07:06.377282 4153665 PhysicsManager.cpp:33] Deconstructing PhysicsManager
I1008 13:07:06.377308 4153665 SemanticScene.h:41] Deconstructing SemanticScene
I1008 13:07:06.380627 4153665 SceneManager.h:25] Deconstructing SceneManager
I1008 13:07:06.380638 4153665 SceneGraph.h:26] Deconstructing SceneGraph
I1008 13:07:06.381104 4153665 Sensor.h:87] Deconstructing Sensor
I1008 13:07:06.381417 4153665 Sensor.h:87] Deconstructing Sensor
I1008 13:07:06.381520 4153665 Sensor.h:87] Deconstructing Sensor
I1008 13:07:06.381628 4153665 Sensor.h:87] Deconstructing Sensor
I1008 13:07:06.381749 4153665 Sensor.h:87] Deconstructing Sensor
I1008 13:07:06.381850 4153665 Sensor.h:87] Deconstructing Sensor
I1008 13:07:06.381954 4153665 Sensor.h:87] Deconstructing Sensor
I1008 13:07:06.382053 4153665 Sensor.h:87] Deconstructing Sensor
I1008 13:07:06.382157 4153665 Sensor.h:87] Deconstructing Sensor
I1008 13:07:06.382256 4153665 Sensor.h:87] Deconstructing Sensor
I1008 13:07:06.382354 4153665 Sensor.h:87] Deconstructing Sensor
I1008 13:07:06.382475 4153665 Sensor.h:87] Deconstructing Sensor
I1008 13:07:06.382586 4153665 Sensor.h:87] Deconstructing Sensor
I1008 13:07:06.382714 4153665 Sensor.h:87] Deconstructing Sensor
I1008 13:07:06.382843 4153665 Sensor.h:87] Deconstructing Sensor
I1008 13:07:06.382966 4153665 Sensor.h:87] Deconstructing Sensor
I1008 13:07:06.383090 4153665 Sensor.h:87] Deconstructing Sensor
I1008 13:07:06.383213 4153665 Sensor.h:87] Deconstructing Sensor
I1008 13:07:06.383335 4153665 Sensor.h:87] Deconstructing Sensor
I1008 13:07:06.383459 4153665 Sensor.h:87] Deconstructing Sensor
I1008 13:07:06.383585 4153665 Sensor.h:87] Deconstructing Sensor
I1008 13:07:06.383711 4153665 Sensor.h:87] Deconstructing Sensor
I1008 13:07:06.383841 4153665 Sensor.h:87] Deconstructing Sensor
I1008 13:07:06.383916 4153665 Sensor.h:87] Deconstructing Sensor
I1008 13:07:06.387514 4153665 Renderer.cpp:34] Deconstructing Renderer
I1008 13:07:06.387529 4153665 WindowlessContext.h:17] Deconstructing WindowlessContext
I1008 13:07:06.390509 4153665 MetadataMediator.cpp:56] MetadataMediator::setActiveSceneDatasetName : Old active dataset default changed to default successfully.
I1008 13:07:06.391208 4153665 AttributesManagerBase.h:283] AttributesManager<T>::createFromJsonOrDefaultInternal  (Physics Manager) : Proposing JSON name : ./data/default.physics_config.json from original name : ./data/default.physics_config.json | This file  does not exist.
I1008 13:07:06.391232 4153665 PhysicsAttributesManager.cpp:27] File (./data/default.physics_config.json) not found, so new default physics manager attributes created and registered.
I1008 13:07:06.391237 4153665 AbstractObjectAttributesManagerBase.h:175] AbstractObjectAttributesManager<T>::createObject  (Stage) : Making attributes with handle : data/scene_datasets/mp3d/ZMojNkEp431/ZMojNkEp431.glb
I1008 13:07:06.391239 4153665 ManagedContainerBase.cpp:19] ManagedContainerBase::convertFilenameToJSON : Filename : data/scene_datasets/mp3d/ZMojNkEp431/ZMojNkEp431.glb changed to proposed JSON configuration filename : data/scene_datasets/mp3d/ZMojNkEp431/ZMojNkEp431.stage_config.json
I1008 13:07:06.391253 4153665 AttributesManagerBase.h:283] AttributesManager<T>::createFromJsonOrDefaultInternal  (Stage) : Proposing JSON name : data/scene_datasets/mp3d/ZMojNkEp431/ZMojNkEp431.stage_config.json from original name : data/scene_datasets/mp3d/ZMojNkEp431/ZMojNkEp431.glb | This file  does not exist.
I1008 13:07:06.391297 4153665 AbstractObjectAttributesManagerBase.h:181] AbstractObjectAttributesManager<T>::createObject  (Stage) : Done making attributes with handle : data/scene_datasets/mp3d/ZMojNkEp431/ZMojNkEp431.glb
I1008 13:07:06.391299 4153665 AbstractObjectAttributesManagerBase.h:188] File (data/scene_datasets/mp3d/ZMojNkEp431/ZMojNkEp431.glb) exists but is not a recognized config filename extension, so new default Stage attributes created and registered.
I1008 13:07:06.391301 4153665 Simulator.cpp:156] Loading navmesh from data/scene_datasets/mp3d/ZMojNkEp431/ZMojNkEp431.navmesh
I1008 13:07:06.391431 4153665 Simulator.cpp:158] Loaded.
I1008 13:07:06.391438 4153665 SceneGraph.h:93] Created DrawableGroup: 
I1008 13:07:06.395008 4153665 ResourceManager.cpp:234] ResourceManager::loadStage : Not loading semantic mesh
I1008 13:07:06.395017 4153665 ResourceManager.cpp:262] ResourceManager::loadStage : start load render asset data/scene_datasets/mp3d/ZMojNkEp431/ZMojNkEp431.glb.
I1008 13:07:06.395018 4153665 ResourceManager.cpp:569] ResourceManager::loadStageInternal : Attempting to load stage data/scene_datasets/mp3d/ZMojNkEp431/ZMojNkEp431.glb 
I1008 13:07:06.395035 4153665 ResourceManager.cpp:1119] Importing Basis files as BC7 for ZMojNkEp431.glb
W1008 13:07:07.738385 4153665 Simulator.cpp:248] :
---
 The active scene does not contain semantic annotations. 
---
I1008 13:07:07.782349 4153665 simulator.py:213] Loaded navmesh data/scene_datasets/mp3d/ZMojNkEp431/ZMojNkEp431.navmesh
I1008 13:07:09.962083 4153665 PhysicsManager.cpp:33] Deconstructing PhysicsManager
I1008 13:07:09.962106 4153665 SemanticScene.h:41] Deconstructing SemanticScene
I1008 13:07:09.963990 4153665 SceneManager.h:25] Deconstructing SceneManager
I1008 13:07:09.964017 4153665 SceneGraph.h:26] Deconstructing SceneGraph
I1008 13:07:09.964371 4153665 Sensor.h:87] Deconstructing Sensor
I1008 13:07:09.964947 4153665 Sensor.h:87] Deconstructing Sensor
I1008 13:07:09.965060 4153665 Sensor.h:87] Deconstructing Sensor
I1008 13:07:09.965169 4153665 Sensor.h:87] Deconstructing Sensor
I1008 13:07:09.965272 4153665 Sensor.h:87] Deconstructing Sensor
I1008 13:07:09.965373 4153665 Sensor.h:87] Deconstructing Sensor
I1008 13:07:09.965477 4153665 Sensor.h:87] Deconstructing Sensor
I1008 13:07:09.965575 4153665 Sensor.h:87] Deconstructing Sensor
I1008 13:07:09.965687 4153665 Sensor.h:87] Deconstructing Sensor
I1008 13:07:09.965787 4153665 Sensor.h:87] Deconstructing Sensor
I1008 13:07:09.965889 4153665 Sensor.h:87] Deconstructing Sensor
I1008 13:07:09.965991 4153665 Sensor.h:87] Deconstructing Sensor
I1008 13:07:09.966092 4153665 Sensor.h:87] Deconstructing Sensor
I1008 13:07:09.966228 4153665 Sensor.h:87] Deconstructing Sensor
I1008 13:07:09.966361 4153665 Sensor.h:87] Deconstructing Sensor
I1008 13:07:09.966487 4153665 Sensor.h:87] Deconstructing Sensor
I1008 13:07:09.966616 4153665 Sensor.h:87] Deconstructing Sensor
I1008 13:07:09.966745 4153665 Sensor.h:87] Deconstructing Sensor
I1008 13:07:09.966868 4153665 Sensor.h:87] Deconstructing Sensor
I1008 13:07:09.967000 4153665 Sensor.h:87] Deconstructing Sensor
I1008 13:07:09.967123 4153665 Sensor.h:87] Deconstructing Sensor
I1008 13:07:09.967248 4153665 Sensor.h:87] Deconstructing Sensor
I1008 13:07:09.967376 4153665 Sensor.h:87] Deconstructing Sensor
I1008 13:07:09.967458 4153665 Sensor.h:87] Deconstructing Sensor
I1008 13:07:09.971412 4153665 Renderer.cpp:34] Deconstructing Renderer
I1008 13:07:09.971431 4153665 WindowlessContext.h:17] Deconstructing WindowlessContext
I1008 13:07:09.975034 4153665 MetadataMediator.cpp:56] MetadataMediator::setActiveSceneDatasetName : Old active dataset default changed to default successfully.
I1008 13:07:09.976076 4153665 AttributesManagerBase.h:283] AttributesManager<T>::createFromJsonOrDefaultInternal  (Physics Manager) : Proposing JSON name : ./data/default.physics_config.json from original name : ./data/default.physics_config.json | This file  does not exist.
I1008 13:07:09.976116 4153665 PhysicsAttributesManager.cpp:27] File (./data/default.physics_config.json) not found, so new default physics manager attributes created and registered.
I1008 13:07:09.976123 4153665 AbstractObjectAttributesManagerBase.h:175] AbstractObjectAttributesManager<T>::createObject  (Stage) : Making attributes with handle : data/scene_datasets/mp3d/dhjEzFoUFzH/dhjEzFoUFzH.glb
I1008 13:07:09.976127 4153665 ManagedContainerBase.cpp:19] ManagedContainerBase::convertFilenameToJSON : Filename : data/scene_datasets/mp3d/dhjEzFoUFzH/dhjEzFoUFzH.glb changed to proposed JSON configuration filename : data/scene_datasets/mp3d/dhjEzFoUFzH/dhjEzFoUFzH.stage_config.json
I1008 13:07:09.976148 4153665 AttributesManagerBase.h:283] AttributesManager<T>::createFromJsonOrDefaultInternal  (Stage) : Proposing JSON name : data/scene_datasets/mp3d/dhjEzFoUFzH/dhjEzFoUFzH.stage_config.json from original name : data/scene_datasets/mp3d/dhjEzFoUFzH/dhjEzFoUFzH.glb | This file  does not exist.
I1008 13:07:09.976202 4153665 AbstractObjectAttributesManagerBase.h:181] AbstractObjectAttributesManager<T>::createObject  (Stage) : Done making attributes with handle : data/scene_datasets/mp3d/dhjEzFoUFzH/dhjEzFoUFzH.glb
I1008 13:07:09.976204 4153665 AbstractObjectAttributesManagerBase.h:188] File (data/scene_datasets/mp3d/dhjEzFoUFzH/dhjEzFoUFzH.glb) exists but is not a recognized config filename extension, so new default Stage attributes created and registered.
I1008 13:07:09.976209 4153665 Simulator.cpp:156] Loading navmesh from data/scene_datasets/mp3d/dhjEzFoUFzH/dhjEzFoUFzH.navmesh
I1008 13:07:09.976608 4153665 Simulator.cpp:158] Loaded.
I1008 13:07:09.976615 4153665 SceneGraph.h:93] Created DrawableGroup: 
I1008 13:07:09.982486 4153665 ResourceManager.cpp:234] ResourceManager::loadStage : Not loading semantic mesh
I1008 13:07:09.982504 4153665 ResourceManager.cpp:262] ResourceManager::loadStage : start load render asset data/scene_datasets/mp3d/dhjEzFoUFzH/dhjEzFoUFzH.glb.
I1008 13:07:09.982506 4153665 ResourceManager.cpp:569] ResourceManager::loadStageInternal : Attempting to load stage data/scene_datasets/mp3d/dhjEzFoUFzH/dhjEzFoUFzH.glb 
I1008 13:07:09.982528 4153665 ResourceManager.cpp:1119] Importing Basis files as BC7 for dhjEzFoUFzH.glb
W1008 13:07:16.324414 4153665 Simulator.cpp:248] :
---
 The active scene does not contain semantic annotations. 
---
I1008 13:07:16.342950 4153665 simulator.py:213] Loaded navmesh data/scene_datasets/mp3d/dhjEzFoUFzH/dhjEzFoUFzH.navmesh
I1008 13:08:44.401472 4153665 PhysicsManager.cpp:33] Deconstructing PhysicsManager
I1008 13:08:44.401500 4153665 SemanticScene.h:41] Deconstructing SemanticScene
I1008 13:08:44.402491 4153665 SceneManager.h:25] Deconstructing SceneManager
I1008 13:08:44.402496 4153665 SceneGraph.h:26] Deconstructing SceneGraph
I1008 13:08:44.403194 4153665 Sensor.h:87] Deconstructing Sensor
I1008 13:08:44.403568 4153665 Sensor.h:87] Deconstructing Sensor
I1008 13:08:44.403967 4153665 Sensor.h:87] Deconstructing Sensor
I1008 13:08:44.404101 4153665 Sensor.h:87] Deconstructing Sensor
I1008 13:08:44.404222 4153665 Sensor.h:87] Deconstructing Sensor
I1008 13:08:44.404335 4153665 Sensor.h:87] Deconstructing Sensor
I1008 13:08:44.404453 4153665 Sensor.h:87] Deconstructing Sensor
I1008 13:08:44.404567 4153665 Sensor.h:87] Deconstructing Sensor
I1008 13:08:44.404685 4153665 Sensor.h:87] Deconstructing Sensor
I1008 13:08:44.404789 4153665 Sensor.h:87] Deconstructing Sensor
I1008 13:08:44.404894 4153665 Sensor.h:87] Deconstructing Sensor
I1008 13:08:44.405001 4153665 Sensor.h:87] Deconstructing Sensor
I1008 13:08:44.405105 4153665 Sensor.h:87] Deconstructing Sensor
I1008 13:08:44.405233 4153665 Sensor.h:87] Deconstructing Sensor
I1008 13:08:44.405364 4153665 Sensor.h:87] Deconstructing Sensor
I1008 13:08:44.405488 4153665 Sensor.h:87] Deconstructing Sensor
I1008 13:08:44.405618 4153665 Sensor.h:87] Deconstructing Sensor
I1008 13:08:44.405751 4153665 Sensor.h:87] Deconstructing Sensor
I1008 13:08:44.405891 4153665 Sensor.h:87] Deconstructing Sensor
I1008 13:08:44.406028 4153665 Sensor.h:87] Deconstructing Sensor
I1008 13:08:44.406157 4153665 Sensor.h:87] Deconstructing Sensor
I1008 13:08:44.406289 4153665 Sensor.h:87] Deconstructing Sensor
I1008 13:08:44.406432 4153665 Sensor.h:87] Deconstructing Sensor
I1008 13:08:44.406540 4153665 Sensor.h:87] Deconstructing Sensor
I1008 13:08:44.417207 4153665 Renderer.cpp:34] Deconstructing Renderer
I1008 13:08:44.417254 4153665 WindowlessContext.h:17] Deconstructing WindowlessContext
I1008 13:08:44.431012 4153665 MetadataMediator.cpp:56] MetadataMediator::setActiveSceneDatasetName : Old active dataset default changed to default successfully.
I1008 13:08:44.432458 4153665 AttributesManagerBase.h:283] AttributesManager<T>::createFromJsonOrDefaultInternal  (Physics Manager) : Proposing JSON name : ./data/default.physics_config.json from original name : ./data/default.physics_config.json | This file  does not exist.
I1008 13:08:44.432492 4153665 PhysicsAttributesManager.cpp:27] File (./data/default.physics_config.json) not found, so new default physics manager attributes created and registered.
I1008 13:08:44.432498 4153665 AbstractObjectAttributesManagerBase.h:175] AbstractObjectAttributesManager<T>::createObject  (Stage) : Making attributes with handle : data/scene_datasets/mp3d/PuKPg4mmafe/PuKPg4mmafe.glb
I1008 13:08:44.432502 4153665 ManagedContainerBase.cpp:19] ManagedContainerBase::convertFilenameToJSON : Filename : data/scene_datasets/mp3d/PuKPg4mmafe/PuKPg4mmafe.glb changed to proposed JSON configuration filename : data/scene_datasets/mp3d/PuKPg4mmafe/PuKPg4mmafe.stage_config.json
I1008 13:08:44.432520 4153665 AttributesManagerBase.h:283] AttributesManager<T>::createFromJsonOrDefaultInternal  (Stage) : Proposing JSON name : data/scene_datasets/mp3d/PuKPg4mmafe/PuKPg4mmafe.stage_config.json from original name : data/scene_datasets/mp3d/PuKPg4mmafe/PuKPg4mmafe.glb | This file  does not exist.
I1008 13:08:44.432579 4153665 AbstractObjectAttributesManagerBase.h:181] AbstractObjectAttributesManager<T>::createObject  (Stage) : Done making attributes with handle : data/scene_datasets/mp3d/PuKPg4mmafe/PuKPg4mmafe.glb
I1008 13:08:44.432580 4153665 AbstractObjectAttributesManagerBase.h:188] File (data/scene_datasets/mp3d/PuKPg4mmafe/PuKPg4mmafe.glb) exists but is not a recognized config filename extension, so new default Stage attributes created and registered.
I1008 13:08:44.432583 4153665 Simulator.cpp:156] Loading navmesh from data/scene_datasets/mp3d/PuKPg4mmafe/PuKPg4mmafe.navmesh
I1008 13:08:44.432958 4153665 Simulator.cpp:158] Loaded.
I1008 13:08:44.432965 4153665 SceneGraph.h:93] Created DrawableGroup: 
I1008 13:08:44.437438 4153665 ResourceManager.cpp:234] ResourceManager::loadStage : Not loading semantic mesh
I1008 13:08:44.437461 4153665 ResourceManager.cpp:262] ResourceManager::loadStage : start load render asset data/scene_datasets/mp3d/PuKPg4mmafe/PuKPg4mmafe.glb.
I1008 13:08:44.437463 4153665 ResourceManager.cpp:569] ResourceManager::loadStageInternal : Attempting to load stage data/scene_datasets/mp3d/PuKPg4mmafe/PuKPg4mmafe.glb 
I1008 13:08:44.437497 4153665 ResourceManager.cpp:1119] Importing Basis files as BC7 for PuKPg4mmafe.glb
W1008 13:08:47.711304 4153665 Simulator.cpp:248] :
---
 The active scene does not contain semantic annotations. 
---
I1008 13:08:47.732646 4153665 simulator.py:213] Loaded navmesh data/scene_datasets/mp3d/PuKPg4mmafe/PuKPg4mmafe.navmesh
I1008 13:08:56.597751 4153665 PhysicsManager.cpp:33] Deconstructing PhysicsManager
I1008 13:08:56.597780 4153665 SemanticScene.h:41] Deconstructing SemanticScene
I1008 13:08:56.599150 4153665 SceneManager.h:25] Deconstructing SceneManager
I1008 13:08:56.599156 4153665 SceneGraph.h:26] Deconstructing SceneGraph
I1008 13:08:56.599545 4153665 Sensor.h:87] Deconstructing Sensor
I1008 13:08:56.599951 4153665 Sensor.h:87] Deconstructing Sensor
I1008 13:08:56.600062 4153665 Sensor.h:87] Deconstructing Sensor
I1008 13:08:56.600230 4153665 Sensor.h:87] Deconstructing Sensor
I1008 13:08:56.600344 4153665 Sensor.h:87] Deconstructing Sensor
I1008 13:08:56.600445 4153665 Sensor.h:87] Deconstructing Sensor
I1008 13:08:56.600556 4153665 Sensor.h:87] Deconstructing Sensor
I1008 13:08:56.600656 4153665 Sensor.h:87] Deconstructing Sensor
I1008 13:08:56.600765 4153665 Sensor.h:87] Deconstructing Sensor
I1008 13:08:56.600867 4153665 Sensor.h:87] Deconstructing Sensor
I1008 13:08:56.600970 4153665 Sensor.h:87] Deconstructing Sensor
I1008 13:08:56.601074 4153665 Sensor.h:87] Deconstructing Sensor
I1008 13:08:56.601174 4153665 Sensor.h:87] Deconstructing Sensor
I1008 13:08:56.601303 4153665 Sensor.h:87] Deconstructing Sensor
I1008 13:08:56.601435 4153665 Sensor.h:87] Deconstructing Sensor
I1008 13:08:56.601559 4153665 Sensor.h:87] Deconstructing Sensor
I1008 13:08:56.601693 4153665 Sensor.h:87] Deconstructing Sensor
I1008 13:08:56.601817 4153665 Sensor.h:87] Deconstructing Sensor
I1008 13:08:56.601940 4153665 Sensor.h:87] Deconstructing Sensor
I1008 13:08:56.602061 4153665 Sensor.h:87] Deconstructing Sensor
I1008 13:08:56.602190 4153665 Sensor.h:87] Deconstructing Sensor
I1008 13:08:56.602310 4153665 Sensor.h:87] Deconstructing Sensor
I1008 13:08:56.602439 4153665 Sensor.h:87] Deconstructing Sensor
I1008 13:08:56.602517 4153665 Sensor.h:87] Deconstructing Sensor
I1008 13:08:56.606840 4153665 Renderer.cpp:34] Deconstructing Renderer
I1008 13:08:56.606864 4153665 WindowlessContext.h:17] Deconstructing WindowlessContext
I1008 13:08:56.613039 4153665 MetadataMediator.cpp:56] MetadataMediator::setActiveSceneDatasetName : Old active dataset default changed to default successfully.
I1008 13:08:56.615940 4153665 AttributesManagerBase.h:283] AttributesManager<T>::createFromJsonOrDefaultInternal  (Physics Manager) : Proposing JSON name : ./data/default.physics_config.json from original name : ./data/default.physics_config.json | This file  does not exist.
I1008 13:08:56.615983 4153665 PhysicsAttributesManager.cpp:27] File (./data/default.physics_config.json) not found, so new default physics manager attributes created and registered.
I1008 13:08:56.616000 4153665 AbstractObjectAttributesManagerBase.h:175] AbstractObjectAttributesManager<T>::createObject  (Stage) : Making attributes with handle : data/scene_datasets/mp3d/1pXnuDYAj8r/1pXnuDYAj8r.glb
I1008 13:08:56.616003 4153665 ManagedContainerBase.cpp:19] ManagedContainerBase::convertFilenameToJSON : Filename : data/scene_datasets/mp3d/1pXnuDYAj8r/1pXnuDYAj8r.glb changed to proposed JSON configuration filename : data/scene_datasets/mp3d/1pXnuDYAj8r/1pXnuDYAj8r.stage_config.json
I1008 13:08:56.616022 4153665 AttributesManagerBase.h:283] AttributesManager<T>::createFromJsonOrDefaultInternal  (Stage) : Proposing JSON name : data/scene_datasets/mp3d/1pXnuDYAj8r/1pXnuDYAj8r.stage_config.json from original name : data/scene_datasets/mp3d/1pXnuDYAj8r/1pXnuDYAj8r.glb | This file  does not exist.
I1008 13:08:56.616070 4153665 AbstractObjectAttributesManagerBase.h:181] AbstractObjectAttributesManager<T>::createObject  (Stage) : Done making attributes with handle : data/scene_datasets/mp3d/1pXnuDYAj8r/1pXnuDYAj8r.glb
I1008 13:08:56.616070 4153665 AbstractObjectAttributesManagerBase.h:188] File (data/scene_datasets/mp3d/1pXnuDYAj8r/1pXnuDYAj8r.glb) exists but is not a recognized config filename extension, so new default Stage attributes created and registered.
I1008 13:08:56.616074 4153665 Simulator.cpp:156] Loading navmesh from data/scene_datasets/mp3d/1pXnuDYAj8r/1pXnuDYAj8r.navmesh
I1008 13:08:56.616269 4153665 Simulator.cpp:158] Loaded.
I1008 13:08:56.616276 4153665 SceneGraph.h:93] Created DrawableGroup: 
I1008 13:08:56.619967 4153665 ResourceManager.cpp:234] ResourceManager::loadStage : Not loading semantic mesh
I1008 13:08:56.619977 4153665 ResourceManager.cpp:262] ResourceManager::loadStage : start load render asset data/scene_datasets/mp3d/1pXnuDYAj8r/1pXnuDYAj8r.glb.
I1008 13:08:56.619979 4153665 ResourceManager.cpp:569] ResourceManager::loadStageInternal : Attempting to load stage data/scene_datasets/mp3d/1pXnuDYAj8r/1pXnuDYAj8r.glb 
I1008 13:08:56.620002 4153665 ResourceManager.cpp:1119] Importing Basis files as BC7 for 1pXnuDYAj8r.glb
W1008 13:09:01.320449 4153665 Simulator.cpp:248] :
---
 The active scene does not contain semantic annotations. 
---
I1008 13:09:01.401164 4153665 simulator.py:213] Loaded navmesh data/scene_datasets/mp3d/1pXnuDYAj8r/1pXnuDYAj8r.navmesh
I1008 13:09:18.087020 4153665 PhysicsManager.cpp:33] Deconstructing PhysicsManager
I1008 13:09:18.087114 4153665 SemanticScene.h:41] Deconstructing SemanticScene
I1008 13:09:18.091701 4153665 SceneManager.h:25] Deconstructing SceneManager
I1008 13:09:18.091722 4153665 SceneGraph.h:26] Deconstructing SceneGraph
I1008 13:09:18.092199 4153665 Sensor.h:87] Deconstructing Sensor
I1008 13:09:18.092576 4153665 Sensor.h:87] Deconstructing Sensor
I1008 13:09:18.092690 4153665 Sensor.h:87] Deconstructing Sensor
I1008 13:09:18.092805 4153665 Sensor.h:87] Deconstructing Sensor
I1008 13:09:18.092911 4153665 Sensor.h:87] Deconstructing Sensor
I1008 13:09:18.093011 4153665 Sensor.h:87] Deconstructing Sensor
I1008 13:09:18.093116 4153665 Sensor.h:87] Deconstructing Sensor
I1008 13:09:18.093222 4153665 Sensor.h:87] Deconstructing Sensor
I1008 13:09:18.093333 4153665 Sensor.h:87] Deconstructing Sensor
I1008 13:09:18.093442 4153665 Sensor.h:87] Deconstructing Sensor
I1008 13:09:18.093547 4153665 Sensor.h:87] Deconstructing Sensor
I1008 13:09:18.093657 4153665 Sensor.h:87] Deconstructing Sensor
I1008 13:09:18.093770 4153665 Sensor.h:87] Deconstructing Sensor
I1008 13:09:18.093909 4153665 Sensor.h:87] Deconstructing Sensor
I1008 13:09:18.094038 4153665 Sensor.h:87] Deconstructing Sensor
I1008 13:09:18.094163 4153665 Sensor.h:87] Deconstructing Sensor
I1008 13:09:18.094300 4153665 Sensor.h:87] Deconstructing Sensor
I1008 13:09:18.094429 4153665 Sensor.h:87] Deconstructing Sensor
I1008 13:09:18.094563 4153665 Sensor.h:87] Deconstructing Sensor
I1008 13:09:18.094695 4153665 Sensor.h:87] Deconstructing Sensor
I1008 13:09:18.094825 4153665 Sensor.h:87] Deconstructing Sensor
I1008 13:09:18.094969 4153665 Sensor.h:87] Deconstructing Sensor
I1008 13:09:18.095103 4153665 Sensor.h:87] Deconstructing Sensor
I1008 13:09:18.095202 4153665 Sensor.h:87] Deconstructing Sensor
I1008 13:09:18.100044 4153665 Renderer.cpp:34] Deconstructing Renderer
I1008 13:09:18.100071 4153665 WindowlessContext.h:17] Deconstructing WindowlessContext
I1008 13:09:18.105288 4153665 MetadataMediator.cpp:56] MetadataMediator::setActiveSceneDatasetName : Old active dataset default changed to default successfully.
I1008 13:09:18.106637 4153665 AttributesManagerBase.h:283] AttributesManager<T>::createFromJsonOrDefaultInternal  (Physics Manager) : Proposing JSON name : ./data/default.physics_config.json from original name : ./data/default.physics_config.json | This file  does not exist.
I1008 13:09:18.106673 4153665 PhysicsAttributesManager.cpp:27] File (./data/default.physics_config.json) not found, so new default physics manager attributes created and registered.
I1008 13:09:18.106678 4153665 AbstractObjectAttributesManagerBase.h:175] AbstractObjectAttributesManager<T>::createObject  (Stage) : Making attributes with handle : data/scene_datasets/mp3d/vyrNrziPKCB/vyrNrziPKCB.glb
I1008 13:09:18.106681 4153665 ManagedContainerBase.cpp:19] ManagedContainerBase::convertFilenameToJSON : Filename : data/scene_datasets/mp3d/vyrNrziPKCB/vyrNrziPKCB.glb changed to proposed JSON configuration filename : data/scene_datasets/mp3d/vyrNrziPKCB/vyrNrziPKCB.stage_config.json
I1008 13:09:18.106698 4153665 AttributesManagerBase.h:283] AttributesManager<T>::createFromJsonOrDefaultInternal  (Stage) : Proposing JSON name : data/scene_datasets/mp3d/vyrNrziPKCB/vyrNrziPKCB.stage_config.json from original name : data/scene_datasets/mp3d/vyrNrziPKCB/vyrNrziPKCB.glb | This file  does not exist.
I1008 13:09:18.106743 4153665 AbstractObjectAttributesManagerBase.h:181] AbstractObjectAttributesManager<T>::createObject  (Stage) : Done making attributes with handle : data/scene_datasets/mp3d/vyrNrziPKCB/vyrNrziPKCB.glb
I1008 13:09:18.106745 4153665 AbstractObjectAttributesManagerBase.h:188] File (data/scene_datasets/mp3d/vyrNrziPKCB/vyrNrziPKCB.glb) exists but is not a recognized config filename extension, so new default Stage attributes created and registered.
I1008 13:09:18.106748 4153665 Simulator.cpp:156] Loading navmesh from data/scene_datasets/mp3d/vyrNrziPKCB/vyrNrziPKCB.navmesh
I1008 13:09:18.107178 4153665 Simulator.cpp:158] Loaded.
I1008 13:09:18.107193 4153665 SceneGraph.h:93] Created DrawableGroup: 
I1008 13:09:18.111449 4153665 ResourceManager.cpp:234] ResourceManager::loadStage : Not loading semantic mesh
I1008 13:09:18.111466 4153665 ResourceManager.cpp:262] ResourceManager::loadStage : start load render asset data/scene_datasets/mp3d/vyrNrziPKCB/vyrNrziPKCB.glb.
I1008 13:09:18.111469 4153665 ResourceManager.cpp:569] ResourceManager::loadStageInternal : Attempting to load stage data/scene_datasets/mp3d/vyrNrziPKCB/vyrNrziPKCB.glb 
I1008 13:09:18.111497 4153665 ResourceManager.cpp:1119] Importing Basis files as BC7 for vyrNrziPKCB.glb
W1008 13:09:23.329427 4153665 Simulator.cpp:248] :
---
 The active scene does not contain semantic annotations. 
---
I1008 13:09:23.494255 4153665 simulator.py:213] Loaded navmesh data/scene_datasets/mp3d/vyrNrziPKCB/vyrNrziPKCB.navmesh
I1008 13:11:03.361541 4153665 PhysicsManager.cpp:33] Deconstructing PhysicsManager
I1008 13:11:03.361567 4153665 SemanticScene.h:41] Deconstructing SemanticScene
I1008 13:11:03.369310 4153665 SceneManager.h:25] Deconstructing SceneManager
I1008 13:11:03.369328 4153665 SceneGraph.h:26] Deconstructing SceneGraph
I1008 13:11:03.371443 4153665 Sensor.h:87] Deconstructing Sensor
I1008 13:11:03.374235 4153665 Sensor.h:87] Deconstructing Sensor
I1008 13:11:03.374403 4153665 Sensor.h:87] Deconstructing Sensor
I1008 13:11:03.374532 4153665 Sensor.h:87] Deconstructing Sensor
I1008 13:11:03.374650 4153665 Sensor.h:87] Deconstructing Sensor
I1008 13:11:03.375530 4153665 Sensor.h:87] Deconstructing Sensor
I1008 13:11:03.375658 4153665 Sensor.h:87] Deconstructing Sensor
I1008 13:11:03.376546 4153665 Sensor.h:87] Deconstructing Sensor
I1008 13:11:03.376694 4153665 Sensor.h:87] Deconstructing Sensor
I1008 13:11:03.376801 4153665 Sensor.h:87] Deconstructing Sensor
I1008 13:11:03.376909 4153665 Sensor.h:87] Deconstructing Sensor
I1008 13:11:03.377025 4153665 Sensor.h:87] Deconstructing Sensor
I1008 13:11:03.377565 4153665 Sensor.h:87] Deconstructing Sensor
I1008 13:11:03.377756 4153665 Sensor.h:87] Deconstructing Sensor
I1008 13:11:03.377923 4153665 Sensor.h:87] Deconstructing Sensor
I1008 13:11:03.378053 4153665 Sensor.h:87] Deconstructing Sensor
I1008 13:11:03.378187 4153665 Sensor.h:87] Deconstructing Sensor
I1008 13:11:03.378320 4153665 Sensor.h:87] Deconstructing Sensor
I1008 13:11:03.379801 4153665 Sensor.h:87] Deconstructing Sensor
I1008 13:11:03.379971 4153665 Sensor.h:87] Deconstructing Sensor
I1008 13:11:03.380108 4153665 Sensor.h:87] Deconstructing Sensor
I1008 13:11:03.380759 4153665 Sensor.h:87] Deconstructing Sensor
I1008 13:11:03.380951 4153665 Sensor.h:87] Deconstructing Sensor
I1008 13:11:03.381047 4153665 Sensor.h:87] Deconstructing Sensor
I1008 13:11:03.393200 4153665 Renderer.cpp:34] Deconstructing Renderer
I1008 13:11:03.393232 4153665 WindowlessContext.h:17] Deconstructing WindowlessContext
I1008 13:11:03.406711 4153665 MetadataMediator.cpp:56] MetadataMediator::setActiveSceneDatasetName : Old active dataset default changed to default successfully.
I1008 13:11:03.408429 4153665 AttributesManagerBase.h:283] AttributesManager<T>::createFromJsonOrDefaultInternal  (Physics Manager) : Proposing JSON name : ./data/default.physics_config.json from original name : ./data/default.physics_config.json | This file  does not exist.
I1008 13:11:03.408461 4153665 PhysicsAttributesManager.cpp:27] File (./data/default.physics_config.json) not found, so new default physics manager attributes created and registered.
I1008 13:11:03.408468 4153665 AbstractObjectAttributesManagerBase.h:175] AbstractObjectAttributesManager<T>::createObject  (Stage) : Making attributes with handle : data/scene_datasets/mp3d/E9uDoFAP3SH/E9uDoFAP3SH.glb
I1008 13:11:03.408470 4153665 ManagedContainerBase.cpp:19] ManagedContainerBase::convertFilenameToJSON : Filename : data/scene_datasets/mp3d/E9uDoFAP3SH/E9uDoFAP3SH.glb changed to proposed JSON configuration filename : data/scene_datasets/mp3d/E9uDoFAP3SH/E9uDoFAP3SH.stage_config.json
I1008 13:11:03.408488 4153665 AttributesManagerBase.h:283] AttributesManager<T>::createFromJsonOrDefaultInternal  (Stage) : Proposing JSON name : data/scene_datasets/mp3d/E9uDoFAP3SH/E9uDoFAP3SH.stage_config.json from original name : data/scene_datasets/mp3d/E9uDoFAP3SH/E9uDoFAP3SH.glb | This file  does not exist.
I1008 13:11:03.408537 4153665 AbstractObjectAttributesManagerBase.h:181] AbstractObjectAttributesManager<T>::createObject  (Stage) : Done making attributes with handle : data/scene_datasets/mp3d/E9uDoFAP3SH/E9uDoFAP3SH.glb
I1008 13:11:03.408538 4153665 AbstractObjectAttributesManagerBase.h:188] File (data/scene_datasets/mp3d/E9uDoFAP3SH/E9uDoFAP3SH.glb) exists but is not a recognized config filename extension, so new default Stage attributes created and registered.
I1008 13:11:03.408541 4153665 Simulator.cpp:156] Loading navmesh from data/scene_datasets/mp3d/E9uDoFAP3SH/E9uDoFAP3SH.navmesh
I1008 13:11:03.408929 4153665 Simulator.cpp:158] Loaded.
I1008 13:11:03.408938 4153665 SceneGraph.h:93] Created DrawableGroup: 
I1008 13:11:03.413080 4153665 ResourceManager.cpp:234] ResourceManager::loadStage : Not loading semantic mesh
I1008 13:11:03.413092 4153665 ResourceManager.cpp:262] ResourceManager::loadStage : start load render asset data/scene_datasets/mp3d/E9uDoFAP3SH/E9uDoFAP3SH.glb.
I1008 13:11:03.413094 4153665 ResourceManager.cpp:569] ResourceManager::loadStageInternal : Attempting to load stage data/scene_datasets/mp3d/E9uDoFAP3SH/E9uDoFAP3SH.glb 
I1008 13:11:03.413121 4153665 ResourceManager.cpp:1119] Importing Basis files as BC7 for E9uDoFAP3SH.glb
W1008 13:11:10.032853 4153665 Simulator.cpp:248] :
---
 The active scene does not contain semantic annotations. 
---
I1008 13:11:10.150124 4153665 simulator.py:213] Loaded navmesh data/scene_datasets/mp3d/E9uDoFAP3SH/E9uDoFAP3SH.navmesh
I1008 13:12:00.388404 4153665 PhysicsManager.cpp:33] Deconstructing PhysicsManager
I1008 13:12:00.388432 4153665 SemanticScene.h:41] Deconstructing SemanticScene
I1008 13:12:00.394025 4153665 SceneManager.h:25] Deconstructing SceneManager
I1008 13:12:00.394040 4153665 SceneGraph.h:26] Deconstructing SceneGraph
I1008 13:12:00.394688 4153665 Sensor.h:87] Deconstructing Sensor
I1008 13:12:00.395257 4153665 Sensor.h:87] Deconstructing Sensor
I1008 13:12:00.395371 4153665 Sensor.h:87] Deconstructing Sensor
I1008 13:12:00.395489 4153665 Sensor.h:87] Deconstructing Sensor
I1008 13:12:00.395593 4153665 Sensor.h:87] Deconstructing Sensor
I1008 13:12:00.395704 4153665 Sensor.h:87] Deconstructing Sensor
I1008 13:12:00.395859 4153665 Sensor.h:87] Deconstructing Sensor
I1008 13:12:00.395967 4153665 Sensor.h:87] Deconstructing Sensor
I1008 13:12:00.396075 4153665 Sensor.h:87] Deconstructing Sensor
I1008 13:12:00.396180 4153665 Sensor.h:87] Deconstructing Sensor
I1008 13:12:00.396282 4153665 Sensor.h:87] Deconstructing Sensor
I1008 13:12:00.396389 4153665 Sensor.h:87] Deconstructing Sensor
I1008 13:12:00.396493 4153665 Sensor.h:87] Deconstructing Sensor
I1008 13:12:00.396991 4153665 Sensor.h:87] Deconstructing Sensor
I1008 13:12:00.397174 4153665 Sensor.h:87] Deconstructing Sensor
I1008 13:12:00.397404 4153665 Sensor.h:87] Deconstructing Sensor
I1008 13:12:00.397545 4153665 Sensor.h:87] Deconstructing Sensor
I1008 13:12:00.397672 4153665 Sensor.h:87] Deconstructing Sensor
I1008 13:12:00.397823 4153665 Sensor.h:87] Deconstructing Sensor
I1008 13:12:00.397946 4153665 Sensor.h:87] Deconstructing Sensor
I1008 13:12:00.398069 4153665 Sensor.h:87] Deconstructing Sensor
I1008 13:12:00.398188 4153665 Sensor.h:87] Deconstructing Sensor
I1008 13:12:00.398313 4153665 Sensor.h:87] Deconstructing Sensor
I1008 13:12:00.398392 4153665 Sensor.h:87] Deconstructing Sensor
I1008 13:12:00.406443 4153665 Renderer.cpp:34] Deconstructing Renderer
I1008 13:12:00.406466 4153665 WindowlessContext.h:17] Deconstructing WindowlessContext
I1008 13:12:00.417294 4153665 MetadataMediator.cpp:56] MetadataMediator::setActiveSceneDatasetName : Old active dataset default changed to default successfully.
I1008 13:12:00.418766 4153665 AttributesManagerBase.h:283] AttributesManager<T>::createFromJsonOrDefaultInternal  (Physics Manager) : Proposing JSON name : ./data/default.physics_config.json from original name : ./data/default.physics_config.json | This file  does not exist.
I1008 13:12:00.418798 4153665 PhysicsAttributesManager.cpp:27] File (./data/default.physics_config.json) not found, so new default physics manager attributes created and registered.
I1008 13:12:00.418803 4153665 AbstractObjectAttributesManagerBase.h:175] AbstractObjectAttributesManager<T>::createObject  (Stage) : Making attributes with handle : data/scene_datasets/mp3d/PuKPg4mmafe/PuKPg4mmafe.glb
I1008 13:12:00.418807 4153665 ManagedContainerBase.cpp:19] ManagedContainerBase::convertFilenameToJSON : Filename : data/scene_datasets/mp3d/PuKPg4mmafe/PuKPg4mmafe.glb changed to proposed JSON configuration filename : data/scene_datasets/mp3d/PuKPg4mmafe/PuKPg4mmafe.stage_config.json
I1008 13:12:00.418823 4153665 AttributesManagerBase.h:283] AttributesManager<T>::createFromJsonOrDefaultInternal  (Stage) : Proposing JSON name : data/scene_datasets/mp3d/PuKPg4mmafe/PuKPg4mmafe.stage_config.json from original name : data/scene_datasets/mp3d/PuKPg4mmafe/PuKPg4mmafe.glb | This file  does not exist.
I1008 13:12:00.418864 4153665 AbstractObjectAttributesManagerBase.h:181] AbstractObjectAttributesManager<T>::createObject  (Stage) : Done making attributes with handle : data/scene_datasets/mp3d/PuKPg4mmafe/PuKPg4mmafe.glb
I1008 13:12:00.418865 4153665 AbstractObjectAttributesManagerBase.h:188] File (data/scene_datasets/mp3d/PuKPg4mmafe/PuKPg4mmafe.glb) exists but is not a recognized config filename extension, so new default Stage attributes created and registered.
I1008 13:12:00.418869 4153665 Simulator.cpp:156] Loading navmesh from data/scene_datasets/mp3d/PuKPg4mmafe/PuKPg4mmafe.navmesh
I1008 13:12:00.419176 4153665 Simulator.cpp:158] Loaded.
I1008 13:12:00.419183 4153665 SceneGraph.h:93] Created DrawableGroup: 
I1008 13:12:00.422595 4153665 ResourceManager.cpp:234] ResourceManager::loadStage : Not loading semantic mesh
I1008 13:12:00.422603 4153665 ResourceManager.cpp:262] ResourceManager::loadStage : start load render asset data/scene_datasets/mp3d/PuKPg4mmafe/PuKPg4mmafe.glb.
I1008 13:12:00.422605 4153665 ResourceManager.cpp:569] ResourceManager::loadStageInternal : Attempting to load stage data/scene_datasets/mp3d/PuKPg4mmafe/PuKPg4mmafe.glb 
I1008 13:12:00.422621 4153665 ResourceManager.cpp:1119] Importing Basis files as BC7 for PuKPg4mmafe.glb
W1008 13:12:03.333976 4153665 Simulator.cpp:248] :
---
 The active scene does not contain semantic annotations. 
---
I1008 13:12:03.351707 4153665 simulator.py:213] Loaded navmesh data/scene_datasets/mp3d/PuKPg4mmafe/PuKPg4mmafe.navmesh
I1008 13:12:17.551116 4153665 PhysicsManager.cpp:33] Deconstructing PhysicsManager
I1008 13:12:17.551152 4153665 SemanticScene.h:41] Deconstructing SemanticScene
I1008 13:12:17.553027 4153665 SceneManager.h:25] Deconstructing SceneManager
I1008 13:12:17.553040 4153665 SceneGraph.h:26] Deconstructing SceneGraph
I1008 13:12:17.553539 4153665 Sensor.h:87] Deconstructing Sensor
I1008 13:12:17.554647 4153665 Sensor.h:87] Deconstructing Sensor
I1008 13:12:17.554797 4153665 Sensor.h:87] Deconstructing Sensor
I1008 13:12:17.554939 4153665 Sensor.h:87] Deconstructing Sensor
I1008 13:12:17.555066 4153665 Sensor.h:87] Deconstructing Sensor
I1008 13:12:17.555193 4153665 Sensor.h:87] Deconstructing Sensor
I1008 13:12:17.555320 4153665 Sensor.h:87] Deconstructing Sensor
I1008 13:12:17.555442 4153665 Sensor.h:87] Deconstructing Sensor
I1008 13:12:17.555573 4153665 Sensor.h:87] Deconstructing Sensor
I1008 13:12:17.555708 4153665 Sensor.h:87] Deconstructing Sensor
I1008 13:12:17.555850 4153665 Sensor.h:87] Deconstructing Sensor
I1008 13:12:17.555987 4153665 Sensor.h:87] Deconstructing Sensor
I1008 13:12:17.556118 4153665 Sensor.h:87] Deconstructing Sensor
I1008 13:12:17.556313 4153665 Sensor.h:87] Deconstructing Sensor
I1008 13:12:17.556488 4153665 Sensor.h:87] Deconstructing Sensor
I1008 13:12:17.556640 4153665 Sensor.h:87] Deconstructing Sensor
I1008 13:12:17.556815 4153665 Sensor.h:87] Deconstructing Sensor
I1008 13:12:17.556977 4153665 Sensor.h:87] Deconstructing Sensor
I1008 13:12:17.557142 4153665 Sensor.h:87] Deconstructing Sensor
I1008 13:12:17.557312 4153665 Sensor.h:87] Deconstructing Sensor
I1008 13:12:17.557475 4153665 Sensor.h:87] Deconstructing Sensor
I1008 13:12:17.557633 4153665 Sensor.h:87] Deconstructing Sensor
I1008 13:12:17.557837 4153665 Sensor.h:87] Deconstructing Sensor
I1008 13:12:17.558059 4153665 Sensor.h:87] Deconstructing Sensor
I1008 13:12:17.570960 4153665 Renderer.cpp:34] Deconstructing Renderer
I1008 13:12:17.571002 4153665 WindowlessContext.h:17] Deconstructing WindowlessContext
I1008 13:12:17.578150 4153665 MetadataMediator.cpp:56] MetadataMediator::setActiveSceneDatasetName : Old active dataset default changed to default successfully.
I1008 13:12:17.579921 4153665 AttributesManagerBase.h:283] AttributesManager<T>::createFromJsonOrDefaultInternal  (Physics Manager) : Proposing JSON name : ./data/default.physics_config.json from original name : ./data/default.physics_config.json | This file  does not exist.
I1008 13:12:17.579964 4153665 PhysicsAttributesManager.cpp:27] File (./data/default.physics_config.json) not found, so new default physics manager attributes created and registered.
I1008 13:12:17.579973 4153665 AbstractObjectAttributesManagerBase.h:175] AbstractObjectAttributesManager<T>::createObject  (Stage) : Making attributes with handle : data/scene_datasets/mp3d/s8pcmisQ38h/s8pcmisQ38h.glb
I1008 13:12:17.579977 4153665 ManagedContainerBase.cpp:19] ManagedContainerBase::convertFilenameToJSON : Filename : data/scene_datasets/mp3d/s8pcmisQ38h/s8pcmisQ38h.glb changed to proposed JSON configuration filename : data/scene_datasets/mp3d/s8pcmisQ38h/s8pcmisQ38h.stage_config.json
I1008 13:12:17.580008 4153665 AttributesManagerBase.h:283] AttributesManager<T>::createFromJsonOrDefaultInternal  (Stage) : Proposing JSON name : data/scene_datasets/mp3d/s8pcmisQ38h/s8pcmisQ38h.stage_config.json from original name : data/scene_datasets/mp3d/s8pcmisQ38h/s8pcmisQ38h.glb | This file  does not exist.
I1008 13:12:17.580065 4153665 AbstractObjectAttributesManagerBase.h:181] AbstractObjectAttributesManager<T>::createObject  (Stage) : Done making attributes with handle : data/scene_datasets/mp3d/s8pcmisQ38h/s8pcmisQ38h.glb
I1008 13:12:17.580067 4153665 AbstractObjectAttributesManagerBase.h:188] File (data/scene_datasets/mp3d/s8pcmisQ38h/s8pcmisQ38h.glb) exists but is not a recognized config filename extension, so new default Stage attributes created and registered.
I1008 13:12:17.580071 4153665 Simulator.cpp:156] Loading navmesh from data/scene_datasets/mp3d/s8pcmisQ38h/s8pcmisQ38h.navmesh
I1008 13:12:17.580225 4153665 Simulator.cpp:158] Loaded.
I1008 13:12:17.580232 4153665 SceneGraph.h:93] Created DrawableGroup: 
I1008 13:12:17.584887 4153665 ResourceManager.cpp:234] ResourceManager::loadStage : Not loading semantic mesh
I1008 13:12:17.584906 4153665 ResourceManager.cpp:262] ResourceManager::loadStage : start load render asset data/scene_datasets/mp3d/s8pcmisQ38h/s8pcmisQ38h.glb.
I1008 13:12:17.584908 4153665 ResourceManager.cpp:569] ResourceManager::loadStageInternal : Attempting to load stage data/scene_datasets/mp3d/s8pcmisQ38h/s8pcmisQ38h.glb 
I1008 13:12:17.584936 4153665 ResourceManager.cpp:1119] Importing Basis files as BC7 for s8pcmisQ38h.glb
W1008 13:12:19.027774 4153665 Simulator.cpp:248] :
---
 The active scene does not contain semantic annotations. 
---
I1008 13:12:19.065634 4153665 simulator.py:213] Loaded navmesh data/scene_datasets/mp3d/s8pcmisQ38h/s8pcmisQ38h.navmesh
I1008 13:12:20.770435 4153665 PhysicsManager.cpp:33] Deconstructing PhysicsManager
I1008 13:12:20.770460 4153665 SemanticScene.h:41] Deconstructing SemanticScene
I1008 13:12:20.772673 4153665 SceneManager.h:25] Deconstructing SceneManager
I1008 13:12:20.772678 4153665 SceneGraph.h:26] Deconstructing SceneGraph
I1008 13:12:20.773036 4153665 Sensor.h:87] Deconstructing Sensor
I1008 13:12:20.773370 4153665 Sensor.h:87] Deconstructing Sensor
I1008 13:12:20.773474 4153665 Sensor.h:87] Deconstructing Sensor
I1008 13:12:20.773581 4153665 Sensor.h:87] Deconstructing Sensor
I1008 13:12:20.773687 4153665 Sensor.h:87] Deconstructing Sensor
I1008 13:12:20.773788 4153665 Sensor.h:87] Deconstructing Sensor
I1008 13:12:20.773891 4153665 Sensor.h:87] Deconstructing Sensor
I1008 13:12:20.773991 4153665 Sensor.h:87] Deconstructing Sensor
I1008 13:12:20.774098 4153665 Sensor.h:87] Deconstructing Sensor
I1008 13:12:20.774199 4153665 Sensor.h:87] Deconstructing Sensor
I1008 13:12:20.774298 4153665 Sensor.h:87] Deconstructing Sensor
I1008 13:12:20.774399 4153665 Sensor.h:87] Deconstructing Sensor
I1008 13:12:20.774499 4153665 Sensor.h:87] Deconstructing Sensor
I1008 13:12:20.774624 4153665 Sensor.h:87] Deconstructing Sensor
I1008 13:12:20.774756 4153665 Sensor.h:87] Deconstructing Sensor
I1008 13:12:20.774879 4153665 Sensor.h:87] Deconstructing Sensor
I1008 13:12:20.775007 4153665 Sensor.h:87] Deconstructing Sensor
I1008 13:12:20.775130 4153665 Sensor.h:87] Deconstructing Sensor
I1008 13:12:20.775264 4153665 Sensor.h:87] Deconstructing Sensor
I1008 13:12:20.775390 4153665 Sensor.h:87] Deconstructing Sensor
I1008 13:12:20.775514 4153665 Sensor.h:87] Deconstructing Sensor
I1008 13:12:20.775636 4153665 Sensor.h:87] Deconstructing Sensor
I1008 13:12:20.775769 4153665 Sensor.h:87] Deconstructing Sensor
I1008 13:12:20.775864 4153665 Sensor.h:87] Deconstructing Sensor
I1008 13:12:20.780405 4153665 Renderer.cpp:34] Deconstructing Renderer
I1008 13:12:20.780419 4153665 WindowlessContext.h:17] Deconstructing WindowlessContext
I1008 13:12:20.783685 4153665 MetadataMediator.cpp:56] MetadataMediator::setActiveSceneDatasetName : Old active dataset default changed to default successfully.
I1008 13:12:20.784364 4153665 AttributesManagerBase.h:283] AttributesManager<T>::createFromJsonOrDefaultInternal  (Physics Manager) : Proposing JSON name : ./data/default.physics_config.json from original name : ./data/default.physics_config.json | This file  does not exist.
I1008 13:12:20.784397 4153665 PhysicsAttributesManager.cpp:27] File (./data/default.physics_config.json) not found, so new default physics manager attributes created and registered.
I1008 13:12:20.784401 4153665 AbstractObjectAttributesManagerBase.h:175] AbstractObjectAttributesManager<T>::createObject  (Stage) : Making attributes with handle : data/scene_datasets/mp3d/XcA2TqTSSAj/XcA2TqTSSAj.glb
I1008 13:12:20.784404 4153665 ManagedContainerBase.cpp:19] ManagedContainerBase::convertFilenameToJSON : Filename : data/scene_datasets/mp3d/XcA2TqTSSAj/XcA2TqTSSAj.glb changed to proposed JSON configuration filename : data/scene_datasets/mp3d/XcA2TqTSSAj/XcA2TqTSSAj.stage_config.json
I1008 13:12:20.784421 4153665 AttributesManagerBase.h:283] AttributesManager<T>::createFromJsonOrDefaultInternal  (Stage) : Proposing JSON name : data/scene_datasets/mp3d/XcA2TqTSSAj/XcA2TqTSSAj.stage_config.json from original name : data/scene_datasets/mp3d/XcA2TqTSSAj/XcA2TqTSSAj.glb | This file  does not exist.
I1008 13:12:20.784461 4153665 AbstractObjectAttributesManagerBase.h:181] AbstractObjectAttributesManager<T>::createObject  (Stage) : Done making attributes with handle : data/scene_datasets/mp3d/XcA2TqTSSAj/XcA2TqTSSAj.glb
I1008 13:12:20.784463 4153665 AbstractObjectAttributesManagerBase.h:188] File (data/scene_datasets/mp3d/XcA2TqTSSAj/XcA2TqTSSAj.glb) exists but is not a recognized config filename extension, so new default Stage attributes created and registered.
I1008 13:12:20.784466 4153665 Simulator.cpp:156] Loading navmesh from data/scene_datasets/mp3d/XcA2TqTSSAj/XcA2TqTSSAj.navmesh
I1008 13:12:20.784634 4153665 Simulator.cpp:158] Loaded.
I1008 13:12:20.784641 4153665 SceneGraph.h:93] Created DrawableGroup: 
I1008 13:12:20.787947 4153665 ResourceManager.cpp:234] ResourceManager::loadStage : Not loading semantic mesh
I1008 13:12:20.787954 4153665 ResourceManager.cpp:262] ResourceManager::loadStage : start load render asset data/scene_datasets/mp3d/XcA2TqTSSAj/XcA2TqTSSAj.glb.
I1008 13:12:20.787956 4153665 ResourceManager.cpp:569] ResourceManager::loadStageInternal : Attempting to load stage data/scene_datasets/mp3d/XcA2TqTSSAj/XcA2TqTSSAj.glb 
I1008 13:12:20.787974 4153665 ResourceManager.cpp:1119] Importing Basis files as BC7 for XcA2TqTSSAj.glb
W1008 13:12:21.960646 4153665 Simulator.cpp:248] :
---
 The active scene does not contain semantic annotations. 
---
I1008 13:12:22.009957 4153665 simulator.py:213] Loaded navmesh data/scene_datasets/mp3d/XcA2TqTSSAj/XcA2TqTSSAj.navmesh
I1008 13:13:59.310854 4153665 PhysicsManager.cpp:33] Deconstructing PhysicsManager
I1008 13:13:59.310881 4153665 SemanticScene.h:41] Deconstructing SemanticScene
I1008 13:13:59.313508 4153665 SceneManager.h:25] Deconstructing SceneManager
I1008 13:13:59.313514 4153665 SceneGraph.h:26] Deconstructing SceneGraph
I1008 13:13:59.313881 4153665 Sensor.h:87] Deconstructing Sensor
I1008 13:13:59.314266 4153665 Sensor.h:87] Deconstructing Sensor
I1008 13:13:59.314373 4153665 Sensor.h:87] Deconstructing Sensor
I1008 13:13:59.314481 4153665 Sensor.h:87] Deconstructing Sensor
I1008 13:13:59.314584 4153665 Sensor.h:87] Deconstructing Sensor
I1008 13:13:59.314690 4153665 Sensor.h:87] Deconstructing Sensor
I1008 13:13:59.314795 4153665 Sensor.h:87] Deconstructing Sensor
I1008 13:13:59.314895 4153665 Sensor.h:87] Deconstructing Sensor
I1008 13:13:59.315080 4153665 Sensor.h:87] Deconstructing Sensor
I1008 13:13:59.315182 4153665 Sensor.h:87] Deconstructing Sensor
I1008 13:13:59.315282 4153665 Sensor.h:87] Deconstructing Sensor
I1008 13:13:59.315387 4153665 Sensor.h:87] Deconstructing Sensor
I1008 13:13:59.315487 4153665 Sensor.h:87] Deconstructing Sensor
I1008 13:13:59.315615 4153665 Sensor.h:87] Deconstructing Sensor
I1008 13:13:59.315749 4153665 Sensor.h:87] Deconstructing Sensor
I1008 13:13:59.315873 4153665 Sensor.h:87] Deconstructing Sensor
I1008 13:13:59.316015 4153665 Sensor.h:87] Deconstructing Sensor
I1008 13:13:59.316135 4153665 Sensor.h:87] Deconstructing Sensor
I1008 13:13:59.316262 4153665 Sensor.h:87] Deconstructing Sensor
I1008 13:13:59.316386 4153665 Sensor.h:87] Deconstructing Sensor
I1008 13:13:59.316510 4153665 Sensor.h:87] Deconstructing Sensor
I1008 13:13:59.316633 4153665 Sensor.h:87] Deconstructing Sensor
I1008 13:13:59.316768 4153665 Sensor.h:87] Deconstructing Sensor
I1008 13:13:59.316852 4153665 Sensor.h:87] Deconstructing Sensor
I1008 13:13:59.321058 4153665 Renderer.cpp:34] Deconstructing Renderer
I1008 13:13:59.321075 4153665 WindowlessContext.h:17] Deconstructing WindowlessContext
I1008 13:13:59.324033 4153665 MetadataMediator.cpp:56] MetadataMediator::setActiveSceneDatasetName : Old active dataset default changed to default successfully.
I1008 13:13:59.324707 4153665 AttributesManagerBase.h:283] AttributesManager<T>::createFromJsonOrDefaultInternal  (Physics Manager) : Proposing JSON name : ./data/default.physics_config.json from original name : ./data/default.physics_config.json | This file  does not exist.
I1008 13:13:59.324734 4153665 PhysicsAttributesManager.cpp:27] File (./data/default.physics_config.json) not found, so new default physics manager attributes created and registered.
I1008 13:13:59.324739 4153665 AbstractObjectAttributesManagerBase.h:175] AbstractObjectAttributesManager<T>::createObject  (Stage) : Making attributes with handle : data/scene_datasets/mp3d/B6ByNegPMKs/B6ByNegPMKs.glb
I1008 13:13:59.324743 4153665 ManagedContainerBase.cpp:19] ManagedContainerBase::convertFilenameToJSON : Filename : data/scene_datasets/mp3d/B6ByNegPMKs/B6ByNegPMKs.glb changed to proposed JSON configuration filename : data/scene_datasets/mp3d/B6ByNegPMKs/B6ByNegPMKs.stage_config.json
I1008 13:13:59.324761 4153665 AttributesManagerBase.h:283] AttributesManager<T>::createFromJsonOrDefaultInternal  (Stage) : Proposing JSON name : data/scene_datasets/mp3d/B6ByNegPMKs/B6ByNegPMKs.stage_config.json from original name : data/scene_datasets/mp3d/B6ByNegPMKs/B6ByNegPMKs.glb | This file  does not exist.
I1008 13:13:59.324810 4153665 AbstractObjectAttributesManagerBase.h:181] AbstractObjectAttributesManager<T>::createObject  (Stage) : Done making attributes with handle : data/scene_datasets/mp3d/B6ByNegPMKs/B6ByNegPMKs.glb
I1008 13:13:59.324811 4153665 AbstractObjectAttributesManagerBase.h:188] File (data/scene_datasets/mp3d/B6ByNegPMKs/B6ByNegPMKs.glb) exists but is not a recognized config filename extension, so new default Stage attributes created and registered.
I1008 13:13:59.324815 4153665 Simulator.cpp:156] Loading navmesh from data/scene_datasets/mp3d/B6ByNegPMKs/B6ByNegPMKs.navmesh
I1008 13:13:59.325239 4153665 Simulator.cpp:158] Loaded.
I1008 13:13:59.325245 4153665 SceneGraph.h:93] Created DrawableGroup: 
I1008 13:13:59.329047 4153665 ResourceManager.cpp:234] ResourceManager::loadStage : Not loading semantic mesh
I1008 13:13:59.329061 4153665 ResourceManager.cpp:262] ResourceManager::loadStage : start load render asset data/scene_datasets/mp3d/B6ByNegPMKs/B6ByNegPMKs.glb.
I1008 13:13:59.329062 4153665 ResourceManager.cpp:569] ResourceManager::loadStageInternal : Attempting to load stage data/scene_datasets/mp3d/B6ByNegPMKs/B6ByNegPMKs.glb 
I1008 13:13:59.329089 4153665 ResourceManager.cpp:1119] Importing Basis files as BC7 for B6ByNegPMKs.glb
W1008 13:14:05.077224 4153665 Simulator.cpp:248] :
---
 The active scene does not contain semantic annotations. 
---
I1008 13:14:05.279057 4153665 simulator.py:213] Loaded navmesh data/scene_datasets/mp3d/B6ByNegPMKs/B6ByNegPMKs.navmesh
I1008 13:14:12.802106 4153665 PhysicsManager.cpp:33] Deconstructing PhysicsManager
I1008 13:14:12.802132 4153665 SemanticScene.h:41] Deconstructing SemanticScene
I1008 13:14:12.813692 4153665 SceneManager.h:25] Deconstructing SceneManager
I1008 13:14:12.813714 4153665 SceneGraph.h:26] Deconstructing SceneGraph
I1008 13:14:12.814646 4153665 Sensor.h:87] Deconstructing Sensor
I1008 13:14:12.815056 4153665 Sensor.h:87] Deconstructing Sensor
I1008 13:14:12.815164 4153665 Sensor.h:87] Deconstructing Sensor
I1008 13:14:12.815305 4153665 Sensor.h:87] Deconstructing Sensor
I1008 13:14:12.815407 4153665 Sensor.h:87] Deconstructing Sensor
I1008 13:14:12.815503 4153665 Sensor.h:87] Deconstructing Sensor
I1008 13:14:12.815603 4153665 Sensor.h:87] Deconstructing Sensor
I1008 13:14:12.815704 4153665 Sensor.h:87] Deconstructing Sensor
I1008 13:14:12.815809 4153665 Sensor.h:87] Deconstructing Sensor
I1008 13:14:12.815907 4153665 Sensor.h:87] Deconstructing Sensor
I1008 13:14:12.816006 4153665 Sensor.h:87] Deconstructing Sensor
I1008 13:14:12.816105 4153665 Sensor.h:87] Deconstructing Sensor
I1008 13:14:12.816205 4153665 Sensor.h:87] Deconstructing Sensor
I1008 13:14:12.816329 4153665 Sensor.h:87] Deconstructing Sensor
I1008 13:14:12.816462 4153665 Sensor.h:87] Deconstructing Sensor
I1008 13:14:12.816582 4153665 Sensor.h:87] Deconstructing Sensor
I1008 13:14:12.816712 4153665 Sensor.h:87] Deconstructing Sensor
I1008 13:14:12.816833 4153665 Sensor.h:87] Deconstructing Sensor
I1008 13:14:12.816957 4153665 Sensor.h:87] Deconstructing Sensor
I1008 13:14:12.817077 4153665 Sensor.h:87] Deconstructing Sensor
I1008 13:14:12.817199 4153665 Sensor.h:87] Deconstructing Sensor
I1008 13:14:12.817317 4153665 Sensor.h:87] Deconstructing Sensor
I1008 13:14:12.817456 4153665 Sensor.h:87] Deconstructing Sensor
I1008 13:14:12.817533 4153665 Sensor.h:87] Deconstructing Sensor
I1008 13:14:12.839604 4153665 Renderer.cpp:34] Deconstructing Renderer
I1008 13:14:12.839638 4153665 WindowlessContext.h:17] Deconstructing WindowlessContext
I1008 13:14:12.852404 4153665 MetadataMediator.cpp:56] MetadataMediator::setActiveSceneDatasetName : Old active dataset default changed to default successfully.
I1008 13:14:12.854192 4153665 AttributesManagerBase.h:283] AttributesManager<T>::createFromJsonOrDefaultInternal  (Physics Manager) : Proposing JSON name : ./data/default.physics_config.json from original name : ./data/default.physics_config.json | This file  does not exist.
I1008 13:14:12.854225 4153665 PhysicsAttributesManager.cpp:27] File (./data/default.physics_config.json) not found, so new default physics manager attributes created and registered.
I1008 13:14:12.854231 4153665 AbstractObjectAttributesManagerBase.h:175] AbstractObjectAttributesManager<T>::createObject  (Stage) : Making attributes with handle : data/scene_datasets/mp3d/e9zR4mvMWw7/e9zR4mvMWw7.glb
I1008 13:14:12.854234 4153665 ManagedContainerBase.cpp:19] ManagedContainerBase::convertFilenameToJSON : Filename : data/scene_datasets/mp3d/e9zR4mvMWw7/e9zR4mvMWw7.glb changed to proposed JSON configuration filename : data/scene_datasets/mp3d/e9zR4mvMWw7/e9zR4mvMWw7.stage_config.json
I1008 13:14:12.854252 4153665 AttributesManagerBase.h:283] AttributesManager<T>::createFromJsonOrDefaultInternal  (Stage) : Proposing JSON name : data/scene_datasets/mp3d/e9zR4mvMWw7/e9zR4mvMWw7.stage_config.json from original name : data/scene_datasets/mp3d/e9zR4mvMWw7/e9zR4mvMWw7.glb | This file  does not exist.
I1008 13:14:12.854298 4153665 AbstractObjectAttributesManagerBase.h:181] AbstractObjectAttributesManager<T>::createObject  (Stage) : Done making attributes with handle : data/scene_datasets/mp3d/e9zR4mvMWw7/e9zR4mvMWw7.glb
I1008 13:14:12.854300 4153665 AbstractObjectAttributesManagerBase.h:188] File (data/scene_datasets/mp3d/e9zR4mvMWw7/e9zR4mvMWw7.glb) exists but is not a recognized config filename extension, so new default Stage attributes created and registered.
I1008 13:14:12.854303 4153665 Simulator.cpp:156] Loading navmesh from data/scene_datasets/mp3d/e9zR4mvMWw7/e9zR4mvMWw7.navmesh
I1008 13:14:12.854454 4153665 Simulator.cpp:158] Loaded.
I1008 13:14:12.854461 4153665 SceneGraph.h:93] Created DrawableGroup: 
I1008 13:14:12.858049 4153665 ResourceManager.cpp:234] ResourceManager::loadStage : Not loading semantic mesh
I1008 13:14:12.858058 4153665 ResourceManager.cpp:262] ResourceManager::loadStage : start load render asset data/scene_datasets/mp3d/e9zR4mvMWw7/e9zR4mvMWw7.glb.
I1008 13:14:12.858059 4153665 ResourceManager.cpp:569] ResourceManager::loadStageInternal : Attempting to load stage data/scene_datasets/mp3d/e9zR4mvMWw7/e9zR4mvMWw7.glb 
I1008 13:14:12.858088 4153665 ResourceManager.cpp:1119] Importing Basis files as BC7 for e9zR4mvMWw7.glb
W1008 13:14:13.956660 4153665 Simulator.cpp:248] :
---
 The active scene does not contain semantic annotations. 
---
I1008 13:14:14.001492 4153665 simulator.py:213] Loaded navmesh data/scene_datasets/mp3d/e9zR4mvMWw7/e9zR4mvMWw7.navmesh
I1008 13:14:15.631301 4153665 PhysicsManager.cpp:33] Deconstructing PhysicsManager
I1008 13:14:15.631341 4153665 SemanticScene.h:41] Deconstructing SemanticScene
I1008 13:14:15.634555 4153665 SceneManager.h:25] Deconstructing SceneManager
I1008 13:14:15.634567 4153665 SceneGraph.h:26] Deconstructing SceneGraph
I1008 13:14:15.635576 4153665 Sensor.h:87] Deconstructing Sensor
I1008 13:14:15.635938 4153665 Sensor.h:87] Deconstructing Sensor
I1008 13:14:15.636046 4153665 Sensor.h:87] Deconstructing Sensor
I1008 13:14:15.636157 4153665 Sensor.h:87] Deconstructing Sensor
I1008 13:14:15.636261 4153665 Sensor.h:87] Deconstructing Sensor
I1008 13:14:15.636364 4153665 Sensor.h:87] Deconstructing Sensor
I1008 13:14:15.636468 4153665 Sensor.h:87] Deconstructing Sensor
I1008 13:14:15.636567 4153665 Sensor.h:87] Deconstructing Sensor
I1008 13:14:15.636683 4153665 Sensor.h:87] Deconstructing Sensor
I1008 13:14:15.636788 4153665 Sensor.h:87] Deconstructing Sensor
I1008 13:14:15.636888 4153665 Sensor.h:87] Deconstructing Sensor
I1008 13:14:15.636993 4153665 Sensor.h:87] Deconstructing Sensor
I1008 13:14:15.637094 4153665 Sensor.h:87] Deconstructing Sensor
I1008 13:14:15.637223 4153665 Sensor.h:87] Deconstructing Sensor
I1008 13:14:15.637357 4153665 Sensor.h:87] Deconstructing Sensor
I1008 13:14:15.637482 4153665 Sensor.h:87] Deconstructing Sensor
I1008 13:14:15.637610 4153665 Sensor.h:87] Deconstructing Sensor
I1008 13:14:15.637737 4153665 Sensor.h:87] Deconstructing Sensor
I1008 13:14:15.637862 4153665 Sensor.h:87] Deconstructing Sensor
I1008 13:14:15.637991 4153665 Sensor.h:87] Deconstructing Sensor
I1008 13:14:15.638118 4153665 Sensor.h:87] Deconstructing Sensor
I1008 13:14:15.638242 4153665 Sensor.h:87] Deconstructing Sensor
I1008 13:14:15.638370 4153665 Sensor.h:87] Deconstructing Sensor
I1008 13:14:15.638451 4153665 Sensor.h:87] Deconstructing Sensor
I1008 13:14:15.642717 4153665 Renderer.cpp:34] Deconstructing Renderer
I1008 13:14:15.642731 4153665 WindowlessContext.h:17] Deconstructing WindowlessContext
I1008 13:14:15.647073 4153665 Simulator.cpp:49] Deconstructing Simulator

2026-10-08 13:14:15,648 Episodes evaluated: 1
2026-10-08 13:14:15,648 Average episode steps_taken: 57.000000
2026-10-08 13:14:15,648 Average episode distance_to_goal: 1.022813
2026-10-08 13:14:15,649 Average episode success: 1.000000
2026-10-08 13:14:15,650 Average episode oracle_success: 1.000000
2026-10-08 13:14:15,650 Average episode path_length: 8.747849
2026-10-08 13:14:15,650 Average episode collisions: 0.131579
2026-10-08 13:14:15,650 Average episode spl: 1.000000
2026-10-08 13:14:15,650 Average episode ndtw: 0.754688
2026-10-08 13:14:15,650 Average episode sdtw: 0.754688
2026-10-08 13:14:15,650 Average episode ghost_cnt: 25.000000
2026-10-08 13:14:15,650 Average episode high_level_steps: 9.000000
2026-10-08 13:14:15,650 Average episode policy_stop_count: 1.000000
2026-10-08 13:14:15,651 Average episode forced_stop_count: 0.000000
2026-10-08 13:14:15,651 Average episode forced_stop_max_len_count: 0.000000
2026-10-08 13:14:15,651 Average episode forced_stop_no_vp_count: 0.000000
2026-10-08 13:14:15,651 Average episode policy_stop_rate: 0.111111
2026-10-08 13:14:15,651 Average episode forced_stop_rate: 0.000000
2026-10-08 13:14:15,651 Average episode actual_stop_rate: 0.111111
