2026-09-24 00:00:32,431 Initializing dataset VLN-CE-v1
2026-09-24 00:00:32,813 SPLTI: train, NUMBER OF SCENES: 61
2026-09-24 00:00:37,566 LOCAL RANK: 0, ENV NUM: 1, DATASET LEN: 10819
2026-09-24 00:00:42,843 RL_TOPO PPO parameters: critic=394241, existing_global_head=592897
2026-09-24 00:00:42,845 Agent parameters: 299.54 MB. Trainable: 0.99 MB.
2026-09-24 00:00:42,845 Finished setting up policy.
2026-09-24 00:00:42,847 Traning Starts... GOOD LUCK!
2026-09-24 00:00:43,080 RL_TOPO GAE: value mean -0.090668, return mean -4.273560, advantage mean -0.000000/std 1.000000
2026-09-24 00:00:43,084 RL_TOPO PPO: policy_loss 0.000000, value_loss 19.331581, entropy 0.782216, approx_kl 0.000000, clip_fraction 0.000000
2026-09-24 00:00:43,381 RL_TOPO GAE: value mean -0.040253, return mean -1.688693, advantage mean -0.000000/std 1.000000
2026-09-24 00:00:43,384 RL_TOPO PPO: policy_loss 0.000000, value_loss 2.908898, entropy 1.121013, approx_kl 0.000000, clip_fraction 0.000000
2026-09-24 00:00:43,454 RL_TOPO GAE: value mean -0.085083, return mean -2.000000, advantage mean 0.000000/std 0.000000
2026-09-24 00:00:43,455 RL_TOPO PPO: policy_loss -0.000000, value_loss 3.666907, entropy 1.125764, approx_kl 0.000000, clip_fraction 0.000000
2026-09-24 00:00:43,708 RL_TOPO GAE: value mean -0.111963, return mean 6.917182, advantage mean -0.000000/std 1.000000
2026-09-24 00:00:43,711 RL_TOPO PPO: policy_loss 0.000000, value_loss 51.975536, entropy 0.218399, approx_kl 0.000000, clip_fraction 0.000000
2026-09-24 00:00:44,060 RL_TOPO GAE: value mean -0.102434, return mean -1.606715, advantage mean -0.000000/std 1.000000
2026-09-24 00:00:44,065 RL_TOPO PPO: policy_loss 0.000000, value_loss 3.269953, entropy 0.610871, approx_kl 0.000000, clip_fraction 0.000000
2026-09-24 00:00:44,449 RL_TOPO GAE: value mean -0.111625, return mean -0.547042, advantage mean -0.000000/std 1.000000
2026-09-24 00:00:44,453 RL_TOPO PPO: policy_loss 0.000000, value_loss 6.980862, entropy 0.324533, approx_kl 0.000000, clip_fraction 0.000000
2026-09-24 00:00:44,753 RL_TOPO GAE: value mean -0.124683, return mean -1.840860, advantage mean 0.000000/std 1.000000
2026-09-24 00:00:44,757 RL_TOPO PPO: policy_loss -0.000000, value_loss 4.141038, entropy 0.855581, approx_kl 0.000000, clip_fraction 0.000000
2026-09-24 00:00:45,065 RL_TOPO GAE: value mean -0.136963, return mean -2.678795, advantage mean 0.000000/std 1.000000
2026-09-24 00:00:45,068 RL_TOPO PPO: policy_loss -0.000000, value_loss 6.705996, entropy 1.211680, approx_kl 0.000000, clip_fraction 0.000000
2026-09-24 00:00:45,381 RL_TOPO GAE: value mean -0.142346, return mean 0.057056, advantage mean 0.000000/std 1.000000
2026-09-24 00:00:45,386 RL_TOPO PPO: policy_loss -0.000000, value_loss 3.516347, entropy 0.662047, approx_kl 0.000000, clip_fraction 0.000000
2026-09-24 00:00:45,811 RL_TOPO GAE: value mean -0.154088, return mean 0.391583, advantage mean 0.000000/std 1.000000
2026-09-24 00:00:45,815 RL_TOPO PPO: policy_loss -0.000000, value_loss 3.307853, entropy 0.666820, approx_kl 0.000000, clip_fraction 0.000000
2026-09-24 00:00:46,225 RL_TOPO GAE: value mean -0.154471, return mean -2.626866, advantage mean -0.000000/std 1.000000
2026-09-24 00:00:46,229 RL_TOPO PPO: policy_loss 0.000000, value_loss 7.261663, entropy 0.667977, approx_kl 0.000000, clip_fraction 0.000000
2026-09-24 00:00:46,587 RL_TOPO GAE: value mean -0.163525, return mean -1.397959, advantage mean -0.000000/std 1.000000
2026-09-24 00:00:46,593 RL_TOPO PPO: policy_loss 0.000000, value_loss 1.972869, entropy 0.396783, approx_kl 0.000000, clip_fraction 0.000000
2026-09-24 00:00:47,080 RL_TOPO GAE: value mean -0.204398, return mean -2.255709, advantage mean 0.000000/std 1.000000
2026-09-24 00:00:47,088 RL_TOPO PPO: policy_loss -0.000000, value_loss 4.728908, entropy 1.002392, approx_kl 0.000000, clip_fraction 0.000000
2026-09-24 00:00:47,518 RL_TOPO GAE: value mean -0.170829, return mean 4.882422, advantage mean 0.000000/std 1.000000
2026-09-24 00:00:47,522 RL_TOPO PPO: policy_loss -0.000000, value_loss 26.542597, entropy 0.931705, approx_kl 0.000000, clip_fraction 0.000000
2026-09-24 00:00:47,824 RL_TOPO GAE: value mean -0.207983, return mean -2.181989, advantage mean 0.000000/std 1.000000
2026-09-24 00:00:47,828 RL_TOPO PPO: policy_loss -0.000000, value_loss 4.425663, entropy 0.168450, approx_kl 0.000000, clip_fraction 0.000000
2026-09-24 00:00:48,189 RL_TOPO GAE: value mean -0.208150, return mean -1.288694, advantage mean 0.000000/std 1.000000
2026-09-24 00:00:48,193 RL_TOPO PPO: policy_loss -0.000000, value_loss 2.300223, entropy 0.523525, approx_kl 0.000000, clip_fraction 0.000000
2026-09-24 00:00:48,495 RL_TOPO GAE: value mean -0.228320, return mean -1.883103, advantage mean -0.000000/std 1.000000
2026-09-24 00:00:48,498 RL_TOPO PPO: policy_loss 0.000000, value_loss 4.682482, entropy 0.798806, approx_kl 0.000000, clip_fraction 0.000000
2026-09-24 00:00:48,577 RL_TOPO GAE: value mean -0.202393, return mean -2.000000, advantage mean 0.000000/std 0.000000
2026-09-24 00:00:48,579 RL_TOPO PPO: policy_loss -0.000000, value_loss 3.231392, entropy 1.425643, approx_kl 0.000000, clip_fraction 0.000000
2026-09-24 00:00:48,931 RL_TOPO GAE: value mean -0.260010, return mean -2.729307, advantage mean 0.000000/std 1.000000
2026-09-24 00:00:48,935 RL_TOPO PPO: policy_loss -0.000000, value_loss 6.746468, entropy 0.175192, approx_kl 0.000000, clip_fraction 0.000000
2026-09-24 00:00:49,308 RL_TOPO GAE: value mean -0.244059, return mean -1.869285, advantage mean -0.000000/std 1.000000
2026-09-24 00:00:49,311 RL_TOPO PPO: policy_loss 0.000000, value_loss 3.330437, entropy 0.895102, approx_kl 0.000000, clip_fraction 0.000000
2026-09-24 00:00:49,317 iter 20: ppo/value_mean: -0.157, ppo/return_mean: -1.031, ppo/advantage_mean: 0.000, ppo/advantage_std: 0.900, ppo/mean_reward: -0.245, ppo/mean_return: -1.031, ppo/policy_loss: -0.000, ppo/value_loss: 8.551, ppo/entropy: 0.728, ppo/approx_kl: 0.000, ppo/clip_fraction: 0.000, 
2026-09-24 00:00:50,413 RL_TOPO GAE: value mean -0.268628, return mean 0.044967, advantage mean 0.000000/std 1.000000
2026-09-24 00:00:50,416 RL_TOPO PPO: policy_loss -0.000000, value_loss 3.528451, entropy 0.612704, approx_kl 0.000000, clip_fraction 0.000000
2026-09-24 00:00:50,788 RL_TOPO GAE: value mean -0.279663, return mean 1.254316, advantage mean -0.000000/std 1.000000
2026-09-24 00:00:50,792 RL_TOPO PPO: policy_loss 0.000000, value_loss 7.039815, entropy 0.513188, approx_kl 0.000000, clip_fraction 0.000000
2026-09-24 00:00:50,925 RL_TOPO GAE: value mean -0.279907, return mean -2.340528, advantage mean 0.000000/std 1.000000
2026-09-24 00:00:50,927 RL_TOPO PPO: policy_loss -0.000000, value_loss 4.361206, entropy 0.013133, approx_kl 0.000000, clip_fraction 0.000000
2026-09-24 00:00:51,071 RL_TOPO GAE: value mean -0.307251, return mean -1.181369, advantage mean -0.000000/std 1.000000
2026-09-24 00:00:51,075 RL_TOPO PPO: policy_loss 0.000000, value_loss 1.422103, entropy 1.120729, approx_kl 0.000000, clip_fraction 0.000000
2026-09-24 00:00:51,434 RL_TOPO GAE: value mean -0.308105, return mean -2.191178, advantage mean 0.000000/std 1.000000
2026-09-24 00:00:51,440 RL_TOPO PPO: policy_loss -0.000000, value_loss 4.066463, entropy 0.142899, approx_kl 0.000000, clip_fraction 0.000000
2026-09-24 00:00:52,039 RL_TOPO GAE: value mean -0.295654, return mean -1.650659, advantage mean 0.000000/std 1.000000
2026-09-24 00:00:52,044 RL_TOPO PPO: policy_loss -0.000000, value_loss 1.888449, entropy 0.516046, approx_kl 0.000000, clip_fraction 0.000000
2026-09-24 00:00:52,520 RL_TOPO GAE: value mean -0.322632, return mean 5.788070, advantage mean 0.000000/std 1.000000
2026-09-24 00:00:52,525 RL_TOPO PPO: policy_loss -0.000000, value_loss 38.233894, entropy 0.412932, approx_kl 0.000000, clip_fraction 0.000000
2026-09-24 00:00:52,832 RL_TOPO GAE: value mean -0.324316, return mean -3.476680, advantage mean -0.000000/std 1.000000
2026-09-24 00:00:52,835 RL_TOPO PPO: policy_loss 0.000000, value_loss 10.960730, entropy 0.459402, approx_kl 0.000000, clip_fraction 0.000000
2026-09-24 00:00:53,214 RL_TOPO GAE: value mean -0.325806, return mean -1.201377, advantage mean 0.000000/std 1.000000
2026-09-24 00:00:53,218 RL_TOPO PPO: policy_loss 0.000000, value_loss 2.955667, entropy 0.483941, approx_kl 0.000000, clip_fraction 0.000000
2026-09-24 00:00:53,530 RL_TOPO GAE: value mean -0.324756, return mean 7.215704, advantage mean 0.000000/std 1.000000
2026-09-24 00:00:53,534 RL_TOPO PPO: policy_loss -0.000000, value_loss 59.086231, entropy 0.464743, approx_kl 0.000000, clip_fraction 0.000000
2026-09-24 00:00:53,838 RL_TOPO GAE: value mean -0.293213, return mean -1.263698, advantage mean 0.000000/std 1.000000
2026-09-24 00:00:53,842 RL_TOPO PPO: policy_loss -0.000000, value_loss 1.594952, entropy 0.745672, approx_kl 0.000000, clip_fraction 0.000000
2026-09-24 00:00:54,099 RL_TOPO GAE: value mean -0.348755, return mean -1.608294, advantage mean -0.000000/std 1.000000
2026-09-24 00:00:54,102 RL_TOPO PPO: policy_loss 0.000000, value_loss 1.750940, entropy 0.904922, approx_kl 0.000000, clip_fraction 0.000000
2026-09-24 00:00:54,238 RL_TOPO GAE: value mean -0.349487, return mean -1.537619, advantage mean 0.000000/std 1.000000
2026-09-24 00:00:54,240 RL_TOPO PPO: policy_loss -0.000000, value_loss 1.620180, entropy 1.209972, approx_kl 0.000000, clip_fraction 0.000000
2026-09-24 00:00:54,772 RL_TOPO GAE: value mean -0.310167, return mean -2.513663, advantage mean -0.000000/std 1.000000
2026-09-24 00:00:54,777 RL_TOPO PPO: policy_loss 0.000000, value_loss 6.100873, entropy 0.538790, approx_kl 0.000000, clip_fraction 0.000000
2026-09-24 00:00:55,381 RL_TOPO GAE: value mean -0.366260, return mean -3.079779, advantage mean 0.000000/std 1.000000
2026-09-24 00:00:55,387 RL_TOPO PPO: policy_loss -0.000000, value_loss 8.034201, entropy 0.922797, approx_kl 0.000000, clip_fraction 0.000000
2026-09-24 00:00:55,753 RL_TOPO GAE: value mean -0.343994, return mean 0.733526, advantage mean -0.000000/std 1.000000
2026-09-24 00:00:55,756 RL_TOPO PPO: policy_loss 0.000000, value_loss 4.345313, entropy 0.534718, approx_kl 0.000000, clip_fraction 0.000000
2026-09-24 00:00:56,154 RL_TOPO GAE: value mean -0.333333, return mean -2.295271, advantage mean 0.000000/std 1.000000
2026-09-24 00:00:56,161 RL_TOPO PPO: policy_loss -0.000000, value_loss 4.188575, entropy 0.763305, approx_kl 0.000000, clip_fraction 0.000000
2026-09-24 00:00:56,526 RL_TOPO GAE: value mean -0.368018, return mean -3.189724, advantage mean 0.000000/std 1.000000
2026-09-24 00:00:56,531 RL_TOPO PPO: policy_loss -0.000000, value_loss 8.536905, entropy 1.007212, approx_kl 0.000000, clip_fraction 0.000000
2026-09-24 00:00:56,946 RL_TOPO GAE: value mean -0.352254, return mean -1.968775, advantage mean -0.000000/std 1.000000
2026-09-24 00:00:56,950 RL_TOPO PPO: policy_loss 0.000000, value_loss 2.669593, entropy 0.302456, approx_kl 0.000000, clip_fraction 0.000000
2026-09-24 00:00:57,314 RL_TOPO GAE: value mean -0.363770, return mean -1.306635, advantage mean 0.000000/std 1.000000
2026-09-24 00:00:57,318 RL_TOPO PPO: policy_loss -0.000000, value_loss 1.984344, entropy 0.586387, approx_kl 0.000000, clip_fraction 0.000000
2026-09-24 00:00:57,323 iter 40: ppo/value_mean: -0.323, ppo/return_mean: -0.788, ppo/advantage_mean: 0.000, ppo/advantage_std: 1.000, ppo/mean_reward: -0.092, ppo/mean_return: -0.788, ppo/policy_loss: -0.000, ppo/value_loss: 8.718, ppo/entropy: 0.613, ppo/approx_kl: 0.000, ppo/clip_fraction: 0.000, 
2026-09-24 00:00:58,413 RL_TOPO GAE: value mean -0.375098, return mean 0.349190, advantage mean 0.000000/std 1.000000
2026-09-24 00:00:58,415 RL_TOPO PPO: policy_loss -0.000000, value_loss 3.575300, entropy 0.520043, approx_kl 0.000000, clip_fraction 0.000000
2026-09-24 00:00:58,711 RL_TOPO GAE: value mean -0.339803, return mean -2.586663, advantage mean -0.000000/std 1.000000
2026-09-24 00:00:58,715 RL_TOPO PPO: policy_loss 0.000000, value_loss 5.929689, entropy 0.322363, approx_kl 0.000000, clip_fraction 0.000000
2026-09-24 00:00:58,955 RL_TOPO GAE: value mean -0.360010, return mean -1.840514, advantage mean -0.000000/std 1.000000
2026-09-24 00:00:58,958 RL_TOPO PPO: policy_loss -0.000000, value_loss 2.206734, entropy 0.262945, approx_kl 0.000000, clip_fraction 0.000000
2026-09-24 00:00:59,208 RL_TOPO GAE: value mean -0.388916, return mean -2.182991, advantage mean 0.000000/std 1.000000
2026-09-24 00:00:59,211 RL_TOPO PPO: policy_loss -0.000000, value_loss 3.494994, entropy 0.779716, approx_kl 0.000000, clip_fraction 0.000000
2026-09-24 00:00:59,512 RL_TOPO GAE: value mean -0.387288, return mean -0.743171, advantage mean 0.000000/std 1.000000
2026-09-24 00:00:59,515 RL_TOPO PPO: policy_loss 0.000000, value_loss 1.338503, entropy 0.422402, approx_kl 0.000000, clip_fraction 0.000000
2026-09-24 00:00:59,811 RL_TOPO GAE: value mean -0.391398, return mean -1.194825, advantage mean -0.000000/std 1.000000
2026-09-24 00:00:59,814 RL_TOPO PPO: policy_loss -0.000000, value_loss 1.683700, entropy 0.335291, approx_kl 0.000000, clip_fraction 0.000000
2026-09-24 00:01:00,125 RL_TOPO GAE: value mean -0.405843, return mean -0.394071, advantage mean 0.000000/std 1.000000
2026-09-24 00:01:00,128 RL_TOPO PPO: policy_loss -0.000000, value_loss 1.756697, entropy 0.707440, approx_kl 0.000000, clip_fraction 0.000000
2026-09-24 00:01:00,333 RL_TOPO GAE: value mean -0.400818, return mean -4.050778, advantage mean 0.000000/std 1.000000
2026-09-24 00:01:00,336 RL_TOPO PPO: policy_loss -0.000000, value_loss 16.268089, entropy 0.934288, approx_kl 0.000000, clip_fraction 0.000000
2026-09-24 00:01:00,631 RL_TOPO GAE: value mean -0.392904, return mean -2.742920, advantage mean -0.000000/std 1.000000
2026-09-24 00:01:00,635 RL_TOPO PPO: policy_loss 0.000000, value_loss 6.149487, entropy 0.205345, approx_kl 0.000000, clip_fraction 0.000000
2026-09-24 00:01:00,966 RL_TOPO GAE: value mean -0.411174, return mean -0.100371, advantage mean -0.000000/std 1.000000
2026-09-24 00:01:00,973 RL_TOPO PPO: policy_loss -0.000000, value_loss 1.310479, entropy 0.640424, approx_kl 0.000000, clip_fraction 0.000000
2026-09-24 00:01:01,327 RL_TOPO GAE: value mean -0.423950, return mean -1.834097, advantage mean 0.000000/std 1.000000
2026-09-24 00:01:01,333 RL_TOPO PPO: policy_loss -0.000000, value_loss 2.492845, entropy 0.731179, approx_kl 0.000000, clip_fraction 0.000000
2026-09-24 00:01:01,738 RL_TOPO GAE: value mean -0.408412, return mean -0.362348, advantage mean -0.000000/std 1.000000
2026-09-24 00:01:01,741 RL_TOPO PPO: policy_loss 0.000000, value_loss 1.483987, entropy 0.737210, approx_kl 0.000000, clip_fraction 0.000000
2026-09-24 00:01:02,039 RL_TOPO GAE: value mean -0.451335, return mean -1.153513, advantage mean 0.000000/std 1.000000
2026-09-24 00:01:02,043 RL_TOPO PPO: policy_loss -0.000000, value_loss 1.544370, entropy 0.467216, approx_kl 0.000000, clip_fraction 0.000000
2026-09-24 00:01:02,203 RL_TOPO GAE: value mean -0.463867, return mean -1.862863, advantage mean 0.000000/std 1.000000
2026-09-24 00:01:02,205 RL_TOPO PPO: policy_loss -0.000000, value_loss 2.003975, entropy 0.452746, approx_kl 0.000000, clip_fraction 0.000000
2026-09-24 00:01:02,269 RL_TOPO GAE: value mean -0.474854, return mean -2.000000, advantage mean 0.000000/std 0.000000
2026-09-24 00:01:02,271 RL_TOPO PPO: policy_loss -0.000000, value_loss 2.326072, entropy 1.071018, approx_kl 0.000000, clip_fraction 0.000000
2026-09-24 00:01:02,520 RL_TOPO GAE: value mean -0.486279, return mean -1.416013, advantage mean 0.000000/std 1.000000
2026-09-24 00:01:02,523 RL_TOPO PPO: policy_loss -0.000000, value_loss 1.329120, entropy 0.546872, approx_kl 0.000000, clip_fraction 0.000000
2026-09-24 00:01:02,653 RL_TOPO GAE: value mean -0.494507, return mean -1.186052, advantage mean 0.000000/std 1.000000
2026-09-24 00:01:02,655 RL_TOPO PPO: policy_loss -0.000000, value_loss 1.125533, entropy 1.131245, approx_kl 0.000000, clip_fraction 0.000000
2026-09-24 00:01:02,769 RL_TOPO GAE: value mean -0.476929, return mean -2.517507, advantage mean -0.000000/std 1.000000
2026-09-24 00:01:02,771 RL_TOPO PPO: policy_loss 0.000000, value_loss 4.455656, entropy 1.096835, approx_kl 0.000000, clip_fraction 0.000000
2026-09-24 00:01:02,889 RL_TOPO GAE: value mean -0.499756, return mean -1.708321, advantage mean 0.000000/std 1.000000
2026-09-24 00:01:02,890 RL_TOPO PPO: policy_loss -0.000000, value_loss 1.537782, entropy 1.048251, approx_kl 0.000000, clip_fraction 0.000000
2026-09-24 00:01:03,193 RL_TOPO GAE: value mean -0.477132, return mean 6.803874, advantage mean -0.000000/std 1.000000
2026-09-24 00:01:03,196 RL_TOPO PPO: policy_loss 0.000000, value_loss 55.816338, entropy 0.193220, approx_kl 0.000000, clip_fraction 0.000000
2026-09-24 00:01:03,207 iter 60: ppo/value_mean: -0.426, ppo/return_mean: -1.136, ppo/advantage_mean: -0.000, ppo/advantage_std: 0.950, ppo/mean_reward: -0.308, ppo/mean_return: -1.136, ppo/policy_loss: 0.000, ppo/value_loss: 5.891, ppo/entropy: 0.630, ppo/approx_kl: 0.000, ppo/clip_fraction: 0.000, 
2026-09-24 00:01:04,359 RL_TOPO GAE: value mean -0.506975, return mean -1.623201, advantage mean -0.000000/std 1.000000
2026-09-24 00:01:04,362 RL_TOPO PPO: policy_loss 0.000000, value_loss 2.205508, entropy 0.921949, approx_kl 0.000000, clip_fraction 0.000000
2026-09-24 00:01:04,433 RL_TOPO GAE: value mean -0.473145, return mean -2.000000, advantage mean 0.000000/std 0.000000
2026-09-24 00:01:04,436 RL_TOPO PPO: policy_loss -0.000000, value_loss 2.331288, entropy 1.237802, approx_kl 0.000000, clip_fraction 0.000000
2026-09-24 00:01:04,676 RL_TOPO GAE: value mean -0.526611, return mean -1.578527, advantage mean -0.000000/std 1.000000
2026-09-24 00:01:04,679 RL_TOPO PPO: policy_loss 0.000000, value_loss 2.050464, entropy 1.297542, approx_kl 0.000000, clip_fraction 0.000000
2026-09-24 00:01:05,039 RL_TOPO GAE: value mean -0.493083, return mean -2.451288, advantage mean 0.000000/std 1.000000
2026-09-24 00:01:05,043 RL_TOPO PPO: policy_loss -0.000000, value_loss 4.366230, entropy 0.490416, approx_kl 0.000000, clip_fraction 0.000000
2026-09-24 00:01:05,362 RL_TOPO GAE: value mean -0.510840, return mean -1.528363, advantage mean 0.000000/std 1.000000
2026-09-24 00:01:05,365 RL_TOPO PPO: policy_loss -0.000000, value_loss 2.452085, entropy 0.316194, approx_kl 0.000000, clip_fraction 0.000000
2026-09-24 00:01:05,706 RL_TOPO GAE: value mean -0.491309, return mean 6.992445, advantage mean -0.000000/std 1.000000
2026-09-24 00:01:05,712 RL_TOPO PPO: policy_loss 0.000000, value_loss 58.981251, entropy 0.139749, approx_kl 0.000000, clip_fraction 0.000000
2026-09-24 00:01:06,145 RL_TOPO GAE: value mean -0.465942, return mean 5.761786, advantage mean -0.000000/std 1.000000
2026-09-24 00:01:06,151 RL_TOPO PPO: policy_loss 0.000000, value_loss 41.163033, entropy 0.566457, approx_kl 0.000000, clip_fraction 0.000000
2026-09-24 00:01:06,311 RL_TOPO GAE: value mean -0.531982, return mean -0.900158, advantage mean 0.000000/std 1.000000
2026-09-24 00:01:06,314 RL_TOPO PPO: policy_loss -0.000000, value_loss 1.297882, entropy 1.054136, approx_kl 0.000000, clip_fraction 0.000000
2026-09-24 00:01:06,703 RL_TOPO GAE: value mean -0.538493, return mean -0.972302, advantage mean -0.000000/std 1.000000
2026-09-24 00:01:06,710 RL_TOPO PPO: policy_loss 0.000000, value_loss 1.131888, entropy 0.543857, approx_kl 0.000000, clip_fraction 0.000000
2026-09-24 00:01:07,035 RL_TOPO GAE: value mean -0.479492, return mean 6.788318, advantage mean 0.000001/std 1.000000
2026-09-24 00:01:07,038 RL_TOPO PPO: policy_loss -0.000001, value_loss 55.309620, entropy 0.272276, approx_kl 0.000000, clip_fraction 0.000000
2026-09-24 00:01:07,355 RL_TOPO GAE: value mean -0.508887, return mean -1.528377, advantage mean -0.000000/std 1.000000
2026-09-24 00:01:07,359 RL_TOPO PPO: policy_loss 0.000000, value_loss 2.457811, entropy 0.379808, approx_kl 0.000000, clip_fraction 0.000000
2026-09-24 00:01:07,723 RL_TOPO GAE: value mean -0.494263, return mean -1.244077, advantage mean -0.000000/std 1.000000
2026-09-24 00:01:07,726 RL_TOPO PPO: policy_loss 0.000000, value_loss 1.019872, entropy 0.859518, approx_kl 0.000000, clip_fraction 0.000000
2026-09-24 00:01:08,163 RL_TOPO GAE: value mean -0.487584, return mean -3.971081, advantage mean -0.000000/std 1.000000
2026-09-24 00:01:08,168 RL_TOPO PPO: policy_loss 0.000000, value_loss 15.315611, entropy 0.278736, approx_kl 0.000000, clip_fraction 0.000000
2026-09-24 00:01:08,883 RL_TOPO GAE: value mean -0.494690, return mean -0.803287, advantage mean 0.000000/std 1.000000
2026-09-24 00:01:08,890 RL_TOPO PPO: policy_loss -0.000000, value_loss 1.479013, entropy 0.968704, approx_kl 0.000000, clip_fraction 0.000000
2026-09-24 00:01:09,268 RL_TOPO GAE: value mean -0.511556, return mean -0.368123, advantage mean -0.000000/std 1.000000
2026-09-24 00:01:09,272 RL_TOPO PPO: policy_loss 0.000000, value_loss 3.515719, entropy 0.582762, approx_kl 0.000000, clip_fraction 0.000000
2026-09-24 00:01:09,589 RL_TOPO GAE: value mean -0.480029, return mean 6.993945, advantage mean 0.000000/std 1.000000
2026-09-24 00:01:09,593 RL_TOPO PPO: policy_loss -0.000000, value_loss 58.854218, entropy 0.124888, approx_kl 0.000000, clip_fraction 0.000000
2026-09-24 00:01:09,953 RL_TOPO GAE: value mean -0.504354, return mean -1.614314, advantage mean 0.000000/std 1.000000
2026-09-24 00:01:09,957 RL_TOPO PPO: policy_loss -0.000000, value_loss 2.079031, entropy 0.348083, approx_kl 0.000000, clip_fraction 0.000000
2026-09-24 00:01:10,381 RL_TOPO GAE: value mean -0.498919, return mean -3.735201, advantage mean 0.000000/std 1.000000
2026-09-24 00:01:10,385 RL_TOPO PPO: policy_loss -0.000000, value_loss 11.843980, entropy 1.426811, approx_kl 0.000000, clip_fraction 0.000000
2026-09-24 00:01:10,740 RL_TOPO GAE: value mean -0.475749, return mean -1.434200, advantage mean 0.000000/std 1.000000
2026-09-24 00:01:10,744 RL_TOPO PPO: policy_loss -0.000000, value_loss 1.870555, entropy 0.658665, approx_kl 0.000000, clip_fraction 0.000000
2026-09-24 00:01:11,108 RL_TOPO GAE: value mean -0.478841, return mean -1.982410, advantage mean 0.000000/std 1.000000
2026-09-24 00:01:11,112 RL_TOPO PPO: policy_loss -0.000000, value_loss 2.320038, entropy 0.233327, approx_kl 0.000000, clip_fraction 0.000000
2026-09-24 00:01:11,117 iter 80: ppo/value_mean: -0.498, ppo/return_mean: -0.060, ppo/advantage_mean: 0.000, ppo/advantage_std: 0.950, ppo/mean_reward: 0.127, ppo/mean_return: -0.060, ppo/policy_loss: -0.000, ppo/value_loss: 13.602, ppo/entropy: 0.635, ppo/approx_kl: 0.000, ppo/clip_fraction: 0.000, 
2026-09-24 00:01:12,179 RL_TOPO GAE: value mean -0.493408, return mean -1.427502, advantage mean 0.000000/std 1.000000
2026-09-24 00:01:12,182 RL_TOPO PPO: policy_loss -0.000000, value_loss 1.334600, entropy 0.498261, approx_kl 0.000000, clip_fraction 0.000000
2026-09-24 00:01:12,436 RL_TOPO GAE: value mean -0.460498, return mean 6.996262, advantage mean 0.000000/std 1.000000
2026-09-24 00:01:12,439 RL_TOPO PPO: policy_loss -0.000000, value_loss 58.628223, entropy 0.214212, approx_kl 0.000000, clip_fraction 0.000000
2026-09-24 00:01:12,701 RL_TOPO GAE: value mean -0.494238, return mean -0.027559, advantage mean 0.000000/std 1.000000
2026-09-24 00:01:12,705 RL_TOPO PPO: policy_loss -0.000000, value_loss 2.465451, entropy 0.313288, approx_kl 0.000000, clip_fraction 0.000000
2026-09-24 00:01:12,823 RL_TOPO GAE: value mean -0.482910, return mean -1.708055, advantage mean 0.000000/std 1.000000
2026-09-24 00:01:12,825 RL_TOPO PPO: policy_loss -0.000000, value_loss 1.574924, entropy 1.107780, approx_kl 0.000000, clip_fraction 0.000000
2026-09-24 00:01:13,124 RL_TOPO GAE: value mean -0.435018, return mean 5.184239, advantage mean 0.000000/std 1.000000
2026-09-24 00:01:13,127 RL_TOPO PPO: policy_loss -0.000000, value_loss 32.518578, entropy 0.376840, approx_kl 0.000000, clip_fraction 0.000000
2026-09-24 00:01:13,460 RL_TOPO GAE: value mean -0.403948, return mean -1.748486, advantage mean -0.000000/std 1.000000
2026-09-24 00:01:13,464 RL_TOPO PPO: policy_loss 0.000000, value_loss 1.854551, entropy 0.281237, approx_kl 0.000000, clip_fraction 0.000000
2026-09-24 00:01:13,843 RL_TOPO GAE: value mean -0.448696, return mean -3.329335, advantage mean -0.000000/std 1.000000
2026-09-24 00:01:13,851 RL_TOPO PPO: policy_loss 0.000000, value_loss 8.714396, entropy 1.019230, approx_kl 0.000000, clip_fraction 0.000000
2026-09-24 00:01:14,146 RL_TOPO GAE: value mean -0.458252, return mean -3.279359, advantage mean 0.000000/std 1.000000
2026-09-24 00:01:14,151 RL_TOPO PPO: policy_loss -0.000000, value_loss 8.518950, entropy 0.402658, approx_kl 0.000000, clip_fraction 0.000000
2026-09-24 00:01:14,579 RL_TOPO GAE: value mean -0.469936, return mean -3.968340, advantage mean -0.000000/std 1.000000
2026-09-24 00:01:14,586 RL_TOPO PPO: policy_loss 0.000000, value_loss 15.404320, entropy 0.327670, approx_kl 0.000000, clip_fraction 0.000000
2026-09-24 00:01:14,661 RL_TOPO GAE: value mean -0.475342, return mean -2.000000, advantage mean 0.000000/std 0.000000
2026-09-24 00:01:14,662 RL_TOPO PPO: policy_loss -0.000000, value_loss 2.324583, entropy 0.885390, approx_kl 0.000000, clip_fraction 0.000000
2026-09-24 00:01:15,004 RL_TOPO GAE: value mean -0.442522, return mean -3.497585, advantage mean -0.000000/std 1.000000
2026-09-24 00:01:15,007 RL_TOPO PPO: policy_loss 0.000000, value_loss 10.678470, entropy 0.866720, approx_kl 0.000000, clip_fraction 0.000000
2026-09-24 00:01:15,308 RL_TOPO GAE: value mean -0.456380, return mean -1.194674, advantage mean 0.000000/std 1.000000
2026-09-24 00:01:15,311 RL_TOPO PPO: policy_loss -0.000000, value_loss 0.758601, entropy 0.983867, approx_kl 0.000000, clip_fraction 0.000000
2026-09-24 00:01:15,425 RL_TOPO GAE: value mean -0.492676, return mean -1.708261, advantage mean -0.000000/std 1.000000
2026-09-24 00:01:15,427 RL_TOPO PPO: policy_loss 0.000000, value_loss 1.552277, entropy 1.047587, approx_kl 0.000000, clip_fraction 0.000000
2026-09-24 00:01:15,681 RL_TOPO GAE: value mean -0.438623, return mean -4.403222, advantage mean 0.000000/std 1.000000
2026-09-24 00:01:15,684 RL_TOPO PPO: policy_loss -0.000000, value_loss 17.181751, entropy 0.392236, approx_kl 0.000000, clip_fraction 0.000000
2026-09-24 00:01:16,024 RL_TOPO GAE: value mean -0.432757, return mean -2.245955, advantage mean -0.000000/std 1.000000
2026-09-24 00:01:16,027 RL_TOPO PPO: policy_loss 0.000000, value_loss 4.059818, entropy 0.258248, approx_kl 0.000000, clip_fraction 0.000000
2026-09-24 00:01:16,376 RL_TOPO GAE: value mean -0.482945, return mean -0.302683, advantage mean -0.000000/std 1.000000
2026-09-24 00:01:16,382 RL_TOPO PPO: policy_loss 0.000000, value_loss 0.889581, entropy 0.545823, approx_kl 0.000000, clip_fraction 0.000000
2026-09-24 00:01:16,675 RL_TOPO GAE: value mean -0.452840, return mean -2.745844, advantage mean -0.000000/std 1.000000
2026-09-24 00:01:16,678 RL_TOPO PPO: policy_loss 0.000000, value_loss 5.835462, entropy 0.219558, approx_kl 0.000000, clip_fraction 0.000000
2026-09-24 00:01:17,029 RL_TOPO GAE: value mean -0.542132, return mean -2.036016, advantage mean 0.000000/std 1.000000
2026-09-24 00:01:17,032 RL_TOPO PPO: policy_loss -0.000000, value_loss 2.697245, entropy 1.249457, approx_kl 0.000000, clip_fraction 0.000000
2026-09-24 00:01:17,339 RL_TOPO GAE: value mean -0.536621, return mean -0.820914, advantage mean -0.000000/std 1.000000
2026-09-24 00:01:17,342 RL_TOPO PPO: policy_loss 0.000000, value_loss 0.533450, entropy 0.818819, approx_kl 0.000000, clip_fraction 0.000000
2026-09-24 00:01:17,594 RL_TOPO GAE: value mean -0.551172, return mean -0.351474, advantage mean -0.000000/std 1.000000
2026-09-24 00:01:17,597 RL_TOPO PPO: policy_loss 0.000000, value_loss 1.246364, entropy 0.628059, approx_kl 0.000000, clip_fraction 0.000000
2026-09-24 00:01:17,605 iter 100: ppo/value_mean: -0.473, ppo/return_mean: -1.231, ppo/advantage_mean: 0.000, ppo/advantage_std: 0.950, ppo/mean_reward: -0.300, ppo/mean_return: -1.231, ppo/policy_loss: 0.000, ppo/value_loss: 8.939, ppo/entropy: 0.622, ppo/approx_kl: 0.000, ppo/clip_fraction: 0.000, 
2026-09-24 00:01:18,740 RL_TOPO GAE: value mean -0.480672, return mean -3.843106, advantage mean 0.000000/std 1.000000
2026-09-24 00:01:18,743 RL_TOPO PPO: policy_loss -0.000000, value_loss 12.320450, entropy 0.883064, approx_kl 0.000000, clip_fraction 0.000000
2026-09-24 00:01:19,094 RL_TOPO GAE: value mean -0.526786, return mean -1.816961, advantage mean -0.000000/std 1.000000
2026-09-24 00:01:19,097 RL_TOPO PPO: policy_loss 0.000000, value_loss 2.011872, entropy 1.043036, approx_kl 0.000000, clip_fraction 0.000000
2026-09-24 00:01:19,450 RL_TOPO GAE: value mean -0.532087, return mean -0.839758, advantage mean 0.000000/std 1.000000
2026-09-24 00:01:19,453 RL_TOPO PPO: policy_loss -0.000000, value_loss 0.570224, entropy 0.760923, approx_kl 0.000000, clip_fraction 0.000000
2026-09-24 00:01:19,703 RL_TOPO GAE: value mean -0.496143, return mean -3.281746, advantage mean -0.000000/std 1.000000
2026-09-24 00:01:19,706 RL_TOPO PPO: policy_loss 0.000000, value_loss 8.293339, entropy 0.229405, approx_kl 0.000000, clip_fraction 0.000000
2026-09-24 00:01:19,986 RL_TOPO GAE: value mean -0.553125, return mean -3.515004, advantage mean 0.000000/std 1.000000
2026-09-24 00:01:19,993 RL_TOPO PPO: policy_loss -0.000000, value_loss 9.729213, entropy 0.452575, approx_kl 0.000000, clip_fraction 0.000000
2026-09-24 00:01:20,426 RL_TOPO GAE: value mean -0.543597, return mean -3.968180, advantage mean 0.000000/std 1.000000
2026-09-24 00:01:20,433 RL_TOPO PPO: policy_loss -0.000000, value_loss 13.067281, entropy 0.477920, approx_kl 0.000000, clip_fraction 0.000000
2026-09-24 00:01:20,764 RL_TOPO GAE: value mean -0.554525, return mean -2.457166, advantage mean -0.000000/std 1.000000
2026-09-24 00:01:20,767 RL_TOPO PPO: policy_loss 0.000000, value_loss 4.134067, entropy 0.483143, approx_kl 0.000000, clip_fraction 0.000000
2026-09-24 00:01:21,327 RL_TOPO GAE: value mean -0.568237, return mean -1.799382, advantage mean 0.000000/std 1.000000
2026-09-24 00:01:21,332 RL_TOPO PPO: policy_loss 0.000000, value_loss 3.390114, entropy 0.768895, approx_kl 0.000000, clip_fraction 0.000000
2026-09-24 00:01:21,585 RL_TOPO GAE: value mean -0.540674, return mean 6.187423, advantage mean 0.000000/std 1.000000
2026-09-24 00:01:21,588 RL_TOPO PPO: policy_loss -0.000000, value_loss 46.309410, entropy 0.042173, approx_kl 0.000000, clip_fraction 0.000000
2026-09-24 00:01:21,840 RL_TOPO GAE: value mean -0.601855, return mean -2.592865, advantage mean -0.000000/std 1.000000
2026-09-24 00:01:21,843 RL_TOPO PPO: policy_loss 0.000000, value_loss 4.321002, entropy 0.321265, approx_kl 0.000000, clip_fraction 0.000000
2026-09-24 00:01:21,908 RL_TOPO GAE: value mean -0.624023, return mean -2.000000, advantage mean 0.000000/std 0.000000
2026-09-24 00:01:21,910 RL_TOPO PPO: policy_loss -0.000000, value_loss 1.893312, entropy 1.007544, approx_kl 0.000000, clip_fraction 0.000000
2026-09-24 00:01:22,394 RL_TOPO GAE: value mean -0.559937, return mean -2.434067, advantage mean 0.000000/std 1.000000
2026-09-24 00:01:22,398 RL_TOPO PPO: policy_loss -0.000000, value_loss 4.122065, entropy 0.718535, approx_kl 0.000000, clip_fraction 0.000000
2026-09-24 00:01:22,661 RL_TOPO GAE: value mean -0.617578, return mean -4.203815, advantage mean -0.000000/std 1.000000
2026-09-24 00:01:22,664 RL_TOPO PPO: policy_loss 0.000000, value_loss 16.460901, entropy 0.560910, approx_kl 0.000000, clip_fraction 0.000000
2026-09-24 00:01:23,012 RL_TOPO GAE: value mean -0.665667, return mean -2.803640, advantage mean 0.000000/std 1.000000
2026-09-24 00:01:23,016 RL_TOPO PPO: policy_loss -0.000000, value_loss 4.968050, entropy 0.660701, approx_kl 0.000000, clip_fraction 0.000000
2026-09-24 00:01:23,275 RL_TOPO GAE: value mean -0.639844, return mean -0.954942, advantage mean 0.000000/std 1.000000
2026-09-24 00:01:23,278 RL_TOPO PPO: policy_loss 0.000000, value_loss 1.395979, entropy 0.831330, approx_kl 0.000000, clip_fraction 0.000000
2026-09-24 00:01:23,578 RL_TOPO GAE: value mean -0.667806, return mean -0.975276, advantage mean -0.000000/std 1.000000
2026-09-24 00:01:23,583 RL_TOPO PPO: policy_loss 0.000000, value_loss 1.404238, entropy 0.273133, approx_kl 0.000000, clip_fraction 0.000000
2026-09-24 00:01:23,746 RL_TOPO GAE: value mean -0.697591, return mean -2.080332, advantage mean -0.000000/std 1.000000
2026-09-24 00:01:23,748 RL_TOPO PPO: policy_loss 0.000000, value_loss 2.484989, entropy 1.594633, approx_kl 0.000000, clip_fraction 0.000000
2026-09-24 00:01:24,004 RL_TOPO GAE: value mean -0.648877, return mean 0.063228, advantage mean -0.000000/std 1.000000
2026-09-24 00:01:24,008 RL_TOPO PPO: policy_loss 0.000000, value_loss 2.767119, entropy 0.715881, approx_kl 0.000000, clip_fraction 0.000000
2026-09-24 00:01:24,264 RL_TOPO GAE: value mean -0.690234, return mean 0.319743, advantage mean 0.000000/std 1.000000
2026-09-24 00:01:24,267 RL_TOPO PPO: policy_loss -0.000000, value_loss 3.997057, entropy 0.392388, approx_kl 0.000000, clip_fraction 0.000000
2026-09-24 00:01:24,607 RL_TOPO GAE: value mean -0.619559, return mean -1.940436, advantage mean 0.000000/std 1.000000
2026-09-24 00:01:24,610 RL_TOPO PPO: policy_loss -0.000000, value_loss 1.809556, entropy 0.155925, approx_kl 0.000000, clip_fraction 0.000000
2026-09-24 00:01:24,621 iter 120: ppo/value_mean: -0.591, ppo/return_mean: -1.747, ppo/advantage_mean: 0.000, ppo/advantage_std: 0.950, ppo/mean_reward: -0.406, ppo/mean_return: -1.747, ppo/policy_loss: -0.000, ppo/value_loss: 7.273, ppo/entropy: 0.619, ppo/approx_kl: 0.000, ppo/clip_fraction: 0.000, 
2026-09-24 00:01:25,812 RL_TOPO GAE: value mean -0.616159, return mean -1.415731, advantage mean 0.000000/std 1.000000
2026-09-24 00:01:25,816 RL_TOPO PPO: policy_loss 0.000000, value_loss 1.690761, entropy 0.406594, approx_kl 0.000000, clip_fraction 0.000000
2026-09-24 00:01:26,090 RL_TOPO GAE: value mean -0.618408, return mean 6.776196, advantage mean 0.000000/std 1.000000
2026-09-24 00:01:26,096 RL_TOPO PPO: policy_loss -0.000000, value_loss 57.177670, entropy 0.294844, approx_kl 0.000000, clip_fraction 0.000000
2026-09-24 00:01:26,353 RL_TOPO GAE: value mean -0.664673, return mean 6.903112, advantage mean 0.000000/std 1.000000
2026-09-24 00:01:26,358 RL_TOPO PPO: policy_loss -0.000000, value_loss 60.393894, entropy 0.858551, approx_kl 0.000000, clip_fraction 0.000000
2026-09-24 00:01:26,812 RL_TOPO GAE: value mean -0.641218, return mean -3.657723, advantage mean 0.000000/std 1.000000
2026-09-24 00:01:26,816 RL_TOPO PPO: policy_loss -0.000000, value_loss 10.571390, entropy 0.535413, approx_kl 0.000000, clip_fraction 0.000000
2026-09-24 00:01:27,121 RL_TOPO GAE: value mean -0.687988, return mean -1.433806, advantage mean 0.000000/std 1.000000
2026-09-24 00:01:27,125 RL_TOPO PPO: policy_loss -0.000000, value_loss 1.015669, entropy 0.511629, approx_kl 0.000000, clip_fraction 0.000000
2026-09-24 00:01:27,543 RL_TOPO GAE: value mean -0.675711, return mean -2.334166, advantage mean -0.000000/std 1.000000
2026-09-24 00:01:27,547 RL_TOPO PPO: policy_loss 0.000000, value_loss 3.352223, entropy 0.644319, approx_kl 0.000000, clip_fraction 0.000000
2026-09-24 00:01:27,861 RL_TOPO GAE: value mean -0.625732, return mean 6.876087, advantage mean 0.000000/std 1.000000
2026-09-24 00:01:27,865 RL_TOPO PPO: policy_loss -0.000000, value_loss 59.046520, entropy 0.184965, approx_kl 0.000000, clip_fraction 0.000000
2026-09-24 00:01:28,174 RL_TOPO GAE: value mean -0.636133, return mean -1.674544, advantage mean -0.000000/std 1.000000
2026-09-24 00:01:28,178 RL_TOPO PPO: policy_loss 0.000000, value_loss 2.313886, entropy 0.298966, approx_kl 0.000000, clip_fraction 0.000000
2026-09-24 00:01:28,545 RL_TOPO GAE: value mean -0.553426, return mean -3.446577, advantage mean -0.000000/std 1.000000
2026-09-24 00:01:28,549 RL_TOPO PPO: policy_loss 0.000000, value_loss 9.023337, entropy 0.538537, approx_kl 0.000000, clip_fraction 0.000000
2026-09-24 00:01:28,974 RL_TOPO GAE: value mean -0.615967, return mean -1.926520, advantage mean 0.000000/std 1.000000
2026-09-24 00:01:28,978 RL_TOPO PPO: policy_loss -0.000000, value_loss 1.791726, entropy 0.191198, approx_kl 0.000000, clip_fraction 0.000000
2026-09-24 00:01:29,405 RL_TOPO GAE: value mean -0.651472, return mean -3.716943, advantage mean 0.000000/std 1.000000
2026-09-24 00:01:29,410 RL_TOPO PPO: policy_loss -0.000000, value_loss 10.679346, entropy 0.454912, approx_kl 0.000000, clip_fraction 0.000000
2026-09-24 00:01:29,775 RL_TOPO GAE: value mean -0.615234, return mean 0.707510, advantage mean -0.000000/std 1.000000
2026-09-24 00:01:29,779 RL_TOPO PPO: policy_loss 0.000000, value_loss 5.125229, entropy 0.283795, approx_kl 0.000000, clip_fraction 0.000000
2026-09-24 00:01:30,212 RL_TOPO GAE: value mean -0.639962, return mean -0.063388, advantage mean -0.000000/std 1.000000
2026-09-24 00:01:30,216 RL_TOPO PPO: policy_loss 0.000000, value_loss 1.350444, entropy 0.779752, approx_kl 0.000000, clip_fraction 0.000000
2026-09-24 00:01:31,093 RL_TOPO GAE: value mean -0.621712, return mean -1.868776, advantage mean -0.000000/std 1.000000
2026-09-24 00:01:31,102 RL_TOPO PPO: policy_loss 0.000000, value_loss 1.748213, entropy 0.325568, approx_kl 0.000000, clip_fraction 0.000000
2026-09-24 00:01:31,421 RL_TOPO GAE: value mean -0.686328, return mean 0.321044, advantage mean 0.000000/std 1.000000
2026-09-24 00:01:31,427 RL_TOPO PPO: policy_loss -0.000000, value_loss 4.042706, entropy 0.277719, approx_kl 0.000000, clip_fraction 0.000000
2026-09-24 00:01:31,855 RL_TOPO GAE: value mean -0.704520, return mean -3.289964, advantage mean -0.000000/std 1.000000
2026-09-24 00:01:31,859 RL_TOPO PPO: policy_loss -0.000000, value_loss 7.831974, entropy 0.906489, approx_kl 0.000000, clip_fraction 0.000000
2026-09-24 00:01:32,327 RL_TOPO GAE: value mean -0.702079, return mean -1.691193, advantage mean 0.000000/std 1.000000
2026-09-24 00:01:32,335 RL_TOPO PPO: policy_loss -0.000000, value_loss 2.091420, entropy 1.005928, approx_kl 0.000000, clip_fraction 0.000000
2026-09-24 00:01:32,940 RL_TOPO GAE: value mean -0.702311, return mean -2.069025, advantage mean 0.000000/std 1.000000
2026-09-24 00:01:32,945 RL_TOPO PPO: policy_loss -0.000000, value_loss 2.030041, entropy 0.599153, approx_kl 0.000000, clip_fraction 0.000000
2026-09-24 00:01:33,253 RL_TOPO GAE: value mean -0.707324, return mean -1.436541, advantage mean -0.000000/std 1.000000
2026-09-24 00:01:33,256 RL_TOPO PPO: policy_loss 0.000000, value_loss 0.978805, entropy 0.433623, approx_kl 0.000000, clip_fraction 0.000000
2026-09-24 00:01:33,793 RL_TOPO GAE: value mean -0.676948, return mean -2.230169, advantage mean 0.000000/std 1.000000
2026-09-24 00:01:33,798 RL_TOPO PPO: policy_loss -0.000000, value_loss 3.721673, entropy 0.712535, approx_kl 0.000000, clip_fraction 0.000000
2026-09-24 00:01:33,804 iter 140: ppo/value_mean: -0.652, ppo/return_mean: -0.534, ppo/advantage_mean: 0.000, ppo/advantage_std: 1.000, ppo/mean_reward: 0.142, ppo/mean_return: -0.534, ppo/policy_loss: -0.000, ppo/value_loss: 12.299, ppo/entropy: 0.512, ppo/approx_kl: 0.000, ppo/clip_fraction: 0.000, 
2026-09-24 00:01:34,965 RL_TOPO GAE: value mean -0.594238, return mean 4.245154, advantage mean -0.000000/std 1.000000
2026-09-24 00:01:34,968 RL_TOPO PPO: policy_loss 0.000000, value_loss 24.467525, entropy 0.339583, approx_kl 0.000000, clip_fraction 0.000000
2026-09-24 00:01:36,348 RL_TOPO GAE: value mean -0.631138, return mean -3.472906, advantage mean 0.000000/std 1.000000
2026-09-24 00:01:36,352 RL_TOPO PPO: policy_loss -0.000000, value_loss 8.956009, entropy 0.524154, approx_kl 0.000000, clip_fraction 0.000000
2026-09-24 00:01:36,657 RL_TOPO GAE: value mean -0.588013, return mean -4.264803, advantage mean -0.000000/std 1.000000
2026-09-24 00:01:36,662 RL_TOPO PPO: policy_loss 0.000000, value_loss 15.110125, entropy 0.606215, approx_kl 0.000000, clip_fraction 0.000000
2026-09-24 00:01:37,004 RL_TOPO GAE: value mean -0.568403, return mean -3.476042, advantage mean -0.000000/std 1.000000
2026-09-24 00:01:37,007 RL_TOPO PPO: policy_loss 0.000000, value_loss 9.076029, entropy 0.559860, approx_kl 0.000000, clip_fraction 0.000000
2026-09-24 00:01:37,316 RL_TOPO GAE: value mean -0.622559, return mean 6.977856, advantage mean 0.000000/std 1.000000
2026-09-24 00:01:37,319 RL_TOPO PPO: policy_loss -0.000000, value_loss 59.384766, entropy 1.200398, approx_kl 0.000000, clip_fraction 0.000000
2026-09-24 00:01:37,574 RL_TOPO GAE: value mean -0.608398, return mean -3.253137, advantage mean -0.000000/std 1.000000
2026-09-24 00:01:37,576 RL_TOPO PPO: policy_loss 0.000000, value_loss 7.903156, entropy 0.927656, approx_kl 0.000000, clip_fraction 0.000000
2026-09-24 00:01:37,877 RL_TOPO GAE: value mean -0.669515, return mean 5.433712, advantage mean -0.000001/std 1.000000
2026-09-24 00:01:37,880 RL_TOPO PPO: policy_loss 0.000001, value_loss 37.424149, entropy 0.398415, approx_kl 0.000000, clip_fraction 0.000000
2026-09-24 00:01:38,230 RL_TOPO GAE: value mean -0.624797, return mean -1.857101, advantage mean -0.000000/std 1.000000
2026-09-24 00:01:38,236 RL_TOPO PPO: policy_loss 0.000000, value_loss 1.566443, entropy 0.045521, approx_kl 0.000000, clip_fraction 0.000000
2026-09-24 00:01:38,656 RL_TOPO GAE: value mean -0.660017, return mean -2.262434, advantage mean 0.000000/std 1.000000
2026-09-24 00:01:38,663 RL_TOPO PPO: policy_loss -0.000000, value_loss 3.130563, entropy 0.111725, approx_kl 0.000000, clip_fraction 0.000000
2026-09-24 00:01:39,091 RL_TOPO GAE: value mean -0.637909, return mean -2.851714, advantage mean -0.000000/std 1.000000
2026-09-24 00:01:39,095 RL_TOPO PPO: policy_loss 0.000000, value_loss 6.076902, entropy 0.649736, approx_kl 0.000000, clip_fraction 0.000000
2026-09-24 00:01:39,425 RL_TOPO GAE: value mean -0.670480, return mean 6.021260, advantage mean 0.000000/std 1.000000
2026-09-24 00:01:39,428 RL_TOPO PPO: policy_loss -0.000000, value_loss 45.199314, entropy 0.704846, approx_kl 0.000000, clip_fraction 0.000000
2026-09-24 00:01:39,768 RL_TOPO GAE: value mean -0.662214, return mean -3.328726, advantage mean 0.000000/std 1.000000
2026-09-24 00:01:39,772 RL_TOPO PPO: policy_loss -0.000000, value_loss 7.920105, entropy 0.482290, approx_kl 0.000000, clip_fraction 0.000000
2026-09-24 00:01:40,073 RL_TOPO GAE: value mean -0.643351, return mean -3.864613, advantage mean -0.000000/std 1.000000
2026-09-24 00:01:40,076 RL_TOPO PPO: policy_loss 0.000000, value_loss 11.416575, entropy 0.778897, approx_kl 0.000000, clip_fraction 0.000000
2026-09-24 00:01:40,374 RL_TOPO GAE: value mean -0.626058, return mean -3.422376, advantage mean -0.000001/std 1.000000
2026-09-24 00:01:40,377 RL_TOPO PPO: policy_loss 0.000001, value_loss 8.304737, entropy 0.331569, approx_kl 0.000000, clip_fraction 0.000000
2026-09-24 00:01:40,669 RL_TOPO GAE: value mean -0.634237, return mean -1.790284, advantage mean 0.000000/std 1.000000
2026-09-24 00:01:40,672 RL_TOPO PPO: policy_loss -0.000000, value_loss 1.387194, entropy 0.154625, approx_kl 0.000000, clip_fraction 0.000000
2026-09-24 00:01:40,882 RL_TOPO GAE: value mean -0.613159, return mean -2.955502, advantage mean -0.000000/std 1.000000
2026-09-24 00:01:40,885 RL_TOPO PPO: policy_loss 0.000000, value_loss 5.804790, entropy 0.921089, approx_kl 0.000000, clip_fraction 0.000000
2026-09-24 00:01:41,044 RL_TOPO GAE: value mean -0.695312, return mean -2.090413, advantage mean -0.000000/std 1.000000
2026-09-24 00:01:41,046 RL_TOPO PPO: policy_loss 0.000000, value_loss 1.986207, entropy 0.848186, approx_kl 0.000000, clip_fraction 0.000000
2026-09-24 00:01:41,297 RL_TOPO GAE: value mean -0.626709, return mean -3.046281, advantage mean -0.000000/std 1.000000
2026-09-24 00:01:41,300 RL_TOPO PPO: policy_loss 0.000000, value_loss 6.160276, entropy 0.573099, approx_kl 0.000000, clip_fraction 0.000000
2026-09-24 00:01:41,553 RL_TOPO GAE: value mean -0.699023, return mean 0.196780, advantage mean 0.000000/std 1.000000
2026-09-24 00:01:41,556 RL_TOPO PPO: policy_loss 0.000000, value_loss 2.932831, entropy 0.330868, approx_kl 0.000000, clip_fraction 0.000000
2026-09-24 00:01:41,903 RL_TOPO GAE: value mean -0.550508, return mean -3.899846, advantage mean -0.000000/std 1.000000
2026-09-24 00:01:41,906 RL_TOPO PPO: policy_loss 0.000000, value_loss 11.895833, entropy 0.595572, approx_kl 0.000000, clip_fraction 0.000000
2026-09-24 00:01:41,918 iter 160: ppo/value_mean: -0.631, ppo/return_mean: -1.148, ppo/advantage_mean: -0.000, ppo/advantage_std: 1.000, ppo/mean_reward: -0.230, ppo/mean_return: -1.148, ppo/policy_loss: 0.000, ppo/value_loss: 13.805, ppo/entropy: 0.554, ppo/approx_kl: 0.000, ppo/clip_fraction: 0.000, 
2026-09-24 00:01:43,125 RL_TOPO GAE: value mean -0.686210, return mean -3.117804, advantage mean 0.000000/std 1.000000
2026-09-24 00:01:43,128 RL_TOPO PPO: policy_loss -0.000000, value_loss 6.455447, entropy 0.428960, approx_kl 0.000000, clip_fraction 0.000000
2026-09-24 00:01:43,434 RL_TOPO GAE: value mean -0.677612, return mean -1.140893, advantage mean -0.000000/std 1.000000
2026-09-24 00:01:43,437 RL_TOPO PPO: policy_loss 0.000000, value_loss 2.238595, entropy 0.824190, approx_kl 0.000000, clip_fraction 0.000000
2026-09-24 00:01:43,750 RL_TOPO GAE: value mean -0.690511, return mean -1.320192, advantage mean 0.000000/std 1.000000
2026-09-24 00:01:43,753 RL_TOPO PPO: policy_loss -0.000000, value_loss 1.486785, entropy 1.150236, approx_kl 0.000000, clip_fraction 0.000000
2026-09-24 00:01:44,044 RL_TOPO GAE: value mean -0.625122, return mean -1.787284, advantage mean 0.000000/std 1.000000
2026-09-24 00:01:44,047 RL_TOPO PPO: policy_loss -0.000000, value_loss 1.415505, entropy 0.063904, approx_kl 0.000000, clip_fraction 0.000000
2026-09-24 00:01:44,596 RL_TOPO GAE: value mean -0.718262, return mean -2.122117, advantage mean -0.000000/std 1.000000
2026-09-24 00:01:44,604 RL_TOPO PPO: policy_loss 0.000000, value_loss 2.546162, entropy 0.332138, approx_kl 0.000000, clip_fraction 0.000000
2026-09-24 00:01:44,961 RL_TOPO GAE: value mean -0.745199, return mean -3.454016, advantage mean -0.000000/std 1.000000
2026-09-24 00:01:44,964 RL_TOPO PPO: policy_loss 0.000000, value_loss 8.382280, entropy 0.803470, approx_kl 0.000000, clip_fraction 0.000000
2026-09-24 00:01:45,275 RL_TOPO GAE: value mean -0.647135, return mean -1.558411, advantage mean -0.000000/std 1.000000
2026-09-24 00:01:45,278 RL_TOPO PPO: policy_loss 0.000000, value_loss 2.330344, entropy 0.233206, approx_kl 0.000000, clip_fraction 0.000000
2026-09-24 00:01:45,774 RL_TOPO GAE: value mean -0.712769, return mean 6.381918, advantage mean -0.000000/std 1.000000
2026-09-24 00:01:45,778 RL_TOPO PPO: policy_loss 0.000000, value_loss 51.524586, entropy 1.001677, approx_kl 0.000000, clip_fraction 0.000000
2026-09-24 00:01:46,041 RL_TOPO GAE: value mean -0.735449, return mean -1.966674, advantage mean 0.000000/std 1.000000
2026-09-24 00:01:46,044 RL_TOPO PPO: policy_loss -0.000000, value_loss 2.083178, entropy 1.155313, approx_kl 0.000000, clip_fraction 0.000000
2026-09-24 00:01:46,295 RL_TOPO GAE: value mean -0.695654, return mean -1.845120, advantage mean 0.000000/std 1.000000
2026-09-24 00:01:46,297 RL_TOPO PPO: policy_loss -0.000000, value_loss 1.942561, entropy 0.493682, approx_kl 0.000000, clip_fraction 0.000000
2026-09-24 00:01:46,611 RL_TOPO GAE: value mean -0.715576, return mean -3.402191, advantage mean -0.000000/std 1.000000
2026-09-24 00:01:46,615 RL_TOPO PPO: policy_loss 0.000000, value_loss 8.306889, entropy 0.617078, approx_kl 0.000000, clip_fraction 0.000000
2026-09-24 00:01:47,016 RL_TOPO GAE: value mean -0.677490, return mean -2.503168, advantage mean -0.000000/std 1.000000
2026-09-24 00:01:47,020 RL_TOPO PPO: policy_loss 0.000000, value_loss 4.269934, entropy 0.608134, approx_kl 0.000000, clip_fraction 0.000000
2026-09-24 00:01:47,380 RL_TOPO GAE: value mean -0.762347, return mean -4.151400, advantage mean 0.000000/std 1.000000
2026-09-24 00:01:47,385 RL_TOPO PPO: policy_loss -0.000000, value_loss 14.052114, entropy 1.006389, approx_kl 0.000000, clip_fraction 0.000000
2026-09-24 00:01:47,680 RL_TOPO GAE: value mean -0.716878, return mean -1.867071, advantage mean -0.000000/std 1.000000
2026-09-24 00:01:47,683 RL_TOPO PPO: policy_loss 0.000000, value_loss 1.374718, entropy 0.025874, approx_kl 0.000000, clip_fraction 0.000000
2026-09-24 00:01:47,994 RL_TOPO GAE: value mean -0.709880, return mean -0.913829, advantage mean -0.000000/std 1.000000
2026-09-24 00:01:47,997 RL_TOPO PPO: policy_loss 0.000000, value_loss 3.108058, entropy 0.382218, approx_kl 0.000000, clip_fraction 0.000000
2026-09-24 00:01:48,109 RL_TOPO GAE: value mean -0.821777, return mean -1.086939, advantage mean 0.000000/std 1.000000
2026-09-24 00:01:48,111 RL_TOPO PPO: policy_loss -0.000000, value_loss 0.902209, entropy 1.523451, approx_kl 0.000000, clip_fraction 0.000000
2026-09-24 00:01:48,455 RL_TOPO GAE: value mean -0.789132, return mean -2.280899, advantage mean -0.000000/std 1.000000
2026-09-24 00:01:48,458 RL_TOPO PPO: policy_loss 0.000000, value_loss 2.776116, entropy 0.164146, approx_kl 0.000000, clip_fraction 0.000000
2026-09-24 00:01:48,669 RL_TOPO GAE: value mean -0.789795, return mean -3.396660, advantage mean 0.000000/std 1.000000
2026-09-24 00:01:48,671 RL_TOPO PPO: policy_loss -0.000000, value_loss 7.798473, entropy 0.548202, approx_kl 0.000000, clip_fraction 0.000000
2026-09-24 00:01:49,056 RL_TOPO GAE: value mean -0.796326, return mean -0.576270, advantage mean 0.000000/std 1.000000
2026-09-24 00:01:49,059 RL_TOPO PPO: policy_loss -0.000000, value_loss 0.877234, entropy 0.387107, approx_kl 0.000000, clip_fraction 0.000000
2026-09-24 00:01:49,413 RL_TOPO GAE: value mean -0.676723, return mean -3.474803, advantage mean -0.000000/std 1.000000
2026-09-24 00:01:49,416 RL_TOPO PPO: policy_loss 0.000000, value_loss 8.621429, entropy 0.487128, approx_kl 0.000000, clip_fraction 0.000000
2026-09-24 00:01:49,426 iter 180: ppo/value_mean: -0.719, ppo/return_mean: -1.779, ppo/advantage_mean: -0.000, ppo/advantage_std: 1.000, ppo/mean_reward: -0.338, ppo/mean_return: -1.779, ppo/policy_loss: 0.000, ppo/value_loss: 6.625, ppo/entropy: 0.612, ppo/approx_kl: 0.000, ppo/clip_fraction: 0.000, 
2026-09-24 00:01:50,666 RL_TOPO GAE: value mean -0.746094, return mean -5.206196, advantage mean -0.000000/std 1.000000
2026-09-24 00:01:50,672 RL_TOPO PPO: policy_loss 0.000000, value_loss 24.978664, entropy 0.350440, approx_kl 0.000000, clip_fraction 0.000000
2026-09-24 00:01:50,960 RL_TOPO GAE: value mean -0.756836, return mean -1.699518, advantage mean 0.000000/std 1.000000
2026-09-24 00:01:50,963 RL_TOPO PPO: policy_loss -0.000000, value_loss 1.741090, entropy 0.652405, approx_kl 0.000000, clip_fraction 0.000000
2026-09-24 00:01:51,330 RL_TOPO GAE: value mean -0.741246, return mean 0.642195, advantage mean 0.000000/std 1.000000
2026-09-24 00:01:51,334 RL_TOPO PPO: policy_loss -0.000000, value_loss 4.883908, entropy 0.826513, approx_kl 0.000000, clip_fraction 0.000000
2026-09-24 00:01:51,473 RL_TOPO GAE: value mean -0.836670, return mean -2.494912, advantage mean 0.000000/std 1.000000
2026-09-24 00:01:51,475 RL_TOPO PPO: policy_loss -0.000000, value_loss 3.025331, entropy 0.490837, approx_kl 0.000000, clip_fraction 0.000000
2026-09-24 00:01:51,669 RL_TOPO GAE: value mean -0.842611, return mean -1.517668, advantage mean 0.000000/std 1.000000
2026-09-24 00:01:51,671 RL_TOPO PPO: policy_loss -0.000000, value_loss 0.723711, entropy 0.910098, approx_kl 0.000000, clip_fraction 0.000000
2026-09-24 00:01:52,040 RL_TOPO GAE: value mean -0.908610, return mean -2.049046, advantage mean 0.000000/std 1.000000
2026-09-24 00:01:52,043 RL_TOPO PPO: policy_loss -0.000000, value_loss 1.513238, entropy 1.466183, approx_kl 0.000000, clip_fraction 0.000000
2026-09-24 00:01:52,464 RL_TOPO GAE: value mean -0.844517, return mean -2.705621, advantage mean -0.000000/std 1.000000
2026-09-24 00:01:52,468 RL_TOPO PPO: policy_loss 0.000000, value_loss 4.213757, entropy 0.789913, approx_kl 0.000000, clip_fraction 0.000000
2026-09-24 00:01:52,846 RL_TOPO GAE: value mean -0.763672, return mean 7.327168, advantage mean 0.000000/std 1.000000
2026-09-24 00:01:52,852 RL_TOPO PPO: policy_loss -0.000000, value_loss 68.681236, entropy 0.659217, approx_kl 0.000000, clip_fraction 0.000000
2026-09-24 00:01:53,102 RL_TOPO GAE: value mean -0.884644, return mean -2.632070, advantage mean 0.000000/std 1.000000
2026-09-24 00:01:53,105 RL_TOPO PPO: policy_loss -0.000000, value_loss 3.334806, entropy 0.831765, approx_kl 0.000000, clip_fraction 0.000000
2026-09-24 00:01:53,409 RL_TOPO GAE: value mean -0.863867, return mean -0.193551, advantage mean 0.000000/std 1.000000
2026-09-24 00:01:53,412 RL_TOPO PPO: policy_loss -0.000000, value_loss 1.863685, entropy 0.381373, approx_kl 0.000000, clip_fraction 0.000000
2026-09-24 00:01:53,729 RL_TOPO GAE: value mean -0.814502, return mean -1.831304, advantage mean 0.000000/std 1.000000
2026-09-24 00:01:53,732 RL_TOPO PPO: policy_loss -0.000000, value_loss 1.480416, entropy 0.417133, approx_kl 0.000000, clip_fraction 0.000000
2026-09-24 00:01:54,045 RL_TOPO GAE: value mean -0.874512, return mean 5.952992, advantage mean 0.000000/std 1.000000
2026-09-24 00:01:54,048 RL_TOPO PPO: policy_loss -0.000000, value_loss 47.316383, entropy 0.898703, approx_kl 0.000000, clip_fraction 0.000000
2026-09-24 00:01:54,407 RL_TOPO GAE: value mean -0.830241, return mean 6.445688, advantage mean 0.000000/std 1.000000
2026-09-24 00:01:54,411 RL_TOPO PPO: policy_loss -0.000000, value_loss 53.821320, entropy 0.423509, approx_kl 0.000000, clip_fraction 0.000000
2026-09-24 00:01:54,900 RL_TOPO GAE: value mean -0.825378, return mean -3.913256, advantage mean 0.000000/std 1.000000
2026-09-24 00:01:54,904 RL_TOPO PPO: policy_loss -0.000000, value_loss 10.436138, entropy 0.417471, approx_kl 0.000000, clip_fraction 0.000000
2026-09-24 00:01:55,329 RL_TOPO GAE: value mean -0.836496, return mean 0.084219, advantage mean 0.000000/std 1.000000
2026-09-24 00:01:55,335 RL_TOPO PPO: policy_loss -0.000000, value_loss 2.906845, entropy 0.836158, approx_kl 0.000000, clip_fraction 0.000000
2026-09-24 00:01:55,711 RL_TOPO GAE: value mean -0.758870, return mean -1.569153, advantage mean 0.000000/std 1.000000
2026-09-24 00:01:55,715 RL_TOPO PPO: policy_loss -0.000000, value_loss 2.194320, entropy 0.239216, approx_kl 0.000000, clip_fraction 0.000000
2026-09-24 00:01:55,969 RL_TOPO GAE: value mean -0.897705, return mean -0.819505, advantage mean -0.000000/std 1.000000
2026-09-24 00:01:55,972 RL_TOPO PPO: policy_loss 0.000000, value_loss 0.512331, entropy 1.404697, approx_kl 0.000000, clip_fraction 0.000000
2026-09-24 00:01:56,393 RL_TOPO GAE: value mean -0.908854, return mean -0.128218, advantage mean 0.000000/std 1.000000
2026-09-24 00:01:56,400 RL_TOPO PPO: policy_loss -0.000000, value_loss 1.693996, entropy 1.232671, approx_kl 0.000000, clip_fraction 0.000000
2026-09-24 00:01:57,257 RL_TOPO GAE: value mean -0.924617, return mean -2.111473, advantage mean 0.000000/std 1.000000
2026-09-24 00:01:57,264 RL_TOPO PPO: policy_loss -0.000000, value_loss 1.987284, entropy 1.583070, approx_kl 0.000000, clip_fraction 0.000000
2026-09-24 00:01:57,341 RL_TOPO GAE: value mean -0.891602, return mean -2.000000, advantage mean 0.000000/std 0.000000
2026-09-24 00:01:57,342 RL_TOPO PPO: policy_loss -0.000000, value_loss 1.228547, entropy 1.098964, approx_kl 0.000000, clip_fraction 0.000000
2026-09-24 00:01:57,346 iter 200: ppo/value_mean: -0.838, ppo/return_mean: -0.521, ppo/advantage_mean: 0.000, ppo/advantage_std: 0.950, ppo/mean_reward: -0.174, ppo/mean_return: -0.521, ppo/policy_loss: -0.000, ppo/value_loss: 11.927, ppo/entropy: 0.796, ppo/approx_kl: 0.000, ppo/clip_fraction: 0.000, 
2026-09-24 00:06:53,423 Initializing dataset VLN-CE-v1
2026-09-24 00:06:53,423 Initializing dataset VLN-CE-v1
2026-09-24 00:06:53,828 SPLTI: train, NUMBER OF SCENES: 61
2026-09-24 00:06:53,829 SPLTI: train, NUMBER OF SCENES: 61
2026-09-24 00:07:02,265 LOCAL RANK: 1, ENV NUM: 8, DATASET LEN: 10819
2026-09-24 00:07:02,375 LOCAL RANK: 0, ENV NUM: 8, DATASET LEN: 10819
2026-09-24 00:07:07,970 RL_TOPO PPO parameters: critic=394241, existing_global_head=592897
2026-09-24 00:07:07,970 RL_TOPO PPO parameters: critic=394241, existing_global_head=592897
2026-09-24 00:07:07,971 Agent parameters: 299.54 MB. Trainable: 0.99 MB.
2026-09-24 00:07:07,971 Finished setting up policy.
2026-09-24 00:07:07,971 Traning Starts... GOOD LUCK!
2026-09-24 00:07:07,972 Agent parameters: 299.54 MB. Trainable: 0.99 MB.
2026-09-24 00:07:07,972 Finished setting up policy.
2026-09-24 00:07:07,973 Traning Starts... GOOD LUCK!
2026-09-24 00:07:09,310 RL_TOPO GAE: value mean -0.089045, return mean 0.525354, advantage mean 0.000000/std 1.000000
2026-09-24 00:07:09,325 RL_TOPO PPO: policy_loss -0.000000, value_loss 9.946920, entropy 0.587429, approx_kl 0.000000, clip_fraction 0.000000
2026-09-24 00:07:09,764 RL_TOPO GAE: value mean -0.079112, return mean -1.548397, advantage mean 0.000000/std 1.000000
2026-09-24 00:07:09,785 RL_TOPO PPO: policy_loss -0.000000, value_loss 9.312464, entropy 0.655228, approx_kl 0.000000, clip_fraction 0.000000
2026-09-24 00:07:11,002 RL_TOPO GAE: value mean -0.072075, return mean -0.842385, advantage mean -0.000000/std 1.000000
2026-09-24 00:07:11,015 RL_TOPO PPO: policy_loss 0.000000, value_loss 12.387312, entropy 0.685938, approx_kl 0.000000, clip_fraction 0.000000
2026-09-24 00:07:11,261 RL_TOPO GAE: value mean -0.070711, return mean -1.101057, advantage mean -0.000000/std 1.000000
2026-09-24 00:07:11,276 RL_TOPO PPO: policy_loss 0.000000, value_loss 13.871068, entropy 0.560890, approx_kl 0.000000, clip_fraction 0.000000
2026-09-24 00:07:12,571 RL_TOPO GAE: value mean -0.086170, return mean -2.127469, advantage mean 0.000000/std 1.000000
2026-09-24 00:07:12,586 RL_TOPO PPO: policy_loss -0.000000, value_loss 7.188142, entropy 0.724866, approx_kl 0.000000, clip_fraction 0.000000
2026-09-24 00:07:12,947 RL_TOPO GAE: value mean -0.091071, return mean -3.127154, advantage mean -0.000000/std 1.000000
2026-09-24 00:07:12,963 RL_TOPO PPO: policy_loss -0.000000, value_loss 12.676330, entropy 0.556411, approx_kl 0.000000, clip_fraction 0.000000
2026-09-24 00:07:14,467 RL_TOPO GAE: value mean -0.087060, return mean -1.919387, advantage mean 0.000000/std 1.000000
2026-09-24 00:07:14,491 RL_TOPO PPO: policy_loss -0.000000, value_loss 14.104164, entropy 0.570031, approx_kl 0.000000, clip_fraction 0.000000
2026-09-24 00:07:14,599 RL_TOPO GAE: value mean -0.101061, return mean -1.132719, advantage mean 0.000000/std 1.000000
2026-09-24 00:07:14,615 RL_TOPO PPO: policy_loss -0.000000, value_loss 13.704748, entropy 0.421179, approx_kl 0.000000, clip_fraction 0.000000
2026-09-24 00:07:15,953 RL_TOPO GAE: value mean -0.115502, return mean -0.460963, advantage mean -0.000000/std 1.000000
2026-09-24 00:07:15,968 RL_TOPO PPO: policy_loss -0.000000, value_loss 7.663527, entropy 0.405361, approx_kl 0.000000, clip_fraction 0.000000
2026-09-24 00:07:16,229 RL_TOPO GAE: value mean -0.100437, return mean -1.072643, advantage mean 0.000000/std 1.000000
2026-09-24 00:07:16,243 RL_TOPO PPO: policy_loss -0.000000, value_loss 10.240664, entropy 0.507122, approx_kl 0.000000, clip_fraction 0.000000
2026-09-24 00:07:17,533 RL_TOPO GAE: value mean -0.126522, return mean -0.251101, advantage mean -0.000000/std 1.000000
2026-09-24 00:07:17,554 RL_TOPO PPO: policy_loss 0.000000, value_loss 15.482719, entropy 0.531726, approx_kl 0.000000, clip_fraction 0.000000
2026-09-24 00:07:17,699 RL_TOPO GAE: value mean -0.116952, return mean -1.223858, advantage mean 0.000000/std 1.000000
2026-09-24 00:07:17,712 RL_TOPO PPO: policy_loss 0.000000, value_loss 10.798144, entropy 0.529103, approx_kl 0.000000, clip_fraction 0.000000
2026-09-24 00:07:18,873 RL_TOPO GAE: value mean -0.136640, return mean -0.201310, advantage mean -0.000000/std 1.000000
2026-09-24 00:07:18,887 RL_TOPO PPO: policy_loss 0.000000, value_loss 12.468533, entropy 0.547116, approx_kl 0.000000, clip_fraction 0.000000
2026-09-24 00:07:19,607 RL_TOPO GAE: value mean -0.132310, return mean 3.716514, advantage mean 0.000000/std 1.000000
2026-09-24 00:07:19,624 RL_TOPO PPO: policy_loss -0.000000, value_loss 39.835934, entropy 0.589413, approx_kl 0.000000, clip_fraction 0.000000
2026-09-24 00:07:20,922 RL_TOPO GAE: value mean -0.133695, return mean -1.622404, advantage mean -0.000000/std 1.000000
2026-09-24 00:07:20,933 RL_TOPO GAE: value mean -0.137969, return mean 0.285935, advantage mean 0.000000/std 1.000000
2026-09-24 00:07:20,937 RL_TOPO PPO: policy_loss -0.000000, value_loss 8.810225, entropy 0.665585, approx_kl 0.000000, clip_fraction 0.000000
2026-09-24 00:07:20,946 RL_TOPO PPO: policy_loss -0.000000, value_loss 26.795677, entropy 0.436250, approx_kl 0.000000, clip_fraction 0.000000
2026-09-24 00:07:22,280 RL_TOPO GAE: value mean -0.149070, return mean -1.293744, advantage mean 0.000000/std 1.000000
2026-09-24 00:07:22,302 RL_TOPO PPO: policy_loss -0.000000, value_loss 12.816659, entropy 0.410211, approx_kl 0.000000, clip_fraction 0.000000
2026-09-24 00:07:22,424 RL_TOPO GAE: value mean -0.140819, return mean -0.306861, advantage mean -0.000000/std 1.000000
2026-09-24 00:07:22,439 RL_TOPO PPO: policy_loss -0.000000, value_loss 10.876331, entropy 0.591591, approx_kl 0.000000, clip_fraction 0.000000
2026-09-24 00:07:23,864 RL_TOPO GAE: value mean -0.148137, return mean -1.541792, advantage mean 0.000000/std 1.000000
2026-09-24 00:07:23,879 RL_TOPO PPO: policy_loss -0.000000, value_loss 6.160071, entropy 0.662293, approx_kl 0.000000, clip_fraction 0.000000
2026-09-24 00:07:24,078 RL_TOPO GAE: value mean -0.139891, return mean -0.308202, advantage mean -0.000000/std 1.000000
2026-09-24 00:07:24,093 RL_TOPO PPO: policy_loss 0.000000, value_loss 15.263525, entropy 0.618460, approx_kl 0.000000, clip_fraction 0.000000
2026-09-24 00:07:25,318 RL_TOPO GAE: value mean -0.146003, return mean -1.130127, advantage mean -0.000000/std 1.000000
2026-09-24 00:07:25,352 RL_TOPO PPO: policy_loss 0.000000, value_loss 3.690843, entropy 0.740662, approx_kl 0.000000, clip_fraction 0.000000
2026-09-24 00:07:25,413 RL_TOPO GAE: value mean -0.162663, return mean -0.226329, advantage mean -0.000000/std 1.000000
2026-09-24 00:07:25,428 RL_TOPO PPO: policy_loss 0.000000, value_loss 13.615613, entropy 0.383243, approx_kl 0.000000, clip_fraction 0.000000
2026-09-24 00:07:26,866 RL_TOPO GAE: value mean -0.159129, return mean -0.699363, advantage mean -0.000000/std 1.000000
2026-09-24 00:07:26,882 RL_TOPO PPO: policy_loss 0.000000, value_loss 9.643309, entropy 0.505078, approx_kl 0.000000, clip_fraction 0.000000
2026-09-24 00:07:26,884 RL_TOPO GAE: value mean -0.155086, return mean -2.257161, advantage mean 0.000000/std 1.000000
2026-09-24 00:07:26,899 RL_TOPO PPO: policy_loss -0.000000, value_loss 6.281261, entropy 0.511828, approx_kl 0.000000, clip_fraction 0.000000
2026-09-24 00:07:28,042 RL_TOPO GAE: value mean -0.167518, return mean 1.422611, advantage mean 0.000000/std 1.000000
2026-09-24 00:07:28,055 RL_TOPO PPO: policy_loss -0.000000, value_loss 13.900192, entropy 0.533775, approx_kl 0.000000, clip_fraction 0.000000
2026-09-24 00:07:28,874 RL_TOPO GAE: value mean -0.162379, return mean -1.462845, advantage mean 0.000000/std 1.000000
2026-09-24 00:07:28,892 RL_TOPO PPO: policy_loss -0.000000, value_loss 13.030073, entropy 0.777288, approx_kl 0.000000, clip_fraction 0.000000
2026-09-24 00:07:30,166 RL_TOPO GAE: value mean -0.182625, return mean -1.593400, advantage mean -0.000000/std 1.000000
2026-09-24 00:07:30,180 RL_TOPO PPO: policy_loss 0.000000, value_loss 4.833799, entropy 0.517334, approx_kl 0.000000, clip_fraction 0.000000
2026-09-24 00:07:30,536 RL_TOPO GAE: value mean -0.184100, return mean -1.292726, advantage mean 0.000000/std 1.000000
2026-09-24 00:07:30,551 RL_TOPO PPO: policy_loss -0.000000, value_loss 7.414831, entropy 0.613697, approx_kl 0.000000, clip_fraction 0.000000
2026-09-24 00:07:31,811 RL_TOPO GAE: value mean -0.177085, return mean -3.172505, advantage mean 0.000000/std 1.000000
2026-09-24 00:07:31,825 RL_TOPO PPO: policy_loss -0.000000, value_loss 13.674747, entropy 0.511554, approx_kl 0.000000, clip_fraction 0.000000
2026-09-24 00:07:32,602 RL_TOPO GAE: value mean -0.179726, return mean -2.276895, advantage mean 0.000000/std 1.000000
2026-09-24 00:07:32,620 RL_TOPO PPO: policy_loss -0.000000, value_loss 9.125779, entropy 0.660534, approx_kl 0.000000, clip_fraction 0.000000
2026-09-24 00:07:33,922 RL_TOPO GAE: value mean -0.187590, return mean -2.045802, advantage mean -0.000000/std 1.000000
2026-09-24 00:07:33,936 RL_TOPO PPO: policy_loss 0.000000, value_loss 8.048357, entropy 0.687362, approx_kl 0.000000, clip_fraction 0.000000
2026-09-24 00:07:34,004 RL_TOPO GAE: value mean -0.191976, return mean -1.390457, advantage mean 0.000000/std 1.000000
2026-09-24 00:07:34,016 RL_TOPO PPO: policy_loss -0.000000, value_loss 20.266953, entropy 0.585305, approx_kl 0.000000, clip_fraction 0.000000
2026-09-24 00:07:35,294 RL_TOPO GAE: value mean -0.190574, return mean 0.249807, advantage mean -0.000000/std 1.000000
2026-09-24 00:07:35,308 RL_TOPO PPO: policy_loss 0.000000, value_loss 12.828857, entropy 0.647442, approx_kl 0.000000, clip_fraction 0.000000
2026-09-24 00:07:35,784 RL_TOPO GAE: value mean -0.205738, return mean -1.761901, advantage mean -0.000000/std 1.000000
2026-09-24 00:07:35,803 RL_TOPO PPO: policy_loss 0.000000, value_loss 16.230738, entropy 0.631212, approx_kl 0.000000, clip_fraction 0.000000
2026-09-24 00:07:36,901 RL_TOPO GAE: value mean -0.208740, return mean -1.214667, advantage mean -0.000000/std 1.000000
2026-09-24 00:07:36,917 RL_TOPO PPO: policy_loss -0.000000, value_loss 6.066637, entropy 0.490428, approx_kl 0.000000, clip_fraction 0.000000
2026-09-24 00:07:36,967 RL_TOPO GAE: value mean -0.219261, return mean -2.887810, advantage mean 0.000000/std 1.000000
2026-09-24 00:07:36,986 RL_TOPO PPO: policy_loss -0.000000, value_loss 9.675910, entropy 0.621016, approx_kl 0.000000, clip_fraction 0.000000
2026-09-24 00:07:38,249 RL_TOPO GAE: value mean -0.227330, return mean -2.418207, advantage mean -0.000000/std 1.000000
2026-09-24 00:07:38,269 RL_TOPO PPO: policy_loss 0.000000, value_loss 8.928502, entropy 0.696448, approx_kl 0.000000, clip_fraction 0.000000
2026-09-24 00:07:38,641 RL_TOPO GAE: value mean -0.235066, return mean -1.109256, advantage mean -0.000000/std 1.000000
2026-09-24 00:07:38,677 RL_TOPO PPO: policy_loss 0.000000, value_loss 14.690517, entropy 0.457242, approx_kl 0.000000, clip_fraction 0.000000
2026-09-24 00:07:40,173 RL_TOPO GAE: value mean -0.236967, return mean -0.952126, advantage mean -0.000000/std 1.000000
2026-09-24 00:07:40,197 RL_TOPO PPO: policy_loss 0.000000, value_loss 16.437563, entropy 0.507057, approx_kl 0.000000, clip_fraction 0.000000
2026-09-24 00:07:40,221 RL_TOPO GAE: value mean -0.231976, return mean 2.442861, advantage mean 0.000000/std 1.000000
2026-09-24 00:07:40,235 RL_TOPO PPO: policy_loss -0.000000, value_loss 29.609901, entropy 0.564200, approx_kl 0.000000, clip_fraction 0.000000
2026-09-24 00:07:40,253 iter 20: ppo/value_mean: -0.151, ppo/return_mean: -0.864, ppo/advantage_mean: 0.000, ppo/advantage_std: 1.000, ppo/mean_reward: -0.133, ppo/mean_return: -0.864, ppo/policy_loss: -0.000, ppo/value_loss: 14.489, ppo/entropy: 0.575, ppo/approx_kl: 0.000, ppo/clip_fraction: 0.000, 
2026-09-24 00:07:41,840 RL_TOPO GAE: value mean -0.253065, return mean -1.010625, advantage mean 0.000000/std 1.000000
2026-09-24 00:07:41,865 RL_TOPO PPO: policy_loss -0.000000, value_loss 10.481360, entropy 0.578246, approx_kl 0.000000, clip_fraction 0.000000
2026-09-24 00:07:42,843 RL_TOPO GAE: value mean -0.248395, return mean -0.629051, advantage mean -0.000000/std 1.000000
2026-09-24 00:07:42,857 RL_TOPO PPO: policy_loss -0.000000, value_loss 14.373666, entropy 0.688953, approx_kl 0.000000, clip_fraction 0.000000
2026-09-24 00:07:44,155 RL_TOPO GAE: value mean -0.255618, return mean -2.148409, advantage mean -0.000000/std 1.000000
2026-09-24 00:07:44,175 RL_TOPO PPO: policy_loss 0.000000, value_loss 5.843453, entropy 0.683736, approx_kl 0.000000, clip_fraction 0.000000
2026-09-24 00:07:44,461 RL_TOPO GAE: value mean -0.264576, return mean -1.633105, advantage mean 0.000000/std 1.000000
2026-09-24 00:07:44,478 RL_TOPO PPO: policy_loss -0.000000, value_loss 6.347660, entropy 0.560567, approx_kl 0.000000, clip_fraction 0.000000
2026-09-24 00:07:45,565 RL_TOPO GAE: value mean -0.271460, return mean -1.072024, advantage mean -0.000000/std 1.000000
2026-09-24 00:07:45,582 RL_TOPO PPO: policy_loss 0.000000, value_loss 11.723628, entropy 0.612878, approx_kl 0.000000, clip_fraction 0.000000
2026-09-24 00:07:46,121 RL_TOPO GAE: value mean -0.259230, return mean 0.973967, advantage mean 0.000000/std 1.000000
2026-09-24 00:07:46,134 RL_TOPO PPO: policy_loss -0.000000, value_loss 20.308420, entropy 0.488989, approx_kl 0.000000, clip_fraction 0.000000
2026-09-24 00:07:47,486 RL_TOPO GAE: value mean -0.277596, return mean 1.868793, advantage mean -0.000000/std 1.000000
2026-09-24 00:07:47,501 RL_TOPO PPO: policy_loss -0.000000, value_loss 24.921009, entropy 0.618112, approx_kl 0.000000, clip_fraction 0.000000
2026-09-24 00:07:47,780 RL_TOPO GAE: value mean -0.273872, return mean -1.441377, advantage mean 0.000000/std 1.000000
2026-09-24 00:07:47,802 RL_TOPO PPO: policy_loss -0.000000, value_loss 15.845317, entropy 0.586929, approx_kl 0.000000, clip_fraction 0.000000
2026-09-24 00:07:49,123 RL_TOPO GAE: value mean -0.268798, return mean 1.670678, advantage mean 0.000000/std 1.000000
2026-09-24 00:07:49,138 RL_TOPO PPO: policy_loss -0.000000, value_loss 21.374136, entropy 0.533990, approx_kl 0.000000, clip_fraction 0.000000
2026-09-24 00:07:49,420 RL_TOPO GAE: value mean -0.284052, return mean -1.702324, advantage mean -0.000000/std 1.000000
2026-09-24 00:07:49,434 RL_TOPO PPO: policy_loss 0.000000, value_loss 6.934599, entropy 0.441278, approx_kl 0.000000, clip_fraction 0.000000
2026-09-24 00:07:50,749 RL_TOPO GAE: value mean -0.288026, return mean -1.903180, advantage mean -0.000000/std 1.000000
2026-09-24 00:07:50,769 RL_TOPO PPO: policy_loss 0.000000, value_loss 11.582276, entropy 0.723637, approx_kl 0.000000, clip_fraction 0.000000
2026-09-24 00:07:50,908 RL_TOPO GAE: value mean -0.286505, return mean 2.220646, advantage mean 0.000000/std 1.000000
2026-09-24 00:07:50,922 RL_TOPO PPO: policy_loss -0.000000, value_loss 24.943529, entropy 0.477696, approx_kl 0.000000, clip_fraction 0.000000
2026-09-24 00:07:52,410 RL_TOPO GAE: value mean -0.287772, return mean -0.535144, advantage mean 0.000000/std 1.000000
2026-09-24 00:07:52,434 RL_TOPO PPO: policy_loss 0.000000, value_loss 16.976286, entropy 0.445612, approx_kl 0.000000, clip_fraction 0.000000
2026-09-24 00:07:52,761 RL_TOPO GAE: value mean -0.295992, return mean 0.181006, advantage mean 0.000000/std 1.000000
2026-09-24 00:07:52,784 RL_TOPO PPO: policy_loss -0.000000, value_loss 15.970427, entropy 0.706870, approx_kl 0.000000, clip_fraction 0.000000
2026-09-24 00:07:54,107 RL_TOPO GAE: value mean -0.306291, return mean -2.359404, advantage mean 0.000000/std 1.000000
2026-09-24 00:07:54,120 RL_TOPO PPO: policy_loss -0.000000, value_loss 7.047354, entropy 0.419450, approx_kl 0.000000, clip_fraction 0.000000
2026-09-24 00:07:54,198 RL_TOPO GAE: value mean -0.301708, return mean 0.751904, advantage mean -0.000000/std 1.000000
2026-09-24 00:07:54,221 RL_TOPO PPO: policy_loss 0.000000, value_loss 16.916414, entropy 0.528831, approx_kl 0.000000, clip_fraction 0.000000
2026-09-24 00:07:55,764 RL_TOPO GAE: value mean -0.305875, return mean -1.612252, advantage mean -0.000000/std 1.000000
2026-09-24 00:07:55,778 RL_TOPO PPO: policy_loss 0.000000, value_loss 8.683722, entropy 0.515888, approx_kl 0.000000, clip_fraction 0.000000
2026-09-24 00:07:55,780 RL_TOPO GAE: value mean -0.308631, return mean -0.828589, advantage mean -0.000000/std 1.000000
2026-09-24 00:07:55,805 RL_TOPO PPO: policy_loss 0.000000, value_loss 13.636557, entropy 0.469166, approx_kl 0.000000, clip_fraction 0.000000
2026-09-24 00:07:56,957 RL_TOPO GAE: value mean -0.304151, return mean -1.922413, advantage mean 0.000000/std 1.000000
2026-09-24 00:07:56,970 RL_TOPO PPO: policy_loss -0.000000, value_loss 5.245456, entropy 0.593327, approx_kl 0.000000, clip_fraction 0.000000
2026-09-24 00:07:57,446 RL_TOPO GAE: value mean -0.319936, return mean -1.076065, advantage mean -0.000000/std 1.000000
2026-09-24 00:07:57,461 RL_TOPO PPO: policy_loss 0.000000, value_loss 12.126135, entropy 0.590221, approx_kl 0.000000, clip_fraction 0.000000
2026-09-24 00:07:58,811 RL_TOPO GAE: value mean -0.314934, return mean -0.781761, advantage mean 0.000000/std 1.000000
2026-09-24 00:07:58,826 RL_TOPO PPO: policy_loss -0.000000, value_loss 11.327334, entropy 0.632770, approx_kl 0.000000, clip_fraction 0.000000
2026-09-24 00:07:58,897 RL_TOPO GAE: value mean -0.307913, return mean -1.014899, advantage mean -0.000000/std 1.000000
2026-09-24 00:07:58,915 RL_TOPO PPO: policy_loss -0.000000, value_loss 11.150245, entropy 0.435624, approx_kl 0.000000, clip_fraction 0.000000
2026-09-24 00:08:00,137 RL_TOPO GAE: value mean -0.319218, return mean -1.323496, advantage mean -0.000000/std 1.000000
2026-09-24 00:08:00,156 RL_TOPO PPO: policy_loss -0.000000, value_loss 15.223681, entropy 0.486308, approx_kl 0.000000, clip_fraction 0.000000
2026-09-24 00:08:00,303 RL_TOPO GAE: value mean -0.326166, return mean -1.390323, advantage mean 0.000000/std 1.000000
2026-09-24 00:08:00,317 RL_TOPO PPO: policy_loss -0.000000, value_loss 9.242439, entropy 0.652546, approx_kl 0.000000, clip_fraction 0.000000
2026-09-24 00:08:01,577 RL_TOPO GAE: value mean -0.329635, return mean -0.500116, advantage mean 0.000000/std 1.000000
2026-09-24 00:08:01,596 RL_TOPO PPO: policy_loss -0.000000, value_loss 6.231583, entropy 0.513242, approx_kl 0.000000, clip_fraction 0.000000
2026-09-24 00:08:01,735 RL_TOPO GAE: value mean -0.339334, return mean -1.206365, advantage mean -0.000000/std 1.000000
2026-09-24 00:08:01,749 RL_TOPO PPO: policy_loss 0.000000, value_loss 8.230241, entropy 0.633652, approx_kl 0.000000, clip_fraction 0.000000
2026-09-24 00:08:02,897 RL_TOPO GAE: value mean -0.333765, return mean -1.464655, advantage mean 0.000000/std 1.000000
2026-09-24 00:08:02,910 RL_TOPO PPO: policy_loss 0.000000, value_loss 5.833314, entropy 0.560978, approx_kl 0.000000, clip_fraction 0.000000
2026-09-24 00:08:03,206 RL_TOPO GAE: value mean -0.329850, return mean 0.927471, advantage mean 0.000000/std 1.000000
2026-09-24 00:08:03,225 RL_TOPO PPO: policy_loss 0.000000, value_loss 20.151989, entropy 0.445846, approx_kl 0.000000, clip_fraction 0.000000
2026-09-24 00:08:04,817 RL_TOPO GAE: value mean -0.339062, return mean -1.137622, advantage mean -0.000000/std 1.000000
2026-09-24 00:08:04,842 RL_TOPO PPO: policy_loss 0.000000, value_loss 12.508898, entropy 0.570020, approx_kl 0.000000, clip_fraction 0.000000
2026-09-24 00:08:05,065 RL_TOPO GAE: value mean -0.346059, return mean 0.758067, advantage mean -0.000000/std 1.000000
2026-09-24 00:08:05,102 RL_TOPO PPO: policy_loss 0.000000, value_loss 14.020041, entropy 0.562159, approx_kl 0.000000, clip_fraction 0.000000
2026-09-24 00:08:06,174 RL_TOPO GAE: value mean -0.350049, return mean -1.226094, advantage mean -0.000000/std 1.000000
2026-09-24 00:08:06,191 RL_TOPO PPO: policy_loss -0.000000, value_loss 6.717154, entropy 0.529140, approx_kl 0.000000, clip_fraction 0.000000
2026-09-24 00:08:06,508 RL_TOPO GAE: value mean -0.356477, return mean -0.645873, advantage mean 0.000000/std 1.000000
2026-09-24 00:08:06,520 RL_TOPO PPO: policy_loss 0.000000, value_loss 12.411371, entropy 0.620600, approx_kl 0.000000, clip_fraction 0.000000
2026-09-24 00:08:07,836 RL_TOPO GAE: value mean -0.358289, return mean -1.703795, advantage mean 0.000000/std 1.000000
2026-09-24 00:08:07,857 RL_TOPO PPO: policy_loss -0.000000, value_loss 5.298465, entropy 0.541328, approx_kl 0.000000, clip_fraction 0.000000
2026-09-24 00:08:08,117 RL_TOPO GAE: value mean -0.350621, return mean 0.257442, advantage mean -0.000000/std 1.000000
2026-09-24 00:08:08,131 RL_TOPO PPO: policy_loss 0.000000, value_loss 18.999054, entropy 0.530754, approx_kl 0.000000, clip_fraction 0.000000
2026-09-24 00:08:09,395 RL_TOPO GAE: value mean -0.368815, return mean -0.216681, advantage mean -0.000000/std 1.000000
2026-09-24 00:08:09,409 RL_TOPO PPO: policy_loss -0.000003, value_loss 13.803753, entropy 0.713137, approx_kl 0.000006, clip_fraction 0.000000
2026-09-24 00:08:09,729 RL_TOPO GAE: value mean -0.361941, return mean -0.852674, advantage mean -0.000000/std 1.000000
2026-09-24 00:08:09,744 RL_TOPO PPO: policy_loss -0.000000, value_loss 13.894219, entropy 0.475327, approx_kl 0.000000, clip_fraction 0.000000
2026-09-24 00:08:11,002 RL_TOPO GAE: value mean -0.378468, return mean -2.466722, advantage mean -0.000000/std 1.000000
2026-09-24 00:08:11,017 RL_TOPO PPO: policy_loss 0.000000, value_loss 11.799465, entropy 0.630330, approx_kl 0.000000, clip_fraction 0.000000
2026-09-24 00:08:11,393 RL_TOPO GAE: value mean -0.363977, return mean 0.859301, advantage mean 0.000000/std 1.000000
2026-09-24 00:08:11,429 RL_TOPO PPO: policy_loss -0.000000, value_loss 20.096241, entropy 0.611849, approx_kl 0.000000, clip_fraction 0.000000
2026-09-24 00:08:12,702 RL_TOPO GAE: value mean -0.372849, return mean 0.627181, advantage mean -0.000000/std 1.000000
2026-09-24 00:08:12,722 RL_TOPO PPO: policy_loss 0.000000, value_loss 24.154062, entropy 0.713056, approx_kl 0.000000, clip_fraction 0.000000
2026-09-24 00:08:13,141 RL_TOPO GAE: value mean -0.361651, return mean -2.567584, advantage mean 0.000000/std 1.000000
2026-09-24 00:08:13,163 RL_TOPO PPO: policy_loss -0.000000, value_loss 13.905010, entropy 0.446063, approx_kl 0.000000, clip_fraction 0.000000
2026-09-24 00:08:13,184 iter 40: ppo/value_mean: -0.314, ppo/return_mean: -0.598, ppo/advantage_mean: 0.000, ppo/advantage_std: 1.000, ppo/mean_reward: -0.030, ppo/mean_return: -0.598, ppo/policy_loss: -0.000, ppo/value_loss: 13.734, ppo/entropy: 0.545, ppo/approx_kl: 0.000, ppo/clip_fraction: 0.000, 
2026-09-24 00:08:14,300 RL_TOPO GAE: value mean -0.378405, return mean -0.469226, advantage mean 0.000000/std 1.000000
2026-09-24 00:08:14,319 RL_TOPO PPO: policy_loss -0.000000, value_loss 21.653305, entropy 0.621041, approx_kl 0.000000, clip_fraction 0.000000
2026-09-24 00:08:15,788 RL_TOPO GAE: value mean -0.355485, return mean 0.265660, advantage mean 0.000000/std 1.000000
2026-09-24 00:08:15,809 RL_TOPO PPO: policy_loss -0.000000, value_loss 11.177361, entropy 0.613301, approx_kl 0.000000, clip_fraction 0.000000
2026-09-24 00:08:17,296 RL_TOPO GAE: value mean -0.379258, return mean -2.560481, advantage mean -0.000000/std 1.000000
2026-09-24 00:08:17,315 RL_TOPO PPO: policy_loss 0.000000, value_loss 8.957794, entropy 0.621463, approx_kl 0.000000, clip_fraction 0.000000
2026-09-24 00:08:17,385 RL_TOPO GAE: value mean -0.394854, return mean -0.144313, advantage mean 0.000000/std 1.000000
2026-09-24 00:08:17,401 RL_TOPO PPO: policy_loss -0.000000, value_loss 12.196032, entropy 0.544298, approx_kl 0.000000, clip_fraction 0.000000
2026-09-24 00:08:19,166 RL_TOPO GAE: value mean -0.374985, return mean -0.484614, advantage mean 0.000000/std 1.000000
2026-09-24 00:08:19,193 RL_TOPO PPO: policy_loss -0.000000, value_loss 3.225991, entropy 0.684928, approx_kl 0.000000, clip_fraction 0.000000
2026-09-24 00:08:19,839 RL_TOPO GAE: value mean -0.392418, return mean -2.026986, advantage mean -0.000000/std 1.000000
2026-09-24 00:08:19,857 RL_TOPO PPO: policy_loss 0.000000, value_loss 6.240539, entropy 0.581530, approx_kl 0.000000, clip_fraction 0.000000
2026-09-24 00:08:21,205 RL_TOPO GAE: value mean -0.380940, return mean -3.308568, advantage mean 0.000000/std 1.000000
2026-09-24 00:08:21,227 RL_TOPO PPO: policy_loss -0.000000, value_loss 12.174313, entropy 0.399885, approx_kl 0.000000, clip_fraction 0.000000
2026-09-24 00:08:22,153 RL_TOPO GAE: value mean -0.394295, return mean -2.304713, advantage mean 0.000000/std 1.000000
2026-09-24 00:08:22,171 RL_TOPO PPO: policy_loss -0.000000, value_loss 9.769575, entropy 0.583114, approx_kl 0.000000, clip_fraction 0.000000
2026-09-24 00:08:23,727 RL_TOPO GAE: value mean -0.403532, return mean -0.708813, advantage mean -0.000000/std 1.000000
2026-09-24 00:08:23,743 RL_TOPO PPO: policy_loss 0.000000, value_loss 11.227429, entropy 0.615487, approx_kl 0.000000, clip_fraction 0.000000
2026-09-24 00:08:23,791 RL_TOPO GAE: value mean -0.403773, return mean -2.378427, advantage mean -0.000000/std 1.000000
2026-09-24 00:08:23,806 RL_TOPO PPO: policy_loss 0.000000, value_loss 6.868780, entropy 0.694008, approx_kl 0.000000, clip_fraction 0.000000
2026-09-24 00:08:25,175 RL_TOPO GAE: value mean -0.420151, return mean 1.582250, advantage mean -0.000000/std 1.000000
2026-09-24 00:08:25,198 RL_TOPO PPO: policy_loss -0.000000, value_loss 22.105160, entropy 0.661948, approx_kl 0.000000, clip_fraction 0.000000
2026-09-24 00:08:25,429 RL_TOPO GAE: value mean -0.398606, return mean -0.374044, advantage mean -0.000000/std 1.000000
2026-09-24 00:08:25,443 RL_TOPO PPO: policy_loss 0.000000, value_loss 17.047575, entropy 0.586071, approx_kl 0.000000, clip_fraction 0.000000
2026-09-24 00:08:26,673 RL_TOPO GAE: value mean -0.426949, return mean 0.819176, advantage mean 0.000000/std 1.000000
2026-09-24 00:08:26,691 RL_TOPO PPO: policy_loss -0.000000, value_loss 13.462346, entropy 0.632863, approx_kl 0.000000, clip_fraction 0.000000
2026-09-24 00:08:27,045 RL_TOPO GAE: value mean -0.431507, return mean -1.161873, advantage mean -0.000000/std 1.000000
2026-09-24 00:08:27,062 RL_TOPO PPO: policy_loss 0.000000, value_loss 8.891064, entropy 0.481644, approx_kl 0.000000, clip_fraction 0.000000
2026-09-24 00:08:28,649 RL_TOPO GAE: value mean -0.439307, return mean -0.338186, advantage mean -0.000000/std 1.000000
2026-09-24 00:08:28,663 RL_TOPO PPO: policy_loss 0.000000, value_loss 19.405983, entropy 0.672162, approx_kl 0.000000, clip_fraction 0.000000
2026-09-24 00:08:28,690 RL_TOPO GAE: value mean -0.439754, return mean -0.381036, advantage mean 0.000000/std 1.000000
2026-09-24 00:08:28,707 RL_TOPO PPO: policy_loss -0.000000, value_loss 17.901648, entropy 0.637866, approx_kl 0.000000, clip_fraction 0.000000
2026-09-24 00:08:29,958 RL_TOPO GAE: value mean -0.445869, return mean 1.103201, advantage mean 0.000000/std 1.000000
2026-09-24 00:08:29,972 RL_TOPO PPO: policy_loss -0.000000, value_loss 21.721355, entropy 0.863344, approx_kl 0.000000, clip_fraction 0.000000
2026-09-24 00:08:30,263 RL_TOPO GAE: value mean -0.454744, return mean -2.110538, advantage mean -0.000000/std 1.000000
2026-09-24 00:08:30,278 RL_TOPO PPO: policy_loss -0.000000, value_loss 8.851051, entropy 0.769099, approx_kl 0.000000, clip_fraction 0.000000
2026-09-24 00:08:31,740 RL_TOPO GAE: value mean -0.432479, return mean -3.386165, advantage mean -0.000000/std 1.000000
2026-09-24 00:08:31,763 RL_TOPO PPO: policy_loss 0.000000, value_loss 13.301044, entropy 0.660638, approx_kl 0.000000, clip_fraction 0.000000
2026-09-24 00:08:31,971 RL_TOPO GAE: value mean -0.444529, return mean 0.424896, advantage mean -0.000000/std 1.000000
2026-09-24 00:08:31,997 RL_TOPO PPO: policy_loss -0.000000, value_loss 17.089422, entropy 0.507537, approx_kl 0.000000, clip_fraction 0.000000
2026-09-24 00:08:33,354 RL_TOPO GAE: value mean -0.465098, return mean 0.499604, advantage mean -0.000000/std 1.000000
2026-09-24 00:08:33,369 RL_TOPO PPO: policy_loss 0.000000, value_loss 17.720650, entropy 0.562894, approx_kl 0.000000, clip_fraction 0.000000
2026-09-24 00:08:33,484 RL_TOPO GAE: value mean -0.447826, return mean -1.998794, advantage mean 0.000000/std 1.000000
2026-09-24 00:08:33,499 RL_TOPO PPO: policy_loss -0.000000, value_loss 7.170044, entropy 0.370733, approx_kl 0.000000, clip_fraction 0.000000
2026-09-24 00:08:34,936 RL_TOPO GAE: value mean -0.448178, return mean -0.067240, advantage mean 0.000000/std 1.000000
2026-09-24 00:08:34,958 RL_TOPO PPO: policy_loss -0.000000, value_loss 17.063288, entropy 0.404888, approx_kl 0.000000, clip_fraction 0.000000
2026-09-24 00:08:35,093 RL_TOPO GAE: value mean -0.454163, return mean 0.603804, advantage mean 0.000000/std 1.000000
2026-09-24 00:08:35,108 RL_TOPO PPO: policy_loss -0.000000, value_loss 18.551510, entropy 0.542152, approx_kl 0.000000, clip_fraction 0.000000
2026-09-24 00:08:36,406 RL_TOPO GAE: value mean -0.438587, return mean -0.614215, advantage mean 0.000000/std 1.000000
2026-09-24 00:08:36,419 RL_TOPO PPO: policy_loss -0.000000, value_loss 28.602179, entropy 0.492074, approx_kl 0.000000, clip_fraction 0.000000
2026-09-24 00:08:36,625 RL_TOPO GAE: value mean -0.466602, return mean 0.600860, advantage mean -0.000000/std 1.000000
2026-09-24 00:08:36,642 RL_TOPO PPO: policy_loss 0.000000, value_loss 20.923403, entropy 0.738815, approx_kl 0.000000, clip_fraction 0.000000
2026-09-24 00:08:38,076 RL_TOPO GAE: value mean -0.452559, return mean -0.586964, advantage mean 0.000000/std 1.000000
2026-09-24 00:08:38,092 RL_TOPO PPO: policy_loss -0.000000, value_loss 19.104757, entropy 0.558003, approx_kl 0.000000, clip_fraction 0.000000
2026-09-24 00:08:38,259 RL_TOPO GAE: value mean -0.474243, return mean -0.184959, advantage mean 0.000000/std 1.000000
2026-09-24 00:08:38,293 RL_TOPO PPO: policy_loss -0.000000, value_loss 13.889712, entropy 0.432728, approx_kl 0.000000, clip_fraction 0.000000
2026-09-24 00:08:39,699 RL_TOPO GAE: value mean -0.474670, return mean 0.794880, advantage mean -0.000000/std 1.000000
2026-09-24 00:08:39,722 RL_TOPO PPO: policy_loss 0.000000, value_loss 16.053589, entropy 0.676147, approx_kl 0.000000, clip_fraction 0.000000
2026-09-24 00:08:39,889 RL_TOPO GAE: value mean -0.450857, return mean 0.068134, advantage mean -0.000000/std 1.000000
2026-09-24 00:08:39,904 RL_TOPO PPO: policy_loss 0.000000, value_loss 24.140621, entropy 0.486892, approx_kl 0.000000, clip_fraction 0.000000
2026-09-24 00:08:41,252 RL_TOPO GAE: value mean -0.458599, return mean -1.511821, advantage mean 0.000000/std 1.000000
2026-09-24 00:08:41,267 RL_TOPO PPO: policy_loss -0.000000, value_loss 23.184790, entropy 0.505585, approx_kl 0.000000, clip_fraction 0.000000
2026-09-24 00:08:41,491 RL_TOPO GAE: value mean -0.452141, return mean -0.996558, advantage mean 0.000000/std 1.000000
2026-09-24 00:08:41,507 RL_TOPO PPO: policy_loss -0.000000, value_loss 14.664917, entropy 0.414373, approx_kl 0.000000, clip_fraction 0.000000
2026-09-24 00:08:42,921 RL_TOPO GAE: value mean -0.466588, return mean -3.466490, advantage mean 0.000000/std 1.000000
2026-09-24 00:08:42,944 RL_TOPO PPO: policy_loss -0.000000, value_loss 11.197735, entropy 0.461765, approx_kl 0.000000, clip_fraction 0.000000
2026-09-24 00:08:43,138 RL_TOPO GAE: value mean -0.476508, return mean -0.963338, advantage mean 0.000000/std 1.000000
2026-09-24 00:08:43,153 RL_TOPO PPO: policy_loss -0.000000, value_loss 15.146835, entropy 0.600304, approx_kl 0.000000, clip_fraction 0.000000
2026-09-24 00:08:44,450 RL_TOPO GAE: value mean -0.472603, return mean -1.847679, advantage mean 0.000000/std 1.000000
2026-09-24 00:08:44,465 RL_TOPO PPO: policy_loss -0.000000, value_loss 5.543012, entropy 0.787453, approx_kl 0.000000, clip_fraction 0.000000
2026-09-24 00:08:44,836 RL_TOPO GAE: value mean -0.479747, return mean 1.169368, advantage mean 0.000000/std 1.000000
2026-09-24 00:08:44,872 RL_TOPO PPO: policy_loss -0.000000, value_loss 21.739962, entropy 0.375696, approx_kl 0.000000, clip_fraction 0.000000
2026-09-24 00:08:46,223 RL_TOPO GAE: value mean -0.482932, return mean -1.471081, advantage mean -0.000000/std 1.000000
2026-09-24 00:08:46,244 RL_TOPO PPO: policy_loss 0.000000, value_loss 4.327797, entropy 0.607028, approx_kl 0.000000, clip_fraction 0.000000
2026-09-24 00:08:46,329 RL_TOPO GAE: value mean -0.483924, return mean -1.602072, advantage mean -0.000000/std 1.000000
2026-09-24 00:08:46,345 RL_TOPO PPO: policy_loss 0.000000, value_loss 5.877981, entropy 0.703696, approx_kl 0.000000, clip_fraction 0.000000
2026-09-24 00:08:47,711 RL_TOPO GAE: value mean -0.464332, return mean -1.900956, advantage mean 0.000000/std 1.000000
2026-09-24 00:08:47,733 RL_TOPO PPO: policy_loss -0.000000, value_loss 7.356590, entropy 0.549933, approx_kl 0.000000, clip_fraction 0.000000
2026-09-24 00:08:48,014 RL_TOPO GAE: value mean -0.483315, return mean -2.286513, advantage mean 0.000000/std 1.000000
2026-09-24 00:08:48,029 RL_TOPO PPO: policy_loss -0.000000, value_loss 6.668721, entropy 0.529944, approx_kl 0.000000, clip_fraction 0.000000
2026-09-24 00:08:48,056 iter 60: ppo/value_mean: -0.437, ppo/return_mean: -0.869, ppo/advantage_mean: -0.000, ppo/advantage_std: 1.000, ppo/mean_reward: -0.090, ppo/mean_return: -0.869, ppo/policy_loss: 0.000, ppo/value_loss: 13.766, ppo/entropy: 0.560, ppo/approx_kl: 0.000, ppo/clip_fraction: 0.000, 
2026-09-24 00:08:49,500 RL_TOPO GAE: value mean -0.482143, return mean -2.383875, advantage mean -0.000000/std 1.000000
2026-09-24 00:08:49,523 RL_TOPO PPO: policy_loss 0.000000, value_loss 9.140989, entropy 0.537430, approx_kl 0.000000, clip_fraction 0.000000
2026-09-24 00:08:50,617 RL_TOPO GAE: value mean -0.483434, return mean 0.153838, advantage mean 0.000000/std 1.000000
2026-09-24 00:08:50,653 RL_TOPO PPO: policy_loss -0.000000, value_loss 13.839297, entropy 0.580249, approx_kl 0.000000, clip_fraction 0.000000
2026-09-24 00:08:52,095 RL_TOPO GAE: value mean -0.479818, return mean 0.171357, advantage mean -0.000000/std 1.000000
2026-09-24 00:08:52,118 RL_TOPO PPO: policy_loss 0.000000, value_loss 19.294661, entropy 0.632259, approx_kl 0.000000, clip_fraction 0.000000
2026-09-24 00:08:52,341 RL_TOPO GAE: value mean -0.500757, return mean -0.687911, advantage mean 0.000000/std 1.000000
2026-09-24 00:08:52,356 RL_TOPO PPO: policy_loss -0.000000, value_loss 9.027518, entropy 0.589203, approx_kl 0.000000, clip_fraction 0.000000
2026-09-24 00:08:53,560 RL_TOPO GAE: value mean -0.506189, return mean -1.223943, advantage mean -0.000000/std 1.000000
2026-09-24 00:08:53,573 RL_TOPO PPO: policy_loss 0.000000, value_loss 18.875978, entropy 0.567220, approx_kl 0.000000, clip_fraction 0.000000
2026-09-24 00:08:54,062 RL_TOPO GAE: value mean -0.496604, return mean 1.228976, advantage mean -0.000000/std 1.000000
2026-09-24 00:08:54,078 RL_TOPO PPO: policy_loss 0.000000, value_loss 17.570744, entropy 0.441308, approx_kl 0.000000, clip_fraction 0.000000
2026-09-24 00:08:55,575 RL_TOPO GAE: value mean -0.508784, return mean -1.550987, advantage mean -0.000000/std 1.000000
2026-09-24 00:08:55,599 RL_TOPO PPO: policy_loss 0.000000, value_loss 9.016372, entropy 0.521897, approx_kl 0.000000, clip_fraction 0.000000
2026-09-24 00:08:55,618 RL_TOPO GAE: value mean -0.490336, return mean 0.485734, advantage mean -0.000000/std 1.000000
2026-09-24 00:08:55,633 RL_TOPO PPO: policy_loss 0.000000, value_loss 20.156452, entropy 0.674371, approx_kl 0.000000, clip_fraction 0.000000
2026-09-24 00:08:57,057 RL_TOPO GAE: value mean -0.507651, return mean 0.420019, advantage mean 0.000000/std 1.000000
2026-09-24 00:08:57,073 RL_TOPO PPO: policy_loss 0.000000, value_loss 16.488493, entropy 0.591208, approx_kl 0.000000, clip_fraction 0.000000
2026-09-24 00:08:57,202 RL_TOPO GAE: value mean -0.501559, return mean -1.982364, advantage mean 0.000000/std 1.000000
2026-09-24 00:08:57,238 RL_TOPO PPO: policy_loss -0.000000, value_loss 17.786388, entropy 0.501307, approx_kl 0.000000, clip_fraction 0.000000
2026-09-24 00:08:58,781 RL_TOPO GAE: value mean -0.521368, return mean -0.788283, advantage mean 0.000000/std 1.000000
2026-09-24 00:08:58,794 RL_TOPO PPO: policy_loss -0.000000, value_loss 11.276950, entropy 0.522912, approx_kl 0.000000, clip_fraction 0.000000
2026-09-24 00:08:58,806 RL_TOPO GAE: value mean -0.545143, return mean -0.693778, advantage mean 0.000000/std 1.000000
2026-09-24 00:08:58,822 RL_TOPO PPO: policy_loss -0.000000, value_loss 14.790427, entropy 0.830486, approx_kl 0.000000, clip_fraction 0.000000
2026-09-24 00:09:00,178 RL_TOPO GAE: value mean -0.527328, return mean 1.028074, advantage mean -0.000000/std 1.000000
2026-09-24 00:09:00,193 RL_TOPO PPO: policy_loss 0.000000, value_loss 13.525406, entropy 0.875571, approx_kl 0.000000, clip_fraction 0.000000
2026-09-24 00:09:00,288 RL_TOPO GAE: value mean -0.525974, return mean -3.004020, advantage mean 0.000000/std 1.000000
2026-09-24 00:09:00,300 RL_TOPO PPO: policy_loss -0.000000, value_loss 9.586945, entropy 0.595727, approx_kl 0.000000, clip_fraction 0.000000
2026-09-24 00:09:01,626 RL_TOPO GAE: value mean -0.541400, return mean -2.539685, advantage mean -0.000000/std 1.000000
2026-09-24 00:09:01,642 RL_TOPO PPO: policy_loss 0.000000, value_loss 6.969975, entropy 0.659266, approx_kl 0.000000, clip_fraction 0.000000
2026-09-24 00:09:01,813 RL_TOPO GAE: value mean -0.504736, return mean 0.023323, advantage mean -0.000000/std 1.000000
2026-09-24 00:09:01,827 RL_TOPO PPO: policy_loss 0.000000, value_loss 20.585434, entropy 0.422931, approx_kl 0.000000, clip_fraction 0.000000
2026-09-24 00:09:03,406 RL_TOPO GAE: value mean -0.535200, return mean -0.566253, advantage mean -0.000000/std 1.000000
2026-09-24 00:09:03,422 RL_TOPO GAE: value mean -0.550086, return mean -0.294313, advantage mean -0.000000/std 1.000000
2026-09-24 00:09:03,424 RL_TOPO PPO: policy_loss 0.000000, value_loss 14.751443, entropy 0.652161, approx_kl 0.000000, clip_fraction 0.000000
2026-09-24 00:09:03,447 RL_TOPO PPO: policy_loss -0.000000, value_loss 7.468903, entropy 0.471207, approx_kl 0.000000, clip_fraction 0.000000
2026-09-24 00:09:04,773 RL_TOPO GAE: value mean -0.528738, return mean 0.944793, advantage mean -0.000000/std 1.000000
2026-09-24 00:09:04,795 RL_TOPO PPO: policy_loss 0.000000, value_loss 18.072748, entropy 0.551939, approx_kl 0.000000, clip_fraction 0.000000
2026-09-24 00:09:05,023 RL_TOPO GAE: value mean -0.533403, return mean -2.644910, advantage mean 0.000000/std 1.000000
2026-09-24 00:09:05,035 RL_TOPO PPO: policy_loss -0.000000, value_loss 8.436829, entropy 0.631281, approx_kl 0.000000, clip_fraction 0.000000
2026-09-24 00:09:06,245 RL_TOPO GAE: value mean -0.540283, return mean -0.915834, advantage mean 0.000000/std 1.000000
2026-09-24 00:09:06,258 RL_TOPO PPO: policy_loss 0.000000, value_loss 3.760590, entropy 0.477675, approx_kl 0.000000, clip_fraction 0.000000
2026-09-24 00:09:06,690 RL_TOPO GAE: value mean -0.535641, return mean -0.439996, advantage mean -0.000000/std 1.000000
2026-09-24 00:09:06,705 RL_TOPO PPO: policy_loss 0.000000, value_loss 5.617260, entropy 0.408698, approx_kl 0.000000, clip_fraction 0.000000
2026-09-24 00:09:08,062 RL_TOPO GAE: value mean -0.556375, return mean -1.452788, advantage mean 0.000000/std 1.000000
2026-09-24 00:09:08,084 RL_TOPO PPO: policy_loss 0.000000, value_loss 14.283663, entropy 0.625920, approx_kl 0.000000, clip_fraction 0.000000
2026-09-24 00:09:08,444 RL_TOPO GAE: value mean -0.528257, return mean -2.085521, advantage mean -0.000000/std 1.000000
2026-09-24 00:09:08,462 RL_TOPO PPO: policy_loss 0.000000, value_loss 6.006890, entropy 0.504598, approx_kl 0.000000, clip_fraction 0.000000
2026-09-24 00:09:09,794 RL_TOPO GAE: value mean -0.557069, return mean -2.208345, advantage mean 0.000000/std 1.000000
2026-09-24 00:09:09,809 RL_TOPO PPO: policy_loss -0.000000, value_loss 8.033188, entropy 0.561587, approx_kl 0.000000, clip_fraction 0.000000
2026-09-24 00:09:10,433 RL_TOPO GAE: value mean -0.571321, return mean -1.402559, advantage mean 0.000000/std 1.000000
2026-09-24 00:09:10,474 RL_TOPO PPO: policy_loss -0.000000, value_loss 11.285402, entropy 0.618812, approx_kl 0.000000, clip_fraction 0.000000
2026-09-24 00:09:11,735 RL_TOPO GAE: value mean -0.564044, return mean -0.284057, advantage mean 0.000000/std 1.000000
2026-09-24 00:09:11,757 RL_TOPO PPO: policy_loss -0.000000, value_loss 10.776016, entropy 0.478323, approx_kl 0.000000, clip_fraction 0.000000
2026-09-24 00:09:12,082 RL_TOPO GAE: value mean -0.536057, return mean 0.378688, advantage mean 0.000000/std 1.000000
2026-09-24 00:09:12,097 RL_TOPO PPO: policy_loss -0.000000, value_loss 21.282360, entropy 0.344994, approx_kl 0.000000, clip_fraction 0.000000
2026-09-24 00:09:13,385 RL_TOPO GAE: value mean -0.566804, return mean -1.435296, advantage mean 0.000000/std 1.000000
2026-09-24 00:09:13,407 RL_TOPO PPO: policy_loss 0.000000, value_loss 7.468367, entropy 0.660527, approx_kl 0.000000, clip_fraction 0.000000
2026-09-24 00:09:13,672 RL_TOPO GAE: value mean -0.535961, return mean -1.076774, advantage mean 0.000000/std 1.000000
2026-09-24 00:09:13,696 RL_TOPO PPO: policy_loss -0.000000, value_loss 11.291929, entropy 0.602858, approx_kl 0.000000, clip_fraction 0.000000
2026-09-24 00:09:14,986 RL_TOPO GAE: value mean -0.569586, return mean 0.460170, advantage mean 0.000000/std 1.000000
2026-09-24 00:09:15,007 RL_TOPO PPO: policy_loss -0.000000, value_loss 14.543907, entropy 0.766738, approx_kl 0.000000, clip_fraction 0.000000
2026-09-24 00:09:15,495 RL_TOPO GAE: value mean -0.569323, return mean -2.135626, advantage mean 0.000000/std 1.000000
2026-09-24 00:09:15,513 RL_TOPO PPO: policy_loss -0.000000, value_loss 16.282375, entropy 0.529198, approx_kl 0.000000, clip_fraction 0.000000
2026-09-24 00:09:16,976 RL_TOPO GAE: value mean -0.579031, return mean -1.340704, advantage mean 0.000000/std 1.000000
2026-09-24 00:09:17,011 RL_TOPO PPO: policy_loss -0.000000, value_loss 11.937319, entropy 0.617625, approx_kl 0.000000, clip_fraction 0.000000
2026-09-24 00:09:17,064 RL_TOPO GAE: value mean -0.589745, return mean -0.994111, advantage mean -0.000000/std 1.000000
2026-09-24 00:09:17,088 RL_TOPO PPO: policy_loss 0.000000, value_loss 10.709236, entropy 0.627294, approx_kl 0.000000, clip_fraction 0.000000
2026-09-24 00:09:18,407 RL_TOPO GAE: value mean -0.573907, return mean -1.438997, advantage mean -0.000000/std 1.000000
2026-09-24 00:09:18,430 RL_TOPO PPO: policy_loss 0.000000, value_loss 13.744591, entropy 0.498238, approx_kl 0.000000, clip_fraction 0.000000
2026-09-24 00:09:18,781 RL_TOPO GAE: value mean -0.563702, return mean -0.083079, advantage mean -0.000000/std 1.000000
2026-09-24 00:09:18,796 RL_TOPO PPO: policy_loss 0.000000, value_loss 18.357227, entropy 0.716502, approx_kl 0.000000, clip_fraction 0.000000
2026-09-24 00:09:20,056 RL_TOPO GAE: value mean -0.581508, return mean -2.979956, advantage mean -0.000000/std 1.000000
2026-09-24 00:09:20,070 RL_TOPO PPO: policy_loss 0.000000, value_loss 9.240193, entropy 0.727987, approx_kl 0.000000, clip_fraction 0.000000
2026-09-24 00:09:20,097 RL_TOPO GAE: value mean -0.589262, return mean -0.377615, advantage mean -0.000000/std 1.000000
2026-09-24 00:09:20,115 RL_TOPO PPO: policy_loss 0.000000, value_loss 11.467187, entropy 0.629918, approx_kl 0.000000, clip_fraction 0.000000
2026-09-24 00:09:21,422 RL_TOPO GAE: value mean -0.612737, return mean -0.729912, advantage mean -0.000000/std 1.000000
2026-09-24 00:09:21,443 RL_TOPO PPO: policy_loss 0.000000, value_loss 13.266610, entropy 0.557176, approx_kl 0.000000, clip_fraction 0.000000
2026-09-24 00:09:21,641 RL_TOPO GAE: value mean -0.586603, return mean 2.519016, advantage mean 0.000000/std 1.000000
2026-09-24 00:09:21,657 RL_TOPO PPO: policy_loss -0.000000, value_loss 33.468426, entropy 0.569074, approx_kl 0.000000, clip_fraction 0.000000
2026-09-24 00:09:21,678 iter 80: ppo/value_mean: -0.534, ppo/return_mean: -0.691, ppo/advantage_mean: 0.000, ppo/advantage_std: 1.000, ppo/mean_reward: -0.048, ppo/mean_return: -0.691, ppo/policy_loss: -0.000, ppo/value_loss: 14.501, ppo/entropy: 0.558, ppo/approx_kl: 0.000, ppo/clip_fraction: 0.000, 
2026-09-24 00:09:22,843 RL_TOPO GAE: value mean -0.582589, return mean -1.315762, advantage mean -0.000000/std 1.000000
2026-09-24 00:09:22,862 RL_TOPO PPO: policy_loss -0.000000, value_loss 6.827058, entropy 0.515808, approx_kl 0.000000, clip_fraction 0.000000
2026-09-24 00:09:24,356 RL_TOPO GAE: value mean -0.594275, return mean -1.333800, advantage mean -0.000000/std 1.000000
2026-09-24 00:09:24,370 RL_TOPO PPO: policy_loss -0.000000, value_loss 10.120542, entropy 0.603162, approx_kl 0.000000, clip_fraction 0.000000
2026-09-24 00:09:25,783 RL_TOPO GAE: value mean -0.623179, return mean -1.117260, advantage mean -0.000000/std 1.000000
2026-09-24 00:09:25,805 RL_TOPO PPO: policy_loss 0.000000, value_loss 13.764429, entropy 0.735147, approx_kl 0.000000, clip_fraction 0.000000
2026-09-24 00:09:26,122 RL_TOPO GAE: value mean -0.603128, return mean -0.807378, advantage mean 0.000000/std 1.000000
2026-09-24 00:09:26,138 RL_TOPO PPO: policy_loss 0.000000, value_loss 4.477315, entropy 0.691353, approx_kl 0.000000, clip_fraction 0.000000
2026-09-24 00:09:27,504 RL_TOPO GAE: value mean -0.593756, return mean -0.142924, advantage mean 0.000000/std 1.000000
2026-09-24 00:09:27,523 RL_TOPO PPO: policy_loss -0.000000, value_loss 23.367987, entropy 0.571037, approx_kl 0.000000, clip_fraction 0.000000
2026-09-24 00:09:27,532 RL_TOPO GAE: value mean -0.621084, return mean -0.475956, advantage mean -0.000000/std 1.000000
2026-09-24 00:09:27,547 RL_TOPO PPO: policy_loss 0.000000, value_loss 15.970119, entropy 0.432231, approx_kl 0.000000, clip_fraction 0.000000
2026-09-24 00:09:28,740 RL_TOPO GAE: value mean -0.633326, return mean -0.364899, advantage mean 0.000000/std 1.000000
2026-09-24 00:09:28,759 RL_TOPO PPO: policy_loss -0.000000, value_loss 21.795536, entropy 0.751609, approx_kl 0.000000, clip_fraction 0.000000
2026-09-24 00:09:29,141 RL_TOPO GAE: value mean -0.602529, return mean -0.362935, advantage mean -0.000000/std 1.000000
2026-09-24 00:09:29,158 RL_TOPO PPO: policy_loss 0.000000, value_loss 10.098672, entropy 0.646824, approx_kl 0.000000, clip_fraction 0.000000
2026-09-24 00:09:30,601 RL_TOPO GAE: value mean -0.604183, return mean -2.898906, advantage mean -0.000000/std 1.000000
2026-09-24 00:09:30,616 RL_TOPO PPO: policy_loss -0.000000, value_loss 10.611232, entropy 0.556934, approx_kl 0.000000, clip_fraction 0.000000
2026-09-24 00:09:30,849 RL_TOPO GAE: value mean -0.614637, return mean -1.610516, advantage mean 0.000000/std 1.000000
2026-09-24 00:09:30,885 RL_TOPO PPO: policy_loss -0.000000, value_loss 4.407094, entropy 0.536138, approx_kl 0.000000, clip_fraction 0.000000
2026-09-24 00:09:32,121 RL_TOPO GAE: value mean -0.623524, return mean -2.709241, advantage mean -0.000000/std 1.000000
2026-09-24 00:09:32,142 RL_TOPO PPO: policy_loss 0.000000, value_loss 8.231432, entropy 0.654172, approx_kl 0.000000, clip_fraction 0.000000
2026-09-24 00:09:32,315 RL_TOPO GAE: value mean -0.615268, return mean -1.610422, advantage mean -0.000000/std 1.000000
2026-09-24 00:09:32,330 RL_TOPO PPO: policy_loss -0.000000, value_loss 11.750751, entropy 0.415707, approx_kl 0.000000, clip_fraction 0.000000
2026-09-24 00:09:33,708 RL_TOPO GAE: value mean -0.600935, return mean -2.302582, advantage mean 0.000000/std 1.000000
2026-09-24 00:09:33,721 RL_TOPO PPO: policy_loss -0.000000, value_loss 9.745391, entropy 0.490065, approx_kl 0.000000, clip_fraction 0.000000
2026-09-24 00:09:33,727 RL_TOPO GAE: value mean -0.630600, return mean -1.115638, advantage mean -0.000000/std 1.000000
2026-09-24 00:09:33,748 RL_TOPO PPO: policy_loss 0.000000, value_loss 14.165909, entropy 0.753137, approx_kl 0.000000, clip_fraction 0.000000
2026-09-24 00:09:35,021 RL_TOPO GAE: value mean -0.619659, return mean -2.838733, advantage mean 0.000000/std 1.000000
2026-09-24 00:09:35,035 RL_TOPO PPO: policy_loss -0.000000, value_loss 7.360662, entropy 0.481795, approx_kl 0.000000, clip_fraction 0.000000
2026-09-24 00:09:35,136 RL_TOPO GAE: value mean -0.641578, return mean 0.099800, advantage mean -0.000000/std 1.000000
2026-09-24 00:09:35,149 RL_TOPO PPO: policy_loss 0.000000, value_loss 6.052649, entropy 0.413429, approx_kl 0.000000, clip_fraction 0.000000
2026-09-24 00:09:36,563 RL_TOPO GAE: value mean -0.628836, return mean 1.074625, advantage mean -0.000000/std 1.000000
2026-09-24 00:09:36,579 RL_TOPO PPO: policy_loss 0.000000, value_loss 22.881592, entropy 0.447649, approx_kl 0.000000, clip_fraction 0.000000
2026-09-24 00:09:36,589 RL_TOPO GAE: value mean -0.625632, return mean 1.439912, advantage mean -0.000000/std 1.000000
2026-09-24 00:09:36,621 RL_TOPO PPO: policy_loss 0.000000, value_loss 14.565454, entropy 0.630099, approx_kl 0.000000, clip_fraction 0.000000
2026-09-24 00:09:37,921 RL_TOPO GAE: value mean -0.632234, return mean -1.289593, advantage mean -0.000000/std 1.000000
2026-09-24 00:09:37,943 RL_TOPO PPO: policy_loss 0.000001, value_loss 15.211515, entropy 0.592369, approx_kl 0.000001, clip_fraction 0.000000
2026-09-24 00:09:38,148 RL_TOPO GAE: value mean -0.641828, return mean -0.810766, advantage mean 0.000000/std 1.000000
2026-09-24 00:09:38,163 RL_TOPO PPO: policy_loss -0.000000, value_loss 14.172308, entropy 0.765091, approx_kl 0.000000, clip_fraction 0.000000
2026-09-24 00:09:39,528 RL_TOPO GAE: value mean -0.652899, return mean 2.526444, advantage mean -0.000000/std 1.000000
2026-09-24 00:09:39,549 RL_TOPO PPO: policy_loss 0.000000, value_loss 33.649193, entropy 0.617416, approx_kl 0.000000, clip_fraction 0.000000
2026-09-24 00:09:39,627 RL_TOPO GAE: value mean -0.656369, return mean -0.691667, advantage mean -0.000000/std 1.000000
2026-09-24 00:09:39,641 RL_TOPO PPO: policy_loss 0.000000, value_loss 18.073891, entropy 0.476436, approx_kl 0.000000, clip_fraction 0.000000
2026-09-24 00:09:40,880 RL_TOPO GAE: value mean -0.669457, return mean -0.583089, advantage mean -0.000000/std 1.000000
2026-09-24 00:09:40,901 RL_TOPO PPO: policy_loss 0.000000, value_loss 7.098283, entropy 0.591390, approx_kl 0.000000, clip_fraction 0.000000
2026-09-24 00:09:41,177 RL_TOPO GAE: value mean -0.674377, return mean -1.824445, advantage mean 0.000000/std 1.000000
2026-09-24 00:09:41,192 RL_TOPO PPO: policy_loss -0.000000, value_loss 14.316931, entropy 0.624078, approx_kl 0.000000, clip_fraction 0.000000
2026-09-24 00:09:42,626 RL_TOPO GAE: value mean -0.639862, return mean -1.389632, advantage mean -0.000000/std 1.000000
2026-09-24 00:09:42,650 RL_TOPO PPO: policy_loss 0.000000, value_loss 13.952147, entropy 0.357732, approx_kl 0.000000, clip_fraction 0.000000
2026-09-24 00:09:42,797 RL_TOPO GAE: value mean -0.655378, return mean -0.519673, advantage mean 0.000000/std 1.000000
2026-09-24 00:09:42,812 RL_TOPO PPO: policy_loss -0.000000, value_loss 15.125355, entropy 0.538039, approx_kl 0.000000, clip_fraction 0.000000
2026-09-24 00:09:44,183 RL_TOPO GAE: value mean -0.648766, return mean 0.085115, advantage mean -0.000000/std 1.000000
2026-09-24 00:09:44,197 RL_TOPO PPO: policy_loss 0.000000, value_loss 19.241768, entropy 0.524077, approx_kl 0.000000, clip_fraction 0.000000
2026-09-24 00:09:44,341 RL_TOPO GAE: value mean -0.641240, return mean 0.261188, advantage mean 0.000000/std 1.000000
2026-09-24 00:09:44,354 RL_TOPO PPO: policy_loss 0.000000, value_loss 25.517225, entropy 0.355262, approx_kl 0.000000, clip_fraction 0.000000
2026-09-24 00:09:45,822 RL_TOPO GAE: value mean -0.674357, return mean 0.254783, advantage mean -0.000000/std 1.000000
2026-09-24 00:09:45,837 RL_TOPO PPO: policy_loss 0.000000, value_loss 27.392387, entropy 0.554054, approx_kl 0.000000, clip_fraction 0.000000
2026-09-24 00:09:45,892 RL_TOPO GAE: value mean -0.643354, return mean -2.538282, advantage mean -0.000000/std 1.000000
2026-09-24 00:09:45,913 RL_TOPO PPO: policy_loss -0.000000, value_loss 7.041345, entropy 0.508456, approx_kl 0.000000, clip_fraction 0.000000
2026-09-24 00:09:47,031 RL_TOPO GAE: value mean -0.688120, return mean -2.688478, advantage mean -0.000000/std 1.000000
2026-09-24 00:09:47,049 RL_TOPO PPO: policy_loss 0.000000, value_loss 7.680844, entropy 0.703840, approx_kl 0.000000, clip_fraction 0.000000
2026-09-24 00:09:47,398 RL_TOPO GAE: value mean -0.664041, return mean -1.806512, advantage mean -0.000000/std 1.000000
2026-09-24 00:09:47,412 RL_TOPO PPO: policy_loss 0.000000, value_loss 7.189885, entropy 0.562739, approx_kl 0.000000, clip_fraction 0.000000
2026-09-24 00:09:48,764 RL_TOPO GAE: value mean -0.663574, return mean -0.825508, advantage mean 0.000000/std 1.000000
2026-09-24 00:09:48,780 RL_TOPO PPO: policy_loss -0.000000, value_loss 15.269045, entropy 0.448681, approx_kl 0.000000, clip_fraction 0.000000
2026-09-24 00:09:49,013 RL_TOPO GAE: value mean -0.680616, return mean -0.273367, advantage mean -0.000000/std 1.000000
2026-09-24 00:09:49,028 RL_TOPO PPO: policy_loss 0.000000, value_loss 19.479889, entropy 0.598507, approx_kl 0.000000, clip_fraction 0.000000
2026-09-24 00:09:50,577 RL_TOPO GAE: value mean -0.690552, return mean -0.193748, advantage mean -0.000000/std 1.000000
2026-09-24 00:09:50,600 RL_TOPO PPO: policy_loss 0.000000, value_loss 4.310966, entropy 0.667499, approx_kl 0.000000, clip_fraction 0.000000
2026-09-24 00:09:50,636 RL_TOPO GAE: value mean -0.673694, return mean -2.782383, advantage mean -0.000000/std 1.000000
2026-09-24 00:09:50,670 RL_TOPO PPO: policy_loss 0.000000, value_loss 19.111065, entropy 0.380208, approx_kl 0.000000, clip_fraction 0.000000
2026-09-24 00:09:52,019 RL_TOPO GAE: value mean -0.696342, return mean -0.834058, advantage mean -0.000000/std 1.000000
2026-09-24 00:09:52,041 RL_TOPO PPO: policy_loss 0.000000, value_loss 12.811851, entropy 0.657602, approx_kl 0.000000, clip_fraction 0.000000
2026-09-24 00:09:52,287 RL_TOPO GAE: value mean -0.677315, return mean -1.402772, advantage mean -0.000000/std 1.000000
2026-09-24 00:09:52,301 RL_TOPO PPO: policy_loss -0.000000, value_loss 7.638603, entropy 0.496585, approx_kl 0.000000, clip_fraction 0.000000
2026-09-24 00:09:53,672 RL_TOPO GAE: value mean -0.688194, return mean -2.356273, advantage mean -0.000000/std 1.000000
2026-09-24 00:09:53,693 RL_TOPO PPO: policy_loss -0.000000, value_loss 4.697042, entropy 0.638289, approx_kl 0.000000, clip_fraction 0.000000
2026-09-24 00:09:53,773 RL_TOPO GAE: value mean -0.678149, return mean 0.015892, advantage mean 0.000000/std 1.000000
2026-09-24 00:09:53,787 RL_TOPO PPO: policy_loss -0.000000, value_loss 11.510727, entropy 0.743132, approx_kl 0.000000, clip_fraction 0.000000
2026-09-24 00:09:53,808 iter 100: ppo/value_mean: -0.639, ppo/return_mean: -0.950, ppo/advantage_mean: -0.000, ppo/advantage_std: 1.000, ppo/mean_reward: -0.089, ppo/mean_return: -0.950, ppo/policy_loss: 0.000, ppo/value_loss: 12.688, ppo/entropy: 0.552, ppo/approx_kl: 0.000, ppo/clip_fraction: 0.000, 
2026-09-24 00:09:54,817 RL_TOPO GAE: value mean -0.679170, return mean 0.146620, advantage mean 0.000000/std 1.000000
2026-09-24 00:09:54,828 RL_TOPO PPO: policy_loss -0.000000, value_loss 11.707547, entropy 0.773412, approx_kl 0.000000, clip_fraction 0.000000
2026-09-24 00:09:56,520 RL_TOPO GAE: value mean -0.681004, return mean -1.135329, advantage mean 0.000000/std 1.000000
2026-09-24 00:09:56,560 RL_TOPO PPO: policy_loss 0.000000, value_loss 4.967829, entropy 0.557372, approx_kl 0.000000, clip_fraction 0.000000
2026-09-24 00:09:57,723 RL_TOPO GAE: value mean -0.707629, return mean 0.090783, advantage mean -0.000000/std 1.000000
2026-09-24 00:09:57,742 RL_TOPO PPO: policy_loss 0.000000, value_loss 6.457550, entropy 0.708632, approx_kl 0.000000, clip_fraction 0.000000
2026-09-24 00:09:58,294 RL_TOPO GAE: value mean -0.685178, return mean -1.299594, advantage mean -0.000000/std 1.000000
2026-09-24 00:09:58,310 RL_TOPO PPO: policy_loss 0.000000, value_loss 15.408970, entropy 0.847947, approx_kl 0.000000, clip_fraction 0.000000
2026-09-24 00:09:59,623 RL_TOPO GAE: value mean -0.705203, return mean 0.761027, advantage mean -0.000000/std 1.000000
2026-09-24 00:09:59,643 RL_TOPO PPO: policy_loss 0.000000, value_loss 11.699754, entropy 0.621567, approx_kl 0.000000, clip_fraction 0.000000
2026-09-24 00:09:59,880 RL_TOPO GAE: value mean -0.700094, return mean -1.487580, advantage mean -0.000000/std 1.000000
2026-09-24 00:09:59,895 RL_TOPO PPO: policy_loss 0.000000, value_loss 9.338017, entropy 0.573224, approx_kl 0.000000, clip_fraction 0.000000
2026-09-24 00:10:01,394 RL_TOPO GAE: value mean -0.730499, return mean -0.907409, advantage mean 0.000000/std 1.000000
2026-09-24 00:10:01,417 RL_TOPO PPO: policy_loss -0.000000, value_loss 3.541118, entropy 0.762641, approx_kl 0.000000, clip_fraction 0.000000
2026-09-24 00:10:01,439 RL_TOPO GAE: value mean -0.668396, return mean -0.615078, advantage mean 0.000000/std 1.000000
2026-09-24 00:10:01,456 RL_TOPO PPO: policy_loss 0.000000, value_loss 16.410812, entropy 0.639410, approx_kl 0.000000, clip_fraction 0.000000
2026-09-24 00:10:02,778 RL_TOPO GAE: value mean -0.684892, return mean -1.369098, advantage mean -0.000000/std 1.000000
2026-09-24 00:10:02,794 RL_TOPO PPO: policy_loss 0.000000, value_loss 3.362372, entropy 0.609389, approx_kl 0.000000, clip_fraction 0.000000
2026-09-24 00:10:03,029 RL_TOPO GAE: value mean -0.689135, return mean 1.722589, advantage mean 0.000000/std 1.000000
2026-09-24 00:10:03,050 RL_TOPO PPO: policy_loss -0.000000, value_loss 33.462658, entropy 0.469722, approx_kl 0.000000, clip_fraction 0.000000
2026-09-24 00:10:04,219 RL_TOPO GAE: value mean -0.713229, return mean -0.553628, advantage mean -0.000000/std 1.000000
2026-09-24 00:10:04,237 RL_TOPO PPO: policy_loss -0.000000, value_loss 2.769705, entropy 0.527603, approx_kl 0.000000, clip_fraction 0.000000
2026-09-24 00:10:04,700 RL_TOPO GAE: value mean -0.707270, return mean -2.112413, advantage mean -0.000000/std 1.000000
2026-09-24 00:10:04,714 RL_TOPO PPO: policy_loss 0.000000, value_loss 6.076078, entropy 0.466143, approx_kl 0.000000, clip_fraction 0.000000
2026-09-24 00:10:06,010 RL_TOPO GAE: value mean -0.699796, return mean -2.597373, advantage mean -0.000000/std 1.000000
2026-09-24 00:10:06,030 RL_TOPO PPO: policy_loss 0.000000, value_loss 7.069079, entropy 0.686618, approx_kl 0.000000, clip_fraction 0.000000
2026-09-24 00:10:06,162 RL_TOPO GAE: value mean -0.688202, return mean -1.015865, advantage mean 0.000000/std 1.000000
2026-09-24 00:10:06,176 RL_TOPO PPO: policy_loss -0.000000, value_loss 8.335443, entropy 0.540913, approx_kl 0.000000, clip_fraction 0.000000
2026-09-24 00:10:07,471 RL_TOPO GAE: value mean -0.696496, return mean -0.213061, advantage mean -0.000000/std 1.000000
2026-09-24 00:10:07,491 RL_TOPO PPO: policy_loss 0.000000, value_loss 13.567689, entropy 0.532409, approx_kl 0.000000, clip_fraction 0.000000
2026-09-24 00:10:07,729 RL_TOPO GAE: value mean -0.675682, return mean -0.897189, advantage mean -0.000000/std 1.000000
2026-09-24 00:10:07,743 RL_TOPO PPO: policy_loss -0.000000, value_loss 17.820019, entropy 0.604082, approx_kl 0.000000, clip_fraction 0.000000
2026-09-24 00:10:08,940 RL_TOPO GAE: value mean -0.714411, return mean -0.833725, advantage mean -0.000000/std 1.000000
2026-09-24 00:10:08,955 RL_TOPO PPO: policy_loss 0.000000, value_loss 6.226190, entropy 0.406985, approx_kl 0.000000, clip_fraction 0.000000
2026-09-24 00:10:09,570 RL_TOPO GAE: value mean -0.703907, return mean -0.480845, advantage mean 0.000000/std 1.000000
2026-09-24 00:10:09,586 RL_TOPO PPO: policy_loss -0.000000, value_loss 11.768729, entropy 0.608517, approx_kl 0.000000, clip_fraction 0.000000
2026-09-24 00:10:11,004 RL_TOPO GAE: value mean -0.729126, return mean -1.892215, advantage mean 0.000000/std 1.000000
2026-09-24 00:10:11,019 RL_TOPO PPO: policy_loss -0.000000, value_loss 4.113767, entropy 0.634134, approx_kl 0.000000, clip_fraction 0.000000
2026-09-24 00:10:11,321 RL_TOPO GAE: value mean -0.675315, return mean -1.046481, advantage mean -0.000000/std 1.000000
2026-09-24 00:10:11,337 RL_TOPO PPO: policy_loss 0.000000, value_loss 6.830370, entropy 0.483621, approx_kl 0.000000, clip_fraction 0.000000
2026-09-24 00:10:12,736 RL_TOPO GAE: value mean -0.722749, return mean 0.763769, advantage mean 0.000000/std 1.000000
2026-09-24 00:10:12,750 RL_TOPO PPO: policy_loss -0.000000, value_loss 19.598616, entropy 0.701332, approx_kl 0.000000, clip_fraction 0.000000
2026-09-24 00:10:13,021 RL_TOPO GAE: value mean -0.698275, return mean -2.234816, advantage mean -0.000000/std 1.000000
2026-09-24 00:10:13,046 RL_TOPO PPO: policy_loss 0.000000, value_loss 5.788339, entropy 0.865554, approx_kl 0.000000, clip_fraction 0.000000
2026-09-24 00:10:14,453 RL_TOPO GAE: value mean -0.733976, return mean -2.106442, advantage mean 0.000000/std 1.000000
2026-09-24 00:10:14,476 RL_TOPO PPO: policy_loss 0.000000, value_loss 5.646940, entropy 0.685800, approx_kl 0.000000, clip_fraction 0.000000
2026-09-24 00:10:14,621 RL_TOPO GAE: value mean -0.720020, return mean -2.158221, advantage mean -0.000000/std 1.000000
2026-09-24 00:10:14,635 RL_TOPO PPO: policy_loss 0.000000, value_loss 8.012209, entropy 0.587312, approx_kl 0.000000, clip_fraction 0.000000
2026-09-24 00:10:16,119 RL_TOPO GAE: value mean -0.729171, return mean -1.412172, advantage mean 0.000000/std 1.000000
2026-09-24 00:10:16,143 RL_TOPO PPO: policy_loss -0.000000, value_loss 5.381211, entropy 0.717434, approx_kl 0.000000, clip_fraction 0.000000
2026-09-24 00:10:16,174 RL_TOPO GAE: value mean -0.724078, return mean 1.122032, advantage mean 0.000000/std 1.000000
2026-09-24 00:10:16,190 RL_TOPO PPO: policy_loss -0.000000, value_loss 18.451818, entropy 0.422293, approx_kl 0.000000, clip_fraction 0.000000
2026-09-24 00:10:17,524 RL_TOPO GAE: value mean -0.748365, return mean -1.274045, advantage mean 0.000000/std 1.000000
2026-09-24 00:10:17,546 RL_TOPO PPO: policy_loss -0.000000, value_loss 8.126332, entropy 0.661174, approx_kl 0.000000, clip_fraction 0.000000
2026-09-24 00:10:17,889 RL_TOPO GAE: value mean -0.720942, return mean 0.637557, advantage mean -0.000000/std 1.000000
2026-09-24 00:10:17,904 RL_TOPO PPO: policy_loss -0.000000, value_loss 19.606852, entropy 0.553516, approx_kl 0.000000, clip_fraction 0.000000
2026-09-24 00:10:19,524 RL_TOPO GAE: value mean -0.723247, return mean -1.826436, advantage mean -0.000000/std 1.000000
2026-09-24 00:10:19,541 RL_TOPO PPO: policy_loss 0.000000, value_loss 12.059863, entropy 0.544669, approx_kl 0.000000, clip_fraction 0.000000
2026-09-24 00:10:19,643 RL_TOPO GAE: value mean -0.717528, return mean -0.758772, advantage mean 0.000000/std 1.000000
2026-09-24 00:10:19,658 RL_TOPO PPO: policy_loss 0.000000, value_loss 19.051802, entropy 0.643963, approx_kl 0.000000, clip_fraction 0.000000
2026-09-24 00:10:20,855 RL_TOPO GAE: value mean -0.715674, return mean 0.374675, advantage mean 0.000000/std 1.000000
2026-09-24 00:10:20,874 RL_TOPO PPO: policy_loss 0.000000, value_loss 19.439215, entropy 0.581636, approx_kl 0.000000, clip_fraction 0.000000
2026-09-24 00:10:21,363 RL_TOPO GAE: value mean -0.733149, return mean -1.097858, advantage mean 0.000000/std 1.000000
2026-09-24 00:10:21,378 RL_TOPO PPO: policy_loss -0.000000, value_loss 18.044100, entropy 0.511728, approx_kl 0.000000, clip_fraction 0.000000
2026-09-24 00:10:22,882 RL_TOPO GAE: value mean -0.742270, return mean -0.993385, advantage mean -0.000000/std 1.000000
2026-09-24 00:10:22,887 RL_TOPO GAE: value mean -0.735034, return mean -1.511539, advantage mean -0.000000/std 1.000000
2026-09-24 00:10:22,902 RL_TOPO PPO: policy_loss -0.000000, value_loss 11.464333, entropy 0.575022, approx_kl 0.000000, clip_fraction 0.000000
2026-09-24 00:10:22,907 RL_TOPO PPO: policy_loss 0.000000, value_loss 15.286793, entropy 0.867066, approx_kl 0.000000, clip_fraction 0.000000
2026-09-24 00:10:24,132 RL_TOPO GAE: value mean -0.737014, return mean -0.975525, advantage mean -0.000000/std 1.000000
2026-09-24 00:10:24,146 RL_TOPO PPO: policy_loss 0.000000, value_loss 12.077936, entropy 0.612050, approx_kl 0.000000, clip_fraction 0.000000
2026-09-24 00:10:24,604 RL_TOPO GAE: value mean -0.708671, return mean 1.182881, advantage mean -0.000000/std 1.000000
2026-09-24 00:10:24,619 RL_TOPO PPO: policy_loss 0.000000, value_loss 23.635923, entropy 0.629077, approx_kl 0.000000, clip_fraction 0.000000
2026-09-24 00:10:25,953 RL_TOPO GAE: value mean -0.709629, return mean -1.304976, advantage mean -0.000000/std 1.000000
2026-09-24 00:10:25,967 RL_TOPO PPO: policy_loss 0.000000, value_loss 22.940420, entropy 0.405039, approx_kl 0.000000, clip_fraction 0.000000
2026-09-24 00:10:26,101 RL_TOPO GAE: value mean -0.724580, return mean -2.404991, advantage mean -0.000000/std 1.000000
2026-09-24 00:10:26,124 RL_TOPO PPO: policy_loss 0.000000, value_loss 8.406626, entropy 0.681943, approx_kl 0.000000, clip_fraction 0.000000
2026-09-24 00:10:27,495 RL_TOPO GAE: value mean -0.744488, return mean -0.060749, advantage mean 0.000000/std 1.000000
2026-09-24 00:10:27,517 RL_TOPO PPO: policy_loss -0.000000, value_loss 16.618881, entropy 0.490004, approx_kl 0.000000, clip_fraction 0.000000
2026-09-24 00:10:27,696 RL_TOPO GAE: value mean -0.720132, return mean -1.882612, advantage mean -0.000000/std 1.000000
2026-09-24 00:10:27,710 RL_TOPO PPO: policy_loss -0.000000, value_loss 14.725297, entropy 0.525460, approx_kl 0.000000, clip_fraction 0.000000
2026-09-24 00:10:27,731 iter 120: ppo/value_mean: -0.704, ppo/return_mean: -0.669, ppo/advantage_mean: -0.000, ppo/advantage_std: 1.000, ppo/mean_reward: -0.037, ppo/mean_return: -0.669, ppo/policy_loss: 0.000, ppo/value_loss: 15.298, ppo/entropy: 0.567, ppo/approx_kl: 0.000, ppo/clip_fraction: 0.000, 
2026-09-24 00:10:29,213 RL_TOPO GAE: value mean -0.749627, return mean 1.314266, advantage mean -0.000000/std 1.000000
2026-09-24 00:10:29,236 RL_TOPO PPO: policy_loss 0.000000, value_loss 19.054144, entropy 0.660342, approx_kl 0.000000, clip_fraction 0.000000
2026-09-24 00:10:30,374 RL_TOPO GAE: value mean -0.753089, return mean -0.796998, advantage mean -0.000000/std 1.000000
2026-09-24 00:10:30,412 RL_TOPO PPO: policy_loss 0.000000, value_loss 10.438176, entropy 0.715315, approx_kl 0.000000, clip_fraction 0.000000
2026-09-24 00:10:31,704 RL_TOPO GAE: value mean -0.744564, return mean -0.929071, advantage mean 0.000000/std 1.000000
2026-09-24 00:10:31,718 RL_TOPO PPO: policy_loss -0.000000, value_loss 4.897034, entropy 0.796743, approx_kl 0.000000, clip_fraction 0.000000
2026-09-24 00:10:32,057 RL_TOPO GAE: value mean -0.768415, return mean -0.104200, advantage mean 0.000000/std 1.000000
2026-09-24 00:10:32,075 RL_TOPO PPO: policy_loss -0.000000, value_loss 12.689443, entropy 0.821847, approx_kl 0.000000, clip_fraction 0.000000
2026-09-24 00:10:33,531 RL_TOPO GAE: value mean -0.733470, return mean -1.631709, advantage mean -0.000000/std 1.000000
2026-09-24 00:10:33,553 RL_TOPO PPO: policy_loss 0.000000, value_loss 6.851469, entropy 0.652682, approx_kl 0.000000, clip_fraction 0.000000
2026-09-24 00:10:33,663 RL_TOPO GAE: value mean -0.726778, return mean -1.451808, advantage mean 0.000000/std 1.000000
2026-09-24 00:10:33,677 RL_TOPO PPO: policy_loss -0.000000, value_loss 14.108730, entropy 0.600655, approx_kl 0.000000, clip_fraction 0.000000
2026-09-24 00:10:34,830 RL_TOPO GAE: value mean -0.736906, return mean 0.396715, advantage mean 0.000000/std 1.000000
2026-09-24 00:10:34,842 RL_TOPO PPO: policy_loss -0.000000, value_loss 17.628668, entropy 0.595735, approx_kl 0.000000, clip_fraction 0.000000
2026-09-24 00:10:35,212 RL_TOPO GAE: value mean -0.725977, return mean -1.455576, advantage mean -0.000000/std 1.000000
2026-09-24 00:10:35,227 RL_TOPO PPO: policy_loss 0.000000, value_loss 4.874882, entropy 0.763581, approx_kl 0.000000, clip_fraction 0.000000
2026-09-24 00:10:36,646 RL_TOPO GAE: value mean -0.745833, return mean -1.394034, advantage mean -0.000000/std 1.000000
2026-09-24 00:10:36,667 RL_TOPO PPO: policy_loss -0.000000, value_loss 12.208910, entropy 0.497378, approx_kl 0.000000, clip_fraction 0.000000
2026-09-24 00:10:36,705 RL_TOPO GAE: value mean -0.731422, return mean 0.410498, advantage mean -0.000000/std 1.000000
2026-09-24 00:10:36,742 RL_TOPO PPO: policy_loss 0.000000, value_loss 16.882294, entropy 0.434739, approx_kl 0.000000, clip_fraction 0.000000
2026-09-24 00:10:38,085 RL_TOPO GAE: value mean -0.749674, return mean -1.103865, advantage mean 0.000000/std 1.000000
2026-09-24 00:10:38,107 RL_TOPO PPO: policy_loss -0.000000, value_loss 9.679480, entropy 0.596498, approx_kl 0.000000, clip_fraction 0.000000
2026-09-24 00:10:38,262 RL_TOPO GAE: value mean -0.752376, return mean -0.942856, advantage mean 0.000000/std 1.000000
2026-09-24 00:10:38,276 RL_TOPO PPO: policy_loss -0.000000, value_loss 10.096476, entropy 0.477977, approx_kl 0.000000, clip_fraction 0.000000
2026-09-24 00:10:39,606 RL_TOPO GAE: value mean -0.734454, return mean -1.706318, advantage mean -0.000000/std 1.000000
2026-09-24 00:10:39,620 RL_TOPO PPO: policy_loss 0.000000, value_loss 9.073274, entropy 0.521339, approx_kl 0.000000, clip_fraction 0.000000
2026-09-24 00:10:39,775 RL_TOPO GAE: value mean -0.742931, return mean 0.594868, advantage mean -0.000000/std 1.000000
2026-09-24 00:10:39,790 RL_TOPO PPO: policy_loss -0.000000, value_loss 25.273628, entropy 0.715368, approx_kl 0.000000, clip_fraction 0.000000
2026-09-24 00:10:41,167 RL_TOPO GAE: value mean -0.739367, return mean -1.738054, advantage mean 0.000000/std 1.000000
2026-09-24 00:10:41,181 RL_TOPO PPO: policy_loss -0.000000, value_loss 7.803480, entropy 0.639081, approx_kl 0.000000, clip_fraction 0.000000
2026-09-24 00:10:41,438 RL_TOPO GAE: value mean -0.725762, return mean 1.969869, advantage mean 0.000000/std 1.000000
2026-09-24 00:10:41,453 RL_TOPO PPO: policy_loss -0.000000, value_loss 35.779606, entropy 0.460153, approx_kl 0.000000, clip_fraction 0.000000
2026-09-24 00:10:42,775 RL_TOPO GAE: value mean -0.734319, return mean -1.262213, advantage mean 0.000000/std 1.000000
2026-09-24 00:10:42,791 RL_TOPO PPO: policy_loss 0.000000, value_loss 5.359147, entropy 0.623246, approx_kl 0.000000, clip_fraction 0.000000
2026-09-24 00:10:43,111 RL_TOPO GAE: value mean -0.738650, return mean 0.318640, advantage mean 0.000000/std 1.000000
2026-09-24 00:10:43,147 RL_TOPO PPO: policy_loss 0.000000, value_loss 12.856033, entropy 0.521517, approx_kl 0.000000, clip_fraction 0.000000
2026-09-24 00:10:44,463 RL_TOPO GAE: value mean -0.781551, return mean -1.922788, advantage mean -0.000000/std 1.000000
2026-09-24 00:10:44,478 RL_TOPO PPO: policy_loss 0.000000, value_loss 7.926678, entropy 0.623161, approx_kl 0.000000, clip_fraction 0.000000
2026-09-24 00:10:44,695 RL_TOPO GAE: value mean -0.725686, return mean 2.490575, advantage mean -0.000000/std 1.000000
2026-09-24 00:10:44,709 RL_TOPO PPO: policy_loss 0.000000, value_loss 32.528782, entropy 0.644699, approx_kl 0.000000, clip_fraction 0.000000
2026-09-24 00:10:46,070 RL_TOPO GAE: value mean -0.756200, return mean -2.271476, advantage mean -0.000000/std 1.000000
2026-09-24 00:10:46,084 RL_TOPO PPO: policy_loss 0.000000, value_loss 4.152478, entropy 0.707190, approx_kl 0.000000, clip_fraction 0.000000
2026-09-24 00:10:46,158 RL_TOPO GAE: value mean -0.750289, return mean -0.976324, advantage mean -0.000000/std 1.000000
2026-09-24 00:10:46,181 RL_TOPO PPO: policy_loss 0.000000, value_loss 15.212471, entropy 0.593038, approx_kl 0.000000, clip_fraction 0.000000
2026-09-24 00:10:47,408 RL_TOPO GAE: value mean -0.723145, return mean -1.624427, advantage mean 0.000000/std 1.000000
2026-09-24 00:10:47,427 RL_TOPO PPO: policy_loss -0.000000, value_loss 6.055173, entropy 0.599179, approx_kl 0.000000, clip_fraction 0.000000
2026-09-24 00:10:47,810 RL_TOPO GAE: value mean -0.726715, return mean -1.903115, advantage mean -0.000000/std 1.000000
2026-09-24 00:10:47,825 RL_TOPO PPO: policy_loss 0.000000, value_loss 13.387413, entropy 0.654211, approx_kl 0.000000, clip_fraction 0.000000
2026-09-24 00:10:49,212 RL_TOPO GAE: value mean -0.717978, return mean -0.653963, advantage mean 0.000000/std 1.000000
2026-09-24 00:10:49,227 RL_TOPO PPO: policy_loss -0.000000, value_loss 12.721931, entropy 0.447240, approx_kl 0.000000, clip_fraction 0.000000
2026-09-24 00:10:49,471 RL_TOPO GAE: value mean -0.688761, return mean -1.306435, advantage mean -0.000000/std 1.000000
2026-09-24 00:10:49,488 RL_TOPO PPO: policy_loss -0.000000, value_loss 14.291585, entropy 0.484315, approx_kl 0.000000, clip_fraction 0.000000
2026-09-24 00:10:50,836 RL_TOPO GAE: value mean -0.743960, return mean 0.651020, advantage mean 0.000000/std 1.000000
2026-09-24 00:10:50,851 RL_TOPO PPO: policy_loss 0.000000, value_loss 22.675724, entropy 0.650595, approx_kl 0.000000, clip_fraction 0.000000
2026-09-24 00:10:51,236 RL_TOPO GAE: value mean -0.728280, return mean -0.496183, advantage mean -0.000000/std 1.000000
2026-09-24 00:10:51,252 RL_TOPO PPO: policy_loss 0.000000, value_loss 28.476391, entropy 0.298489, approx_kl 0.000000, clip_fraction 0.000000
2026-09-24 00:10:52,664 RL_TOPO GAE: value mean -0.731231, return mean -2.120855, advantage mean 0.000000/std 1.000000
2026-09-24 00:10:52,677 RL_TOPO PPO: policy_loss -0.000000, value_loss 5.823756, entropy 0.498670, approx_kl 0.000000, clip_fraction 0.000000
2026-09-24 00:10:52,975 RL_TOPO GAE: value mean -0.728027, return mean 0.755013, advantage mean -0.000000/std 1.000000
2026-09-24 00:10:52,993 RL_TOPO PPO: policy_loss 0.000000, value_loss 11.476771, entropy 0.643157, approx_kl 0.000000, clip_fraction 0.000000
2026-09-24 00:10:54,439 RL_TOPO GAE: value mean -0.763940, return mean -0.651630, advantage mean -0.000000/std 1.000000
2026-09-24 00:10:54,463 RL_TOPO PPO: policy_loss 0.000000, value_loss 15.078345, entropy 0.610366, approx_kl 0.000000, clip_fraction 0.000000
2026-09-24 00:10:55,055 RL_TOPO GAE: value mean -0.719486, return mean 1.152273, advantage mean 0.000000/std 1.000000
2026-09-24 00:10:55,074 RL_TOPO PPO: policy_loss -0.000000, value_loss 24.442051, entropy 0.442118, approx_kl 0.000000, clip_fraction 0.000000
2026-09-24 00:10:56,592 RL_TOPO GAE: value mean -0.724599, return mean -2.342919, advantage mean -0.000000/std 1.000000
2026-09-24 00:10:56,615 RL_TOPO PPO: policy_loss 0.000000, value_loss 10.089457, entropy 0.625426, approx_kl 0.000000, clip_fraction 0.000000
2026-09-24 00:10:56,823 RL_TOPO GAE: value mean -0.742752, return mean 0.735837, advantage mean 0.000000/std 1.000000
2026-09-24 00:10:56,862 RL_TOPO PPO: policy_loss -0.000000, value_loss 19.851013, entropy 0.601527, approx_kl 0.000000, clip_fraction 0.000000
2026-09-24 00:10:58,218 RL_TOPO GAE: value mean -0.730569, return mean -1.560665, advantage mean 0.000000/std 1.000000
2026-09-24 00:10:58,241 RL_TOPO PPO: policy_loss 0.000000, value_loss 12.967747, entropy 0.415443, approx_kl 0.000000, clip_fraction 0.000000
2026-09-24 00:10:58,313 RL_TOPO GAE: value mean -0.704053, return mean -0.331729, advantage mean -0.000000/std 1.000000
2026-09-24 00:10:58,327 RL_TOPO PPO: policy_loss 0.000000, value_loss 17.241932, entropy 0.683320, approx_kl 0.000000, clip_fraction 0.000000
2026-09-24 00:10:59,827 RL_TOPO GAE: value mean -0.730576, return mean -0.824981, advantage mean 0.000000/std 1.000000
2026-09-24 00:10:59,850 RL_TOPO PPO: policy_loss 0.000000, value_loss 12.869252, entropy 0.763962, approx_kl 0.000000, clip_fraction 0.000000
2026-09-24 00:11:00,096 RL_TOPO GAE: value mean -0.715871, return mean -3.364618, advantage mean -0.000000/std 1.000000
2026-09-24 00:11:00,112 RL_TOPO PPO: policy_loss 0.000000, value_loss 9.241693, entropy 0.681664, approx_kl 0.000000, clip_fraction 0.000000
2026-09-24 00:11:01,576 RL_TOPO GAE: value mean -0.758592, return mean -0.421688, advantage mean -0.000000/std 1.000000
2026-09-24 00:11:01,593 RL_TOPO GAE: value mean -0.725243, return mean 1.695827, advantage mean 0.000000/std 1.000000
2026-09-24 00:11:01,599 RL_TOPO PPO: policy_loss 0.000000, value_loss 18.187464, entropy 0.831433, approx_kl 0.000000, clip_fraction 0.000000
2026-09-24 00:11:01,606 RL_TOPO PPO: policy_loss -0.000000, value_loss 26.292986, entropy 0.550617, approx_kl 0.000000, clip_fraction 0.000000
2026-09-24 00:11:01,623 iter 140: ppo/value_mean: -0.731, ppo/return_mean: -0.359, ppo/advantage_mean: -0.000, ppo/advantage_std: 1.000, ppo/mean_reward: 0.055, ppo/mean_return: -0.359, ppo/policy_loss: 0.000, ppo/value_loss: 16.936, ppo/entropy: 0.588, ppo/approx_kl: 0.000, ppo/clip_fraction: 0.000, 
2026-09-24 00:11:02,968 RL_TOPO GAE: value mean -0.733276, return mean -1.402218, advantage mean 0.000000/std 1.000000
2026-09-24 00:11:02,991 RL_TOPO PPO: policy_loss -0.000000, value_loss 10.681086, entropy 0.555205, approx_kl 0.000000, clip_fraction 0.000000
2026-09-24 00:11:04,274 RL_TOPO GAE: value mean -0.710911, return mean -0.371940, advantage mean -0.000000/std 1.000000
2026-09-24 00:11:04,288 RL_TOPO PPO: policy_loss 0.000000, value_loss 8.571106, entropy 0.526687, approx_kl 0.000000, clip_fraction 0.000000
2026-09-24 00:11:05,728 RL_TOPO GAE: value mean -0.697848, return mean -0.813271, advantage mean 0.000000/std 1.000000
2026-09-24 00:11:05,744 RL_TOPO PPO: policy_loss -0.000000, value_loss 20.495918, entropy 0.353234, approx_kl 0.000000, clip_fraction 0.000000
2026-09-24 00:11:05,939 RL_TOPO GAE: value mean -0.714735, return mean -1.733735, advantage mean 0.000000/std 1.000000
2026-09-24 00:11:05,953 RL_TOPO PPO: policy_loss -0.000000, value_loss 6.102585, entropy 0.452130, approx_kl 0.000000, clip_fraction 0.000000
2026-09-24 00:11:07,343 RL_TOPO GAE: value mean -0.722833, return mean -2.220907, advantage mean -0.000000/std 1.000000
2026-09-24 00:11:07,366 RL_TOPO PPO: policy_loss 0.000000, value_loss 7.798377, entropy 0.588708, approx_kl 0.000000, clip_fraction 0.000000
2026-09-24 00:11:07,482 RL_TOPO GAE: value mean -0.753158, return mean -1.166738, advantage mean -0.000000/std 1.000000
2026-09-24 00:11:07,497 RL_TOPO PPO: policy_loss 0.000000, value_loss 14.038273, entropy 0.569355, approx_kl 0.000000, clip_fraction 0.000000
2026-09-24 00:11:08,671 RL_TOPO GAE: value mean -0.703823, return mean -0.830061, advantage mean -0.000000/std 1.000000
2026-09-24 00:11:08,687 RL_TOPO PPO: policy_loss 0.000000, value_loss 13.808130, entropy 0.778304, approx_kl 0.000000, clip_fraction 0.000000
2026-09-24 00:11:08,812 RL_TOPO GAE: value mean -0.754426, return mean -0.145960, advantage mean -0.000000/std 1.000000
2026-09-24 00:11:08,826 RL_TOPO PPO: policy_loss 0.000000, value_loss 14.221906, entropy 0.630154, approx_kl 0.000000, clip_fraction 0.000000
2026-09-24 00:11:10,362 RL_TOPO GAE: value mean -0.751053, return mean -1.514798, advantage mean -0.000000/std 1.000000
2026-09-24 00:11:10,386 RL_TOPO PPO: policy_loss 0.000000, value_loss 14.210019, entropy 0.765323, approx_kl 0.000000, clip_fraction 0.000000
2026-09-24 00:11:10,540 RL_TOPO GAE: value mean -0.737035, return mean 2.127098, advantage mean 0.000000/std 1.000000
2026-09-24 00:11:10,555 RL_TOPO PPO: policy_loss -0.000000, value_loss 24.620041, entropy 0.557140, approx_kl 0.000000, clip_fraction 0.000000
2026-09-24 00:11:11,782 RL_TOPO GAE: value mean -0.741271, return mean -1.915035, advantage mean -0.000000/std 1.000000
2026-09-24 00:11:11,796 RL_TOPO PPO: policy_loss -0.000000, value_loss 6.106177, entropy 0.676856, approx_kl 0.000000, clip_fraction 0.000000
2026-09-24 00:11:12,173 RL_TOPO GAE: value mean -0.745351, return mean -1.228191, advantage mean 0.000000/std 1.000000
2026-09-24 00:11:12,187 RL_TOPO PPO: policy_loss 0.000000, value_loss 8.541363, entropy 0.613900, approx_kl 0.000000, clip_fraction 0.000000
2026-09-24 00:11:13,689 RL_TOPO GAE: value mean -0.739568, return mean -0.288473, advantage mean 0.000000/std 1.000000
2026-09-24 00:11:13,704 RL_TOPO PPO: policy_loss 0.000000, value_loss 15.793498, entropy 0.537825, approx_kl 0.000000, clip_fraction 0.000000
2026-09-24 00:11:13,745 RL_TOPO GAE: value mean -0.747300, return mean -1.363420, advantage mean -0.000000/std 1.000000
2026-09-24 00:11:13,767 RL_TOPO PPO: policy_loss 0.000000, value_loss 3.119452, entropy 0.439615, approx_kl 0.000000, clip_fraction 0.000000
2026-09-24 00:11:15,395 RL_TOPO GAE: value mean -0.745182, return mean -0.467529, advantage mean 0.000000/std 1.000000
2026-09-24 00:11:15,410 RL_TOPO PPO: policy_loss -0.000000, value_loss 10.539909, entropy 0.510842, approx_kl 0.000000, clip_fraction 0.000000
2026-09-24 00:11:20,560 RL_TOPO GAE: value mean -0.726807, return mean -1.932933, advantage mean -0.000000/std 1.000000
2026-09-24 00:11:20,574 RL_TOPO PPO: policy_loss -0.000000, value_loss 8.242974, entropy 0.654051, approx_kl 0.000000, clip_fraction 0.000000
2026-09-24 00:11:21,941 RL_TOPO GAE: value mean -0.738839, return mean -0.397722, advantage mean 0.000000/std 1.000000
2026-09-24 00:11:21,964 RL_TOPO PPO: policy_loss -0.000000, value_loss 14.869215, entropy 0.699680, approx_kl 0.000000, clip_fraction 0.000000
2026-09-24 00:11:22,178 RL_TOPO GAE: value mean -0.711654, return mean -1.640318, advantage mean 0.000000/std 1.000000
2026-09-24 00:11:22,193 RL_TOPO PPO: policy_loss -0.000000, value_loss 4.771679, entropy 0.437809, approx_kl 0.000000, clip_fraction 0.000000
2026-09-24 00:11:23,514 RL_TOPO GAE: value mean -0.717706, return mean -0.185589, advantage mean -0.000000/std 1.000000
2026-09-24 00:11:23,529 RL_TOPO PPO: policy_loss 0.000000, value_loss 20.560724, entropy 0.571354, approx_kl 0.000000, clip_fraction 0.000000
2026-09-24 00:11:23,769 RL_TOPO GAE: value mean -0.719119, return mean -2.226417, advantage mean -0.000000/std 1.000000
2026-09-24 00:11:23,791 RL_TOPO PPO: policy_loss 0.000000, value_loss 8.708798, entropy 0.550874, approx_kl 0.000000, clip_fraction 0.000000
2026-09-24 00:11:25,197 RL_TOPO GAE: value mean -0.740067, return mean -0.632030, advantage mean 0.000000/std 1.000000
2026-09-24 00:11:25,220 RL_TOPO PPO: policy_loss -0.000000, value_loss 9.223333, entropy 0.381976, approx_kl 0.000000, clip_fraction 0.000000
2026-09-24 00:11:25,281 RL_TOPO GAE: value mean -0.730122, return mean -1.797403, advantage mean -0.000000/std 1.000000
2026-09-24 00:11:25,295 RL_TOPO PPO: policy_loss 0.000000, value_loss 5.464935, entropy 0.680275, approx_kl 0.000000, clip_fraction 0.000000
2026-09-24 00:11:26,601 RL_TOPO GAE: value mean -0.731401, return mean -0.859991, advantage mean 0.000000/std 1.000000
2026-09-24 00:11:26,623 RL_TOPO PPO: policy_loss -0.000000, value_loss 5.383362, entropy 0.533128, approx_kl 0.000000, clip_fraction 0.000000
2026-09-24 00:11:26,770 RL_TOPO GAE: value mean -0.737623, return mean -1.066639, advantage mean 0.000000/std 1.000000
2026-09-24 00:11:26,808 RL_TOPO PPO: policy_loss 0.000000, value_loss 16.809647, entropy 0.577043, approx_kl 0.000000, clip_fraction 0.000000
2026-09-24 00:11:28,078 RL_TOPO GAE: value mean -0.727745, return mean -2.142803, advantage mean 0.000000/std 1.000000
2026-09-24 00:11:28,100 RL_TOPO PPO: policy_loss -0.000000, value_loss 7.006728, entropy 0.409565, approx_kl 0.000000, clip_fraction 0.000000
2026-09-24 00:11:28,371 RL_TOPO GAE: value mean -0.714478, return mean 0.556794, advantage mean 0.000000/std 1.000000
2026-09-24 00:11:28,385 RL_TOPO PPO: policy_loss -0.000000, value_loss 24.948662, entropy 0.467446, approx_kl 0.000000, clip_fraction 0.000000
2026-09-24 00:11:29,790 RL_TOPO GAE: value mean -0.776985, return mean 1.329892, advantage mean 0.000000/std 1.000000
2026-09-24 00:11:29,805 RL_TOPO PPO: policy_loss -0.000000, value_loss 28.008001, entropy 0.667539, approx_kl 0.000000, clip_fraction 0.000000
2026-09-24 00:11:30,231 RL_TOPO GAE: value mean -0.778052, return mean -2.018389, advantage mean 0.000000/std 1.000000
2026-09-24 00:11:30,248 RL_TOPO PPO: policy_loss -0.000000, value_loss 14.179849, entropy 0.694324, approx_kl 0.000000, clip_fraction 0.000000
2026-09-24 00:11:31,875 RL_TOPO GAE: value mean -0.748637, return mean 0.341013, advantage mean -0.000000/std 1.000000
2026-09-24 00:11:31,892 RL_TOPO PPO: policy_loss 0.000000, value_loss 14.156494, entropy 0.635030, approx_kl 0.000000, clip_fraction 0.000000
2026-09-24 00:11:31,902 RL_TOPO GAE: value mean -0.723515, return mean -1.659674, advantage mean -0.000000/std 1.000000
2026-09-24 00:11:31,927 RL_TOPO PPO: policy_loss -0.000000, value_loss 6.377918, entropy 0.648973, approx_kl 0.000000, clip_fraction 0.000000
2026-09-24 00:11:33,314 RL_TOPO GAE: value mean -0.764715, return mean -1.893321, advantage mean -0.000000/std 1.000000
2026-09-24 00:11:33,337 RL_TOPO PPO: policy_loss 0.000000, value_loss 9.323578, entropy 0.578646, approx_kl 0.000000, clip_fraction 0.000000
2026-09-24 00:11:33,497 RL_TOPO GAE: value mean -0.724776, return mean 1.349756, advantage mean 0.000000/std 1.000000
2026-09-24 00:11:33,533 RL_TOPO PPO: policy_loss -0.000000, value_loss 17.281038, entropy 0.554440, approx_kl 0.000000, clip_fraction 0.000000
2026-09-24 00:11:34,910 RL_TOPO GAE: value mean -0.740858, return mean -1.535088, advantage mean -0.000000/std 1.000000
2026-09-24 00:11:34,926 RL_TOPO PPO: policy_loss -0.000000, value_loss 11.859922, entropy 0.631065, approx_kl 0.000000, clip_fraction 0.000000
2026-09-24 00:11:35,202 RL_TOPO GAE: value mean -0.714781, return mean 0.270541, advantage mean 0.000000/std 1.000000
2026-09-24 00:11:35,226 RL_TOPO PPO: policy_loss 0.000000, value_loss 22.613461, entropy 0.521844, approx_kl 0.000000, clip_fraction 0.000000
2026-09-24 00:11:36,676 RL_TOPO GAE: value mean -0.765352, return mean -2.340362, advantage mean -0.000000/std 1.000000
2026-09-24 00:11:36,691 RL_TOPO PPO: policy_loss -0.000000, value_loss 10.554226, entropy 0.704641, approx_kl 0.000000, clip_fraction 0.000000
2026-09-24 00:11:36,703 RL_TOPO GAE: value mean -0.758426, return mean 0.616132, advantage mean 0.000000/std 1.000000
2026-09-24 00:11:36,717 RL_TOPO PPO: policy_loss -0.000000, value_loss 19.308918, entropy 0.516619, approx_kl 0.000000, clip_fraction 0.000000
2026-09-24 00:11:38,094 RL_TOPO GAE: value mean -0.744567, return mean -0.947633, advantage mean 0.000000/std 1.000000
2026-09-24 00:11:38,116 RL_TOPO PPO: policy_loss -0.000000, value_loss 22.176743, entropy 0.386398, approx_kl 0.000000, clip_fraction 0.000000
2026-09-24 00:11:38,294 RL_TOPO GAE: value mean -0.760243, return mean -0.798424, advantage mean -0.000000/std 1.000000
2026-09-24 00:11:38,310 RL_TOPO PPO: policy_loss -0.000000, value_loss 8.616212, entropy 0.391310, approx_kl 0.000000, clip_fraction 0.000000
2026-09-24 00:11:39,637 RL_TOPO GAE: value mean -0.761324, return mean -1.750649, advantage mean 0.000000/std 1.000000
2026-09-24 00:11:39,652 RL_TOPO PPO: policy_loss -0.000000, value_loss 10.173067, entropy 0.579008, approx_kl 0.000000, clip_fraction 0.000000
2026-09-24 00:11:39,833 RL_TOPO GAE: value mean -0.765766, return mean 1.094325, advantage mean -0.000000/std 1.000000
2026-09-24 00:11:39,849 RL_TOPO PPO: policy_loss 0.000000, value_loss 18.258320, entropy 0.697764, approx_kl 0.000000, clip_fraction 0.000000
2026-09-24 00:11:39,874 iter 160: ppo/value_mean: -0.736, ppo/return_mean: -0.464, ppo/advantage_mean: 0.000, ppo/advantage_std: 1.000, ppo/mean_reward: 0.022, ppo/mean_return: -0.464, ppo/policy_loss: -0.000, ppo/value_loss: 13.857, ppo/entropy: 0.564, ppo/approx_kl: 0.000, ppo/clip_fraction: 0.000, 
2026-09-24 00:11:41,422 RL_TOPO GAE: value mean -0.765691, return mean -0.715790, advantage mean 0.000000/std 1.000000
2026-09-24 00:11:41,447 RL_TOPO PPO: policy_loss -0.000000, value_loss 3.219049, entropy 0.609867, approx_kl 0.000000, clip_fraction 0.000000
2026-09-24 00:11:42,415 RL_TOPO GAE: value mean -0.703397, return mean -1.717590, advantage mean -0.000000/std 1.000000
2026-09-24 00:11:42,429 RL_TOPO PPO: policy_loss 0.000000, value_loss 12.131760, entropy 0.524312, approx_kl 0.000000, clip_fraction 0.000000
2026-09-24 00:11:43,855 RL_TOPO GAE: value mean -0.747355, return mean 0.010598, advantage mean 0.000000/std 1.000000
2026-09-24 00:11:43,870 RL_TOPO PPO: policy_loss -0.000000, value_loss 11.228811, entropy 0.607063, approx_kl 0.000000, clip_fraction 0.000000
2026-09-24 00:11:43,978 RL_TOPO GAE: value mean -0.755697, return mean -0.926798, advantage mean 0.000000/std 1.000000
2026-09-24 00:11:43,992 RL_TOPO PPO: policy_loss 0.000000, value_loss 8.967044, entropy 0.559859, approx_kl 0.000000, clip_fraction 0.000000
2026-09-24 00:11:45,162 RL_TOPO GAE: value mean -0.726663, return mean -1.813187, advantage mean -0.000000/std 1.000000
2026-09-24 00:11:45,181 RL_TOPO PPO: policy_loss 0.000000, value_loss 6.316671, entropy 0.575419, approx_kl 0.000000, clip_fraction 0.000000
2026-09-24 00:11:45,437 RL_TOPO GAE: value mean -0.752000, return mean -1.611103, advantage mean 0.000000/std 1.000000
2026-09-24 00:11:45,450 RL_TOPO PPO: policy_loss -0.000000, value_loss 5.671698, entropy 0.659793, approx_kl 0.000000, clip_fraction 0.000000
2026-09-24 00:11:46,709 RL_TOPO GAE: value mean -0.763189, return mean -1.412253, advantage mean -0.000000/std 1.000000
2026-09-24 00:11:46,729 RL_TOPO PPO: policy_loss 0.000000, value_loss 10.231717, entropy 0.646261, approx_kl 0.000000, clip_fraction 0.000000
2026-09-24 00:11:47,210 RL_TOPO GAE: value mean -0.757276, return mean -1.213133, advantage mean 0.000000/std 1.000000
2026-09-24 00:11:47,249 RL_TOPO PPO: policy_loss 0.000000, value_loss 11.792429, entropy 0.411272, approx_kl 0.000000, clip_fraction 0.000000
2026-09-24 00:11:48,720 RL_TOPO GAE: value mean -0.759507, return mean -0.987023, advantage mean -0.000000/std 1.000000
2026-09-24 00:11:48,737 RL_TOPO PPO: policy_loss 0.000000, value_loss 9.382580, entropy 0.682578, approx_kl 0.000000, clip_fraction 0.000000
2026-09-24 00:11:48,991 RL_TOPO GAE: value mean -0.749073, return mean -1.255144, advantage mean 0.000000/std 1.000000
2026-09-24 00:11:49,006 RL_TOPO PPO: policy_loss -0.000000, value_loss 9.527905, entropy 0.548574, approx_kl 0.000000, clip_fraction 0.000000
2026-09-24 00:11:50,523 RL_TOPO GAE: value mean -0.788117, return mean -0.587332, advantage mean 0.000000/std 1.000000
2026-09-24 00:11:50,538 RL_TOPO PPO: policy_loss -0.000000, value_loss 3.562106, entropy 0.611073, approx_kl 0.000000, clip_fraction 0.000000
2026-09-24 00:11:50,627 RL_TOPO GAE: value mean -0.784834, return mean -1.655137, advantage mean 0.000000/std 1.000000
2026-09-24 00:11:50,648 RL_TOPO PPO: policy_loss -0.000000, value_loss 19.242126, entropy 0.679394, approx_kl 0.000000, clip_fraction 0.000000
2026-09-24 00:11:52,080 RL_TOPO GAE: value mean -0.750979, return mean -1.011329, advantage mean -0.000000/std 1.000000
2026-09-24 00:11:52,104 RL_TOPO PPO: policy_loss -0.000000, value_loss 5.316072, entropy 0.485327, approx_kl 0.000000, clip_fraction 0.000000
2026-09-24 00:11:52,211 RL_TOPO GAE: value mean -0.761545, return mean -1.250219, advantage mean -0.000000/std 1.000000
2026-09-24 00:11:52,225 RL_TOPO PPO: policy_loss 0.000000, value_loss 11.639831, entropy 0.475323, approx_kl 0.000000, clip_fraction 0.000000
2026-09-24 00:11:53,461 RL_TOPO GAE: value mean -0.784180, return mean -2.349890, advantage mean -0.000000/std 1.000000
2026-09-24 00:11:53,481 RL_TOPO PPO: policy_loss 0.000000, value_loss 16.847708, entropy 0.628666, approx_kl 0.000000, clip_fraction 0.000000
2026-09-24 00:11:54,738 RL_TOPO GAE: value mean -0.779905, return mean 0.104333, advantage mean -0.000000/std 1.000000
2026-09-24 00:11:54,757 RL_TOPO PPO: policy_loss 0.000000, value_loss 18.960112, entropy 0.654102, approx_kl 0.000000, clip_fraction 0.000000
2026-09-24 00:11:56,192 RL_TOPO GAE: value mean -0.755473, return mean 1.193939, advantage mean -0.000000/std 1.000000
2026-09-24 00:11:56,214 RL_TOPO PPO: policy_loss -0.000000, value_loss 27.970289, entropy 0.504720, approx_kl 0.000000, clip_fraction 0.000000
2026-09-24 00:11:56,326 RL_TOPO GAE: value mean -0.751810, return mean 1.046860, advantage mean 0.000000/std 1.000000
2026-09-24 00:11:56,342 RL_TOPO PPO: policy_loss -0.000000, value_loss 18.900784, entropy 0.495094, approx_kl 0.000000, clip_fraction 0.000000
2026-09-24 00:11:57,618 RL_TOPO GAE: value mean -0.758641, return mean -0.382387, advantage mean 0.000000/std 1.000000
2026-09-24 00:11:57,632 RL_TOPO PPO: policy_loss -0.000000, value_loss 13.743635, entropy 0.880063, approx_kl 0.000000, clip_fraction 0.000000
2026-09-24 00:11:58,013 RL_TOPO GAE: value mean -0.736326, return mean -0.548527, advantage mean 0.000000/std 1.000000
2026-09-24 00:11:58,036 RL_TOPO PPO: policy_loss 0.000000, value_loss 21.795074, entropy 0.481980, approx_kl 0.000000, clip_fraction 0.000000
2026-09-24 00:11:59,429 RL_TOPO GAE: value mean -0.741493, return mean -0.770041, advantage mean 0.000000/std 1.000000
2026-09-24 00:11:59,452 RL_TOPO PPO: policy_loss -0.000000, value_loss 15.578270, entropy 0.434623, approx_kl 0.000000, clip_fraction 0.000000
2026-09-24 00:11:59,683 RL_TOPO GAE: value mean -0.767318, return mean 1.415446, advantage mean 0.000000/std 1.000000
2026-09-24 00:11:59,721 RL_TOPO PPO: policy_loss -0.000000, value_loss 23.752207, entropy 0.683582, approx_kl 0.000000, clip_fraction 0.000000
2026-09-24 00:12:00,958 RL_TOPO GAE: value mean -0.732161, return mean -0.592620, advantage mean 0.000000/std 1.000000
2026-09-24 00:12:00,978 RL_TOPO PPO: policy_loss -0.000000, value_loss 17.565454, entropy 0.562613, approx_kl 0.000000, clip_fraction 0.000000
2026-09-24 00:12:01,336 RL_TOPO GAE: value mean -0.726340, return mean 1.814615, advantage mean -0.000000/std 1.000000
2026-09-24 00:12:01,351 RL_TOPO PPO: policy_loss -0.000000, value_loss 23.693312, entropy 0.641748, approx_kl 0.000000, clip_fraction 0.000000
2026-09-24 00:12:02,543 RL_TOPO GAE: value mean -0.745430, return mean 0.552954, advantage mean -0.000000/std 1.000000
2026-09-24 00:12:02,562 RL_TOPO PPO: policy_loss 0.000000, value_loss 14.500154, entropy 0.834536, approx_kl 0.000000, clip_fraction 0.000000
2026-09-24 00:12:03,153 RL_TOPO GAE: value mean -0.778418, return mean 0.141924, advantage mean 0.000000/std 1.000000
2026-09-24 00:12:03,175 RL_TOPO PPO: policy_loss -0.000000, value_loss 16.254189, entropy 0.426957, approx_kl 0.000000, clip_fraction 0.000000
2026-09-24 00:12:04,371 RL_TOPO GAE: value mean -0.755382, return mean -2.361964, advantage mean 0.000000/std 1.000000
2026-09-24 00:12:04,385 RL_TOPO PPO: policy_loss -0.000000, value_loss 5.660003, entropy 0.710637, approx_kl 0.000000, clip_fraction 0.000000
2026-09-24 00:12:04,737 RL_TOPO GAE: value mean -0.727159, return mean -0.433501, advantage mean -0.000000/std 1.000000
2026-09-24 00:12:04,751 RL_TOPO PPO: policy_loss 0.000000, value_loss 6.948979, entropy 0.755208, approx_kl 0.000000, clip_fraction 0.000000
2026-09-24 00:12:06,238 RL_TOPO GAE: value mean -0.750571, return mean -1.882135, advantage mean 0.000000/std 1.000000
2026-09-24 00:12:06,255 RL_TOPO PPO: policy_loss -0.000000, value_loss 6.982887, entropy 0.697124, approx_kl 0.000000, clip_fraction 0.000000
2026-09-24 00:12:07,204 RL_TOPO GAE: value mean -0.734459, return mean -2.407536, advantage mean -0.000000/std 1.000000
2026-09-24 00:12:07,216 RL_TOPO PPO: policy_loss 0.000000, value_loss 7.195339, entropy 0.550492, approx_kl 0.000000, clip_fraction 0.000000
2026-09-24 00:12:08,763 RL_TOPO GAE: value mean -0.772013, return mean 0.132491, advantage mean 0.000000/std 1.000000
2026-09-24 00:12:08,779 RL_TOPO PPO: policy_loss -0.000000, value_loss 9.235732, entropy 0.619220, approx_kl 0.000000, clip_fraction 0.000000
2026-09-24 00:12:08,826 RL_TOPO GAE: value mean -0.745453, return mean -2.390921, advantage mean -0.000000/std 1.000000
2026-09-24 00:12:08,847 RL_TOPO PPO: policy_loss 0.000000, value_loss 5.163234, entropy 0.511273, approx_kl 0.000000, clip_fraction 0.000000
2026-09-24 00:12:10,090 RL_TOPO GAE: value mean -0.718229, return mean -0.024803, advantage mean 0.000000/std 1.000000
2026-09-24 00:12:10,110 RL_TOPO PPO: policy_loss -0.000000, value_loss 12.939064, entropy 0.575865, approx_kl 0.000000, clip_fraction 0.000000
2026-09-24 00:12:10,609 RL_TOPO GAE: value mean -0.738929, return mean -1.447592, advantage mean 0.000000/std 1.000000
2026-09-24 00:12:10,624 RL_TOPO PPO: policy_loss -0.000000, value_loss 14.922494, entropy 0.662863, approx_kl 0.000000, clip_fraction 0.000000
2026-09-24 00:12:12,119 RL_TOPO GAE: value mean -0.721507, return mean -0.184569, advantage mean -0.000000/std 1.000000
2026-09-24 00:12:12,141 RL_TOPO PPO: policy_loss -0.000000, value_loss 8.235075, entropy 0.594600, approx_kl 0.000000, clip_fraction 0.000000
2026-09-24 00:12:12,245 RL_TOPO GAE: value mean -0.714151, return mean -0.576975, advantage mean 0.000000/std 1.000000
2026-09-24 00:12:12,282 RL_TOPO PPO: policy_loss -0.000000, value_loss 19.285868, entropy 0.426930, approx_kl 0.000000, clip_fraction 0.000000
2026-09-24 00:12:13,621 RL_TOPO GAE: value mean -0.779505, return mean -0.845433, advantage mean 0.000000/std 1.000000
2026-09-24 00:12:13,636 RL_TOPO PPO: policy_loss 0.000000, value_loss 8.766443, entropy 0.471344, approx_kl 0.000000, clip_fraction 0.000000
2026-09-24 00:12:13,727 RL_TOPO GAE: value mean -0.755477, return mean -1.552884, advantage mean 0.000000/std 1.000000
2026-09-24 00:12:13,745 RL_TOPO PPO: policy_loss -0.000000, value_loss 4.916482, entropy 0.906846, approx_kl 0.000000, clip_fraction 0.000000
2026-09-24 00:12:15,216 RL_TOPO GAE: value mean -0.736562, return mean 1.123293, advantage mean 0.000000/std 1.000000
2026-09-24 00:12:15,239 RL_TOPO PPO: policy_loss -0.000000, value_loss 26.166679, entropy 0.511827, approx_kl 0.000000, clip_fraction 0.000000
2026-09-24 00:12:15,367 RL_TOPO GAE: value mean -0.751229, return mean 0.064305, advantage mean -0.000000/std 1.000000
2026-09-24 00:12:15,381 RL_TOPO PPO: policy_loss 0.000000, value_loss 12.354909, entropy 0.831825, approx_kl 0.000000, clip_fraction 0.000000
2026-09-24 00:12:15,406 iter 180: ppo/value_mean: -0.749, ppo/return_mean: -0.659, ppo/advantage_mean: -0.000, ppo/advantage_std: 1.000, ppo/mean_reward: -0.049, ppo/mean_return: -0.659, ppo/policy_loss: 0.000, ppo/value_loss: 13.325, ppo/entropy: 0.591, ppo/approx_kl: 0.000, ppo/clip_fraction: 0.000, 
2026-09-24 00:12:16,857 RL_TOPO GAE: value mean -0.719248, return mean 0.129188, advantage mean -0.000000/std 1.000000
2026-09-24 00:12:16,880 RL_TOPO PPO: policy_loss 0.000000, value_loss 20.190327, entropy 0.451480, approx_kl 0.000000, clip_fraction 0.000000
2026-09-24 00:12:17,996 RL_TOPO GAE: value mean -0.733839, return mean -0.394936, advantage mean -0.000000/std 1.000000
2026-09-24 00:12:18,010 RL_TOPO PPO: policy_loss 0.000000, value_loss 29.724072, entropy 0.580310, approx_kl 0.000000, clip_fraction 0.000000
2026-09-24 00:12:19,445 RL_TOPO GAE: value mean -0.739746, return mean -1.099201, advantage mean 0.000000/std 1.000000
2026-09-24 00:12:19,467 RL_TOPO PPO: policy_loss -0.000000, value_loss 5.912010, entropy 0.508661, approx_kl 0.000000, clip_fraction 0.000000
2026-09-24 00:12:19,752 RL_TOPO GAE: value mean -0.735150, return mean -1.591615, advantage mean 0.000000/std 1.000000
2026-09-24 00:12:19,766 RL_TOPO PPO: policy_loss -0.000000, value_loss 12.110994, entropy 0.687909, approx_kl 0.000000, clip_fraction 0.000000
2026-09-24 00:12:21,371 RL_TOPO GAE: value mean -0.745627, return mean -1.393775, advantage mean -0.000000/std 1.000000
2026-09-24 00:12:21,385 RL_TOPO PPO: policy_loss 0.000000, value_loss 6.727467, entropy 0.497416, approx_kl 0.000000, clip_fraction 0.000000
2026-09-24 00:12:21,393 RL_TOPO GAE: value mean -0.730706, return mean -1.178663, advantage mean 0.000000/std 1.000000
2026-09-24 00:12:21,409 RL_TOPO PPO: policy_loss -0.000000, value_loss 11.370005, entropy 0.696490, approx_kl 0.000000, clip_fraction 0.000000
2026-09-24 00:12:22,859 RL_TOPO GAE: value mean -0.722808, return mean -2.615431, advantage mean 0.000000/std 1.000000
2026-09-24 00:12:22,875 RL_TOPO PPO: policy_loss -0.000000, value_loss 8.008590, entropy 0.533175, approx_kl 0.000000, clip_fraction 0.000000
2026-09-24 00:12:22,915 RL_TOPO GAE: value mean -0.724739, return mean -1.572249, advantage mean 0.000000/std 1.000000
2026-09-24 00:12:22,938 RL_TOPO PPO: policy_loss -0.000000, value_loss 14.330905, entropy 0.726996, approx_kl 0.000000, clip_fraction 0.000000
2026-09-24 00:12:24,433 RL_TOPO GAE: value mean -0.763997, return mean -0.272315, advantage mean 0.000000/std 1.000000
2026-09-24 00:12:24,457 RL_TOPO PPO: policy_loss 0.000000, value_loss 7.987280, entropy 0.677120, approx_kl 0.000000, clip_fraction 0.000000
2026-09-24 00:12:24,503 RL_TOPO GAE: value mean -0.739014, return mean -0.472357, advantage mean -0.000000/std 1.000000
2026-09-24 00:12:24,518 RL_TOPO PPO: policy_loss 0.000000, value_loss 13.134100, entropy 0.647440, approx_kl 0.000000, clip_fraction 0.000000
2026-09-24 00:12:25,760 RL_TOPO GAE: value mean -0.718064, return mean -2.240898, advantage mean -0.000000/std 1.000000
2026-09-24 00:12:25,780 RL_TOPO PPO: policy_loss 0.000000, value_loss 4.787225, entropy 0.545997, approx_kl 0.000000, clip_fraction 0.000000
2026-09-24 00:12:26,160 RL_TOPO GAE: value mean -0.723338, return mean 0.196051, advantage mean -0.000000/std 1.000000
2026-09-24 00:12:26,197 RL_TOPO PPO: policy_loss 0.000000, value_loss 15.550291, entropy 0.613508, approx_kl 0.000000, clip_fraction 0.000000
2026-09-24 00:12:27,567 RL_TOPO GAE: value mean -0.714730, return mean -0.363681, advantage mean 0.000000/std 1.000000
2026-09-24 00:12:27,588 RL_TOPO PPO: policy_loss -0.000000, value_loss 11.994234, entropy 0.541993, approx_kl 0.000000, clip_fraction 0.000000
2026-09-24 00:12:27,736 RL_TOPO GAE: value mean -0.736089, return mean 0.211010, advantage mean -0.000000/std 1.000000
2026-09-24 00:12:27,753 RL_TOPO PPO: policy_loss 0.000000, value_loss 21.828621, entropy 0.596894, approx_kl 0.000000, clip_fraction 0.000000
2026-09-24 00:12:29,161 RL_TOPO GAE: value mean -0.721310, return mean -3.019133, advantage mean -0.000000/std 1.000000
2026-09-24 00:12:29,182 RL_TOPO PPO: policy_loss 0.000000, value_loss 8.603333, entropy 0.636385, approx_kl 0.000000, clip_fraction 0.000000
2026-09-24 00:12:29,186 RL_TOPO GAE: value mean -0.739621, return mean -1.186476, advantage mean 0.000000/std 1.000000
2026-09-24 00:12:29,200 RL_TOPO PPO: policy_loss -0.000000, value_loss 14.974477, entropy 0.654637, approx_kl 0.000000, clip_fraction 0.000000
2026-09-24 00:12:30,533 RL_TOPO GAE: value mean -0.714101, return mean -0.459709, advantage mean 0.000000/std 1.000000
2026-09-24 00:12:30,549 RL_TOPO PPO: policy_loss -0.000000, value_loss 13.821852, entropy 0.416838, approx_kl 0.000000, clip_fraction 0.000000
2026-09-24 00:12:30,708 RL_TOPO GAE: value mean -0.727539, return mean -2.390188, advantage mean 0.000000/std 1.000000
2026-09-24 00:12:30,723 RL_TOPO PPO: policy_loss -0.000000, value_loss 5.686794, entropy 0.632280, approx_kl 0.000000, clip_fraction 0.000000
2026-09-24 00:12:32,215 RL_TOPO GAE: value mean -0.762508, return mean -1.739501, advantage mean 0.000000/std 1.000000
2026-09-24 00:12:32,237 RL_TOPO PPO: policy_loss -0.000000, value_loss 14.165594, entropy 0.567215, approx_kl 0.000000, clip_fraction 0.000000
2026-09-24 00:12:32,485 RL_TOPO GAE: value mean -0.707626, return mean -0.061277, advantage mean -0.000000/std 1.000000
2026-09-24 00:12:32,523 RL_TOPO PPO: policy_loss 0.000000, value_loss 21.780914, entropy 0.613646, approx_kl 0.000000, clip_fraction 0.000000
2026-09-24 00:12:33,829 RL_TOPO GAE: value mean -0.742636, return mean -0.544635, advantage mean 0.000000/std 1.000000
2026-09-24 00:12:33,844 RL_TOPO PPO: policy_loss 0.000000, value_loss 9.689918, entropy 0.510347, approx_kl 0.000000, clip_fraction 0.000000
2026-09-24 00:12:34,041 RL_TOPO GAE: value mean -0.721393, return mean 2.213361, advantage mean -0.000000/std 1.000000
2026-09-24 00:12:34,055 RL_TOPO PPO: policy_loss -0.000000, value_loss 30.318861, entropy 0.530641, approx_kl 0.000000, clip_fraction 0.000000
2026-09-24 00:12:35,445 RL_TOPO GAE: value mean -0.728463, return mean -2.122469, advantage mean 0.000000/std 1.000000
2026-09-24 00:12:35,457 RL_TOPO PPO: policy_loss -0.000000, value_loss 6.535245, entropy 0.541715, approx_kl 0.000000, clip_fraction 0.000000
2026-09-24 00:12:35,660 RL_TOPO GAE: value mean -0.745928, return mean -1.581667, advantage mean 0.000000/std 1.000000
2026-09-24 00:12:35,682 RL_TOPO PPO: policy_loss -0.000000, value_loss 6.087727, entropy 0.415063, approx_kl 0.000000, clip_fraction 0.000000
2026-09-24 00:12:40,551 RL_TOPO GAE: value mean -0.748467, return mean -2.056862, advantage mean 0.000000/std 1.000000
2026-09-24 00:12:40,572 RL_TOPO PPO: policy_loss -0.000000, value_loss 8.260200, entropy 0.519892, approx_kl 0.000000, clip_fraction 0.000000
2026-09-24 00:12:40,730 RL_TOPO GAE: value mean -0.729422, return mean -1.822954, advantage mean -0.000000/std 1.000000
2026-09-24 00:12:40,745 RL_TOPO PPO: policy_loss 0.000000, value_loss 5.716439, entropy 0.292244, approx_kl 0.000000, clip_fraction 0.000000
2026-09-24 00:12:42,079 RL_TOPO GAE: value mean -0.738876, return mean -1.785139, advantage mean -0.000000/std 1.000000
2026-09-24 00:12:42,100 RL_TOPO PPO: policy_loss 0.000000, value_loss 8.331742, entropy 0.737788, approx_kl 0.000000, clip_fraction 0.000000
2026-09-24 00:12:42,378 RL_TOPO GAE: value mean -0.749200, return mean 0.513894, advantage mean -0.000000/std 1.000000
2026-09-24 00:12:42,393 RL_TOPO PPO: policy_loss 0.000000, value_loss 17.305021, entropy 0.584027, approx_kl 0.000000, clip_fraction 0.000000
2026-09-24 00:12:43,741 RL_TOPO GAE: value mean -0.737733, return mean -1.899359, advantage mean -0.000000/std 1.000000
2026-09-24 00:12:43,756 RL_TOPO PPO: policy_loss 0.000000, value_loss 6.074260, entropy 0.603270, approx_kl 0.000000, clip_fraction 0.000000
2026-09-24 00:12:44,604 RL_TOPO GAE: value mean -0.691305, return mean 0.628259, advantage mean -0.000000/std 1.000000
2026-09-24 00:12:44,645 RL_TOPO PPO: policy_loss 0.000000, value_loss 16.382359, entropy 0.638688, approx_kl 0.000000, clip_fraction 0.000000
2026-09-24 00:12:46,587 RL_TOPO GAE: value mean -0.759366, return mean -0.949192, advantage mean -0.000000/std 1.000000
2026-09-24 00:12:46,613 RL_TOPO PPO: policy_loss 0.000000, value_loss 9.716144, entropy 0.700720, approx_kl 0.000000, clip_fraction 0.000000
2026-09-24 00:12:49,578 RL_TOPO GAE: value mean -0.777144, return mean -0.743792, advantage mean -0.000000/std 1.000000
2026-09-24 00:12:49,594 RL_TOPO PPO: policy_loss 0.000000, value_loss 9.725913, entropy 0.521729, approx_kl 0.000000, clip_fraction 0.000000
2026-09-24 00:12:51,402 RL_TOPO GAE: value mean -0.777407, return mean -1.437494, advantage mean 0.000000/std 1.000000
2026-09-24 00:12:51,419 RL_TOPO PPO: policy_loss -0.000000, value_loss 15.622709, entropy 0.903871, approx_kl 0.000000, clip_fraction 0.000000
2026-09-24 00:12:52,581 RL_TOPO GAE: value mean -0.739339, return mean -1.593858, advantage mean 0.000000/std 1.000000
2026-09-24 00:12:52,596 RL_TOPO PPO: policy_loss 0.000000, value_loss 12.918882, entropy 0.604858, approx_kl 0.000000, clip_fraction 0.000000
2026-09-24 00:12:54,405 RL_TOPO GAE: value mean -0.787757, return mean 0.618159, advantage mean -0.000000/std 1.000000
2026-09-24 00:12:54,422 RL_TOPO PPO: policy_loss 0.000000, value_loss 14.693115, entropy 0.632775, approx_kl 0.000000, clip_fraction 0.000000
2026-09-24 00:12:54,448 RL_TOPO GAE: value mean -0.757527, return mean 0.715748, advantage mean -0.000000/std 1.000000
2026-09-24 00:12:54,464 RL_TOPO PPO: policy_loss 0.000000, value_loss 16.297832, entropy 0.647275, approx_kl 0.000000, clip_fraction 0.000000
2026-09-24 00:12:55,883 RL_TOPO GAE: value mean -0.742876, return mean -0.428123, advantage mean -0.000000/std 1.000000
2026-09-24 00:12:55,900 RL_TOPO PPO: policy_loss 0.000000, value_loss 19.861301, entropy 0.485796, approx_kl 0.000000, clip_fraction 0.000000
2026-09-24 00:12:56,296 RL_TOPO GAE: value mean -0.756071, return mean -1.717202, advantage mean 0.000000/std 1.000000
2026-09-24 00:12:56,321 RL_TOPO PPO: policy_loss -0.000000, value_loss 6.714056, entropy 0.630605, approx_kl 0.000000, clip_fraction 0.000000
2026-09-24 00:12:57,756 RL_TOPO GAE: value mean -0.757428, return mean -0.834124, advantage mean 0.000000/std 1.000000
2026-09-24 00:12:57,768 RL_TOPO PPO: policy_loss -0.000000, value_loss 16.145676, entropy 0.562626, approx_kl 0.000000, clip_fraction 0.000000
2026-09-24 00:12:58,118 RL_TOPO GAE: value mean -0.767672, return mean -2.134087, advantage mean 0.000000/std 1.000000
2026-09-24 00:12:58,134 RL_TOPO PPO: policy_loss -0.000000, value_loss 10.128736, entropy 0.598070, approx_kl 0.000000, clip_fraction 0.000000
2026-09-24 00:12:58,159 iter 200: ppo/value_mean: -0.736, ppo/return_mean: -0.818, ppo/advantage_mean: -0.000, ppo/advantage_std: 1.000, ppo/mean_reward: -0.090, ppo/mean_return: -0.818, ppo/policy_loss: 0.000, ppo/value_loss: 14.552, ppo/entropy: 0.598, ppo/approx_kl: 0.000, ppo/clip_fraction: 0.000, 
