2026-09-24 11:46:42,958 Initializing dataset VLN-CE-v1
2026-09-24 11:46:42,958 Initializing dataset VLN-CE-v1
2026-09-24 11:46:43,359 SPLTI: train, NUMBER OF SCENES: 61
2026-09-24 11:46:43,359 SPLTI: train, NUMBER OF SCENES: 61
2026-09-24 11:46:51,565 LOCAL RANK: 0, ENV NUM: 8, DATASET LEN: 10819
2026-09-24 11:46:51,569 LOCAL RANK: 1, ENV NUM: 8, DATASET LEN: 10819
2026-09-24 11:46:56,982 RL_TOPO PPO parameters: critic=394241, existing_global_head=592897
2026-09-24 11:46:56,982 RL_TOPO PPO parameters: critic=394241, existing_global_head=592897
2026-09-24 11:46:57,830 Loaded weights from checkpoint: data/logs/checkpoints/release_r2r/ckpt.iter12000.pth, iteration: 12000
2026-09-24 11:46:57,832 Agent parameters: 299.54 MB. Trainable: 0.99 MB.
2026-09-24 11:46:57,832 Finished setting up policy.
2026-09-24 11:46:57,855 Traning Starts... GOOD LUCK!
2026-09-24 11:46:57,979 Loaded weights from checkpoint: data/logs/checkpoints/release_r2r/ckpt.iter12000.pth, iteration: 12000
2026-09-24 11:46:57,981 Agent parameters: 299.54 MB. Trainable: 0.99 MB.
2026-09-24 11:46:57,981 Finished setting up policy.
2026-09-24 11:46:57,987 Traning Starts... GOOD LUCK!
2026-09-24 11:46:59,884 RL_TOPO GAE: value mean -0.076969, return mean 4.777781, advantage mean 0.000000/std 1.000000
2026-09-24 11:46:59,905 RL_TOPO PPO: policy_loss -0.000000, value_loss 34.960640, entropy 0.563500, approx_kl 0.000000, clip_fraction 0.000000
2026-09-24 11:47:00,567 RL_TOPO GAE: value mean -0.080300, return mean 7.573611, advantage mean -0.000000/std 1.000000
2026-09-24 11:47:00,585 RL_TOPO PPO: policy_loss 0.000000, value_loss 63.530949, entropy 0.460890, approx_kl 0.000000, clip_fraction 0.000000
2026-09-24 11:47:02,576 RL_TOPO GAE: value mean -0.074790, return mean 7.120759, advantage mean 0.000000/std 1.000000
2026-09-24 11:47:02,593 RL_TOPO PPO: policy_loss -0.000000, value_loss 60.187553, entropy 0.443909, approx_kl 0.000000, clip_fraction 0.000000
2026-09-24 11:47:02,774 RL_TOPO GAE: value mean -0.078813, return mean 7.095781, advantage mean 0.000000/std 1.000000
2026-09-24 11:47:02,803 RL_TOPO PPO: policy_loss -0.000000, value_loss 64.428604, entropy 0.528411, approx_kl 0.000000, clip_fraction 0.000000
2026-09-24 11:47:04,889 RL_TOPO GAE: value mean -0.070296, return mean 5.023622, advantage mean -0.000000/std 1.000000
2026-09-24 11:47:04,918 RL_TOPO PPO: policy_loss 0.000000, value_loss 42.011642, entropy 0.707515, approx_kl 0.000000, clip_fraction 0.000000
2026-09-24 11:47:05,141 RL_TOPO GAE: value mean -0.079897, return mean 5.016103, advantage mean -0.000000/std 1.000000
2026-09-24 11:47:05,160 RL_TOPO PPO: policy_loss 0.000000, value_loss 46.046604, entropy 0.492362, approx_kl 0.000000, clip_fraction 0.000000
2026-09-24 11:47:07,236 RL_TOPO GAE: value mean -0.078910, return mean 5.855324, advantage mean 0.000000/std 1.000000
2026-09-24 11:47:07,266 RL_TOPO PPO: policy_loss -0.000000, value_loss 40.329369, entropy 0.569767, approx_kl 0.000000, clip_fraction 0.000000
2026-09-24 11:47:07,860 RL_TOPO GAE: value mean -0.076589, return mean 6.452302, advantage mean 0.000000/std 1.000000
2026-09-24 11:47:07,879 RL_TOPO PPO: policy_loss -0.000000, value_loss 55.820419, entropy 0.436360, approx_kl 0.000000, clip_fraction 0.000000
2026-09-24 11:47:10,263 RL_TOPO GAE: value mean -0.082345, return mean 7.915918, advantage mean -0.000000/std 1.000000
2026-09-24 11:47:10,287 RL_TOPO PPO: policy_loss 0.000000, value_loss 73.686218, entropy 0.570626, approx_kl 0.000000, clip_fraction 0.000000
2026-09-24 11:47:10,559 RL_TOPO GAE: value mean -0.078243, return mean 4.859848, advantage mean 0.000000/std 1.000000
2026-09-24 11:47:10,578 RL_TOPO PPO: policy_loss -0.000000, value_loss 57.358791, entropy 0.492484, approx_kl 0.000000, clip_fraction 0.000000
2026-09-24 11:47:12,060 RL_TOPO GAE: value mean -0.076091, return mean 6.089305, advantage mean -0.000000/std 1.000000
2026-09-24 11:47:12,076 RL_TOPO PPO: policy_loss 0.000000, value_loss 43.307392, entropy 0.386779, approx_kl 0.000000, clip_fraction 0.000000
2026-09-24 11:47:12,830 RL_TOPO GAE: value mean -0.084451, return mean 4.787545, advantage mean -0.000000/std 1.000000
2026-09-24 11:47:12,850 RL_TOPO PPO: policy_loss 0.000000, value_loss 38.459557, entropy 0.642233, approx_kl 0.000000, clip_fraction 0.000000
2026-09-24 11:47:14,916 RL_TOPO GAE: value mean -0.074687, return mean 5.858019, advantage mean 0.000000/std 1.000000
2026-09-24 11:47:14,937 RL_TOPO PPO: policy_loss -0.000000, value_loss 52.327682, entropy 0.607975, approx_kl 0.000000, clip_fraction 0.000000
2026-09-24 11:47:15,109 RL_TOPO GAE: value mean -0.082418, return mean 5.223931, advantage mean 0.000000/std 1.000000
2026-09-24 11:47:15,129 RL_TOPO PPO: policy_loss -0.000000, value_loss 48.758160, entropy 0.473553, approx_kl 0.000000, clip_fraction 0.000000
2026-09-24 11:47:16,793 RL_TOPO GAE: value mean -0.074730, return mean 7.252293, advantage mean 0.000000/std 1.000000
2026-09-24 11:47:16,811 RL_TOPO PPO: policy_loss -0.000000, value_loss 58.050392, entropy 0.477858, approx_kl 0.000000, clip_fraction 0.000000
2026-09-24 11:47:17,176 RL_TOPO GAE: value mean -0.070530, return mean 5.292323, advantage mean -0.000000/std 1.000000
2026-09-24 11:47:17,195 RL_TOPO PPO: policy_loss 0.000000, value_loss 44.023521, entropy 0.459101, approx_kl 0.000000, clip_fraction 0.000000
2026-09-24 11:47:18,997 RL_TOPO GAE: value mean -0.074837, return mean 6.725234, advantage mean 0.000001/std 1.000000
2026-09-24 11:47:19,014 RL_TOPO PPO: policy_loss -0.000001, value_loss 48.445206, entropy 0.651790, approx_kl 0.000000, clip_fraction 0.000000
2026-09-24 11:47:19,392 RL_TOPO GAE: value mean -0.071309, return mean 6.134861, advantage mean 0.000000/std 1.000000
2026-09-24 11:47:19,414 RL_TOPO PPO: policy_loss -0.000000, value_loss 52.180744, entropy 0.584096, approx_kl 0.000000, clip_fraction 0.000000
2026-09-24 11:47:21,599 RL_TOPO GAE: value mean -0.072954, return mean 5.810513, advantage mean -0.000000/std 1.000000
2026-09-24 11:47:21,632 RL_TOPO PPO: policy_loss 0.000000, value_loss 46.904934, entropy 0.535254, approx_kl 0.000000, clip_fraction 0.000000
2026-09-24 11:47:21,725 RL_TOPO GAE: value mean -0.066043, return mean 4.712083, advantage mean -0.000000/std 1.000000
2026-09-24 11:47:21,745 RL_TOPO PPO: policy_loss 0.000000, value_loss 40.284561, entropy 0.795406, approx_kl 0.000000, clip_fraction 0.000000
2026-09-24 11:47:23,499 RL_TOPO GAE: value mean -0.067104, return mean 6.407120, advantage mean 0.000000/std 1.000000
2026-09-24 11:47:23,516 RL_TOPO PPO: policy_loss -0.000000, value_loss 47.938404, entropy 0.310079, approx_kl 0.000000, clip_fraction 0.000000
2026-09-24 11:47:24,069 RL_TOPO GAE: value mean -0.074607, return mean 3.152274, advantage mean -0.000000/std 1.000000
2026-09-24 11:47:24,092 RL_TOPO PPO: policy_loss 0.000000, value_loss 28.905048, entropy 0.627102, approx_kl 0.000000, clip_fraction 0.000000
2026-09-24 11:47:25,878 RL_TOPO GAE: value mean -0.069359, return mean 7.676319, advantage mean -0.000000/std 1.000000
2026-09-24 11:47:25,898 RL_TOPO PPO: policy_loss -0.000000, value_loss 64.688812, entropy 0.350478, approx_kl 0.000000, clip_fraction 0.000000
2026-09-24 11:47:25,963 RL_TOPO GAE: value mean -0.067120, return mean 6.603716, advantage mean -0.000000/std 1.000000
2026-09-24 11:47:25,979 RL_TOPO PPO: policy_loss 0.000000, value_loss 57.515846, entropy 0.463283, approx_kl 0.000000, clip_fraction 0.000000
2026-09-24 11:47:28,023 RL_TOPO GAE: value mean -0.063594, return mean 5.747520, advantage mean -0.000000/std 1.000000
2026-09-24 11:47:28,042 RL_TOPO PPO: policy_loss 0.000000, value_loss 49.086624, entropy 0.510784, approx_kl 0.000000, clip_fraction 0.000000
2026-09-24 11:47:28,082 RL_TOPO GAE: value mean -0.059276, return mean 6.458948, advantage mean -0.000000/std 1.000000
2026-09-24 11:47:28,112 RL_TOPO PPO: policy_loss 0.000000, value_loss 52.144135, entropy 0.573762, approx_kl 0.000000, clip_fraction 0.000000
2026-09-24 11:47:30,362 RL_TOPO GAE: value mean -0.063782, return mean 7.371940, advantage mean -0.000001/std 1.000000
2026-09-24 11:47:30,394 RL_TOPO PPO: policy_loss 0.000001, value_loss 58.358845, entropy 0.478675, approx_kl 0.000000, clip_fraction 0.000000
2026-09-24 11:47:30,395 RL_TOPO GAE: value mean -0.060012, return mean 5.838685, advantage mean 0.000000/std 1.000000
2026-09-24 11:47:30,418 RL_TOPO PPO: policy_loss -0.000000, value_loss 46.053711, entropy 0.485204, approx_kl 0.000000, clip_fraction 0.000000
2026-09-24 11:47:31,999 RL_TOPO GAE: value mean -0.062794, return mean 7.585982, advantage mean -0.000000/std 1.000000
2026-09-24 11:47:32,016 RL_TOPO PPO: policy_loss 0.000000, value_loss 68.681290, entropy 0.419245, approx_kl 0.000000, clip_fraction 0.000000
2026-09-24 11:47:32,302 RL_TOPO GAE: value mean -0.057448, return mean 8.067343, advantage mean -0.000000/std 1.000000
2026-09-24 11:47:32,319 RL_TOPO PPO: policy_loss 0.000000, value_loss 70.896233, entropy 0.360149, approx_kl 0.000000, clip_fraction 0.000000
2026-09-24 11:47:34,353 RL_TOPO GAE: value mean -0.057617, return mean 6.017959, advantage mean -0.000000/std 1.000000
2026-09-24 11:47:34,378 RL_TOPO PPO: policy_loss 0.000000, value_loss 45.738533, entropy 0.458163, approx_kl 0.000000, clip_fraction 0.000000
2026-09-24 11:47:34,556 RL_TOPO GAE: value mean -0.059376, return mean 5.615658, advantage mean 0.000000/std 1.000000
2026-09-24 11:47:34,579 RL_TOPO PPO: policy_loss 0.000000, value_loss 48.036812, entropy 0.435876, approx_kl 0.000000, clip_fraction 0.000000
2026-09-24 11:47:36,663 RL_TOPO GAE: value mean -0.058249, return mean 5.052808, advantage mean 0.000000/std 1.000000
2026-09-24 11:47:36,696 RL_TOPO PPO: policy_loss -0.000000, value_loss 39.929913, entropy 0.701194, approx_kl 0.000000, clip_fraction 0.000000
2026-09-24 11:47:37,186 RL_TOPO GAE: value mean -0.060168, return mean 4.962018, advantage mean -0.000000/std 1.000000
2026-09-24 11:47:37,208 RL_TOPO PPO: policy_loss 0.000000, value_loss 44.596344, entropy 0.667526, approx_kl 0.000000, clip_fraction 0.000000
2026-09-24 11:47:39,030 RL_TOPO GAE: value mean -0.050270, return mean 4.961135, advantage mean 0.000000/std 1.000000
2026-09-24 11:47:39,048 RL_TOPO PPO: policy_loss -0.000000, value_loss 37.254204, entropy 0.503014, approx_kl 0.000000, clip_fraction 0.000000
2026-09-24 11:47:39,121 RL_TOPO GAE: value mean -0.059897, return mean 6.045871, advantage mean -0.000000/std 1.000000
2026-09-24 11:47:39,136 RL_TOPO PPO: policy_loss 0.000000, value_loss 44.415802, entropy 0.472020, approx_kl 0.000000, clip_fraction 0.000000
2026-09-24 11:47:41,264 RL_TOPO GAE: value mean -0.062251, return mean 6.670165, advantage mean 0.000000/std 1.000000
2026-09-24 11:47:41,291 RL_TOPO PPO: policy_loss -0.000000, value_loss 58.157726, entropy 0.561995, approx_kl 0.000000, clip_fraction 0.000000
2026-09-24 11:47:41,403 RL_TOPO GAE: value mean -0.053402, return mean 7.184728, advantage mean 0.000000/std 1.000000
2026-09-24 11:47:41,426 RL_TOPO PPO: policy_loss -0.000000, value_loss 63.069859, entropy 0.442069, approx_kl 0.000000, clip_fraction 0.000000
2026-09-24 11:47:43,037 RL_TOPO GAE: value mean -0.057733, return mean 7.464478, advantage mean -0.000000/std 1.000000
2026-09-24 11:47:43,054 RL_TOPO PPO: policy_loss 0.000000, value_loss 61.564842, entropy 0.385973, approx_kl 0.000000, clip_fraction 0.000000
2026-09-24 11:47:43,632 RL_TOPO GAE: value mean -0.054357, return mean 5.974057, advantage mean -0.000000/std 1.000000
2026-09-24 11:47:43,650 RL_TOPO PPO: policy_loss 0.000000, value_loss 47.502110, entropy 0.496529, approx_kl 0.000000, clip_fraction 0.000000
2026-09-24 11:47:43,679 iter 12020: ppo/value_mean: -0.069, ppo/return_mean: 6.082, ppo/advantage_mean: -0.000, ppo/advantage_std: 1.000, ppo/mean_reward: 1.426, ppo/mean_return: 6.082, ppo/policy_loss: 0.000, ppo/value_loss: 51.356, ppo/entropy: 0.506, ppo/approx_kl: 0.000, ppo/clip_fraction: 0.000, 
2026-09-24 11:47:45,963 RL_TOPO GAE: value mean -0.047925, return mean 5.667099, advantage mean -0.000000/std 1.000000
2026-09-24 11:47:45,996 RL_TOPO PPO: policy_loss -0.000000, value_loss 48.520309, entropy 0.558402, approx_kl 0.000000, clip_fraction 0.000000
2026-09-24 11:47:47,064 RL_TOPO GAE: value mean -0.052169, return mean 7.581077, advantage mean -0.000000/std 1.000000
2026-09-24 11:47:47,082 RL_TOPO PPO: policy_loss 0.000000, value_loss 63.154076, entropy 0.611070, approx_kl 0.000000, clip_fraction 0.000000
2026-09-24 11:47:49,201 RL_TOPO GAE: value mean -0.062301, return mean 7.613014, advantage mean 0.000000/std 1.000000
2026-09-24 11:47:49,220 RL_TOPO PPO: policy_loss -0.000000, value_loss 64.448952, entropy 0.467334, approx_kl 0.000000, clip_fraction 0.000000
2026-09-24 11:47:49,234 RL_TOPO GAE: value mean -0.046250, return mean 6.187381, advantage mean -0.000000/std 1.000000
2026-09-24 11:47:49,265 RL_TOPO PPO: policy_loss 0.000000, value_loss 47.773998, entropy 0.503136, approx_kl 0.000000, clip_fraction 0.000000
2026-09-24 11:47:51,401 RL_TOPO GAE: value mean -0.057296, return mean 5.056383, advantage mean 0.000000/std 1.000000
2026-09-24 11:47:51,419 RL_TOPO PPO: policy_loss -0.000000, value_loss 46.000725, entropy 0.482982, approx_kl 0.000000, clip_fraction 0.000000
2026-09-24 11:47:51,504 RL_TOPO GAE: value mean -0.052792, return mean 6.858129, advantage mean 0.000000/std 1.000000
2026-09-24 11:47:51,526 RL_TOPO PPO: policy_loss -0.000000, value_loss 60.967407, entropy 0.609072, approx_kl 0.000000, clip_fraction 0.000000
2026-09-24 11:47:53,314 RL_TOPO GAE: value mean -0.051781, return mean 7.359255, advantage mean -0.000000/std 1.000000
2026-09-24 11:47:53,343 RL_TOPO PPO: policy_loss 0.000000, value_loss 59.466106, entropy 0.358729, approx_kl 0.000000, clip_fraction 0.000000
2026-09-24 11:47:53,662 RL_TOPO GAE: value mean -0.050774, return mean 6.102409, advantage mean 0.000000/std 1.000000
2026-09-24 11:47:53,681 RL_TOPO PPO: policy_loss -0.000000, value_loss 60.442604, entropy 0.413098, approx_kl 0.000000, clip_fraction 0.000000
2026-09-24 11:47:55,420 RL_TOPO GAE: value mean -0.057270, return mean 6.977456, advantage mean 0.000000/std 1.000000
2026-09-24 11:47:55,447 RL_TOPO PPO: policy_loss -0.000000, value_loss 55.170467, entropy 0.535860, approx_kl 0.000000, clip_fraction 0.000000
2026-09-24 11:47:56,194 RL_TOPO GAE: value mean -0.043429, return mean 4.816568, advantage mean 0.000000/std 1.000000
2026-09-24 11:47:56,212 RL_TOPO PPO: policy_loss -0.000000, value_loss 37.650875, entropy 0.648417, approx_kl 0.000000, clip_fraction 0.000000
2026-09-24 11:47:58,188 RL_TOPO GAE: value mean -0.052343, return mean 6.855095, advantage mean -0.000000/std 1.000000
2026-09-24 11:47:58,208 RL_TOPO PPO: policy_loss 0.000000, value_loss 51.615917, entropy 0.657703, approx_kl 0.000000, clip_fraction 0.000000
2026-09-24 11:47:58,420 RL_TOPO GAE: value mean -0.053152, return mean 6.735394, advantage mean 0.000000/std 1.000000
2026-09-24 11:47:58,448 RL_TOPO PPO: policy_loss -0.000000, value_loss 57.268913, entropy 0.571303, approx_kl 0.000000, clip_fraction 0.000000
2026-09-24 11:48:00,288 RL_TOPO GAE: value mean -0.054224, return mean 5.450772, advantage mean 0.000000/std 1.000000
2026-09-24 11:48:00,304 RL_TOPO PPO: policy_loss -0.000000, value_loss 40.589088, entropy 0.486988, approx_kl 0.000000, clip_fraction 0.000000
2026-09-24 11:48:00,449 RL_TOPO GAE: value mean -0.040794, return mean 5.441685, advantage mean -0.000000/std 1.000000
2026-09-24 11:48:00,469 RL_TOPO PPO: policy_loss 0.000000, value_loss 53.014450, entropy 0.551831, approx_kl 0.000000, clip_fraction 0.000000
2026-09-24 11:48:02,270 RL_TOPO GAE: value mean -0.043496, return mean 7.343609, advantage mean 0.000000/std 1.000000
2026-09-24 11:48:02,287 RL_TOPO PPO: policy_loss -0.000000, value_loss 57.366554, entropy 0.335218, approx_kl 0.000000, clip_fraction 0.000000
2026-09-24 11:48:02,501 RL_TOPO GAE: value mean -0.044481, return mean 6.241868, advantage mean 0.000000/std 1.000000
2026-09-24 11:48:02,519 RL_TOPO PPO: policy_loss -0.000000, value_loss 49.864262, entropy 0.641917, approx_kl 0.000000, clip_fraction 0.000000
2026-09-24 11:48:04,602 RL_TOPO GAE: value mean -0.041349, return mean 5.445191, advantage mean 0.000000/std 1.000000
2026-09-24 11:48:04,631 RL_TOPO PPO: policy_loss -0.000000, value_loss 40.401817, entropy 0.529952, approx_kl 0.000000, clip_fraction 0.000000
2026-09-24 11:48:04,878 RL_TOPO GAE: value mean -0.045997, return mean 6.954679, advantage mean 0.000000/std 1.000000
2026-09-24 11:48:04,899 RL_TOPO PPO: policy_loss -0.000000, value_loss 59.966492, entropy 0.389856, approx_kl 0.000000, clip_fraction 0.000000
2026-09-24 11:48:06,688 RL_TOPO GAE: value mean -0.040087, return mean 5.559175, advantage mean 0.000000/std 1.000000
2026-09-24 11:48:06,707 RL_TOPO PPO: policy_loss -0.000000, value_loss 50.178745, entropy 0.421213, approx_kl 0.000000, clip_fraction 0.000000
2026-09-24 11:48:07,066 RL_TOPO GAE: value mean -0.044764, return mean 7.215745, advantage mean -0.000000/std 1.000000
2026-09-24 11:48:07,084 RL_TOPO PPO: policy_loss 0.000000, value_loss 57.397850, entropy 0.485715, approx_kl 0.000000, clip_fraction 0.000000
2026-09-24 11:48:09,154 RL_TOPO GAE: value mean -0.039558, return mean 7.527415, advantage mean -0.000000/std 1.000000
2026-09-24 11:48:09,173 RL_TOPO PPO: policy_loss 0.000000, value_loss 62.541138, entropy 0.403527, approx_kl 0.000000, clip_fraction 0.000000
2026-09-24 11:48:09,240 RL_TOPO GAE: value mean -0.037008, return mean 6.005535, advantage mean 0.000000/std 1.000000
2026-09-24 11:48:09,271 RL_TOPO PPO: policy_loss -0.000000, value_loss 53.010567, entropy 0.735818, approx_kl 0.000000, clip_fraction 0.000000
2026-09-24 11:48:11,134 RL_TOPO GAE: value mean -0.042185, return mean 7.452805, advantage mean -0.000000/std 1.000000
2026-09-24 11:48:11,151 RL_TOPO PPO: policy_loss 0.000000, value_loss 60.175186, entropy 0.378469, approx_kl 0.000000, clip_fraction 0.000000
2026-09-24 11:48:11,541 RL_TOPO GAE: value mean -0.041057, return mean 4.534758, advantage mean -0.000000/std 1.000000
2026-09-24 11:48:11,573 RL_TOPO PPO: policy_loss 0.000000, value_loss 38.639118, entropy 0.620317, approx_kl 0.000000, clip_fraction 0.000000
2026-09-24 11:48:13,919 RL_TOPO GAE: value mean -0.041358, return mean 6.315132, advantage mean -0.000000/std 1.000000
2026-09-24 11:48:13,941 RL_TOPO PPO: policy_loss 0.000000, value_loss 54.757584, entropy 0.613114, approx_kl 0.000000, clip_fraction 0.000000
2026-09-24 11:48:14,000 RL_TOPO GAE: value mean -0.044336, return mean 5.529380, advantage mean 0.000000/std 1.000000
2026-09-24 11:48:14,035 RL_TOPO PPO: policy_loss -0.000000, value_loss 47.622303, entropy 0.665089, approx_kl 0.000000, clip_fraction 0.000000
2026-09-24 11:48:16,029 RL_TOPO GAE: value mean -0.040316, return mean 5.924220, advantage mean -0.000000/std 1.000000
2026-09-24 11:48:16,045 RL_TOPO PPO: policy_loss 0.000000, value_loss 42.023750, entropy 0.406026, approx_kl 0.000000, clip_fraction 0.000000
2026-09-24 11:48:16,121 RL_TOPO GAE: value mean -0.034944, return mean 4.407320, advantage mean -0.000000/std 1.000000
2026-09-24 11:48:16,143 RL_TOPO PPO: policy_loss 0.000000, value_loss 29.109995, entropy 0.606866, approx_kl 0.000000, clip_fraction 0.000000
2026-09-24 11:48:18,317 RL_TOPO GAE: value mean -0.033212, return mean 5.885729, advantage mean -0.000000/std 1.000000
2026-09-24 11:48:18,338 RL_TOPO PPO: policy_loss 0.000000, value_loss 60.641434, entropy 0.612423, approx_kl 0.000000, clip_fraction 0.000000
2026-09-24 11:48:18,425 RL_TOPO GAE: value mean -0.039168, return mean 7.293740, advantage mean 0.000000/std 1.000000
2026-09-24 11:48:18,442 RL_TOPO PPO: policy_loss -0.000000, value_loss 56.951138, entropy 0.425220, approx_kl 0.000000, clip_fraction 0.000000
2026-09-24 11:48:20,099 RL_TOPO GAE: value mean -0.031394, return mean 6.306270, advantage mean 0.000000/std 1.000000
2026-09-24 11:48:20,126 RL_TOPO PPO: policy_loss -0.000000, value_loss 50.490612, entropy 0.359827, approx_kl 0.000000, clip_fraction 0.000000
2026-09-24 11:48:21,112 RL_TOPO GAE: value mean -0.044858, return mean 6.283330, advantage mean 0.000000/std 1.000000
2026-09-24 11:48:21,134 RL_TOPO PPO: policy_loss -0.000000, value_loss 48.472664, entropy 0.543102, approx_kl 0.000000, clip_fraction 0.000000
2026-09-24 11:48:23,101 RL_TOPO GAE: value mean -0.028331, return mean 6.340118, advantage mean 0.000000/std 1.000000
2026-09-24 11:48:23,119 RL_TOPO PPO: policy_loss -0.000000, value_loss 55.239845, entropy 0.447522, approx_kl 0.000000, clip_fraction 0.000000
2026-09-24 11:48:23,654 RL_TOPO GAE: value mean -0.025212, return mean 5.511041, advantage mean -0.000000/std 1.000000
2026-09-24 11:48:23,680 RL_TOPO PPO: policy_loss 0.000000, value_loss 49.347054, entropy 0.867873, approx_kl 0.000000, clip_fraction 0.000000
2026-09-24 11:48:25,260 RL_TOPO GAE: value mean -0.027478, return mean 7.674284, advantage mean -0.000000/std 1.000000
2026-09-24 11:48:25,285 RL_TOPO PPO: policy_loss 0.000000, value_loss 63.666359, entropy 0.388206, approx_kl 0.000000, clip_fraction 0.000000
2026-09-24 11:48:26,174 RL_TOPO GAE: value mean -0.030340, return mean 5.444241, advantage mean -0.000000/std 1.000000
2026-09-24 11:48:26,196 RL_TOPO PPO: policy_loss 0.000000, value_loss 44.274403, entropy 0.612965, approx_kl 0.000000, clip_fraction 0.000000
2026-09-24 11:48:28,351 RL_TOPO GAE: value mean -0.028120, return mean 1.523436, advantage mean -0.000000/std 1.000000
2026-09-24 11:48:28,372 RL_TOPO PPO: policy_loss 0.000000, value_loss 25.759979, entropy 0.816068, approx_kl 0.000000, clip_fraction 0.000000
2026-09-24 11:48:28,557 RL_TOPO GAE: value mean -0.035480, return mean 7.437589, advantage mean -0.000000/std 1.000000
2026-09-24 11:48:28,577 RL_TOPO PPO: policy_loss 0.000000, value_loss 60.278168, entropy 0.622959, approx_kl 0.000000, clip_fraction 0.000000
2026-09-24 11:48:30,385 RL_TOPO GAE: value mean -0.026741, return mean 7.249901, advantage mean -0.000000/std 1.000000
2026-09-24 11:48:30,402 RL_TOPO PPO: policy_loss 0.000000, value_loss 55.780777, entropy 0.540457, approx_kl 0.000000, clip_fraction 0.000000
2026-09-24 11:48:30,522 RL_TOPO GAE: value mean -0.032750, return mean 7.187426, advantage mean 0.000000/std 1.000000
2026-09-24 11:48:30,542 RL_TOPO PPO: policy_loss -0.000000, value_loss 61.960060, entropy 0.517773, approx_kl 0.000000, clip_fraction 0.000000
2026-09-24 11:48:30,572 iter 12040: ppo/value_mean: -0.044, ppo/return_mean: 6.607, ppo/advantage_mean: -0.000, ppo/advantage_std: 1.000, ppo/mean_reward: 1.488, ppo/mean_return: 6.607, ppo/policy_loss: 0.000, ppo/value_loss: 54.239, ppo/entropy: 0.494, ppo/approx_kl: 0.000, ppo/clip_fraction: 0.000, 
2026-09-24 11:48:32,733 RL_TOPO GAE: value mean -0.022392, return mean 5.434473, advantage mean 0.000000/std 1.000000
2026-09-24 11:48:32,763 RL_TOPO PPO: policy_loss -0.000000, value_loss 38.811241, entropy 0.679760, approx_kl 0.000000, clip_fraction 0.000000
2026-09-24 11:48:33,414 RL_TOPO GAE: value mean -0.025068, return mean 7.444147, advantage mean 0.000000/std 1.000000
2026-09-24 11:48:33,431 RL_TOPO PPO: policy_loss -0.000000, value_loss 59.844608, entropy 0.469783, approx_kl 0.000000, clip_fraction 0.000000
2026-09-24 11:48:35,501 RL_TOPO GAE: value mean -0.029778, return mean 4.697343, advantage mean -0.000000/std 1.000000
2026-09-24 11:48:35,522 RL_TOPO PPO: policy_loss 0.000000, value_loss 35.957779, entropy 0.625366, approx_kl 0.000000, clip_fraction 0.000000
2026-09-24 11:48:36,025 RL_TOPO GAE: value mean -0.025238, return mean 6.733305, advantage mean -0.000000/std 1.000000
2026-09-24 11:48:36,043 RL_TOPO PPO: policy_loss 0.000000, value_loss 54.059017, entropy 0.339140, approx_kl 0.000000, clip_fraction 0.000000
2026-09-24 11:48:38,077 RL_TOPO GAE: value mean -0.023492, return mean 6.376180, advantage mean 0.000000/std 1.000000
2026-09-24 11:48:38,096 RL_TOPO PPO: policy_loss -0.000000, value_loss 50.354294, entropy 0.737061, approx_kl 0.000000, clip_fraction 0.000000
2026-09-24 11:48:38,199 RL_TOPO GAE: value mean -0.026636, return mean 6.618313, advantage mean 0.000000/std 1.000000
2026-09-24 11:48:38,217 RL_TOPO PPO: policy_loss -0.000000, value_loss 57.061207, entropy 0.449208, approx_kl 0.000000, clip_fraction 0.000000
2026-09-24 11:48:40,449 RL_TOPO GAE: value mean -0.025142, return mean 7.201435, advantage mean 0.000000/std 1.000000
2026-09-24 11:48:40,475 RL_TOPO GAE: value mean -0.019754, return mean 7.249756, advantage mean 0.000000/std 1.000000
2026-09-24 11:48:40,477 RL_TOPO PPO: policy_loss -0.000000, value_loss 55.394096, entropy 0.478986, approx_kl 0.000000, clip_fraction 0.000000
2026-09-24 11:48:40,497 RL_TOPO PPO: policy_loss -0.000000, value_loss 59.746666, entropy 0.704433, approx_kl 0.000000, clip_fraction 0.000000
2026-09-24 11:48:42,273 RL_TOPO GAE: value mean -0.016389, return mean 5.207415, advantage mean -0.000000/std 1.000000
2026-09-24 11:48:42,300 RL_TOPO PPO: policy_loss 0.000000, value_loss 52.193748, entropy 0.496886, approx_kl 0.000000, clip_fraction 0.000000
2026-09-24 11:48:42,725 RL_TOPO GAE: value mean -0.013562, return mean 4.686213, advantage mean -0.000000/std 1.000000
2026-09-24 11:48:42,744 RL_TOPO PPO: policy_loss 0.000000, value_loss 31.920263, entropy 0.570513, approx_kl 0.000000, clip_fraction 0.000000
2026-09-24 11:48:44,702 RL_TOPO GAE: value mean -0.031880, return mean 6.205790, advantage mean -0.000000/std 1.000000
2026-09-24 11:48:44,722 RL_TOPO PPO: policy_loss 0.000000, value_loss 43.194527, entropy 0.684575, approx_kl 0.000000, clip_fraction 0.000000
2026-09-24 11:48:45,205 RL_TOPO GAE: value mean -0.015604, return mean 5.133291, advantage mean -0.000000/std 1.000000
2026-09-24 11:48:45,235 RL_TOPO PPO: policy_loss -0.000000, value_loss 41.902809, entropy 0.561463, approx_kl 0.000000, clip_fraction 0.000000
2026-09-24 11:48:47,368 RL_TOPO GAE: value mean -0.010464, return mean 5.204982, advantage mean -0.000000/std 1.000000
2026-09-24 11:48:47,389 RL_TOPO PPO: policy_loss 0.000000, value_loss 40.165432, entropy 0.602474, approx_kl 0.000000, clip_fraction 0.000000
2026-09-24 11:48:47,477 RL_TOPO GAE: value mean -0.026592, return mean 5.203837, advantage mean 0.000000/std 1.000000
2026-09-24 11:48:47,506 RL_TOPO PPO: policy_loss -0.000000, value_loss 49.973495, entropy 0.712714, approx_kl 0.000000, clip_fraction 0.000000
2026-09-24 11:48:49,088 RL_TOPO GAE: value mean -0.026984, return mean 6.946529, advantage mean -0.000000/std 1.000000
2026-09-24 11:48:49,103 RL_TOPO PPO: policy_loss 0.000000, value_loss 50.780262, entropy 0.401358, approx_kl 0.000000, clip_fraction 0.000000
2026-09-24 11:48:49,302 RL_TOPO GAE: value mean -0.017099, return mean 7.353484, advantage mean -0.000000/std 1.000000
2026-09-24 11:48:49,321 RL_TOPO PPO: policy_loss 0.000000, value_loss 63.577682, entropy 0.337545, approx_kl 0.000000, clip_fraction 0.000000
2026-09-24 11:48:51,512 RL_TOPO GAE: value mean -0.020594, return mean 8.018448, advantage mean -0.000000/std 1.000000
2026-09-24 11:48:51,545 RL_TOPO PPO: policy_loss 0.000000, value_loss 82.264618, entropy 0.444513, approx_kl 0.000000, clip_fraction 0.000000
2026-09-24 11:48:51,719 RL_TOPO GAE: value mean -0.016798, return mean 6.259460, advantage mean -0.000000/std 1.000000
2026-09-24 11:48:51,740 RL_TOPO PPO: policy_loss 0.000000, value_loss 49.028355, entropy 0.432641, approx_kl 0.000000, clip_fraction 0.000000
2026-09-24 11:48:53,993 RL_TOPO GAE: value mean -0.009817, return mean 7.568322, advantage mean -0.000000/std 1.000000
2026-09-24 11:48:54,016 RL_TOPO PPO: policy_loss 0.000000, value_loss 63.154476, entropy 0.534656, approx_kl 0.000000, clip_fraction 0.000000
2026-09-24 11:48:54,192 RL_TOPO GAE: value mean -0.012682, return mean 6.819818, advantage mean -0.000000/std 1.000000
2026-09-24 11:48:54,212 RL_TOPO PPO: policy_loss 0.000000, value_loss 55.324730, entropy 0.490119, approx_kl 0.000000, clip_fraction 0.000000
2026-09-24 11:48:56,395 RL_TOPO GAE: value mean -0.012040, return mean 5.196830, advantage mean 0.000000/std 1.000000
2026-09-24 11:48:56,400 RL_TOPO GAE: value mean -0.014682, return mean 7.998483, advantage mean 0.000000/std 1.000000
2026-09-24 11:48:56,419 RL_TOPO PPO: policy_loss -0.000000, value_loss 69.507805, entropy 0.399556, approx_kl 0.000000, clip_fraction 0.000000
2026-09-24 11:48:56,427 RL_TOPO PPO: policy_loss -0.000000, value_loss 41.605030, entropy 0.621339, approx_kl 0.000000, clip_fraction 0.000000
2026-09-24 11:48:58,529 RL_TOPO GAE: value mean -0.017432, return mean 6.957916, advantage mean 0.000000/std 1.000000
2026-09-24 11:48:58,546 RL_TOPO PPO: policy_loss -0.000000, value_loss 57.539230, entropy 0.394021, approx_kl 0.000000, clip_fraction 0.000000
2026-09-24 11:48:58,557 RL_TOPO GAE: value mean -0.016633, return mean 6.904929, advantage mean -0.000000/std 1.000000
2026-09-24 11:48:58,577 RL_TOPO PPO: policy_loss 0.000000, value_loss 51.466297, entropy 0.787964, approx_kl 0.000000, clip_fraction 0.000000
2026-09-24 11:49:00,355 RL_TOPO GAE: value mean -0.007714, return mean 6.716486, advantage mean 0.000000/std 1.000000
2026-09-24 11:49:00,370 RL_TOPO PPO: policy_loss -0.000000, value_loss 47.452816, entropy 0.504140, approx_kl 0.000000, clip_fraction 0.000000
2026-09-24 11:49:00,379 RL_TOPO GAE: value mean -0.017912, return mean 6.682187, advantage mean -0.000000/std 1.000000
2026-09-24 11:49:00,407 RL_TOPO PPO: policy_loss 0.000000, value_loss 48.015694, entropy 0.532975, approx_kl 0.000000, clip_fraction 0.000000
2026-09-24 11:49:02,120 RL_TOPO GAE: value mean -0.011086, return mean 7.467832, advantage mean -0.000000/std 1.000000
2026-09-24 11:49:02,135 RL_TOPO PPO: policy_loss 0.000000, value_loss 60.066151, entropy 0.323793, approx_kl 0.000000, clip_fraction 0.000000
2026-09-24 11:49:02,495 RL_TOPO GAE: value mean -0.014499, return mean 6.434376, advantage mean 0.000000/std 1.000000
2026-09-24 11:49:02,523 RL_TOPO PPO: policy_loss -0.000000, value_loss 51.474907, entropy 0.665958, approx_kl 0.000000, clip_fraction 0.000000
2026-09-24 11:49:04,593 RL_TOPO GAE: value mean -0.010484, return mean 7.510493, advantage mean -0.000000/std 1.000000
2026-09-24 11:49:04,609 RL_TOPO PPO: policy_loss 0.000000, value_loss 60.321945, entropy 0.459152, approx_kl 0.000000, clip_fraction 0.000000
2026-09-24 11:49:04,687 RL_TOPO GAE: value mean -0.014379, return mean 5.705521, advantage mean -0.000000/std 1.000000
2026-09-24 11:49:04,709 RL_TOPO PPO: policy_loss 0.000000, value_loss 48.222397, entropy 0.600931, approx_kl 0.000000, clip_fraction 0.000000
2026-09-24 11:49:06,681 RL_TOPO GAE: value mean 0.001373, return mean 5.486668, advantage mean 0.000000/std 1.000000
2026-09-24 11:49:06,700 RL_TOPO PPO: policy_loss -0.000000, value_loss 41.781349, entropy 0.623767, approx_kl 0.000000, clip_fraction 0.000000
2026-09-24 11:49:06,969 RL_TOPO GAE: value mean -0.003226, return mean 4.202512, advantage mean 0.000000/std 1.000000
2026-09-24 11:49:06,991 RL_TOPO PPO: policy_loss -0.000000, value_loss 42.554913, entropy 0.895791, approx_kl 0.000000, clip_fraction 0.000000
2026-09-24 11:49:09,193 RL_TOPO GAE: value mean -0.005946, return mean 7.360867, advantage mean 0.000000/std 1.000000
2026-09-24 11:49:09,226 RL_TOPO PPO: policy_loss -0.000000, value_loss 66.810272, entropy 0.470315, approx_kl 0.000000, clip_fraction 0.000000
2026-09-24 11:49:09,547 RL_TOPO GAE: value mean 0.003350, return mean 5.364157, advantage mean -0.000000/std 1.000000
2026-09-24 11:49:09,565 RL_TOPO PPO: policy_loss -0.000000, value_loss 51.959095, entropy 0.722496, approx_kl 0.000000, clip_fraction 0.000000
2026-09-24 11:49:11,644 RL_TOPO GAE: value mean 0.000545, return mean 6.150949, advantage mean -0.000000/std 1.000000
2026-09-24 11:49:11,665 RL_TOPO PPO: policy_loss 0.000000, value_loss 50.924240, entropy 0.343208, approx_kl 0.000000, clip_fraction 0.000000
2026-09-24 11:49:11,884 RL_TOPO GAE: value mean -0.007010, return mean 7.047829, advantage mean -0.000000/std 1.000000
2026-09-24 11:49:11,902 RL_TOPO PPO: policy_loss 0.000000, value_loss 53.200745, entropy 0.525860, approx_kl 0.000000, clip_fraction 0.000000
2026-09-24 11:49:14,031 RL_TOPO GAE: value mean -0.001739, return mean 6.933174, advantage mean 0.000000/std 1.000000
2026-09-24 11:49:14,054 RL_TOPO PPO: policy_loss -0.000000, value_loss 51.534397, entropy 0.635635, approx_kl 0.000000, clip_fraction 0.000000
2026-09-24 11:49:14,363 RL_TOPO GAE: value mean 0.000571, return mean 6.493592, advantage mean -0.000000/std 1.000000
2026-09-24 11:49:14,383 RL_TOPO PPO: policy_loss 0.000000, value_loss 53.596817, entropy 0.323837, approx_kl 0.000000, clip_fraction 0.000000
2026-09-24 11:49:16,295 RL_TOPO GAE: value mean -0.004483, return mean 7.209342, advantage mean 0.000000/std 1.000000
2026-09-24 11:49:16,325 RL_TOPO PPO: policy_loss -0.000000, value_loss 65.524719, entropy 0.440199, approx_kl 0.000000, clip_fraction 0.000000
2026-09-24 11:49:17,199 RL_TOPO GAE: value mean -0.011786, return mean 6.263899, advantage mean -0.000000/std 1.000000
2026-09-24 11:49:17,221 RL_TOPO PPO: policy_loss 0.000000, value_loss 51.038651, entropy 0.524298, approx_kl 0.000000, clip_fraction 0.000000
2026-09-24 11:49:17,256 iter 12060: ppo/value_mean: -0.014, ppo/return_mean: 6.518, ppo/advantage_mean: -0.000, ppo/advantage_std: 1.000, ppo/mean_reward: 1.487, ppo/mean_return: 6.518, ppo/policy_loss: 0.000, ppo/value_loss: 52.588, ppo/entropy: 0.485, ppo/approx_kl: 0.000, ppo/clip_fraction: 0.000, 
2026-09-24 11:49:18,788 RL_TOPO GAE: value mean 0.002799, return mean 7.093702, advantage mean -0.000000/std 1.000000
2026-09-24 11:49:18,812 RL_TOPO PPO: policy_loss 0.000000, value_loss 52.989296, entropy 0.520757, approx_kl 0.000000, clip_fraction 0.000000
2026-09-24 11:49:20,282 RL_TOPO GAE: value mean -0.005303, return mean 6.707130, advantage mean -0.000000/std 1.000000
2026-09-24 11:49:20,301 RL_TOPO PPO: policy_loss 0.000000, value_loss 53.116478, entropy 0.585678, approx_kl 0.000000, clip_fraction 0.000000
2026-09-24 11:49:22,495 RL_TOPO GAE: value mean 0.010026, return mean 4.030154, advantage mean 0.000000/std 1.000000
2026-09-24 11:49:22,527 RL_TOPO PPO: policy_loss -0.000000, value_loss 37.347450, entropy 0.708810, approx_kl 0.000000, clip_fraction 0.000000
2026-09-24 11:49:22,812 RL_TOPO GAE: value mean 0.015051, return mean 6.188643, advantage mean -0.000000/std 1.000000
2026-09-24 11:49:22,833 RL_TOPO PPO: policy_loss 0.000000, value_loss 44.256802, entropy 0.630082, approx_kl 0.000000, clip_fraction 0.000000
2026-09-24 11:49:24,583 RL_TOPO GAE: value mean 0.004169, return mean 7.450186, advantage mean -0.000000/std 1.000000
2026-09-24 11:49:24,602 RL_TOPO PPO: policy_loss 0.000000, value_loss 59.756641, entropy 0.430521, approx_kl 0.000000, clip_fraction 0.000000
2026-09-24 11:49:25,578 RL_TOPO GAE: value mean 0.007043, return mean 6.586464, advantage mean -0.000000/std 1.000000
2026-09-24 11:49:25,608 RL_TOPO PPO: policy_loss 0.000000, value_loss 54.412533, entropy 0.686108, approx_kl 0.000000, clip_fraction 0.000000
2026-09-24 11:49:27,718 RL_TOPO GAE: value mean -0.000729, return mean 7.655571, advantage mean -0.000000/std 1.000000
2026-09-24 11:49:27,719 RL_TOPO GAE: value mean 0.003040, return mean 5.312555, advantage mean 0.000000/std 1.000000
2026-09-24 11:49:27,736 RL_TOPO PPO: policy_loss 0.000000, value_loss 47.771801, entropy 0.719326, approx_kl 0.000000, clip_fraction 0.000000
2026-09-24 11:49:27,747 RL_TOPO PPO: policy_loss -0.000000, value_loss 62.998161, entropy 0.598139, approx_kl 0.000000, clip_fraction 0.000000
2026-09-24 11:49:29,777 RL_TOPO GAE: value mean 0.004513, return mean 7.390686, advantage mean 0.000000/std 1.000000
2026-09-24 11:49:29,798 RL_TOPO PPO: policy_loss -0.000000, value_loss 58.280663, entropy 0.482341, approx_kl 0.000000, clip_fraction 0.000000
2026-09-24 11:49:29,839 RL_TOPO GAE: value mean 0.004604, return mean 5.190154, advantage mean 0.000000/std 1.000000
2026-09-24 11:49:29,857 RL_TOPO PPO: policy_loss -0.000000, value_loss 44.376053, entropy 0.541109, approx_kl 0.000000, clip_fraction 0.000000
2026-09-24 11:49:31,623 RL_TOPO GAE: value mean -0.000245, return mean 7.511093, advantage mean -0.000000/std 1.000000
2026-09-24 11:49:31,642 RL_TOPO PPO: policy_loss 0.000000, value_loss 61.730042, entropy 0.456762, approx_kl 0.000000, clip_fraction 0.000000
2026-09-24 11:49:31,899 RL_TOPO GAE: value mean 0.004508, return mean 6.417929, advantage mean -0.000000/std 1.000000
2026-09-24 11:49:31,914 RL_TOPO PPO: policy_loss -0.000000, value_loss 52.966099, entropy 0.406046, approx_kl 0.000000, clip_fraction 0.000000
2026-09-24 11:49:33,930 RL_TOPO GAE: value mean 0.013053, return mean 7.490629, advantage mean 0.000000/std 1.000000
2026-09-24 11:49:33,950 RL_TOPO PPO: policy_loss -0.000000, value_loss 62.480064, entropy 0.461225, approx_kl 0.000000, clip_fraction 0.000000
2026-09-24 11:49:34,184 RL_TOPO GAE: value mean 0.012162, return mean 5.465082, advantage mean 0.000000/std 1.000000
2026-09-24 11:49:34,202 RL_TOPO PPO: policy_loss -0.000000, value_loss 38.054237, entropy 0.657317, approx_kl 0.000000, clip_fraction 0.000000
2026-09-24 11:49:36,304 RL_TOPO GAE: value mean 0.012554, return mean 4.578264, advantage mean -0.000000/std 1.000000
2026-09-24 11:49:36,335 RL_TOPO PPO: policy_loss 0.000000, value_loss 34.755112, entropy 0.520285, approx_kl 0.000000, clip_fraction 0.000000
2026-09-24 11:49:36,485 RL_TOPO GAE: value mean 0.007595, return mean 5.101609, advantage mean 0.000000/std 1.000000
2026-09-24 11:49:36,513 RL_TOPO PPO: policy_loss -0.000000, value_loss 37.461502, entropy 0.646499, approx_kl 0.000000, clip_fraction 0.000000
2026-09-24 11:49:38,434 RL_TOPO GAE: value mean 0.006435, return mean 7.161486, advantage mean -0.000000/std 1.000000
2026-09-24 11:49:38,461 RL_TOPO PPO: policy_loss 0.000000, value_loss 56.150711, entropy 0.488112, approx_kl 0.000000, clip_fraction 0.000000
2026-09-24 11:49:38,832 RL_TOPO GAE: value mean 0.016790, return mean 6.796808, advantage mean 0.000000/std 1.000000
2026-09-24 11:49:38,856 RL_TOPO PPO: policy_loss -0.000000, value_loss 55.250099, entropy 0.505389, approx_kl 0.000000, clip_fraction 0.000000
2026-09-24 11:49:40,831 RL_TOPO GAE: value mean 0.006900, return mean 6.706914, advantage mean 0.000000/std 1.000000
2026-09-24 11:49:40,857 RL_TOPO PPO: policy_loss -0.000000, value_loss 47.868969, entropy 0.501760, approx_kl 0.000000, clip_fraction 0.000000
2026-09-24 11:49:40,966 RL_TOPO GAE: value mean 0.016815, return mean 6.004667, advantage mean 0.000000/std 1.000000
2026-09-24 11:49:40,988 RL_TOPO PPO: policy_loss -0.000000, value_loss 49.604233, entropy 0.456737, approx_kl 0.000000, clip_fraction 0.000000
2026-09-24 11:49:43,332 RL_TOPO GAE: value mean 0.017293, return mean 5.503223, advantage mean 0.000000/std 1.000000
2026-09-24 11:49:43,367 RL_TOPO PPO: policy_loss -0.000000, value_loss 44.977165, entropy 0.734543, approx_kl 0.000000, clip_fraction 0.000000
2026-09-24 11:49:43,640 RL_TOPO GAE: value mean 0.020016, return mean 5.503430, advantage mean -0.000000/std 1.000000
2026-09-24 11:49:43,662 RL_TOPO PPO: policy_loss 0.000000, value_loss 47.602680, entropy 0.550564, approx_kl 0.000000, clip_fraction 0.000000
2026-09-24 11:49:45,321 RL_TOPO GAE: value mean 0.017450, return mean 6.970646, advantage mean -0.000000/std 1.000000
2026-09-24 11:49:45,339 RL_TOPO PPO: policy_loss -0.000000, value_loss 56.674431, entropy 0.453769, approx_kl 0.000000, clip_fraction 0.000000
2026-09-24 11:49:45,723 RL_TOPO GAE: value mean 0.015180, return mean 5.093553, advantage mean -0.000000/std 1.000000
2026-09-24 11:49:45,741 RL_TOPO PPO: policy_loss 0.000000, value_loss 33.920082, entropy 0.546312, approx_kl 0.000000, clip_fraction 0.000000
2026-09-24 11:49:48,029 RL_TOPO GAE: value mean 0.020698, return mean 7.258621, advantage mean -0.000000/std 1.000000
2026-09-24 11:49:48,064 RL_TOPO PPO: policy_loss 0.000000, value_loss 67.281563, entropy 0.386037, approx_kl 0.000000, clip_fraction 0.000000
2026-09-24 11:49:48,163 RL_TOPO GAE: value mean 0.011203, return mean 8.003469, advantage mean 0.000000/std 1.000000
2026-09-24 11:49:48,182 RL_TOPO PPO: policy_loss -0.000000, value_loss 68.288681, entropy 0.324735, approx_kl 0.000000, clip_fraction 0.000000
2026-09-24 11:49:50,146 RL_TOPO GAE: value mean 0.015394, return mean 3.965532, advantage mean -0.000000/std 1.000000
2026-09-24 11:49:50,166 RL_TOPO PPO: policy_loss 0.000000, value_loss 40.754326, entropy 0.530454, approx_kl 0.000000, clip_fraction 0.000000
2026-09-24 11:49:50,295 RL_TOPO GAE: value mean 0.018558, return mean 7.432137, advantage mean 0.000000/std 1.000000
2026-09-24 11:49:50,323 RL_TOPO PPO: policy_loss -0.000000, value_loss 58.897434, entropy 0.405047, approx_kl 0.000000, clip_fraction 0.000000
2026-09-24 11:49:52,428 RL_TOPO GAE: value mean 0.014893, return mean 4.795079, advantage mean -0.000000/std 1.000000
2026-09-24 11:49:52,449 RL_TOPO PPO: policy_loss 0.000000, value_loss 46.916588, entropy 0.614192, approx_kl 0.000000, clip_fraction 0.000000
2026-09-24 11:49:52,581 RL_TOPO GAE: value mean 0.021421, return mean 5.736186, advantage mean 0.000000/std 1.000000
2026-09-24 11:49:52,609 RL_TOPO PPO: policy_loss -0.000000, value_loss 55.437286, entropy 0.489924, approx_kl 0.000000, clip_fraction 0.000000
2026-09-24 11:49:54,367 RL_TOPO GAE: value mean 0.025634, return mean 7.627273, advantage mean -0.000000/std 1.000000
2026-09-24 11:49:54,384 RL_TOPO PPO: policy_loss 0.000000, value_loss 62.283344, entropy 0.458155, approx_kl 0.000000, clip_fraction 0.000000
2026-09-24 11:49:54,618 RL_TOPO GAE: value mean 0.032640, return mean 4.793818, advantage mean 0.000000/std 1.000000
2026-09-24 11:49:54,646 RL_TOPO PPO: policy_loss -0.000000, value_loss 41.006168, entropy 0.457640, approx_kl 0.000000, clip_fraction 0.000000
2026-09-24 11:49:56,651 RL_TOPO GAE: value mean 0.024438, return mean 8.053846, advantage mean -0.000000/std 1.000000
2026-09-24 11:49:56,669 RL_TOPO PPO: policy_loss 0.000000, value_loss 68.922905, entropy 0.367105, approx_kl 0.000000, clip_fraction 0.000000
2026-09-24 11:49:56,786 RL_TOPO GAE: value mean 0.022912, return mean 5.630262, advantage mean 0.000000/std 1.000000
2026-09-24 11:49:56,816 RL_TOPO PPO: policy_loss -0.000000, value_loss 43.671375, entropy 0.516847, approx_kl 0.000000, clip_fraction 0.000000
2026-09-24 11:49:58,581 RL_TOPO GAE: value mean 0.027764, return mean 6.311731, advantage mean 0.000000/std 1.000000
2026-09-24 11:49:58,598 RL_TOPO PPO: policy_loss -0.000000, value_loss 53.234684, entropy 0.501912, approx_kl 0.000000, clip_fraction 0.000000
2026-09-24 11:49:58,979 RL_TOPO GAE: value mean 0.039747, return mean 4.474722, advantage mean 0.000000/std 1.000000
2026-09-24 11:49:59,000 RL_TOPO PPO: policy_loss -0.000000, value_loss 45.482117, entropy 0.749662, approx_kl 0.000000, clip_fraction 0.000000
2026-09-24 11:50:01,208 RL_TOPO GAE: value mean 0.039369, return mean 4.068696, advantage mean 0.000000/std 1.000000
2026-09-24 11:50:01,242 RL_TOPO PPO: policy_loss -0.000000, value_loss 47.628139, entropy 0.761011, approx_kl 0.000000, clip_fraction 0.000000
2026-09-24 11:50:01,410 RL_TOPO GAE: value mean 0.031571, return mean 5.736823, advantage mean -0.000000/std 1.000000
2026-09-24 11:50:01,431 RL_TOPO PPO: policy_loss 0.000000, value_loss 51.742161, entropy 0.773904, approx_kl 0.000000, clip_fraction 0.000000
2026-09-24 11:50:03,349 RL_TOPO GAE: value mean 0.021453, return mean 7.643374, advantage mean -0.000000/std 1.000000
2026-09-24 11:50:03,365 RL_TOPO PPO: policy_loss 0.000000, value_loss 62.141285, entropy 0.459419, approx_kl 0.000000, clip_fraction 0.000000
2026-09-24 11:50:03,880 RL_TOPO GAE: value mean 0.035533, return mean 6.402800, advantage mean -0.000000/std 1.000000
2026-09-24 11:50:03,905 RL_TOPO PPO: policy_loss 0.000000, value_loss 54.157719, entropy 0.647504, approx_kl 0.000000, clip_fraction 0.000000
2026-09-24 11:50:03,942 iter 12080: ppo/value_mean: 0.014, ppo/return_mean: 6.399, ppo/advantage_mean: -0.000, ppo/advantage_std: 1.000, ppo/mean_reward: 1.453, ppo/mean_return: 6.399, ppo/policy_loss: 0.000, ppo/value_loss: 51.945, ppo/entropy: 0.537, ppo/approx_kl: 0.000, ppo/clip_fraction: 0.000, 
2026-09-24 11:50:06,382 RL_TOPO GAE: value mean 0.034304, return mean 4.456906, advantage mean 0.000000/std 1.000000
2026-09-24 11:50:06,417 RL_TOPO PPO: policy_loss -0.000000, value_loss 33.976578, entropy 0.780386, approx_kl 0.000000, clip_fraction 0.000000
2026-09-24 11:50:07,114 RL_TOPO GAE: value mean 0.025790, return mean 7.167399, advantage mean 0.000000/std 1.000000
2026-09-24 11:50:07,133 RL_TOPO PPO: policy_loss -0.000000, value_loss 54.841808, entropy 0.702521, approx_kl 0.000000, clip_fraction 0.000000
2026-09-24 11:50:09,254 RL_TOPO GAE: value mean 0.039016, return mean 5.743495, advantage mean -0.000000/std 1.000000
2026-09-24 11:50:09,284 RL_TOPO PPO: policy_loss 0.000000, value_loss 59.467617, entropy 0.520238, approx_kl 0.000000, clip_fraction 0.000000
2026-09-24 11:50:09,865 RL_TOPO GAE: value mean 0.033293, return mean 5.850007, advantage mean 0.000000/std 1.000000
2026-09-24 11:50:09,886 RL_TOPO PPO: policy_loss -0.000000, value_loss 54.264256, entropy 0.567989, approx_kl 0.000000, clip_fraction 0.000000
2026-09-24 11:50:12,060 RL_TOPO GAE: value mean 0.027433, return mean 5.999585, advantage mean -0.000000/std 1.000000
2026-09-24 11:50:12,092 RL_TOPO PPO: policy_loss 0.000000, value_loss 49.068371, entropy 0.488505, approx_kl 0.000000, clip_fraction 0.000000
2026-09-24 11:50:12,199 RL_TOPO GAE: value mean 0.040202, return mean 4.920921, advantage mean 0.000000/std 1.000000
2026-09-24 11:50:12,219 RL_TOPO PPO: policy_loss -0.000000, value_loss 34.914143, entropy 0.715843, approx_kl 0.000000, clip_fraction 0.000000
2026-09-24 11:50:14,047 RL_TOPO GAE: value mean 0.040265, return mean 5.120071, advantage mean -0.000000/std 1.000000
2026-09-24 11:50:14,067 RL_TOPO PPO: policy_loss 0.000000, value_loss 44.992104, entropy 0.390115, approx_kl 0.000000, clip_fraction 0.000000
2026-09-24 11:50:14,660 RL_TOPO GAE: value mean 0.027287, return mean 3.481422, advantage mean -0.000000/std 1.000000
2026-09-24 11:50:14,681 RL_TOPO PPO: policy_loss 0.000000, value_loss 30.451151, entropy 0.746123, approx_kl 0.000000, clip_fraction 0.000000
2026-09-24 11:50:16,362 RL_TOPO GAE: value mean 0.022637, return mean 7.038448, advantage mean 0.000000/std 1.000000
2026-09-24 11:50:16,389 RL_TOPO PPO: policy_loss -0.000000, value_loss 52.700554, entropy 0.539131, approx_kl 0.000000, clip_fraction 0.000000
2026-09-24 11:50:17,202 RL_TOPO GAE: value mean 0.035451, return mean 4.450925, advantage mean -0.000000/std 1.000000
2026-09-24 11:50:17,222 RL_TOPO PPO: policy_loss 0.000000, value_loss 37.880856, entropy 0.607703, approx_kl 0.000000, clip_fraction 0.000000
2026-09-24 11:50:19,455 RL_TOPO GAE: value mean 0.031824, return mean 5.564086, advantage mean 0.000000/std 1.000000
2026-09-24 11:50:19,469 RL_TOPO GAE: value mean 0.041665, return mean 5.176445, advantage mean 0.000000/std 1.000000
2026-09-24 11:50:19,475 RL_TOPO PPO: policy_loss -0.000000, value_loss 48.303600, entropy 0.403977, approx_kl 0.000000, clip_fraction 0.000000
2026-09-24 11:50:19,501 RL_TOPO PPO: policy_loss -0.000000, value_loss 36.205410, entropy 0.489991, approx_kl 0.000000, clip_fraction 0.000000
2026-09-24 11:50:21,715 RL_TOPO GAE: value mean 0.036528, return mean 5.103506, advantage mean -0.000000/std 1.000000
2026-09-24 11:50:21,737 RL_TOPO PPO: policy_loss 0.000000, value_loss 38.742481, entropy 0.682002, approx_kl 0.000000, clip_fraction 0.000000
2026-09-24 11:50:21,777 RL_TOPO GAE: value mean 0.040412, return mean 6.940460, advantage mean 0.000000/std 1.000000
2026-09-24 11:50:21,793 RL_TOPO PPO: policy_loss -0.000000, value_loss 57.253319, entropy 0.586977, approx_kl 0.000000, clip_fraction 0.000000
2026-09-24 11:50:23,836 RL_TOPO GAE: value mean 0.044232, return mean 7.246851, advantage mean -0.000000/std 1.000000
2026-09-24 11:50:23,867 RL_TOPO PPO: policy_loss 0.000000, value_loss 63.232735, entropy 0.454364, approx_kl 0.000000, clip_fraction 0.000000
2026-09-24 11:50:24,285 RL_TOPO GAE: value mean 0.038893, return mean 7.618444, advantage mean 0.000000/std 1.000000
2026-09-24 11:50:24,307 RL_TOPO PPO: policy_loss -0.000000, value_loss 67.787514, entropy 0.479668, approx_kl 0.000000, clip_fraction 0.000000
2026-09-24 11:50:26,300 RL_TOPO GAE: value mean 0.047030, return mean 4.637914, advantage mean 0.000000/std 1.000000
2026-09-24 11:50:26,304 RL_TOPO GAE: value mean 0.039917, return mean 7.345636, advantage mean 0.000000/std 1.000000
2026-09-24 11:50:26,322 RL_TOPO PPO: policy_loss -0.000000, value_loss 57.137199, entropy 0.467828, approx_kl 0.000000, clip_fraction 0.000000
2026-09-24 11:50:26,328 RL_TOPO PPO: policy_loss -0.000000, value_loss 37.167473, entropy 0.616473, approx_kl 0.000000, clip_fraction 0.000000
2026-09-24 11:50:28,174 RL_TOPO GAE: value mean 0.035695, return mean 6.022103, advantage mean 0.000000/std 1.000000
2026-09-24 11:50:28,202 RL_TOPO PPO: policy_loss -0.000000, value_loss 49.961845, entropy 0.525758, approx_kl 0.000000, clip_fraction 0.000000
2026-09-24 11:50:28,253 RL_TOPO GAE: value mean 0.032526, return mean 7.570187, advantage mean 0.000000/std 1.000000
2026-09-24 11:50:28,271 RL_TOPO PPO: policy_loss -0.000000, value_loss 61.590454, entropy 0.528638, approx_kl 0.000000, clip_fraction 0.000000
2026-09-24 11:50:30,346 RL_TOPO GAE: value mean 0.034460, return mean 4.847628, advantage mean -0.000000/std 1.000000
2026-09-24 11:50:30,366 RL_TOPO PPO: policy_loss 0.000000, value_loss 45.135086, entropy 0.649961, approx_kl 0.000000, clip_fraction 0.000000
2026-09-24 11:50:30,798 RL_TOPO GAE: value mean 0.039259, return mean 6.462968, advantage mean -0.000000/std 1.000000
2026-09-24 11:50:30,820 RL_TOPO PPO: policy_loss 0.000000, value_loss 48.917637, entropy 0.620100, approx_kl 0.000000, clip_fraction 0.000000
2026-09-24 11:50:33,002 RL_TOPO GAE: value mean 0.043521, return mean 6.110766, advantage mean 0.000000/std 1.000000
2026-09-24 11:50:33,034 RL_TOPO PPO: policy_loss -0.000000, value_loss 47.197544, entropy 0.728665, approx_kl 0.000000, clip_fraction 0.000000
2026-09-24 11:50:33,237 RL_TOPO GAE: value mean 0.036038, return mean 3.918110, advantage mean -0.000000/std 1.000000
2026-09-24 11:50:33,258 RL_TOPO PPO: policy_loss 0.000000, value_loss 29.175955, entropy 0.696158, approx_kl 0.000000, clip_fraction 0.000000
2026-09-24 11:50:35,540 RL_TOPO GAE: value mean 0.037440, return mean 6.194197, advantage mean 0.000000/std 1.000000
2026-09-24 11:50:35,562 RL_TOPO PPO: policy_loss -0.000000, value_loss 59.334206, entropy 0.381865, approx_kl 0.000000, clip_fraction 0.000000
2026-09-24 11:50:35,666 RL_TOPO GAE: value mean 0.043437, return mean 4.664973, advantage mean 0.000000/std 1.000000
2026-09-24 11:50:35,687 RL_TOPO PPO: policy_loss -0.000000, value_loss 41.494289, entropy 0.789357, approx_kl 0.000000, clip_fraction 0.000000
2026-09-24 11:50:37,532 RL_TOPO GAE: value mean 0.046677, return mean 8.021642, advantage mean 0.000000/std 1.000000
2026-09-24 11:50:37,550 RL_TOPO PPO: policy_loss -0.000000, value_loss 69.977615, entropy 0.412299, approx_kl 0.000000, clip_fraction 0.000000
2026-09-24 11:50:37,991 RL_TOPO GAE: value mean 0.057726, return mean 5.473674, advantage mean -0.000000/std 1.000000
2026-09-24 11:50:38,024 RL_TOPO PPO: policy_loss 0.000000, value_loss 48.634312, entropy 0.449437, approx_kl 0.000000, clip_fraction 0.000000
2026-09-24 11:50:39,940 RL_TOPO GAE: value mean 0.049032, return mean 7.256183, advantage mean 0.000000/std 1.000000
2026-09-24 11:50:39,970 RL_TOPO PPO: policy_loss -0.000000, value_loss 55.651409, entropy 0.545076, approx_kl 0.000000, clip_fraction 0.000000
2026-09-24 11:50:40,258 RL_TOPO GAE: value mean 0.046399, return mean 7.724422, advantage mean -0.000000/std 1.000000
2026-09-24 11:50:40,277 RL_TOPO PPO: policy_loss 0.000000, value_loss 61.821850, entropy 0.405650, approx_kl 0.000000, clip_fraction 0.000000
2026-09-24 11:50:42,378 RL_TOPO GAE: value mean 0.054944, return mean 5.378680, advantage mean -0.000000/std 1.000000
2026-09-24 11:50:42,399 RL_TOPO PPO: policy_loss 0.000000, value_loss 45.519909, entropy 0.595256, approx_kl 0.000000, clip_fraction 0.000000
2026-09-24 11:50:42,432 RL_TOPO GAE: value mean 0.045509, return mean 3.620232, advantage mean 0.000000/std 1.000000
2026-09-24 11:50:42,458 RL_TOPO PPO: policy_loss -0.000000, value_loss 38.580482, entropy 0.408891, approx_kl 0.000000, clip_fraction 0.000000
2026-09-24 11:50:44,687 RL_TOPO GAE: value mean 0.056854, return mean 4.809303, advantage mean -0.000000/std 1.000000
2026-09-24 11:50:44,710 RL_TOPO PPO: policy_loss 0.000000, value_loss 44.947857, entropy 0.436470, approx_kl 0.000000, clip_fraction 0.000000
2026-09-24 11:50:44,854 RL_TOPO GAE: value mean 0.041532, return mean 6.857085, advantage mean -0.000000/std 1.000000
2026-09-24 11:50:44,873 RL_TOPO PPO: policy_loss 0.000000, value_loss 54.190266, entropy 0.594161, approx_kl 0.000000, clip_fraction 0.000000
2026-09-24 11:50:47,240 RL_TOPO GAE: value mean 0.057181, return mean 5.946455, advantage mean -0.000000/std 1.000000
2026-09-24 11:50:47,273 RL_TOPO PPO: policy_loss -0.000000, value_loss 49.385830, entropy 0.508591, approx_kl 0.000000, clip_fraction 0.000000
2026-09-24 11:50:47,342 RL_TOPO GAE: value mean 0.069487, return mean 3.088298, advantage mean 0.000000/std 1.000000
2026-09-24 11:50:47,363 RL_TOPO PPO: policy_loss -0.000000, value_loss 30.441935, entropy 0.593985, approx_kl 0.000000, clip_fraction 0.000000
2026-09-24 11:50:49,140 RL_TOPO GAE: value mean 0.045857, return mean 7.282439, advantage mean -0.000000/std 1.000000
2026-09-24 11:50:49,166 RL_TOPO PPO: policy_loss 0.000000, value_loss 55.912792, entropy 0.381479, approx_kl 0.000000, clip_fraction 0.000000
2026-09-24 11:50:49,398 RL_TOPO GAE: value mean 0.055209, return mean 7.199833, advantage mean -0.000000/std 1.000000
2026-09-24 11:50:49,418 RL_TOPO PPO: policy_loss 0.000000, value_loss 54.653000, entropy 0.576740, approx_kl 0.000000, clip_fraction 0.000000
2026-09-24 11:50:51,094 RL_TOPO GAE: value mean 0.057198, return mean 6.499866, advantage mean 0.000000/std 1.000000
2026-09-24 11:50:51,113 RL_TOPO PPO: policy_loss -0.000000, value_loss 55.405182, entropy 0.434311, approx_kl 0.000000, clip_fraction 0.000000
2026-09-24 11:50:51,722 RL_TOPO GAE: value mean 0.056491, return mean 5.855774, advantage mean -0.000000/std 1.000000
2026-09-24 11:50:51,742 RL_TOPO PPO: policy_loss 0.000000, value_loss 47.062572, entropy 0.652274, approx_kl 0.000000, clip_fraction 0.000000
2026-09-24 11:50:51,774 iter 12100: ppo/value_mean: 0.041, ppo/return_mean: 5.920, ppo/advantage_mean: 0.000, ppo/advantage_std: 1.000, ppo/mean_reward: 1.326, ppo/mean_return: 5.920, ppo/policy_loss: -0.000, ppo/value_loss: 49.100, ppo/entropy: 0.568, ppo/approx_kl: 0.000, ppo/clip_fraction: 0.000, 
2026-09-24 11:50:53,790 RL_TOPO GAE: value mean 0.055219, return mean 5.476603, advantage mean 0.000000/std 1.000000
2026-09-24 11:50:53,820 RL_TOPO PPO: policy_loss -0.000000, value_loss 49.486740, entropy 0.729200, approx_kl 0.000000, clip_fraction 0.000000
2026-09-24 11:50:54,454 RL_TOPO GAE: value mean 0.056444, return mean 6.507394, advantage mean -0.000000/std 1.000000
2026-09-24 11:50:54,470 RL_TOPO PPO: policy_loss -0.000000, value_loss 53.130062, entropy 0.467236, approx_kl 0.000000, clip_fraction 0.000000
2026-09-24 11:50:56,470 RL_TOPO GAE: value mean 0.064800, return mean 5.971833, advantage mean -0.000000/std 1.000000
2026-09-24 11:50:56,488 RL_TOPO PPO: policy_loss 0.000000, value_loss 58.039330, entropy 0.629996, approx_kl 0.000000, clip_fraction 0.000000
2026-09-24 11:50:56,596 RL_TOPO GAE: value mean 0.065116, return mean 7.971463, advantage mean 0.000001/std 1.000000
2026-09-24 11:50:56,626 RL_TOPO PPO: policy_loss -0.000001, value_loss 67.226265, entropy 0.433854, approx_kl 0.000000, clip_fraction 0.000000
2026-09-24 11:50:58,626 RL_TOPO GAE: value mean 0.058192, return mean 6.406259, advantage mean 0.000000/std 1.000000
2026-09-24 11:50:58,658 RL_TOPO PPO: policy_loss -0.000000, value_loss 48.882889, entropy 0.680610, approx_kl 0.000000, clip_fraction 0.000000
2026-09-24 11:50:58,681 RL_TOPO GAE: value mean 0.062631, return mean 5.465650, advantage mean 0.000000/std 1.000000
2026-09-24 11:50:58,699 RL_TOPO PPO: policy_loss -0.000000, value_loss 42.947624, entropy 0.582632, approx_kl 0.000000, clip_fraction 0.000000
2026-09-24 11:51:00,570 RL_TOPO GAE: value mean 0.051590, return mean 7.255439, advantage mean -0.000000/std 1.000000
2026-09-24 11:51:00,595 RL_TOPO PPO: policy_loss 0.000000, value_loss 56.209240, entropy 0.580239, approx_kl 0.000000, clip_fraction 0.000000
2026-09-24 11:51:00,806 RL_TOPO GAE: value mean 0.069678, return mean 5.470606, advantage mean 0.000000/std 1.000000
2026-09-24 11:51:00,827 RL_TOPO PPO: policy_loss -0.000000, value_loss 40.694984, entropy 0.509405, approx_kl 0.000000, clip_fraction 0.000000
2026-09-24 11:51:02,485 RL_TOPO GAE: value mean 0.054015, return mean 4.127855, advantage mean 0.000000/std 1.000000
2026-09-24 11:51:02,503 RL_TOPO PPO: policy_loss -0.000000, value_loss 39.838181, entropy 0.528418, approx_kl 0.000000, clip_fraction 0.000000
2026-09-24 11:51:02,701 RL_TOPO GAE: value mean 0.060167, return mean 5.307779, advantage mean -0.000000/std 1.000000
2026-09-24 11:51:02,717 RL_TOPO PPO: policy_loss 0.000000, value_loss 44.889191, entropy 0.524432, approx_kl 0.000000, clip_fraction 0.000000
2026-09-24 11:51:04,688 RL_TOPO GAE: value mean 0.069393, return mean 5.504008, advantage mean -0.000000/std 1.000000
2026-09-24 11:51:04,709 RL_TOPO PPO: policy_loss 0.000000, value_loss 56.526211, entropy 0.433617, approx_kl 0.000000, clip_fraction 0.000000
2026-09-24 11:51:05,033 RL_TOPO GAE: value mean 0.063064, return mean 6.004967, advantage mean 0.000000/std 1.000000
2026-09-24 11:51:05,062 RL_TOPO PPO: policy_loss -0.000000, value_loss 47.025909, entropy 0.765874, approx_kl 0.000000, clip_fraction 0.000000
2026-09-24 11:51:07,041 RL_TOPO GAE: value mean 0.062830, return mean 5.586712, advantage mean -0.000000/std 1.000000
2026-09-24 11:51:07,061 RL_TOPO PPO: policy_loss 0.000000, value_loss 40.927895, entropy 0.434688, approx_kl 0.000000, clip_fraction 0.000000
2026-09-24 11:51:07,065 RL_TOPO GAE: value mean 0.052925, return mean 7.378790, advantage mean 0.000000/std 1.000000
2026-09-24 11:51:07,080 RL_TOPO PPO: policy_loss -0.000000, value_loss 57.374760, entropy 0.509407, approx_kl 0.000000, clip_fraction 0.000000
2026-09-24 11:51:09,250 RL_TOPO GAE: value mean 0.071813, return mean 7.198106, advantage mean 0.000000/std 1.000000
2026-09-24 11:51:09,268 RL_TOPO PPO: policy_loss -0.000000, value_loss 56.484310, entropy 0.396674, approx_kl 0.000000, clip_fraction 0.000000
2026-09-24 11:51:09,518 RL_TOPO GAE: value mean 0.060963, return mean 4.268047, advantage mean 0.000000/std 1.000000
2026-09-24 11:51:09,543 RL_TOPO PPO: policy_loss -0.000000, value_loss 45.587494, entropy 0.894626, approx_kl 0.000000, clip_fraction 0.000000
2026-09-24 11:51:11,740 RL_TOPO GAE: value mean 0.047809, return mean 5.948904, advantage mean 0.000000/std 1.000000
2026-09-24 11:51:11,774 RL_TOPO PPO: policy_loss -0.000000, value_loss 53.737823, entropy 0.486016, approx_kl 0.000000, clip_fraction 0.000000
2026-09-24 11:51:11,846 RL_TOPO GAE: value mean 0.072705, return mean 5.301071, advantage mean -0.000000/std 1.000000
2026-09-24 11:51:11,866 RL_TOPO PPO: policy_loss 0.000000, value_loss 47.630169, entropy 0.624492, approx_kl 0.000000, clip_fraction 0.000000
2026-09-24 11:51:13,612 RL_TOPO GAE: value mean 0.064050, return mean 7.313246, advantage mean -0.000000/std 1.000000
2026-09-24 11:51:13,631 RL_TOPO PPO: policy_loss 0.000000, value_loss 56.409363, entropy 0.323478, approx_kl 0.000000, clip_fraction 0.000000
2026-09-24 11:51:14,075 RL_TOPO GAE: value mean 0.059059, return mean 7.459524, advantage mean 0.000000/std 1.000000
2026-09-24 11:51:14,094 RL_TOPO PPO: policy_loss -0.000000, value_loss 60.358616, entropy 0.474960, approx_kl 0.000000, clip_fraction 0.000000
2026-09-24 11:51:16,085 RL_TOPO GAE: value mean 0.077841, return mean 5.297251, advantage mean 0.000000/std 1.000000
2026-09-24 11:51:16,105 RL_TOPO PPO: policy_loss -0.000000, value_loss 40.957771, entropy 0.625817, approx_kl 0.000000, clip_fraction 0.000000
2026-09-24 11:51:16,360 RL_TOPO GAE: value mean 0.061850, return mean 7.185625, advantage mean -0.000000/std 1.000000
2026-09-24 11:51:16,378 RL_TOPO PPO: policy_loss 0.000000, value_loss 54.781940, entropy 0.436683, approx_kl 0.000000, clip_fraction 0.000000
2026-09-24 11:51:18,682 RL_TOPO GAE: value mean 0.064538, return mean 5.705321, advantage mean 0.000000/std 1.000000
2026-09-24 11:51:18,684 RL_TOPO GAE: value mean 0.068837, return mean 7.517459, advantage mean -0.000000/std 1.000000
2026-09-24 11:51:18,702 RL_TOPO PPO: policy_loss -0.000000, value_loss 47.938931, entropy 0.519252, approx_kl 0.000000, clip_fraction 0.000000
2026-09-24 11:51:18,707 RL_TOPO PPO: policy_loss 0.000000, value_loss 63.823231, entropy 0.431859, approx_kl 0.000000, clip_fraction 0.000000
2026-09-24 11:51:21,035 RL_TOPO GAE: value mean 0.078462, return mean 3.588700, advantage mean -0.000000/std 1.000000
2026-09-24 11:51:21,071 RL_TOPO PPO: policy_loss 0.000000, value_loss 44.100368, entropy 0.473193, approx_kl 0.000000, clip_fraction 0.000000
2026-09-24 11:51:21,534 RL_TOPO GAE: value mean 0.072135, return mean 4.657775, advantage mean 0.000000/std 1.000000
2026-09-24 11:51:21,556 RL_TOPO PPO: policy_loss 0.000000, value_loss 35.243618, entropy 0.585046, approx_kl 0.000000, clip_fraction 0.000000
2026-09-24 11:51:23,500 RL_TOPO GAE: value mean 0.072489, return mean 6.630094, advantage mean -0.000000/std 1.000000
2026-09-24 11:51:23,520 RL_TOPO PPO: policy_loss 0.000000, value_loss 57.800797, entropy 0.490364, approx_kl 0.000000, clip_fraction 0.000000
2026-09-24 11:51:23,789 RL_TOPO GAE: value mean 0.080256, return mean 6.944285, advantage mean 0.000000/std 1.000000
2026-09-24 11:51:23,807 RL_TOPO PPO: policy_loss -0.000000, value_loss 57.184467, entropy 0.454153, approx_kl 0.000000, clip_fraction 0.000000
2026-09-24 11:51:25,940 RL_TOPO GAE: value mean 0.076452, return mean 7.591213, advantage mean -0.000000/std 1.000000
2026-09-24 11:51:25,960 RL_TOPO PPO: policy_loss 0.000000, value_loss 60.726871, entropy 0.385392, approx_kl 0.000000, clip_fraction 0.000000
2026-09-24 11:51:26,043 RL_TOPO GAE: value mean 0.083708, return mean 3.028724, advantage mean 0.000000/std 1.000000
2026-09-24 11:51:26,074 RL_TOPO PPO: policy_loss 0.000000, value_loss 31.832359, entropy 0.702575, approx_kl 0.000000, clip_fraction 0.000000
2026-09-24 11:51:27,838 RL_TOPO GAE: value mean 0.087031, return mean 6.626335, advantage mean 0.000000/std 1.000000
2026-09-24 11:51:27,865 RL_TOPO PPO: policy_loss -0.000000, value_loss 50.921700, entropy 0.362279, approx_kl 0.000000, clip_fraction 0.000000
2026-09-24 11:51:28,597 RL_TOPO GAE: value mean 0.085610, return mean 5.099957, advantage mean 0.000000/std 1.000000
2026-09-24 11:51:28,619 RL_TOPO PPO: policy_loss -0.000000, value_loss 37.954296, entropy 0.505886, approx_kl 0.000000, clip_fraction 0.000000
2026-09-24 11:51:30,812 RL_TOPO GAE: value mean 0.061733, return mean 5.519620, advantage mean 0.000000/std 1.000000
2026-09-24 11:51:30,831 RL_TOPO PPO: policy_loss -0.000000, value_loss 41.370327, entropy 0.516183, approx_kl 0.000000, clip_fraction 0.000000
2026-09-24 11:51:30,986 RL_TOPO GAE: value mean 0.087487, return mean 3.049604, advantage mean 0.000000/std 1.000000
2026-09-24 11:51:31,010 RL_TOPO PPO: policy_loss -0.000000, value_loss 26.116440, entropy 0.892689, approx_kl 0.000000, clip_fraction 0.000000
2026-09-24 11:51:33,025 RL_TOPO GAE: value mean 0.059854, return mean 5.415821, advantage mean 0.000000/std 1.000000
2026-09-24 11:51:33,046 RL_TOPO PPO: policy_loss -0.000000, value_loss 41.188812, entropy 0.590332, approx_kl 0.000000, clip_fraction 0.000000
2026-09-24 11:51:33,233 RL_TOPO GAE: value mean 0.084128, return mean 3.779277, advantage mean 0.000000/std 1.000000
2026-09-24 11:51:33,252 RL_TOPO PPO: policy_loss -0.000000, value_loss 26.810888, entropy 0.791734, approx_kl 0.000000, clip_fraction 0.000000
2026-09-24 11:51:35,230 RL_TOPO GAE: value mean 0.076332, return mean 7.265961, advantage mean 0.000000/std 1.000000
2026-09-24 11:51:35,256 RL_TOPO PPO: policy_loss -0.000000, value_loss 55.892834, entropy 0.376674, approx_kl 0.000000, clip_fraction 0.000000
2026-09-24 11:51:35,381 RL_TOPO GAE: value mean 0.093669, return mean 2.557487, advantage mean 0.000000/std 1.000000
2026-09-24 11:51:35,403 RL_TOPO PPO: policy_loss 0.000000, value_loss 27.415300, entropy 0.487330, approx_kl 0.000000, clip_fraction 0.000000
2026-09-24 11:51:37,173 RL_TOPO GAE: value mean 0.073552, return mean 6.792808, advantage mean 0.000000/std 1.000000
2026-09-24 11:51:37,190 RL_TOPO PPO: policy_loss -0.000000, value_loss 47.734245, entropy 0.466173, approx_kl 0.000000, clip_fraction 0.000000
2026-09-24 11:51:37,484 RL_TOPO GAE: value mean 0.090751, return mean 8.080118, advantage mean 0.000000/std 1.000000
2026-09-24 11:51:37,504 RL_TOPO PPO: policy_loss -0.000000, value_loss 67.765160, entropy 0.458758, approx_kl 0.000000, clip_fraction 0.000000
2026-09-24 11:51:37,524 iter 12120: ppo/value_mean: 0.068, ppo/return_mean: 6.220, ppo/advantage_mean: 0.000, ppo/advantage_std: 1.000, ppo/mean_reward: 1.435, ppo/mean_return: 6.220, ppo/policy_loss: -0.000, ppo/value_loss: 49.486, ppo/entropy: 0.530, ppo/approx_kl: 0.000, ppo/clip_fraction: 0.000, 
2026-09-24 11:51:39,727 RL_TOPO GAE: value mean 0.087003, return mean 5.319959, advantage mean 0.000000/std 1.000000
2026-09-24 11:51:39,760 RL_TOPO PPO: policy_loss -0.000000, value_loss 48.246407, entropy 0.661318, approx_kl 0.000000, clip_fraction 0.000000
2026-09-24 11:51:41,149 RL_TOPO GAE: value mean 0.075036, return mean 4.339046, advantage mean 0.000000/std 1.000000
2026-09-24 11:51:41,172 RL_TOPO PPO: policy_loss -0.000000, value_loss 29.356192, entropy 0.740810, approx_kl 0.000000, clip_fraction 0.000000
2026-09-24 11:51:43,114 RL_TOPO GAE: value mean 0.089299, return mean 4.399576, advantage mean 0.000000/std 1.000000
2026-09-24 11:51:43,133 RL_TOPO PPO: policy_loss -0.000000, value_loss 45.884754, entropy 0.369446, approx_kl 0.000000, clip_fraction 0.000000
2026-09-24 11:51:43,522 RL_TOPO GAE: value mean 0.085022, return mean 7.618177, advantage mean 0.000000/std 1.000000
2026-09-24 11:51:43,546 RL_TOPO PPO: policy_loss -0.000000, value_loss 61.684711, entropy 0.633580, approx_kl 0.000000, clip_fraction 0.000000
2026-09-24 11:51:45,827 RL_TOPO GAE: value mean 0.076483, return mean 6.484936, advantage mean 0.000000/std 1.000000
2026-09-24 11:51:45,857 RL_TOPO PPO: policy_loss -0.000000, value_loss 55.161266, entropy 0.475090, approx_kl 0.000000, clip_fraction 0.000000
2026-09-24 11:51:46,010 RL_TOPO GAE: value mean 0.079838, return mean 5.688870, advantage mean -0.000000/std 1.000000
2026-09-24 11:51:46,034 RL_TOPO PPO: policy_loss 0.000000, value_loss 51.939732, entropy 0.761977, approx_kl 0.000000, clip_fraction 0.000000
2026-09-24 11:51:47,752 RL_TOPO GAE: value mean 0.085504, return mean 7.925045, advantage mean -0.000000/std 1.000000
2026-09-24 11:51:47,770 RL_TOPO PPO: policy_loss 0.000000, value_loss 66.093697, entropy 0.333814, approx_kl 0.000000, clip_fraction 0.000000
2026-09-24 11:51:48,469 RL_TOPO GAE: value mean 0.077751, return mean 5.016472, advantage mean 0.000000/std 1.000000
2026-09-24 11:51:48,490 RL_TOPO PPO: policy_loss -0.000000, value_loss 48.345871, entropy 0.704256, approx_kl 0.000000, clip_fraction 0.000000
2026-09-24 11:51:50,093 RL_TOPO GAE: value mean 0.102713, return mean 6.514516, advantage mean -0.000000/std 1.000000
2026-09-24 11:51:50,117 RL_TOPO PPO: policy_loss 0.000000, value_loss 50.026539, entropy 0.365331, approx_kl 0.000000, clip_fraction 0.000000
2026-09-24 11:51:50,643 RL_TOPO GAE: value mean 0.090866, return mean 7.493295, advantage mean -0.000000/std 1.000000
2026-09-24 11:51:50,660 RL_TOPO PPO: policy_loss 0.000000, value_loss 59.664013, entropy 0.303482, approx_kl 0.000000, clip_fraction 0.000000
2026-09-24 11:51:52,237 RL_TOPO GAE: value mean 0.083338, return mean 7.017375, advantage mean -0.000000/std 1.000000
2026-09-24 11:51:52,262 RL_TOPO PPO: policy_loss 0.000000, value_loss 50.236336, entropy 0.357024, approx_kl 0.000000, clip_fraction 0.000000
2026-09-24 11:51:53,314 RL_TOPO GAE: value mean 0.099765, return mean 4.663561, advantage mean -0.000000/std 1.000000
2026-09-24 11:51:53,334 RL_TOPO PPO: policy_loss -0.000000, value_loss 40.092152, entropy 0.606981, approx_kl 0.000000, clip_fraction 0.000000
2026-09-24 11:51:54,912 RL_TOPO GAE: value mean 0.089801, return mean 5.736993, advantage mean 0.000000/std 1.000000
2026-09-24 11:51:54,935 RL_TOPO PPO: policy_loss -0.000000, value_loss 41.995983, entropy 0.487321, approx_kl 0.000000, clip_fraction 0.000000
2026-09-24 11:51:55,631 RL_TOPO GAE: value mean 0.081655, return mean 5.024371, advantage mean 0.000000/std 1.000000
2026-09-24 11:51:55,660 RL_TOPO PPO: policy_loss -0.000000, value_loss 35.322838, entropy 0.497652, approx_kl 0.000000, clip_fraction 0.000000
2026-09-24 11:51:57,947 RL_TOPO GAE: value mean 0.101326, return mean 5.531793, advantage mean -0.000000/std 1.000000
2026-09-24 11:51:57,965 RL_TOPO PPO: policy_loss 0.000000, value_loss 41.405830, entropy 0.608779, approx_kl 0.000000, clip_fraction 0.000000
2026-09-24 11:51:58,035 RL_TOPO GAE: value mean 0.106871, return mean 5.964650, advantage mean -0.000000/std 1.000000
2026-09-24 11:51:58,068 RL_TOPO PPO: policy_loss 0.000000, value_loss 50.773113, entropy 0.538349, approx_kl 0.000000, clip_fraction 0.000000
2026-09-24 11:51:59,852 RL_TOPO GAE: value mean 0.085913, return mean 7.262313, advantage mean -0.000000/std 1.000000
2026-09-24 11:51:59,867 RL_TOPO PPO: policy_loss 0.000000, value_loss 55.238735, entropy 0.405893, approx_kl 0.000000, clip_fraction 0.000000
2026-09-24 11:52:00,080 RL_TOPO GAE: value mean 0.096832, return mean 6.634038, advantage mean -0.000000/std 1.000000
2026-09-24 11:52:00,109 RL_TOPO PPO: policy_loss 0.000000, value_loss 58.397884, entropy 0.411555, approx_kl 0.000000, clip_fraction 0.000000
2026-09-24 11:52:01,804 RL_TOPO GAE: value mean 0.087548, return mean 7.395020, advantage mean -0.000000/std 1.000000
2026-09-24 11:52:01,828 RL_TOPO PPO: policy_loss 0.000000, value_loss 57.171982, entropy 0.309885, approx_kl 0.000000, clip_fraction 0.000000
2026-09-24 11:52:02,395 RL_TOPO GAE: value mean 0.103800, return mean 5.855350, advantage mean 0.000000/std 1.000000
2026-09-24 11:52:02,418 RL_TOPO PPO: policy_loss -0.000000, value_loss 50.562878, entropy 0.541720, approx_kl 0.000000, clip_fraction 0.000000
2026-09-24 11:52:04,218 RL_TOPO GAE: value mean 0.080360, return mean 6.627893, advantage mean 0.000000/std 1.000000
2026-09-24 11:52:04,237 RL_TOPO PPO: policy_loss -0.000000, value_loss 55.490200, entropy 0.540319, approx_kl 0.000000, clip_fraction 0.000000
2026-09-24 11:52:04,474 RL_TOPO GAE: value mean 0.085340, return mean 6.799417, advantage mean 0.000000/std 1.000000
2026-09-24 11:52:04,491 RL_TOPO PPO: policy_loss -0.000000, value_loss 51.859688, entropy 0.372920, approx_kl 0.000000, clip_fraction 0.000000
2026-09-24 11:52:06,682 RL_TOPO GAE: value mean 0.097485, return mean 6.982456, advantage mean 0.000000/std 1.000000
2026-09-24 11:52:06,702 RL_TOPO PPO: policy_loss -0.000000, value_loss 50.411869, entropy 0.470464, approx_kl 0.000000, clip_fraction 0.000000
2026-09-24 11:52:06,776 RL_TOPO GAE: value mean 0.100195, return mean 7.958850, advantage mean 0.000000/std 1.000000
2026-09-24 11:52:06,809 RL_TOPO PPO: policy_loss -0.000000, value_loss 66.050293, entropy 0.483977, approx_kl 0.000000, clip_fraction 0.000000
2026-09-24 11:52:08,815 RL_TOPO GAE: value mean 0.106479, return mean 8.621881, advantage mean 0.000000/std 1.000000
2026-09-24 11:52:08,836 RL_TOPO PPO: policy_loss -0.000000, value_loss 84.209641, entropy 0.414762, approx_kl 0.000000, clip_fraction 0.000000
2026-09-24 11:52:09,340 RL_TOPO GAE: value mean 0.096198, return mean 4.649553, advantage mean -0.000000/std 1.000000
2026-09-24 11:52:09,360 RL_TOPO PPO: policy_loss 0.000000, value_loss 35.172348, entropy 0.638724, approx_kl 0.000000, clip_fraction 0.000000
2026-09-24 11:52:11,209 RL_TOPO GAE: value mean 0.103865, return mean 7.640460, advantage mean -0.000000/std 1.000000
2026-09-24 11:52:11,228 RL_TOPO PPO: policy_loss 0.000000, value_loss 60.718075, entropy 0.420525, approx_kl 0.000000, clip_fraction 0.000000
2026-09-24 11:52:11,635 RL_TOPO GAE: value mean 0.100441, return mean 8.041809, advantage mean -0.000000/std 1.000000
2026-09-24 11:52:11,666 RL_TOPO PPO: policy_loss 0.000000, value_loss 70.612900, entropy 0.533228, approx_kl 0.000000, clip_fraction 0.000000
2026-09-24 11:52:13,377 RL_TOPO GAE: value mean 0.099346, return mean 6.795758, advantage mean -0.000000/std 1.000000
2026-09-24 11:52:13,403 RL_TOPO PPO: policy_loss 0.000000, value_loss 52.712875, entropy 0.327616, approx_kl 0.000000, clip_fraction 0.000000
2026-09-24 11:52:14,144 RL_TOPO GAE: value mean 0.106377, return mean 7.499072, advantage mean 0.000000/std 1.000000
2026-09-24 11:52:14,165 RL_TOPO PPO: policy_loss -0.000000, value_loss 58.379028, entropy 0.391948, approx_kl 0.000000, clip_fraction 0.000000
2026-09-24 11:52:16,072 RL_TOPO GAE: value mean 0.105003, return mean 5.237571, advantage mean -0.000000/std 1.000000
2026-09-24 11:52:16,098 RL_TOPO PPO: policy_loss 0.000000, value_loss 40.037346, entropy 0.612089, approx_kl 0.000000, clip_fraction 0.000000
2026-09-24 11:52:16,303 RL_TOPO GAE: value mean 0.117791, return mean 6.302453, advantage mean 0.000000/std 1.000000
2026-09-24 11:52:16,323 RL_TOPO PPO: policy_loss -0.000000, value_loss 55.393024, entropy 0.595615, approx_kl 0.000000, clip_fraction 0.000000
2026-09-24 11:52:17,962 RL_TOPO GAE: value mean 0.092596, return mean 7.180524, advantage mean 0.000000/std 1.000000
2026-09-24 11:52:17,988 RL_TOPO PPO: policy_loss -0.000000, value_loss 53.166367, entropy 0.427111, approx_kl 0.000000, clip_fraction 0.000000
2026-09-24 11:52:18,939 RL_TOPO GAE: value mean 0.097106, return mean 4.970603, advantage mean 0.000000/std 1.000000
2026-09-24 11:52:18,958 RL_TOPO PPO: policy_loss -0.000000, value_loss 37.908699, entropy 0.385045, approx_kl 0.000000, clip_fraction 0.000000
2026-09-24 11:52:20,470 RL_TOPO GAE: value mean 0.110276, return mean 6.469507, advantage mean 0.000000/std 1.000000
2026-09-24 11:52:20,487 RL_TOPO PPO: policy_loss -0.000000, value_loss 47.198399, entropy 0.388153, approx_kl 0.000000, clip_fraction 0.000000
2026-09-24 11:52:21,431 RL_TOPO GAE: value mean 0.106285, return mean 7.977923, advantage mean 0.000000/std 1.000000
2026-09-24 11:52:21,461 RL_TOPO PPO: policy_loss -0.000000, value_loss 67.300697, entropy 0.549692, approx_kl 0.000000, clip_fraction 0.000000
2026-09-24 11:52:23,574 RL_TOPO GAE: value mean 0.108144, return mean 4.321153, advantage mean -0.000000/std 1.000000
2026-09-24 11:52:23,604 RL_TOPO PPO: policy_loss 0.000000, value_loss 34.625557, entropy 0.584119, approx_kl 0.000000, clip_fraction 0.000000
2026-09-24 11:52:23,750 RL_TOPO GAE: value mean 0.110858, return mean 6.880651, advantage mean 0.000000/std 1.000000
2026-09-24 11:52:23,768 RL_TOPO PPO: policy_loss -0.000000, value_loss 49.128685, entropy 0.442897, approx_kl 0.000000, clip_fraction 0.000000
2026-09-24 11:52:25,666 RL_TOPO GAE: value mean 0.106258, return mean 7.022854, advantage mean 0.000000/std 1.000000
2026-09-24 11:52:25,683 RL_TOPO PPO: policy_loss -0.000000, value_loss 51.943680, entropy 0.430022, approx_kl 0.000000, clip_fraction 0.000000
2026-09-24 11:52:25,696 RL_TOPO GAE: value mean 0.111075, return mean 7.955215, advantage mean 0.000000/std 1.000000
2026-09-24 11:52:25,726 RL_TOPO PPO: policy_loss -0.000000, value_loss 66.464256, entropy 0.373038, approx_kl 0.000000, clip_fraction 0.000000
2026-09-24 11:52:25,745 iter 12140: ppo/value_mean: 0.094, ppo/return_mean: 6.184, ppo/advantage_mean: 0.000, ppo/advantage_std: 1.000, ppo/mean_reward: 1.374, ppo/mean_return: 6.184, ppo/policy_loss: -0.000, ppo/value_loss: 49.020, ppo/entropy: 0.492, ppo/approx_kl: 0.000, ppo/clip_fraction: 0.000, 
2026-09-24 11:52:27,157 RL_TOPO GAE: value mean 0.114237, return mean 6.135479, advantage mean -0.000000/std 1.000000
2026-09-24 11:52:27,173 RL_TOPO PPO: policy_loss 0.000000, value_loss 42.415295, entropy 0.358124, approx_kl 0.000000, clip_fraction 0.000000
2026-09-24 11:52:28,727 RL_TOPO GAE: value mean 0.120714, return mean 7.748650, advantage mean 0.000000/std 1.000000
2026-09-24 11:52:28,744 RL_TOPO PPO: policy_loss -0.000000, value_loss 62.177551, entropy 0.277469, approx_kl 0.000000, clip_fraction 0.000000
2026-09-24 11:52:30,764 RL_TOPO GAE: value mean 0.114324, return mean 3.467248, advantage mean 0.000000/std 1.000000
2026-09-24 11:52:30,781 RL_TOPO PPO: policy_loss -0.000000, value_loss 36.583488, entropy 0.474321, approx_kl 0.000000, clip_fraction 0.000000
2026-09-24 11:52:30,870 RL_TOPO GAE: value mean 0.093296, return mean 3.785452, advantage mean 0.000000/std 1.000000
2026-09-24 11:52:30,899 RL_TOPO PPO: policy_loss -0.000000, value_loss 51.071178, entropy 0.648307, approx_kl 0.000000, clip_fraction 0.000000
2026-09-24 11:52:32,994 RL_TOPO GAE: value mean 0.131575, return mean 3.408795, advantage mean -0.000000/std 1.000000
2026-09-24 11:52:33,026 RL_TOPO PPO: policy_loss 0.000000, value_loss 30.840343, entropy 0.647446, approx_kl 0.000000, clip_fraction 0.000000
2026-09-24 11:52:33,199 RL_TOPO GAE: value mean 0.121319, return mean 5.462056, advantage mean 0.000000/std 1.000000
2026-09-24 11:52:33,220 RL_TOPO PPO: policy_loss -0.000000, value_loss 48.334606, entropy 0.554339, approx_kl 0.000000, clip_fraction 0.000000
2026-09-24 11:52:35,088 RL_TOPO GAE: value mean 0.118665, return mean 5.981354, advantage mean -0.000000/std 1.000000
2026-09-24 11:52:35,105 RL_TOPO PPO: policy_loss 0.000000, value_loss 39.644611, entropy 0.431435, approx_kl 0.000000, clip_fraction 0.000000
2026-09-24 11:52:35,240 RL_TOPO GAE: value mean 0.122853, return mean 5.711593, advantage mean -0.000000/std 1.000000
2026-09-24 11:52:35,260 RL_TOPO PPO: policy_loss 0.000000, value_loss 43.232708, entropy 0.511760, approx_kl 0.000000, clip_fraction 0.000000
2026-09-24 11:52:36,960 RL_TOPO GAE: value mean 0.115332, return mean 7.453286, advantage mean -0.000000/std 1.000000
2026-09-24 11:52:36,979 RL_TOPO PPO: policy_loss 0.000000, value_loss 58.166698, entropy 0.393024, approx_kl 0.000000, clip_fraction 0.000000
2026-09-24 11:52:37,501 RL_TOPO GAE: value mean 0.110861, return mean 7.712536, advantage mean -0.000000/std 1.000000
2026-09-24 11:52:37,520 RL_TOPO PPO: policy_loss 0.000000, value_loss 61.980709, entropy 0.438429, approx_kl 0.000000, clip_fraction 0.000000
2026-09-24 11:52:39,653 RL_TOPO GAE: value mean 0.115939, return mean 4.236865, advantage mean -0.000000/std 1.000000
2026-09-24 11:52:39,675 RL_TOPO PPO: policy_loss 0.000000, value_loss 39.787544, entropy 0.550247, approx_kl 0.000000, clip_fraction 0.000000
2026-09-24 11:52:40,069 RL_TOPO GAE: value mean 0.130653, return mean 4.264556, advantage mean 0.000000/std 1.000000
2026-09-24 11:52:40,089 RL_TOPO PPO: policy_loss -0.000000, value_loss 34.271904, entropy 0.485356, approx_kl 0.000000, clip_fraction 0.000000
2026-09-24 11:52:41,924 RL_TOPO GAE: value mean 0.122084, return mean 7.358864, advantage mean 0.000000/std 1.000000
2026-09-24 11:52:41,941 RL_TOPO PPO: policy_loss -0.000000, value_loss 55.518238, entropy 0.374505, approx_kl 0.000000, clip_fraction 0.000000
2026-09-24 11:52:42,526 RL_TOPO GAE: value mean 0.129356, return mean 5.418307, advantage mean -0.000000/std 1.000000
2026-09-24 11:52:42,562 RL_TOPO PPO: policy_loss 0.000000, value_loss 44.449375, entropy 0.601978, approx_kl 0.000000, clip_fraction 0.000000
2026-09-24 11:52:45,003 RL_TOPO GAE: value mean 0.126043, return mean 6.790726, advantage mean -0.000000/std 1.000000
2026-09-24 11:52:45,024 RL_TOPO PPO: policy_loss 0.000000, value_loss 52.735416, entropy 0.518987, approx_kl 0.000000, clip_fraction 0.000000
2026-09-24 11:52:49,908 RL_TOPO GAE: value mean 0.114464, return mean 7.348977, advantage mean -0.000000/std 1.000000
2026-09-24 11:52:49,938 RL_TOPO PPO: policy_loss 0.000000, value_loss 57.823074, entropy 0.601479, approx_kl 0.000000, clip_fraction 0.000000
2026-09-24 11:52:52,103 RL_TOPO GAE: value mean 0.110527, return mean 7.147861, advantage mean -0.000000/std 1.000000
2026-09-24 11:52:52,134 RL_TOPO PPO: policy_loss 0.000000, value_loss 54.725117, entropy 0.665894, approx_kl 0.000000, clip_fraction 0.000000
2026-09-24 11:52:52,304 RL_TOPO GAE: value mean 0.119820, return mean 5.372546, advantage mean -0.000000/std 1.000000
2026-09-24 11:52:52,324 RL_TOPO PPO: policy_loss 0.000000, value_loss 34.850372, entropy 0.700752, approx_kl 0.000000, clip_fraction 0.000000
2026-09-24 11:52:54,072 RL_TOPO GAE: value mean 0.123717, return mean 5.575007, advantage mean 0.000000/std 1.000000
2026-09-24 11:52:54,096 RL_TOPO PPO: policy_loss -0.000000, value_loss 46.526905, entropy 0.410793, approx_kl 0.000000, clip_fraction 0.000000
2026-09-24 11:52:54,368 RL_TOPO GAE: value mean 0.120047, return mean 5.564031, advantage mean -0.000000/std 1.000000
2026-09-24 11:52:54,388 RL_TOPO PPO: policy_loss -0.000000, value_loss 46.317188, entropy 0.678781, approx_kl 0.000000, clip_fraction 0.000000
2026-09-24 11:52:56,621 RL_TOPO GAE: value mean 0.130279, return mean 6.680815, advantage mean -0.000000/std 1.000000
2026-09-24 11:52:56,650 RL_TOPO PPO: policy_loss 0.000000, value_loss 50.701271, entropy 0.474709, approx_kl 0.000000, clip_fraction 0.000000
2026-09-24 11:52:57,044 RL_TOPO GAE: value mean 0.132756, return mean 4.171394, advantage mean -0.000000/std 1.000000
2026-09-24 11:52:57,071 RL_TOPO PPO: policy_loss 0.000000, value_loss 34.230110, entropy 0.704068, approx_kl 0.000000, clip_fraction 0.000000
2026-09-24 11:52:58,741 RL_TOPO GAE: value mean 0.117974, return mean 7.577648, advantage mean 0.000000/std 1.000000
2026-09-24 11:52:58,759 RL_TOPO PPO: policy_loss -0.000000, value_loss 66.733070, entropy 0.493543, approx_kl 0.000000, clip_fraction 0.000000
2026-09-24 11:52:59,061 RL_TOPO GAE: value mean 0.134948, return mean 7.228644, advantage mean 0.000000/std 1.000000
2026-09-24 11:52:59,079 RL_TOPO PPO: policy_loss 0.000000, value_loss 61.705444, entropy 0.368248, approx_kl 0.000000, clip_fraction 0.000000
2026-09-24 11:53:00,896 RL_TOPO GAE: value mean 0.129076, return mean 7.267503, advantage mean -0.000000/std 1.000000
2026-09-24 11:53:00,914 RL_TOPO PPO: policy_loss 0.000000, value_loss 66.330475, entropy 0.395168, approx_kl 0.000000, clip_fraction 0.000000
2026-09-24 11:53:01,342 RL_TOPO GAE: value mean 0.113142, return mean 7.047601, advantage mean 0.000000/std 1.000000
2026-09-24 11:53:01,362 RL_TOPO PPO: policy_loss -0.000000, value_loss 51.786255, entropy 0.464485, approx_kl 0.000000, clip_fraction 0.000000
2026-09-24 11:53:03,478 RL_TOPO GAE: value mean 0.120677, return mean 8.113861, advantage mean -0.000000/std 1.000000
2026-09-24 11:53:03,510 RL_TOPO PPO: policy_loss 0.000000, value_loss 70.530167, entropy 0.514485, approx_kl 0.000000, clip_fraction 0.000000
2026-09-24 11:53:04,186 RL_TOPO GAE: value mean 0.134400, return mean 8.065301, advantage mean -0.000000/std 1.000000
2026-09-24 11:53:04,209 RL_TOPO PPO: policy_loss 0.000000, value_loss 68.213463, entropy 0.454437, approx_kl 0.000000, clip_fraction 0.000000
2026-09-24 11:53:06,519 RL_TOPO GAE: value mean 0.128720, return mean 6.894013, advantage mean -0.000000/std 1.000000
2026-09-24 11:53:06,547 RL_TOPO PPO: policy_loss 0.000000, value_loss 64.325516, entropy 0.589299, approx_kl 0.000000, clip_fraction 0.000000
2026-09-24 11:53:06,706 RL_TOPO GAE: value mean 0.131517, return mean 7.954371, advantage mean 0.000000/std 1.000000
2026-09-24 11:53:06,730 RL_TOPO PPO: policy_loss -0.000000, value_loss 67.495659, entropy 0.597494, approx_kl 0.000000, clip_fraction 0.000000
2026-09-24 11:53:08,408 RL_TOPO GAE: value mean 0.122854, return mean 7.002470, advantage mean -0.000000/std 1.000000
2026-09-24 11:53:08,424 RL_TOPO PPO: policy_loss 0.000000, value_loss 50.116768, entropy 0.456271, approx_kl 0.000000, clip_fraction 0.000000
2026-09-24 11:53:08,809 RL_TOPO GAE: value mean 0.137765, return mean 7.601215, advantage mean -0.000000/std 1.000000
2026-09-24 11:53:08,832 RL_TOPO PPO: policy_loss 0.000000, value_loss 60.329208, entropy 0.583074, approx_kl 0.000000, clip_fraction 0.000000
2026-09-24 11:53:10,801 RL_TOPO GAE: value mean 0.128756, return mean 5.446691, advantage mean -0.000000/std 1.000000
2026-09-24 11:53:10,820 RL_TOPO PPO: policy_loss 0.000000, value_loss 49.218536, entropy 0.514739, approx_kl 0.000000, clip_fraction 0.000000
2026-09-24 11:53:11,038 RL_TOPO GAE: value mean 0.131860, return mean 7.901965, advantage mean 0.000000/std 1.000000
2026-09-24 11:53:11,057 RL_TOPO PPO: policy_loss -0.000000, value_loss 65.363655, entropy 0.541229, approx_kl 0.000000, clip_fraction 0.000000
2026-09-24 11:53:13,050 RL_TOPO GAE: value mean 0.134933, return mean 8.522363, advantage mean 0.000000/std 1.000000
2026-09-24 11:53:13,081 RL_TOPO PPO: policy_loss -0.000000, value_loss 78.612503, entropy 0.492261, approx_kl 0.000000, clip_fraction 0.000000
2026-09-24 11:53:13,213 RL_TOPO GAE: value mean 0.143712, return mean 5.277442, advantage mean 0.000000/std 1.000000
2026-09-24 11:53:13,232 RL_TOPO PPO: policy_loss -0.000000, value_loss 52.922756, entropy 0.360780, approx_kl 0.000000, clip_fraction 0.000000
2026-09-24 11:53:15,536 RL_TOPO GAE: value mean 0.135028, return mean 4.929521, advantage mean -0.000000/std 1.000000
2026-09-24 11:53:15,558 RL_TOPO PPO: policy_loss 0.000000, value_loss 37.470669, entropy 0.849989, approx_kl 0.000000, clip_fraction 0.000000
2026-09-24 11:53:15,890 RL_TOPO GAE: value mean 0.127859, return mean 7.351965, advantage mean -0.000000/std 1.000000
2026-09-24 11:53:15,910 RL_TOPO PPO: policy_loss 0.000000, value_loss 57.123981, entropy 0.583175, approx_kl 0.000000, clip_fraction 0.000000
2026-09-24 11:53:18,145 RL_TOPO GAE: value mean 0.153835, return mean 5.029140, advantage mean -0.000000/std 1.000000
2026-09-24 11:53:18,173 RL_TOPO PPO: policy_loss 0.000000, value_loss 36.586353, entropy 0.272396, approx_kl 0.000000, clip_fraction 0.000000
2026-09-24 11:53:18,202 RL_TOPO GAE: value mean 0.133434, return mean 4.754788, advantage mean -0.000000/std 1.000000
2026-09-24 11:53:18,225 RL_TOPO PPO: policy_loss 0.000000, value_loss 33.974792, entropy 0.625170, approx_kl 0.000000, clip_fraction 0.000000
2026-09-24 11:53:18,246 iter 12160: ppo/value_mean: 0.126, ppo/return_mean: 6.411, ppo/advantage_mean: -0.000, ppo/advantage_std: 1.000, ppo/mean_reward: 1.406, ppo/mean_return: 6.411, ppo/policy_loss: 0.000, ppo/value_loss: 51.573, ppo/entropy: 0.462, ppo/approx_kl: 0.000, ppo/clip_fraction: 0.000, 
2026-09-24 11:53:20,316 RL_TOPO GAE: value mean 0.144713, return mean 5.156967, advantage mean 0.000000/std 1.000000
2026-09-24 11:53:20,349 RL_TOPO PPO: policy_loss -0.000000, value_loss 64.906410, entropy 0.528932, approx_kl 0.000000, clip_fraction 0.000000
2026-09-24 11:53:20,782 RL_TOPO GAE: value mean 0.134381, return mean 7.225993, advantage mean 0.000000/std 1.000000
2026-09-24 11:53:20,795 RL_TOPO PPO: policy_loss -0.000000, value_loss 53.099583, entropy 0.486680, approx_kl 0.000000, clip_fraction 0.000000
2026-09-24 11:53:22,645 RL_TOPO GAE: value mean 0.139838, return mean 4.581086, advantage mean -0.000000/std 1.000000
2026-09-24 11:53:22,673 RL_TOPO PPO: policy_loss 0.000000, value_loss 43.157543, entropy 0.620463, approx_kl 0.000000, clip_fraction 0.000000
2026-09-24 11:53:22,738 RL_TOPO GAE: value mean 0.138351, return mean 6.265416, advantage mean -0.000000/std 1.000000
2026-09-24 11:53:22,755 RL_TOPO PPO: policy_loss 0.000000, value_loss 47.347057, entropy 0.440129, approx_kl 0.000000, clip_fraction 0.000000
2026-09-24 11:53:24,892 RL_TOPO GAE: value mean 0.155965, return mean 5.892974, advantage mean 0.000000/std 1.000000
2026-09-24 11:53:24,912 RL_TOPO PPO: policy_loss -0.000000, value_loss 44.874237, entropy 0.639227, approx_kl 0.000000, clip_fraction 0.000000
2026-09-24 11:53:24,956 RL_TOPO GAE: value mean 0.134096, return mean 5.590979, advantage mean -0.000000/std 1.000000
2026-09-24 11:53:24,975 RL_TOPO PPO: policy_loss 0.000000, value_loss 46.412064, entropy 0.479634, approx_kl 0.000000, clip_fraction 0.000000
2026-09-24 11:53:26,823 RL_TOPO GAE: value mean 0.129561, return mean 7.955473, advantage mean 0.000000/std 1.000000
2026-09-24 11:53:26,841 RL_TOPO PPO: policy_loss -0.000000, value_loss 66.107185, entropy 0.441591, approx_kl 0.000000, clip_fraction 0.000000
2026-09-24 11:53:27,184 RL_TOPO GAE: value mean 0.144367, return mean 7.479429, advantage mean 0.000000/std 1.000000
2026-09-24 11:53:27,202 RL_TOPO PPO: policy_loss -0.000000, value_loss 58.581913, entropy 0.494819, approx_kl 0.000000, clip_fraction 0.000000
2026-09-24 11:53:29,430 RL_TOPO GAE: value mean 0.137366, return mean 5.211469, advantage mean 0.000000/std 1.000000
2026-09-24 11:53:29,454 RL_TOPO GAE: value mean 0.145648, return mean 5.393338, advantage mean -0.000000/std 1.000000
2026-09-24 11:53:29,458 RL_TOPO PPO: policy_loss -0.000000, value_loss 40.170673, entropy 0.462147, approx_kl 0.000000, clip_fraction 0.000000
2026-09-24 11:53:29,477 RL_TOPO PPO: policy_loss 0.000000, value_loss 37.862015, entropy 0.593632, approx_kl 0.000000, clip_fraction 0.000000
2026-09-24 11:53:31,779 RL_TOPO GAE: value mean 0.160140, return mean 5.384418, advantage mean 0.000000/std 1.000000
2026-09-24 11:53:31,814 RL_TOPO PPO: policy_loss -0.000000, value_loss 47.394035, entropy 0.663213, approx_kl 0.000000, clip_fraction 0.000000
2026-09-24 11:53:32,033 RL_TOPO GAE: value mean 0.144052, return mean 6.194252, advantage mean -0.000000/std 1.000000
2026-09-24 11:53:32,055 RL_TOPO PPO: policy_loss 0.000000, value_loss 56.165741, entropy 0.520745, approx_kl 0.000000, clip_fraction 0.000000
2026-09-24 11:53:34,088 RL_TOPO GAE: value mean 0.147787, return mean 5.185726, advantage mean -0.000000/std 1.000000
2026-09-24 11:53:34,109 RL_TOPO PPO: policy_loss 0.000000, value_loss 44.877659, entropy 0.527211, approx_kl 0.000000, clip_fraction 0.000000
2026-09-24 11:53:34,386 RL_TOPO GAE: value mean 0.142798, return mean 7.557199, advantage mean -0.000000/std 1.000000
2026-09-24 11:53:34,406 RL_TOPO PPO: policy_loss 0.000000, value_loss 58.974079, entropy 0.394623, approx_kl 0.000000, clip_fraction 0.000000
2026-09-24 11:53:36,716 RL_TOPO GAE: value mean 0.153793, return mean 6.478712, advantage mean 0.000000/std 1.000000
2026-09-24 11:53:36,748 RL_TOPO PPO: policy_loss -0.000000, value_loss 50.863838, entropy 0.571092, approx_kl 0.000000, clip_fraction 0.000000
2026-09-24 11:53:37,148 RL_TOPO GAE: value mean 0.152085, return mean 4.482743, advantage mean 0.000000/std 1.000000
2026-09-24 11:53:37,182 RL_TOPO PPO: policy_loss -0.000000, value_loss 35.974728, entropy 0.601977, approx_kl 0.000000, clip_fraction 0.000000
2026-09-24 11:53:39,111 RL_TOPO GAE: value mean 0.154189, return mean 6.870514, advantage mean -0.000000/std 1.000000
2026-09-24 11:53:39,131 RL_TOPO PPO: policy_loss 0.000000, value_loss 57.358543, entropy 0.554631, approx_kl 0.000000, clip_fraction 0.000000
2026-09-24 11:53:39,743 RL_TOPO GAE: value mean 0.159877, return mean 7.104011, advantage mean 0.000000/std 1.000000
2026-09-24 11:53:39,761 RL_TOPO PPO: policy_loss -0.000000, value_loss 53.033848, entropy 0.488449, approx_kl 0.000000, clip_fraction 0.000000
2026-09-24 11:53:41,648 RL_TOPO GAE: value mean 0.151774, return mean 6.497979, advantage mean -0.000000/std 1.000000
2026-09-24 11:53:41,666 RL_TOPO PPO: policy_loss 0.000000, value_loss 50.810635, entropy 0.467215, approx_kl 0.000000, clip_fraction 0.000000
2026-09-24 11:53:42,184 RL_TOPO GAE: value mean 0.145101, return mean 7.163840, advantage mean -0.000000/std 1.000000
2026-09-24 11:53:42,216 RL_TOPO PPO: policy_loss 0.000000, value_loss 53.870281, entropy 0.864938, approx_kl 0.000000, clip_fraction 0.000000
2026-09-24 11:53:44,462 RL_TOPO GAE: value mean 0.162183, return mean 6.754794, advantage mean 0.000000/std 1.000000
2026-09-24 11:53:44,494 RL_TOPO PPO: policy_loss -0.000000, value_loss 52.742752, entropy 0.523712, approx_kl 0.000000, clip_fraction 0.000000
2026-09-24 11:53:44,816 RL_TOPO GAE: value mean 0.154090, return mean 5.023766, advantage mean 0.000000/std 1.000000
2026-09-24 11:53:44,838 RL_TOPO PPO: policy_loss -0.000000, value_loss 42.197723, entropy 0.632436, approx_kl 0.000000, clip_fraction 0.000000
2026-09-24 11:53:46,727 RL_TOPO GAE: value mean 0.145515, return mean 6.557131, advantage mean 0.000000/std 1.000000
2026-09-24 11:53:46,754 RL_TOPO PPO: policy_loss -0.000000, value_loss 50.080849, entropy 0.599729, approx_kl 0.000000, clip_fraction 0.000000
2026-09-24 11:53:46,932 RL_TOPO GAE: value mean 0.165419, return mean 4.780705, advantage mean 0.000000/std 1.000000
2026-09-24 11:53:46,950 RL_TOPO PPO: policy_loss -0.000000, value_loss 32.937168, entropy 0.525671, approx_kl 0.000000, clip_fraction 0.000000
2026-09-24 11:53:48,847 RL_TOPO GAE: value mean 0.149513, return mean 7.633346, advantage mean 0.000000/std 1.000000
2026-09-24 11:53:48,876 RL_TOPO PPO: policy_loss -0.000000, value_loss 61.465885, entropy 0.451178, approx_kl 0.000000, clip_fraction 0.000000
2026-09-24 11:53:49,398 RL_TOPO GAE: value mean 0.164445, return mean 6.571308, advantage mean -0.000000/std 1.000000
2026-09-24 11:53:49,420 RL_TOPO PPO: policy_loss 0.000000, value_loss 57.996365, entropy 0.555286, approx_kl 0.000000, clip_fraction 0.000000
2026-09-24 11:53:51,530 RL_TOPO GAE: value mean 0.154714, return mean 7.389755, advantage mean 0.000000/std 1.000000
2026-09-24 11:53:51,551 RL_TOPO PPO: policy_loss -0.000000, value_loss 63.272942, entropy 0.557762, approx_kl 0.000000, clip_fraction 0.000000
2026-09-24 11:53:52,113 RL_TOPO GAE: value mean 0.144159, return mean 4.296644, advantage mean -0.000000/std 1.000000
2026-09-24 11:53:52,133 RL_TOPO PPO: policy_loss 0.000000, value_loss 33.917843, entropy 0.692543, approx_kl 0.000000, clip_fraction 0.000000
2026-09-24 11:53:54,312 RL_TOPO GAE: value mean 0.149587, return mean 7.173965, advantage mean 0.000000/std 1.000000
2026-09-24 11:53:54,344 RL_TOPO PPO: policy_loss -0.000000, value_loss 55.070526, entropy 0.675888, approx_kl 0.000000, clip_fraction 0.000000
2026-09-24 11:53:55,324 RL_TOPO GAE: value mean 0.176653, return mean 6.661259, advantage mean 0.000000/std 1.000000
2026-09-24 11:53:55,343 RL_TOPO PPO: policy_loss -0.000000, value_loss 55.129673, entropy 0.446751, approx_kl 0.000000, clip_fraction 0.000000
2026-09-24 11:53:57,506 RL_TOPO GAE: value mean 0.174933, return mean 4.914280, advantage mean 0.000000/std 1.000000
2026-09-24 11:53:57,534 RL_TOPO PPO: policy_loss -0.000000, value_loss 56.649467, entropy 0.434283, approx_kl 0.000000, clip_fraction 0.000000
2026-09-24 11:53:57,912 RL_TOPO GAE: value mean 0.154887, return mean 6.920177, advantage mean 0.000000/std 1.000000
2026-09-24 11:53:57,938 RL_TOPO PPO: policy_loss -0.000000, value_loss 56.692097, entropy 0.778385, approx_kl 0.000000, clip_fraction 0.000000
2026-09-24 11:53:59,971 RL_TOPO GAE: value mean 0.158410, return mean 7.543036, advantage mean 0.000000/std 1.000000
2026-09-24 11:53:59,989 RL_TOPO PPO: policy_loss -0.000000, value_loss 59.795383, entropy 0.405372, approx_kl 0.000000, clip_fraction 0.000000
2026-09-24 11:54:00,305 RL_TOPO GAE: value mean 0.178907, return mean 6.761569, advantage mean 0.000000/std 1.000000
2026-09-24 11:54:00,341 RL_TOPO PPO: policy_loss -0.000000, value_loss 60.526806, entropy 0.751196, approx_kl 0.000000, clip_fraction 0.000000
2026-09-24 11:54:02,791 RL_TOPO GAE: value mean 0.170610, return mean 5.816998, advantage mean -0.000000/std 1.000000
2026-09-24 11:54:02,815 RL_TOPO PPO: policy_loss 0.000000, value_loss 44.322578, entropy 0.918335, approx_kl 0.000000, clip_fraction 0.000000
2026-09-24 11:54:03,119 RL_TOPO GAE: value mean 0.168705, return mean 7.266327, advantage mean -0.000000/std 1.000000
2026-09-24 11:54:03,140 RL_TOPO PPO: policy_loss 0.000000, value_loss 58.700367, entropy 0.386996, approx_kl 0.000000, clip_fraction 0.000000
2026-09-24 11:54:05,279 RL_TOPO GAE: value mean 0.152090, return mean 7.204670, advantage mean -0.000000/std 1.000000
2026-09-24 11:54:05,297 RL_TOPO PPO: policy_loss 0.000000, value_loss 54.944214, entropy 0.512713, approx_kl 0.000000, clip_fraction 0.000000
2026-09-24 11:54:05,669 RL_TOPO GAE: value mean 0.179001, return mean 4.570842, advantage mean 0.000000/std 1.000000
2026-09-24 11:54:05,705 RL_TOPO PPO: policy_loss -0.000000, value_loss 41.837933, entropy 0.629182, approx_kl 0.000000, clip_fraction 0.000000
2026-09-24 11:54:07,575 RL_TOPO GAE: value mean 0.169720, return mean 7.752058, advantage mean 0.000000/std 1.000000
2026-09-24 11:54:07,593 RL_TOPO PPO: policy_loss -0.000000, value_loss 62.063648, entropy 0.413313, approx_kl 0.000000, clip_fraction 0.000000
2026-09-24 11:54:07,595 RL_TOPO GAE: value mean 0.165921, return mean 7.121701, advantage mean 0.000000/std 1.000000
2026-09-24 11:54:07,624 RL_TOPO PPO: policy_loss -0.000000, value_loss 52.123383, entropy 0.553289, approx_kl 0.000000, clip_fraction 0.000000
2026-09-24 11:54:07,642 iter 12180: ppo/value_mean: 0.153, ppo/return_mean: 6.281, ppo/advantage_mean: 0.000, ppo/advantage_std: 1.000, ppo/mean_reward: 1.422, ppo/mean_return: 6.281, ppo/policy_loss: -0.000, ppo/value_loss: 50.745, ppo/entropy: 0.492, ppo/approx_kl: 0.000, ppo/clip_fraction: 0.000, 
2026-09-24 11:54:09,828 RL_TOPO GAE: value mean 0.160248, return mean 4.774086, advantage mean -0.000000/std 1.000000
2026-09-24 11:54:09,859 RL_TOPO PPO: policy_loss 0.000000, value_loss 36.051273, entropy 0.776102, approx_kl 0.000000, clip_fraction 0.000000
2026-09-24 11:54:11,308 RL_TOPO GAE: value mean 0.171101, return mean 8.233506, advantage mean 0.000000/std 1.000000
2026-09-24 11:54:11,328 RL_TOPO PPO: policy_loss -0.000000, value_loss 69.251801, entropy 0.469834, approx_kl 0.000000, clip_fraction 0.000000
2026-09-24 11:54:13,627 RL_TOPO GAE: value mean 0.166024, return mean 3.453725, advantage mean -0.000000/std 1.000000
2026-09-24 11:54:13,644 RL_TOPO PPO: policy_loss 0.000000, value_loss 37.180389, entropy 0.349210, approx_kl 0.000000, clip_fraction 0.000000
2026-09-24 11:54:13,666 RL_TOPO GAE: value mean 0.181897, return mean 7.932800, advantage mean 0.000000/std 1.000000
2026-09-24 11:54:13,689 RL_TOPO PPO: policy_loss -0.000000, value_loss 64.363831, entropy 0.654858, approx_kl 0.000000, clip_fraction 0.000000
2026-09-24 11:54:15,695 RL_TOPO GAE: value mean 0.162073, return mean 5.527272, advantage mean 0.000000/std 1.000000
2026-09-24 11:54:15,717 RL_TOPO PPO: policy_loss -0.000000, value_loss 46.235821, entropy 0.493078, approx_kl 0.000000, clip_fraction 0.000000
2026-09-24 11:54:16,089 RL_TOPO GAE: value mean 0.183135, return mean 6.538278, advantage mean -0.000000/std 1.000000
2026-09-24 11:54:16,118 RL_TOPO PPO: policy_loss -0.000000, value_loss 49.179455, entropy 0.442478, approx_kl 0.000000, clip_fraction 0.000000
2026-09-24 11:54:17,774 RL_TOPO GAE: value mean 0.176196, return mean 7.278017, advantage mean -0.000000/std 1.000000
2026-09-24 11:54:17,790 RL_TOPO PPO: policy_loss 0.000000, value_loss 53.444683, entropy 0.367759, approx_kl 0.000000, clip_fraction 0.000000
2026-09-24 11:54:17,843 RL_TOPO GAE: value mean 0.177402, return mean 5.923596, advantage mean 0.000000/std 1.000000
2026-09-24 11:54:17,869 RL_TOPO PPO: policy_loss -0.000000, value_loss 50.651508, entropy 0.437624, approx_kl 0.000000, clip_fraction 0.000000
2026-09-24 11:54:20,071 RL_TOPO GAE: value mean 0.182989, return mean 6.224758, advantage mean 0.000000/std 1.000000
2026-09-24 11:54:20,094 RL_TOPO PPO: policy_loss 0.000000, value_loss 60.635990, entropy 0.605710, approx_kl 0.000000, clip_fraction 0.000000
2026-09-24 11:54:20,211 RL_TOPO GAE: value mean 0.185847, return mean 7.097496, advantage mean -0.000000/std 1.000000
2026-09-24 11:54:20,230 RL_TOPO PPO: policy_loss 0.000000, value_loss 57.840340, entropy 0.519545, approx_kl 0.000000, clip_fraction 0.000000
2026-09-24 11:54:22,119 RL_TOPO GAE: value mean 0.171098, return mean 7.943364, advantage mean 0.000000/std 1.000000
2026-09-24 11:54:22,145 RL_TOPO PPO: policy_loss -0.000000, value_loss 64.849045, entropy 0.477168, approx_kl 0.000000, clip_fraction 0.000000
2026-09-24 11:54:22,504 RL_TOPO GAE: value mean 0.166611, return mean 6.604979, advantage mean 0.000000/std 1.000000
2026-09-24 11:54:22,526 RL_TOPO PPO: policy_loss -0.000000, value_loss 57.813557, entropy 0.604327, approx_kl 0.000000, clip_fraction 0.000000
2026-09-24 11:54:24,521 RL_TOPO GAE: value mean 0.173359, return mean 7.866689, advantage mean 0.000000/std 1.000000
2026-09-24 11:54:24,542 RL_TOPO PPO: policy_loss -0.000000, value_loss 64.325752, entropy 0.517740, approx_kl 0.000000, clip_fraction 0.000000
2026-09-24 11:54:24,657 RL_TOPO GAE: value mean 0.190884, return mean 8.044491, advantage mean -0.000000/std 1.000000
2026-09-24 11:54:24,674 RL_TOPO PPO: policy_loss 0.000000, value_loss 66.144791, entropy 0.408890, approx_kl 0.000000, clip_fraction 0.000000
2026-09-24 11:54:26,536 RL_TOPO GAE: value mean 0.169158, return mean 4.741296, advantage mean 0.000000/std 1.000000
2026-09-24 11:54:26,555 RL_TOPO PPO: policy_loss -0.000000, value_loss 48.435249, entropy 0.576656, approx_kl 0.000000, clip_fraction 0.000000
2026-09-24 11:54:26,908 RL_TOPO GAE: value mean 0.173157, return mean 3.280256, advantage mean -0.000000/std 1.000000
2026-09-24 11:54:26,927 RL_TOPO PPO: policy_loss -0.000000, value_loss 28.866875, entropy 0.688932, approx_kl 0.000000, clip_fraction 0.000000
2026-09-24 11:54:28,851 RL_TOPO GAE: value mean 0.186767, return mean 8.000018, advantage mean 0.000000/std 1.000000
2026-09-24 11:54:28,872 RL_TOPO PPO: policy_loss -0.000000, value_loss 65.590424, entropy 0.423525, approx_kl 0.000000, clip_fraction 0.000000
2026-09-24 11:54:29,110 RL_TOPO GAE: value mean 0.170708, return mean 6.601227, advantage mean -0.000000/std 1.000000
2026-09-24 11:54:29,138 RL_TOPO PPO: policy_loss 0.000000, value_loss 47.847340, entropy 0.418533, approx_kl 0.000000, clip_fraction 0.000000
2026-09-24 11:54:31,102 RL_TOPO GAE: value mean 0.176066, return mean 6.023384, advantage mean 0.000000/std 1.000000
2026-09-24 11:54:31,132 RL_TOPO PPO: policy_loss -0.000000, value_loss 52.065830, entropy 0.468240, approx_kl 0.000000, clip_fraction 0.000000
2026-09-24 11:54:31,608 RL_TOPO GAE: value mean 0.178774, return mean 7.003757, advantage mean 0.000000/std 1.000000
2026-09-24 11:54:31,628 RL_TOPO PPO: policy_loss -0.000000, value_loss 53.356190, entropy 0.559616, approx_kl 0.000000, clip_fraction 0.000000
2026-09-24 11:54:34,252 RL_TOPO GAE: value mean 0.177951, return mean 4.970240, advantage mean 0.000000/std 1.000000
2026-09-24 11:54:34,291 RL_TOPO PPO: policy_loss -0.000000, value_loss 41.554302, entropy 0.689206, approx_kl 0.000000, clip_fraction 0.000000
2026-09-24 11:54:34,334 RL_TOPO GAE: value mean 0.175919, return mean 5.606233, advantage mean 0.000000/std 1.000000
2026-09-24 11:54:34,354 RL_TOPO PPO: policy_loss -0.000000, value_loss 45.634834, entropy 0.548946, approx_kl 0.000000, clip_fraction 0.000000
2026-09-24 11:54:36,361 RL_TOPO GAE: value mean 0.188163, return mean 6.535684, advantage mean -0.000000/std 1.000000
2026-09-24 11:54:36,381 RL_TOPO PPO: policy_loss 0.000000, value_loss 52.522774, entropy 0.456028, approx_kl 0.000000, clip_fraction 0.000000
2026-09-24 11:54:36,942 RL_TOPO GAE: value mean 0.189645, return mean 6.960596, advantage mean 0.000000/std 1.000000
2026-09-24 11:54:36,964 RL_TOPO PPO: policy_loss -0.000000, value_loss 55.510040, entropy 0.478881, approx_kl 0.000000, clip_fraction 0.000000
2026-09-24 11:54:42,402 RL_TOPO GAE: value mean 0.182724, return mean 7.316073, advantage mean 0.000000/std 1.000000
2026-09-24 11:54:42,433 RL_TOPO PPO: policy_loss -0.000000, value_loss 62.354473, entropy 0.438275, approx_kl 0.000000, clip_fraction 0.000000
2026-09-24 11:54:42,529 RL_TOPO GAE: value mean 0.196333, return mean 4.894990, advantage mean 0.000000/std 1.000000
2026-09-24 11:54:42,548 RL_TOPO PPO: policy_loss -0.000000, value_loss 41.714622, entropy 0.492550, approx_kl 0.000000, clip_fraction 0.000000
2026-09-24 11:54:44,519 RL_TOPO GAE: value mean 0.168740, return mean 6.746514, advantage mean -0.000000/std 1.000000
2026-09-24 11:54:44,544 RL_TOPO PPO: policy_loss 0.000000, value_loss 46.375462, entropy 0.591444, approx_kl 0.000000, clip_fraction 0.000000
2026-09-24 11:54:45,150 RL_TOPO GAE: value mean 0.186696, return mean 6.242393, advantage mean -0.000000/std 1.000000
2026-09-24 11:54:45,176 RL_TOPO PPO: policy_loss 0.000000, value_loss 50.382812, entropy 0.644123, approx_kl 0.000000, clip_fraction 0.000000
2026-09-24 11:54:47,869 RL_TOPO GAE: value mean 0.180096, return mean 4.719507, advantage mean -0.000000/std 1.000000
2026-09-24 11:54:47,888 RL_TOPO PPO: policy_loss -0.000000, value_loss 41.765705, entropy 0.541756, approx_kl 0.000000, clip_fraction 0.000000
2026-09-24 11:54:47,926 RL_TOPO GAE: value mean 0.195740, return mean 5.097616, advantage mean 0.000000/std 1.000000
2026-09-24 11:54:47,954 RL_TOPO PPO: policy_loss -0.000000, value_loss 43.028694, entropy 0.949020, approx_kl 0.000000, clip_fraction 0.000000
2026-09-24 11:54:49,985 RL_TOPO GAE: value mean 0.182178, return mean 5.743375, advantage mean -0.000000/std 1.000000
2026-09-24 11:54:50,004 RL_TOPO PPO: policy_loss 0.000000, value_loss 42.953796, entropy 0.540872, approx_kl 0.000000, clip_fraction 0.000000
2026-09-24 11:54:53,809 RL_TOPO GAE: value mean 0.190388, return mean 7.574055, advantage mean 0.000000/std 1.000000
2026-09-24 11:54:53,833 RL_TOPO PPO: policy_loss -0.000000, value_loss 59.817360, entropy 0.600658, approx_kl 0.000000, clip_fraction 0.000000
2026-09-24 11:54:55,823 RL_TOPO GAE: value mean 0.204723, return mean 3.182996, advantage mean -0.000000/std 1.000000
2026-09-24 11:54:55,841 RL_TOPO PPO: policy_loss 0.000000, value_loss 24.017235, entropy 0.813711, approx_kl 0.000000, clip_fraction 0.000000
2026-09-24 11:54:57,148 RL_TOPO GAE: value mean 0.192838, return mean 7.938602, advantage mean -0.000000/std 1.000000
2026-09-24 11:54:57,167 RL_TOPO PPO: policy_loss -0.000000, value_loss 66.079109, entropy 0.431241, approx_kl 0.000000, clip_fraction 0.000000
2026-09-24 11:54:59,231 RL_TOPO GAE: value mean 0.188899, return mean 7.514586, advantage mean 0.000000/std 1.000000
2026-09-24 11:54:59,249 RL_TOPO PPO: policy_loss -0.000000, value_loss 59.247368, entropy 0.447592, approx_kl 0.000000, clip_fraction 0.000000
2026-09-24 11:54:59,635 RL_TOPO GAE: value mean 0.212142, return mean 7.490913, advantage mean 0.000000/std 1.000000
2026-09-24 11:54:59,656 RL_TOPO PPO: policy_loss -0.000000, value_loss 61.404377, entropy 0.488025, approx_kl 0.000000, clip_fraction 0.000000
2026-09-24 11:55:01,887 RL_TOPO GAE: value mean 0.195209, return mean 7.337233, advantage mean -0.000000/std 1.000000
2026-09-24 11:55:01,888 RL_TOPO GAE: value mean 0.209860, return mean 7.703841, advantage mean 0.000000/std 1.000000
2026-09-24 11:55:01,904 RL_TOPO PPO: policy_loss 0.000000, value_loss 54.381802, entropy 0.605332, approx_kl 0.000000, clip_fraction 0.000000
2026-09-24 11:55:01,907 RL_TOPO PPO: policy_loss -0.000000, value_loss 64.144455, entropy 0.425192, approx_kl 0.000000, clip_fraction 0.000000
2026-09-24 11:55:04,676 RL_TOPO GAE: value mean 0.190907, return mean 5.606468, advantage mean -0.000000/std 1.000000
2026-09-24 11:55:04,711 RL_TOPO PPO: policy_loss 0.000000, value_loss 43.160847, entropy 0.812259, approx_kl 0.000000, clip_fraction 0.000000
2026-09-24 11:55:04,831 RL_TOPO GAE: value mean 0.188514, return mean 3.925164, advantage mean -0.000000/std 1.000000
2026-09-24 11:55:04,854 RL_TOPO PPO: policy_loss 0.000000, value_loss 36.846855, entropy 0.710485, approx_kl 0.000000, clip_fraction 0.000000
2026-09-24 11:55:04,888 iter 12200: ppo/value_mean: 0.182, ppo/return_mean: 6.105, ppo/advantage_mean: -0.000, ppo/advantage_std: 1.000, ppo/mean_reward: 1.391, ppo/mean_return: 6.105, ppo/policy_loss: 0.000, ppo/value_loss: 48.820, ppo/entropy: 0.524, ppo/approx_kl: 0.000, ppo/clip_fraction: 0.000, 
