arm,episode_id,scene_id,changed,intervention_step,baseline_action_index,alternative_action_index,changed_option_primitive_delta,remaining_continuation_primitive_delta,baseline_success,intervention_success,delta_success,baseline_spl,intervention_spl,delta_spl,baseline_ndtw,intervention_ndtw,delta_ndtw,baseline_sdtw,intervention_sdtw,delta_sdtw,baseline_distance_to_goal,intervention_distance_to_goal,delta_distance_to_goal,baseline_primitive_action_count,intervention_primitive_action_count,delta_primitive_action_count,baseline_path_length,intervention_path_length,delta_path_length,baseline_high_level_steps,intervention_high_level_steps,delta_high_level_steps,baseline_collision_events,intervention_collision_events,delta_collision_events
full,8963,mp3d/D7N2EKCX4Sj/D7N2EKCX4Sj.glb,False,,,,0,0,1.0,1.0,0.0,0.9013923519633423,0.9013923519633423,0.0,0.8788315287710569,0.8788315287710569,0.0,0.8788315287710569,0.8788315287710569,0.0,0.6681005954742432,0.6681005954742432,0.0,45,45,0,7.499999046325684,7.499999046325684,0.0,6,6,0,0,0,0
full,10430,mp3d/D7N2EKCX4Sj/D7N2EKCX4Sj.glb,True,2,8,7,-8,55,1.0,1.0,0.0,1.0,0.8974294175362608,-0.10257058246373918,0.86280839522143,0.8850409200815847,0.0222325248601547,0.86280839522143,0.8850409200815847,0.0222325248601547,1.8452829122543335,0.8661730289459229,-0.9791098833084106,63,110,47,7.722980499267578,8.958760261535645,1.2357797622680664,9,14,5,15,32,17
full,4922,mp3d/D7N2EKCX4Sj/D7N2EKCX4Sj.glb,False,,,,0,0,1.0,1.0,0.0,0.9427645256456966,0.9427645256456966,0.0,0.9575900208573054,0.9575900208573054,0.0,0.9575900208573054,0.9575900208573054,0.0,0.4169694185256958,0.4169694185256958,0.0,46,46,0,7.0191330909729,7.0191330909729,0.0,7,7,0,2,2,0
full,275,mp3d/D7N2EKCX4Sj/D7N2EKCX4Sj.glb,False,,,,0,0,1.0,1.0,0.0,1.0,1.0,0.0,0.8960005475084255,0.8960005475084255,0.0,0.8960005475084255,0.8960005475084255,0.0,0.9923063516616821,0.9923063516616821,0.0,28,28,0,4.786001205444336,4.786001205444336,0.0,4,4,0,0,0,0
full,1943,mp3d/D7N2EKCX4Sj/D7N2EKCX4Sj.glb,True,4,14,15,-5,-45,0.0,1.0,1.0,0.0,0.7752431687793634,0.7752431687793634,0.33733880044267545,0.7814916142584637,0.44415281381578825,0.0,0.7814916142584637,0.7814916142584637,5.225057601928711,0.8095074892044067,-4.415550112724304,110,60,-50,15.534454345703125,7.265493869781494,-8.26896047592163,7,6,-1,8,5,-3
full,2882,mp3d/D7N2EKCX4Sj/D7N2EKCX4Sj.glb,False,,,,0,0,1.0,1.0,0.0,1.0,1.0,0.0,0.9450046457781375,0.9450046457781375,0.0,0.9450046457781375,0.9450046457781375,0.0,1.4151694774627686,1.4151694774627686,0.0,34,34,0,5.510061740875244,5.510061740875244,0.0,5,5,0,1,1,0
full,2378,mp3d/D7N2EKCX4Sj/D7N2EKCX4Sj.glb,True,0,2,3,-9,-8,1.0,1.0,0.0,0.9411831469452597,1.0,0.05881685305474027,0.9190131156459079,0.944105308206849,0.025092192560941085,0.9190131156459079,0.944105308206849,0.025092192560941085,1.0884149074554443,1.058393120765686,-0.0300217866897583,55,38,-17,7.041345119476318,6.321389675140381,-0.7199554443359375,5,5,0,8,4,-4
full,7661,mp3d/D7N2EKCX4Sj/D7N2EKCX4Sj.glb,True,7,22,21,-1,3,1.0,1.0,0.0,0.9121426005538785,0.9083846608306257,-0.003757939723252779,0.9338480613356589,0.9407458667711999,0.006897805435540971,0.9338480613356589,0.9407458667711999,0.006897805435540971,0.02059585601091385,0.10087127983570099,0.08027542382478714,83,85,2,14.715632438659668,14.776510238647461,0.06087779998779297,12,12,0,6,4,-2
full,6509,mp3d/D7N2EKCX4Sj/D7N2EKCX4Sj.glb,False,,,,0,0,1.0,1.0,0.0,1.0,1.0,0.0,0.860586206370762,0.860586206370762,0.0,0.860586206370762,0.860586206370762,0.0,1.274340271949768,1.274340271949768,0.0,36,36,0,4.999999523162842,4.999999523162842,0.0,5,5,0,0,0,0
full,8822,mp3d/D7N2EKCX4Sj/D7N2EKCX4Sj.glb,False,,,,0,0,1.0,1.0,0.0,0.9231587716851039,0.9231587716851039,0.0,0.900392185487113,0.900392185487113,0.0,0.900392185487113,0.900392185487113,0.0,0.6961624026298523,0.6961624026298523,0.0,59,59,0,9.923651695251465,9.923651695251465,0.0,9,9,0,4,4,0
full,6173,mp3d/D7N2EKCX4Sj/D7N2EKCX4Sj.glb,False,,,,0,0,1.0,1.0,0.0,0.9028418407882693,0.9028418407882693,0.0,0.8785851765213402,0.8785851765213402,0.0,0.8785851765213402,0.8785851765213402,0.0,0.5955324769020081,0.5955324769020081,0.0,44,44,0,7.229672431945801,7.229672431945801,0.0,6,6,0,9,9,0
full,4790,mp3d/D7N2EKCX4Sj/D7N2EKCX4Sj.glb,True,2,10,8,-12,-7,0.0,1.0,1.0,0.0,0.9394735464701447,0.9394735464701447,0.07598718223002084,0.9069160070154227,0.8309288247854019,0.0,0.9069160070154227,0.9069160070154227,20.606487274169922,0.37011951208114624,-20.236367762088776,90,71,-19,15.232590675354004,12.918183326721191,-2.3144073486328125,10,11,1,0,3,3
full,4067,mp3d/ZMojNkEp431/ZMojNkEp431.glb,True,5,15,17,-19,14,1.0,1.0,0.0,0.7697590910366837,0.8106761016074354,0.0409170105707517,0.8472547668486574,0.7055738636952409,-0.14168090315341653,0.8472547668486574,0.7055738636952409,-0.14168090315341653,0.3574756681919098,0.32651951909065247,-0.030956149101257324,94,89,-5,13.249998092651367,12.5812349319458,-0.6687631607055664,11,12,1,0,8,8
full,5396,mp3d/ZMojNkEp431/ZMojNkEp431.glb,False,,,,0,0,1.0,1.0,0.0,1.0,1.0,0.0,0.9400506256005859,0.9400506256005859,0.0,0.9400506256005859,0.9400506256005859,0.0,1.6800669431686401,1.6800669431686401,0.0,25,25,0,5.385897159576416,5.385897159576416,0.0,5,5,0,0,0,0
full,10667,mp3d/ZMojNkEp431/ZMojNkEp431.glb,False,,,,0,0,1.0,1.0,0.0,1.0,1.0,0.0,0.9091437171337933,0.9091437171337933,0.0,0.9091437171337933,0.9091437171337933,0.0,1.5630465745925903,1.5630465745925903,0.0,63,63,0,10.975284576416016,10.975284576416016,0.0,10,10,0,1,1,0
full,4616,mp3d/ZMojNkEp431/ZMojNkEp431.glb,True,7,28,27,-1,8,1.0,1.0,0.0,0.8696032222906611,0.8705938030907243,0.000990580800063201,0.875455044850815,0.8908325244481259,0.015377479597310839,0.875455044850815,0.8908325244481259,0.015377479597310839,1.6139354705810547,1.4753743410110474,-0.13856112957000732,83,90,7,17.192291259765625,17.1727294921875,-0.019561767578125,13,14,1,1,1,0
full,2024,mp3d/ZMojNkEp431/ZMojNkEp431.glb,True,5,20,21,-2,5,1.0,1.0,0.0,0.7329822321553263,0.715530266321394,-0.01745196583393227,0.850113026054762,0.8335175866678652,-0.016595439386896782,0.850113026054762,0.8335175866678652,-0.016595439386896782,1.6287598609924316,1.8149769306182861,0.1862170696258545,63,66,3,10.249995231628418,10.499995231628418,0.25,7,8,1,0,0,0
full,6680,mp3d/ZMojNkEp431/ZMojNkEp431.glb,False,,,,0,0,1.0,1.0,0.0,0.9952059709442519,0.9952059709442519,0.0,0.9686114252505901,0.9686114252505901,0.0,0.9686114252505901,0.9686114252505901,0.0,0.313871830701828,0.313871830701828,0.0,44,44,0,7.516256809234619,7.516256809234619,0.0,5,5,0,0,0,0
full,2288,mp3d/ZMojNkEp431/ZMojNkEp431.glb,False,,,,0,0,1.0,1.0,0.0,1.0,1.0,0.0,0.9173245623139329,0.9173245623139329,0.0,0.9173245623139329,0.9173245623139329,0.0,1.2811180353164673,1.2811180353164673,0.0,42,42,0,8.50974178314209,8.50974178314209,0.0,6,6,0,0,0,0
full,10583,mp3d/ZMojNkEp431/ZMojNkEp431.glb,False,,,,0,0,1.0,1.0,0.0,0.8898264051953104,0.8898264051953104,0.0,0.8741797085364896,0.8741797085364896,0.0,0.8741797085364896,0.8741797085364896,0.0,1.0075303316116333,1.0075303316116333,0.0,65,65,0,11.002412796020508,11.002412796020508,0.0,7,7,0,0,0,0
full,3203,mp3d/ZMojNkEp431/ZMojNkEp431.glb,True,6,27,24,-7,11,1.0,1.0,0.0,0.7617737242627598,0.742280639555065,-0.01949308470769484,0.4816051813991139,0.48864324257074526,0.00703806117163136,0.4816051813991139,0.48864324257074526,0.00703806117163136,2.863373279571533,2.759280204772949,-0.10409307479858398,100,104,4,19.039588928222656,19.539588928222656,0.5,11,12,1,0,0,0
full,6179,mp3d/ZMojNkEp431/ZMojNkEp431.glb,False,,,,0,0,1.0,1.0,0.0,0.6597480960583583,0.6597480960583583,0.0,0.428100361580783,0.428100361580783,0.0,0.428100361580783,0.428100361580783,0.0,1.5975161790847778,1.5975161790847778,0.0,71,71,0,14.784408569335938,14.784408569335938,0.0,10,10,0,0,0,0
full,10085,mp3d/ZMojNkEp431/ZMojNkEp431.glb,False,,,,0,0,1.0,1.0,0.0,1.0,1.0,0.0,0.6027783734289948,0.6027783734289948,0.0,0.6027783734289948,0.6027783734289948,0.0,1.4658335447311401,1.4658335447311401,0.0,29,29,0,4.496288776397705,4.496288776397705,0.0,5,5,0,1,1,0
full,527,mp3d/ZMojNkEp431/ZMojNkEp431.glb,False,,,,0,0,0.0,0.0,0.0,0.0,0.0,0.0,0.7583493298370239,0.7583493298370239,0.0,0.0,0.0,0.0,3.2056117057800293,3.2056117057800293,0.0,55,55,0,10.499994277954102,10.499994277954102,0.0,8,8,0,0,0,0
full,6113,mp3d/sKLMLpTHeUy/sKLMLpTHeUy.glb,False,,,,0,0,1.0,1.0,0.0,1.0,1.0,0.0,0.9268280798943824,0.9268280798943824,0.0,0.9268280798943824,0.9268280798943824,0.0,0.2959091365337372,0.2959091365337372,0.0,49,49,0,8.25000286102295,8.25000286102295,0.0,7,7,0,0,0,0
full,1397,mp3d/sKLMLpTHeUy/sKLMLpTHeUy.glb,False,,,,0,0,1.0,1.0,0.0,0.7736673652065029,0.7736673652065029,0.0,0.8727107894804932,0.8727107894804932,0.0,0.8727107894804932,0.8727107894804932,0.0,1.0057307481765747,1.0057307481765747,0.0,74,74,0,9.823354721069336,9.823354721069336,0.0,11,11,0,4,4,0
full,370,mp3d/sKLMLpTHeUy/sKLMLpTHeUy.glb,False,,,,0,0,1.0,1.0,0.0,0.8596418679175051,0.8596418679175051,0.0,0.8956172949050712,0.8956172949050712,0.0,0.8956172949050712,0.8956172949050712,0.0,0.9821049571037292,0.9821049571037292,0.0,50,50,0,7.816819190979004,7.816819190979004,0.0,8,8,0,0,0,0
full,8537,mp3d/sKLMLpTHeUy/sKLMLpTHeUy.glb,False,,,,0,0,1.0,1.0,0.0,0.8552794844966422,0.8552794844966422,0.0,0.9133336776666751,0.9133336776666751,0.0,0.9133336776666751,0.9133336776666751,0.0,0.46284711360931396,0.46284711360931396,0.0,45,45,0,6.207075119018555,6.207075119018555,0.0,5,5,0,2,2,0
full,9092,mp3d/sKLMLpTHeUy/sKLMLpTHeUy.glb,True,3,13,10,3,18,1.0,1.0,0.0,0.8485838488906223,0.7947198632394052,-0.05386398565121708,0.6699329992572551,0.7269590183912,0.057026019133944894,0.6699329992572551,0.7269590183912,0.057026019133944894,2.448044776916504,1.7209398746490479,-0.727104902267456,56,77,21,10.743752479553223,11.471935272216797,0.7281827926635742,6,7,1,4,4,0
full,418,mp3d/sKLMLpTHeUy/sKLMLpTHeUy.glb,True,4,16,14,-6,30,1.0,1.0,0.0,1.0,0.8797367703662632,-0.12026322963373681,0.9313103547198969,0.9141100512222654,-0.017200303497631464,0.9313103547198969,0.9141100512222654,-0.017200303497631464,0.80568528175354,0.809069812297821,0.003384530544281006,61,85,24,10.256002426147461,11.750901222229004,1.494898796081543,8,10,2,0,0,0
full,4904,mp3d/sKLMLpTHeUy/sKLMLpTHeUy.glb,True,4,15,14,1,2,1.0,1.0,0.0,0.9896512573162157,0.9903817549049566,0.000730497588740886,0.9463728942359606,0.9267363610757767,-0.019636533160183878,0.9463728942359606,0.9267363610757767,-0.019636533160183878,1.2525784969329834,1.4871453046798706,0.2345668077468872,47,50,3,8.026674270629883,8.020753860473633,-0.00592041015625,7,7,0,0,0,0
full,2069,mp3d/sKLMLpTHeUy/sKLMLpTHeUy.glb,False,,,,0,0,1.0,1.0,0.0,1.0,1.0,0.0,0.9237523192397322,0.9237523192397322,0.0,0.9237523192397322,0.9237523192397322,0.0,1.8253206014633179,1.8253206014633179,0.0,59,59,0,8.750003814697266,8.750003814697266,0.0,9,9,0,0,0,0
full,10175,mp3d/sKLMLpTHeUy/sKLMLpTHeUy.glb,False,,,,0,0,1.0,1.0,0.0,0.9160899929191638,0.9160899929191638,0.0,0.9244528918277104,0.9244528918277104,0.0,0.9244528918277104,0.9244528918277104,0.0,0.5938405394554138,0.5938405394554138,0.0,37,37,0,6.250004291534424,6.250004291534424,0.0,6,6,0,0,0,0
full,2786,mp3d/sKLMLpTHeUy/sKLMLpTHeUy.glb,False,,,,0,0,1.0,1.0,0.0,1.0,1.0,0.0,0.9089756641304906,0.9089756641304906,0.0,0.9089756641304906,0.9089756641304906,0.0,1.6515449285507202,1.6515449285507202,0.0,45,45,0,8.262168884277344,8.262168884277344,0.0,6,6,0,0,0,0
full,8153,mp3d/sKLMLpTHeUy/sKLMLpTHeUy.glb,False,,,,0,0,1.0,1.0,0.0,1.0,1.0,0.0,0.9137718261662015,0.9137718261662015,0.0,0.9137718261662015,0.9137718261662015,0.0,1.704688549041748,1.704688549041748,0.0,47,47,0,9.266036033630371,9.266036033630371,0.0,7,7,0,0,0,0
full,5990,mp3d/sKLMLpTHeUy/sKLMLpTHeUy.glb,False,,,,0,0,1.0,1.0,0.0,0.9645332663379246,0.9645332663379246,0.0,0.9510127249134425,0.9510127249134425,0.0,0.9510127249134425,0.9510127249134425,0.0,0.5749610066413879,0.5749610066413879,0.0,53,53,0,7.800736427307129,7.800736427307129,0.0,9,9,0,2,2,0
full,7370,mp3d/Vvot9Ly1tCj/Vvot9Ly1tCj.glb,False,,,,0,0,1.0,1.0,0.0,0.9127504568343614,0.9127504568343614,0.0,0.9175617477100383,0.9175617477100383,0.0,0.9175617477100383,0.9175617477100383,0.0,0.18091796338558197,0.18091796338558197,0.0,55,55,0,9.750001907348633,9.750001907348633,0.0,7,7,0,0,0,0
full,7187,mp3d/Vvot9Ly1tCj/Vvot9Ly1tCj.glb,False,,,,0,0,1.0,1.0,0.0,0.9170464492347274,0.9170464492347274,0.0,0.9229096660254853,0.9229096660254853,0.0,0.9229096660254853,0.9229096660254853,0.0,0.45663997530937195,0.45663997530937195,0.0,41,41,0,6.499998092651367,6.499998092651367,0.0,6,6,0,0,0,0
full,563,mp3d/Vvot9Ly1tCj/Vvot9Ly1tCj.glb,False,,,,0,0,1.0,1.0,0.0,0.9137173428405351,0.9137173428405351,0.0,0.9327248664477583,0.9327248664477583,0.0,0.9327248664477583,0.9327248664477583,0.0,0.42435744404792786,0.42435744404792786,0.0,80,80,0,14.063831329345703,14.063831329345703,0.0,10,10,0,0,0,0
full,7478,mp3d/Vvot9Ly1tCj/Vvot9Ly1tCj.glb,True,5,18,21,-2,0,1.0,1.0,0.0,0.820595211452908,0.9493725695959829,0.1287773581430749,0.8536640950141271,0.8887403617951799,0.0350762667810528,0.8536640950141271,0.8887403617951799,0.0350762667810528,1.3600856065750122,2.027973175048828,0.6678875684738159,48,46,-2,9.0,7.779197692871094,-1.2208023071289062,7,7,0,0,0,0
full,178,mp3d/Vvot9Ly1tCj/Vvot9Ly1tCj.glb,False,,,,0,0,1.0,1.0,0.0,0.830972706664051,0.830972706664051,0.0,0.940951163220583,0.940951163220583,0.0,0.940951163220583,0.940951163220583,0.0,0.5576947331428528,0.5576947331428528,0.0,40,40,0,6.334258079528809,6.334258079528809,0.0,6,6,0,0,0,0
full,2078,mp3d/Vvot9Ly1tCj/Vvot9Ly1tCj.glb,False,,,,0,0,1.0,1.0,0.0,0.6781623211214685,0.6781623211214685,0.0,0.7822112867436259,0.7822112867436259,0.0,0.7822112867436259,0.7822112867436259,0.0,1.5810234546661377,1.5810234546661377,0.0,46,46,0,8.97069263458252,8.97069263458252,0.0,6,6,0,2,2,0
full,7091,mp3d/Vvot9Ly1tCj/Vvot9Ly1tCj.glb,True,9,31,33,-4,0,1.0,1.0,0.0,0.9131838855539022,0.9452254275422634,0.03204154198836118,0.8986698204285015,0.8855709866359011,-0.013098833792600462,0.8986698204285015,0.8855709866359011,-0.013098833792600462,0.1488916426897049,1.8577020168304443,1.7088103741407394,89,85,-4,14.749999046325684,14.249999046325684,-0.5,11,11,0,0,0,0
full,1712,mp3d/Vvot9Ly1tCj/Vvot9Ly1tCj.glb,False,,,,0,0,1.0,1.0,0.0,0.9684727011669403,0.9684727011669403,0.0,0.9427110111669628,0.9427110111669628,0.0,0.9427110111669628,0.9427110111669628,0.0,0.1443268060684204,0.1443268060684204,0.0,64,64,0,11.500004768371582,11.500004768371582,0.0,9,9,0,0,0,0
full,10826,mp3d/Vvot9Ly1tCj/Vvot9Ly1tCj.glb,False,,,,0,0,1.0,1.0,0.0,0.9995741466393371,0.9995741466393371,0.0,0.8661541290797653,0.8661541290797653,0.0,0.8661541290797653,0.8661541290797653,0.0,0.6774362325668335,0.6774362325668335,0.0,69,69,0,13.031318664550781,13.031318664550781,0.0,10,10,0,0,0,0
full,6020,mp3d/Vvot9Ly1tCj/Vvot9Ly1tCj.glb,True,11,31,32,-4,7,0.0,0.0,0.0,0.0,0.0,0.0,0.36574847606855304,0.3626543288913623,-0.0030941471771907536,0.0,0.0,0.0,5.4506988525390625,5.4506988525390625,0.0,104,107,3,10.692468643188477,10.697577476501465,0.005108833312988281,15,15,0,43,38,-5
full,4280,mp3d/Vvot9Ly1tCj/Vvot9Ly1tCj.glb,True,3,13,14,-2,-27,1.0,1.0,0.0,0.6911158548755195,0.986341492110327,0.29522563723480744,0.8692471505091118,0.9059320124351474,0.036684861926035595,0.8692471505091118,0.9059320124351474,0.036684861926035595,0.4418880045413971,1.795154333114624,1.353266328573227,73,44,-29,8.352436065673828,5.852436542510986,-2.499999523162842,7,6,-1,0,0,0
full,4010,mp3d/Vvot9Ly1tCj/Vvot9Ly1tCj.glb,True,7,22,24,-3,3,0.0,1.0,1.0,0.0,0.6615963231193573,0.6615963231193573,0.18134572880504352,0.20599743000322612,0.024651701198182607,0.0,0.20599743000322612,0.20599743000322612,4.599164009094238,2.5909461975097656,-2.0082178115844727,112,112,0,21.497493743896484,20.24749755859375,-1.2499961853027344,15,15,0,1,1,0
full,10295,mp3d/8WUmhLawc2A/8WUmhLawc2A.glb,False,,,,0,0,1.0,1.0,0.0,1.0,1.0,0.0,0.9370354896252916,0.9370354896252916,0.0,0.9370354896252916,0.9370354896252916,0.0,0.9551463723182678,0.9551463723182678,0.0,34,34,0,5.999991416931152,5.999991416931152,0.0,6,6,0,0,0,0
full,4310,mp3d/8WUmhLawc2A/8WUmhLawc2A.glb,False,,,,0,0,0.0,0.0,0.0,0.0,0.0,0.0,0.6991956509897476,0.6991956509897476,0.0,0.0,0.0,0.0,3.9670748710632324,3.9670748710632324,0.0,75,75,0,13.026702880859375,13.026702880859375,0.0,11,11,0,0,0,0
full,9299,mp3d/8WUmhLawc2A/8WUmhLawc2A.glb,False,,,,0,0,1.0,1.0,0.0,1.0,1.0,0.0,0.9452478645249042,0.9452478645249042,0.0,0.9452478645249042,0.9452478645249042,0.0,0.913779616355896,0.913779616355896,0.0,54,54,0,8.00000286102295,8.00000286102295,0.0,8,8,0,0,0,0
full,7352,mp3d/8WUmhLawc2A/8WUmhLawc2A.glb,False,,,,0,0,1.0,1.0,0.0,1.0,1.0,0.0,0.904887827094938,0.904887827094938,0.0,0.904887827094938,0.904887827094938,0.0,1.213857650756836,1.213857650756836,0.0,47,47,0,6.582125663757324,6.582125663757324,0.0,5,5,0,6,6,0
full,3326,mp3d/8WUmhLawc2A/8WUmhLawc2A.glb,False,,,,0,0,1.0,1.0,0.0,0.846402002010719,0.846402002010719,0.0,0.9005400954340195,0.9005400954340195,0.0,0.9005400954340195,0.9005400954340195,0.0,0.6204965114593506,0.6204965114593506,0.0,51,51,0,8.5420560836792,8.5420560836792,0.0,6,6,0,3,3,0
full,7676,mp3d/8WUmhLawc2A/8WUmhLawc2A.glb,True,8,20,22,-2,19,1.0,1.0,0.0,1.0,0.875844774180023,-0.12415522581997696,0.28524046239269024,0.26931495456243565,-0.015925507830254593,0.28524046239269024,0.26931495456243565,-0.015925507830254593,1.0871738195419312,0.23751699924468994,-0.8496568202972412,76,93,17,11.660605430603027,13.410608291625977,1.7500028610229492,11,13,2,4,4,0
full,8708,mp3d/8WUmhLawc2A/8WUmhLawc2A.glb,False,,,,0,0,1.0,1.0,0.0,1.0,1.0,0.0,0.9414846919145307,0.9414846919145307,0.0,0.9414846919145307,0.9414846919145307,0.0,1.2821167707443237,1.2821167707443237,0.0,40,40,0,6.499999046325684,6.499999046325684,0.0,7,7,0,0,0,0
full,5462,mp3d/8WUmhLawc2A/8WUmhLawc2A.glb,False,,,,0,0,1.0,1.0,0.0,0.8188425494778541,0.8188425494778541,0.0,0.8861844181460891,0.8861844181460891,0.0,0.8861844181460891,0.8861844181460891,0.0,0.8006537556648254,0.8006537556648254,0.0,64,64,0,7.75,7.75,0.0,8,8,0,0,0,0
full,2519,mp3d/8WUmhLawc2A/8WUmhLawc2A.glb,True,6,24,25,-4,7,1.0,1.0,0.0,0.81707647572393,0.7996918698574634,-0.017384605866466618,0.9240447551054668,0.9207858637896047,-0.0032588913158621002,0.9240447551054668,0.9207858637896047,-0.0032588913158621002,0.43821004033088684,0.3315262794494629,-0.10668376088142395,69,72,3,11.5,11.75,0.25,9,10,1,0,0,0
full,6644,mp3d/8WUmhLawc2A/8WUmhLawc2A.glb,False,,,,0,0,1.0,1.0,0.0,0.9194819808209472,0.9194819808209472,0.0,0.9063925571896947,0.9063925571896947,0.0,0.9063925571896947,0.9063925571896947,0.0,0.6632542610168457,0.6632542610168457,0.0,107,107,0,18.50000762939453,18.50000762939453,0.0,13,13,0,0,0,0
full,6596,mp3d/8WUmhLawc2A/8WUmhLawc2A.glb,False,,,,0,0,1.0,1.0,0.0,0.8185360994253734,0.8185360994253734,0.0,0.8881235012443298,0.8881235012443298,0.0,0.8881235012443298,0.8881235012443298,0.0,0.8336018323898315,0.8336018323898315,0.0,62,62,0,8.821825981140137,8.821825981140137,0.0,7,7,0,10,10,0
full,7094,mp3d/8WUmhLawc2A/8WUmhLawc2A.glb,False,,,,0,0,1.0,1.0,0.0,1.0,1.0,0.0,0.9532593752204038,0.9532593752204038,0.0,0.9532593752204038,0.9532593752204038,0.0,1.3793513774871826,1.3793513774871826,0.0,42,42,0,6.975788593292236,6.975788593292236,0.0,7,7,0,1,1,0
full,5285,mp3d/pRbA3pwrgk9/pRbA3pwrgk9.glb,False,,,,0,0,1.0,1.0,0.0,0.6772324803517021,0.6772324803517021,0.0,0.6985784151390115,0.6985784151390115,0.0,0.6985784151390115,0.6985784151390115,0.0,1.0651921033859253,1.0651921033859253,0.0,60,60,0,8.522655487060547,8.522655487060547,0.0,7,7,0,0,0,0
full,3776,mp3d/pRbA3pwrgk9/pRbA3pwrgk9.glb,False,,,,0,0,1.0,1.0,0.0,1.0,1.0,0.0,0.9271367058911197,0.9271367058911197,0.0,0.9271367058911197,0.9271367058911197,0.0,1.8165218830108643,1.8165218830108643,0.0,46,46,0,8.001500129699707,8.001500129699707,0.0,8,8,0,0,0,0
full,2228,mp3d/pRbA3pwrgk9/pRbA3pwrgk9.glb,True,0,3,4,-7,15,1.0,1.0,0.0,0.9617029825846354,0.9617028602977931,-1.222868423189638e-07,0.9124364636225261,0.929160767858097,0.01672430423557092,0.9124364636225261,0.929160767858097,0.01672430423557092,1.1884455680847168,0.46948057413101196,-0.7189649939537048,39,47,8,7.5,7.500000953674316,9.5367431640625e-07,6,7,1,0,0,0
full,8057,mp3d/pRbA3pwrgk9/pRbA3pwrgk9.glb,True,5,14,18,-17,10,1.0,1.0,0.0,0.7899765065352873,1.0,0.21002349346471272,0.8736449884004872,0.8996919051820796,0.026046916781592433,0.8736449884004872,0.8996919051820796,0.026046916781592433,1.5500150918960571,1.2502127885818481,-0.299802303314209,68,61,-7,7.352235794067383,5.795965671539307,-1.5562701225280762,9,10,1,8,10,2
full,1583,mp3d/pRbA3pwrgk9/pRbA3pwrgk9.glb,True,3,12,11,-4,7,1.0,1.0,0.0,1.0,1.0,0.0,0.9501873024692797,0.9161336977448562,-0.034053604724423536,0.9501873024692797,0.9161336977448562,-0.034053604724423536,1.2244867086410522,1.4565459489822388,0.23205924034118652,46,49,3,6.121482849121094,6.291418075561523,0.1699352264404297,6,7,1,1,1,0
full,8582,mp3d/pRbA3pwrgk9/pRbA3pwrgk9.glb,True,4,13,15,2,29,1.0,1.0,0.0,0.9702296623906913,0.8033064317033239,-0.16692323068736736,0.9196450583964481,0.8796088078582015,-0.040036250538246554,0.9196450583964481,0.8796088078582015,-0.040036250538246554,0.36816737055778503,0.52565997838974,0.15749260783195496,47,78,31,8.421197891235352,10.171082496643066,1.7498846054077148,6,7,1,0,0,0
full,5891,mp3d/pRbA3pwrgk9/pRbA3pwrgk9.glb,False,,,,0,0,1.0,1.0,0.0,1.0,1.0,0.0,0.9361441045741573,0.9361441045741573,0.0,0.9361441045741573,0.9361441045741573,0.0,0.26414772868156433,0.26414772868156433,0.0,25,25,0,4.480660438537598,4.480660438537598,0.0,4,4,0,1,1,0
full,5192,mp3d/pRbA3pwrgk9/pRbA3pwrgk9.glb,True,4,15,16,6,22,1.0,1.0,0.0,0.8376735736172028,0.6939441284366283,-0.1437294451805745,0.9064697938852238,0.8858017696389627,-0.02066802424626102,0.9064697938852238,0.8858017696389627,-0.02066802424626102,0.531426727771759,0.531427264213562,5.364418029785156e-07,51,79,28,8.74343490600586,10.55437183380127,1.8109369277954102,6,7,1,1,1,0
full,10490,mp3d/pRbA3pwrgk9/pRbA3pwrgk9.glb,True,10,30,28,-1,15,1.0,1.0,0.0,0.8380708076607792,0.8522277363062285,0.014156928645449263,0.8863422157345437,0.8832206564928757,-0.003121559241668015,0.8863422157345437,0.8832206564928757,-0.003121559241668015,2.0783798694610596,1.2555928230285645,-0.8227870464324951,97,111,14,14.082818031311035,13.848878860473633,-0.23393917083740234,12,13,1,4,4,0
full,1625,mp3d/pRbA3pwrgk9/pRbA3pwrgk9.glb,False,,,,0,0,1.0,1.0,0.0,1.0,1.0,0.0,0.9120213708165783,0.9120213708165783,0.0,0.9120213708165783,0.9120213708165783,0.0,1.7844457626342773,1.7844457626342773,0.0,50,50,0,9.17962646484375,9.17962646484375,0.0,6,6,0,3,3,0
full,2762,mp3d/pRbA3pwrgk9/pRbA3pwrgk9.glb,False,,,,0,0,1.0,1.0,0.0,1.0,1.0,0.0,0.9399443175011014,0.9399443175011014,0.0,0.9399443175011014,0.9399443175011014,0.0,0.7603846788406372,0.7603846788406372,0.0,46,46,0,5.879151821136475,5.879151821136475,0.0,5,5,0,11,11,0
full,6098,mp3d/pRbA3pwrgk9/pRbA3pwrgk9.glb,True,13,29,30,-1,45,0.0,1.0,1.0,0.0,0.2844098792176789,0.2844098792176789,0.38691608772142616,0.23003795380394138,-0.15687813391748479,0.0,0.23003795380394138,0.23003795380394138,5.1040472984313965,0.4387367367744446,-4.665310561656952,91,135,44,12.644413948059082,16.99983787536621,4.355423927307129,15,15,0,7,8,1
full,10355,mp3d/17DRP5sb8fy/17DRP5sb8fy.glb,False,,,,0,0,1.0,1.0,0.0,0.7907456454823294,0.7907456454823294,0.0,0.9251650031371519,0.9251650031371519,0.0,0.9251650031371519,0.9251650031371519,0.0,0.8542608618736267,0.8542608618736267,0.0,41,41,0,5.750000953674316,5.750000953674316,0.0,5,5,0,0,0,0
full,10154,mp3d/17DRP5sb8fy/17DRP5sb8fy.glb,False,,,,0,0,1.0,1.0,0.0,1.0,1.0,0.0,0.9449971319264825,0.9449971319264825,0.0,0.9449971319264825,0.9449971319264825,0.0,1.207086443901062,1.207086443901062,0.0,41,41,0,7.250000476837158,7.250000476837158,0.0,6,6,0,0,0,0
full,1074,mp3d/17DRP5sb8fy/17DRP5sb8fy.glb,False,,,,0,0,1.0,1.0,0.0,1.0,1.0,0.0,0.9500402750212671,0.9500402750212671,0.0,0.9500402750212671,0.9500402750212671,0.0,1.1623389720916748,1.1623389720916748,0.0,35,35,0,6.250002384185791,6.250002384185791,0.0,5,5,0,0,0,0
full,5150,mp3d/17DRP5sb8fy/17DRP5sb8fy.glb,False,,,,0,0,1.0,1.0,0.0,1.0,1.0,0.0,0.9349872327422067,0.9349872327422067,0.0,0.9349872327422067,0.9349872327422067,0.0,1.215065836906433,1.215065836906433,0.0,32,32,0,5.0,5.0,0.0,4,4,0,0,0,0
full,1116,mp3d/17DRP5sb8fy/17DRP5sb8fy.glb,False,,,,0,0,1.0,1.0,0.0,1.0,1.0,0.0,0.9059480260513482,0.9059480260513482,0.0,0.9059480260513482,0.9059480260513482,0.0,1.7495944499969482,1.7495944499969482,0.0,43,43,0,7.0,7.0,0.0,6,6,0,0,0,0
full,3899,mp3d/17DRP5sb8fy/17DRP5sb8fy.glb,False,,,,0,0,1.0,1.0,0.0,0.8941715980230528,0.8941715980230528,0.0,0.942494936924092,0.942494936924092,0.0,0.942494936924092,0.942494936924092,0.0,0.30271854996681213,0.30271854996681213,0.0,41,41,0,5.463344097137451,5.463344097137451,0.0,5,5,0,2,2,0
full,9524,mp3d/17DRP5sb8fy/17DRP5sb8fy.glb,False,,,,0,0,1.0,1.0,0.0,1.0,1.0,0.0,0.9253465238287139,0.9253465238287139,0.0,0.9253465238287139,0.9253465238287139,0.0,1.1087008714675903,1.1087008714675903,0.0,25,25,0,4.25,4.25,0.0,4,4,0,0,0,0
full,5795,mp3d/17DRP5sb8fy/17DRP5sb8fy.glb,False,,,,0,0,1.0,1.0,0.0,1.0,1.0,0.0,0.93921931952386,0.93921931952386,0.0,0.93921931952386,0.93921931952386,0.0,0.8578460216522217,0.8578460216522217,0.0,41,41,0,5.463344097137451,5.463344097137451,0.0,5,5,0,2,2,0
full,8504,mp3d/17DRP5sb8fy/17DRP5sb8fy.glb,False,,,,0,0,1.0,1.0,0.0,0.8681511549404526,0.8681511549404526,0.0,0.9419753216851418,0.9419753216851418,0.0,0.9419753216851418,0.9419753216851418,0.0,0.5854593515396118,0.5854593515396118,0.0,39,39,0,5.76057243347168,5.76057243347168,0.0,6,6,0,0,0,0
full,5573,mp3d/17DRP5sb8fy/17DRP5sb8fy.glb,True,1,4,5,-20,30,1.0,1.0,0.0,0.7384051272030088,0.5898361110905904,-0.14856901611241835,0.877604024878098,0.7532613322620135,-0.12434269261608444,0.877604024878098,0.7532613322620135,-0.12434269261608444,0.9709731340408325,0.9709731340408325,0.0,65,75,10,7.940237998962402,9.940239906311035,2.000001907348633,6,7,1,2,2,0
full,3605,mp3d/17DRP5sb8fy/17DRP5sb8fy.glb,False,,,,0,0,1.0,1.0,0.0,1.0,1.0,0.0,0.9010870534579015,0.9010870534579015,0.0,0.9010870534579015,0.9010870534579015,0.0,1.273645043373108,1.273645043373108,0.0,33,33,0,5.25,5.25,0.0,5,5,0,0,0,0
full,575,mp3d/17DRP5sb8fy/17DRP5sb8fy.glb,False,,,,0,0,1.0,1.0,0.0,1.0,1.0,0.0,0.94025668547679,0.94025668547679,0.0,0.94025668547679,0.94025668547679,0.0,0.915335476398468,0.915335476398468,0.0,53,53,0,7.134962558746338,7.134962558746338,0.0,7,7,0,4,4,0
full,3131,mp3d/1pXnuDYAj8r/1pXnuDYAj8r.glb,False,,,,0,0,1.0,1.0,0.0,1.0,1.0,0.0,0.9047155688867796,0.9047155688867796,0.0,0.9047155688867796,0.9047155688867796,0.0,1.3015528917312622,1.3015528917312622,0.0,53,53,0,10.500003814697266,10.500003814697266,0.0,7,7,0,0,0,0
full,3353,mp3d/1pXnuDYAj8r/1pXnuDYAj8r.glb,False,,,,0,0,1.0,1.0,0.0,0.9856534471698836,0.9856534471698836,0.0,0.920413758647767,0.920413758647767,0.0,0.920413758647767,0.920413758647767,0.0,0.682630717754364,0.682630717754364,0.0,65,65,0,12.75,12.75,0.0,10,10,0,0,0,0
full,6884,mp3d/1pXnuDYAj8r/1pXnuDYAj8r.glb,False,,,,0,0,1.0,1.0,0.0,1.0,1.0,0.0,0.9248311517026916,0.9248311517026916,0.0,0.9248311517026916,0.9248311517026916,0.0,1.3187601566314697,1.3187601566314697,0.0,34,34,0,5.250000476837158,5.250000476837158,0.0,6,6,0,0,0,0
full,2477,mp3d/1pXnuDYAj8r/1pXnuDYAj8r.glb,True,5,17,16,-2,0,0.0,0.0,0.0,0.0,0.0,0.0,0.7122064050848078,0.7175028727521136,0.005296467667305738,0.0,0.0,0.0,3.2048516273498535,3.5748348236083984,0.3699831962585449,58,56,-2,10.730484962463379,10.48048210144043,-0.2500028610229492,7,7,0,1,1,0
full,4841,mp3d/1pXnuDYAj8r/1pXnuDYAj8r.glb,True,10,26,28,-2,-14,1.0,0.0,-1.0,0.8241105947949026,0.0,-0.8241105947949026,0.8631234972519132,0.8199061623238932,-0.043217334928019935,0.8631234972519132,0.0,-0.8631234972519132,2.11484956741333,3.2614850997924805,1.1466355323791504,114,98,-16,16.711505889892578,14.478118896484375,-2.233386993408203,15,15,0,0,0,0
full,6344,mp3d/1pXnuDYAj8r/1pXnuDYAj8r.glb,False,,,,0,0,1.0,1.0,0.0,1.0,1.0,0.0,0.9088506822167669,0.9088506822167669,0.0,0.9088506822167669,0.9088506822167669,0.0,1.3249093294143677,1.3249093294143677,0.0,61,61,0,10.749992370605469,10.749992370605469,0.0,9,9,0,0,0,0
full,6752,mp3d/1pXnuDYAj8r/1pXnuDYAj8r.glb,False,,,,0,0,1.0,1.0,0.0,1.0,1.0,0.0,0.9274770946050384,0.9274770946050384,0.0,0.9274770946050384,0.9274770946050384,0.0,1.5871949195861816,1.5871949195861816,0.0,42,42,0,6.75236177444458,6.75236177444458,0.0,6,6,0,0,0,0
full,7295,mp3d/1pXnuDYAj8r/1pXnuDYAj8r.glb,False,,,,0,0,1.0,1.0,0.0,0.8163739721572524,0.8163739721572524,0.0,0.9174061405048597,0.9174061405048597,0.0,0.9174061405048597,0.9174061405048597,0.0,1.0217249393463135,1.0217249393463135,0.0,37,37,0,4.274156093597412,4.274156093597412,0.0,4,4,0,0,0,0
full,493,mp3d/1pXnuDYAj8r/1pXnuDYAj8r.glb,False,,,,0,0,1.0,1.0,0.0,1.0,1.0,0.0,0.9393323832795254,0.9393323832795254,0.0,0.9393323832795254,0.9393323832795254,0.0,1.6655668020248413,1.6655668020248413,0.0,60,60,0,12.750003814697266,12.750003814697266,0.0,9,9,0,0,0,0
full,5141,mp3d/1pXnuDYAj8r/1pXnuDYAj8r.glb,False,,,,0,0,1.0,1.0,0.0,1.0,1.0,0.0,0.9137334757803558,0.9137334757803558,0.0,0.9137334757803558,0.9137334757803558,0.0,0.8547974228858948,0.8547974228858948,0.0,44,44,0,7.249999523162842,7.249999523162842,0.0,6,6,0,0,0,0
full,1742,mp3d/1pXnuDYAj8r/1pXnuDYAj8r.glb,False,,,,0,0,1.0,1.0,0.0,1.0,1.0,0.0,0.9407270472173778,0.9407270472173778,0.0,0.9407270472173778,0.9407270472173778,0.0,0.8078550696372986,0.8078550696372986,0.0,46,46,0,8.002359390258789,8.002359390258789,0.0,7,7,0,0,0,0
full,1153,mp3d/1pXnuDYAj8r/1pXnuDYAj8r.glb,False,,,,0,0,1.0,1.0,0.0,0.7968689856642995,0.7968689856642995,0.0,0.8889710886376649,0.8889710886376649,0.0,0.8889710886376649,0.8889710886376649,0.0,0.7661161422729492,0.7661161422729492,0.0,45,45,0,6.500002384185791,6.500002384185791,0.0,5,5,0,0,0,0
cost_own,8963,mp3d/D7N2EKCX4Sj/D7N2EKCX4Sj.glb,True,1,7,8,-9,17,1.0,1.0,0.0,0.9013923519633423,0.8723151220700124,-0.029077229893329948,0.8788315287710569,0.8169603811279088,-0.06187114764314805,0.8788315287710569,0.8169603811279088,-0.06187114764314805,0.6681005954742432,1.728506326675415,1.0604057312011719,45,53,8,7.499999046325684,7.749999523162842,0.2500004768371582,6,7,1,0,0,0
cost_own,10430,mp3d/D7N2EKCX4Sj/D7N2EKCX4Sj.glb,True,2,8,7,-8,55,1.0,1.0,0.0,1.0,0.8974294175362608,-0.10257058246373918,0.86280839522143,0.8850409200815847,0.0222325248601547,0.86280839522143,0.8850409200815847,0.0222325248601547,1.8452829122543335,0.8661730289459229,-0.9791098833084106,63,110,47,7.722980499267578,8.958760261535645,1.2357797622680664,9,14,5,15,32,17
cost_own,4922,mp3d/D7N2EKCX4Sj/D7N2EKCX4Sj.glb,True,5,14,15,-5,7,1.0,1.0,0.0,0.9427645256456966,0.9054084788373544,-0.03735604680834215,0.9575900208573054,0.9480367678574468,-0.009553252999858541,0.9575900208573054,0.9480367678574468,-0.009553252999858541,0.4169694185256958,0.27538418769836426,-0.14158523082733154,46,48,2,7.0191330909729,7.308733940124512,0.28960084915161133,7,8,1,2,0,-2
cost_own,275,mp3d/D7N2EKCX4Sj/D7N2EKCX4Sj.glb,False,,,,0,0,1.0,1.0,0.0,1.0,1.0,0.0,0.8960005475084255,0.8960005475084255,0.0,0.8960005475084255,0.8960005475084255,0.0,0.9923063516616821,0.9923063516616821,0.0,28,28,0,4.786001205444336,4.786001205444336,0.0,4,4,0,0,0,0
cost_own,1943,mp3d/D7N2EKCX4Sj/D7N2EKCX4Sj.glb,True,0,3,2,-5,-70,0.0,1.0,1.0,0.0,1.0,1.0,0.33733880044267545,0.9575027659564067,0.6201639655137312,0.0,0.9575027659564067,0.9575027659564067,5.225057601928711,0.4612674415111542,-4.763790160417557,110,35,-75,15.534454345703125,5.521129608154297,-10.013324737548828,7,5,-2,8,0,-8
cost_own,2882,mp3d/D7N2EKCX4Sj/D7N2EKCX4Sj.glb,False,,,,0,0,1.0,1.0,0.0,1.0,1.0,0.0,0.9450046457781375,0.9450046457781375,0.0,0.9450046457781375,0.9450046457781375,0.0,1.4151694774627686,1.4151694774627686,0.0,34,34,0,5.510061740875244,5.510061740875244,0.0,5,5,0,1,1,0
cost_own,2378,mp3d/D7N2EKCX4Sj/D7N2EKCX4Sj.glb,True,0,2,3,-9,-8,1.0,1.0,0.0,0.9411831469452597,1.0,0.05881685305474027,0.9190131156459079,0.944105308206849,0.025092192560941085,0.9190131156459079,0.944105308206849,0.025092192560941085,1.0884149074554443,1.058393120765686,-0.0300217866897583,55,38,-17,7.041345119476318,6.321389675140381,-0.7199554443359375,5,5,0,8,4,-4
cost_own,7661,mp3d/D7N2EKCX4Sj/D7N2EKCX4Sj.glb,True,7,22,21,-1,3,1.0,1.0,0.0,0.9121426005538785,0.9083846608306257,-0.003757939723252779,0.9338480613356589,0.9407458667711999,0.006897805435540971,0.9338480613356589,0.9407458667711999,0.006897805435540971,0.02059585601091385,0.10087127983570099,0.08027542382478714,83,85,2,14.715632438659668,14.776510238647461,0.06087779998779297,12,12,0,6,4,-2
cost_own,6509,mp3d/D7N2EKCX4Sj/D7N2EKCX4Sj.glb,True,1,6,8,-3,9,1.0,1.0,0.0,1.0,1.0,0.0,0.860586206370762,0.8271769805958101,-0.03340922577495187,0.860586206370762,0.8271769805958101,-0.03340922577495187,1.274340271949768,1.4582899808883667,0.18394970893859863,36,42,6,4.999999523162842,5.249999046325684,0.2499995231628418,5,6,1,0,0,0
cost_own,8822,mp3d/D7N2EKCX4Sj/D7N2EKCX4Sj.glb,True,2,9,10,-3,3,1.0,1.0,0.0,0.9231587716851039,0.9557460878161456,0.03258731613104171,0.900392185487113,0.8766538322561012,-0.02373835323101181,0.900392185487113,0.8766538322561012,-0.02373835323101181,0.6961624026298523,0.6358651518821716,-0.060297250747680664,59,59,0,9.923651695251465,9.58529281616211,-0.33835887908935547,9,9,0,4,9,5
cost_own,6173,mp3d/D7N2EKCX4Sj/D7N2EKCX4Sj.glb,True,0,4,5,-3,34,1.0,1.0,0.0,0.9028418407882693,0.610967471602359,-0.29187436918591037,0.8785851765213402,0.7656916191078115,-0.11289355741352869,0.8785851765213402,0.7656916191078115,-0.11289355741352869,0.5955324769020081,1.4749281406402588,0.8793956637382507,44,75,31,7.229672431945801,10.683466911315918,3.453794479370117,6,7,1,9,22,13
cost_own,4790,mp3d/D7N2EKCX4Sj/D7N2EKCX4Sj.glb,True,1,4,5,0,-18,0.0,1.0,1.0,0.0,0.9364435521886488,0.9364435521886488,0.07598718223002084,0.9189410291550942,0.8429538469250734,0.0,0.9189410291550942,0.9189410291550942,20.606487274169922,0.7879862785339355,-19.818500995635986,90,72,-18,15.232590675354004,12.959981918334961,-2.272608757019043,10,11,1,0,0,0
cost_own,4067,mp3d/ZMojNkEp431/ZMojNkEp431.glb,True,4,15,14,-2,-26,1.0,1.0,0.0,0.7697590910366837,0.9713625226702008,0.20160343163351713,0.8472547668486574,0.9198464681433046,0.0725917012946472,0.8472547668486574,0.9198464681433046,0.0725917012946472,0.3574756681919098,0.7065351009368896,0.34905943274497986,94,66,-28,13.249998092651367,10.5,-2.749998092651367,11,10,-1,0,0,0
cost_own,5396,mp3d/ZMojNkEp431/ZMojNkEp431.glb,False,,,,0,0,1.0,1.0,0.0,1.0,1.0,0.0,0.9400506256005859,0.9400506256005859,0.0,0.9400506256005859,0.9400506256005859,0.0,1.6800669431686401,1.6800669431686401,0.0,25,25,0,5.385897159576416,5.385897159576416,0.0,5,5,0,0,0,0
cost_own,10667,mp3d/ZMojNkEp431/ZMojNkEp431.glb,True,5,16,17,-2,5,1.0,1.0,0.0,1.0,1.0,0.0,0.9091437171337933,0.930127783332541,0.02098406619874771,0.9091437171337933,0.930127783332541,0.02098406619874771,1.5630465745925903,1.0024948120117188,-0.5605517625808716,63,66,3,10.975284576416016,11.499999046325684,0.524714469909668,10,10,0,1,0,-1
cost_own,4616,mp3d/ZMojNkEp431/ZMojNkEp431.glb,True,2,12,11,-1,4,1.0,1.0,0.0,0.8696032222906611,0.8835188436456237,0.013915621354962604,0.875455044850815,0.8971205187905228,0.021665473939707747,0.875455044850815,0.8971205187905228,0.021665473939707747,1.6139354705810547,1.2652093172073364,-0.34872615337371826,83,86,3,17.192291259765625,16.9215087890625,-0.270782470703125,13,13,0,1,1,0
cost_own,2024,mp3d/ZMojNkEp431/ZMojNkEp431.glb,True,3,14,15,-3,-5,1.0,1.0,0.0,0.7329822321553263,0.8586360232365224,0.12565379108119612,0.850113026054762,0.9151716946462949,0.06505866859153286,0.850113026054762,0.9151716946462949,0.06505866859153286,1.6287598609924316,0.23877942562103271,-1.389980435371399,63,55,-8,10.249995231628418,8.749999046325684,-1.4999961853027344,7,6,-1,0,0,0
cost_own,6680,mp3d/ZMojNkEp431/ZMojNkEp431.glb,True,0,4,5,-4,9,1.0,1.0,0.0,0.9952059709442519,0.9331961860181124,-0.06200978492613951,0.9686114252505901,0.930441976943949,-0.03816944830664104,0.9686114252505901,0.930441976943949,-0.03816944830664104,0.313871830701828,0.4770110547542572,0.1631392240524292,44,49,5,7.516256809234619,8.015703201293945,0.49944639205932617,5,6,1,0,1,1
cost_own,2288,mp3d/ZMojNkEp431/ZMojNkEp431.glb,True,0,3,4,-2,10,1.0,1.0,0.0,1.0,0.9995563582435757,-0.0004436417564243067,0.9173245623139329,0.9343439372262577,0.01701937491232486,0.9173245623139329,0.9343439372262577,0.01701937491232486,1.2811180353164673,0.5727587342262268,-0.7083593010902405,42,50,8,8.50974178314209,9.512199401855469,1.002457618713379,6,6,0,0,0,0
cost_own,10583,mp3d/ZMojNkEp431/ZMojNkEp431.glb,True,1,9,7,-5,-1,1.0,1.0,0.0,0.8898264051953104,0.955145025937613,0.06531862074230255,0.8741797085364896,0.5213555193928631,-0.35282418914362657,0.8741797085364896,0.5213555193928631,-0.35282418914362657,1.0075303316116333,2.480165481567383,1.4726351499557495,65,59,-6,11.002412796020508,10.250000953674316,-0.7524118423461914,7,8,1,0,0,0
cost_own,3203,mp3d/ZMojNkEp431/ZMojNkEp431.glb,True,3,15,14,-2,-16,1.0,1.0,0.0,0.7617737242627598,0.9333494942750376,0.17157577001227775,0.4816051813991139,0.5399957674552567,0.05839058605614278,0.4816051813991139,0.5399957674552567,0.05839058605614278,2.863373279571533,0.5859456658363342,-2.277427613735199,100,82,-18,19.039588928222656,15.539579391479492,-3.500009536743164,11,9,-2,0,0,0
cost_own,6179,mp3d/ZMojNkEp431/ZMojNkEp431.glb,True,5,20,22,1,-6,1.0,1.0,0.0,0.6597480960583583,0.8105079533281337,0.15075985726977548,0.428100361580783,0.5243757126652917,0.09627535108450869,0.428100361580783,0.5243757126652917,0.09627535108450869,1.5975161790847778,2.721358299255371,1.1238421201705933,71,66,-5,14.784408569335938,12.03441047668457,-2.749998092651367,10,9,-1,0,0,0
cost_own,10085,mp3d/ZMojNkEp431/ZMojNkEp431.glb,False,,,,0,0,1.0,1.0,0.0,1.0,1.0,0.0,0.6027783734289948,0.6027783734289948,0.0,0.6027783734289948,0.6027783734289948,0.0,1.4658335447311401,1.4658335447311401,0.0,29,29,0,4.496288776397705,4.496288776397705,0.0,5,5,0,1,1,0
cost_own,527,mp3d/ZMojNkEp431/ZMojNkEp431.glb,False,,,,0,0,0.0,0.0,0.0,0.0,0.0,0.0,0.7583493298370239,0.7583493298370239,0.0,0.0,0.0,0.0,3.2056117057800293,3.2056117057800293,0.0,55,55,0,10.499994277954102,10.499994277954102,0.0,8,8,0,0,0,0
cost_own,6113,mp3d/sKLMLpTHeUy/sKLMLpTHeUy.glb,False,,,,0,0,1.0,1.0,0.0,1.0,1.0,0.0,0.9268280798943824,0.9268280798943824,0.0,0.9268280798943824,0.9268280798943824,0.0,0.2959091365337372,0.2959091365337372,0.0,49,49,0,8.25000286102295,8.25000286102295,0.0,7,7,0,0,0,0
cost_own,1397,mp3d/sKLMLpTHeUy/sKLMLpTHeUy.glb,False,,,,0,0,1.0,1.0,0.0,0.7736673652065029,0.7736673652065029,0.0,0.8727107894804932,0.8727107894804932,0.0,0.8727107894804932,0.8727107894804932,0.0,1.0057307481765747,1.0057307481765747,0.0,74,74,0,9.823354721069336,9.823354721069336,0.0,11,11,0,4,4,0
cost_own,370,mp3d/sKLMLpTHeUy/sKLMLpTHeUy.glb,False,,,,0,0,1.0,1.0,0.0,0.8596418679175051,0.8596418679175051,0.0,0.8956172949050712,0.8956172949050712,0.0,0.8956172949050712,0.8956172949050712,0.0,0.9821049571037292,0.9821049571037292,0.0,50,50,0,7.816819190979004,7.816819190979004,0.0,8,8,0,0,0,0
cost_own,8537,mp3d/sKLMLpTHeUy/sKLMLpTHeUy.glb,True,1,7,5,-8,1,1.0,1.0,0.0,0.8552794844966422,1.0,0.14472051550335785,0.9133336776666751,0.971643102370301,0.05830942470362599,0.9133336776666751,0.971643102370301,0.05830942470362599,0.46284711360931396,0.6413189172744751,0.17847180366516113,45,38,-7,6.207075119018555,5.149532318115234,-1.0575428009033203,5,6,1,2,0,-2
cost_own,9092,mp3d/sKLMLpTHeUy/sKLMLpTHeUy.glb,True,1,7,6,-7,5,1.0,1.0,0.0,0.8485838488906223,0.8886032690361785,0.04001942014555615,0.6699329992572551,0.7907207173946225,0.12078771813736733,0.6699329992572551,0.7907207173946225,0.12078771813736733,2.448044776916504,1.6578868627548218,-0.7901579141616821,56,54,-2,10.743752479553223,10.259893417358398,-0.4838590621948242,6,7,1,4,0,-4
cost_own,418,mp3d/sKLMLpTHeUy/sKLMLpTHeUy.glb,True,0,2,3,-2,12,1.0,1.0,0.0,1.0,0.9587816880660167,-0.04121831193398329,0.9313103547198969,0.9284761150525639,-0.002834239667332983,0.9313103547198969,0.9284761150525639,-0.002834239667332983,0.80568528175354,0.45619624853134155,-0.3494890332221985,61,71,10,10.256002426147461,10.782120704650879,0.526118278503418,8,10,2,0,0,0
cost_own,4904,mp3d/sKLMLpTHeUy/sKLMLpTHeUy.glb,False,,,,0,0,1.0,1.0,0.0,0.9896512573162157,0.9896512573162157,0.0,0.9463728942359606,0.9463728942359606,0.0,0.9463728942359606,0.9463728942359606,0.0,1.2525784969329834,1.2525784969329834,0.0,47,47,0,8.026674270629883,8.026674270629883,0.0,7,7,0,0,0,0
cost_own,2069,mp3d/sKLMLpTHeUy/sKLMLpTHeUy.glb,True,2,9,10,-1,11,1.0,1.0,0.0,1.0,1.0,0.0,0.9237523192397322,0.9331779076887325,0.009425588449000322,0.9237523192397322,0.9331779076887325,0.009425588449000322,1.8253206014633179,1.187629222869873,-0.6376913785934448,59,69,10,8.750003814697266,9.750001907348633,0.9999980926513672,9,10,1,0,0,0
cost_own,10175,mp3d/sKLMLpTHeUy/sKLMLpTHeUy.glb,True,4,13,12,-3,0,1.0,1.0,0.0,0.9160899929191638,0.9957505108791002,0.07966051795993634,0.9244528918277104,0.9143582861416051,-0.010094605686105318,0.9244528918277104,0.9143582861416051,-0.010094605686105318,0.5938405394554138,1.0550304651260376,0.4611899256706238,37,34,-3,6.250004291534424,5.750000953674316,-0.5000033378601074,6,6,0,0,0,0
cost_own,2786,mp3d/sKLMLpTHeUy/sKLMLpTHeUy.glb,True,4,16,15,9,25,1.0,1.0,0.0,1.0,0.8299547645555729,-0.17004523544442707,0.9089756641304906,0.8786211836210596,-0.030354480509431014,0.9089756641304906,0.8786211836210596,-0.030354480509431014,1.6515449285507202,1.6515439748764038,-9.5367431640625e-07,45,79,34,8.262168884277344,10.76217269897461,2.5000038146972656,6,7,1,0,0,0
cost_own,8153,mp3d/sKLMLpTHeUy/sKLMLpTHeUy.glb,True,5,17,14,0,9,1.0,1.0,0.0,1.0,1.0,0.0,0.9137718261662015,0.9232150377661816,0.009443211599980184,0.9137718261662015,0.9232150377661816,0.009443211599980184,1.704688549041748,0.8808180093765259,-0.8238705396652222,47,56,9,9.266036033630371,10.267796516418457,1.001760482788086,7,8,1,0,0,0
cost_own,5990,mp3d/sKLMLpTHeUy/sKLMLpTHeUy.glb,False,,,,0,0,1.0,1.0,0.0,0.9645332663379246,0.9645332663379246,0.0,0.9510127249134425,0.9510127249134425,0.0,0.9510127249134425,0.9510127249134425,0.0,0.5749610066413879,0.5749610066413879,0.0,53,53,0,7.800736427307129,7.800736427307129,0.0,9,9,0,2,2,0
cost_own,7370,mp3d/Vvot9Ly1tCj/Vvot9Ly1tCj.glb,True,4,15,16,0,11,1.0,1.0,0.0,0.9127504568343614,0.791050349498236,-0.12170010733612535,0.9175617477100383,0.865335387885309,-0.05222635982472934,0.9175617477100383,0.865335387885309,-0.05222635982472934,0.18091796338558197,0.8855876922607422,0.7046697288751602,55,66,11,9.750001907348633,11.25000286102295,1.5000009536743164,7,8,1,0,0,0
cost_own,7187,mp3d/Vvot9Ly1tCj/Vvot9Ly1tCj.glb,False,,,,0,0,1.0,1.0,0.0,0.9170464492347274,0.9170464492347274,0.0,0.9229096660254853,0.9229096660254853,0.0,0.9229096660254853,0.9229096660254853,0.0,0.45663997530937195,0.45663997530937195,0.0,41,41,0,6.499998092651367,6.499998092651367,0.0,6,6,0,0,0,0
cost_own,563,mp3d/Vvot9Ly1tCj/Vvot9Ly1tCj.glb,True,5,19,14,-7,43,1.0,1.0,0.0,0.9137173428405351,0.7316380094664651,-0.18207933337407,0.9327248664477583,0.8392829978638452,-0.09344186858391312,0.9327248664477583,0.8392829978638452,-0.09344186858391312,0.42435744404792786,0.8379107713699341,0.4135533273220062,80,116,36,14.063831329345703,17.563831329345703,3.5,10,12,2,0,0,0
cost_own,7478,mp3d/Vvot9Ly1tCj/Vvot9Ly1tCj.glb,True,3,13,11,-3,25,1.0,1.0,0.0,0.820595211452908,0.6870098225775745,-0.13358538887533355,0.8536640950141271,0.7863067160722892,-0.06735737894183791,0.8536640950141271,0.7863067160722892,-0.06735737894183791,1.3600856065750122,1.5773409605026245,0.2172553539276123,48,70,22,9.0,10.750001907348633,1.7500019073486328,7,8,1,0,0,0
cost_own,178,mp3d/Vvot9Ly1tCj/Vvot9Ly1tCj.glb,False,,,,0,0,1.0,1.0,0.0,0.830972706664051,0.830972706664051,0.0,0.940951163220583,0.940951163220583,0.0,0.940951163220583,0.940951163220583,0.0,0.5576947331428528,0.5576947331428528,0.0,40,40,0,6.334258079528809,6.334258079528809,0.0,6,6,0,0,0,0
cost_own,2078,mp3d/Vvot9Ly1tCj/Vvot9Ly1tCj.glb,True,0,4,3,-8,19,1.0,0.0,-1.0,0.6781623211214685,0.0,-0.6781623211214685,0.7822112867436259,0.5329670072901792,-0.24924427945344674,0.7822112867436259,0.0,-0.7822112867436259,1.5810234546661377,4.40697717666626,2.825953722000122,46,57,11,8.97069263458252,10.250003814697266,1.279311180114746,6,8,2,2,0,-2
cost_own,7091,mp3d/Vvot9Ly1tCj/Vvot9Ly1tCj.glb,True,7,26,25,-2,-7,1.0,1.0,0.0,0.9131838855539022,0.9977378845214844,0.0845539989675822,0.8986698204285015,0.8872201896698592,-0.01144963075864236,0.8986698204285015,0.8872201896698592,-0.01144963075864236,0.1488916426897049,1.4551392793655396,1.3062476366758347,89,80,-9,14.749999046325684,13.5,-1.2499990463256836,11,10,-1,0,0,0
cost_own,1712,mp3d/Vvot9Ly1tCj/Vvot9Ly1tCj.glb,True,1,5,6,0,-5,1.0,1.0,0.0,0.9684727011669403,1.0,0.031527298833059714,0.9427110111669628,0.9157419224770498,-0.02696908868991299,0.9427110111669628,0.9157419224770498,-0.02696908868991299,0.1443268060684204,0.6755262017250061,0.5311993956565857,64,59,-5,11.500004768371582,10.750007629394531,-0.7499971389770508,9,8,-1,0,0,0
cost_own,10826,mp3d/Vvot9Ly1tCj/Vvot9Ly1tCj.glb,True,3,16,14,-2,42,1.0,1.0,0.0,0.9995741466393371,0.8252030381178483,-0.17437110852148874,0.8661541290797653,0.825383115978632,-0.04077101310113329,0.8661541290797653,0.825383115978632,-0.04077101310113329,0.6774362325668335,0.6571722626686096,-0.020263969898223877,69,109,40,13.031318664550781,15.784926414489746,2.753607749938965,10,11,1,0,0,0
cost_own,6020,mp3d/Vvot9Ly1tCj/Vvot9Ly1tCj.glb,True,10,28,29,6,6,0.0,0.0,0.0,0.0,0.0,0.0,0.36574847606855304,0.33959204181953745,-0.026156434249015592,0.0,0.0,0.0,5.4506988525390625,6.177997589111328,0.7272987365722656,104,116,12,10.692468643188477,11.654913902282715,0.9624452590942383,15,15,0,43,34,-9
cost_own,4280,mp3d/Vvot9Ly1tCj/Vvot9Ly1tCj.glb,True,2,9,8,-3,-29,1.0,1.0,0.0,0.6911158548755195,1.0,0.3088841451244805,0.8692471505091118,0.8884046931961178,0.01915754268700598,0.8692471505091118,0.8884046931961178,0.01915754268700598,0.4418880045413971,1.9792981147766113,1.5374101102352142,73,41,-32,8.352436065673828,5.605129241943359,-2.7473068237304688,7,6,-1,0,0,0
cost_own,4010,mp3d/Vvot9Ly1tCj/Vvot9Ly1tCj.glb,True,1,6,5,-3,31,0.0,0.0,0.0,0.0,0.0,0.0,0.18134572880504352,0.5115466697372324,0.3302009409321889,0.0,0.0,0.0,4.599164009094238,4.770465850830078,0.17130184173583984,112,140,28,21.497493743896484,22.29944610595703,0.8019523620605469,15,15,0,1,6,5
cost_own,10295,mp3d/8WUmhLawc2A/8WUmhLawc2A.glb,True,3,13,12,0,8,1.0,1.0,0.0,1.0,1.0,0.0,0.9370354896252916,0.9234472831936558,-0.01358820643163583,0.9370354896252916,0.9234472831936558,-0.01358820643163583,0.9551463723182678,1.328490972518921,0.3733446002006531,34,42,8,5.999991416931152,5.975586891174316,-0.024404525756835938,6,6,0,0,6,6
cost_own,4310,mp3d/8WUmhLawc2A/8WUmhLawc2A.glb,True,4,12,13,-2,-12,0.0,1.0,1.0,0.0,0.9308902550824998,0.9308902550824998,0.6991956509897476,0.9150782753753095,0.21588262438556194,0.0,0.9150782753753095,0.9150782753753095,3.9670748710632324,0.08845963329076767,-3.8786152377724648,75,61,-14,13.026702880859375,9.526704788208008,-3.499998092651367,11,9,-2,0,0,0
cost_own,9299,mp3d/8WUmhLawc2A/8WUmhLawc2A.glb,False,,,,0,0,1.0,1.0,0.0,1.0,1.0,0.0,0.9452478645249042,0.9452478645249042,0.0,0.9452478645249042,0.9452478645249042,0.0,0.913779616355896,0.913779616355896,0.0,54,54,0,8.00000286102295,8.00000286102295,0.0,8,8,0,0,0,0
cost_own,7352,mp3d/8WUmhLawc2A/8WUmhLawc2A.glb,True,0,3,4,-7,12,1.0,1.0,0.0,1.0,0.8961448819514947,-0.10385511804850533,0.904887827094938,0.8788800923997602,-0.02600773469517781,0.904887827094938,0.8788800923997602,-0.02600773469517781,1.213857650756836,1.5305527448654175,0.31669509410858154,47,52,5,6.582125663757324,7.493325233459473,0.9111995697021484,5,6,1,6,4,-2
cost_own,3326,mp3d/8WUmhLawc2A/8WUmhLawc2A.glb,True,0,4,5,-10,13,1.0,1.0,0.0,0.846402002010719,0.8262872423444475,-0.02011475966627152,0.9005400954340195,0.902478837011376,0.0019387415773565175,0.9005400954340195,0.902478837011376,0.0019387415773565175,0.6204965114593506,1.0094752311706543,0.3889787197113037,51,54,3,8.5420560836792,8.75,0.20794391632080078,6,7,1,3,0,-3
cost_own,7676,mp3d/8WUmhLawc2A/8WUmhLawc2A.glb,True,8,20,22,-2,19,1.0,1.0,0.0,1.0,0.875844774180023,-0.12415522581997696,0.28524046239269024,0.26931495456243565,-0.015925507830254593,0.28524046239269024,0.26931495456243565,-0.015925507830254593,1.0871738195419312,0.23751699924468994,-0.8496568202972412,76,93,17,11.660605430603027,13.410608291625977,1.7500028610229492,11,13,2,4,4,0
cost_own,8708,mp3d/8WUmhLawc2A/8WUmhLawc2A.glb,False,,,,0,0,1.0,1.0,0.0,1.0,1.0,0.0,0.9414846919145307,0.9414846919145307,0.0,0.9414846919145307,0.9414846919145307,0.0,1.2821167707443237,1.2821167707443237,0.0,40,40,0,6.499999046325684,6.499999046325684,0.0,7,7,0,0,0,0
cost_own,5462,mp3d/8WUmhLawc2A/8WUmhLawc2A.glb,False,,,,0,0,1.0,1.0,0.0,0.8188425494778541,0.8188425494778541,0.0,0.8861844181460891,0.8861844181460891,0.0,0.8861844181460891,0.8861844181460891,0.0,0.8006537556648254,0.8006537556648254,0.0,64,64,0,7.75,7.75,0.0,8,8,0,0,0,0
cost_own,2519,mp3d/8WUmhLawc2A/8WUmhLawc2A.glb,True,6,24,25,-4,7,1.0,1.0,0.0,0.81707647572393,0.7996918698574634,-0.017384605866466618,0.9240447551054668,0.9207858637896047,-0.0032588913158621002,0.9240447551054668,0.9207858637896047,-0.0032588913158621002,0.43821004033088684,0.3315262794494629,-0.10668376088142395,69,72,3,11.5,11.75,0.25,9,10,1,0,0,0
cost_own,6644,mp3d/8WUmhLawc2A/8WUmhLawc2A.glb,True,6,24,26,-11,22,1.0,1.0,0.0,0.9194819808209472,0.8723292478259653,-0.047152732994981905,0.9063925571896947,0.8402879852619334,-0.06610457192776131,0.9063925571896947,0.8402879852619334,-0.06610457192776131,0.6632542610168457,1.8730016946792603,1.2097474336624146,107,118,11,18.50000762939453,19.500003814697266,0.9999961853027344,13,15,2,0,0,0
cost_own,6596,mp3d/8WUmhLawc2A/8WUmhLawc2A.glb,True,0,5,4,-10,12,1.0,1.0,0.0,0.8185360994253734,0.8927177079457335,0.07418160852036004,0.8881235012443298,0.9216809884533235,0.03355748720899365,0.8881235012443298,0.9216809884533235,0.03355748720899365,0.8336018323898315,0.5487262010574341,-0.28487563133239746,62,64,2,8.821825981140137,8.088764190673828,-0.7330617904663086,7,7,0,10,5,-5
cost_own,7094,mp3d/8WUmhLawc2A/8WUmhLawc2A.glb,True,2,9,10,6,37,1.0,1.0,0.0,1.0,0.7676688217933009,-0.23233117820669913,0.9532593752204038,0.9181748559702629,-0.03508451925014089,0.9532593752204038,0.9181748559702629,-0.03508451925014089,1.3793513774871826,0.20290334522724152,-1.176448032259941,42,85,43,6.975788593292236,10.475788116455078,3.499999523162842,7,8,1,1,1,0
cost_own,5285,mp3d/pRbA3pwrgk9/pRbA3pwrgk9.glb,True,0,5,4,-2,-16,1.0,1.0,0.0,0.6772324803517021,0.9234910583496094,0.2462585779979073,0.6985784151390115,0.8688921337170209,0.17031371857800937,0.6985784151390115,0.8688921337170209,0.17031371857800937,1.0651921033859253,1.110148310661316,0.044956207275390625,60,42,-18,8.522655487060547,6.25,-2.272655487060547,7,7,0,0,0,0
cost_own,3776,mp3d/pRbA3pwrgk9/pRbA3pwrgk9.glb,True,4,12,13,-4,29,1.0,1.0,0.0,1.0,0.9089149507401535,-0.0910850492598465,0.9271367058911197,0.9187575101503754,-0.008379195740744305,0.9271367058911197,0.9187575101503754,-0.008379195740744305,1.8165218830108643,0.9579627513885498,-0.8585591316223145,46,71,25,8.001500129699707,9.188678741455078,1.187178611755371,8,9,1,0,5,5
cost_own,2228,mp3d/pRbA3pwrgk9/pRbA3pwrgk9.glb,True,0,3,4,-7,15,1.0,1.0,0.0,0.9617029825846354,0.9617028602977931,-1.222868423189638e-07,0.9124364636225261,0.929160767858097,0.01672430423557092,0.9124364636225261,0.929160767858097,0.01672430423557092,1.1884455680847168,0.46948057413101196,-0.7189649939537048,39,47,8,7.5,7.500000953674316,9.5367431640625e-07,6,7,1,0,0,0
cost_own,8057,mp3d/pRbA3pwrgk9/pRbA3pwrgk9.glb,True,7,22,21,-3,13,1.0,1.0,0.0,0.7899765065352873,0.5951717348353903,-0.19480477169989696,0.8736449884004872,0.8720648212908827,-0.0015801671096045133,0.8736449884004872,0.8720648212908827,-0.0015801671096045133,1.5500150918960571,0.8835833072662354,-0.6664317846298218,68,78,10,7.352235794067383,9.758685111999512,2.406449317932129,9,10,1,8,13,5
cost_own,1583,mp3d/pRbA3pwrgk9/pRbA3pwrgk9.glb,True,3,12,11,-4,7,1.0,1.0,0.0,1.0,1.0,0.0,0.9501873024692797,0.9161336977448562,-0.034053604724423536,0.9501873024692797,0.9161336977448562,-0.034053604724423536,1.2244867086410522,1.4565459489822388,0.23205924034118652,46,49,3,6.121482849121094,6.291418075561523,0.1699352264404297,6,7,1,1,1,0
cost_own,8582,mp3d/pRbA3pwrgk9/pRbA3pwrgk9.glb,True,3,10,12,-3,4,1.0,1.0,0.0,0.9702296623906913,1.0,0.029770337609308695,0.9196450583964481,0.8749980686699158,-0.04464698972653225,0.9196450583964481,0.8749980686699158,-0.04464698972653225,0.36816737055778503,0.9787061214447021,0.6105387508869171,47,48,1,8.421197891235352,7.83452033996582,-0.5866775512695312,6,6,0,0,0,0
cost_own,5891,mp3d/pRbA3pwrgk9/pRbA3pwrgk9.glb,False,,,,0,0,1.0,1.0,0.0,1.0,1.0,0.0,0.9361441045741573,0.9361441045741573,0.0,0.9361441045741573,0.9361441045741573,0.0,0.26414772868156433,0.26414772868156433,0.0,25,25,0,4.480660438537598,4.480660438537598,0.0,4,4,0,1,1,0
cost_own,5192,mp3d/pRbA3pwrgk9/pRbA3pwrgk9.glb,True,4,15,16,6,22,1.0,1.0,0.0,0.8376735736172028,0.6939441284366283,-0.1437294451805745,0.9064697938852238,0.8858017696389627,-0.02066802424626102,0.9064697938852238,0.8858017696389627,-0.02066802424626102,0.531426727771759,0.531427264213562,5.364418029785156e-07,51,79,28,8.74343490600586,10.55437183380127,1.8109369277954102,6,7,1,1,1,0
cost_own,10490,mp3d/pRbA3pwrgk9/pRbA3pwrgk9.glb,True,9,27,25,-7,-3,1.0,1.0,0.0,0.8380708076607792,0.8980066777376962,0.05993587007691692,0.8863422157345437,0.9044861724271935,0.018143956692649787,0.8863422157345437,0.9044861724271935,0.018143956692649787,2.0783798694610596,0.9866502285003662,-1.0917296409606934,97,87,-10,14.082818031311035,13.142885208129883,-0.9399328231811523,12,12,0,4,3,-1
cost_own,1625,mp3d/pRbA3pwrgk9/pRbA3pwrgk9.glb,True,2,8,10,-1,15,1.0,1.0,0.0,1.0,1.0,0.0,0.9120213708165783,0.9049597195184885,-0.007061651298089777,0.9120213708165783,0.9049597195184885,-0.007061651298089777,1.7844457626342773,1.0209017992019653,-0.763543963432312,50,64,14,9.17962646484375,10.209614753723145,1.0299882888793945,6,7,1,3,2,-1
cost_own,2762,mp3d/pRbA3pwrgk9/pRbA3pwrgk9.glb,True,2,9,8,-5,6,1.0,1.0,0.0,1.0,0.9879422568290573,-0.012057743170942659,0.9399443175011014,0.9637499412147499,0.02380562371364847,0.9399443175011014,0.9637499412147499,0.02380562371364847,0.7603846788406372,0.28462401032447815,-0.47576066851615906,46,47,1,5.879151821136475,6.451003074645996,0.5718512535095215,5,7,2,11,2,-9
cost_own,6098,mp3d/pRbA3pwrgk9/pRbA3pwrgk9.glb,True,13,29,30,-1,45,0.0,1.0,1.0,0.0,0.2844098792176789,0.2844098792176789,0.38691608772142616,0.23003795380394138,-0.15687813391748479,0.0,0.23003795380394138,0.23003795380394138,5.1040472984313965,0.4387367367744446,-4.665310561656952,91,135,44,12.644413948059082,16.99983787536621,4.355423927307129,15,15,0,7,8,1
cost_own,10355,mp3d/17DRP5sb8fy/17DRP5sb8fy.glb,True,2,10,9,-4,1,1.0,1.0,0.0,0.7907456454823294,0.8660547408958179,0.07530909541348851,0.9251650031371519,0.9703062243384443,0.04514122120129238,0.9251650031371519,0.9703062243384443,0.04514122120129238,0.8542608618736267,0.4497745931148529,-0.4044862687587738,41,38,-3,5.750000953674316,5.250000953674316,-0.5,5,5,0,0,0,0
cost_own,10154,mp3d/17DRP5sb8fy/17DRP5sb8fy.glb,True,3,14,15,0,11,1.0,1.0,0.0,1.0,0.9820643379756262,-0.0179356620243738,0.9449971319264825,0.9133941335189857,-0.03160299840749681,0.9449971319264825,0.9133941335189857,-0.03160299840749681,1.207086443901062,0.8609431385993958,-0.34614330530166626,41,52,11,7.250000476837158,8.250001907348633,1.0000014305114746,6,8,2,0,0,0
cost_own,1074,mp3d/17DRP5sb8fy/17DRP5sb8fy.glb,True,2,12,10,-4,5,1.0,1.0,0.0,1.0,1.0,0.0,0.9500402750212671,0.9290129009226424,-0.02102737409862465,0.9500402750212671,0.9290129009226424,-0.02102737409862465,1.1623389720916748,1.0699703693389893,-0.09236860275268555,35,36,1,6.250002384185791,6.500001907348633,0.2499995231628418,5,5,0,0,0,0
cost_own,5150,mp3d/17DRP5sb8fy/17DRP5sb8fy.glb,True,0,5,6,-6,5,1.0,1.0,0.0,1.0,1.0,0.0,0.9349872327422067,0.9158097158928592,-0.019177516849347542,0.9349872327422067,0.9158097158928592,-0.019177516849347542,1.215065836906433,1.228195309638977,0.013129472732543945,32,31,-1,5.0,5.0,0.0,4,5,1,0,0,0
cost_own,1116,mp3d/17DRP5sb8fy/17DRP5sb8fy.glb,True,0,3,2,-6,7,1.0,1.0,0.0,1.0,1.0,0.0,0.9059480260513482,0.9224609999685675,0.016512973917219287,0.9059480260513482,0.9224609999685675,0.016512973917219287,1.7495944499969482,1.507175326347351,-0.24241912364959717,43,44,1,7.0,7.000000953674316,9.5367431640625e-07,6,7,1,0,0,0
cost_own,3899,mp3d/17DRP5sb8fy/17DRP5sb8fy.glb,False,,,,0,0,1.0,1.0,0.0,0.8941715980230528,0.8941715980230528,0.0,0.942494936924092,0.942494936924092,0.0,0.942494936924092,0.942494936924092,0.0,0.30271854996681213,0.30271854996681213,0.0,41,41,0,5.463344097137451,5.463344097137451,0.0,5,5,0,2,2,0
cost_own,9524,mp3d/17DRP5sb8fy/17DRP5sb8fy.glb,True,1,5,6,-3,9,1.0,1.0,0.0,1.0,1.0,0.0,0.9253465238287139,0.9427368228530398,0.017390299024325984,0.9253465238287139,0.9427368228530398,0.017390299024325984,1.1087008714675903,0.6910666823387146,-0.41763418912887573,25,31,6,4.25,4.75,0.5,4,5,1,0,0,0
cost_own,5795,mp3d/17DRP5sb8fy/17DRP5sb8fy.glb,False,,,,0,0,1.0,1.0,0.0,1.0,1.0,0.0,0.93921931952386,0.93921931952386,0.0,0.93921931952386,0.93921931952386,0.0,0.8578460216522217,0.8578460216522217,0.0,41,41,0,5.463344097137451,5.463344097137451,0.0,5,5,0,2,2,0
cost_own,8504,mp3d/17DRP5sb8fy/17DRP5sb8fy.glb,False,,,,0,0,1.0,1.0,0.0,0.8681511549404526,0.8681511549404526,0.0,0.9419753216851418,0.9419753216851418,0.0,0.9419753216851418,0.9419753216851418,0.0,0.5854593515396118,0.5854593515396118,0.0,39,39,0,5.76057243347168,5.76057243347168,0.0,6,6,0,0,0,0
cost_own,5573,mp3d/17DRP5sb8fy/17DRP5sb8fy.glb,True,2,7,8,-4,3,1.0,1.0,0.0,0.7384051272030088,0.7565307317586999,0.01812560455569112,0.877604024878098,0.8955035883768357,0.01789956349873778,0.877604024878098,0.8955035883768357,0.01789956349873778,0.9709731340408325,0.9703154563903809,-0.0006576776504516602,65,64,-1,7.940237998962402,7.749999046325684,-0.19023895263671875,6,7,1,2,0,-2
cost_own,3605,mp3d/17DRP5sb8fy/17DRP5sb8fy.glb,True,0,3,2,-6,5,1.0,1.0,0.0,1.0,1.0,0.0,0.9010870534579015,0.9100156411202294,0.008928587662327847,0.9010870534579015,0.9100156411202294,0.008928587662327847,1.273645043373108,1.3674242496490479,0.09377920627593994,33,32,-1,5.25,5.000000953674316,-0.2499990463256836,5,6,1,0,0,0
cost_own,575,mp3d/17DRP5sb8fy/17DRP5sb8fy.glb,True,2,8,9,-1,0,1.0,1.0,0.0,1.0,1.0,0.0,0.94025668547679,0.9448332684906267,0.004576583013836677,0.94025668547679,0.9448332684906267,0.004576583013836677,0.915335476398468,0.8659587502479553,-0.049376726150512695,53,52,-1,7.134962558746338,6.88496208190918,-0.2500004768371582,7,7,0,4,4,0
cost_own,3131,mp3d/1pXnuDYAj8r/1pXnuDYAj8r.glb,True,2,8,9,-2,17,1.0,1.0,0.0,1.0,0.8809606869069266,-0.11903931309307336,0.9047155688867796,0.9407510516379407,0.036035482751161085,0.9047155688867796,0.9407510516379407,0.036035482751161085,1.3015528917312622,0.47750377655029297,-0.8240491151809692,53,68,15,10.500003814697266,12.25000286102295,1.7499990463256836,7,8,1,0,0,0
cost_own,3353,mp3d/1pXnuDYAj8r/1pXnuDYAj8r.glb,False,,,,0,0,1.0,1.0,0.0,0.9856534471698836,0.9856534471698836,0.0,0.920413758647767,0.920413758647767,0.0,0.920413758647767,0.920413758647767,0.0,0.682630717754364,0.682630717754364,0.0,65,65,0,12.75,12.75,0.0,10,10,0,0,0,0
cost_own,6884,mp3d/1pXnuDYAj8r/1pXnuDYAj8r.glb,True,3,14,15,-4,7,1.0,1.0,0.0,1.0,1.0,0.0,0.9248311517026916,0.9127304710585586,-0.012100680644132944,0.9248311517026916,0.9127304710585586,-0.012100680644132944,1.3187601566314697,0.8317784667015076,-0.48698168992996216,34,37,3,5.250000476837158,5.629826545715332,0.37982606887817383,6,6,0,0,2,2
cost_own,2477,mp3d/1pXnuDYAj8r/1pXnuDYAj8r.glb,True,3,11,12,-4,15,0.0,0.0,0.0,0.0,0.0,0.0,0.7122064050848078,0.7024342291576089,-0.009772175927198923,0.0,0.0,0.0,3.2048516273498535,3.759939670562744,0.5550880432128906,58,69,11,10.730484962463379,11.750001907348633,1.019516944885254,7,9,2,1,0,-1
cost_own,4841,mp3d/1pXnuDYAj8r/1pXnuDYAj8r.glb,True,7,20,21,-1,6,1.0,1.0,0.0,0.8241105947949026,0.7545763268745791,-0.06953426792032347,0.8631234972519132,0.8712728493981428,0.008149352146229583,0.8631234972519132,0.8712728493981428,0.008149352146229583,2.11484956741333,1.6091148853302002,-0.5057346820831299,114,119,5,16.711505889892578,18.25147247314453,1.5399665832519531,15,14,-1,0,0,0
cost_own,6344,mp3d/1pXnuDYAj8r/1pXnuDYAj8r.glb,True,0,6,5,-1,3,1.0,1.0,0.0,1.0,1.0,0.0,0.9088506822167669,0.9160155150426408,0.007164832825873879,0.9088506822167669,0.9160155150426408,0.007164832825873879,1.3249093294143677,1.1390005350112915,-0.18590879440307617,61,63,2,10.749992370605469,10.748844146728516,-0.001148223876953125,9,9,0,0,1,1
cost_own,6752,mp3d/1pXnuDYAj8r/1pXnuDYAj8r.glb,True,4,14,12,-5,5,1.0,1.0,0.0,1.0,1.0,0.0,0.9274770946050384,0.9183711587555731,-0.009105935849465285,0.9274770946050384,0.9183711587555731,-0.009105935849465285,1.5871949195861816,1.216628074645996,-0.37056684494018555,42,42,0,6.75236177444458,7.00236177444458,0.25,6,7,1,0,0,0
cost_own,7295,mp3d/1pXnuDYAj8r/1pXnuDYAj8r.glb,False,,,,0,0,1.0,1.0,0.0,0.8163739721572524,0.8163739721572524,0.0,0.9174061405048597,0.9174061405048597,0.0,0.9174061405048597,0.9174061405048597,0.0,1.0217249393463135,1.0217249393463135,0.0,37,37,0,4.274156093597412,4.274156093597412,0.0,4,4,0,0,0,0
cost_own,493,mp3d/1pXnuDYAj8r/1pXnuDYAj8r.glb,False,,,,0,0,1.0,1.0,0.0,1.0,1.0,0.0,0.9393323832795254,0.9393323832795254,0.0,0.9393323832795254,0.9393323832795254,0.0,1.6655668020248413,1.6655668020248413,0.0,60,60,0,12.750003814697266,12.750003814697266,0.0,9,9,0,0,0,0
cost_own,5141,mp3d/1pXnuDYAj8r/1pXnuDYAj8r.glb,True,1,8,9,-3,1,1.0,1.0,0.0,1.0,1.0,0.0,0.9137334757803558,0.9154104872297334,0.0016770114493775967,0.9137334757803558,0.9154104872297334,0.0016770114493775967,0.8547974228858948,0.8153839707374573,-0.0394134521484375,44,42,-2,7.249999523162842,7.000064373016357,-0.24993515014648438,6,5,-1,0,0,0
cost_own,1742,mp3d/1pXnuDYAj8r/1pXnuDYAj8r.glb,True,4,13,12,-5,7,1.0,1.0,0.0,1.0,0.9908385202546792,-0.009161479745320777,0.9407270472173778,0.9462911034254243,0.005564056208046564,0.9407270472173778,0.9462911034254243,0.005564056208046564,0.8078550696372986,0.3193760812282562,-0.48847898840904236,46,48,2,8.002359390258789,8.502361297607422,0.5000019073486328,7,8,1,0,0,0
cost_own,1153,mp3d/1pXnuDYAj8r/1pXnuDYAj8r.glb,True,3,11,10,-8,0,1.0,1.0,0.0,0.7968689856642995,0.9417542746268968,0.14488528896259723,0.8889710886376649,0.8894820163464213,0.0005109277087563813,0.8889710886376649,0.8894820163464213,0.0005109277087563813,0.7661161422729492,1.500449299812317,0.7343331575393677,45,37,-8,6.500002384185791,5.500001907348633,-1.0000004768371582,5,5,0,0,0,0
cost_matched,8963,mp3d/D7N2EKCX4Sj/D7N2EKCX4Sj.glb,False,,,,0,0,1.0,1.0,0.0,0.9013923519633423,0.9013923519633423,0.0,0.8788315287710569,0.8788315287710569,0.0,0.8788315287710569,0.8788315287710569,0.0,0.6681005954742432,0.6681005954742432,0.0,45,45,0,7.499999046325684,7.499999046325684,0.0,6,6,0,0,0,0
cost_matched,10430,mp3d/D7N2EKCX4Sj/D7N2EKCX4Sj.glb,True,2,8,7,-8,55,1.0,1.0,0.0,1.0,0.8974294175362608,-0.10257058246373918,0.86280839522143,0.8850409200815847,0.0222325248601547,0.86280839522143,0.8850409200815847,0.0222325248601547,1.8452829122543335,0.8661730289459229,-0.9791098833084106,63,110,47,7.722980499267578,8.958760261535645,1.2357797622680664,9,14,5,15,32,17
cost_matched,4922,mp3d/D7N2EKCX4Sj/D7N2EKCX4Sj.glb,False,,,,0,0,1.0,1.0,0.0,0.9427645256456966,0.9427645256456966,0.0,0.9575900208573054,0.9575900208573054,0.0,0.9575900208573054,0.9575900208573054,0.0,0.4169694185256958,0.4169694185256958,0.0,46,46,0,7.0191330909729,7.0191330909729,0.0,7,7,0,2,2,0
cost_matched,275,mp3d/D7N2EKCX4Sj/D7N2EKCX4Sj.glb,False,,,,0,0,1.0,1.0,0.0,1.0,1.0,0.0,0.8960005475084255,0.8960005475084255,0.0,0.8960005475084255,0.8960005475084255,0.0,0.9923063516616821,0.9923063516616821,0.0,28,28,0,4.786001205444336,4.786001205444336,0.0,4,4,0,0,0,0
cost_matched,1943,mp3d/D7N2EKCX4Sj/D7N2EKCX4Sj.glb,True,4,14,15,-5,-45,0.0,1.0,1.0,0.0,0.7752431687793634,0.7752431687793634,0.33733880044267545,0.7814916142584637,0.44415281381578825,0.0,0.7814916142584637,0.7814916142584637,5.225057601928711,0.8095074892044067,-4.415550112724304,110,60,-50,15.534454345703125,7.265493869781494,-8.26896047592163,7,6,-1,8,5,-3
cost_matched,2882,mp3d/D7N2EKCX4Sj/D7N2EKCX4Sj.glb,False,,,,0,0,1.0,1.0,0.0,1.0,1.0,0.0,0.9450046457781375,0.9450046457781375,0.0,0.9450046457781375,0.9450046457781375,0.0,1.4151694774627686,1.4151694774627686,0.0,34,34,0,5.510061740875244,5.510061740875244,0.0,5,5,0,1,1,0
cost_matched,2378,mp3d/D7N2EKCX4Sj/D7N2EKCX4Sj.glb,True,0,2,3,-9,-8,1.0,1.0,0.0,0.9411831469452597,1.0,0.05881685305474027,0.9190131156459079,0.944105308206849,0.025092192560941085,0.9190131156459079,0.944105308206849,0.025092192560941085,1.0884149074554443,1.058393120765686,-0.0300217866897583,55,38,-17,7.041345119476318,6.321389675140381,-0.7199554443359375,5,5,0,8,4,-4
cost_matched,7661,mp3d/D7N2EKCX4Sj/D7N2EKCX4Sj.glb,True,7,22,21,-1,3,1.0,1.0,0.0,0.9121426005538785,0.9083846608306257,-0.003757939723252779,0.9338480613356589,0.9407458667711999,0.006897805435540971,0.9338480613356589,0.9407458667711999,0.006897805435540971,0.02059585601091385,0.10087127983570099,0.08027542382478714,83,85,2,14.715632438659668,14.776510238647461,0.06087779998779297,12,12,0,6,4,-2
cost_matched,6509,mp3d/D7N2EKCX4Sj/D7N2EKCX4Sj.glb,False,,,,0,0,1.0,1.0,0.0,1.0,1.0,0.0,0.860586206370762,0.860586206370762,0.0,0.860586206370762,0.860586206370762,0.0,1.274340271949768,1.274340271949768,0.0,36,36,0,4.999999523162842,4.999999523162842,0.0,5,5,0,0,0,0
cost_matched,8822,mp3d/D7N2EKCX4Sj/D7N2EKCX4Sj.glb,False,,,,0,0,1.0,1.0,0.0,0.9231587716851039,0.9231587716851039,0.0,0.900392185487113,0.900392185487113,0.0,0.900392185487113,0.900392185487113,0.0,0.6961624026298523,0.6961624026298523,0.0,59,59,0,9.923651695251465,9.923651695251465,0.0,9,9,0,4,4,0
cost_matched,6173,mp3d/D7N2EKCX4Sj/D7N2EKCX4Sj.glb,False,,,,0,0,1.0,1.0,0.0,0.9028418407882693,0.9028418407882693,0.0,0.8785851765213402,0.8785851765213402,0.0,0.8785851765213402,0.8785851765213402,0.0,0.5955324769020081,0.5955324769020081,0.0,44,44,0,7.229672431945801,7.229672431945801,0.0,6,6,0,9,9,0
cost_matched,4790,mp3d/D7N2EKCX4Sj/D7N2EKCX4Sj.glb,True,2,10,8,-12,-7,0.0,1.0,1.0,0.0,0.9394735464701447,0.9394735464701447,0.07598718223002084,0.9069160070154227,0.8309288247854019,0.0,0.9069160070154227,0.9069160070154227,20.606487274169922,0.37011951208114624,-20.236367762088776,90,71,-19,15.232590675354004,12.918183326721191,-2.3144073486328125,10,11,1,0,3,3
cost_matched,4067,mp3d/ZMojNkEp431/ZMojNkEp431.glb,True,5,15,17,-19,14,1.0,1.0,0.0,0.7697590910366837,0.8106761016074354,0.0409170105707517,0.8472547668486574,0.7055738636952409,-0.14168090315341653,0.8472547668486574,0.7055738636952409,-0.14168090315341653,0.3574756681919098,0.32651951909065247,-0.030956149101257324,94,89,-5,13.249998092651367,12.5812349319458,-0.6687631607055664,11,12,1,0,8,8
cost_matched,5396,mp3d/ZMojNkEp431/ZMojNkEp431.glb,False,,,,0,0,1.0,1.0,0.0,1.0,1.0,0.0,0.9400506256005859,0.9400506256005859,0.0,0.9400506256005859,0.9400506256005859,0.0,1.6800669431686401,1.6800669431686401,0.0,25,25,0,5.385897159576416,5.385897159576416,0.0,5,5,0,0,0,0
cost_matched,10667,mp3d/ZMojNkEp431/ZMojNkEp431.glb,False,,,,0,0,1.0,1.0,0.0,1.0,1.0,0.0,0.9091437171337933,0.9091437171337933,0.0,0.9091437171337933,0.9091437171337933,0.0,1.5630465745925903,1.5630465745925903,0.0,63,63,0,10.975284576416016,10.975284576416016,0.0,10,10,0,1,1,0
cost_matched,4616,mp3d/ZMojNkEp431/ZMojNkEp431.glb,True,7,28,27,-1,8,1.0,1.0,0.0,0.8696032222906611,0.8705938030907243,0.000990580800063201,0.875455044850815,0.8908325244481259,0.015377479597310839,0.875455044850815,0.8908325244481259,0.015377479597310839,1.6139354705810547,1.4753743410110474,-0.13856112957000732,83,90,7,17.192291259765625,17.1727294921875,-0.019561767578125,13,14,1,1,1,0
cost_matched,2024,mp3d/ZMojNkEp431/ZMojNkEp431.glb,True,5,20,21,-2,5,1.0,1.0,0.0,0.7329822321553263,0.715530266321394,-0.01745196583393227,0.850113026054762,0.8335175866678652,-0.016595439386896782,0.850113026054762,0.8335175866678652,-0.016595439386896782,1.6287598609924316,1.8149769306182861,0.1862170696258545,63,66,3,10.249995231628418,10.499995231628418,0.25,7,8,1,0,0,0
cost_matched,6680,mp3d/ZMojNkEp431/ZMojNkEp431.glb,False,,,,0,0,1.0,1.0,0.0,0.9952059709442519,0.9952059709442519,0.0,0.9686114252505901,0.9686114252505901,0.0,0.9686114252505901,0.9686114252505901,0.0,0.313871830701828,0.313871830701828,0.0,44,44,0,7.516256809234619,7.516256809234619,0.0,5,5,0,0,0,0
cost_matched,2288,mp3d/ZMojNkEp431/ZMojNkEp431.glb,False,,,,0,0,1.0,1.0,0.0,1.0,1.0,0.0,0.9173245623139329,0.9173245623139329,0.0,0.9173245623139329,0.9173245623139329,0.0,1.2811180353164673,1.2811180353164673,0.0,42,42,0,8.50974178314209,8.50974178314209,0.0,6,6,0,0,0,0
cost_matched,10583,mp3d/ZMojNkEp431/ZMojNkEp431.glb,False,,,,0,0,1.0,1.0,0.0,0.8898264051953104,0.8898264051953104,0.0,0.8741797085364896,0.8741797085364896,0.0,0.8741797085364896,0.8741797085364896,0.0,1.0075303316116333,1.0075303316116333,0.0,65,65,0,11.002412796020508,11.002412796020508,0.0,7,7,0,0,0,0
cost_matched,3203,mp3d/ZMojNkEp431/ZMojNkEp431.glb,False,,,,0,0,1.0,1.0,0.0,0.7617737242627598,0.7617737242627598,0.0,0.4816051813991139,0.4816051813991139,0.0,0.4816051813991139,0.4816051813991139,0.0,2.863373279571533,2.863373279571533,0.0,100,100,0,19.039588928222656,19.039588928222656,0.0,11,11,0,0,0,0
cost_matched,6179,mp3d/ZMojNkEp431/ZMojNkEp431.glb,False,,,,0,0,1.0,1.0,0.0,0.6597480960583583,0.6597480960583583,0.0,0.428100361580783,0.428100361580783,0.0,0.428100361580783,0.428100361580783,0.0,1.5975161790847778,1.5975161790847778,0.0,71,71,0,14.784408569335938,14.784408569335938,0.0,10,10,0,0,0,0
cost_matched,10085,mp3d/ZMojNkEp431/ZMojNkEp431.glb,False,,,,0,0,1.0,1.0,0.0,1.0,1.0,0.0,0.6027783734289948,0.6027783734289948,0.0,0.6027783734289948,0.6027783734289948,0.0,1.4658335447311401,1.4658335447311401,0.0,29,29,0,4.496288776397705,4.496288776397705,0.0,5,5,0,1,1,0
cost_matched,527,mp3d/ZMojNkEp431/ZMojNkEp431.glb,False,,,,0,0,0.0,0.0,0.0,0.0,0.0,0.0,0.7583493298370239,0.7583493298370239,0.0,0.0,0.0,0.0,3.2056117057800293,3.2056117057800293,0.0,55,55,0,10.499994277954102,10.499994277954102,0.0,8,8,0,0,0,0
cost_matched,6113,mp3d/sKLMLpTHeUy/sKLMLpTHeUy.glb,False,,,,0,0,1.0,1.0,0.0,1.0,1.0,0.0,0.9268280798943824,0.9268280798943824,0.0,0.9268280798943824,0.9268280798943824,0.0,0.2959091365337372,0.2959091365337372,0.0,49,49,0,8.25000286102295,8.25000286102295,0.0,7,7,0,0,0,0
cost_matched,1397,mp3d/sKLMLpTHeUy/sKLMLpTHeUy.glb,False,,,,0,0,1.0,1.0,0.0,0.7736673652065029,0.7736673652065029,0.0,0.8727107894804932,0.8727107894804932,0.0,0.8727107894804932,0.8727107894804932,0.0,1.0057307481765747,1.0057307481765747,0.0,74,74,0,9.823354721069336,9.823354721069336,0.0,11,11,0,4,4,0
cost_matched,370,mp3d/sKLMLpTHeUy/sKLMLpTHeUy.glb,False,,,,0,0,1.0,1.0,0.0,0.8596418679175051,0.8596418679175051,0.0,0.8956172949050712,0.8956172949050712,0.0,0.8956172949050712,0.8956172949050712,0.0,0.9821049571037292,0.9821049571037292,0.0,50,50,0,7.816819190979004,7.816819190979004,0.0,8,8,0,0,0,0
cost_matched,8537,mp3d/sKLMLpTHeUy/sKLMLpTHeUy.glb,False,,,,0,0,1.0,1.0,0.0,0.8552794844966422,0.8552794844966422,0.0,0.9133336776666751,0.9133336776666751,0.0,0.9133336776666751,0.9133336776666751,0.0,0.46284711360931396,0.46284711360931396,0.0,45,45,0,6.207075119018555,6.207075119018555,0.0,5,5,0,2,2,0
cost_matched,9092,mp3d/sKLMLpTHeUy/sKLMLpTHeUy.glb,True,3,13,10,3,18,1.0,1.0,0.0,0.8485838488906223,0.7947198632394052,-0.05386398565121708,0.6699329992572551,0.7269590183912,0.057026019133944894,0.6699329992572551,0.7269590183912,0.057026019133944894,2.448044776916504,1.7209398746490479,-0.727104902267456,56,77,21,10.743752479553223,11.471935272216797,0.7281827926635742,6,7,1,4,4,0
cost_matched,418,mp3d/sKLMLpTHeUy/sKLMLpTHeUy.glb,True,4,16,17,-4,9,1.0,1.0,0.0,1.0,0.9844583499417355,-0.015541650058264467,0.9313103547198969,0.9364080750712099,0.005097720351313062,0.9313103547198969,0.9364080750712099,0.005097720351313062,0.80568528175354,0.6664111018180847,-0.13927417993545532,61,66,5,10.256002426147461,10.500901222229004,0.24489879608154297,8,9,1,0,0,0
cost_matched,4904,mp3d/sKLMLpTHeUy/sKLMLpTHeUy.glb,False,,,,0,0,1.0,1.0,0.0,0.9896512573162157,0.9896512573162157,0.0,0.9463728942359606,0.9463728942359606,0.0,0.9463728942359606,0.9463728942359606,0.0,1.2525784969329834,1.2525784969329834,0.0,47,47,0,8.026674270629883,8.026674270629883,0.0,7,7,0,0,0,0
cost_matched,2069,mp3d/sKLMLpTHeUy/sKLMLpTHeUy.glb,False,,,,0,0,1.0,1.0,0.0,1.0,1.0,0.0,0.9237523192397322,0.9237523192397322,0.0,0.9237523192397322,0.9237523192397322,0.0,1.8253206014633179,1.8253206014633179,0.0,59,59,0,8.750003814697266,8.750003814697266,0.0,9,9,0,0,0,0
cost_matched,10175,mp3d/sKLMLpTHeUy/sKLMLpTHeUy.glb,False,,,,0,0,1.0,1.0,0.0,0.9160899929191638,0.9160899929191638,0.0,0.9244528918277104,0.9244528918277104,0.0,0.9244528918277104,0.9244528918277104,0.0,0.5938405394554138,0.5938405394554138,0.0,37,37,0,6.250004291534424,6.250004291534424,0.0,6,6,0,0,0,0
cost_matched,2786,mp3d/sKLMLpTHeUy/sKLMLpTHeUy.glb,False,,,,0,0,1.0,1.0,0.0,1.0,1.0,0.0,0.9089756641304906,0.9089756641304906,0.0,0.9089756641304906,0.9089756641304906,0.0,1.6515449285507202,1.6515449285507202,0.0,45,45,0,8.262168884277344,8.262168884277344,0.0,6,6,0,0,0,0
cost_matched,8153,mp3d/sKLMLpTHeUy/sKLMLpTHeUy.glb,False,,,,0,0,1.0,1.0,0.0,1.0,1.0,0.0,0.9137718261662015,0.9137718261662015,0.0,0.9137718261662015,0.9137718261662015,0.0,1.704688549041748,1.704688549041748,0.0,47,47,0,9.266036033630371,9.266036033630371,0.0,7,7,0,0,0,0
cost_matched,5990,mp3d/sKLMLpTHeUy/sKLMLpTHeUy.glb,False,,,,0,0,1.0,1.0,0.0,0.9645332663379246,0.9645332663379246,0.0,0.9510127249134425,0.9510127249134425,0.0,0.9510127249134425,0.9510127249134425,0.0,0.5749610066413879,0.5749610066413879,0.0,53,53,0,7.800736427307129,7.800736427307129,0.0,9,9,0,2,2,0
cost_matched,7370,mp3d/Vvot9Ly1tCj/Vvot9Ly1tCj.glb,False,,,,0,0,1.0,1.0,0.0,0.9127504568343614,0.9127504568343614,0.0,0.9175617477100383,0.9175617477100383,0.0,0.9175617477100383,0.9175617477100383,0.0,0.18091796338558197,0.18091796338558197,0.0,55,55,0,9.750001907348633,9.750001907348633,0.0,7,7,0,0,0,0
cost_matched,7187,mp3d/Vvot9Ly1tCj/Vvot9Ly1tCj.glb,False,,,,0,0,1.0,1.0,0.0,0.9170464492347274,0.9170464492347274,0.0,0.9229096660254853,0.9229096660254853,0.0,0.9229096660254853,0.9229096660254853,0.0,0.45663997530937195,0.45663997530937195,0.0,41,41,0,6.499998092651367,6.499998092651367,0.0,6,6,0,0,0,0
cost_matched,563,mp3d/Vvot9Ly1tCj/Vvot9Ly1tCj.glb,False,,,,0,0,1.0,1.0,0.0,0.9137173428405351,0.9137173428405351,0.0,0.9327248664477583,0.9327248664477583,0.0,0.9327248664477583,0.9327248664477583,0.0,0.42435744404792786,0.42435744404792786,0.0,80,80,0,14.063831329345703,14.063831329345703,0.0,10,10,0,0,0,0
cost_matched,7478,mp3d/Vvot9Ly1tCj/Vvot9Ly1tCj.glb,True,5,18,19,0,0,1.0,1.0,0.0,0.820595211452908,0.8688655180089614,0.048270306556053355,0.8536640950141271,0.9105571075653098,0.05689301255118273,0.8536640950141271,0.9105571075653098,0.05689301255118273,1.3600856065750122,0.3418092429637909,-1.0182763636112213,48,48,0,9.0,8.5,-0.5,7,7,0,0,0,0
cost_matched,178,mp3d/Vvot9Ly1tCj/Vvot9Ly1tCj.glb,False,,,,0,0,1.0,1.0,0.0,0.830972706664051,0.830972706664051,0.0,0.940951163220583,0.940951163220583,0.0,0.940951163220583,0.940951163220583,0.0,0.5576947331428528,0.5576947331428528,0.0,40,40,0,6.334258079528809,6.334258079528809,0.0,6,6,0,0,0,0
cost_matched,2078,mp3d/Vvot9Ly1tCj/Vvot9Ly1tCj.glb,False,,,,0,0,1.0,1.0,0.0,0.6781623211214685,0.6781623211214685,0.0,0.7822112867436259,0.7822112867436259,0.0,0.7822112867436259,0.7822112867436259,0.0,1.5810234546661377,1.5810234546661377,0.0,46,46,0,8.97069263458252,8.97069263458252,0.0,6,6,0,2,2,0
cost_matched,7091,mp3d/Vvot9Ly1tCj/Vvot9Ly1tCj.glb,False,,,,0,0,1.0,1.0,0.0,0.9131838855539022,0.9131838855539022,0.0,0.8986698204285015,0.8986698204285015,0.0,0.8986698204285015,0.8986698204285015,0.0,0.1488916426897049,0.1488916426897049,0.0,89,89,0,14.749999046325684,14.749999046325684,0.0,11,11,0,0,0,0
cost_matched,1712,mp3d/Vvot9Ly1tCj/Vvot9Ly1tCj.glb,False,,,,0,0,1.0,1.0,0.0,0.9684727011669403,0.9684727011669403,0.0,0.9427110111669628,0.9427110111669628,0.0,0.9427110111669628,0.9427110111669628,0.0,0.1443268060684204,0.1443268060684204,0.0,64,64,0,11.500004768371582,11.500004768371582,0.0,9,9,0,0,0,0
cost_matched,10826,mp3d/Vvot9Ly1tCj/Vvot9Ly1tCj.glb,False,,,,0,0,1.0,1.0,0.0,0.9995741466393371,0.9995741466393371,0.0,0.8661541290797653,0.8661541290797653,0.0,0.8661541290797653,0.8661541290797653,0.0,0.6774362325668335,0.6774362325668335,0.0,69,69,0,13.031318664550781,13.031318664550781,0.0,10,10,0,0,0,0
cost_matched,6020,mp3d/Vvot9Ly1tCj/Vvot9Ly1tCj.glb,True,11,31,32,-4,7,0.0,0.0,0.0,0.0,0.0,0.0,0.36574847606855304,0.3626543288913623,-0.0030941471771907536,0.0,0.0,0.0,5.4506988525390625,5.4506988525390625,0.0,104,107,3,10.692468643188477,10.697577476501465,0.005108833312988281,15,15,0,43,38,-5
cost_matched,4280,mp3d/Vvot9Ly1tCj/Vvot9Ly1tCj.glb,True,3,13,14,-2,-27,1.0,1.0,0.0,0.6911158548755195,0.986341492110327,0.29522563723480744,0.8692471505091118,0.9059320124351474,0.036684861926035595,0.8692471505091118,0.9059320124351474,0.036684861926035595,0.4418880045413971,1.795154333114624,1.353266328573227,73,44,-29,8.352436065673828,5.852436542510986,-2.499999523162842,7,6,-1,0,0,0
cost_matched,4010,mp3d/Vvot9Ly1tCj/Vvot9Ly1tCj.glb,False,,,,0,0,0.0,0.0,0.0,0.0,0.0,0.0,0.18134572880504352,0.18134572880504352,0.0,0.0,0.0,0.0,4.599164009094238,4.599164009094238,0.0,112,112,0,21.497493743896484,21.497493743896484,0.0,15,15,0,1,1,0
cost_matched,10295,mp3d/8WUmhLawc2A/8WUmhLawc2A.glb,False,,,,0,0,1.0,1.0,0.0,1.0,1.0,0.0,0.9370354896252916,0.9370354896252916,0.0,0.9370354896252916,0.9370354896252916,0.0,0.9551463723182678,0.9551463723182678,0.0,34,34,0,5.999991416931152,5.999991416931152,0.0,6,6,0,0,0,0
cost_matched,4310,mp3d/8WUmhLawc2A/8WUmhLawc2A.glb,False,,,,0,0,0.0,0.0,0.0,0.0,0.0,0.0,0.6991956509897476,0.6991956509897476,0.0,0.0,0.0,0.0,3.9670748710632324,3.9670748710632324,0.0,75,75,0,13.026702880859375,13.026702880859375,0.0,11,11,0,0,0,0
cost_matched,9299,mp3d/8WUmhLawc2A/8WUmhLawc2A.glb,False,,,,0,0,1.0,1.0,0.0,1.0,1.0,0.0,0.9452478645249042,0.9452478645249042,0.0,0.9452478645249042,0.9452478645249042,0.0,0.913779616355896,0.913779616355896,0.0,54,54,0,8.00000286102295,8.00000286102295,0.0,8,8,0,0,0,0
cost_matched,7352,mp3d/8WUmhLawc2A/8WUmhLawc2A.glb,False,,,,0,0,1.0,1.0,0.0,1.0,1.0,0.0,0.904887827094938,0.904887827094938,0.0,0.904887827094938,0.904887827094938,0.0,1.213857650756836,1.213857650756836,0.0,47,47,0,6.582125663757324,6.582125663757324,0.0,5,5,0,6,6,0
cost_matched,3326,mp3d/8WUmhLawc2A/8WUmhLawc2A.glb,False,,,,0,0,1.0,1.0,0.0,0.846402002010719,0.846402002010719,0.0,0.9005400954340195,0.9005400954340195,0.0,0.9005400954340195,0.9005400954340195,0.0,0.6204965114593506,0.6204965114593506,0.0,51,51,0,8.5420560836792,8.5420560836792,0.0,6,6,0,3,3,0
cost_matched,7676,mp3d/8WUmhLawc2A/8WUmhLawc2A.glb,True,8,20,22,-2,19,1.0,1.0,0.0,1.0,0.875844774180023,-0.12415522581997696,0.28524046239269024,0.26931495456243565,-0.015925507830254593,0.28524046239269024,0.26931495456243565,-0.015925507830254593,1.0871738195419312,0.23751699924468994,-0.8496568202972412,76,93,17,11.660605430603027,13.410608291625977,1.7500028610229492,11,13,2,4,4,0
cost_matched,8708,mp3d/8WUmhLawc2A/8WUmhLawc2A.glb,False,,,,0,0,1.0,1.0,0.0,1.0,1.0,0.0,0.9414846919145307,0.9414846919145307,0.0,0.9414846919145307,0.9414846919145307,0.0,1.2821167707443237,1.2821167707443237,0.0,40,40,0,6.499999046325684,6.499999046325684,0.0,7,7,0,0,0,0
cost_matched,5462,mp3d/8WUmhLawc2A/8WUmhLawc2A.glb,False,,,,0,0,1.0,1.0,0.0,0.8188425494778541,0.8188425494778541,0.0,0.8861844181460891,0.8861844181460891,0.0,0.8861844181460891,0.8861844181460891,0.0,0.8006537556648254,0.8006537556648254,0.0,64,64,0,7.75,7.75,0.0,8,8,0,0,0,0
cost_matched,2519,mp3d/8WUmhLawc2A/8WUmhLawc2A.glb,True,6,24,25,-4,7,1.0,1.0,0.0,0.81707647572393,0.7996918698574634,-0.017384605866466618,0.9240447551054668,0.9207858637896047,-0.0032588913158621002,0.9240447551054668,0.9207858637896047,-0.0032588913158621002,0.43821004033088684,0.3315262794494629,-0.10668376088142395,69,72,3,11.5,11.75,0.25,9,10,1,0,0,0
cost_matched,6644,mp3d/8WUmhLawc2A/8WUmhLawc2A.glb,False,,,,0,0,1.0,1.0,0.0,0.9194819808209472,0.9194819808209472,0.0,0.9063925571896947,0.9063925571896947,0.0,0.9063925571896947,0.9063925571896947,0.0,0.6632542610168457,0.6632542610168457,0.0,107,107,0,18.50000762939453,18.50000762939453,0.0,13,13,0,0,0,0
cost_matched,6596,mp3d/8WUmhLawc2A/8WUmhLawc2A.glb,False,,,,0,0,1.0,1.0,0.0,0.8185360994253734,0.8185360994253734,0.0,0.8881235012443298,0.8881235012443298,0.0,0.8881235012443298,0.8881235012443298,0.0,0.8336018323898315,0.8336018323898315,0.0,62,62,0,8.821825981140137,8.821825981140137,0.0,7,7,0,10,10,0
cost_matched,7094,mp3d/8WUmhLawc2A/8WUmhLawc2A.glb,False,,,,0,0,1.0,1.0,0.0,1.0,1.0,0.0,0.9532593752204038,0.9532593752204038,0.0,0.9532593752204038,0.9532593752204038,0.0,1.3793513774871826,1.3793513774871826,0.0,42,42,0,6.975788593292236,6.975788593292236,0.0,7,7,0,1,1,0
cost_matched,5285,mp3d/pRbA3pwrgk9/pRbA3pwrgk9.glb,False,,,,0,0,1.0,1.0,0.0,0.6772324803517021,0.6772324803517021,0.0,0.6985784151390115,0.6985784151390115,0.0,0.6985784151390115,0.6985784151390115,0.0,1.0651921033859253,1.0651921033859253,0.0,60,60,0,8.522655487060547,8.522655487060547,0.0,7,7,0,0,0,0
cost_matched,3776,mp3d/pRbA3pwrgk9/pRbA3pwrgk9.glb,False,,,,0,0,1.0,1.0,0.0,1.0,1.0,0.0,0.9271367058911197,0.9271367058911197,0.0,0.9271367058911197,0.9271367058911197,0.0,1.8165218830108643,1.8165218830108643,0.0,46,46,0,8.001500129699707,8.001500129699707,0.0,8,8,0,0,0,0
cost_matched,2228,mp3d/pRbA3pwrgk9/pRbA3pwrgk9.glb,True,0,3,4,-7,15,1.0,1.0,0.0,0.9617029825846354,0.9617028602977931,-1.222868423189638e-07,0.9124364636225261,0.929160767858097,0.01672430423557092,0.9124364636225261,0.929160767858097,0.01672430423557092,1.1884455680847168,0.46948057413101196,-0.7189649939537048,39,47,8,7.5,7.500000953674316,9.5367431640625e-07,6,7,1,0,0,0
cost_matched,8057,mp3d/pRbA3pwrgk9/pRbA3pwrgk9.glb,False,,,,0,0,1.0,1.0,0.0,0.7899765065352873,0.7899765065352873,0.0,0.8736449884004872,0.8736449884004872,0.0,0.8736449884004872,0.8736449884004872,0.0,1.5500150918960571,1.5500150918960571,0.0,68,68,0,7.352235794067383,7.352235794067383,0.0,9,9,0,8,8,0
cost_matched,1583,mp3d/pRbA3pwrgk9/pRbA3pwrgk9.glb,True,3,12,11,-4,7,1.0,1.0,0.0,1.0,1.0,0.0,0.9501873024692797,0.9161336977448562,-0.034053604724423536,0.9501873024692797,0.9161336977448562,-0.034053604724423536,1.2244867086410522,1.4565459489822388,0.23205924034118652,46,49,3,6.121482849121094,6.291418075561523,0.1699352264404297,6,7,1,1,1,0
cost_matched,8582,mp3d/pRbA3pwrgk9/pRbA3pwrgk9.glb,True,4,13,15,2,29,1.0,1.0,0.0,0.9702296623906913,0.8033064317033239,-0.16692323068736736,0.9196450583964481,0.8796088078582015,-0.040036250538246554,0.9196450583964481,0.8796088078582015,-0.040036250538246554,0.36816737055778503,0.52565997838974,0.15749260783195496,47,78,31,8.421197891235352,10.171082496643066,1.7498846054077148,6,7,1,0,0,0
cost_matched,5891,mp3d/pRbA3pwrgk9/pRbA3pwrgk9.glb,False,,,,0,0,1.0,1.0,0.0,1.0,1.0,0.0,0.9361441045741573,0.9361441045741573,0.0,0.9361441045741573,0.9361441045741573,0.0,0.26414772868156433,0.26414772868156433,0.0,25,25,0,4.480660438537598,4.480660438537598,0.0,4,4,0,1,1,0
cost_matched,5192,mp3d/pRbA3pwrgk9/pRbA3pwrgk9.glb,True,4,15,16,6,22,1.0,1.0,0.0,0.8376735736172028,0.6939441284366283,-0.1437294451805745,0.9064697938852238,0.8858017696389627,-0.02066802424626102,0.9064697938852238,0.8858017696389627,-0.02066802424626102,0.531426727771759,0.531427264213562,5.364418029785156e-07,51,79,28,8.74343490600586,10.55437183380127,1.8109369277954102,6,7,1,1,1,0
cost_matched,10490,mp3d/pRbA3pwrgk9/pRbA3pwrgk9.glb,True,10,30,28,-1,15,1.0,1.0,0.0,0.8380708076607792,0.8522277363062285,0.014156928645449263,0.8863422157345437,0.8832206564928757,-0.003121559241668015,0.8863422157345437,0.8832206564928757,-0.003121559241668015,2.0783798694610596,1.2555928230285645,-0.8227870464324951,97,111,14,14.082818031311035,13.848878860473633,-0.23393917083740234,12,13,1,4,4,0
cost_matched,1625,mp3d/pRbA3pwrgk9/pRbA3pwrgk9.glb,False,,,,0,0,1.0,1.0,0.0,1.0,1.0,0.0,0.9120213708165783,0.9120213708165783,0.0,0.9120213708165783,0.9120213708165783,0.0,1.7844457626342773,1.7844457626342773,0.0,50,50,0,9.17962646484375,9.17962646484375,0.0,6,6,0,3,3,0
cost_matched,2762,mp3d/pRbA3pwrgk9/pRbA3pwrgk9.glb,False,,,,0,0,1.0,1.0,0.0,1.0,1.0,0.0,0.9399443175011014,0.9399443175011014,0.0,0.9399443175011014,0.9399443175011014,0.0,0.7603846788406372,0.7603846788406372,0.0,46,46,0,5.879151821136475,5.879151821136475,0.0,5,5,0,11,11,0
cost_matched,6098,mp3d/pRbA3pwrgk9/pRbA3pwrgk9.glb,True,13,29,30,-1,45,0.0,1.0,1.0,0.0,0.2844098792176789,0.2844098792176789,0.38691608772142616,0.23003795380394138,-0.15687813391748479,0.0,0.23003795380394138,0.23003795380394138,5.1040472984313965,0.4387367367744446,-4.665310561656952,91,135,44,12.644413948059082,16.99983787536621,4.355423927307129,15,15,0,7,8,1
cost_matched,10355,mp3d/17DRP5sb8fy/17DRP5sb8fy.glb,False,,,,0,0,1.0,1.0,0.0,0.7907456454823294,0.7907456454823294,0.0,0.9251650031371519,0.9251650031371519,0.0,0.9251650031371519,0.9251650031371519,0.0,0.8542608618736267,0.8542608618736267,0.0,41,41,0,5.750000953674316,5.750000953674316,0.0,5,5,0,0,0,0
cost_matched,10154,mp3d/17DRP5sb8fy/17DRP5sb8fy.glb,False,,,,0,0,1.0,1.0,0.0,1.0,1.0,0.0,0.9449971319264825,0.9449971319264825,0.0,0.9449971319264825,0.9449971319264825,0.0,1.207086443901062,1.207086443901062,0.0,41,41,0,7.250000476837158,7.250000476837158,0.0,6,6,0,0,0,0
cost_matched,1074,mp3d/17DRP5sb8fy/17DRP5sb8fy.glb,False,,,,0,0,1.0,1.0,0.0,1.0,1.0,0.0,0.9500402750212671,0.9500402750212671,0.0,0.9500402750212671,0.9500402750212671,0.0,1.1623389720916748,1.1623389720916748,0.0,35,35,0,6.250002384185791,6.250002384185791,0.0,5,5,0,0,0,0
cost_matched,5150,mp3d/17DRP5sb8fy/17DRP5sb8fy.glb,False,,,,0,0,1.0,1.0,0.0,1.0,1.0,0.0,0.9349872327422067,0.9349872327422067,0.0,0.9349872327422067,0.9349872327422067,0.0,1.215065836906433,1.215065836906433,0.0,32,32,0,5.0,5.0,0.0,4,4,0,0,0,0
cost_matched,1116,mp3d/17DRP5sb8fy/17DRP5sb8fy.glb,False,,,,0,0,1.0,1.0,0.0,1.0,1.0,0.0,0.9059480260513482,0.9059480260513482,0.0,0.9059480260513482,0.9059480260513482,0.0,1.7495944499969482,1.7495944499969482,0.0,43,43,0,7.0,7.0,0.0,6,6,0,0,0,0
cost_matched,3899,mp3d/17DRP5sb8fy/17DRP5sb8fy.glb,False,,,,0,0,1.0,1.0,0.0,0.8941715980230528,0.8941715980230528,0.0,0.942494936924092,0.942494936924092,0.0,0.942494936924092,0.942494936924092,0.0,0.30271854996681213,0.30271854996681213,0.0,41,41,0,5.463344097137451,5.463344097137451,0.0,5,5,0,2,2,0
cost_matched,9524,mp3d/17DRP5sb8fy/17DRP5sb8fy.glb,False,,,,0,0,1.0,1.0,0.0,1.0,1.0,0.0,0.9253465238287139,0.9253465238287139,0.0,0.9253465238287139,0.9253465238287139,0.0,1.1087008714675903,1.1087008714675903,0.0,25,25,0,4.25,4.25,0.0,4,4,0,0,0,0
cost_matched,5795,mp3d/17DRP5sb8fy/17DRP5sb8fy.glb,False,,,,0,0,1.0,1.0,0.0,1.0,1.0,0.0,0.93921931952386,0.93921931952386,0.0,0.93921931952386,0.93921931952386,0.0,0.8578460216522217,0.8578460216522217,0.0,41,41,0,5.463344097137451,5.463344097137451,0.0,5,5,0,2,2,0
cost_matched,8504,mp3d/17DRP5sb8fy/17DRP5sb8fy.glb,False,,,,0,0,1.0,1.0,0.0,0.8681511549404526,0.8681511549404526,0.0,0.9419753216851418,0.9419753216851418,0.0,0.9419753216851418,0.9419753216851418,0.0,0.5854593515396118,0.5854593515396118,0.0,39,39,0,5.76057243347168,5.76057243347168,0.0,6,6,0,0,0,0
cost_matched,5573,mp3d/17DRP5sb8fy/17DRP5sb8fy.glb,False,,,,0,0,1.0,1.0,0.0,0.7384051272030088,0.7384051272030088,0.0,0.877604024878098,0.877604024878098,0.0,0.877604024878098,0.877604024878098,0.0,0.9709731340408325,0.9709731340408325,0.0,65,65,0,7.940237998962402,7.940237998962402,0.0,6,6,0,2,2,0
cost_matched,3605,mp3d/17DRP5sb8fy/17DRP5sb8fy.glb,False,,,,0,0,1.0,1.0,0.0,1.0,1.0,0.0,0.9010870534579015,0.9010870534579015,0.0,0.9010870534579015,0.9010870534579015,0.0,1.273645043373108,1.273645043373108,0.0,33,33,0,5.25,5.25,0.0,5,5,0,0,0,0
cost_matched,575,mp3d/17DRP5sb8fy/17DRP5sb8fy.glb,False,,,,0,0,1.0,1.0,0.0,1.0,1.0,0.0,0.94025668547679,0.94025668547679,0.0,0.94025668547679,0.94025668547679,0.0,0.915335476398468,0.915335476398468,0.0,53,53,0,7.134962558746338,7.134962558746338,0.0,7,7,0,4,4,0
cost_matched,3131,mp3d/1pXnuDYAj8r/1pXnuDYAj8r.glb,False,,,,0,0,1.0,1.0,0.0,1.0,1.0,0.0,0.9047155688867796,0.9047155688867796,0.0,0.9047155688867796,0.9047155688867796,0.0,1.3015528917312622,1.3015528917312622,0.0,53,53,0,10.500003814697266,10.500003814697266,0.0,7,7,0,0,0,0
cost_matched,3353,mp3d/1pXnuDYAj8r/1pXnuDYAj8r.glb,False,,,,0,0,1.0,1.0,0.0,0.9856534471698836,0.9856534471698836,0.0,0.920413758647767,0.920413758647767,0.0,0.920413758647767,0.920413758647767,0.0,0.682630717754364,0.682630717754364,0.0,65,65,0,12.75,12.75,0.0,10,10,0,0,0,0
cost_matched,6884,mp3d/1pXnuDYAj8r/1pXnuDYAj8r.glb,False,,,,0,0,1.0,1.0,0.0,1.0,1.0,0.0,0.9248311517026916,0.9248311517026916,0.0,0.9248311517026916,0.9248311517026916,0.0,1.3187601566314697,1.3187601566314697,0.0,34,34,0,5.250000476837158,5.250000476837158,0.0,6,6,0,0,0,0
cost_matched,2477,mp3d/1pXnuDYAj8r/1pXnuDYAj8r.glb,True,5,17,16,-2,0,0.0,0.0,0.0,0.0,0.0,0.0,0.7122064050848078,0.7175028727521136,0.005296467667305738,0.0,0.0,0.0,3.2048516273498535,3.5748348236083984,0.3699831962585449,58,56,-2,10.730484962463379,10.48048210144043,-0.2500028610229492,7,7,0,1,1,0
cost_matched,4841,mp3d/1pXnuDYAj8r/1pXnuDYAj8r.glb,True,10,26,28,-2,-14,1.0,0.0,-1.0,0.8241105947949026,0.0,-0.8241105947949026,0.8631234972519132,0.8199061623238932,-0.043217334928019935,0.8631234972519132,0.0,-0.8631234972519132,2.11484956741333,3.2614850997924805,1.1466355323791504,114,98,-16,16.711505889892578,14.478118896484375,-2.233386993408203,15,15,0,0,0,0
cost_matched,6344,mp3d/1pXnuDYAj8r/1pXnuDYAj8r.glb,False,,,,0,0,1.0,1.0,0.0,1.0,1.0,0.0,0.9088506822167669,0.9088506822167669,0.0,0.9088506822167669,0.9088506822167669,0.0,1.3249093294143677,1.3249093294143677,0.0,61,61,0,10.749992370605469,10.749992370605469,0.0,9,9,0,0,0,0
cost_matched,6752,mp3d/1pXnuDYAj8r/1pXnuDYAj8r.glb,False,,,,0,0,1.0,1.0,0.0,1.0,1.0,0.0,0.9274770946050384,0.9274770946050384,0.0,0.9274770946050384,0.9274770946050384,0.0,1.5871949195861816,1.5871949195861816,0.0,42,42,0,6.75236177444458,6.75236177444458,0.0,6,6,0,0,0,0
cost_matched,7295,mp3d/1pXnuDYAj8r/1pXnuDYAj8r.glb,False,,,,0,0,1.0,1.0,0.0,0.8163739721572524,0.8163739721572524,0.0,0.9174061405048597,0.9174061405048597,0.0,0.9174061405048597,0.9174061405048597,0.0,1.0217249393463135,1.0217249393463135,0.0,37,37,0,4.274156093597412,4.274156093597412,0.0,4,4,0,0,0,0
cost_matched,493,mp3d/1pXnuDYAj8r/1pXnuDYAj8r.glb,False,,,,0,0,1.0,1.0,0.0,1.0,1.0,0.0,0.9393323832795254,0.9393323832795254,0.0,0.9393323832795254,0.9393323832795254,0.0,1.6655668020248413,1.6655668020248413,0.0,60,60,0,12.750003814697266,12.750003814697266,0.0,9,9,0,0,0,0
cost_matched,5141,mp3d/1pXnuDYAj8r/1pXnuDYAj8r.glb,False,,,,0,0,1.0,1.0,0.0,1.0,1.0,0.0,0.9137334757803558,0.9137334757803558,0.0,0.9137334757803558,0.9137334757803558,0.0,0.8547974228858948,0.8547974228858948,0.0,44,44,0,7.249999523162842,7.249999523162842,0.0,6,6,0,0,0,0
cost_matched,1742,mp3d/1pXnuDYAj8r/1pXnuDYAj8r.glb,False,,,,0,0,1.0,1.0,0.0,1.0,1.0,0.0,0.9407270472173778,0.9407270472173778,0.0,0.9407270472173778,0.9407270472173778,0.0,0.8078550696372986,0.8078550696372986,0.0,46,46,0,8.002359390258789,8.002359390258789,0.0,7,7,0,0,0,0
cost_matched,1153,mp3d/1pXnuDYAj8r/1pXnuDYAj8r.glb,False,,,,0,0,1.0,1.0,0.0,0.7968689856642995,0.7968689856642995,0.0,0.8889710886376649,0.8889710886376649,0.0,0.8889710886376649,0.8889710886376649,0.0,0.7661161422729492,0.7661161422729492,0.0,45,45,0,6.500002384185791,6.500002384185791,0.0,5,5,0,0,0,0
random_20261031,8963,mp3d/D7N2EKCX4Sj/D7N2EKCX4Sj.glb,False,,,,0,0,1.0,1.0,0.0,0.9013923519633423,0.9013923519633423,0.0,0.8788315287710569,0.8788315287710569,0.0,0.8788315287710569,0.8788315287710569,0.0,0.6681005954742432,0.6681005954742432,0.0,45,45,0,7.499999046325684,7.499999046325684,0.0,6,6,0,0,0,0
random_20261031,10430,mp3d/D7N2EKCX4Sj/D7N2EKCX4Sj.glb,True,2,8,7,-8,55,1.0,1.0,0.0,1.0,0.8974294175362608,-0.10257058246373918,0.86280839522143,0.8850409200815847,0.0222325248601547,0.86280839522143,0.8850409200815847,0.0222325248601547,1.8452829122543335,0.8661730289459229,-0.9791098833084106,63,110,47,7.722980499267578,8.958760261535645,1.2357797622680664,9,14,5,15,32,17
random_20261031,4922,mp3d/D7N2EKCX4Sj/D7N2EKCX4Sj.glb,False,,,,0,0,1.0,1.0,0.0,0.9427645256456966,0.9427645256456966,0.0,0.9575900208573054,0.9575900208573054,0.0,0.9575900208573054,0.9575900208573054,0.0,0.4169694185256958,0.4169694185256958,0.0,46,46,0,7.0191330909729,7.0191330909729,0.0,7,7,0,2,2,0
random_20261031,275,mp3d/D7N2EKCX4Sj/D7N2EKCX4Sj.glb,False,,,,0,0,1.0,1.0,0.0,1.0,1.0,0.0,0.8960005475084255,0.8960005475084255,0.0,0.8960005475084255,0.8960005475084255,0.0,0.9923063516616821,0.9923063516616821,0.0,28,28,0,4.786001205444336,4.786001205444336,0.0,4,4,0,0,0,0
random_20261031,1943,mp3d/D7N2EKCX4Sj/D7N2EKCX4Sj.glb,True,4,14,15,-5,-45,0.0,1.0,1.0,0.0,0.7752431687793634,0.7752431687793634,0.33733880044267545,0.7814916142584637,0.44415281381578825,0.0,0.7814916142584637,0.7814916142584637,5.225057601928711,0.8095074892044067,-4.415550112724304,110,60,-50,15.534454345703125,7.265493869781494,-8.26896047592163,7,6,-1,8,5,-3
random_20261031,2882,mp3d/D7N2EKCX4Sj/D7N2EKCX4Sj.glb,False,,,,0,0,1.0,1.0,0.0,1.0,1.0,0.0,0.9450046457781375,0.9450046457781375,0.0,0.9450046457781375,0.9450046457781375,0.0,1.4151694774627686,1.4151694774627686,0.0,34,34,0,5.510061740875244,5.510061740875244,0.0,5,5,0,1,1,0
random_20261031,2378,mp3d/D7N2EKCX4Sj/D7N2EKCX4Sj.glb,True,0,2,5,-16,28,1.0,1.0,0.0,0.9411831469452597,0.7744376395488077,-0.166745507396452,0.9190131156459079,0.8904047582657911,-0.0286083573801168,0.9190131156459079,0.8904047582657911,-0.0286083573801168,1.0884149074554443,1.0884149074554443,0.0,55,67,12,7.041345119476318,8.557429313659668,1.5160841941833496,5,6,1,8,8,0
random_20261031,7661,mp3d/D7N2EKCX4Sj/D7N2EKCX4Sj.glb,True,7,22,9,53,61,1.0,1.0,0.0,0.9121426005538785,0.4359435949820633,-0.4761990055718152,0.9338480613356589,0.48042198723306984,-0.45342607410258906,0.9338480613356589,0.48042198723306984,-0.45342607410258906,0.02059585601091385,1.0916717052459717,1.0710758492350578,83,197,114,14.715632438659668,30.790119171142578,16.07448673248291,12,12,0,6,9,3
random_20261031,6509,mp3d/D7N2EKCX4Sj/D7N2EKCX4Sj.glb,False,,,,0,0,1.0,1.0,0.0,1.0,1.0,0.0,0.860586206370762,0.860586206370762,0.0,0.860586206370762,0.860586206370762,0.0,1.274340271949768,1.274340271949768,0.0,36,36,0,4.999999523162842,4.999999523162842,0.0,5,5,0,0,0,0
random_20261031,8822,mp3d/D7N2EKCX4Sj/D7N2EKCX4Sj.glb,False,,,,0,0,1.0,1.0,0.0,0.9231587716851039,0.9231587716851039,0.0,0.900392185487113,0.900392185487113,0.0,0.900392185487113,0.900392185487113,0.0,0.6961624026298523,0.6961624026298523,0.0,59,59,0,9.923651695251465,9.923651695251465,0.0,9,9,0,4,4,0
random_20261031,6173,mp3d/D7N2EKCX4Sj/D7N2EKCX4Sj.glb,False,,,,0,0,1.0,1.0,0.0,0.9028418407882693,0.9028418407882693,0.0,0.8785851765213402,0.8785851765213402,0.0,0.8785851765213402,0.8785851765213402,0.0,0.5955324769020081,0.5955324769020081,0.0,44,44,0,7.229672431945801,7.229672431945801,0.0,6,6,0,9,9,0
random_20261031,4790,mp3d/D7N2EKCX4Sj/D7N2EKCX4Sj.glb,True,2,10,5,-6,23,0.0,0.0,0.0,0.0,0.0,0.0,0.07598718223002084,0.09043164917938715,0.01444446694936631,0.0,0.0,0.0,20.606487274169922,21.02389144897461,0.4174041748046875,90,107,17,15.232590675354004,15.98318099975586,0.7505903244018555,10,13,3,0,0,0
random_20261031,4067,mp3d/ZMojNkEp431/ZMojNkEp431.glb,True,5,15,7,24,44,1.0,1.0,0.0,0.7697590910366837,0.4797981597030215,-0.28996093133366224,0.8472547668486574,0.38839031357404624,-0.4588644532746112,0.8472547668486574,0.38839031357404624,-0.4588644532746112,0.3574756681919098,2.8720386028289795,2.5145629346370697,94,162,68,13.249998092651367,21.25749397277832,8.007495880126953,11,10,-1,0,2,2
random_20261031,5396,mp3d/ZMojNkEp431/ZMojNkEp431.glb,False,,,,0,0,1.0,1.0,0.0,1.0,1.0,0.0,0.9400506256005859,0.9400506256005859,0.0,0.9400506256005859,0.9400506256005859,0.0,1.6800669431686401,1.6800669431686401,0.0,25,25,0,5.385897159576416,5.385897159576416,0.0,5,5,0,0,0,0
random_20261031,10667,mp3d/ZMojNkEp431/ZMojNkEp431.glb,False,,,,0,0,1.0,1.0,0.0,1.0,1.0,0.0,0.9091437171337933,0.9091437171337933,0.0,0.9091437171337933,0.9091437171337933,0.0,1.5630465745925903,1.5630465745925903,0.0,63,63,0,10.975284576416016,10.975284576416016,0.0,10,10,0,1,1,0
random_20261031,4616,mp3d/ZMojNkEp431/ZMojNkEp431.glb,True,7,28,14,37,48,1.0,1.0,0.0,0.8696032222906611,0.48330290783197233,-0.3863003144586888,0.875455044850815,0.5178134265015782,-0.3576416183492368,0.875455044850815,0.5178134265015782,-0.3576416183492368,1.6139354705810547,1.5917378664016724,-0.022197604179382324,83,168,85,17.192291259765625,30.933958053588867,13.741666793823242,13,14,1,1,3,2
random_20261031,2024,mp3d/ZMojNkEp431/ZMojNkEp431.glb,True,5,20,9,64,128,1.0,1.0,0.0,0.7329822321553263,0.20169304491963122,-0.5312891872356951,0.850113026054762,0.0622801668203692,-0.7878328592343928,0.850113026054762,0.0622801668203692,-0.7878328592343928,1.6287598609924316,1.1332272291183472,-0.4955326318740845,63,255,192,10.249995231628418,37.24999237060547,26.99999713897705,7,11,4,0,0,0
random_20261031,6680,mp3d/ZMojNkEp431/ZMojNkEp431.glb,False,,,,0,0,1.0,1.0,0.0,0.9952059709442519,0.9952059709442519,0.0,0.9686114252505901,0.9686114252505901,0.0,0.9686114252505901,0.9686114252505901,0.0,0.313871830701828,0.313871830701828,0.0,44,44,0,7.516256809234619,7.516256809234619,0.0,5,5,0,0,0,0
random_20261031,2288,mp3d/ZMojNkEp431/ZMojNkEp431.glb,False,,,,0,0,1.0,1.0,0.0,1.0,1.0,0.0,0.9173245623139329,0.9173245623139329,0.0,0.9173245623139329,0.9173245623139329,0.0,1.2811180353164673,1.2811180353164673,0.0,42,42,0,8.50974178314209,8.50974178314209,0.0,6,6,0,0,0,0
random_20261031,10583,mp3d/ZMojNkEp431/ZMojNkEp431.glb,False,,,,0,0,1.0,1.0,0.0,0.8898264051953104,0.8898264051953104,0.0,0.8741797085364896,0.8741797085364896,0.0,0.8741797085364896,0.8741797085364896,0.0,1.0075303316116333,1.0075303316116333,0.0,65,65,0,11.002412796020508,11.002412796020508,0.0,7,7,0,0,0,0
random_20261031,3203,mp3d/ZMojNkEp431/ZMojNkEp431.glb,True,6,27,18,34,72,1.0,0.0,-1.0,0.7617737242627598,0.0,-0.7617737242627598,0.4816051813991139,0.08014008649054723,-0.4014650949085667,0.4816051813991139,0.0,-0.4816051813991139,2.863373279571533,4.9478044509887695,2.0844311714172363,100,206,106,19.039588928222656,35.2917594909668,16.25217056274414,11,14,3,0,1,1
random_20261031,6179,mp3d/ZMojNkEp431/ZMojNkEp431.glb,False,,,,0,0,1.0,1.0,0.0,0.6597480960583583,0.6597480960583583,0.0,0.428100361580783,0.428100361580783,0.0,0.428100361580783,0.428100361580783,0.0,1.5975161790847778,1.5975161790847778,0.0,71,71,0,14.784408569335938,14.784408569335938,0.0,10,10,0,0,0,0
random_20261031,10085,mp3d/ZMojNkEp431/ZMojNkEp431.glb,False,,,,0,0,1.0,1.0,0.0,1.0,1.0,0.0,0.6027783734289948,0.6027783734289948,0.0,0.6027783734289948,0.6027783734289948,0.0,1.4658335447311401,1.4658335447311401,0.0,29,29,0,4.496288776397705,4.496288776397705,0.0,5,5,0,1,1,0
random_20261031,527,mp3d/ZMojNkEp431/ZMojNkEp431.glb,False,,,,0,0,0.0,0.0,0.0,0.0,0.0,0.0,0.7583493298370239,0.7583493298370239,0.0,0.0,0.0,0.0,3.2056117057800293,3.2056117057800293,0.0,55,55,0,10.499994277954102,10.499994277954102,0.0,8,8,0,0,0,0
random_20261031,6113,mp3d/sKLMLpTHeUy/sKLMLpTHeUy.glb,False,,,,0,0,1.0,1.0,0.0,1.0,1.0,0.0,0.9268280798943824,0.9268280798943824,0.0,0.9268280798943824,0.9268280798943824,0.0,0.2959091365337372,0.2959091365337372,0.0,49,49,0,8.25000286102295,8.25000286102295,0.0,7,7,0,0,0,0
random_20261031,1397,mp3d/sKLMLpTHeUy/sKLMLpTHeUy.glb,False,,,,0,0,1.0,1.0,0.0,0.7736673652065029,0.7736673652065029,0.0,0.8727107894804932,0.8727107894804932,0.0,0.8727107894804932,0.8727107894804932,0.0,1.0057307481765747,1.0057307481765747,0.0,74,74,0,9.823354721069336,9.823354721069336,0.0,11,11,0,4,4,0
random_20261031,370,mp3d/sKLMLpTHeUy/sKLMLpTHeUy.glb,False,,,,0,0,1.0,1.0,0.0,0.8596418679175051,0.8596418679175051,0.0,0.8956172949050712,0.8956172949050712,0.0,0.8956172949050712,0.8956172949050712,0.0,0.9821049571037292,0.9821049571037292,0.0,50,50,0,7.816819190979004,7.816819190979004,0.0,8,8,0,0,0,0
random_20261031,8537,mp3d/sKLMLpTHeUy/sKLMLpTHeUy.glb,False,,,,0,0,1.0,1.0,0.0,0.8552794844966422,0.8552794844966422,0.0,0.9133336776666751,0.9133336776666751,0.0,0.9133336776666751,0.9133336776666751,0.0,0.46284711360931396,0.46284711360931396,0.0,45,45,0,6.207075119018555,6.207075119018555,0.0,5,5,0,2,2,0
random_20261031,9092,mp3d/sKLMLpTHeUy/sKLMLpTHeUy.glb,True,3,13,15,3,6,1.0,1.0,0.0,0.8485838488906223,0.8933523295343735,0.04476848064375116,0.6699329992572551,0.8424427760163951,0.17250977675913992,0.6699329992572551,0.8424427760163951,0.17250977675913992,2.448044776916504,1.0857133865356445,-1.3623313903808594,56,65,9,10.743752479553223,10.205351829528809,-0.5384006500244141,6,6,0,4,4,0
random_20261031,418,mp3d/sKLMLpTHeUy/sKLMLpTHeUy.glb,True,4,16,6,27,50,1.0,1.0,0.0,1.0,0.5125106167622577,-0.48748938323774227,0.9313103547198969,0.628949792773506,-0.3023605619463908,0.9313103547198969,0.628949792773506,-0.3023605619463908,0.80568528175354,0.883484959602356,0.07779967784881592,61,138,77,10.256002426147461,20.170703887939453,9.914701461791992,8,9,1,0,3,3
random_20261031,4904,mp3d/sKLMLpTHeUy/sKLMLpTHeUy.glb,True,4,15,14,1,2,1.0,1.0,0.0,0.9896512573162157,0.9903817549049566,0.000730497588740886,0.9463728942359606,0.9267363610757767,-0.019636533160183878,0.9463728942359606,0.9267363610757767,-0.019636533160183878,1.2525784969329834,1.4871453046798706,0.2345668077468872,47,50,3,8.026674270629883,8.020753860473633,-0.00592041015625,7,7,0,0,0,0
random_20261031,2069,mp3d/sKLMLpTHeUy/sKLMLpTHeUy.glb,False,,,,0,0,1.0,1.0,0.0,1.0,1.0,0.0,0.9237523192397322,0.9237523192397322,0.0,0.9237523192397322,0.9237523192397322,0.0,1.8253206014633179,1.8253206014633179,0.0,59,59,0,8.750003814697266,8.750003814697266,0.0,9,9,0,0,0,0
random_20261031,10175,mp3d/sKLMLpTHeUy/sKLMLpTHeUy.glb,False,,,,0,0,1.0,1.0,0.0,0.9160899929191638,0.9160899929191638,0.0,0.9244528918277104,0.9244528918277104,0.0,0.9244528918277104,0.9244528918277104,0.0,0.5938405394554138,0.5938405394554138,0.0,37,37,0,6.250004291534424,6.250004291534424,0.0,6,6,0,0,0,0
random_20261031,2786,mp3d/sKLMLpTHeUy/sKLMLpTHeUy.glb,False,,,,0,0,1.0,1.0,0.0,1.0,1.0,0.0,0.9089756641304906,0.9089756641304906,0.0,0.9089756641304906,0.9089756641304906,0.0,1.6515449285507202,1.6515449285507202,0.0,45,45,0,8.262168884277344,8.262168884277344,0.0,6,6,0,0,0,0
random_20261031,8153,mp3d/sKLMLpTHeUy/sKLMLpTHeUy.glb,False,,,,0,0,1.0,1.0,0.0,1.0,1.0,0.0,0.9137718261662015,0.9137718261662015,0.0,0.9137718261662015,0.9137718261662015,0.0,1.704688549041748,1.704688549041748,0.0,47,47,0,9.266036033630371,9.266036033630371,0.0,7,7,0,0,0,0
random_20261031,5990,mp3d/sKLMLpTHeUy/sKLMLpTHeUy.glb,False,,,,0,0,1.0,1.0,0.0,0.9645332663379246,0.9645332663379246,0.0,0.9510127249134425,0.9510127249134425,0.0,0.9510127249134425,0.9510127249134425,0.0,0.5749610066413879,0.5749610066413879,0.0,53,53,0,7.800736427307129,7.800736427307129,0.0,9,9,0,2,2,0
random_20261031,7370,mp3d/Vvot9Ly1tCj/Vvot9Ly1tCj.glb,False,,,,0,0,1.0,1.0,0.0,0.9127504568343614,0.9127504568343614,0.0,0.9175617477100383,0.9175617477100383,0.0,0.9175617477100383,0.9175617477100383,0.0,0.18091796338558197,0.18091796338558197,0.0,55,55,0,9.750001907348633,9.750001907348633,0.0,7,7,0,0,0,0
random_20261031,7187,mp3d/Vvot9Ly1tCj/Vvot9Ly1tCj.glb,False,,,,0,0,1.0,1.0,0.0,0.9170464492347274,0.9170464492347274,0.0,0.9229096660254853,0.9229096660254853,0.0,0.9229096660254853,0.9229096660254853,0.0,0.45663997530937195,0.45663997530937195,0.0,41,41,0,6.499998092651367,6.499998092651367,0.0,6,6,0,0,0,0
random_20261031,563,mp3d/Vvot9Ly1tCj/Vvot9Ly1tCj.glb,False,,,,0,0,1.0,1.0,0.0,0.9137173428405351,0.9137173428405351,0.0,0.9327248664477583,0.9327248664477583,0.0,0.9327248664477583,0.9327248664477583,0.0,0.42435744404792786,0.42435744404792786,0.0,80,80,0,14.063831329345703,14.063831329345703,0.0,10,10,0,0,0,0
random_20261031,7478,mp3d/Vvot9Ly1tCj/Vvot9Ly1tCj.glb,True,5,18,15,13,18,1.0,1.0,0.0,0.820595211452908,0.6713960820978339,-0.14919912935507418,0.8536640950141271,0.7827892834092093,-0.07087481160491782,0.8536640950141271,0.7827892834092093,-0.07087481160491782,1.3600856065750122,1.8826199769973755,0.5225343704223633,48,79,31,9.0,11.0,2.0,7,8,1,0,0,0
random_20261031,178,mp3d/Vvot9Ly1tCj/Vvot9Ly1tCj.glb,False,,,,0,0,1.0,1.0,0.0,0.830972706664051,0.830972706664051,0.0,0.940951163220583,0.940951163220583,0.0,0.940951163220583,0.940951163220583,0.0,0.5576947331428528,0.5576947331428528,0.0,40,40,0,6.334258079528809,6.334258079528809,0.0,6,6,0,0,0,0
random_20261031,2078,mp3d/Vvot9Ly1tCj/Vvot9Ly1tCj.glb,False,,,,0,0,1.0,1.0,0.0,0.6781623211214685,0.6781623211214685,0.0,0.7822112867436259,0.7822112867436259,0.0,0.7822112867436259,0.7822112867436259,0.0,1.5810234546661377,1.5810234546661377,0.0,46,46,0,8.97069263458252,8.97069263458252,0.0,6,6,0,2,2,0
random_20261031,7091,mp3d/Vvot9Ly1tCj/Vvot9Ly1tCj.glb,True,9,31,17,63,83,1.0,1.0,0.0,0.9131838855539022,0.36148637062079175,-0.5516975149331105,0.8986698204285015,0.21132777413076437,-0.6873420462977371,0.8986698204285015,0.21132777413076437,-0.6873420462977371,0.1488916426897049,2.02689528465271,1.878003641963005,89,235,146,14.749999046325684,37.26132583618164,22.511326789855957,11,12,1,0,1,1
random_20261031,1712,mp3d/Vvot9Ly1tCj/Vvot9Ly1tCj.glb,False,,,,0,0,1.0,1.0,0.0,0.9684727011669403,0.9684727011669403,0.0,0.9427110111669628,0.9427110111669628,0.0,0.9427110111669628,0.9427110111669628,0.0,0.1443268060684204,0.1443268060684204,0.0,64,64,0,11.500004768371582,11.500004768371582,0.0,9,9,0,0,0,0
random_20261031,10826,mp3d/Vvot9Ly1tCj/Vvot9Ly1tCj.glb,False,,,,0,0,1.0,1.0,0.0,0.9995741466393371,0.9995741466393371,0.0,0.8661541290797653,0.8661541290797653,0.0,0.8661541290797653,0.8661541290797653,0.0,0.6774362325668335,0.6774362325668335,0.0,69,69,0,13.031318664550781,13.031318664550781,0.0,10,10,0,0,0,0
random_20261031,6020,mp3d/Vvot9Ly1tCj/Vvot9Ly1tCj.glb,True,11,31,22,53,71,0.0,0.0,0.0,0.0,0.0,0.0,0.36574847606855304,0.12953570620193036,-0.23621276986662268,0.0,0.0,0.0,5.4506988525390625,5.4506988525390625,0.0,104,228,124,10.692468643188477,22.079418182373047,11.38694953918457,15,15,0,43,42,-1
random_20261031,4280,mp3d/Vvot9Ly1tCj/Vvot9Ly1tCj.glb,True,3,13,11,14,-1,1.0,1.0,0.0,0.6911158548755195,0.5660874055146355,-0.12502844936088398,0.8692471505091118,0.8553960605630515,-0.013851089946060324,0.8692471505091118,0.8553960605630515,-0.013851089946060324,0.4418880045413971,0.4414326548576355,-0.0004553496837615967,73,86,13,8.352436065673828,10.197190284729004,1.8447542190551758,7,8,1,0,0,0
random_20261031,4010,mp3d/Vvot9Ly1tCj/Vvot9Ly1tCj.glb,True,7,22,23,0,31,0.0,1.0,1.0,0.0,0.5888854324581763,0.5888854324581763,0.18134572880504352,0.13366383545742036,-0.047681893347623155,0.0,0.13366383545742036,0.13366383545742036,4.599164009094238,2.4269793033599854,-2.172184705734253,112,143,31,21.497493743896484,22.74749755859375,1.2500038146972656,15,15,0,1,1,0
random_20261031,10295,mp3d/8WUmhLawc2A/8WUmhLawc2A.glb,False,,,,0,0,1.0,1.0,0.0,1.0,1.0,0.0,0.9370354896252916,0.9370354896252916,0.0,0.9370354896252916,0.9370354896252916,0.0,0.9551463723182678,0.9551463723182678,0.0,34,34,0,5.999991416931152,5.999991416931152,0.0,6,6,0,0,0,0
random_20261031,4310,mp3d/8WUmhLawc2A/8WUmhLawc2A.glb,False,,,,0,0,0.0,0.0,0.0,0.0,0.0,0.0,0.6991956509897476,0.6991956509897476,0.0,0.0,0.0,0.0,3.9670748710632324,3.9670748710632324,0.0,75,75,0,13.026702880859375,13.026702880859375,0.0,11,11,0,0,0,0
random_20261031,9299,mp3d/8WUmhLawc2A/8WUmhLawc2A.glb,False,,,,0,0,1.0,1.0,0.0,1.0,1.0,0.0,0.9452478645249042,0.9452478645249042,0.0,0.9452478645249042,0.9452478645249042,0.0,0.913779616355896,0.913779616355896,0.0,54,54,0,8.00000286102295,8.00000286102295,0.0,8,8,0,0,0,0
random_20261031,7352,mp3d/8WUmhLawc2A/8WUmhLawc2A.glb,False,,,,0,0,1.0,1.0,0.0,1.0,1.0,0.0,0.904887827094938,0.904887827094938,0.0,0.904887827094938,0.904887827094938,0.0,1.213857650756836,1.213857650756836,0.0,47,47,0,6.582125663757324,6.582125663757324,0.0,5,5,0,6,6,0
random_20261031,3326,mp3d/8WUmhLawc2A/8WUmhLawc2A.glb,False,,,,0,0,1.0,1.0,0.0,0.846402002010719,0.846402002010719,0.0,0.9005400954340195,0.9005400954340195,0.0,0.9005400954340195,0.9005400954340195,0.0,0.6204965114593506,0.6204965114593506,0.0,51,51,0,8.5420560836792,8.5420560836792,0.0,6,6,0,3,3,0
random_20261031,7676,mp3d/8WUmhLawc2A/8WUmhLawc2A.glb,True,8,20,16,27,45,1.0,1.0,0.0,1.0,0.542238278019552,-0.45776172198044796,0.28524046239269024,0.12625596959467372,-0.15898449279801652,0.28524046239269024,0.12625596959467372,-0.15898449279801652,1.0871738195419312,0.686430037021637,-0.4007437825202942,76,148,72,11.660605430603027,21.661346435546875,10.000741004943848,11,12,1,4,5,1
random_20261031,8708,mp3d/8WUmhLawc2A/8WUmhLawc2A.glb,False,,,,0,0,1.0,1.0,0.0,1.0,1.0,0.0,0.9414846919145307,0.9414846919145307,0.0,0.9414846919145307,0.9414846919145307,0.0,1.2821167707443237,1.2821167707443237,0.0,40,40,0,6.499999046325684,6.499999046325684,0.0,7,7,0,0,0,0
random_20261031,5462,mp3d/8WUmhLawc2A/8WUmhLawc2A.glb,False,,,,0,0,1.0,1.0,0.0,0.8188425494778541,0.8188425494778541,0.0,0.8861844181460891,0.8861844181460891,0.0,0.8861844181460891,0.8861844181460891,0.0,0.8006537556648254,0.8006537556648254,0.0,64,64,0,7.75,7.75,0.0,8,8,0,0,0,0
random_20261031,2519,mp3d/8WUmhLawc2A/8WUmhLawc2A.glb,True,6,24,18,35,52,1.0,1.0,0.0,0.81707647572393,0.4271081577647816,-0.38996831795914844,0.9240447551054668,0.6610979418751473,-0.26294681323031954,0.9240447551054668,0.6610979418751473,-0.26294681323031954,0.43821004033088684,0.5851163864135742,0.14690634608268738,69,156,87,11.5,22.0,10.5,9,10,1,0,0,0
random_20261031,6644,mp3d/8WUmhLawc2A/8WUmhLawc2A.glb,False,,,,0,0,1.0,1.0,0.0,0.9194819808209472,0.9194819808209472,0.0,0.9063925571896947,0.9063925571896947,0.0,0.9063925571896947,0.9063925571896947,0.0,0.6632542610168457,0.6632542610168457,0.0,107,107,0,18.50000762939453,18.50000762939453,0.0,13,13,0,0,0,0
random_20261031,6596,mp3d/8WUmhLawc2A/8WUmhLawc2A.glb,False,,,,0,0,1.0,1.0,0.0,0.8185360994253734,0.8185360994253734,0.0,0.8881235012443298,0.8881235012443298,0.0,0.8881235012443298,0.8881235012443298,0.0,0.8336018323898315,0.8336018323898315,0.0,62,62,0,8.821825981140137,8.821825981140137,0.0,7,7,0,10,10,0
random_20261031,7094,mp3d/8WUmhLawc2A/8WUmhLawc2A.glb,False,,,,0,0,1.0,1.0,0.0,1.0,1.0,0.0,0.9532593752204038,0.9532593752204038,0.0,0.9532593752204038,0.9532593752204038,0.0,1.3793513774871826,1.3793513774871826,0.0,42,42,0,6.975788593292236,6.975788593292236,0.0,7,7,0,1,1,0
random_20261031,5285,mp3d/pRbA3pwrgk9/pRbA3pwrgk9.glb,False,,,,0,0,1.0,1.0,0.0,0.6772324803517021,0.6772324803517021,0.0,0.6985784151390115,0.6985784151390115,0.0,0.6985784151390115,0.6985784151390115,0.0,1.0651921033859253,1.0651921033859253,0.0,60,60,0,8.522655487060547,8.522655487060547,0.0,7,7,0,0,0,0
random_20261031,3776,mp3d/pRbA3pwrgk9/pRbA3pwrgk9.glb,False,,,,0,0,1.0,1.0,0.0,1.0,1.0,0.0,0.9271367058911197,0.9271367058911197,0.0,0.9271367058911197,0.9271367058911197,0.0,1.8165218830108643,1.8165218830108643,0.0,46,46,0,8.001500129699707,8.001500129699707,0.0,8,8,0,0,0,0
random_20261031,2228,mp3d/pRbA3pwrgk9/pRbA3pwrgk9.glb,True,0,3,4,-7,15,1.0,1.0,0.0,0.9617029825846354,0.9617028602977931,-1.222868423189638e-07,0.9124364636225261,0.929160767858097,0.01672430423557092,0.9124364636225261,0.929160767858097,0.01672430423557092,1.1884455680847168,0.46948057413101196,-0.7189649939537048,39,47,8,7.5,7.500000953674316,9.5367431640625e-07,6,7,1,0,0,0
random_20261031,8057,mp3d/pRbA3pwrgk9/pRbA3pwrgk9.glb,True,5,14,15,-4,27,1.0,1.0,0.0,0.7899765065352873,0.5426206833753737,-0.24735582315991356,0.8736449884004872,0.8504453946563241,-0.02319959374416314,0.8736449884004872,0.8504453946563241,-0.02319959374416314,1.5500150918960571,0.4117864668369293,-1.1382286250591278,68,91,23,7.352235794067383,10.703782081604004,3.351546287536621,9,11,2,8,10,2
random_20261031,1583,mp3d/pRbA3pwrgk9/pRbA3pwrgk9.glb,True,3,12,6,28,6,1.0,1.0,0.0,1.0,1.0,0.0,0.9501873024692797,0.9103196639859309,-0.039867638483348844,0.9501873024692797,0.9103196639859309,-0.039867638483348844,1.2244867086410522,1.0344735383987427,-0.19001317024230957,46,80,34,6.121482849121094,7.006630897521973,0.8851480484008789,6,7,1,1,17,16
random_20261031,8582,mp3d/pRbA3pwrgk9/pRbA3pwrgk9.glb,True,4,13,11,22,20,1.0,1.0,0.0,0.9702296623906913,0.6726235698757042,-0.29760609251498715,0.9196450583964481,0.8201351856778172,-0.09950987271863088,0.9196450583964481,0.8201351856778172,-0.09950987271863088,0.36816737055778503,0.36386382579803467,-0.004303544759750366,47,89,42,8.421197891235352,12.147204399108887,3.726006507873535,6,7,1,0,3,3
random_20261031,5891,mp3d/pRbA3pwrgk9/pRbA3pwrgk9.glb,False,,,,0,0,1.0,1.0,0.0,1.0,1.0,0.0,0.9361441045741573,0.9361441045741573,0.0,0.9361441045741573,0.9361441045741573,0.0,0.26414772868156433,0.26414772868156433,0.0,25,25,0,4.480660438537598,4.480660438537598,0.0,4,4,0,1,1,0
random_20261031,5192,mp3d/pRbA3pwrgk9/pRbA3pwrgk9.glb,True,4,15,10,29,45,1.0,1.0,0.0,0.8376735736172028,0.4641224560860458,-0.37355111753115705,0.9064697938852238,0.7322123913850335,-0.17425740250019028,0.9064697938852238,0.7322123913850335,-0.17425740250019028,0.531426727771759,0.7732781767845154,0.24185144901275635,51,125,74,8.74343490600586,15.78062915802002,7.03719425201416,6,7,1,1,3,2
random_20261031,10490,mp3d/pRbA3pwrgk9/pRbA3pwrgk9.glb,True,10,30,21,37,149,1.0,0.0,-1.0,0.8380708076607792,0.0,-0.8380708076607792,0.8863422157345437,0.2834620183510251,-0.6028801973835187,0.8863422157345437,0.0,-0.8863422157345437,2.0783798694610596,3.848487377166748,1.7701075077056885,97,283,186,14.082818031311035,32.168521881103516,18.08570384979248,12,15,3,4,16,12
random_20261031,1625,mp3d/pRbA3pwrgk9/pRbA3pwrgk9.glb,False,,,,0,0,1.0,1.0,0.0,1.0,1.0,0.0,0.9120213708165783,0.9120213708165783,0.0,0.9120213708165783,0.9120213708165783,0.0,1.7844457626342773,1.7844457626342773,0.0,50,50,0,9.17962646484375,9.17962646484375,0.0,6,6,0,3,3,0
random_20261031,2762,mp3d/pRbA3pwrgk9/pRbA3pwrgk9.glb,False,,,,0,0,1.0,1.0,0.0,1.0,1.0,0.0,0.9399443175011014,0.9399443175011014,0.0,0.9399443175011014,0.9399443175011014,0.0,0.7603846788406372,0.7603846788406372,0.0,46,46,0,5.879151821136475,5.879151821136475,0.0,5,5,0,11,11,0
random_20261031,6098,mp3d/pRbA3pwrgk9/pRbA3pwrgk9.glb,True,13,29,17,71,44,0.0,1.0,1.0,0.0,0.17693619938038269,0.17693619938038269,0.38691608772142616,0.12124238752985546,-0.2656737001915707,0.0,0.12124238752985546,0.12124238752985546,5.1040472984313965,0.3888997435569763,-4.71514755487442,91,206,115,12.644413948059082,27.32579231262207,14.681378364562988,15,15,0,7,11,4
random_20261031,10355,mp3d/17DRP5sb8fy/17DRP5sb8fy.glb,False,,,,0,0,1.0,1.0,0.0,0.7907456454823294,0.7907456454823294,0.0,0.9251650031371519,0.9251650031371519,0.0,0.9251650031371519,0.9251650031371519,0.0,0.8542608618736267,0.8542608618736267,0.0,41,41,0,5.750000953674316,5.750000953674316,0.0,5,5,0,0,0,0
random_20261031,10154,mp3d/17DRP5sb8fy/17DRP5sb8fy.glb,False,,,,0,0,1.0,1.0,0.0,1.0,1.0,0.0,0.9449971319264825,0.9449971319264825,0.0,0.9449971319264825,0.9449971319264825,0.0,1.207086443901062,1.207086443901062,0.0,41,41,0,7.250000476837158,7.250000476837158,0.0,6,6,0,0,0,0
random_20261031,1074,mp3d/17DRP5sb8fy/17DRP5sb8fy.glb,False,,,,0,0,1.0,1.0,0.0,1.0,1.0,0.0,0.9500402750212671,0.9500402750212671,0.0,0.9500402750212671,0.9500402750212671,0.0,1.1623389720916748,1.1623389720916748,0.0,35,35,0,6.250002384185791,6.250002384185791,0.0,5,5,0,0,0,0
random_20261031,5150,mp3d/17DRP5sb8fy/17DRP5sb8fy.glb,False,,,,0,0,1.0,1.0,0.0,1.0,1.0,0.0,0.9349872327422067,0.9349872327422067,0.0,0.9349872327422067,0.9349872327422067,0.0,1.215065836906433,1.215065836906433,0.0,32,32,0,5.0,5.0,0.0,4,4,0,0,0,0
random_20261031,1116,mp3d/17DRP5sb8fy/17DRP5sb8fy.glb,False,,,,0,0,1.0,1.0,0.0,1.0,1.0,0.0,0.9059480260513482,0.9059480260513482,0.0,0.9059480260513482,0.9059480260513482,0.0,1.7495944499969482,1.7495944499969482,0.0,43,43,0,7.0,7.0,0.0,6,6,0,0,0,0
random_20261031,3899,mp3d/17DRP5sb8fy/17DRP5sb8fy.glb,False,,,,0,0,1.0,1.0,0.0,0.8941715980230528,0.8941715980230528,0.0,0.942494936924092,0.942494936924092,0.0,0.942494936924092,0.942494936924092,0.0,0.30271854996681213,0.30271854996681213,0.0,41,41,0,5.463344097137451,5.463344097137451,0.0,5,5,0,2,2,0
random_20261031,9524,mp3d/17DRP5sb8fy/17DRP5sb8fy.glb,False,,,,0,0,1.0,1.0,0.0,1.0,1.0,0.0,0.9253465238287139,0.9253465238287139,0.0,0.9253465238287139,0.9253465238287139,0.0,1.1087008714675903,1.1087008714675903,0.0,25,25,0,4.25,4.25,0.0,4,4,0,0,0,0
random_20261031,5795,mp3d/17DRP5sb8fy/17DRP5sb8fy.glb,False,,,,0,0,1.0,1.0,0.0,1.0,1.0,0.0,0.93921931952386,0.93921931952386,0.0,0.93921931952386,0.93921931952386,0.0,0.8578460216522217,0.8578460216522217,0.0,41,41,0,5.463344097137451,5.463344097137451,0.0,5,5,0,2,2,0
random_20261031,8504,mp3d/17DRP5sb8fy/17DRP5sb8fy.glb,False,,,,0,0,1.0,1.0,0.0,0.8681511549404526,0.8681511549404526,0.0,0.9419753216851418,0.9419753216851418,0.0,0.9419753216851418,0.9419753216851418,0.0,0.5854593515396118,0.5854593515396118,0.0,39,39,0,5.76057243347168,5.76057243347168,0.0,6,6,0,0,0,0
random_20261031,5573,mp3d/17DRP5sb8fy/17DRP5sb8fy.glb,False,,,,0,0,1.0,1.0,0.0,0.7384051272030088,0.7384051272030088,0.0,0.877604024878098,0.877604024878098,0.0,0.877604024878098,0.877604024878098,0.0,0.9709731340408325,0.9709731340408325,0.0,65,65,0,7.940237998962402,7.940237998962402,0.0,6,6,0,2,2,0
random_20261031,3605,mp3d/17DRP5sb8fy/17DRP5sb8fy.glb,False,,,,0,0,1.0,1.0,0.0,1.0,1.0,0.0,0.9010870534579015,0.9010870534579015,0.0,0.9010870534579015,0.9010870534579015,0.0,1.273645043373108,1.273645043373108,0.0,33,33,0,5.25,5.25,0.0,5,5,0,0,0,0
random_20261031,575,mp3d/17DRP5sb8fy/17DRP5sb8fy.glb,False,,,,0,0,1.0,1.0,0.0,1.0,1.0,0.0,0.94025668547679,0.94025668547679,0.0,0.94025668547679,0.94025668547679,0.0,0.915335476398468,0.915335476398468,0.0,53,53,0,7.134962558746338,7.134962558746338,0.0,7,7,0,4,4,0
random_20261031,3131,mp3d/1pXnuDYAj8r/1pXnuDYAj8r.glb,False,,,,0,0,1.0,1.0,0.0,1.0,1.0,0.0,0.9047155688867796,0.9047155688867796,0.0,0.9047155688867796,0.9047155688867796,0.0,1.3015528917312622,1.3015528917312622,0.0,53,53,0,10.500003814697266,10.500003814697266,0.0,7,7,0,0,0,0
random_20261031,3353,mp3d/1pXnuDYAj8r/1pXnuDYAj8r.glb,False,,,,0,0,1.0,1.0,0.0,0.9856534471698836,0.9856534471698836,0.0,0.920413758647767,0.920413758647767,0.0,0.920413758647767,0.920413758647767,0.0,0.682630717754364,0.682630717754364,0.0,65,65,0,12.75,12.75,0.0,10,10,0,0,0,0
random_20261031,6884,mp3d/1pXnuDYAj8r/1pXnuDYAj8r.glb,False,,,,0,0,1.0,1.0,0.0,1.0,1.0,0.0,0.9248311517026916,0.9248311517026916,0.0,0.9248311517026916,0.9248311517026916,0.0,1.3187601566314697,1.3187601566314697,0.0,34,34,0,5.250000476837158,5.250000476837158,0.0,6,6,0,0,0,0
random_20261031,2477,mp3d/1pXnuDYAj8r/1pXnuDYAj8r.glb,True,5,17,8,46,52,0.0,0.0,0.0,0.0,0.0,0.0,0.7122064050848078,0.24663462778294776,-0.46557177730186006,0.0,0.0,0.0,3.2048516273498535,3.5754103660583496,0.3705587387084961,58,156,98,10.730484962463379,26.737457275390625,16.006972312927246,7,8,1,1,5,4
random_20261031,4841,mp3d/1pXnuDYAj8r/1pXnuDYAj8r.glb,True,10,26,17,46,42,1.0,0.0,-1.0,0.8241105947949026,0.0,-0.8241105947949026,0.8631234972519132,0.4542238452395464,-0.4088996520123668,0.8631234972519132,0.0,-0.8631234972519132,2.11484956741333,7.366042137145996,5.251192569732666,114,202,88,16.711505889892578,20.766040802001953,4.054534912109375,15,15,0,0,7,7
random_20261031,6344,mp3d/1pXnuDYAj8r/1pXnuDYAj8r.glb,False,,,,0,0,1.0,1.0,0.0,1.0,1.0,0.0,0.9088506822167669,0.9088506822167669,0.0,0.9088506822167669,0.9088506822167669,0.0,1.3249093294143677,1.3249093294143677,0.0,61,61,0,10.749992370605469,10.749992370605469,0.0,9,9,0,0,0,0
random_20261031,6752,mp3d/1pXnuDYAj8r/1pXnuDYAj8r.glb,False,,,,0,0,1.0,1.0,0.0,1.0,1.0,0.0,0.9274770946050384,0.9274770946050384,0.0,0.9274770946050384,0.9274770946050384,0.0,1.5871949195861816,1.5871949195861816,0.0,42,42,0,6.75236177444458,6.75236177444458,0.0,6,6,0,0,0,0
random_20261031,7295,mp3d/1pXnuDYAj8r/1pXnuDYAj8r.glb,False,,,,0,0,1.0,1.0,0.0,0.8163739721572524,0.8163739721572524,0.0,0.9174061405048597,0.9174061405048597,0.0,0.9174061405048597,0.9174061405048597,0.0,1.0217249393463135,1.0217249393463135,0.0,37,37,0,4.274156093597412,4.274156093597412,0.0,4,4,0,0,0,0
random_20261031,493,mp3d/1pXnuDYAj8r/1pXnuDYAj8r.glb,False,,,,0,0,1.0,1.0,0.0,1.0,1.0,0.0,0.9393323832795254,0.9393323832795254,0.0,0.9393323832795254,0.9393323832795254,0.0,1.6655668020248413,1.6655668020248413,0.0,60,60,0,12.750003814697266,12.750003814697266,0.0,9,9,0,0,0,0
random_20261031,5141,mp3d/1pXnuDYAj8r/1pXnuDYAj8r.glb,False,,,,0,0,1.0,1.0,0.0,1.0,1.0,0.0,0.9137334757803558,0.9137334757803558,0.0,0.9137334757803558,0.9137334757803558,0.0,0.8547974228858948,0.8547974228858948,0.0,44,44,0,7.249999523162842,7.249999523162842,0.0,6,6,0,0,0,0
random_20261031,1742,mp3d/1pXnuDYAj8r/1pXnuDYAj8r.glb,False,,,,0,0,1.0,1.0,0.0,1.0,1.0,0.0,0.9407270472173778,0.9407270472173778,0.0,0.9407270472173778,0.9407270472173778,0.0,0.8078550696372986,0.8078550696372986,0.0,46,46,0,8.002359390258789,8.002359390258789,0.0,7,7,0,0,0,0
random_20261031,1153,mp3d/1pXnuDYAj8r/1pXnuDYAj8r.glb,False,,,,0,0,1.0,1.0,0.0,0.7968689856642995,0.7968689856642995,0.0,0.8889710886376649,0.8889710886376649,0.0,0.8889710886376649,0.8889710886376649,0.0,0.7661161422729492,0.7661161422729492,0.0,45,45,0,6.500002384185791,6.500002384185791,0.0,5,5,0,0,0,0
random_20261032,8963,mp3d/D7N2EKCX4Sj/D7N2EKCX4Sj.glb,False,,,,0,0,1.0,1.0,0.0,0.9013923519633423,0.9013923519633423,0.0,0.8788315287710569,0.8788315287710569,0.0,0.8788315287710569,0.8788315287710569,0.0,0.6681005954742432,0.6681005954742432,0.0,45,45,0,7.499999046325684,7.499999046325684,0.0,6,6,0,0,0,0
random_20261032,10430,mp3d/D7N2EKCX4Sj/D7N2EKCX4Sj.glb,True,2,8,6,1,37,1.0,1.0,0.0,1.0,0.8402417270007422,-0.15975827299925782,0.86280839522143,0.9001649049082394,0.03735650968680937,0.86280839522143,0.9001649049082394,0.03735650968680937,1.8452829122543335,1.1415321826934814,-0.703750729560852,63,101,38,7.722980499267578,9.568502426147461,1.8455219268798828,9,10,1,15,16,1
random_20261032,4922,mp3d/D7N2EKCX4Sj/D7N2EKCX4Sj.glb,False,,,,0,0,1.0,1.0,0.0,0.9427645256456966,0.9427645256456966,0.0,0.9575900208573054,0.9575900208573054,0.0,0.9575900208573054,0.9575900208573054,0.0,0.4169694185256958,0.4169694185256958,0.0,46,46,0,7.0191330909729,7.0191330909729,0.0,7,7,0,2,2,0
random_20261032,275,mp3d/D7N2EKCX4Sj/D7N2EKCX4Sj.glb,False,,,,0,0,1.0,1.0,0.0,1.0,1.0,0.0,0.8960005475084255,0.8960005475084255,0.0,0.8960005475084255,0.8960005475084255,0.0,0.9923063516616821,0.9923063516616821,0.0,28,28,0,4.786001205444336,4.786001205444336,0.0,4,4,0,0,0,0
random_20261032,1943,mp3d/D7N2EKCX4Sj/D7N2EKCX4Sj.glb,True,4,14,12,12,38,0.0,0.0,0.0,0.0,0.0,0.0,0.33733880044267545,0.25084675637378956,-0.08649204406888589,0.0,0.0,0.0,5.225057601928711,5.225057601928711,0.0,110,160,50,15.534454345703125,21.54408073425293,6.009626388549805,7,8,1,8,8,0
random_20261032,2882,mp3d/D7N2EKCX4Sj/D7N2EKCX4Sj.glb,False,,,,0,0,1.0,1.0,0.0,1.0,1.0,0.0,0.9450046457781375,0.9450046457781375,0.0,0.9450046457781375,0.9450046457781375,0.0,1.4151694774627686,1.4151694774627686,0.0,34,34,0,5.510061740875244,5.510061740875244,0.0,5,5,0,1,1,0
random_20261032,2378,mp3d/D7N2EKCX4Sj/D7N2EKCX4Sj.glb,True,0,2,5,-16,28,1.0,1.0,0.0,0.9411831469452597,0.7744376395488077,-0.166745507396452,0.9190131156459079,0.8904047582657911,-0.0286083573801168,0.9190131156459079,0.8904047582657911,-0.0286083573801168,1.0884149074554443,1.0884149074554443,0.0,55,67,12,7.041345119476318,8.557429313659668,1.5160841941833496,5,6,1,8,8,0
random_20261032,7661,mp3d/D7N2EKCX4Sj/D7N2EKCX4Sj.glb,True,7,22,13,46,78,1.0,1.0,0.0,0.9121426005538785,0.43949760653495584,-0.4726449940189227,0.9338480613356589,0.5198962169955946,-0.41395184434006427,0.9338480613356589,0.5198962169955946,-0.41395184434006427,0.02059585601091385,1.4062001705169678,1.385604314506054,83,207,124,14.715632438659668,30.541133880615234,15.825501441955566,12,13,1,6,5,-1
random_20261032,6509,mp3d/D7N2EKCX4Sj/D7N2EKCX4Sj.glb,False,,,,0,0,1.0,1.0,0.0,1.0,1.0,0.0,0.860586206370762,0.860586206370762,0.0,0.860586206370762,0.860586206370762,0.0,1.274340271949768,1.274340271949768,0.0,36,36,0,4.999999523162842,4.999999523162842,0.0,5,5,0,0,0,0
random_20261032,8822,mp3d/D7N2EKCX4Sj/D7N2EKCX4Sj.glb,False,,,,0,0,1.0,1.0,0.0,0.9231587716851039,0.9231587716851039,0.0,0.900392185487113,0.900392185487113,0.0,0.900392185487113,0.900392185487113,0.0,0.6961624026298523,0.6961624026298523,0.0,59,59,0,9.923651695251465,9.923651695251465,0.0,9,9,0,4,4,0
random_20261032,6173,mp3d/D7N2EKCX4Sj/D7N2EKCX4Sj.glb,False,,,,0,0,1.0,1.0,0.0,0.9028418407882693,0.9028418407882693,0.0,0.8785851765213402,0.8785851765213402,0.0,0.8785851765213402,0.8785851765213402,0.0,0.5955324769020081,0.5955324769020081,0.0,44,44,0,7.229672431945801,7.229672431945801,0.0,6,6,0,9,9,0
random_20261032,4790,mp3d/D7N2EKCX4Sj/D7N2EKCX4Sj.glb,False,,,,0,0,0.0,0.0,0.0,0.0,0.0,0.0,0.07598718223002084,0.07598718223002084,0.0,0.0,0.0,0.0,20.606487274169922,20.606487274169922,0.0,90,90,0,15.232590675354004,15.232590675354004,0.0,10,10,0,0,0,0
random_20261032,4067,mp3d/ZMojNkEp431/ZMojNkEp431.glb,False,,,,0,0,1.0,1.0,0.0,0.7697590910366837,0.7697590910366837,0.0,0.8472547668486574,0.8472547668486574,0.0,0.8472547668486574,0.8472547668486574,0.0,0.3574756681919098,0.3574756681919098,0.0,94,94,0,13.249998092651367,13.249998092651367,0.0,11,11,0,0,0,0
random_20261032,5396,mp3d/ZMojNkEp431/ZMojNkEp431.glb,False,,,,0,0,1.0,1.0,0.0,1.0,1.0,0.0,0.9400506256005859,0.9400506256005859,0.0,0.9400506256005859,0.9400506256005859,0.0,1.6800669431686401,1.6800669431686401,0.0,25,25,0,5.385897159576416,5.385897159576416,0.0,5,5,0,0,0,0
random_20261032,10667,mp3d/ZMojNkEp431/ZMojNkEp431.glb,False,,,,0,0,1.0,1.0,0.0,1.0,1.0,0.0,0.9091437171337933,0.9091437171337933,0.0,0.9091437171337933,0.9091437171337933,0.0,1.5630465745925903,1.5630465745925903,0.0,63,63,0,10.975284576416016,10.975284576416016,0.0,10,10,0,1,1,0
random_20261032,4616,mp3d/ZMojNkEp431/ZMojNkEp431.glb,True,7,28,17,38,49,1.0,1.0,0.0,0.8696032222906611,0.5256421407331043,-0.3439610815575568,0.875455044850815,0.6348372561861073,-0.24061778866470773,0.875455044850815,0.6348372561861073,-0.24061778866470773,1.6139354705810547,1.3883938789367676,-0.2255415916442871,83,170,87,17.192291259765625,28.44230079650879,11.250009536743164,13,14,1,1,1,0
random_20261032,2024,mp3d/ZMojNkEp431/ZMojNkEp431.glb,True,5,20,17,33,38,1.0,1.0,0.0,0.7329822321553263,0.41739264271742194,-0.3155895894379044,0.850113026054762,0.6029772252537533,-0.24713580080100872,0.850113026054762,0.6029772252537533,-0.24713580080100872,1.6287598609924316,0.35529983043670654,-1.273460030555725,63,134,71,10.249995231628418,17.99999237060547,7.749997138977051,7,9,2,0,0,0
random_20261032,6680,mp3d/ZMojNkEp431/ZMojNkEp431.glb,False,,,,0,0,1.0,1.0,0.0,0.9952059709442519,0.9952059709442519,0.0,0.9686114252505901,0.9686114252505901,0.0,0.9686114252505901,0.9686114252505901,0.0,0.313871830701828,0.313871830701828,0.0,44,44,0,7.516256809234619,7.516256809234619,0.0,5,5,0,0,0,0
random_20261032,2288,mp3d/ZMojNkEp431/ZMojNkEp431.glb,False,,,,0,0,1.0,1.0,0.0,1.0,1.0,0.0,0.9173245623139329,0.9173245623139329,0.0,0.9173245623139329,0.9173245623139329,0.0,1.2811180353164673,1.2811180353164673,0.0,42,42,0,8.50974178314209,8.50974178314209,0.0,6,6,0,0,0,0
random_20261032,10583,mp3d/ZMojNkEp431/ZMojNkEp431.glb,False,,,,0,0,1.0,1.0,0.0,0.8898264051953104,0.8898264051953104,0.0,0.8741797085364896,0.8741797085364896,0.0,0.8741797085364896,0.8741797085364896,0.0,1.0075303316116333,1.0075303316116333,0.0,65,65,0,11.002412796020508,11.002412796020508,0.0,7,7,0,0,0,0
random_20261032,3203,mp3d/ZMojNkEp431/ZMojNkEp431.glb,True,6,27,19,33,55,1.0,1.0,0.0,0.7617737242627598,0.47491972355448997,-0.28685400070826983,0.4816051813991139,0.23197475952282615,-0.24963042187628776,0.4816051813991139,0.23197475952282615,-0.24963042187628776,2.863373279571533,2.379835605621338,-0.4835376739501953,100,188,88,19.039588928222656,30.539600372314453,11.500011444091797,11,12,1,0,0,0
random_20261032,6179,mp3d/ZMojNkEp431/ZMojNkEp431.glb,False,,,,0,0,1.0,1.0,0.0,0.6597480960583583,0.6597480960583583,0.0,0.428100361580783,0.428100361580783,0.0,0.428100361580783,0.428100361580783,0.0,1.5975161790847778,1.5975161790847778,0.0,71,71,0,14.784408569335938,14.784408569335938,0.0,10,10,0,0,0,0
random_20261032,10085,mp3d/ZMojNkEp431/ZMojNkEp431.glb,False,,,,0,0,1.0,1.0,0.0,1.0,1.0,0.0,0.6027783734289948,0.6027783734289948,0.0,0.6027783734289948,0.6027783734289948,0.0,1.4658335447311401,1.4658335447311401,0.0,29,29,0,4.496288776397705,4.496288776397705,0.0,5,5,0,1,1,0
random_20261032,527,mp3d/ZMojNkEp431/ZMojNkEp431.glb,False,,,,0,0,0.0,0.0,0.0,0.0,0.0,0.0,0.7583493298370239,0.7583493298370239,0.0,0.0,0.0,0.0,3.2056117057800293,3.2056117057800293,0.0,55,55,0,10.499994277954102,10.499994277954102,0.0,8,8,0,0,0,0
random_20261032,6113,mp3d/sKLMLpTHeUy/sKLMLpTHeUy.glb,False,,,,0,0,1.0,1.0,0.0,1.0,1.0,0.0,0.9268280798943824,0.9268280798943824,0.0,0.9268280798943824,0.9268280798943824,0.0,0.2959091365337372,0.2959091365337372,0.0,49,49,0,8.25000286102295,8.25000286102295,0.0,7,7,0,0,0,0
random_20261032,1397,mp3d/sKLMLpTHeUy/sKLMLpTHeUy.glb,False,,,,0,0,1.0,1.0,0.0,0.7736673652065029,0.7736673652065029,0.0,0.8727107894804932,0.8727107894804932,0.0,0.8727107894804932,0.8727107894804932,0.0,1.0057307481765747,1.0057307481765747,0.0,74,74,0,9.823354721069336,9.823354721069336,0.0,11,11,0,4,4,0
random_20261032,370,mp3d/sKLMLpTHeUy/sKLMLpTHeUy.glb,False,,,,0,0,1.0,1.0,0.0,0.8596418679175051,0.8596418679175051,0.0,0.8956172949050712,0.8956172949050712,0.0,0.8956172949050712,0.8956172949050712,0.0,0.9821049571037292,0.9821049571037292,0.0,50,50,0,7.816819190979004,7.816819190979004,0.0,8,8,0,0,0,0
random_20261032,8537,mp3d/sKLMLpTHeUy/sKLMLpTHeUy.glb,False,,,,0,0,1.0,1.0,0.0,0.8552794844966422,0.8552794844966422,0.0,0.9133336776666751,0.9133336776666751,0.0,0.9133336776666751,0.9133336776666751,0.0,0.46284711360931396,0.46284711360931396,0.0,45,45,0,6.207075119018555,6.207075119018555,0.0,5,5,0,2,2,0
random_20261032,9092,mp3d/sKLMLpTHeUy/sKLMLpTHeUy.glb,True,3,13,14,8,27,1.0,1.0,0.0,0.8485838488906223,0.6756440953024568,-0.1729397535881655,0.6699329992572551,0.6253284634349794,-0.04460453582227575,0.6699329992572551,0.6253284634349794,-0.04460453582227575,2.448044776916504,2.320800304412842,-0.1272444725036621,56,91,35,10.743752479553223,13.493753433227539,2.7500009536743164,6,7,1,4,4,0
random_20261032,418,mp3d/sKLMLpTHeUy/sKLMLpTHeUy.glb,True,4,16,9,16,49,1.0,1.0,0.0,1.0,0.5512653733262732,-0.44873462667372677,0.9313103547198969,0.7299374287330501,-0.20137292598684675,0.9313103547198969,0.7299374287330501,-0.20137292598684675,0.80568528175354,0.1755591332912445,-0.6301261484622955,61,126,65,10.256002426147461,18.752674102783203,8.496671676635742,8,11,3,0,0,0
random_20261032,4904,mp3d/sKLMLpTHeUy/sKLMLpTHeUy.glb,True,4,15,7,32,39,1.0,1.0,0.0,0.9896512573162157,0.4277085561870772,-0.5619427011291385,0.9463728942359606,0.5265387056823012,-0.4198341885536594,0.9463728942359606,0.5265387056823012,-0.4198341885536594,1.2525784969329834,0.9657585620880127,-0.2868199348449707,47,118,71,8.026674270629883,18.572479248046875,10.545804977416992,7,8,1,0,1,1
random_20261032,2069,mp3d/sKLMLpTHeUy/sKLMLpTHeUy.glb,False,,,,0,0,1.0,1.0,0.0,1.0,1.0,0.0,0.9237523192397322,0.9237523192397322,0.0,0.9237523192397322,0.9237523192397322,0.0,1.8253206014633179,1.8253206014633179,0.0,59,59,0,8.750003814697266,8.750003814697266,0.0,9,9,0,0,0,0
random_20261032,10175,mp3d/sKLMLpTHeUy/sKLMLpTHeUy.glb,False,,,,0,0,1.0,1.0,0.0,0.9160899929191638,0.9160899929191638,0.0,0.9244528918277104,0.9244528918277104,0.0,0.9244528918277104,0.9244528918277104,0.0,0.5938405394554138,0.5938405394554138,0.0,37,37,0,6.250004291534424,6.250004291534424,0.0,6,6,0,0,0,0
random_20261032,2786,mp3d/sKLMLpTHeUy/sKLMLpTHeUy.glb,False,,,,0,0,1.0,1.0,0.0,1.0,1.0,0.0,0.9089756641304906,0.9089756641304906,0.0,0.9089756641304906,0.9089756641304906,0.0,1.6515449285507202,1.6515449285507202,0.0,45,45,0,8.262168884277344,8.262168884277344,0.0,6,6,0,0,0,0
random_20261032,8153,mp3d/sKLMLpTHeUy/sKLMLpTHeUy.glb,False,,,,0,0,1.0,1.0,0.0,1.0,1.0,0.0,0.9137718261662015,0.9137718261662015,0.0,0.9137718261662015,0.9137718261662015,0.0,1.704688549041748,1.704688549041748,0.0,47,47,0,9.266036033630371,9.266036033630371,0.0,7,7,0,0,0,0
random_20261032,5990,mp3d/sKLMLpTHeUy/sKLMLpTHeUy.glb,False,,,,0,0,1.0,1.0,0.0,0.9645332663379246,0.9645332663379246,0.0,0.9510127249134425,0.9510127249134425,0.0,0.9510127249134425,0.9510127249134425,0.0,0.5749610066413879,0.5749610066413879,0.0,53,53,0,7.800736427307129,7.800736427307129,0.0,9,9,0,2,2,0
random_20261032,7370,mp3d/Vvot9Ly1tCj/Vvot9Ly1tCj.glb,False,,,,0,0,1.0,1.0,0.0,0.9127504568343614,0.9127504568343614,0.0,0.9175617477100383,0.9175617477100383,0.0,0.9175617477100383,0.9175617477100383,0.0,0.18091796338558197,0.18091796338558197,0.0,55,55,0,9.750001907348633,9.750001907348633,0.0,7,7,0,0,0,0
random_20261032,7187,mp3d/Vvot9Ly1tCj/Vvot9Ly1tCj.glb,False,,,,0,0,1.0,1.0,0.0,0.9170464492347274,0.9170464492347274,0.0,0.9229096660254853,0.9229096660254853,0.0,0.9229096660254853,0.9229096660254853,0.0,0.45663997530937195,0.45663997530937195,0.0,41,41,0,6.499998092651367,6.499998092651367,0.0,6,6,0,0,0,0
random_20261032,563,mp3d/Vvot9Ly1tCj/Vvot9Ly1tCj.glb,False,,,,0,0,1.0,1.0,0.0,0.9137173428405351,0.9137173428405351,0.0,0.9327248664477583,0.9327248664477583,0.0,0.9327248664477583,0.9327248664477583,0.0,0.42435744404792786,0.42435744404792786,0.0,80,80,0,14.063831329345703,14.063831329345703,0.0,10,10,0,0,0,0
random_20261032,7478,mp3d/Vvot9Ly1tCj/Vvot9Ly1tCj.glb,True,5,18,17,29,0,1.0,1.0,0.0,0.820595211452908,0.687009944472202,-0.13358526698070605,0.8536640950141271,0.8729277048980087,0.01926360988388165,0.8536640950141271,0.8729277048980087,0.01926360988388165,1.3600856065750122,0.7250993251800537,-0.6349862813949585,48,77,29,9.0,10.75,1.75,7,7,0,0,0,0
random_20261032,178,mp3d/Vvot9Ly1tCj/Vvot9Ly1tCj.glb,False,,,,0,0,1.0,1.0,0.0,0.830972706664051,0.830972706664051,0.0,0.940951163220583,0.940951163220583,0.0,0.940951163220583,0.940951163220583,0.0,0.5576947331428528,0.5576947331428528,0.0,40,40,0,6.334258079528809,6.334258079528809,0.0,6,6,0,0,0,0
random_20261032,2078,mp3d/Vvot9Ly1tCj/Vvot9Ly1tCj.glb,False,,,,0,0,1.0,1.0,0.0,0.6781623211214685,0.6781623211214685,0.0,0.7822112867436259,0.7822112867436259,0.0,0.7822112867436259,0.7822112867436259,0.0,1.5810234546661377,1.5810234546661377,0.0,46,46,0,8.97069263458252,8.97069263458252,0.0,6,6,0,2,2,0
random_20261032,7091,mp3d/Vvot9Ly1tCj/Vvot9Ly1tCj.glb,True,9,31,21,43,63,1.0,1.0,0.0,0.9131838855539022,0.4310341312710394,-0.4821497542828628,0.8986698204285015,0.38979616926051375,-0.5088736511679878,0.8986698204285015,0.38979616926051375,-0.5088736511679878,0.1488916426897049,1.8823966979980469,1.733505055308342,89,195,106,14.749999046325684,31.249176025390625,16.49917697906494,11,12,1,0,5,5
random_20261032,1712,mp3d/Vvot9Ly1tCj/Vvot9Ly1tCj.glb,False,,,,0,0,1.0,1.0,0.0,0.9684727011669403,0.9684727011669403,0.0,0.9427110111669628,0.9427110111669628,0.0,0.9427110111669628,0.9427110111669628,0.0,0.1443268060684204,0.1443268060684204,0.0,64,64,0,11.500004768371582,11.500004768371582,0.0,9,9,0,0,0,0
random_20261032,10826,mp3d/Vvot9Ly1tCj/Vvot9Ly1tCj.glb,False,,,,0,0,1.0,1.0,0.0,0.9995741466393371,0.9995741466393371,0.0,0.8661541290797653,0.8661541290797653,0.0,0.8661541290797653,0.8661541290797653,0.0,0.6774362325668335,0.6774362325668335,0.0,69,69,0,13.031318664550781,13.031318664550781,0.0,10,10,0,0,0,0
random_20261032,6020,mp3d/Vvot9Ly1tCj/Vvot9Ly1tCj.glb,True,11,31,29,14,3,0.0,0.0,0.0,0.0,0.0,0.0,0.36574847606855304,0.30373529774480934,-0.0620131783237437,0.0,0.0,0.0,5.4506988525390625,6.190784454345703,0.7400856018066406,104,121,17,10.692468643188477,13.354344367980957,2.6618757247924805,15,15,0,43,30,-13
random_20261032,4280,mp3d/Vvot9Ly1tCj/Vvot9Ly1tCj.glb,True,3,13,10,12,-3,1.0,1.0,0.0,0.6911158548755195,0.6280005440750035,-0.06311531080051602,0.8692471505091118,0.8988252993617092,0.029578148852597352,0.8692471505091118,0.8988252993617092,0.029578148852597352,0.4418880045413971,0.4414326548576355,-0.0004553496837615967,73,82,9,8.352436065673828,9.191872596740723,0.8394365310668945,7,8,1,0,0,0
random_20261032,4010,mp3d/Vvot9Ly1tCj/Vvot9Ly1tCj.glb,True,7,22,10,53,75,0.0,0.0,0.0,0.0,0.0,0.0,0.18134572880504352,0.027538772719316016,-0.1538069560857275,0.0,0.0,0.0,4.599164009094238,3.247028350830078,-1.3521356582641602,112,240,128,21.497493743896484,42.86485290527344,21.367359161376953,15,15,0,1,2,1
random_20261032,10295,mp3d/8WUmhLawc2A/8WUmhLawc2A.glb,False,,,,0,0,1.0,1.0,0.0,1.0,1.0,0.0,0.9370354896252916,0.9370354896252916,0.0,0.9370354896252916,0.9370354896252916,0.0,0.9551463723182678,0.9551463723182678,0.0,34,34,0,5.999991416931152,5.999991416931152,0.0,6,6,0,0,0,0
random_20261032,4310,mp3d/8WUmhLawc2A/8WUmhLawc2A.glb,False,,,,0,0,0.0,0.0,0.0,0.0,0.0,0.0,0.6991956509897476,0.6991956509897476,0.0,0.0,0.0,0.0,3.9670748710632324,3.9670748710632324,0.0,75,75,0,13.026702880859375,13.026702880859375,0.0,11,11,0,0,0,0
random_20261032,9299,mp3d/8WUmhLawc2A/8WUmhLawc2A.glb,False,,,,0,0,1.0,1.0,0.0,1.0,1.0,0.0,0.9452478645249042,0.9452478645249042,0.0,0.9452478645249042,0.9452478645249042,0.0,0.913779616355896,0.913779616355896,0.0,54,54,0,8.00000286102295,8.00000286102295,0.0,8,8,0,0,0,0
random_20261032,7352,mp3d/8WUmhLawc2A/8WUmhLawc2A.glb,False,,,,0,0,1.0,1.0,0.0,1.0,1.0,0.0,0.904887827094938,0.904887827094938,0.0,0.904887827094938,0.904887827094938,0.0,1.213857650756836,1.213857650756836,0.0,47,47,0,6.582125663757324,6.582125663757324,0.0,5,5,0,6,6,0
random_20261032,3326,mp3d/8WUmhLawc2A/8WUmhLawc2A.glb,False,,,,0,0,1.0,1.0,0.0,0.846402002010719,0.846402002010719,0.0,0.9005400954340195,0.9005400954340195,0.0,0.9005400954340195,0.9005400954340195,0.0,0.6204965114593506,0.6204965114593506,0.0,51,51,0,8.5420560836792,8.5420560836792,0.0,6,6,0,3,3,0
random_20261032,7676,mp3d/8WUmhLawc2A/8WUmhLawc2A.glb,True,8,20,13,65,45,1.0,1.0,0.0,1.0,0.43517785340640097,-0.564822146593599,0.28524046239269024,0.09545615916015154,-0.1897843032325387,0.28524046239269024,0.09545615916015154,-0.1897843032325387,1.0871738195419312,0.7560921311378479,-0.33108168840408325,76,186,110,11.660605430603027,26.99036979675293,15.329764366149902,11,12,1,4,10,6
random_20261032,8708,mp3d/8WUmhLawc2A/8WUmhLawc2A.glb,False,,,,0,0,1.0,1.0,0.0,1.0,1.0,0.0,0.9414846919145307,0.9414846919145307,0.0,0.9414846919145307,0.9414846919145307,0.0,1.2821167707443237,1.2821167707443237,0.0,40,40,0,6.499999046325684,6.499999046325684,0.0,7,7,0,0,0,0
random_20261032,5462,mp3d/8WUmhLawc2A/8WUmhLawc2A.glb,False,,,,0,0,1.0,1.0,0.0,0.8188425494778541,0.8188425494778541,0.0,0.8861844181460891,0.8861844181460891,0.0,0.8861844181460891,0.8861844181460891,0.0,0.8006537556648254,0.8006537556648254,0.0,64,64,0,7.75,7.75,0.0,8,8,0,0,0,0
random_20261032,2519,mp3d/8WUmhLawc2A/8WUmhLawc2A.glb,True,6,24,10,64,82,1.0,1.0,0.0,0.81707647572393,0.30409331420613916,-0.5129831615177909,0.9240447551054668,0.2419571309244609,-0.6820876241810059,0.9240447551054668,0.2419571309244609,-0.6820876241810059,0.43821004033088684,0.2311333417892456,-0.20707669854164124,69,215,146,11.5,30.899658203125,19.399658203125,9,10,1,0,3,3
random_20261032,6644,mp3d/8WUmhLawc2A/8WUmhLawc2A.glb,False,,,,0,0,1.0,1.0,0.0,0.9194819808209472,0.9194819808209472,0.0,0.9063925571896947,0.9063925571896947,0.0,0.9063925571896947,0.9063925571896947,0.0,0.6632542610168457,0.6632542610168457,0.0,107,107,0,18.50000762939453,18.50000762939453,0.0,13,13,0,0,0,0
random_20261032,6596,mp3d/8WUmhLawc2A/8WUmhLawc2A.glb,False,,,,0,0,1.0,1.0,0.0,0.8185360994253734,0.8185360994253734,0.0,0.8881235012443298,0.8881235012443298,0.0,0.8881235012443298,0.8881235012443298,0.0,0.8336018323898315,0.8336018323898315,0.0,62,62,0,8.821825981140137,8.821825981140137,0.0,7,7,0,10,10,0
random_20261032,7094,mp3d/8WUmhLawc2A/8WUmhLawc2A.glb,False,,,,0,0,1.0,1.0,0.0,1.0,1.0,0.0,0.9532593752204038,0.9532593752204038,0.0,0.9532593752204038,0.9532593752204038,0.0,1.3793513774871826,1.3793513774871826,0.0,42,42,0,6.975788593292236,6.975788593292236,0.0,7,7,0,1,1,0
random_20261032,5285,mp3d/pRbA3pwrgk9/pRbA3pwrgk9.glb,False,,,,0,0,1.0,1.0,0.0,0.6772324803517021,0.6772324803517021,0.0,0.6985784151390115,0.6985784151390115,0.0,0.6985784151390115,0.6985784151390115,0.0,1.0651921033859253,1.0651921033859253,0.0,60,60,0,8.522655487060547,8.522655487060547,0.0,7,7,0,0,0,0
random_20261032,3776,mp3d/pRbA3pwrgk9/pRbA3pwrgk9.glb,False,,,,0,0,1.0,1.0,0.0,1.0,1.0,0.0,0.9271367058911197,0.9271367058911197,0.0,0.9271367058911197,0.9271367058911197,0.0,1.8165218830108643,1.8165218830108643,0.0,46,46,0,8.001500129699707,8.001500129699707,0.0,8,8,0,0,0,0
random_20261032,2228,mp3d/pRbA3pwrgk9/pRbA3pwrgk9.glb,True,0,3,5,2,16,1.0,1.0,0.0,0.9617029825846354,0.7713754134987281,-0.1903275690859073,0.9124364636225261,0.7920194414127137,-0.12041702220981232,0.9124364636225261,0.7920194414127137,-0.12041702220981232,1.1884455680847168,0.7737138271331787,-0.4147317409515381,39,57,18,7.5,9.350534439086914,1.850534439086914,6,7,1,0,5,5
random_20261032,8057,mp3d/pRbA3pwrgk9/pRbA3pwrgk9.glb,True,5,14,10,9,32,1.0,1.0,0.0,0.7899765065352873,0.40771307417362695,-0.3822634323616603,0.8736449884004872,0.6778758953584578,-0.19576909304202939,0.8736449884004872,0.6778758953584578,-0.19576909304202939,1.5500150918960571,0.19769388437271118,-1.352321207523346,68,109,41,7.352235794067383,14.2455415725708,6.893305778503418,9,11,2,8,21,13
random_20261032,1583,mp3d/pRbA3pwrgk9/pRbA3pwrgk9.glb,False,,,,0,0,1.0,1.0,0.0,1.0,1.0,0.0,0.9501873024692797,0.9501873024692797,0.0,0.9501873024692797,0.9501873024692797,0.0,1.2244867086410522,1.2244867086410522,0.0,46,46,0,6.121482849121094,6.121482849121094,0.0,6,6,0,1,1,0
random_20261032,8582,mp3d/pRbA3pwrgk9/pRbA3pwrgk9.glb,True,4,13,9,25,41,1.0,1.0,0.0,0.9702296623906913,0.4809851830451576,-0.4892444793455337,0.9196450583964481,0.6361514059051012,-0.28349365249134684,0.9196450583964481,0.6361514059051012,-0.28349365249134684,0.36816737055778503,0.5212084650993347,0.15304109454154968,47,113,66,8.421197891235352,16.987001419067383,8.565803527832031,6,7,1,0,0,0
random_20261032,5891,mp3d/pRbA3pwrgk9/pRbA3pwrgk9.glb,False,,,,0,0,1.0,1.0,0.0,1.0,1.0,0.0,0.9361441045741573,0.9361441045741573,0.0,0.9361441045741573,0.9361441045741573,0.0,0.26414772868156433,0.26414772868156433,0.0,25,25,0,4.480660438537598,4.480660438537598,0.0,4,4,0,1,1,0
random_20261032,5192,mp3d/pRbA3pwrgk9/pRbA3pwrgk9.glb,True,4,15,9,37,53,1.0,1.0,0.0,0.8376735736172028,0.3613364389762896,-0.47633713464091326,0.9064697938852238,0.48373187447626315,-0.4227379194089606,0.9064697938852238,0.48373187447626315,-0.4227379194089606,0.531426727771759,0.5504951477050781,0.019068419933319092,51,141,90,8.74343490600586,20.26959800720215,11.526163101196289,6,7,1,1,4,3
random_20261032,10490,mp3d/pRbA3pwrgk9/pRbA3pwrgk9.glb,True,10,30,23,20,82,1.0,0.0,-1.0,0.8380708076607792,0.0,-0.8380708076607792,0.8863422157345437,0.44775801797960535,-0.4385841977549384,0.8863422157345437,0.0,-0.8863422157345437,2.0783798694610596,3.6932950019836426,1.614915132522583,97,199,102,14.082818031311035,24.208284378051758,10.125466346740723,12,15,3,4,7,3
random_20261032,1625,mp3d/pRbA3pwrgk9/pRbA3pwrgk9.glb,False,,,,0,0,1.0,1.0,0.0,1.0,1.0,0.0,0.9120213708165783,0.9120213708165783,0.0,0.9120213708165783,0.9120213708165783,0.0,1.7844457626342773,1.7844457626342773,0.0,50,50,0,9.17962646484375,9.17962646484375,0.0,6,6,0,3,3,0
random_20261032,2762,mp3d/pRbA3pwrgk9/pRbA3pwrgk9.glb,False,,,,0,0,1.0,1.0,0.0,1.0,1.0,0.0,0.9399443175011014,0.9399443175011014,0.0,0.9399443175011014,0.9399443175011014,0.0,0.7603846788406372,0.7603846788406372,0.0,46,46,0,5.879151821136475,5.879151821136475,0.0,5,5,0,11,11,0
random_20261032,6098,mp3d/pRbA3pwrgk9/pRbA3pwrgk9.glb,True,13,29,19,74,28,0.0,1.0,1.0,0.0,0.19342098616725137,0.19342098616725137,0.38691608772142616,0.14878609883609595,-0.2381299888853302,0.0,0.14878609883609595,0.14878609883609595,5.1040472984313965,0.47022315859794617,-4.63382413983345,91,193,102,12.644413948059082,24.996883392333984,12.352469444274902,15,15,0,7,9,2
random_20261032,10355,mp3d/17DRP5sb8fy/17DRP5sb8fy.glb,False,,,,0,0,1.0,1.0,0.0,0.7907456454823294,0.7907456454823294,0.0,0.9251650031371519,0.9251650031371519,0.0,0.9251650031371519,0.9251650031371519,0.0,0.8542608618736267,0.8542608618736267,0.0,41,41,0,5.750000953674316,5.750000953674316,0.0,5,5,0,0,0,0
random_20261032,10154,mp3d/17DRP5sb8fy/17DRP5sb8fy.glb,False,,,,0,0,1.0,1.0,0.0,1.0,1.0,0.0,0.9449971319264825,0.9449971319264825,0.0,0.9449971319264825,0.9449971319264825,0.0,1.207086443901062,1.207086443901062,0.0,41,41,0,7.250000476837158,7.250000476837158,0.0,6,6,0,0,0,0
random_20261032,1074,mp3d/17DRP5sb8fy/17DRP5sb8fy.glb,False,,,,0,0,1.0,1.0,0.0,1.0,1.0,0.0,0.9500402750212671,0.9500402750212671,0.0,0.9500402750212671,0.9500402750212671,0.0,1.1623389720916748,1.1623389720916748,0.0,35,35,0,6.250002384185791,6.250002384185791,0.0,5,5,0,0,0,0
random_20261032,5150,mp3d/17DRP5sb8fy/17DRP5sb8fy.glb,False,,,,0,0,1.0,1.0,0.0,1.0,1.0,0.0,0.9349872327422067,0.9349872327422067,0.0,0.9349872327422067,0.9349872327422067,0.0,1.215065836906433,1.215065836906433,0.0,32,32,0,5.0,5.0,0.0,4,4,0,0,0,0
random_20261032,1116,mp3d/17DRP5sb8fy/17DRP5sb8fy.glb,False,,,,0,0,1.0,1.0,0.0,1.0,1.0,0.0,0.9059480260513482,0.9059480260513482,0.0,0.9059480260513482,0.9059480260513482,0.0,1.7495944499969482,1.7495944499969482,0.0,43,43,0,7.0,7.0,0.0,6,6,0,0,0,0
random_20261032,3899,mp3d/17DRP5sb8fy/17DRP5sb8fy.glb,False,,,,0,0,1.0,1.0,0.0,0.8941715980230528,0.8941715980230528,0.0,0.942494936924092,0.942494936924092,0.0,0.942494936924092,0.942494936924092,0.0,0.30271854996681213,0.30271854996681213,0.0,41,41,0,5.463344097137451,5.463344097137451,0.0,5,5,0,2,2,0
random_20261032,9524,mp3d/17DRP5sb8fy/17DRP5sb8fy.glb,False,,,,0,0,1.0,1.0,0.0,1.0,1.0,0.0,0.9253465238287139,0.9253465238287139,0.0,0.9253465238287139,0.9253465238287139,0.0,1.1087008714675903,1.1087008714675903,0.0,25,25,0,4.25,4.25,0.0,4,4,0,0,0,0
random_20261032,5795,mp3d/17DRP5sb8fy/17DRP5sb8fy.glb,False,,,,0,0,1.0,1.0,0.0,1.0,1.0,0.0,0.93921931952386,0.93921931952386,0.0,0.93921931952386,0.93921931952386,0.0,0.8578460216522217,0.8578460216522217,0.0,41,41,0,5.463344097137451,5.463344097137451,0.0,5,5,0,2,2,0
random_20261032,8504,mp3d/17DRP5sb8fy/17DRP5sb8fy.glb,False,,,,0,0,1.0,1.0,0.0,0.8681511549404526,0.8681511549404526,0.0,0.9419753216851418,0.9419753216851418,0.0,0.9419753216851418,0.9419753216851418,0.0,0.5854593515396118,0.5854593515396118,0.0,39,39,0,5.76057243347168,5.76057243347168,0.0,6,6,0,0,0,0
random_20261032,5573,mp3d/17DRP5sb8fy/17DRP5sb8fy.glb,True,1,4,3,7,23,1.0,1.0,0.0,0.7384051272030088,0.5662238249273285,-0.1721813022756803,0.877604024878098,0.8064212204226265,-0.07118280445547143,0.877604024878098,0.8064212204226265,-0.07118280445547143,0.9709731340408325,1.136947751045227,0.16597461700439453,65,95,30,7.940237998962402,10.354761123657227,2.414523124694824,6,7,1,2,6,4
random_20261032,3605,mp3d/17DRP5sb8fy/17DRP5sb8fy.glb,False,,,,0,0,1.0,1.0,0.0,1.0,1.0,0.0,0.9010870534579015,0.9010870534579015,0.0,0.9010870534579015,0.9010870534579015,0.0,1.273645043373108,1.273645043373108,0.0,33,33,0,5.25,5.25,0.0,5,5,0,0,0,0
random_20261032,575,mp3d/17DRP5sb8fy/17DRP5sb8fy.glb,False,,,,0,0,1.0,1.0,0.0,1.0,1.0,0.0,0.94025668547679,0.94025668547679,0.0,0.94025668547679,0.94025668547679,0.0,0.915335476398468,0.915335476398468,0.0,53,53,0,7.134962558746338,7.134962558746338,0.0,7,7,0,4,4,0
random_20261032,3131,mp3d/1pXnuDYAj8r/1pXnuDYAj8r.glb,False,,,,0,0,1.0,1.0,0.0,1.0,1.0,0.0,0.9047155688867796,0.9047155688867796,0.0,0.9047155688867796,0.9047155688867796,0.0,1.3015528917312622,1.3015528917312622,0.0,53,53,0,10.500003814697266,10.500003814697266,0.0,7,7,0,0,0,0
random_20261032,3353,mp3d/1pXnuDYAj8r/1pXnuDYAj8r.glb,False,,,,0,0,1.0,1.0,0.0,0.9856534471698836,0.9856534471698836,0.0,0.920413758647767,0.920413758647767,0.0,0.920413758647767,0.920413758647767,0.0,0.682630717754364,0.682630717754364,0.0,65,65,0,12.75,12.75,0.0,10,10,0,0,0,0
random_20261032,6884,mp3d/1pXnuDYAj8r/1pXnuDYAj8r.glb,False,,,,0,0,1.0,1.0,0.0,1.0,1.0,0.0,0.9248311517026916,0.9248311517026916,0.0,0.9248311517026916,0.9248311517026916,0.0,1.3187601566314697,1.3187601566314697,0.0,34,34,0,5.250000476837158,5.250000476837158,0.0,6,6,0,0,0,0
random_20261032,2477,mp3d/1pXnuDYAj8r/1pXnuDYAj8r.glb,True,5,17,16,-2,0,0.0,0.0,0.0,0.0,0.0,0.0,0.7122064050848078,0.7175028727521136,0.005296467667305738,0.0,0.0,0.0,3.2048516273498535,3.5748348236083984,0.3699831962585449,58,56,-2,10.730484962463379,10.48048210144043,-0.2500028610229492,7,7,0,1,1,0
random_20261032,4841,mp3d/1pXnuDYAj8r/1pXnuDYAj8r.glb,True,10,26,22,31,10,1.0,0.0,-1.0,0.8241105947949026,0.0,-0.8241105947949026,0.8631234972519132,0.49519579447019574,-0.36792770278171744,0.8631234972519132,0.0,-0.8631234972519132,2.11484956741333,8.402706146240234,6.287856578826904,114,155,41,16.711505889892578,17.629119873046875,0.9176139831542969,15,15,0,0,9,9
random_20261032,6344,mp3d/1pXnuDYAj8r/1pXnuDYAj8r.glb,False,,,,0,0,1.0,1.0,0.0,1.0,1.0,0.0,0.9088506822167669,0.9088506822167669,0.0,0.9088506822167669,0.9088506822167669,0.0,1.3249093294143677,1.3249093294143677,0.0,61,61,0,10.749992370605469,10.749992370605469,0.0,9,9,0,0,0,0
random_20261032,6752,mp3d/1pXnuDYAj8r/1pXnuDYAj8r.glb,False,,,,0,0,1.0,1.0,0.0,1.0,1.0,0.0,0.9274770946050384,0.9274770946050384,0.0,0.9274770946050384,0.9274770946050384,0.0,1.5871949195861816,1.5871949195861816,0.0,42,42,0,6.75236177444458,6.75236177444458,0.0,6,6,0,0,0,0
random_20261032,7295,mp3d/1pXnuDYAj8r/1pXnuDYAj8r.glb,False,,,,0,0,1.0,1.0,0.0,0.8163739721572524,0.8163739721572524,0.0,0.9174061405048597,0.9174061405048597,0.0,0.9174061405048597,0.9174061405048597,0.0,1.0217249393463135,1.0217249393463135,0.0,37,37,0,4.274156093597412,4.274156093597412,0.0,4,4,0,0,0,0
random_20261032,493,mp3d/1pXnuDYAj8r/1pXnuDYAj8r.glb,False,,,,0,0,1.0,1.0,0.0,1.0,1.0,0.0,0.9393323832795254,0.9393323832795254,0.0,0.9393323832795254,0.9393323832795254,0.0,1.6655668020248413,1.6655668020248413,0.0,60,60,0,12.750003814697266,12.750003814697266,0.0,9,9,0,0,0,0
random_20261032,5141,mp3d/1pXnuDYAj8r/1pXnuDYAj8r.glb,False,,,,0,0,1.0,1.0,0.0,1.0,1.0,0.0,0.9137334757803558,0.9137334757803558,0.0,0.9137334757803558,0.9137334757803558,0.0,0.8547974228858948,0.8547974228858948,0.0,44,44,0,7.249999523162842,7.249999523162842,0.0,6,6,0,0,0,0
random_20261032,1742,mp3d/1pXnuDYAj8r/1pXnuDYAj8r.glb,False,,,,0,0,1.0,1.0,0.0,1.0,1.0,0.0,0.9407270472173778,0.9407270472173778,0.0,0.9407270472173778,0.9407270472173778,0.0,0.8078550696372986,0.8078550696372986,0.0,46,46,0,8.002359390258789,8.002359390258789,0.0,7,7,0,0,0,0
random_20261032,1153,mp3d/1pXnuDYAj8r/1pXnuDYAj8r.glb,False,,,,0,0,1.0,1.0,0.0,0.7968689856642995,0.7968689856642995,0.0,0.8889710886376649,0.8889710886376649,0.0,0.8889710886376649,0.8889710886376649,0.0,0.7661161422729492,0.7661161422729492,0.0,45,45,0,6.500002384185791,6.500002384185791,0.0,5,5,0,0,0,0
random_20261033,8963,mp3d/D7N2EKCX4Sj/D7N2EKCX4Sj.glb,False,,,,0,0,1.0,1.0,0.0,0.9013923519633423,0.9013923519633423,0.0,0.8788315287710569,0.8788315287710569,0.0,0.8788315287710569,0.8788315287710569,0.0,0.6681005954742432,0.6681005954742432,0.0,45,45,0,7.499999046325684,7.499999046325684,0.0,6,6,0,0,0,0
random_20261033,10430,mp3d/D7N2EKCX4Sj/D7N2EKCX4Sj.glb,True,2,8,4,-2,16,1.0,1.0,0.0,1.0,0.9678587374277599,-0.03214126257224015,0.86280839522143,0.9214973845297062,0.05868898930827615,0.86280839522143,0.9214973845297062,0.05868898930827615,1.8452829122543335,1.0599641799926758,-0.7853187322616577,63,77,14,7.722980499267578,8.30684757232666,0.583867073059082,9,11,2,15,8,-7
random_20261033,4922,mp3d/D7N2EKCX4Sj/D7N2EKCX4Sj.glb,False,,,,0,0,1.0,1.0,0.0,0.9427645256456966,0.9427645256456966,0.0,0.9575900208573054,0.9575900208573054,0.0,0.9575900208573054,0.9575900208573054,0.0,0.4169694185256958,0.4169694185256958,0.0,46,46,0,7.0191330909729,7.0191330909729,0.0,7,7,0,2,2,0
random_20261033,275,mp3d/D7N2EKCX4Sj/D7N2EKCX4Sj.glb,False,,,,0,0,1.0,1.0,0.0,1.0,1.0,0.0,0.8960005475084255,0.8960005475084255,0.0,0.8960005475084255,0.8960005475084255,0.0,0.9923063516616821,0.9923063516616821,0.0,28,28,0,4.786001205444336,4.786001205444336,0.0,4,4,0,0,0,0
random_20261033,1943,mp3d/D7N2EKCX4Sj/D7N2EKCX4Sj.glb,True,4,14,10,20,17,0.0,0.0,0.0,0.0,0.0,0.0,0.33733880044267545,0.3251214053298081,-0.012217395112867346,0.0,0.0,0.0,5.225057601928711,5.23065185546875,0.0055942535400390625,110,147,37,15.534454345703125,18.43962860107422,2.9051742553710938,7,8,1,8,7,-1
random_20261033,2882,mp3d/D7N2EKCX4Sj/D7N2EKCX4Sj.glb,False,,,,0,0,1.0,1.0,0.0,1.0,1.0,0.0,0.9450046457781375,0.9450046457781375,0.0,0.9450046457781375,0.9450046457781375,0.0,1.4151694774627686,1.4151694774627686,0.0,34,34,0,5.510061740875244,5.510061740875244,0.0,5,5,0,1,1,0
random_20261033,2378,mp3d/D7N2EKCX4Sj/D7N2EKCX4Sj.glb,True,0,2,3,-9,-8,1.0,1.0,0.0,0.9411831469452597,1.0,0.05881685305474027,0.9190131156459079,0.944105308206849,0.025092192560941085,0.9190131156459079,0.944105308206849,0.025092192560941085,1.0884149074554443,1.058393120765686,-0.0300217866897583,55,38,-17,7.041345119476318,6.321389675140381,-0.7199554443359375,5,5,0,8,4,-4
random_20261033,7661,mp3d/D7N2EKCX4Sj/D7N2EKCX4Sj.glb,True,7,22,10,51,60,1.0,1.0,0.0,0.9121426005538785,0.4509589283548138,-0.4611836721990647,0.9338480613356589,0.5316170622169554,-0.4022309991187035,0.9338480613356589,0.5316170622169554,-0.4022309991187035,0.02059585601091385,0.23551638424396515,0.2149205282330513,83,194,111,14.715632438659668,29.764917373657227,15.049284934997559,12,13,1,6,9,3
random_20261033,6509,mp3d/D7N2EKCX4Sj/D7N2EKCX4Sj.glb,False,,,,0,0,1.0,1.0,0.0,1.0,1.0,0.0,0.860586206370762,0.860586206370762,0.0,0.860586206370762,0.860586206370762,0.0,1.274340271949768,1.274340271949768,0.0,36,36,0,4.999999523162842,4.999999523162842,0.0,5,5,0,0,0,0
random_20261033,8822,mp3d/D7N2EKCX4Sj/D7N2EKCX4Sj.glb,False,,,,0,0,1.0,1.0,0.0,0.9231587716851039,0.9231587716851039,0.0,0.900392185487113,0.900392185487113,0.0,0.900392185487113,0.900392185487113,0.0,0.6961624026298523,0.6961624026298523,0.0,59,59,0,9.923651695251465,9.923651695251465,0.0,9,9,0,4,4,0
random_20261033,6173,mp3d/D7N2EKCX4Sj/D7N2EKCX4Sj.glb,False,,,,0,0,1.0,1.0,0.0,0.9028418407882693,0.9028418407882693,0.0,0.8785851765213402,0.8785851765213402,0.0,0.8785851765213402,0.8785851765213402,0.0,0.5955324769020081,0.5955324769020081,0.0,44,44,0,7.229672431945801,7.229672431945801,0.0,6,6,0,9,9,0
random_20261033,4790,mp3d/D7N2EKCX4Sj/D7N2EKCX4Sj.glb,True,2,10,9,-8,0,0.0,1.0,1.0,0.0,0.8764881857387214,0.8764881857387214,0.07598718223002084,0.8843862980619004,0.8083991158318795,0.0,0.8843862980619004,0.8843862980619004,20.606487274169922,0.42974141240119934,-20.176745861768723,90,82,-8,15.232590675354004,13.846497535705566,-1.3860931396484375,10,12,2,0,1,1
random_20261033,4067,mp3d/ZMojNkEp431/ZMojNkEp431.glb,False,,,,0,0,1.0,1.0,0.0,0.7697590910366837,0.7697590910366837,0.0,0.8472547668486574,0.8472547668486574,0.0,0.8472547668486574,0.8472547668486574,0.0,0.3574756681919098,0.3574756681919098,0.0,94,94,0,13.249998092651367,13.249998092651367,0.0,11,11,0,0,0,0
random_20261033,5396,mp3d/ZMojNkEp431/ZMojNkEp431.glb,False,,,,0,0,1.0,1.0,0.0,1.0,1.0,0.0,0.9400506256005859,0.9400506256005859,0.0,0.9400506256005859,0.9400506256005859,0.0,1.6800669431686401,1.6800669431686401,0.0,25,25,0,5.385897159576416,5.385897159576416,0.0,5,5,0,0,0,0
random_20261033,10667,mp3d/ZMojNkEp431/ZMojNkEp431.glb,False,,,,0,0,1.0,1.0,0.0,1.0,1.0,0.0,0.9091437171337933,0.9091437171337933,0.0,0.9091437171337933,0.9091437171337933,0.0,1.5630465745925903,1.5630465745925903,0.0,63,63,0,10.975284576416016,10.975284576416016,0.0,10,10,0,1,1,0
random_20261033,4616,mp3d/ZMojNkEp431/ZMojNkEp431.glb,True,7,28,25,26,26,1.0,1.0,0.0,0.8696032222906611,0.6248844936531002,-0.24471872863756094,0.875455044850815,0.4895697121738097,-0.38588533267700537,0.875455044850815,0.4895697121738097,-0.38588533267700537,1.6139354705810547,1.0463024377822876,-0.5676330327987671,83,135,52,17.192291259765625,23.9251766204834,6.732885360717773,13,15,2,1,0,-1
random_20261033,2024,mp3d/ZMojNkEp431/ZMojNkEp431.glb,True,5,20,10,51,118,1.0,1.0,0.0,0.7329822321553263,0.21925854054208105,-0.5137236916132453,0.850113026054762,0.08606666105485475,-0.7640463649999073,0.850113026054762,0.08606666105485475,-0.7640463649999073,1.6287598609924316,1.1091114282608032,-0.5196484327316284,63,232,169,10.249995231628418,34.265777587890625,24.015782356262207,7,11,4,0,7,7
random_20261033,6680,mp3d/ZMojNkEp431/ZMojNkEp431.glb,False,,,,0,0,1.0,1.0,0.0,0.9952059709442519,0.9952059709442519,0.0,0.9686114252505901,0.9686114252505901,0.0,0.9686114252505901,0.9686114252505901,0.0,0.313871830701828,0.313871830701828,0.0,44,44,0,7.516256809234619,7.516256809234619,0.0,5,5,0,0,0,0
random_20261033,2288,mp3d/ZMojNkEp431/ZMojNkEp431.glb,False,,,,0,0,1.0,1.0,0.0,1.0,1.0,0.0,0.9173245623139329,0.9173245623139329,0.0,0.9173245623139329,0.9173245623139329,0.0,1.2811180353164673,1.2811180353164673,0.0,42,42,0,8.50974178314209,8.50974178314209,0.0,6,6,0,0,0,0
random_20261033,10583,mp3d/ZMojNkEp431/ZMojNkEp431.glb,False,,,,0,0,1.0,1.0,0.0,0.8898264051953104,0.8898264051953104,0.0,0.8741797085364896,0.8741797085364896,0.0,0.8741797085364896,0.8741797085364896,0.0,1.0075303316116333,1.0075303316116333,0.0,65,65,0,11.002412796020508,11.002412796020508,0.0,7,7,0,0,0,0
random_20261033,3203,mp3d/ZMojNkEp431/ZMojNkEp431.glb,True,6,27,23,21,23,1.0,0.0,-1.0,0.7617737242627598,0.0,-0.7617737242627598,0.4816051813991139,0.1968882172599113,-0.2847169641392026,0.4816051813991139,0.0,-0.4816051813991139,2.863373279571533,5.562088489532471,2.6987152099609375,100,144,44,19.039588928222656,24.762226104736328,5.722637176513672,11,13,2,0,1,1
random_20261033,6179,mp3d/ZMojNkEp431/ZMojNkEp431.glb,False,,,,0,0,1.0,1.0,0.0,0.6597480960583583,0.6597480960583583,0.0,0.428100361580783,0.428100361580783,0.0,0.428100361580783,0.428100361580783,0.0,1.5975161790847778,1.5975161790847778,0.0,71,71,0,14.784408569335938,14.784408569335938,0.0,10,10,0,0,0,0
random_20261033,10085,mp3d/ZMojNkEp431/ZMojNkEp431.glb,False,,,,0,0,1.0,1.0,0.0,1.0,1.0,0.0,0.6027783734289948,0.6027783734289948,0.0,0.6027783734289948,0.6027783734289948,0.0,1.4658335447311401,1.4658335447311401,0.0,29,29,0,4.496288776397705,4.496288776397705,0.0,5,5,0,1,1,0
random_20261033,527,mp3d/ZMojNkEp431/ZMojNkEp431.glb,False,,,,0,0,0.0,0.0,0.0,0.0,0.0,0.0,0.7583493298370239,0.7583493298370239,0.0,0.0,0.0,0.0,3.2056117057800293,3.2056117057800293,0.0,55,55,0,10.499994277954102,10.499994277954102,0.0,8,8,0,0,0,0
random_20261033,6113,mp3d/sKLMLpTHeUy/sKLMLpTHeUy.glb,False,,,,0,0,1.0,1.0,0.0,1.0,1.0,0.0,0.9268280798943824,0.9268280798943824,0.0,0.9268280798943824,0.9268280798943824,0.0,0.2959091365337372,0.2959091365337372,0.0,49,49,0,8.25000286102295,8.25000286102295,0.0,7,7,0,0,0,0
random_20261033,1397,mp3d/sKLMLpTHeUy/sKLMLpTHeUy.glb,False,,,,0,0,1.0,1.0,0.0,0.7736673652065029,0.7736673652065029,0.0,0.8727107894804932,0.8727107894804932,0.0,0.8727107894804932,0.8727107894804932,0.0,1.0057307481765747,1.0057307481765747,0.0,74,74,0,9.823354721069336,9.823354721069336,0.0,11,11,0,4,4,0
random_20261033,370,mp3d/sKLMLpTHeUy/sKLMLpTHeUy.glb,False,,,,0,0,1.0,1.0,0.0,0.8596418679175051,0.8596418679175051,0.0,0.8956172949050712,0.8956172949050712,0.0,0.8956172949050712,0.8956172949050712,0.0,0.9821049571037292,0.9821049571037292,0.0,50,50,0,7.816819190979004,7.816819190979004,0.0,8,8,0,0,0,0
random_20261033,8537,mp3d/sKLMLpTHeUy/sKLMLpTHeUy.glb,False,,,,0,0,1.0,1.0,0.0,0.8552794844966422,0.8552794844966422,0.0,0.9133336776666751,0.9133336776666751,0.0,0.9133336776666751,0.9133336776666751,0.0,0.46284711360931396,0.46284711360931396,0.0,45,45,0,6.207075119018555,6.207075119018555,0.0,5,5,0,2,2,0
random_20261033,9092,mp3d/sKLMLpTHeUy/sKLMLpTHeUy.glb,True,3,13,6,43,61,1.0,1.0,0.0,0.8485838488906223,0.3618902691085026,-0.48669357978211975,0.6699329992572551,0.3410906777267652,-0.3288423215304899,0.6699329992572551,0.3410906777267652,-0.3288423215304899,2.448044776916504,2.3476004600524902,-0.10044431686401367,56,160,104,10.743752479553223,25.192649841308594,14.448897361755371,6,7,1,4,7,3
random_20261033,418,mp3d/sKLMLpTHeUy/sKLMLpTHeUy.glb,True,4,16,10,20,44,1.0,1.0,0.0,1.0,0.5849717153992714,-0.4150282846007286,0.9313103547198969,0.7648923086003472,-0.1664180461195497,0.9313103547198969,0.7648923086003472,-0.1664180461195497,0.80568528175354,0.510552704334259,-0.295132577419281,61,125,64,10.256002426147461,17.672136306762695,7.416133880615234,8,10,2,0,1,1
random_20261033,4904,mp3d/sKLMLpTHeUy/sKLMLpTHeUy.glb,True,4,15,6,31,47,1.0,1.0,0.0,0.9896512573162157,0.4081479981705198,-0.5815032591456959,0.9463728942359606,0.46958125378123866,-0.47679164045472194,0.9463728942359606,0.46958125378123866,-0.47679164045472194,1.2525784969329834,1.1227909326553345,-0.12978756427764893,47,125,78,8.026674270629883,19.462568283081055,11.435894012451172,7,8,1,0,2,2
random_20261033,2069,mp3d/sKLMLpTHeUy/sKLMLpTHeUy.glb,False,,,,0,0,1.0,1.0,0.0,1.0,1.0,0.0,0.9237523192397322,0.9237523192397322,0.0,0.9237523192397322,0.9237523192397322,0.0,1.8253206014633179,1.8253206014633179,0.0,59,59,0,8.750003814697266,8.750003814697266,0.0,9,9,0,0,0,0
random_20261033,10175,mp3d/sKLMLpTHeUy/sKLMLpTHeUy.glb,False,,,,0,0,1.0,1.0,0.0,0.9160899929191638,0.9160899929191638,0.0,0.9244528918277104,0.9244528918277104,0.0,0.9244528918277104,0.9244528918277104,0.0,0.5938405394554138,0.5938405394554138,0.0,37,37,0,6.250004291534424,6.250004291534424,0.0,6,6,0,0,0,0
random_20261033,2786,mp3d/sKLMLpTHeUy/sKLMLpTHeUy.glb,False,,,,0,0,1.0,1.0,0.0,1.0,1.0,0.0,0.9089756641304906,0.9089756641304906,0.0,0.9089756641304906,0.9089756641304906,0.0,1.6515449285507202,1.6515449285507202,0.0,45,45,0,8.262168884277344,8.262168884277344,0.0,6,6,0,0,0,0
random_20261033,8153,mp3d/sKLMLpTHeUy/sKLMLpTHeUy.glb,False,,,,0,0,1.0,1.0,0.0,1.0,1.0,0.0,0.9137718261662015,0.9137718261662015,0.0,0.9137718261662015,0.9137718261662015,0.0,1.704688549041748,1.704688549041748,0.0,47,47,0,9.266036033630371,9.266036033630371,0.0,7,7,0,0,0,0
random_20261033,5990,mp3d/sKLMLpTHeUy/sKLMLpTHeUy.glb,False,,,,0,0,1.0,1.0,0.0,0.9645332663379246,0.9645332663379246,0.0,0.9510127249134425,0.9510127249134425,0.0,0.9510127249134425,0.9510127249134425,0.0,0.5749610066413879,0.5749610066413879,0.0,53,53,0,7.800736427307129,7.800736427307129,0.0,9,9,0,2,2,0
random_20261033,7370,mp3d/Vvot9Ly1tCj/Vvot9Ly1tCj.glb,False,,,,0,0,1.0,1.0,0.0,0.9127504568343614,0.9127504568343614,0.0,0.9175617477100383,0.9175617477100383,0.0,0.9175617477100383,0.9175617477100383,0.0,0.18091796338558197,0.18091796338558197,0.0,55,55,0,9.750001907348633,9.750001907348633,0.0,7,7,0,0,0,0
random_20261033,7187,mp3d/Vvot9Ly1tCj/Vvot9Ly1tCj.glb,False,,,,0,0,1.0,1.0,0.0,0.9170464492347274,0.9170464492347274,0.0,0.9229096660254853,0.9229096660254853,0.0,0.9229096660254853,0.9229096660254853,0.0,0.45663997530937195,0.45663997530937195,0.0,41,41,0,6.499998092651367,6.499998092651367,0.0,6,6,0,0,0,0
random_20261033,563,mp3d/Vvot9Ly1tCj/Vvot9Ly1tCj.glb,False,,,,0,0,1.0,1.0,0.0,0.9137173428405351,0.9137173428405351,0.0,0.9327248664477583,0.9327248664477583,0.0,0.9327248664477583,0.9327248664477583,0.0,0.42435744404792786,0.42435744404792786,0.0,80,80,0,14.063831329345703,14.063831329345703,0.0,10,10,0,0,0,0
random_20261033,7478,mp3d/Vvot9Ly1tCj/Vvot9Ly1tCj.glb,True,5,18,12,32,37,1.0,1.0,0.0,0.820595211452908,0.41105418854342557,-0.40954102290948247,0.8536640950141271,0.5104276861411217,-0.34323640887300544,0.8536640950141271,0.5104276861411217,-0.34323640887300544,1.3600856065750122,1.3250553607940674,-0.035030245780944824,48,117,69,9.0,17.966869354248047,8.966869354248047,7,12,5,0,1,1
random_20261033,178,mp3d/Vvot9Ly1tCj/Vvot9Ly1tCj.glb,False,,,,0,0,1.0,1.0,0.0,0.830972706664051,0.830972706664051,0.0,0.940951163220583,0.940951163220583,0.0,0.940951163220583,0.940951163220583,0.0,0.5576947331428528,0.5576947331428528,0.0,40,40,0,6.334258079528809,6.334258079528809,0.0,6,6,0,0,0,0
random_20261033,2078,mp3d/Vvot9Ly1tCj/Vvot9Ly1tCj.glb,False,,,,0,0,1.0,1.0,0.0,0.6781623211214685,0.6781623211214685,0.0,0.7822112867436259,0.7822112867436259,0.0,0.7822112867436259,0.7822112867436259,0.0,1.5810234546661377,1.5810234546661377,0.0,46,46,0,8.97069263458252,8.97069263458252,0.0,6,6,0,2,2,0
random_20261033,7091,mp3d/Vvot9Ly1tCj/Vvot9Ly1tCj.glb,True,9,31,23,45,67,1.0,1.0,0.0,0.9131838855539022,0.47679509525805447,-0.4363887902958477,0.8986698204285015,0.5615482616238265,-0.337121558804675,0.8986698204285015,0.5615482616238265,-0.337121558804675,0.1488916426897049,0.07573705166578293,-0.07315459102392197,89,201,112,14.749999046325684,28.25,13.500000953674316,11,12,1,0,0,0
random_20261033,1712,mp3d/Vvot9Ly1tCj/Vvot9Ly1tCj.glb,False,,,,0,0,1.0,1.0,0.0,0.9684727011669403,0.9684727011669403,0.0,0.9427110111669628,0.9427110111669628,0.0,0.9427110111669628,0.9427110111669628,0.0,0.1443268060684204,0.1443268060684204,0.0,64,64,0,11.500004768371582,11.500004768371582,0.0,9,9,0,0,0,0
random_20261033,10826,mp3d/Vvot9Ly1tCj/Vvot9Ly1tCj.glb,False,,,,0,0,1.0,1.0,0.0,0.9995741466393371,0.9995741466393371,0.0,0.8661541290797653,0.8661541290797653,0.0,0.8661541290797653,0.8661541290797653,0.0,0.6774362325668335,0.6774362325668335,0.0,69,69,0,13.031318664550781,13.031318664550781,0.0,10,10,0,0,0,0
random_20261033,6020,mp3d/Vvot9Ly1tCj/Vvot9Ly1tCj.glb,True,11,31,22,53,71,0.0,0.0,0.0,0.0,0.0,0.0,0.36574847606855304,0.12953570620193036,-0.23621276986662268,0.0,0.0,0.0,5.4506988525390625,5.4506988525390625,0.0,104,228,124,10.692468643188477,22.079418182373047,11.38694953918457,15,15,0,43,42,-1
random_20261033,4280,mp3d/Vvot9Ly1tCj/Vvot9Ly1tCj.glb,False,,,,0,0,1.0,1.0,0.0,0.6911158548755195,0.6911158548755195,0.0,0.8692471505091118,0.8692471505091118,0.0,0.8692471505091118,0.8692471505091118,0.0,0.4418880045413971,0.4418880045413971,0.0,73,73,0,8.352436065673828,8.352436065673828,0.0,7,7,0,0,0,0
random_20261033,4010,mp3d/Vvot9Ly1tCj/Vvot9Ly1tCj.glb,True,7,22,10,53,75,0.0,0.0,0.0,0.0,0.0,0.0,0.18134572880504352,0.027538772719316016,-0.1538069560857275,0.0,0.0,0.0,4.599164009094238,3.247028350830078,-1.3521356582641602,112,240,128,21.497493743896484,42.86485290527344,21.367359161376953,15,15,0,1,2,1
random_20261033,10295,mp3d/8WUmhLawc2A/8WUmhLawc2A.glb,False,,,,0,0,1.0,1.0,0.0,1.0,1.0,0.0,0.9370354896252916,0.9370354896252916,0.0,0.9370354896252916,0.9370354896252916,0.0,0.9551463723182678,0.9551463723182678,0.0,34,34,0,5.999991416931152,5.999991416931152,0.0,6,6,0,0,0,0
random_20261033,4310,mp3d/8WUmhLawc2A/8WUmhLawc2A.glb,False,,,,0,0,0.0,0.0,0.0,0.0,0.0,0.0,0.6991956509897476,0.6991956509897476,0.0,0.0,0.0,0.0,3.9670748710632324,3.9670748710632324,0.0,75,75,0,13.026702880859375,13.026702880859375,0.0,11,11,0,0,0,0
random_20261033,9299,mp3d/8WUmhLawc2A/8WUmhLawc2A.glb,False,,,,0,0,1.0,1.0,0.0,1.0,1.0,0.0,0.9452478645249042,0.9452478645249042,0.0,0.9452478645249042,0.9452478645249042,0.0,0.913779616355896,0.913779616355896,0.0,54,54,0,8.00000286102295,8.00000286102295,0.0,8,8,0,0,0,0
random_20261033,7352,mp3d/8WUmhLawc2A/8WUmhLawc2A.glb,False,,,,0,0,1.0,1.0,0.0,1.0,1.0,0.0,0.904887827094938,0.904887827094938,0.0,0.904887827094938,0.904887827094938,0.0,1.213857650756836,1.213857650756836,0.0,47,47,0,6.582125663757324,6.582125663757324,0.0,5,5,0,6,6,0
random_20261033,3326,mp3d/8WUmhLawc2A/8WUmhLawc2A.glb,False,,,,0,0,1.0,1.0,0.0,0.846402002010719,0.846402002010719,0.0,0.9005400954340195,0.9005400954340195,0.0,0.9005400954340195,0.9005400954340195,0.0,0.6204965114593506,0.6204965114593506,0.0,51,51,0,8.5420560836792,8.5420560836792,0.0,6,6,0,3,3,0
random_20261033,7676,mp3d/8WUmhLawc2A/8WUmhLawc2A.glb,True,8,20,17,22,134,1.0,1.0,0.0,1.0,0.3459174705291612,-0.6540825294708388,0.28524046239269024,0.08584105909928608,-0.19939940329340416,0.28524046239269024,0.08584105909928608,-0.19939940329340416,1.0871738195419312,0.765413761138916,-0.32176005840301514,76,232,156,11.660605430603027,33.954952239990234,22.294346809387207,11,13,2,4,16,12
random_20261033,8708,mp3d/8WUmhLawc2A/8WUmhLawc2A.glb,False,,,,0,0,1.0,1.0,0.0,1.0,1.0,0.0,0.9414846919145307,0.9414846919145307,0.0,0.9414846919145307,0.9414846919145307,0.0,1.2821167707443237,1.2821167707443237,0.0,40,40,0,6.499999046325684,6.499999046325684,0.0,7,7,0,0,0,0
random_20261033,5462,mp3d/8WUmhLawc2A/8WUmhLawc2A.glb,False,,,,0,0,1.0,1.0,0.0,0.8188425494778541,0.8188425494778541,0.0,0.8861844181460891,0.8861844181460891,0.0,0.8861844181460891,0.8861844181460891,0.0,0.8006537556648254,0.8006537556648254,0.0,64,64,0,7.75,7.75,0.0,8,8,0,0,0,0
random_20261033,2519,mp3d/8WUmhLawc2A/8WUmhLawc2A.glb,True,6,24,19,20,36,1.0,1.0,0.0,0.81707647572393,0.4945462879381682,-0.32253018778576187,0.9240447551054668,0.6740021215441268,-0.25004263356134004,0.9240447551054668,0.6740021215441268,-0.25004263356134004,0.43821004033088684,0.43821004033088684,0.0,69,125,56,11.5,19.0,7.5,9,10,1,0,0,0
random_20261033,6644,mp3d/8WUmhLawc2A/8WUmhLawc2A.glb,False,,,,0,0,1.0,1.0,0.0,0.9194819808209472,0.9194819808209472,0.0,0.9063925571896947,0.9063925571896947,0.0,0.9063925571896947,0.9063925571896947,0.0,0.6632542610168457,0.6632542610168457,0.0,107,107,0,18.50000762939453,18.50000762939453,0.0,13,13,0,0,0,0
random_20261033,6596,mp3d/8WUmhLawc2A/8WUmhLawc2A.glb,False,,,,0,0,1.0,1.0,0.0,0.8185360994253734,0.8185360994253734,0.0,0.8881235012443298,0.8881235012443298,0.0,0.8881235012443298,0.8881235012443298,0.0,0.8336018323898315,0.8336018323898315,0.0,62,62,0,8.821825981140137,8.821825981140137,0.0,7,7,0,10,10,0
random_20261033,7094,mp3d/8WUmhLawc2A/8WUmhLawc2A.glb,False,,,,0,0,1.0,1.0,0.0,1.0,1.0,0.0,0.9532593752204038,0.9532593752204038,0.0,0.9532593752204038,0.9532593752204038,0.0,1.3793513774871826,1.3793513774871826,0.0,42,42,0,6.975788593292236,6.975788593292236,0.0,7,7,0,1,1,0
random_20261033,5285,mp3d/pRbA3pwrgk9/pRbA3pwrgk9.glb,False,,,,0,0,1.0,1.0,0.0,0.6772324803517021,0.6772324803517021,0.0,0.6985784151390115,0.6985784151390115,0.0,0.6985784151390115,0.6985784151390115,0.0,1.0651921033859253,1.0651921033859253,0.0,60,60,0,8.522655487060547,8.522655487060547,0.0,7,7,0,0,0,0
random_20261033,3776,mp3d/pRbA3pwrgk9/pRbA3pwrgk9.glb,False,,,,0,0,1.0,1.0,0.0,1.0,1.0,0.0,0.9271367058911197,0.9271367058911197,0.0,0.9271367058911197,0.9271367058911197,0.0,1.8165218830108643,1.8165218830108643,0.0,46,46,0,8.001500129699707,8.001500129699707,0.0,8,8,0,0,0,0
random_20261033,2228,mp3d/pRbA3pwrgk9/pRbA3pwrgk9.glb,False,,,,0,0,1.0,1.0,0.0,0.9617029825846354,0.9617029825846354,0.0,0.9124364636225261,0.9124364636225261,0.0,0.9124364636225261,0.9124364636225261,0.0,1.1884455680847168,1.1884455680847168,0.0,39,39,0,7.5,7.5,0.0,6,6,0,0,0,0
random_20261033,8057,mp3d/pRbA3pwrgk9/pRbA3pwrgk9.glb,True,5,14,17,-8,-17,1.0,1.0,0.0,0.7899765065352873,0.8652571458122621,0.07528063927697481,0.8736449884004872,0.8522883408737282,-0.02135664752675903,0.8736449884004872,0.8522883408737282,-0.02135664752675903,1.5500150918960571,0.7229260206222534,-0.8270890712738037,68,43,-25,7.352235794067383,6.712563514709473,-0.6396722793579102,9,7,-2,8,12,4
random_20261033,1583,mp3d/pRbA3pwrgk9/pRbA3pwrgk9.glb,False,,,,0,0,1.0,1.0,0.0,1.0,1.0,0.0,0.9501873024692797,0.9501873024692797,0.0,0.9501873024692797,0.9501873024692797,0.0,1.2244867086410522,1.2244867086410522,0.0,46,46,0,6.121482849121094,6.121482849121094,0.0,6,6,0,1,1,0
random_20261033,8582,mp3d/pRbA3pwrgk9/pRbA3pwrgk9.glb,True,4,13,14,8,32,1.0,1.0,0.0,0.9702296623906913,0.6663043519683013,-0.30392531042239,0.9196450583964481,0.7866077441575638,-0.1330373142388842,0.9196450583964481,0.7866077441575638,-0.1330373142388842,0.36816737055778503,0.5739216804504395,0.20575430989265442,47,87,40,8.421197891235352,12.262408256530762,3.84121036529541,6,7,1,0,2,2
random_20261033,5891,mp3d/pRbA3pwrgk9/pRbA3pwrgk9.glb,False,,,,0,0,1.0,1.0,0.0,1.0,1.0,0.0,0.9361441045741573,0.9361441045741573,0.0,0.9361441045741573,0.9361441045741573,0.0,0.26414772868156433,0.26414772868156433,0.0,25,25,0,4.480660438537598,4.480660438537598,0.0,4,4,0,1,1,0
random_20261033,5192,mp3d/pRbA3pwrgk9/pRbA3pwrgk9.glb,True,4,15,9,37,53,1.0,1.0,0.0,0.8376735736172028,0.3613364389762896,-0.47633713464091326,0.9064697938852238,0.48373187447626315,-0.4227379194089606,0.9064697938852238,0.48373187447626315,-0.4227379194089606,0.531426727771759,0.5504951477050781,0.019068419933319092,51,141,90,8.74343490600586,20.26959800720215,11.526163101196289,6,7,1,1,4,3
random_20261033,10490,mp3d/pRbA3pwrgk9/pRbA3pwrgk9.glb,True,10,30,18,47,161,1.0,0.0,-1.0,0.8380708076607792,0.0,-0.8380708076607792,0.8863422157345437,0.24238484219831619,-0.6439573735362276,0.8863422157345437,0.0,-0.8863422157345437,2.0783798694610596,3.6596617698669434,1.5812819004058838,97,305,208,14.082818031311035,36.36476516723633,22.281947135925293,12,15,3,4,10,6
random_20261033,1625,mp3d/pRbA3pwrgk9/pRbA3pwrgk9.glb,False,,,,0,0,1.0,1.0,0.0,1.0,1.0,0.0,0.9120213708165783,0.9120213708165783,0.0,0.9120213708165783,0.9120213708165783,0.0,1.7844457626342773,1.7844457626342773,0.0,50,50,0,9.17962646484375,9.17962646484375,0.0,6,6,0,3,3,0
random_20261033,2762,mp3d/pRbA3pwrgk9/pRbA3pwrgk9.glb,False,,,,0,0,1.0,1.0,0.0,1.0,1.0,0.0,0.9399443175011014,0.9399443175011014,0.0,0.9399443175011014,0.9399443175011014,0.0,0.7603846788406372,0.7603846788406372,0.0,46,46,0,5.879151821136475,5.879151821136475,0.0,5,5,0,11,11,0
random_20261033,6098,mp3d/pRbA3pwrgk9/pRbA3pwrgk9.glb,True,13,29,27,30,34,0.0,1.0,1.0,0.0,0.2775867925668821,0.2775867925668821,0.38691608772142616,0.23037590933118626,-0.1565401783902399,0.0,0.23037590933118626,0.23037590933118626,5.1040472984313965,1.2599689960479736,-3.844078302383423,91,155,64,12.644413948059082,17.417694091796875,4.773280143737793,15,15,0,7,9,2
random_20261033,10355,mp3d/17DRP5sb8fy/17DRP5sb8fy.glb,False,,,,0,0,1.0,1.0,0.0,0.7907456454823294,0.7907456454823294,0.0,0.9251650031371519,0.9251650031371519,0.0,0.9251650031371519,0.9251650031371519,0.0,0.8542608618736267,0.8542608618736267,0.0,41,41,0,5.750000953674316,5.750000953674316,0.0,5,5,0,0,0,0
random_20261033,10154,mp3d/17DRP5sb8fy/17DRP5sb8fy.glb,False,,,,0,0,1.0,1.0,0.0,1.0,1.0,0.0,0.9449971319264825,0.9449971319264825,0.0,0.9449971319264825,0.9449971319264825,0.0,1.207086443901062,1.207086443901062,0.0,41,41,0,7.250000476837158,7.250000476837158,0.0,6,6,0,0,0,0
random_20261033,1074,mp3d/17DRP5sb8fy/17DRP5sb8fy.glb,False,,,,0,0,1.0,1.0,0.0,1.0,1.0,0.0,0.9500402750212671,0.9500402750212671,0.0,0.9500402750212671,0.9500402750212671,0.0,1.1623389720916748,1.1623389720916748,0.0,35,35,0,6.250002384185791,6.250002384185791,0.0,5,5,0,0,0,0
random_20261033,5150,mp3d/17DRP5sb8fy/17DRP5sb8fy.glb,False,,,,0,0,1.0,1.0,0.0,1.0,1.0,0.0,0.9349872327422067,0.9349872327422067,0.0,0.9349872327422067,0.9349872327422067,0.0,1.215065836906433,1.215065836906433,0.0,32,32,0,5.0,5.0,0.0,4,4,0,0,0,0
random_20261033,1116,mp3d/17DRP5sb8fy/17DRP5sb8fy.glb,False,,,,0,0,1.0,1.0,0.0,1.0,1.0,0.0,0.9059480260513482,0.9059480260513482,0.0,0.9059480260513482,0.9059480260513482,0.0,1.7495944499969482,1.7495944499969482,0.0,43,43,0,7.0,7.0,0.0,6,6,0,0,0,0
random_20261033,3899,mp3d/17DRP5sb8fy/17DRP5sb8fy.glb,False,,,,0,0,1.0,1.0,0.0,0.8941715980230528,0.8941715980230528,0.0,0.942494936924092,0.942494936924092,0.0,0.942494936924092,0.942494936924092,0.0,0.30271854996681213,0.30271854996681213,0.0,41,41,0,5.463344097137451,5.463344097137451,0.0,5,5,0,2,2,0
random_20261033,9524,mp3d/17DRP5sb8fy/17DRP5sb8fy.glb,False,,,,0,0,1.0,1.0,0.0,1.0,1.0,0.0,0.9253465238287139,0.9253465238287139,0.0,0.9253465238287139,0.9253465238287139,0.0,1.1087008714675903,1.1087008714675903,0.0,25,25,0,4.25,4.25,0.0,4,4,0,0,0,0
random_20261033,5795,mp3d/17DRP5sb8fy/17DRP5sb8fy.glb,False,,,,0,0,1.0,1.0,0.0,1.0,1.0,0.0,0.93921931952386,0.93921931952386,0.0,0.93921931952386,0.93921931952386,0.0,0.8578460216522217,0.8578460216522217,0.0,41,41,0,5.463344097137451,5.463344097137451,0.0,5,5,0,2,2,0
random_20261033,8504,mp3d/17DRP5sb8fy/17DRP5sb8fy.glb,False,,,,0,0,1.0,1.0,0.0,0.8681511549404526,0.8681511549404526,0.0,0.9419753216851418,0.9419753216851418,0.0,0.9419753216851418,0.9419753216851418,0.0,0.5854593515396118,0.5854593515396118,0.0,39,39,0,5.76057243347168,5.76057243347168,0.0,6,6,0,0,0,0
random_20261033,5573,mp3d/17DRP5sb8fy/17DRP5sb8fy.glb,True,1,4,5,-20,30,1.0,1.0,0.0,0.7384051272030088,0.5898361110905904,-0.14856901611241835,0.877604024878098,0.7532613322620135,-0.12434269261608444,0.877604024878098,0.7532613322620135,-0.12434269261608444,0.9709731340408325,0.9709731340408325,0.0,65,75,10,7.940237998962402,9.940239906311035,2.000001907348633,6,7,1,2,2,0
random_20261033,3605,mp3d/17DRP5sb8fy/17DRP5sb8fy.glb,False,,,,0,0,1.0,1.0,0.0,1.0,1.0,0.0,0.9010870534579015,0.9010870534579015,0.0,0.9010870534579015,0.9010870534579015,0.0,1.273645043373108,1.273645043373108,0.0,33,33,0,5.25,5.25,0.0,5,5,0,0,0,0
random_20261033,575,mp3d/17DRP5sb8fy/17DRP5sb8fy.glb,False,,,,0,0,1.0,1.0,0.0,1.0,1.0,0.0,0.94025668547679,0.94025668547679,0.0,0.94025668547679,0.94025668547679,0.0,0.915335476398468,0.915335476398468,0.0,53,53,0,7.134962558746338,7.134962558746338,0.0,7,7,0,4,4,0
random_20261033,3131,mp3d/1pXnuDYAj8r/1pXnuDYAj8r.glb,False,,,,0,0,1.0,1.0,0.0,1.0,1.0,0.0,0.9047155688867796,0.9047155688867796,0.0,0.9047155688867796,0.9047155688867796,0.0,1.3015528917312622,1.3015528917312622,0.0,53,53,0,10.500003814697266,10.500003814697266,0.0,7,7,0,0,0,0
random_20261033,3353,mp3d/1pXnuDYAj8r/1pXnuDYAj8r.glb,False,,,,0,0,1.0,1.0,0.0,0.9856534471698836,0.9856534471698836,0.0,0.920413758647767,0.920413758647767,0.0,0.920413758647767,0.920413758647767,0.0,0.682630717754364,0.682630717754364,0.0,65,65,0,12.75,12.75,0.0,10,10,0,0,0,0
random_20261033,6884,mp3d/1pXnuDYAj8r/1pXnuDYAj8r.glb,False,,,,0,0,1.0,1.0,0.0,1.0,1.0,0.0,0.9248311517026916,0.9248311517026916,0.0,0.9248311517026916,0.9248311517026916,0.0,1.3187601566314697,1.3187601566314697,0.0,34,34,0,5.250000476837158,5.250000476837158,0.0,6,6,0,0,0,0
random_20261033,2477,mp3d/1pXnuDYAj8r/1pXnuDYAj8r.glb,True,5,17,8,46,52,0.0,0.0,0.0,0.0,0.0,0.0,0.7122064050848078,0.24663462778294776,-0.46557177730186006,0.0,0.0,0.0,3.2048516273498535,3.5754103660583496,0.3705587387084961,58,156,98,10.730484962463379,26.737457275390625,16.006972312927246,7,8,1,1,5,4
random_20261033,4841,mp3d/1pXnuDYAj8r/1pXnuDYAj8r.glb,True,10,26,14,62,78,1.0,0.0,-1.0,0.8241105947949026,0.0,-0.8241105947949026,0.8631234972519132,0.39334957963360623,-0.46977391761830695,0.8631234972519132,0.0,-0.8631234972519132,2.11484956741333,3.355891466140747,1.241041898727417,114,254,140,16.711505889892578,34.88218307495117,18.170677185058594,15,15,0,0,4,4
random_20261033,6344,mp3d/1pXnuDYAj8r/1pXnuDYAj8r.glb,False,,,,0,0,1.0,1.0,0.0,1.0,1.0,0.0,0.9088506822167669,0.9088506822167669,0.0,0.9088506822167669,0.9088506822167669,0.0,1.3249093294143677,1.3249093294143677,0.0,61,61,0,10.749992370605469,10.749992370605469,0.0,9,9,0,0,0,0
random_20261033,6752,mp3d/1pXnuDYAj8r/1pXnuDYAj8r.glb,False,,,,0,0,1.0,1.0,0.0,1.0,1.0,0.0,0.9274770946050384,0.9274770946050384,0.0,0.9274770946050384,0.9274770946050384,0.0,1.5871949195861816,1.5871949195861816,0.0,42,42,0,6.75236177444458,6.75236177444458,0.0,6,6,0,0,0,0
random_20261033,7295,mp3d/1pXnuDYAj8r/1pXnuDYAj8r.glb,False,,,,0,0,1.0,1.0,0.0,0.8163739721572524,0.8163739721572524,0.0,0.9174061405048597,0.9174061405048597,0.0,0.9174061405048597,0.9174061405048597,0.0,1.0217249393463135,1.0217249393463135,0.0,37,37,0,4.274156093597412,4.274156093597412,0.0,4,4,0,0,0,0
random_20261033,493,mp3d/1pXnuDYAj8r/1pXnuDYAj8r.glb,False,,,,0,0,1.0,1.0,0.0,1.0,1.0,0.0,0.9393323832795254,0.9393323832795254,0.0,0.9393323832795254,0.9393323832795254,0.0,1.6655668020248413,1.6655668020248413,0.0,60,60,0,12.750003814697266,12.750003814697266,0.0,9,9,0,0,0,0
random_20261033,5141,mp3d/1pXnuDYAj8r/1pXnuDYAj8r.glb,False,,,,0,0,1.0,1.0,0.0,1.0,1.0,0.0,0.9137334757803558,0.9137334757803558,0.0,0.9137334757803558,0.9137334757803558,0.0,0.8547974228858948,0.8547974228858948,0.0,44,44,0,7.249999523162842,7.249999523162842,0.0,6,6,0,0,0,0
random_20261033,1742,mp3d/1pXnuDYAj8r/1pXnuDYAj8r.glb,False,,,,0,0,1.0,1.0,0.0,1.0,1.0,0.0,0.9407270472173778,0.9407270472173778,0.0,0.9407270472173778,0.9407270472173778,0.0,0.8078550696372986,0.8078550696372986,0.0,46,46,0,8.002359390258789,8.002359390258789,0.0,7,7,0,0,0,0
random_20261033,1153,mp3d/1pXnuDYAj8r/1pXnuDYAj8r.glb,False,,,,0,0,1.0,1.0,0.0,0.7968689856642995,0.7968689856642995,0.0,0.8889710886376649,0.8889710886376649,0.0,0.8889710886376649,0.8889710886376649,0.0,0.7661161422729492,0.7661161422729492,0.0,45,45,0,6.500002384185791,6.500002384185791,0.0,5,5,0,0,0,0
