cohort,split,episode_id,scene_id,high_level_step,native_index,candidate_index,label,native_success,native_failure,candidate_is_stop,native_is_stop,candidate_current_proposal,native_current_proposal,candidate_logit,native_logit,logit_difference,candidate_rank_norm,native_rank_norm,candidate_distance_m,native_distance_m,candidate_path_estimate_m,native_path_estimate_m,candidate_count,high_level_step_norm,policy_entropy,top1_top2_margin,visited_or_history,native_full_success,alternative_full_success
train,train,3208,data/scene_datasets/mp3d/ac26ZMwG7aT/ac26ZMwG7aT.glb,7,19,0,AMBIGUOUS,0,1,1,0,0,1,1.2910370826721191,1.9395798444747925,-0.6485427618026733,0.15384615384615385,0.07692307692307693,1.2500017761418463,0.9781476672682364,1.2500017761418463,0.9781476672682364,13,0.4666666666666667,1.0054365373125036,0.6485427618026733,1,0,0
train,train,3208,data/scene_datasets/mp3d/ac26ZMwG7aT/ac26ZMwG7aT.glb,7,19,9,KEEP,0,1,0,0,0,1,-7.999187469482422,1.9395798444747925,-9.938767313957214,1.0,0.07692307692307693,6.479440592751435,0.9781476672682364,8.826226058305512,0.9781476672682364,13,0.4666666666666667,1.0054365373125036,0.6485427618026733,1,0,0
train,train,3208,data/scene_datasets/mp3d/ac26ZMwG7aT/ac26ZMwG7aT.glb,7,19,10,KEEP,0,1,0,0,0,1,-4.513896942138672,1.9395798444747925,-6.453476786613464,0.6923076923076923,0.07692307692307693,3.966195986748225,0.9781476672682364,7.9481049613606,0.9781476672682364,13,0.4666666666666667,1.0054365373125036,0.6485427618026733,1,0,0
train,train,3208,data/scene_datasets/mp3d/ac26ZMwG7aT/ac26ZMwG7aT.glb,7,19,11,KEEP,0,1,0,0,0,1,-6.697180271148682,1.9395798444747925,-8.636760115623474,0.9230769230769231,0.07692307692307693,4.534310431685274,0.9781476672682364,6.427028575884434,0.9781476672682364,13,0.4666666666666667,1.0054365373125036,0.6485427618026733,1,0,0
train,train,3208,data/scene_datasets/mp3d/ac26ZMwG7aT/ac26ZMwG7aT.glb,7,19,12,KEEP,0,1,0,0,0,1,-4.003585338592529,1.9395798444747925,-5.943165183067322,0.6153846153846154,0.07692307692307693,5.439488010441821,0.9781476672682364,7.250003205799066,0.9781476672682364,13,0.4666666666666667,1.0054365373125036,0.6485427618026733,1,0,0
train,train,3208,data/scene_datasets/mp3d/ac26ZMwG7aT/ac26ZMwG7aT.glb,7,19,13,AMBIGUOUS,0,1,0,0,0,1,-2.0011990070343018,1.9395798444747925,-3.9407788515090942,0.38461538461538464,0.07692307692307693,4.165627777903698,0.9781476672682364,5.500003424401694,0.9781476672682364,13,0.4666666666666667,1.0054365373125036,0.6485427618026733,1,0,0
train,train,3208,data/scene_datasets/mp3d/ac26ZMwG7aT/ac26ZMwG7aT.glb,7,19,14,KEEP,0,1,0,0,0,1,-3.030294179916382,1.9395798444747925,-4.969874024391174,0.5384615384615384,0.07692307692307693,4.293789129485236,0.9781476672682364,5.000003424401694,0.9781476672682364,13,0.4666666666666667,1.0054365373125036,0.6485427618026733,1,0,0
train,train,3208,data/scene_datasets/mp3d/ac26ZMwG7aT/ac26ZMwG7aT.glb,7,19,15,KEEP,0,1,0,0,0,1,-4.669378757476807,1.9395798444747925,-6.608958601951599,0.7692307692307693,0.07692307692307693,3.423946750579975,0.9781476672682364,3.500002003488217,0.9781476672682364,13,0.4666666666666667,1.0054365373125036,0.6485427618026733,1,0,0
train,train,3208,data/scene_datasets/mp3d/ac26ZMwG7aT/ac26ZMwG7aT.glb,7,19,16,KEEP,0,1,0,0,0,1,-5.213931083679199,1.9395798444747925,-7.153510928153992,0.8461538461538461,0.07692307692307693,3.3281170060238923,0.9781476672682364,3.500002003488216,0.9781476672682364,13,0.4666666666666667,1.0054365373125036,0.6485427618026733,1,0,0
train,train,3208,data/scene_datasets/mp3d/ac26ZMwG7aT/ac26ZMwG7aT.glb,7,19,17,AMBIGUOUS,0,1,0,0,0,1,-2.8508927822113037,1.9395798444747925,-4.790472626686096,0.46153846153846156,0.07692307692307693,1.9016430215386615,0.9781476672682364,2.7500017761418465,0.9781476672682364,13,0.4666666666666667,1.0054365373125036,0.6485427618026733,1,0,0
train,train,3208,data/scene_datasets/mp3d/ac26ZMwG7aT/ac26ZMwG7aT.glb,7,19,18,AMBIGUOUS,0,1,0,0,0,1,-1.2746679782867432,1.9395798444747925,-3.2142478227615356,0.3076923076923077,0.07692307692307693,2.0809307292464982,0.9781476672682364,2.250001776141847,0.9781476672682364,13,0.4666666666666667,1.0054365373125036,0.6485427618026733,1,0,0
train,train,3208,data/scene_datasets/mp3d/ac26ZMwG7aT/ac26ZMwG7aT.glb,7,19,20,KEEP,0,1,0,0,1,1,-0.9074119329452515,1.9395798444747925,-2.846991777420044,0.23076923076923078,0.07692307692307693,1.4999999999999998,0.9781476672682364,1.4999999999999998,0.9781476672682364,13,0.4666666666666667,1.0054365373125036,0.6485427618026733,0,0,0
train,train,3208,data/scene_datasets/mp3d/ac26ZMwG7aT/ac26ZMwG7aT.glb,8,0,10,KEEP,0,1,0,1,0,0,-8.025976181030273,2.1079587936401367,-10.13393497467041,1.0,0.06666666666666667,6.839696338897939,0.0,9.576226194713334,0.0,15,0.5333333333333333,1.0171401624809617,1.4119768738746643,1,0,0
train,train,3208,data/scene_datasets/mp3d/ac26ZMwG7aT/ac26ZMwG7aT.glb,8,0,11,KEEP,0,1,0,1,0,0,-4.964048385620117,2.1079587936401367,-7.072007179260254,0.6666666666666666,0.06666666666666667,4.432368320954943,0.0,8.698105097768421,0.0,15,0.5333333333333333,1.0171401624809617,1.4119768738746643,1,0,0
train,train,3208,data/scene_datasets/mp3d/ac26ZMwG7aT/ac26ZMwG7aT.glb,8,0,12,AMBIGUOUS,0,1,0,1,0,0,-7.490171432495117,2.1079587936401367,-9.598130226135254,0.9333333333333333,0.06666666666666667,5.175672449156023,0.0,7.177028712292256,0.0,15,0.5333333333333333,1.0171401624809617,1.4119768738746643,1,0,0
train,train,3208,data/scene_datasets/mp3d/ac26ZMwG7aT/ac26ZMwG7aT.glb,8,0,13,KEEP,0,1,0,1,0,0,-5.381097316741943,2.1079587936401367,-7.48905611038208,0.8,0.06666666666666667,6.094859357314603,0.0,8.000003342206888,0.0,15,0.5333333333333333,1.0171401624809617,1.4119768738746643,1,0,0
train,train,3208,data/scene_datasets/mp3d/ac26ZMwG7aT/ac26ZMwG7aT.glb,8,0,14,AMBIGUOUS,0,1,0,1,0,0,-3.0792737007141113,2.1079587936401367,-5.187232494354248,0.4666666666666667,0.06666666666666667,4.881231032177219,0.0,6.250003560809516,0.0,15,0.5333333333333333,1.0171401624809617,1.4119768738746643,1,0,0
train,train,3208,data/scene_datasets/mp3d/ac26ZMwG7aT/ac26ZMwG7aT.glb,8,0,15,KEEP,0,1,0,1,0,0,-4.028968334197998,2.1079587936401367,-6.136927127838135,0.6,0.06666666666666667,5.0358285008083765,0.0,5.750003560809516,0.0,15,0.5333333333333333,1.0171401624809617,1.4119768738746643,1,0,0
train,train,3208,data/scene_datasets/mp3d/ac26ZMwG7aT/ac26ZMwG7aT.glb,8,0,16,KEEP,0,1,0,1,0,0,-5.329679489135742,2.1079587936401367,-7.437638282775879,0.7333333333333333,0.06666666666666667,4.173837025601259,0.0,4.250002139896039,0.0,15,0.5333333333333333,1.0171401624809617,1.4119768738746643,1,0,0
train,train,3208,data/scene_datasets/mp3d/ac26ZMwG7aT/ac26ZMwG7aT.glb,8,0,17,KEEP,0,1,0,1,0,0,-6.062075614929199,2.1079587936401367,-8.170034408569336,0.8666666666666667,0.06666666666666667,4.047917883897563,0.0,4.250002139896038,0.0,15,0.5333333333333333,1.0171401624809617,1.4119768738746643,1,0,0
train,train,3208,data/scene_datasets/mp3d/ac26ZMwG7aT/ac26ZMwG7aT.glb,8,0,18,AMBIGUOUS,0,1,0,1,0,0,-2.7891948223114014,2.1079587936401367,-4.897153615951538,0.3333333333333333,0.06666666666666667,2.5411926376521152,0.0,3.500001912549668,0.0,15,0.5333333333333333,1.0171401624809617,1.4119768738746643,1,0,0
train,train,3208,data/scene_datasets/mp3d/ac26ZMwG7aT/ac26ZMwG7aT.glb,8,0,19,KEEP,0,1,0,1,0,0,-1.890433669090271,2.1079587936401367,-3.9983924627304077,0.26666666666666666,0.06666666666666667,2.7301810857518802,0.0,3.0000019125496684,0.0,15,0.5333333333333333,1.0171401624809617,1.4119768738746643,1,0,0
train,train,3208,data/scene_datasets/mp3d/ac26ZMwG7aT/ac26ZMwG7aT.glb,8,0,20,KEEP,0,1,0,1,1,0,-3.633181095123291,2.1079587936401367,-5.741139888763428,0.5333333333333333,0.06666666666666667,1.089425366013809,0.0,1.089425366013809,0.0,15,0.5333333333333333,1.0171401624809617,1.4119768738746643,0,0,0
train,train,3208,data/scene_datasets/mp3d/ac26ZMwG7aT/ac26ZMwG7aT.glb,8,0,21,KEEP,0,1,0,1,1,0,0.6690263152122498,2.1079587936401367,-1.438932478427887,0.2,0.06666666666666667,1.7499999999999993,0.0,1.7499999999999993,0.0,15,0.5333333333333333,1.0171401624809617,1.4119768738746643,0,0,0
train,train,3208,data/scene_datasets/mp3d/ac26ZMwG7aT/ac26ZMwG7aT.glb,8,0,22,KEEP,0,1,0,1,1,0,-2.9147279262542725,2.1079587936401367,-5.022686719894409,0.4,0.06666666666666667,1.2500000000000004,0.0,1.2500000000000004,0.0,15,0.5333333333333333,1.0171401624809617,1.4119768738746643,0,0,0
train,train,3208,data/scene_datasets/mp3d/ac26ZMwG7aT/ac26ZMwG7aT.glb,8,0,23,KEEP,0,1,0,1,1,0,0.6959819197654724,2.1079587936401367,-1.4119768738746643,0.13333333333333333,0.06666666666666667,1.2499999999999998,0.0,1.2499999999999998,0.0,15,0.5333333333333333,1.0171401624809617,1.4119768738746643,0,0,0
train,train,7221,data/scene_datasets/mp3d/b8cTxDM8gDG/b8cTxDM8gDG.glb,1,6,0,AMBIGUOUS,0,1,1,0,0,1,-8.275172233581543,2.6400420665740967,-10.91521430015564,1.0,0.2,0.0,2.75,0.0,2.75,5,0.06666666666666667,0.3669511074888846,2.011435866355896,1,0,0
train,train,7221,data/scene_datasets/mp3d/b8cTxDM8gDG/b8cTxDM8gDG.glb,1,6,3,KEEP,0,1,0,0,1,1,-5.892861366271973,2.6400420665740967,-8.53290343284607,0.8,0.2,1.3484672459187494,2.75,1.4559443470493818,2.75,5,0.06666666666666667,0.3669511074888846,2.011435866355896,0,0,0
train,train,7221,data/scene_datasets/mp3d/b8cTxDM8gDG/b8cTxDM8gDG.glb,1,6,4,KEEP,0,1,0,0,0,1,-5.537294864654541,2.6400420665740967,-8.177336931228638,0.6,0.2,1.5528586801890485,2.75,1.9227268554414856,2.75,5,0.06666666666666667,0.3669511074888846,2.011435866355896,1,0,0
train,train,7221,data/scene_datasets/mp3d/b8cTxDM8gDG/b8cTxDM8gDG.glb,1,6,5,AMBIGUOUS,0,1,0,0,1,1,0.6286062002182007,2.6400420665740967,-2.011435866355896,0.4,0.2,0.987688330587118,2.75,0.987688330587118,2.75,5,0.06666666666666667,0.3669511074888846,2.011435866355896,0,0,0
train,train,7221,data/scene_datasets/mp3d/b8cTxDM8gDG/b8cTxDM8gDG.glb,2,10,0,INTERVENE,0,1,1,0,0,1,-8.069474220275879,1.3990176916122437,-9.468491911888123,1.0,0.125,0.0,1.0000000000000002,0.0,1.0000000000000002,8,0.13333333333333333,0.8240152932648599,0.4618152379989624,1,0,0
train,train,7221,data/scene_datasets/mp3d/b8cTxDM8gDG/b8cTxDM8gDG.glb,2,10,4,AMBIGUOUS,0,1,0,0,0,1,-7.1847991943359375,1.3990176916122437,-8.583816885948181,0.875,0.125,2.823064970517347,1.0000000000000002,3.0102320010409986,1.0000000000000002,8,0.13333333333333333,0.8240152932648599,0.4618152379989624,1,0,0
train,train,7221,data/scene_datasets/mp3d/b8cTxDM8gDG/b8cTxDM8gDG.glb,2,10,5,AMBIGUOUS,0,1,0,0,0,1,-5.847026348114014,1.3990176916122437,-7.246044039726257,0.75,0.125,2.6330786270633237,1.0000000000000002,3.4770145094331024,1.0000000000000002,8,0.13333333333333333,0.8240152932648599,0.4618152379989624,1,0,0
train,train,7221,data/scene_datasets/mp3d/b8cTxDM8gDG/b8cTxDM8gDG.glb,2,10,6,AMBIGUOUS,0,1,0,0,0,1,-1.4860812425613403,1.3990176916122437,-2.885098934173584,0.375,0.125,1.1092669085595792,1.0000000000000002,2.5419759845787353,1.0000000000000002,8,0.13333333333333333,0.8240152932648599,0.4618152379989624,1,0,1
train,train,7221,data/scene_datasets/mp3d/b8cTxDM8gDG/b8cTxDM8gDG.glb,2,10,7,AMBIGUOUS,0,1,0,0,1,1,0.9372024536132812,1.3990176916122437,-0.4618152379989624,0.25,0.125,1.7499999999999996,1.0000000000000002,1.7499999999999996,1.0000000000000002,8,0.13333333333333333,0.8240152932648599,0.4618152379989624,0,0,0
train,train,7221,data/scene_datasets/mp3d/b8cTxDM8gDG/b8cTxDM8gDG.glb,2,10,8,AMBIGUOUS,0,1,0,0,1,1,-4.677548885345459,1.3990176916122437,-6.076566576957703,0.625,0.125,1.2500000000000002,1.0000000000000002,1.2500000000000002,1.0000000000000002,8,0.13333333333333333,0.8240152932648599,0.4618152379989624,0,0,1
train,train,7221,data/scene_datasets/mp3d/b8cTxDM8gDG/b8cTxDM8gDG.glb,2,10,9,AMBIGUOUS,0,1,0,0,1,1,-3.7951011657714844,1.3990176916122437,-5.194118857383728,0.5,0.125,1.2499999999999998,1.0000000000000002,1.2499999999999998,1.0000000000000002,8,0.13333333333333333,0.8240152932648599,0.4618152379989624,0,0,0
train,train,7221,data/scene_datasets/mp3d/b8cTxDM8gDG/b8cTxDM8gDG.glb,3,11,0,INTERVENE,0,1,1,0,0,1,-7.966964244842529,0.9887677431106567,-8.955731987953186,1.0,0.125,0.0,1.0000000000000002,0.0,1.0000000000000002,8,0.2,0.8864338733139135,0.3881222605705261,1,0,0
train,train,7221,data/scene_datasets/mp3d/b8cTxDM8gDG/b8cTxDM8gDG.glb,3,11,5,AMBIGUOUS,0,1,0,0,0,1,-6.277574062347412,0.9887677431106567,-7.266341805458069,0.875,0.125,2.823064970517347,1.0000000000000002,3.0102320010409986,1.0000000000000002,8,0.2,0.8864338733139135,0.3881222605705261,1,0,0
train,train,7221,data/scene_datasets/mp3d/b8cTxDM8gDG/b8cTxDM8gDG.glb,3,11,6,AMBIGUOUS,0,1,0,0,0,1,-4.749000549316406,0.9887677431106567,-5.737768292427063,0.75,0.125,2.6330786270633237,1.0000000000000002,3.4770145094331024,1.0000000000000002,8,0.2,0.8864338733139135,0.3881222605705261,1,0,0
train,train,7221,data/scene_datasets/mp3d/b8cTxDM8gDG/b8cTxDM8gDG.glb,3,11,7,AMBIGUOUS,0,1,0,0,0,1,-1.7753850221633911,0.9887677431106567,-2.764152765274048,0.375,0.125,1.1092669085595792,1.0000000000000002,2.5419759845787353,1.0000000000000002,8,0.2,0.8864338733139135,0.3881222605705261,1,0,1
train,train,7221,data/scene_datasets/mp3d/b8cTxDM8gDG/b8cTxDM8gDG.glb,3,11,8,AMBIGUOUS,0,1,0,0,1,1,0.6006454825401306,0.9887677431106567,-0.3881222605705261,0.25,0.125,1.749999999999996,1.0000000000000002,1.749999999999996,1.0000000000000002,8,0.2,0.8864338733139135,0.3881222605705261,0,0,0
train,train,7221,data/scene_datasets/mp3d/b8cTxDM8gDG/b8cTxDM8gDG.glb,3,11,9,AMBIGUOUS,0,1,0,0,1,1,-4.24007511138916,0.9887677431106567,-5.228842854499817,0.625,0.125,1.2499999999999978,1.0000000000000002,1.2499999999999978,1.0000000000000002,8,0.2,0.8864338733139135,0.3881222605705261,0,0,0
train,train,7221,data/scene_datasets/mp3d/b8cTxDM8gDG/b8cTxDM8gDG.glb,3,11,10,AMBIGUOUS,0,1,0,0,1,1,-3.0799710750579834,0.9887677431106567,-4.06873881816864,0.5,0.125,1.2499999999999978,1.0000000000000002,1.2499999999999978,1.0000000000000002,8,0.2,0.8864338733139135,0.3881222605705261,0,0,0
train,train,7221,data/scene_datasets/mp3d/b8cTxDM8gDG/b8cTxDM8gDG.glb,4,12,0,INTERVENE,0,1,1,0,0,1,-7.800175666809082,1.029380440711975,-8.829556107521057,1.0,0.125,0.0,1.0000000000000002,0.0,1.0000000000000002,8,0.26666666666666666,0.9472208293933164,0.3011506199836731,1,0,0
train,train,7221,data/scene_datasets/mp3d/b8cTxDM8gDG/b8cTxDM8gDG.glb,4,12,6,AMBIGUOUS,0,1,0,0,0,1,-5.9704484939575195,1.029380440711975,-6.999828934669495,0.875,0.125,2.823064970517347,1.0000000000000002,3.0102320010409986,1.0000000000000002,8,0.26666666666666666,0.9472208293933164,0.3011506199836731,1,0,0
train,train,7221,data/scene_datasets/mp3d/b8cTxDM8gDG/b8cTxDM8gDG.glb,4,12,7,AMBIGUOUS,0,1,0,0,0,1,-4.435123920440674,1.029380440711975,-5.464504361152649,0.75,0.125,2.6330786270633237,1.0000000000000002,3.4770145094331024,1.0000000000000002,8,0.26666666666666666,0.9472208293933164,0.3011506199836731,1,0,0
train,train,7221,data/scene_datasets/mp3d/b8cTxDM8gDG/b8cTxDM8gDG.glb,4,12,8,AMBIGUOUS,0,1,0,0,0,1,-1.447454571723938,1.029380440711975,-2.476835012435913,0.375,0.125,1.1092669085595792,1.0000000000000002,2.5419759845787353,1.0000000000000002,8,0.26666666666666666,0.9472208293933164,0.3011506199836731,1,0,1
train,train,7221,data/scene_datasets/mp3d/b8cTxDM8gDG/b8cTxDM8gDG.glb,4,12,9,AMBIGUOUS,0,1,0,0,1,1,0.728229820728302,1.029380440711975,-0.3011506199836731,0.25,0.125,1.7499999999999967,1.0000000000000002,1.7499999999999967,1.0000000000000002,8,0.26666666666666666,0.9472208293933164,0.3011506199836731,0,0,0
train,train,7221,data/scene_datasets/mp3d/b8cTxDM8gDG/b8cTxDM8gDG.glb,4,12,10,AMBIGUOUS,0,1,0,0,1,1,-3.964519739151001,1.029380440711975,-4.993900179862976,0.625,0.125,1.249999999999997,1.0000000000000002,1.249999999999997,1.0000000000000002,8,0.26666666666666666,0.9472208293933164,0.3011506199836731,0,0,0
train,train,7221,data/scene_datasets/mp3d/b8cTxDM8gDG/b8cTxDM8gDG.glb,4,12,11,AMBIGUOUS,0,1,0,0,1,1,-2.449244976043701,1.029380440711975,-3.4786254167556763,0.5,0.125,1.2499999999999982,1.0000000000000002,1.2499999999999982,1.0000000000000002,8,0.26666666666666666,0.9472208293933164,0.3011506199836731,0,0,0
train,train,7221,data/scene_datasets/mp3d/b8cTxDM8gDG/b8cTxDM8gDG.glb,5,13,0,INTERVENE,0,1,1,0,0,1,-7.552927017211914,1.0853381156921387,-8.638265132904053,1.0,0.125,0.0,1.0000000000000002,0.0,1.0000000000000002,8,0.3333333333333333,1.0045092997680765,0.3173242211341858,1,0,0
train,train,7221,data/scene_datasets/mp3d/b8cTxDM8gDG/b8cTxDM8gDG.glb,5,13,7,AMBIGUOUS,0,1,0,0,0,1,-5.738472938537598,1.0853381156921387,-6.823811054229736,0.875,0.125,2.823064970517347,1.0000000000000002,3.0102320010409986,1.0000000000000002,8,0.3333333333333333,1.0045092997680765,0.3173242211341858,1,0,0
train,train,7221,data/scene_datasets/mp3d/b8cTxDM8gDG/b8cTxDM8gDG.glb,5,13,8,AMBIGUOUS,0,1,0,0,0,1,-4.24094820022583,1.0853381156921387,-5.326286315917969,0.75,0.125,2.6330786270633237,1.0000000000000002,3.4770145094331024,1.0000000000000002,8,0.3333333333333333,1.0045092997680765,0.3173242211341858,1,0,0
train,train,7221,data/scene_datasets/mp3d/b8cTxDM8gDG/b8cTxDM8gDG.glb,5,13,9,AMBIGUOUS,0,1,0,0,0,1,-1.1216249465942383,1.0853381156921387,-2.206963062286377,0.375,0.125,1.1092669085595792,1.0000000000000002,2.5419759845787353,1.0000000000000002,8,0.3333333333333333,1.0045092997680765,0.3173242211341858,1,0,1
train,train,7221,data/scene_datasets/mp3d/b8cTxDM8gDG/b8cTxDM8gDG.glb,5,13,10,AMBIGUOUS,0,1,0,0,1,1,0.7680138945579529,1.0853381156921387,-0.3173242211341858,0.25,0.125,1.749999999999997,1.0000000000000002,1.749999999999997,1.0000000000000002,8,0.3333333333333333,1.0045092997680765,0.3173242211341858,0,0,0
train,train,7221,data/scene_datasets/mp3d/b8cTxDM8gDG/b8cTxDM8gDG.glb,5,13,11,AMBIGUOUS,0,1,0,0,1,1,-3.6985881328582764,1.0853381156921387,-4.783926248550415,0.625,0.125,1.2499999999999984,1.0000000000000002,1.2499999999999984,1.0000000000000002,8,0.3333333333333333,1.0045092997680765,0.3173242211341858,0,0,0
train,train,7221,data/scene_datasets/mp3d/b8cTxDM8gDG/b8cTxDM8gDG.glb,5,13,12,AMBIGUOUS,0,1,0,0,1,1,-1.9974247217178345,1.0853381156921387,-3.082762837409973,0.5,0.125,1.249999999999999,1.0000000000000002,1.249999999999999,1.0000000000000002,8,0.3333333333333333,1.0045092997680765,0.3173242211341858,0,0,0
train,train,7221,data/scene_datasets/mp3d/b8cTxDM8gDG/b8cTxDM8gDG.glb,6,14,0,INTERVENE,0,1,1,0,0,1,-7.253598690032959,1.188611626625061,-8.44221031665802,1.0,0.125,0.0,1.0000000000000002,0.0,1.0000000000000002,8,0.4,1.0157826498586044,0.42996907234191895,1,0,0
train,train,7221,data/scene_datasets/mp3d/b8cTxDM8gDG/b8cTxDM8gDG.glb,6,14,8,AMBIGUOUS,0,1,0,0,0,1,-6.096775531768799,1.188611626625061,-7.28538715839386,0.875,0.125,2.823064970517347,1.0000000000000002,3.0102320010409986,1.0000000000000002,8,0.4,1.0157826498586044,0.42996907234191895,1,0,0
train,train,7221,data/scene_datasets/mp3d/b8cTxDM8gDG/b8cTxDM8gDG.glb,6,14,9,AMBIGUOUS,0,1,0,0,0,1,-4.368404865264893,1.188611626625061,-5.557016491889954,0.75,0.125,2.6330786270633237,1.0000000000000002,3.4770145094331024,1.0000000000000002,8,0.4,1.0157826498586044,0.42996907234191895,1,0,0
train,train,7221,data/scene_datasets/mp3d/b8cTxDM8gDG/b8cTxDM8gDG.glb,6,14,10,AMBIGUOUS,0,1,0,0,0,1,-0.8413875102996826,1.188611626625061,-2.0299991369247437,0.375,0.125,1.1092669085595792,1.0000000000000002,2.5419759845787353,1.0000000000000002,8,0.4,1.0157826498586044,0.42996907234191895,1,0,1
train,train,7221,data/scene_datasets/mp3d/b8cTxDM8gDG/b8cTxDM8gDG.glb,6,14,11,AMBIGUOUS,0,1,0,0,1,1,0.7586425542831421,1.188611626625061,-0.42996907234191895,0.25,0.125,1.7499999999999973,1.0000000000000002,1.7499999999999973,1.0000000000000002,8,0.4,1.0157826498586044,0.42996907234191895,0,0,0
train,train,7221,data/scene_datasets/mp3d/b8cTxDM8gDG/b8cTxDM8gDG.glb,6,14,12,AMBIGUOUS,0,1,0,0,1,1,-3.8183624744415283,1.188611626625061,-5.006974101066589,0.625,0.125,1.2499999999999996,1.0000000000000002,1.2499999999999996,1.0000000000000002,8,0.4,1.0157826498586044,0.42996907234191895,0,0,0
train,train,7221,data/scene_datasets/mp3d/b8cTxDM8gDG/b8cTxDM8gDG.glb,6,14,13,AMBIGUOUS,0,1,0,0,1,1,-1.908901333808899,1.188611626625061,-3.09751296043396,0.5,0.125,1.2499999999999996,1.0000000000000002,1.2499999999999996,1.0000000000000002,8,0.4,1.0157826498586044,0.42996907234191895,0,0,0
train,train,7221,data/scene_datasets/mp3d/b8cTxDM8gDG/b8cTxDM8gDG.glb,7,15,0,INTERVENE,0,1,1,0,0,1,-6.918060779571533,1.2112427949905396,-8.129303574562073,1.0,0.125,0.0,1.0000000000000002,0.0,1.0000000000000002,8,0.4666666666666667,1.0401572144440505,0.5139858722686768,1,0,0
train,train,7221,data/scene_datasets/mp3d/b8cTxDM8gDG/b8cTxDM8gDG.glb,7,15,9,AMBIGUOUS,0,1,0,0,0,1,-5.881980895996094,1.2112427949905396,-7.093223690986633,0.875,0.125,2.823064970517347,1.0000000000000002,3.0102320010409986,1.0000000000000002,8,0.4666666666666667,1.0401572144440505,0.5139858722686768,1,0,0
train,train,7221,data/scene_datasets/mp3d/b8cTxDM8gDG/b8cTxDM8gDG.glb,7,15,10,AMBIGUOUS,0,1,0,0,0,1,-4.493050575256348,1.2112427949905396,-5.704293370246887,0.75,0.125,2.6330786270633237,1.0000000000000002,3.4770145094331024,1.0000000000000002,8,0.4666666666666667,1.0401572144440505,0.5139858722686768,1,0,0
train,train,7221,data/scene_datasets/mp3d/b8cTxDM8gDG/b8cTxDM8gDG.glb,7,15,11,AMBIGUOUS,0,1,0,0,0,1,-0.731695830821991,1.2112427949905396,-1.9429386258125305,0.375,0.125,1.1092669085595792,1.0000000000000002,2.5419759845787353,1.0000000000000002,8,0.4666666666666667,1.0401572144440505,0.5139858722686768,1,0,1
train,train,7221,data/scene_datasets/mp3d/b8cTxDM8gDG/b8cTxDM8gDG.glb,7,15,12,AMBIGUOUS,0,1,0,0,1,1,0.6972569227218628,1.2112427949905396,-0.5139858722686768,0.25,0.125,1.7499999999999971,1.0000000000000002,1.7499999999999971,1.0000000000000002,8,0.4666666666666667,1.0401572144440505,0.5139858722686768,0,0,0
train,train,7221,data/scene_datasets/mp3d/b8cTxDM8gDG/b8cTxDM8gDG.glb,7,15,13,AMBIGUOUS,0,1,0,0,1,1,-3.60271954536438,1.2112427949905396,-4.813962340354919,0.625,0.125,1.2499999999999996,1.0000000000000002,1.2499999999999996,1.0000000000000002,8,0.4666666666666667,1.0401572144440505,0.5139858722686768,0,0,0
train,train,7221,data/scene_datasets/mp3d/b8cTxDM8gDG/b8cTxDM8gDG.glb,7,15,14,AMBIGUOUS,0,1,0,0,1,1,-1.7067286968231201,1.2112427949905396,-2.9179714918136597,0.5,0.125,1.2499999999999998,1.0000000000000002,1.2499999999999998,1.0000000000000002,8,0.4666666666666667,1.0401572144440505,0.5139858722686768,0,0,0
train,train,7221,data/scene_datasets/mp3d/b8cTxDM8gDG/b8cTxDM8gDG.glb,8,16,0,INTERVENE,0,1,1,0,0,1,-6.594165802001953,1.237863540649414,-7.832029342651367,1.0,0.125,0.0,1.0000000000000002,0.0,1.0000000000000002,8,0.5333333333333333,1.0269858913384013,0.598825216293335,1,0,0
train,train,7221,data/scene_datasets/mp3d/b8cTxDM8gDG/b8cTxDM8gDG.glb,8,16,10,AMBIGUOUS,0,1,0,0,0,1,-5.9120988845825195,1.237863540649414,-7.149962425231934,0.875,0.125,2.823064970517347,1.0000000000000002,3.0102320010409986,1.0000000000000002,8,0.5333333333333333,1.0269858913384013,0.598825216293335,1,0,0
train,train,7221,data/scene_datasets/mp3d/b8cTxDM8gDG/b8cTxDM8gDG.glb,8,16,11,AMBIGUOUS,0,1,0,0,0,1,-4.689892768859863,1.237863540649414,-5.927756309509277,0.75,0.125,2.6330786270633237,1.0000000000000002,3.4770145094331024,1.0000000000000002,8,0.5333333333333333,1.0269858913384013,0.598825216293335,1,0,0
train,train,7221,data/scene_datasets/mp3d/b8cTxDM8gDG/b8cTxDM8gDG.glb,8,16,12,AMBIGUOUS,0,1,0,0,0,1,-0.7854095697402954,1.237863540649414,-2.0232731103897095,0.375,0.125,1.1092669085595792,1.0000000000000002,2.5419759845787353,1.0000000000000002,8,0.5333333333333333,1.0269858913384013,0.598825216293335,1,0,1
train,train,7221,data/scene_datasets/mp3d/b8cTxDM8gDG/b8cTxDM8gDG.glb,8,16,13,AMBIGUOUS,0,1,0,0,1,1,0.6390383243560791,1.237863540649414,-0.598825216293335,0.25,0.125,1.7499999999999978,1.0000000000000002,1.7499999999999978,1.0000000000000002,8,0.5333333333333333,1.0269858913384013,0.598825216293335,0,0,0
train,train,7221,data/scene_datasets/mp3d/b8cTxDM8gDG/b8cTxDM8gDG.glb,8,16,14,AMBIGUOUS,0,1,0,0,1,1,-3.541090965270996,1.237863540649414,-4.77895450592041,0.625,0.125,1.2499999999999984,1.0000000000000002,1.2499999999999984,1.0000000000000002,8,0.5333333333333333,1.0269858913384013,0.598825216293335,0,0,0
train,train,7221,data/scene_datasets/mp3d/b8cTxDM8gDG/b8cTxDM8gDG.glb,8,16,15,AMBIGUOUS,0,1,0,0,1,1,-1.679731845855713,1.237863540649414,-2.917595386505127,0.5,0.125,1.2499999999999998,1.0000000000000002,1.2499999999999998,1.0000000000000002,8,0.5333333333333333,1.0269858913384013,0.598825216293335,0,0,0
train,train,7221,data/scene_datasets/mp3d/b8cTxDM8gDG/b8cTxDM8gDG.glb,9,17,0,INTERVENE,0,1,1,0,0,1,-6.294376850128174,1.2587387561798096,-7.553115606307983,1.0,0.125,0.0,1.0000000000000002,0.0,1.0000000000000002,8,0.6,0.9858339246121248,0.7325102090835571,1,0,0
train,train,7221,data/scene_datasets/mp3d/b8cTxDM8gDG/b8cTxDM8gDG.glb,9,17,11,AMBIGUOUS,0,1,0,0,0,1,-6.011772155761719,1.2587387561798096,-7.270510911941528,0.875,0.125,2.823064970517347,1.0000000000000002,3.0102320010409986,1.0000000000000002,8,0.6,0.9858339246121248,0.7325102090835571,1,0,0
train,train,7221,data/scene_datasets/mp3d/b8cTxDM8gDG/b8cTxDM8gDG.glb,9,17,12,KEEP,0,1,0,0,0,1,-4.8983612060546875,1.2587387561798096,-6.157099962234497,0.75,0.125,2.6330786270633237,1.0000000000000002,3.4770145094331024,1.0000000000000002,8,0.6,0.9858339246121248,0.7325102090835571,1,0,0
train,train,7221,data/scene_datasets/mp3d/b8cTxDM8gDG/b8cTxDM8gDG.glb,9,17,13,AMBIGUOUS,0,1,0,0,0,1,-0.9841424822807312,1.2587387561798096,-2.2428812384605408,0.375,0.125,1.1092669085595792,1.0000000000000002,2.5419759845787353,1.0000000000000002,8,0.6,0.9858339246121248,0.7325102090835571,1,0,1
train,train,7221,data/scene_datasets/mp3d/b8cTxDM8gDG/b8cTxDM8gDG.glb,9,17,14,AMBIGUOUS,0,1,0,0,1,1,0.5262285470962524,1.2587387561798096,-0.7325102090835571,0.25,0.125,1.7499999999999987,1.0000000000000002,1.7499999999999987,1.0000000000000002,8,0.6,0.9858339246121248,0.7325102090835571,0,0,0
train,train,7221,data/scene_datasets/mp3d/b8cTxDM8gDG/b8cTxDM8gDG.glb,9,17,15,AMBIGUOUS,0,1,0,0,1,1,-3.567568063735962,1.2587387561798096,-4.8263068199157715,0.625,0.125,1.2499999999999993,1.0000000000000002,1.2499999999999993,1.0000000000000002,8,0.6,0.9858339246121248,0.7325102090835571,0,0,0
train,train,7221,data/scene_datasets/mp3d/b8cTxDM8gDG/b8cTxDM8gDG.glb,9,17,16,AMBIGUOUS,0,1,0,0,1,1,-1.7328072786331177,1.2587387561798096,-2.9915460348129272,0.5,0.125,1.25,1.0000000000000002,1.25,1.0000000000000002,8,0.6,0.9858339246121248,0.7325102090835571,0,0,0
train,train,7221,data/scene_datasets/mp3d/b8cTxDM8gDG/b8cTxDM8gDG.glb,10,18,0,INTERVENE,0,1,1,0,0,1,-6.041255474090576,1.2760443687438965,-7.317299842834473,0.875,0.125,0.0,1.0000000000000002,0.0,1.0000000000000002,8,0.6666666666666666,0.9326886477719405,0.8947004973888397,1,0,0
train,train,7221,data/scene_datasets/mp3d/b8cTxDM8gDG/b8cTxDM8gDG.glb,10,18,12,AMBIGUOUS,0,1,0,0,0,1,-6.114299774169922,1.2760443687438965,-7.390344142913818,1.0,0.125,2.823064970517347,1.0000000000000002,3.0102320010409986,1.0000000000000002,8,0.6666666666666666,0.9326886477719405,0.8947004973888397,1,0,0
train,train,7221,data/scene_datasets/mp3d/b8cTxDM8gDG/b8cTxDM8gDG.glb,10,18,13,KEEP,0,1,0,0,0,1,-5.070095062255859,1.2760443687438965,-6.346139430999756,0.75,0.125,2.6330786270633237,1.0000000000000002,3.4770145094331024,1.0000000000000002,8,0.6666666666666666,0.9326886477719405,0.8947004973888397,1,0,0
train,train,7221,data/scene_datasets/mp3d/b8cTxDM8gDG/b8cTxDM8gDG.glb,10,18,14,AMBIGUOUS,0,1,0,0,0,1,-1.2077336311340332,1.2760443687438965,-2.4837779998779297,0.375,0.125,1.1092669085595792,1.0000000000000002,2.5419759845787353,1.0000000000000002,8,0.6666666666666666,0.9326886477719405,0.8947004973888397,1,0,1
train,train,7221,data/scene_datasets/mp3d/b8cTxDM8gDG/b8cTxDM8gDG.glb,10,18,15,AMBIGUOUS,0,1,0,0,1,1,0.38134387135505676,1.2760443687438965,-0.8947004973888397,0.25,0.125,1.749999999999999,1.0000000000000002,1.749999999999999,1.0000000000000002,8,0.6666666666666666,0.9326886477719405,0.8947004973888397,0,0,0
train,train,7221,data/scene_datasets/mp3d/b8cTxDM8gDG/b8cTxDM8gDG.glb,10,18,16,AMBIGUOUS,0,1,0,0,1,1,-3.6083242893218994,1.2760443687438965,-4.884368658065796,0.625,0.125,1.2499999999999993,1.0000000000000002,1.2499999999999993,1.0000000000000002,8,0.6666666666666666,0.9326886477719405,0.8947004973888397,0,0,0
train,train,7221,data/scene_datasets/mp3d/b8cTxDM8gDG/b8cTxDM8gDG.glb,10,18,17,AMBIGUOUS,0,1,0,0,1,1,-1.846021056175232,1.2760443687438965,-3.1220654249191284,0.5,0.125,1.25,1.0000000000000002,1.25,1.0000000000000002,8,0.6666666666666666,0.9326886477719405,0.8947004973888397,0,0,0
train,train,7221,data/scene_datasets/mp3d/b8cTxDM8gDG/b8cTxDM8gDG.glb,11,19,0,INTERVENE,0,1,1,0,0,1,-5.842706203460693,1.2854045629501343,-7.128110766410828,0.875,0.125,0.0,1.0000000000000002,0.0,1.0000000000000002,8,0.7333333333333333,0.8724925746290456,1.0802944600582123,1,0,0
train,train,7221,data/scene_datasets/mp3d/b8cTxDM8gDG/b8cTxDM8gDG.glb,11,19,13,AMBIGUOUS,0,1,0,0,0,1,-6.186132907867432,1.2854045629501343,-7.471537470817566,1.0,0.125,2.823064970517347,1.0000000000000002,3.0102320010409986,1.0000000000000002,8,0.7333333333333333,0.8724925746290456,1.0802944600582123,1,0,0
train,train,7221,data/scene_datasets/mp3d/b8cTxDM8gDG/b8cTxDM8gDG.glb,11,19,14,KEEP,0,1,0,0,0,1,-5.207008361816406,1.2854045629501343,-6.4924129247665405,0.75,0.125,2.6330786270633237,1.0000000000000002,3.4770145094331024,1.0000000000000002,8,0.7333333333333333,0.8724925746290456,1.0802944600582123,1,0,0
train,train,7221,data/scene_datasets/mp3d/b8cTxDM8gDG/b8cTxDM8gDG.glb,11,19,15,AMBIGUOUS,0,1,0,0,0,1,-1.4379709959030151,1.2854045629501343,-2.7233755588531494,0.375,0.125,1.1092669085595792,1.0000000000000002,2.5419759845787353,1.0000000000000002,8,0.7333333333333333,0.8724925746290456,1.0802944600582123,1,0,0
train,train,7221,data/scene_datasets/mp3d/b8cTxDM8gDG/b8cTxDM8gDG.glb,11,19,16,AMBIGUOUS,0,1,0,0,1,1,0.205110102891922,1.2854045629501343,-1.0802944600582123,0.25,0.125,1.7499999999999993,1.0000000000000002,1.7499999999999993,1.0000000000000002,8,0.7333333333333333,0.8724925746290456,1.0802944600582123,0,0,0
train,train,7221,data/scene_datasets/mp3d/b8cTxDM8gDG/b8cTxDM8gDG.glb,11,19,17,AMBIGUOUS,0,1,0,0,1,1,-3.6448442935943604,1.2854045629501343,-4.930248856544495,0.625,0.125,1.2499999999999998,1.0000000000000002,1.2499999999999998,1.0000000000000002,8,0.7333333333333333,0.8724925746290456,1.0802944600582123,0,0,0
train,train,7221,data/scene_datasets/mp3d/b8cTxDM8gDG/b8cTxDM8gDG.glb,11,19,18,AMBIGUOUS,0,1,0,0,1,1,-1.98977530002594,1.2854045629501343,-3.275179862976074,0.5,0.125,1.2499999999999993,1.0000000000000002,1.2499999999999993,1.0000000000000002,8,0.7333333333333333,0.8724925746290456,1.0802944600582123,0,0,0
train,train,7221,data/scene_datasets/mp3d/b8cTxDM8gDG/b8cTxDM8gDG.glb,12,20,0,INTERVENE,0,1,1,0,0,1,-5.698695659637451,1.2863372564315796,-6.985032916069031,0.875,0.125,0.0,1.0000000000000002,0.0,1.0000000000000002,8,0.8,0.8138695095148366,1.2670409996062517,1,0,0
train,train,7221,data/scene_datasets/mp3d/b8cTxDM8gDG/b8cTxDM8gDG.glb,12,20,14,KEEP,0,1,0,0,0,1,-6.21843957901001,1.2863372564315796,-7.504776835441589,1.0,0.125,2.823064970517347,1.0000000000000002,3.0102320010409986,1.0000000000000002,8,0.8,0.8138695095148366,1.2670409996062517,1,0,0
train,train,7221,data/scene_datasets/mp3d/b8cTxDM8gDG/b8cTxDM8gDG.glb,12,20,15,KEEP,0,1,0,0,0,1,-5.298277378082275,1.2863372564315796,-6.584614634513855,0.75,0.125,2.6330786270633237,1.0000000000000002,3.4770145094331024,1.0000000000000002,8,0.8,0.8138695095148366,1.2670409996062517,1,0,0
train,train,7221,data/scene_datasets/mp3d/b8cTxDM8gDG/b8cTxDM8gDG.glb,12,20,16,AMBIGUOUS,0,1,0,0,0,1,-1.6347841024398804,1.2863372564315796,-2.92112135887146,0.375,0.125,1.1092669085595792,1.0000000000000002,2.5419759845787353,1.0000000000000002,8,0.8,0.8138695095148366,1.2670409996062517,1,0,0
train,train,7221,data/scene_datasets/mp3d/b8cTxDM8gDG/b8cTxDM8gDG.glb,12,20,17,AMBIGUOUS,0,1,0,0,1,1,0.019296256825327873,1.2863372564315796,-1.2670409996062517,0.25,0.125,1.7499999999999993,1.0000000000000002,1.7499999999999993,1.0000000000000002,8,0.8,0.8138695095148366,1.2670409996062517,0,0,0
train,train,7221,data/scene_datasets/mp3d/b8cTxDM8gDG/b8cTxDM8gDG.glb,12,20,18,AMBIGUOUS,0,1,0,0,1,1,-3.6735730171203613,1.2863372564315796,-4.959910273551941,0.625,0.125,1.2500000000000004,1.0000000000000002,1.2500000000000004,1.0000000000000002,8,0.8,0.8138695095148366,1.2670409996062517,0,0,0
train,train,7221,data/scene_datasets/mp3d/b8cTxDM8gDG/b8cTxDM8gDG.glb,12,20,19,AMBIGUOUS,0,1,0,0,1,1,-2.1440117359161377,1.2863372564315796,-3.4303489923477173,0.5,0.125,1.2499999999999991,1.0000000000000002,1.2499999999999991,1.0000000000000002,8,0.8,0.8138695095148366,1.2670409996062517,0,0,0
train,train,7221,data/scene_datasets/mp3d/b8cTxDM8gDG/b8cTxDM8gDG.glb,13,21,0,INTERVENE,0,1,1,0,0,1,-5.59329891204834,1.2804274559020996,-6.8737263679504395,0.875,0.125,0.0,1.0000000000000002,0.0,1.0000000000000002,8,0.8666666666666667,0.762425994169388,1.4343235492706299,1,0,0
train,train,7221,data/scene_datasets/mp3d/b8cTxDM8gDG/b8cTxDM8gDG.glb,13,21,15,AMBIGUOUS,0,1,0,0,0,1,-6.215114593505859,1.2804274559020996,-7.495542049407959,1.0,0.125,2.823064970517347,1.0000000000000002,3.0102320010409986,1.0000000000000002,8,0.8666666666666667,0.762425994169388,1.4343235492706299,1,0,0
train,train,7221,data/scene_datasets/mp3d/b8cTxDM8gDG/b8cTxDM8gDG.glb,13,21,16,KEEP,0,1,0,0,0,1,-5.3535475730896,1.2804274559020996,-6.633975028991699,0.75,0.125,2.6330786270633237,1.0000000000000002,3.4770145094331024,1.0000000000000002,8,0.8666666666666667,0.762425994169388,1.4343235492706299,1,0,0
train,train,7221,data/scene_datasets/mp3d/b8cTxDM8gDG/b8cTxDM8gDG.glb,13,21,17,AMBIGUOUS,0,1,0,0,0,1,-1.797511339187622,1.2804274559020996,-3.0779387950897217,0.375,0.125,1.1092669085595792,1.0000000000000002,2.5419759845787353,1.0000000000000002,8,0.8666666666666667,0.762425994169388,1.4343235492706299,1,0,0
train,train,7221,data/scene_datasets/mp3d/b8cTxDM8gDG/b8cTxDM8gDG.glb,13,21,18,AMBIGUOUS,0,1,0,0,1,1,-0.15389609336853027,1.2804274559020996,-1.4343235492706299,0.25,0.125,1.7500000000000002,1.0000000000000002,1.7500000000000002,1.0000000000000002,8,0.8666666666666667,0.762425994169388,1.4343235492706299,0,0,0
train,train,7221,data/scene_datasets/mp3d/b8cTxDM8gDG/b8cTxDM8gDG.glb,13,21,19,KEEP,0,1,0,0,1,1,-3.695596218109131,1.2804274559020996,-4.9760236740112305,0.625,0.125,1.2499999999999991,1.0000000000000002,1.2499999999999991,1.0000000000000002,8,0.8666666666666667,0.762425994169388,1.4343235492706299,0,0,0
train,train,7221,data/scene_datasets/mp3d/b8cTxDM8gDG/b8cTxDM8gDG.glb,13,21,20,KEEP,0,1,0,0,1,1,-2.2853145599365234,1.2804274559020996,-3.565742015838623,0.5,0.125,1.249999999999999,1.0000000000000002,1.249999999999999,1.0000000000000002,8,0.8666666666666667,0.762425994169388,1.4343235492706299,0,0,0
train,train,9045,data/scene_datasets/mp3d/SN83YJsR3w2/SN83YJsR3w2.glb,7,28,0,AMBIGUOUS,0,1,1,0,0,1,-2.5595409870147705,1.4363499879837036,-3.995890974998474,0.2857142857142857,0.047619047619047616,1.9999986951507658,1.7500000000000004,1.9999986951507658,1.7500000000000004,21,0.4666666666666667,0.963431873918799,1.3982226699590683,1,0,0
train,train,9045,data/scene_datasets/mp3d/SN83YJsR3w2/SN83YJsR3w2.glb,7,28,9,AMBIGUOUS,0,1,0,0,0,1,-7.914212703704834,1.4363499879837036,-9.350562691688538,0.8571428571428571,0.047619047619047616,11.36912294939922,1.7500000000000004,13.25310207972019,1.7500000000000004,21,0.4666666666666667,0.963431873918799,1.3982226699590683,1,0,0
train,train,9045,data/scene_datasets/mp3d/SN83YJsR3w2/SN83YJsR3w2.glb,7,28,10,AMBIGUOUS,0,1,0,0,0,1,-7.680352210998535,1.4363499879837036,-9.116702198982239,0.7142857142857143,0.047619047619047616,12.821193488885017,1.7500000000000004,13.75310207972019,1.7500000000000004,21,0.4666666666666667,0.963431873918799,1.3982226699590683,1,0,0
train,train,9045,data/scene_datasets/mp3d/SN83YJsR3w2/SN83YJsR3w2.glb,7,28,11,AMBIGUOUS,0,1,0,0,0,1,-7.859980583190918,1.4363499879837036,-9.296330571174622,0.8095238095238095,0.047619047619047616,11.839375442993921,1.7500000000000004,12.852157650862267,1.7500000000000004,21,0.4666666666666667,0.963431873918799,1.3982226699590683,1,0,0
train,train,9045,data/scene_datasets/mp3d/SN83YJsR3w2/SN83YJsR3w2.glb,7,28,12,AMBIGUOUS,0,1,0,0,0,1,-6.570672035217285,1.4363499879837036,-8.007022023200989,0.42857142857142855,0.047619047619047616,9.377518782590803,1.7500000000000004,11.753103111049514,1.7500000000000004,21,0.4666666666666667,0.963431873918799,1.3982226699590683,1,0,0
train,train,9045,data/scene_datasets/mp3d/SN83YJsR3w2/SN83YJsR3w2.glb,7,28,13,AMBIGUOUS,0,1,0,0,0,1,-8.193513870239258,1.4363499879837036,-9.629863858222961,1.0,0.047619047619047616,11.170431156165344,1.7500000000000004,12.503103111049514,1.7500000000000004,21,0.4666666666666667,0.963431873918799,1.3982226699590683,1,0,0
train,train,9045,data/scene_datasets/mp3d/SN83YJsR3w2/SN83YJsR3w2.glb,7,28,14,AMBIGUOUS,0,1,0,0,0,1,-8.04004955291748,1.4363499879837036,-9.476399540901184,0.9523809523809523,0.047619047619047616,8.75975949373106,1.7500000000000004,11.25310351005356,1.7500000000000004,21,0.4666666666666667,0.963431873918799,1.3982226699590683,1,0,0
train,train,9045,data/scene_datasets/mp3d/SN83YJsR3w2/SN83YJsR3w2.glb,7,28,15,AMBIGUOUS,0,1,0,0,0,1,-7.987168788909912,1.4363499879837036,-9.423518776893616,0.9047619047619048,0.047619047619047616,9.376717074501157,1.7500000000000004,10.50310351005356,1.7500000000000004,21,0.4666666666666667,0.963431873918799,1.3982226699590683,1,0,0
train,train,9045,data/scene_datasets/mp3d/SN83YJsR3w2/SN83YJsR3w2.glb,7,28,16,AMBIGUOUS,0,1,0,0,0,1,-7.692960739135742,1.4363499879837036,-9.129310727119446,0.7619047619047619,0.047619047619047616,7.120035535999109,1.7500000000000004,9.253103219828821,1.7500000000000004,21,0.4666666666666667,0.963431873918799,1.3982226699590683,1,0,0
train,train,9045,data/scene_datasets/mp3d/SN83YJsR3w2/SN83YJsR3w2.glb,7,28,17,AMBIGUOUS,0,1,0,0,0,1,-7.210705757141113,1.4363499879837036,-8.647055745124817,0.5238095238095238,0.047619047619047616,8.76785882803754,1.7500000000000004,9.253103219828821,1.7500000000000004,21,0.4666666666666667,0.963431873918799,1.3982226699590683,1,0,0
train,train,9045,data/scene_datasets/mp3d/SN83YJsR3w2/SN83YJsR3w2.glb,7,28,18,AMBIGUOUS,0,1,0,0,0,1,-7.663742542266846,1.4363499879837036,-9.10009253025055,0.6190476190476191,0.047619047619047616,6.1398756418700025,1.7500000000000004,10.15757366944506,1.7500000000000004,21,0.4666666666666667,0.963431873918799,1.3982226699590683,1,0,0
train,train,9045,data/scene_datasets/mp3d/SN83YJsR3w2/SN83YJsR3w2.glb,7,28,19,AMBIGUOUS,0,1,0,0,0,1,-7.66804313659668,1.4363499879837036,-9.104393124580383,0.6666666666666666,0.047619047619047616,6.8533965650354105,1.7500000000000004,7.362822762408518,1.7500000000000004,21,0.4666666666666667,0.963431873918799,1.3982226699590683,1,0,0
train,train,9045,data/scene_datasets/mp3d/SN83YJsR3w2/SN83YJsR3w2.glb,7,28,20,AMBIGUOUS,0,1,0,0,0,1,-7.443940162658691,1.4363499879837036,-8.880290150642395,0.5714285714285714,0.047619047619047616,6.809007074749379,1.7500000000000004,7.001642243417146,1.7500000000000004,21,0.4666666666666667,0.963431873918799,1.3982226699590683,1,0,0
train,train,9045,data/scene_datasets/mp3d/SN83YJsR3w2/SN83YJsR3w2.glb,7,28,21,KEEP,0,1,0,0,0,1,-5.530509948730469,1.4363499879837036,-6.966859936714172,0.38095238095238093,0.047619047619047616,5.921801006554341,1.7500000000000004,8.001642243417148,1.7500000000000004,21,0.4666666666666667,0.963431873918799,1.3982226699590683,1,0,0
train,train,9045,data/scene_datasets/mp3d/SN83YJsR3w2/SN83YJsR3w2.glb,7,28,22,AMBIGUOUS,0,1,0,0,0,1,-6.948859214782715,1.4363499879837036,-8.385209202766418,0.47619047619047616,0.047619047619047616,5.723444013342493,1.7500000000000004,6.000000890725785,1.7500000000000004,21,0.4666666666666667,0.963431873918799,1.3982226699590683,1,0,0
train,train,9045,data/scene_datasets/mp3d/SN83YJsR3w2/SN83YJsR3w2.glb,7,28,23,AMBIGUOUS,0,1,0,0,0,1,-3.6962568759918213,1.4363499879837036,-5.132606863975525,0.3333333333333333,0.047619047619047616,5.4443092012302365,1.7500000000000004,6.000000890725786,1.7500000000000004,21,0.4666666666666667,0.963431873918799,1.3982226699590683,1,0,1
train,train,9045,data/scene_datasets/mp3d/SN83YJsR3w2/SN83YJsR3w2.glb,7,28,24,KEEP,0,1,0,0,0,1,-2.234717607498169,1.4363499879837036,-3.6710675954818726,0.23809523809523808,0.047619047619047616,3.150102047566877,1.7500000000000004,4.187221584688826,1.7500000000000004,21,0.4666666666666667,0.963431873918799,1.3982226699590683,1,0,0
train,train,9045,data/scene_datasets/mp3d/SN83YJsR3w2/SN83YJsR3w2.glb,7,28,25,AMBIGUOUS,0,1,0,0,1,1,-1.0222779512405396,1.4363499879837036,-2.458627939224243,0.14285714285714285,0.047619047619047616,2.1141392095661837,1.7500000000000004,2.1141392095661837,1.7500000000000004,21,0.4666666666666667,0.963431873918799,1.3982226699590683,0,0,0
train,train,9045,data/scene_datasets/mp3d/SN83YJsR3w2/SN83YJsR3w2.glb,7,28,26,AMBIGUOUS,0,1,0,0,0,1,-2.1628243923187256,1.4363499879837036,-3.599174380302429,0.19047619047619047,0.047619047619047616,2.0914730733955733,1.7500000000000004,2.9999986951507656,1.7500000000000004,21,0.4666666666666667,0.963431873918799,1.3982226699590683,1,0,0
train,train,9045,data/scene_datasets/mp3d/SN83YJsR3w2/SN83YJsR3w2.glb,7,28,27,KEEP,0,1,0,0,1,1,0.038127318024635315,1.4363499879837036,-1.3982226699590683,0.09523809523809523,0.047619047619047616,1.2499999999999996,1.7500000000000004,1.2499999999999996,1.7500000000000004,21,0.4666666666666667,0.963431873918799,1.3982226699590683,0,0,0
train,train,9045,data/scene_datasets/mp3d/SN83YJsR3w2/SN83YJsR3w2.glb,8,0,10,KEEP,0,1,0,1,0,0,-7.865616321563721,0.38657546043395996,-8.25219178199768,0.782608695652174,0.043478260869565216,13.09645315799243,0.0,15.003100865681692,0.0,23,0.5333333333333333,1.3881446064108482,0.17873671650886536,1,0,0
train,train,9045,data/scene_datasets/mp3d/SN83YJsR3w2/SN83YJsR3w2.glb,8,0,11,KEEP,0,1,0,1,0,0,-7.714294910430908,0.38657546043395996,-8.100870370864868,0.6086956521739131,0.043478260869565216,14.569980015696741,0.0,15.503100865681692,0.0,23,0.5333333333333333,1.3881446064108482,0.17873671650886536,1,0,0
train,train,9045,data/scene_datasets/mp3d/SN83YJsR3w2/SN83YJsR3w2.glb,8,0,12,KEEP,0,1,0,1,0,0,-8.08327579498291,0.38657546043395996,-8.46985125541687,0.9130434782608695,0.043478260869565216,13.589297180155802,0.0,14.602156436823769,0.0,23,0.5333333333333333,1.3881446064108482,0.17873671650886536,1,0,0
train,train,9045,data/scene_datasets/mp3d/SN83YJsR3w2/SN83YJsR3w2.glb,8,0,13,KEEP,0,1,0,1,0,0,-6.52726411819458,0.38657546043395996,-6.91383957862854,0.43478260869565216,0.043478260869565216,11.127517560332622,0.0,13.503101897011016,0.0,23,0.5333333333333333,1.3881446064108482,0.17873671650886536,1,0,0
train,train,9045,data/scene_datasets/mp3d/SN83YJsR3w2/SN83YJsR3w2.glb,8,0,14,KEEP,0,1,0,1,0,0,-8.246222496032715,0.38657546043395996,-8.632797956466675,1.0,0.043478260869565216,12.911643893724339,0.0,14.253101897011016,0.0,23,0.5333333333333333,1.3881446064108482,0.17873671650886536,1,0,0
train,train,9045,data/scene_datasets/mp3d/SN83YJsR3w2/SN83YJsR3w2.glb,8,0,15,KEEP,0,1,0,1,0,0,-7.759622097015381,0.38657546043395996,-8.14619755744934,0.6956521739130435,0.043478260869565216,10.499968962374291,0.0,13.003102296015062,0.0,23,0.5333333333333333,1.3881446064108482,0.17873671650886536,1,0,0
train,train,9045,data/scene_datasets/mp3d/SN83YJsR3w2/SN83YJsR3w2.glb,8,0,16,AMBIGUOUS,0,1,0,1,0,0,-7.913219928741455,0.38657546043395996,-8.299795389175415,0.8260869565217391,0.043478260869565216,11.116390483640394,0.0,12.253102296015062,0.0,23,0.5333333333333333,1.3881446064108482,0.17873671650886536,1,0,0
train,train,9045,data/scene_datasets/mp3d/SN83YJsR3w2/SN83YJsR3w2.glb,8,0,17,KEEP,0,1,0,1,0,0,-7.7490386962890625,0.38657546043395996,-8.135614156723022,0.6521739130434783,0.043478260869565216,8.868509678348873,0.0,11.003102005790323,0.0,23,0.5333333333333333,1.3881446064108482,0.17873671650886536,1,0,0
train,train,9045,data/scene_datasets/mp3d/SN83YJsR3w2/SN83YJsR3w2.glb,8,0,18,KEEP,0,1,0,1,0,0,-7.32897424697876,0.38657546043395996,-7.71554970741272,0.5217391304347826,0.043478260869565216,10.516992591717795,0.0,11.003102005790323,0.0,23,0.5333333333333333,1.3881446064108482,0.17873671650886536,1,0,0
train,train,9045,data/scene_datasets/mp3d/SN83YJsR3w2/SN83YJsR3w2.glb,8,0,19,KEEP,0,1,0,1,0,0,-8.173413276672363,0.38657546043395996,-8.559988737106323,0.9565217391304348,0.043478260869565216,7.8167470699356425,0.0,11.907572455406562,0.0,23,0.5333333333333333,1.3881446064108482,0.17873671650886536,1,0,0
train,train,9045,data/scene_datasets/mp3d/SN83YJsR3w2/SN83YJsR3w2.glb,8,0,20,KEEP,0,1,0,1,0,0,-7.996705055236816,0.38657546043395996,-8.383280515670776,0.8695652173913043,0.043478260869565216,8.598554723575514,0.0,9.112821548370022,0.0,23,0.5333333333333333,1.3881446064108482,0.17873671650886536,1,0,0
train,train,9045,data/scene_datasets/mp3d/SN83YJsR3w2/SN83YJsR3w2.glb,8,0,21,AMBIGUOUS,0,1,0,1,0,0,-7.805440902709961,0.38657546043395996,-8.192016363143921,0.7391304347826086,0.043478260869565216,8.534750395922426,0.0,8.75164102937865,0.0,23,0.5333333333333333,1.3881446064108482,0.17873671650886536,1,0,0
train,train,9045,data/scene_datasets/mp3d/SN83YJsR3w2/SN83YJsR3w2.glb,8,0,22,AMBIGUOUS,0,1,0,1,0,0,-7.107424736022949,0.38657546043395996,-7.494000196456909,0.4782608695652174,0.043478260869565216,7.400172982389155,0.0,9.75164102937865,0.0,23,0.5333333333333333,1.3881446064108482,0.17873671650886536,1,0,0
train,train,9045,data/scene_datasets/mp3d/SN83YJsR3w2/SN83YJsR3w2.glb,8,0,23,AMBIGUOUS,0,1,0,1,0,0,-7.3983283042907715,0.38657546043395996,-7.7849037647247314,0.5652173913043478,0.043478260869565216,7.45580901126061,0.0,7.749999676687287,0.0,23,0.5333333333333333,1.3881446064108482,0.17873671650886536,1,0,0
train,train,9045,data/scene_datasets/mp3d/SN83YJsR3w2/SN83YJsR3w2.glb,8,0,24,AMBIGUOUS,0,1,0,1,0,0,-5.484671115875244,0.38657546043395996,-5.871246576309204,0.391304347826087,0.043478260869565216,6.8703975268528135,0.0,7.749999676687288,0.0,23,0.5333333333333333,1.3881446064108482,0.17873671650886536,1,0,0
train,train,9045,data/scene_datasets/mp3d/SN83YJsR3w2/SN83YJsR3w2.glb,8,0,25,AMBIGUOUS,0,1,0,1,0,0,-3.7103219032287598,0.38657546043395996,-4.09689736366272,0.34782608695652173,0.043478260869565216,4.329604587332161,0.0,5.937220370650328,0.0,23,0.5333333333333333,1.3881446064108482,0.17873671650886536,1,0,0
train,train,9045,data/scene_datasets/mp3d/SN83YJsR3w2/SN83YJsR3w2.glb,8,0,26,AMBIGUOUS,0,1,0,1,0,0,-3.011237382888794,0.38657546043395996,-3.397812843322754,0.21739130434782608,0.043478260869565216,3.5452849515976284,0.0,3.8641379955276856,0.0,23,0.5333333333333333,1.3881446064108482,0.17873671650886536,1,0,0
train,train,9045,data/scene_datasets/mp3d/SN83YJsR3w2/SN83YJsR3w2.glb,8,0,27,AMBIGUOUS,0,1,0,1,0,0,-3.382697105407715,0.38657546043395996,-3.769272565841675,0.30434782608695654,0.043478260869565216,3.8162914305743385,0.0,4.749997481112268,0.0,23,0.5333333333333333,1.3881446064108482,0.17873671650886536,1,0,0
train,train,9045,data/scene_datasets/mp3d/SN83YJsR3w2/SN83YJsR3w2.glb,8,0,28,AMBIGUOUS,0,1,0,1,0,0,-3.0260565280914307,0.38657546043395996,-3.4126319885253906,0.2608695652173913,0.043478260869565216,0.5878785335284022,0.0,2.999998785961502,0.0,23,0.5333333333333333,1.3881446064108482,0.17873671650886536,1,0,0
train,train,9045,data/scene_datasets/mp3d/SN83YJsR3w2/SN83YJsR3w2.glb,8,0,29,KEEP,0,1,0,1,1,0,0.2078387439250946,0.38657546043395996,-0.17873671650886536,0.08695652173913043,0.043478260869565216,2.0,0.0,2.0,0.0,23,0.5333333333333333,1.3881446064108482,0.17873671650886536,0,0,0
train,train,9045,data/scene_datasets/mp3d/SN83YJsR3w2/SN83YJsR3w2.glb,8,0,30,AMBIGUOUS,0,1,0,1,1,0,-1.7605512142181396,0.38657546043395996,-2.1471266746520996,0.17391304347826086,0.043478260869565216,1.4999999999999998,0.0,1.4999999999999998,0.0,23,0.5333333333333333,1.3881446064108482,0.17873671650886536,0,0,0
train,train,9045,data/scene_datasets/mp3d/SN83YJsR3w2/SN83YJsR3w2.glb,8,0,31,KEEP,0,1,0,1,1,0,-0.5636765956878662,0.38657546043395996,-0.9502520561218262,0.13043478260869565,0.043478260869565216,0.7499999999999996,0.0,0.7499999999999996,0.0,23,0.5333333333333333,1.3881446064108482,0.17873671650886536,0,0,0
train,train,6068,data/scene_datasets/mp3d/759xd9YjKW5/759xd9YjKW5.glb,7,26,0,INTERVENE,0,1,1,0,0,1,0.4156949818134308,1.6078394651412964,-1.1921444833278656,0.10526315789473684,0.05263157894736842,0.0,1.0,0.0,1.0,19,0.4666666666666667,1.0389837854989663,1.1921444833278656,1,0,0
train,train,6068,data/scene_datasets/mp3d/759xd9YjKW5/759xd9YjKW5.glb,7,26,9,AMBIGUOUS,0,1,0,0,0,1,-8.30000114440918,1.6078394651412964,-9.907840609550476,0.9473684210526315,0.05263157894736842,10.072765927973046,1.0,11.366535696537566,1.0,19,0.4666666666666667,1.0389837854989663,1.1921444833278656,1,0,0
train,train,6068,data/scene_datasets/mp3d/759xd9YjKW5/759xd9YjKW5.glb,7,26,10,KEEP,0,1,0,0,0,1,-8.287516593933105,1.6078394651412964,-9.895356059074402,0.8947368421052632,0.05263157894736842,10.114531082987732,1.0,11.900108311256679,1.0,19,0.4666666666666667,1.0389837854989663,1.1921444833278656,1,0,0
train,train,6068,data/scene_datasets/mp3d/759xd9YjKW5/759xd9YjKW5.glb,7,26,11,AMBIGUOUS,0,1,0,0,0,1,-7.927336692810059,1.6078394651412964,-9.535176157951355,0.7894736842105263,0.05263157894736842,6.67335138332844,1.0,7.694992643278371,1.0,19,0.4666666666666667,1.0389837854989663,1.1921444833278656,1,0,0
train,train,6068,data/scene_datasets/mp3d/759xd9YjKW5/759xd9YjKW5.glb,7,26,12,KEEP,0,1,0,0,0,1,-8.316340446472168,1.6078394651412964,-9.924179911613464,1.0,0.05263157894736842,7.3862802288488325,1.0,8.500003421066658,1.0,19,0.4666666666666667,1.0389837854989663,1.1921444833278656,1,0,0
train,train,6068,data/scene_datasets/mp3d/759xd9YjKW5/759xd9YjKW5.glb,7,26,13,KEEP,0,1,0,0,0,1,-4.411815166473389,1.6078394651412964,-6.019654631614685,0.3684210526315789,0.05263157894736842,7.56509718371238,1.0,8.250003421066658,1.0,19,0.4666666666666667,1.0389837854989663,1.1921444833278656,1,0,0
train,train,6068,data/scene_datasets/mp3d/759xd9YjKW5/759xd9YjKW5.glb,7,26,14,KEEP,0,1,0,0,0,1,-4.856911659240723,1.6078394651412964,-6.464751124382019,0.47368421052631576,0.05263157894736842,6.94098214370247,1.0,7.7500034210666575,1.0,19,0.4666666666666667,1.0389837854989663,1.1921444833278656,1,0,0
train,train,6068,data/scene_datasets/mp3d/759xd9YjKW5/759xd9YjKW5.glb,7,26,15,KEEP,0,1,0,0,0,1,-8.097126960754395,1.6078394651412964,-9.704966425895691,0.8421052631578947,0.05263157894736842,4.709348105499006,1.0,7.2500026988795465,1.0,19,0.4666666666666667,1.0389837854989663,1.1921444833278656,1,0,0
train,train,6068,data/scene_datasets/mp3d/759xd9YjKW5/759xd9YjKW5.glb,7,26,16,KEEP,0,1,0,0,0,1,-5.737543106079102,1.6078394651412964,-7.345382571220398,0.631578947368421,0.05263157894736842,6.436702691234249,1.0,7.0000026988795465,1.0,19,0.4666666666666667,1.0389837854989663,1.1921444833278656,1,0,0
train,train,6068,data/scene_datasets/mp3d/759xd9YjKW5/759xd9YjKW5.glb,7,26,17,AMBIGUOUS,0,1,0,0,0,1,-5.26822566986084,1.6078394651412964,-6.876065135002136,0.5263157894736842,0.05263157894736842,4.7866290597377565,1.0,7.0000026988795465,1.0,19,0.4666666666666667,1.0389837854989663,1.1921444833278656,1,0,1
train,train,6068,data/scene_datasets/mp3d/759xd9YjKW5/759xd9YjKW5.glb,7,26,18,KEEP,0,1,0,0,0,1,-5.829827785491943,1.6078394651412964,-7.43766725063324,0.6842105263157895,0.05263157894736842,2.8943238224963794,1.0,3.4012904025648023,1.0,19,0.4666666666666667,1.0389837854989663,1.1921444833278656,1,0,0
train,train,6068,data/scene_datasets/mp3d/759xd9YjKW5/759xd9YjKW5.glb,7,26,19,KEEP,0,1,0,0,0,1,-7.686845302581787,1.6078394651412964,-9.294684767723083,0.7368421052631579,0.05263157894736842,4.416596636765882,1.0,5.000001733327509,1.0,19,0.4666666666666667,1.0389837854989663,1.1921444833278656,1,0,0
train,train,6068,data/scene_datasets/mp3d/759xd9YjKW5/759xd9YjKW5.glb,7,26,20,AMBIGUOUS,0,1,0,0,0,1,-5.469888687133789,1.6078394651412964,-7.0777281522750854,0.5789473684210527,0.05263157894736842,3.9488920418278033,1.0,4.141169288067541,1.0,19,0.4666666666666667,1.0389837854989663,1.1921444833278656,1,0,0
train,train,6068,data/scene_datasets/mp3d/759xd9YjKW5/759xd9YjKW5.glb,7,26,21,AMBIGUOUS,0,1,0,0,0,1,-4.814745903015137,1.6078394651412964,-6.422585368156433,0.42105263157894735,0.05263157894736842,4.5612664097775655,1.0,4.750001733327508,1.0,19,0.4666666666666667,1.0389837854989663,1.1921444833278656,1,0,0
train,train,6068,data/scene_datasets/mp3d/759xd9YjKW5/759xd9YjKW5.glb,7,26,22,AMBIGUOUS,0,1,0,0,0,1,-1.60586416721344,1.6078394651412964,-3.2137036323547363,0.21052631578947367,0.05263157894736842,2.2449646872587983,1.0,3.250001413587097,1.0,19,0.4666666666666667,1.0389837854989663,1.1921444833278656,1,0,1
train,train,6068,data/scene_datasets/mp3d/759xd9YjKW5/759xd9YjKW5.glb,7,26,23,KEEP,0,1,0,0,1,1,-3.9799654483795166,1.6078394651412964,-5.587804913520813,0.3157894736842105,0.05263157894736842,1.6111804938573742,1.0,1.6111804938573742,1.0,19,0.4666666666666667,1.0389837854989663,1.1921444833278656,0,0,0
train,train,6068,data/scene_datasets/mp3d/759xd9YjKW5/759xd9YjKW5.glb,7,26,24,AMBIGUOUS,0,1,0,0,1,1,-3.2730770111083984,1.6078394651412964,-4.880916476249695,0.2631578947368421,0.05263157894736842,0.9999999999999994,1.0,0.9999999999999994,1.0,19,0.4666666666666667,1.0389837854989663,1.1921444833278656,0,0,0
train,train,6068,data/scene_datasets/mp3d/759xd9YjKW5/759xd9YjKW5.glb,7,26,25,AMBIGUOUS,0,1,0,0,1,1,-0.03363512456417084,1.6078394651412964,-1.6414745897054672,0.15789473684210525,0.05263157894736842,1.2500000000000007,1.0,1.2500000000000007,1.0,19,0.4666666666666667,1.0389837854989663,1.1921444833278656,0,0,0
train,train,6068,data/scene_datasets/mp3d/759xd9YjKW5/759xd9YjKW5.glb,8,0,10,KEEP,0,1,0,1,0,0,-8.297236442565918,0.9722483158111572,-9.269484758377075,0.9523809523809523,0.047619047619047616,11.071306004315884,0.0,12.366536412786669,0.0,21,0.5333333333333333,1.5469640859981397,0.49849045276641846,1,0,0
train,train,6068,data/scene_datasets/mp3d/759xd9YjKW5/759xd9YjKW5.glb,8,0,11,KEEP,0,1,0,1,0,0,-8.295746803283691,0.9722483158111572,-9.267995119094849,0.9047619047619048,0.047619047619047616,11.114265123641712,0.0,12.900109027505781,0.0,21,0.5333333333333333,1.5469640859981397,0.49849045276641846,1,0,0
train,train,6068,data/scene_datasets/mp3d/759xd9YjKW5/759xd9YjKW5.glb,8,0,12,KEEP,0,1,0,1,0,0,-8.158098220825195,0.9722483158111572,-9.130346536636353,0.8095238095238095,0.047619047619047616,7.673186168861379,0.0,8.694993359527475,0.0,21,0.5333333333333333,1.5469640859981397,0.49849045276641846,1,0,0
train,train,6068,data/scene_datasets/mp3d/759xd9YjKW5/759xd9YjKW5.glb,8,0,13,KEEP,0,1,0,1,0,0,-8.305517196655273,0.9722483158111572,-9.27776551246643,1.0,0.047619047619047616,8.385000384894624,0.0,9.500004137315761,0.0,21,0.5333333333333333,1.5469640859981397,0.49849045276641846,1,0,0
train,train,6068,data/scene_datasets/mp3d/759xd9YjKW5/759xd9YjKW5.glb,8,0,14,KEEP,0,1,0,1,0,0,-6.219839096069336,0.9722483158111572,-7.192087411880493,0.5714285714285714,0.047619047619047616,8.525719898377547,0.0,9.250004137315761,0.0,21,0.5333333333333333,1.5469640859981397,0.49849045276641846,1,0,0
train,train,6068,data/scene_datasets/mp3d/759xd9YjKW5/759xd9YjKW5.glb,8,0,15,KEEP,0,1,0,1,0,0,-6.457553386688232,0.9722483158111572,-7.42980170249939,0.6190476190476191,0.047619047619047616,7.9050056684123575,0.0,8.750004137315761,0.0,21,0.5333333333333333,1.5469640859981397,0.49849045276641846,1,0,0
train,train,6068,data/scene_datasets/mp3d/759xd9YjKW5/759xd9YjKW5.glb,8,0,16,KEEP,0,1,0,1,0,0,-8.219677925109863,0.9722483158111572,-9.19192624092102,0.8571428571428571,0.047619047619047616,5.6281456647835695,0.0,8.25000341512865,0.0,21,0.5333333333333333,1.5469640859981397,0.49849045276641846,1,0,0
train,train,6068,data/scene_datasets/mp3d/759xd9YjKW5/759xd9YjKW5.glb,8,0,17,KEEP,0,1,0,1,0,0,-7.279051780700684,0.9722483158111572,-8.25130009651184,0.7142857142857143,0.047619047619047616,7.4109598224727655,0.0,8.00000341512865,0.0,21,0.5333333333333333,1.5469640859981397,0.49849045276641846,1,0,0
train,train,6068,data/scene_datasets/mp3d/759xd9YjKW5/759xd9YjKW5.glb,8,0,18,AMBIGUOUS,0,1,0,1,0,0,-7.108216285705566,0.9722483158111572,-8.080464601516724,0.6666666666666666,0.047619047619047616,5.704322478908114,0.0,8.00000341512865,0.0,21,0.5333333333333333,1.5469640859981397,0.49849045276641846,1,0,1
train,train,6068,data/scene_datasets/mp3d/759xd9YjKW5/759xd9YjKW5.glb,8,0,19,KEEP,0,1,0,1,0,0,-5.944471836090088,0.9722483158111572,-6.916720151901245,0.5238095238095238,0.047619047619047616,3.880866380907084,0.0,4.401291118813907,0.0,21,0.5333333333333333,1.5469640859981397,0.49849045276641846,1,0,0
train,train,6068,data/scene_datasets/mp3d/759xd9YjKW5/759xd9YjKW5.glb,8,0,20,KEEP,0,1,0,1,0,0,-7.750392913818359,0.9722483158111572,-8.722641229629517,0.7619047619047619,0.047619047619047616,5.371317915792435,0.0,6.000002449576613,0.0,21,0.5333333333333333,1.5469640859981397,0.49849045276641846,1,0,0
train,train,6068,data/scene_datasets/mp3d/759xd9YjKW5/759xd9YjKW5.glb,8,0,21,KEEP,0,1,0,1,0,0,-5.5375261306762695,0.9722483158111572,-6.509774446487427,0.47619047619047616,0.047619047619047616,4.948506858632159,0.0,5.141170004316645,0.0,21,0.5333333333333333,1.5469640859981397,0.49849045276641846,1,0,0
train,train,6068,data/scene_datasets/mp3d/759xd9YjKW5/759xd9YjKW5.glb,8,0,22,KEEP,0,1,0,1,0,0,-5.055912494659424,0.9722483158111572,-6.028160810470581,0.42857142857142855,0.047619047619047616,5.552621581093175,0.0,5.750002449576612,0.0,21,0.5333333333333333,1.5469640859981397,0.49849045276641846,1,0,0
train,train,6068,data/scene_datasets/mp3d/759xd9YjKW5/759xd9YjKW5.glb,8,0,23,AMBIGUOUS,0,1,0,1,0,0,-2.855882167816162,0.9722483158111572,-3.8281304836273193,0.2857142857142857,0.047619047619047616,3.0012758838233897,0.0,4.250002129836202,0.0,21,0.5333333333333333,1.5469640859981397,0.49849045276641846,1,0,1
train,train,6068,data/scene_datasets/mp3d/759xd9YjKW5/759xd9YjKW5.glb,8,0,24,AMBIGUOUS,0,1,0,1,0,0,-3.763263702392578,0.9722483158111572,-4.735512018203735,0.38095238095238093,0.047619047619047616,2.5838233082370823,0.0,2.611181210106478,0.0,21,0.5333333333333333,1.5469640859981397,0.49849045276641846,1,0,0
train,train,6068,data/scene_datasets/mp3d/759xd9YjKW5/759xd9YjKW5.glb,8,0,25,AMBIGUOUS,0,1,0,1,1,0,-3.5295357704162598,0.9722483158111572,-4.501784086227417,0.3333333333333333,0.047619047619047616,1.8679268114649865,0.0,1.868250990386139,0.0,21,0.5333333333333333,1.5469640859981397,0.49849045276641846,0,0,0
train,train,6068,data/scene_datasets/mp3d/759xd9YjKW5/759xd9YjKW5.glb,8,0,26,AMBIGUOUS,0,1,0,1,0,0,-0.7862188220024109,0.9722483158111572,-1.7584671378135681,0.23809523809523808,0.047619047619047616,2.1412720534815524,0.0,2.2500007162491045,0.0,21,0.5333333333333333,1.5469640859981397,0.49849045276641846,1,0,0
train,train,6068,data/scene_datasets/mp3d/759xd9YjKW5/759xd9YjKW5.glb,8,0,27,AMBIGUOUS,0,1,0,1,1,0,0.11916068941354752,0.9722483158111572,-0.8530876263976097,0.14285714285714285,0.047619047619047616,1.2500000000000004,0.0,1.2500000000000004,0.0,21,0.5333333333333333,1.5469640859981397,0.49849045276641846,0,0,0
train,train,6068,data/scene_datasets/mp3d/759xd9YjKW5/759xd9YjKW5.glb,8,0,28,AMBIGUOUS,0,1,0,1,1,0,0.47375786304473877,0.9722483158111572,-0.49849045276641846,0.09523809523809523,0.047619047619047616,1.5000000000000002,0.0,1.5000000000000002,0.0,21,0.5333333333333333,1.5469640859981397,0.49849045276641846,0,0,0
train,train,6068,data/scene_datasets/mp3d/759xd9YjKW5/759xd9YjKW5.glb,8,0,29,KEEP,0,1,0,1,1,0,-0.2371055781841278,0.9722483158111572,-1.209353893995285,0.19047619047619047,0.047619047619047616,1.0,0.0,1.0,0.0,21,0.5333333333333333,1.5469640859981397,0.49849045276641846,0,0,0
train,train,8219,data/scene_datasets/mp3d/pRbA3pwrgk9/pRbA3pwrgk9.glb,1,8,0,AMBIGUOUS,0,1,1,0,0,1,-8.23599910736084,1.8160386085510254,-10.052037715911865,1.0,0.125,0.0,0.7500000000000001,0.0,0.7500000000000001,8,0.06666666666666667,0.8401086617754906,1.5048536360263824,1,0,0
train,train,8219,data/scene_datasets/mp3d/pRbA3pwrgk9/pRbA3pwrgk9.glb,1,8,3,AMBIGUOUS,0,1,0,0,0,1,-6.032893180847168,1.8160386085510254,-7.848931789398193,0.875,0.125,2.137686170529996,0.7500000000000001,2.224169353164739,0.7500000000000001,8,0.06666666666666667,0.8401086617754906,1.5048536360263824,1,0,1
train,train,8219,data/scene_datasets/mp3d/pRbA3pwrgk9/pRbA3pwrgk9.glb,1,8,4,AMBIGUOUS,0,1,0,0,0,1,-2.7707231044769287,1.8160386085510254,-4.586761713027954,0.5,0.125,0.961542632748364,0.7500000000000001,2.224169353164739,0.7500000000000001,8,0.06666666666666667,0.8401086617754906,1.5048536360263824,1,0,1
train,train,8219,data/scene_datasets/mp3d/pRbA3pwrgk9/pRbA3pwrgk9.glb,1,8,5,AMBIGUOUS,0,1,0,0,0,1,-5.258904457092285,1.8160386085510254,-7.0749430656433105,0.75,0.125,1.8703761037809838,0.7500000000000001,2.224169353164739,0.7500000000000001,8,0.06666666666666667,0.8401086617754906,1.5048536360263824,1,0,1
train,train,8219,data/scene_datasets/mp3d/pRbA3pwrgk9/pRbA3pwrgk9.glb,1,8,6,AMBIGUOUS,0,1,0,0,1,1,0.010352503508329391,1.8160386085510254,-1.805686105042696,0.375,0.125,0.7500000000000003,0.7500000000000001,0.7500000000000003,0.7500000000000001,8,0.06666666666666667,0.8401086617754906,1.5048536360263824,0,0,1
train,train,8219,data/scene_datasets/mp3d/pRbA3pwrgk9/pRbA3pwrgk9.glb,1,8,7,AMBIGUOUS,0,1,0,0,1,1,0.31118497252464294,1.8160386085510254,-1.5048536360263824,0.25,0.125,1.111321419739789,0.7500000000000001,1.111321419739789,0.7500000000000001,8,0.06666666666666667,0.8401086617754906,1.5048536360263824,0,0,1
train,train,8219,data/scene_datasets/mp3d/pRbA3pwrgk9/pRbA3pwrgk9.glb,1,8,9,AMBIGUOUS,0,1,0,0,1,1,-3.987518310546875,1.8160386085510254,-5.8035569190979,0.625,0.125,0.7499999999999999,0.7500000000000001,0.7499999999999999,0.7500000000000001,8,0.06666666666666667,0.8401086617754906,1.5048536360263824,0,0,1
train,train,8219,data/scene_datasets/mp3d/pRbA3pwrgk9/pRbA3pwrgk9.glb,2,10,0,AMBIGUOUS,0,1,1,0,0,1,-8.117016792297363,0.39997366070747375,-8.516990453004837,1.0,0.125,0.0,0.75,0.0,0.75,8,0.13333333333333333,1.1243481932574242,0.5525056719779968,1,0,0
train,train,8219,data/scene_datasets/mp3d/pRbA3pwrgk9/pRbA3pwrgk9.glb,2,10,4,KEEP,0,1,0,0,0,1,-5.204108715057373,0.39997366070747375,-5.604082375764847,0.875,0.125,2.059088338955266,0.75,2.6805203224678245,0.75,8,0.13333333333333333,1.1243481932574242,0.5525056719779968,1,0,0
train,train,8219,data/scene_datasets/mp3d/pRbA3pwrgk9/pRbA3pwrgk9.glb,2,10,5,KEEP,0,1,0,0,0,1,-2.739164113998413,0.39997366070747375,-3.139137774705887,0.5,0.125,0.9533667592699941,0.75,2.6805203224678245,0.75,8,0.13333333333333333,1.1243481932574242,0.5525056719779968,1,0,0
train,train,8219,data/scene_datasets/mp3d/pRbA3pwrgk9/pRbA3pwrgk9.glb,2,10,6,AMBIGUOUS,0,1,0,0,0,1,-4.4033732414245605,0.39997366070747375,-4.803346902132034,0.75,0.125,1.6753818188100078,0.75,2.6805203224678245,0.75,8,0.13333333333333333,1.1243481932574242,0.5525056719779968,1,0,0
train,train,8219,data/scene_datasets/mp3d/pRbA3pwrgk9/pRbA3pwrgk9.glb,2,10,7,AMBIGUOUS,0,1,0,0,0,1,-0.9095902442932129,0.39997366070747375,-1.3095639050006866,0.375,0.125,0.7948204248938878,0.75,1.2063509693030854,0.75,8,0.13333333333333333,1.1243481932574242,0.5525056719779968,1,0,1
train,train,8219,data/scene_datasets/mp3d/pRbA3pwrgk9/pRbA3pwrgk9.glb,2,10,8,AMBIGUOUS,0,1,0,0,1,1,-0.15253201127052307,0.39997366070747375,-0.5525056719779968,0.25,0.125,0.8455846780336024,0.75,0.8455846780336024,0.75,8,0.13333333333333333,1.1243481932574242,0.5525056719779968,0,0,1
train,train,8219,data/scene_datasets/mp3d/pRbA3pwrgk9/pRbA3pwrgk9.glb,2,10,9,KEEP,0,1,0,0,1,1,-4.3099684715271,0.39997366070747375,-4.709942132234573,0.625,0.125,0.6698466014767381,0.75,0.6698466014767381,0.75,8,0.13333333333333333,1.1243481932574242,0.5525056719779968,0,0,0
train,train,8219,data/scene_datasets/mp3d/pRbA3pwrgk9/pRbA3pwrgk9.glb,3,11,0,INTERVENE,0,1,1,0,0,1,-8.104480743408203,0.22405219078063965,-8.328532934188843,1.0,0.125,0.0,0.75,0.0,0.75,8,0.2,1.2368190226335223,0.7845242619514465,1,0,0
train,train,8219,data/scene_datasets/mp3d/pRbA3pwrgk9/pRbA3pwrgk9.glb,3,11,5,AMBIGUOUS,0,1,0,0,0,1,-4.5729875564575195,0.22405219078063965,-4.797039747238159,0.875,0.125,2.0004424273101646,0.75,2.754750881737871,0.75,8,0.2,1.2368190226335223,0.7845242619514465,1,0,0
train,train,8219,data/scene_datasets/mp3d/pRbA3pwrgk9/pRbA3pwrgk9.glb,3,11,6,AMBIGUOUS,0,1,0,0,0,1,-2.3173348903656006,0.22405219078063965,-2.5413870811462402,0.5,0.125,0.9332762702231822,0.75,2.754750881737871,0.75,8,0.2,1.2368190226335223,0.7845242619514465,1,0,0
train,train,8219,data/scene_datasets/mp3d/pRbA3pwrgk9/pRbA3pwrgk9.glb,3,11,7,AMBIGUOUS,0,1,0,0,0,1,-3.896965742111206,0.22405219078063965,-4.121017932891846,0.75,0.125,1.612515215702612,0.75,2.754750881737871,0.75,8,0.2,1.2368190226335223,0.7845242619514465,1,0,0
train,train,8219,data/scene_datasets/mp3d/pRbA3pwrgk9/pRbA3pwrgk9.glb,3,11,8,AMBIGUOUS,0,1,0,0,0,1,-0.782380223274231,0.22405219078063965,-1.0064324140548706,0.375,0.125,0.8669646378101099,0.75,1.2805815285731321,0.75,8,0.2,1.2368190226335223,0.7845242619514465,1,0,1
train,train,8219,data/scene_datasets/mp3d/pRbA3pwrgk9/pRbA3pwrgk9.glb,3,11,9,AMBIGUOUS,0,1,0,0,1,1,-0.5604720711708069,0.22405219078063965,-0.7845242619514465,0.25,0.125,0.8358886102030401,0.75,0.8735300946610279,0.75,8,0.2,1.2368190226335223,0.7845242619514465,0,0,1
train,train,8219,data/scene_datasets/mp3d/pRbA3pwrgk9/pRbA3pwrgk9.glb,3,11,10,AMBIGUOUS,0,1,0,0,1,1,-3.7063660621643066,0.22405219078063965,-3.9304182529449463,0.625,0.125,0.6561403359471214,0.75,0.6561403359471214,0.75,8,0.2,1.2368190226335223,0.7845242619514465,0,0,0
train,train,8219,data/scene_datasets/mp3d/pRbA3pwrgk9/pRbA3pwrgk9.glb,4,12,0,INTERVENE,0,1,1,0,0,1,-8.071365356445312,0.19960427284240723,-8.27096962928772,1.0,0.125,0.0,0.75,0.0,0.75,8,0.26666666666666666,1.3296310121893262,0.721327006816864,1,0,0
train,train,8219,data/scene_datasets/mp3d/pRbA3pwrgk9/pRbA3pwrgk9.glb,4,12,6,AMBIGUOUS,0,1,0,0,0,1,-3.947256088256836,0.19960427284240723,-4.146860361099243,0.875,0.125,2.0004424273101646,0.75,2.754750881737871,0.75,8,0.26666666666666666,1.3296310121893262,0.721327006816864,1,0,0
train,train,8219,data/scene_datasets/mp3d/pRbA3pwrgk9/pRbA3pwrgk9.glb,4,12,7,AMBIGUOUS,0,1,0,0,0,1,-1.8893613815307617,0.19960427284240723,-2.088965654373169,0.5,0.125,0.9332762702231822,0.75,2.754750881737871,0.75,8,0.26666666666666666,1.3296310121893262,0.721327006816864,1,0,0
train,train,8219,data/scene_datasets/mp3d/pRbA3pwrgk9/pRbA3pwrgk9.glb,4,12,8,AMBIGUOUS,0,1,0,0,0,1,-3.3384504318237305,0.19960427284240723,-3.5380547046661377,0.625,0.125,1.612515215702612,0.75,2.754750881737871,0.75,8,0.26666666666666666,1.3296310121893262,0.721327006816864,1,0,1
train,train,8219,data/scene_datasets/mp3d/pRbA3pwrgk9/pRbA3pwrgk9.glb,4,12,9,AMBIGUOUS,0,1,0,0,0,1,-0.7450839281082153,0.19960427284240723,-0.9446882009506226,0.375,0.125,0.8669646378101099,0.75,1.2805815285731321,0.75,8,0.26666666666666666,1.3296310121893262,0.721327006816864,1,0,1
train,train,8219,data/scene_datasets/mp3d/pRbA3pwrgk9/pRbA3pwrgk9.glb,4,12,10,AMBIGUOUS,0,1,0,0,1,1,-0.5217227339744568,0.19960427284240723,-0.721327006816864,0.25,0.125,0.809118455270551,0.75,0.8516598404202714,0.75,8,0.26666666666666666,1.3296310121893262,0.721327006816864,0,0,1
train,train,8219,data/scene_datasets/mp3d/pRbA3pwrgk9/pRbA3pwrgk9.glb,4,12,11,KEEP,0,1,0,0,1,1,-3.396192789077759,0.19960427284240723,-3.595797061920166,0.75,0.125,0.6808810546029758,0.75,0.6808810546029758,0.75,8,0.26666666666666666,1.3296310121893262,0.721327006816864,0,0,0
train,train,8219,data/scene_datasets/mp3d/pRbA3pwrgk9/pRbA3pwrgk9.glb,5,13,0,INTERVENE,0,1,1,0,0,1,-8.04367733001709,0.3131638765335083,-8.356841206550598,1.0,0.125,0.0,0.75,0.0,0.75,8,0.3333333333333333,1.387000075845763,0.708758682012558,1,0,0
train,train,8219,data/scene_datasets/mp3d/pRbA3pwrgk9/pRbA3pwrgk9.glb,5,13,7,AMBIGUOUS,0,1,0,0,0,1,-3.3941574096679688,0.3131638765335083,-3.707321286201477,0.875,0.125,2.0004424273101646,0.75,2.754750881737871,0.75,8,0.3333333333333333,1.387000075845763,0.708758682012558,1,0,0
train,train,8219,data/scene_datasets/mp3d/pRbA3pwrgk9/pRbA3pwrgk9.glb,5,13,8,AMBIGUOUS,0,1,0,0,0,1,-1.5286341905593872,0.3131638765335083,-1.8417980670928955,0.5,0.125,0.9332762702231822,0.75,2.754750881737871,0.75,8,0.3333333333333333,1.387000075845763,0.708758682012558,1,0,0
train,train,8219,data/scene_datasets/mp3d/pRbA3pwrgk9/pRbA3pwrgk9.glb,5,13,9,AMBIGUOUS,0,1,0,0,0,1,-2.8492088317871094,0.3131638765335083,-3.1623727083206177,0.625,0.125,1.612515215702612,0.75,2.754750881737871,0.75,8,0.3333333333333333,1.387000075845763,0.708758682012558,1,0,0
train,train,8219,data/scene_datasets/mp3d/pRbA3pwrgk9/pRbA3pwrgk9.glb,5,13,10,AMBIGUOUS,0,1,0,0,0,1,-0.6645951271057129,0.3131638765335083,-0.9777590036392212,0.375,0.125,0.8669646378101099,0.75,1.2805815285731321,0.75,8,0.3333333333333333,1.387000075845763,0.708758682012558,1,0,1
train,train,8219,data/scene_datasets/mp3d/pRbA3pwrgk9/pRbA3pwrgk9.glb,5,13,11,AMBIGUOUS,0,1,0,0,1,1,-0.3955948054790497,0.3131638765335083,-0.708758682012558,0.25,0.125,0.7937127495072941,0.75,0.8397843657014673,0.75,8,0.3333333333333333,1.387000075845763,0.708758682012558,0,0,1
train,train,8219,data/scene_datasets/mp3d/pRbA3pwrgk9/pRbA3pwrgk9.glb,5,13,12,AMBIGUOUS,0,1,0,0,1,1,-3.1330676078796387,0.3131638765335083,-3.446231484413147,0.75,0.125,0.6947157928432308,0.75,0.6947157928432308,0.75,8,0.3333333333333333,1.387000075845763,0.708758682012558,0,0,0
train,train,8219,data/scene_datasets/mp3d/pRbA3pwrgk9/pRbA3pwrgk9.glb,6,14,0,INTERVENE,0,1,1,0,0,1,-8.003849983215332,0.46334177255630493,-8.467191755771637,1.0,0.125,0.0,0.75,0.0,0.75,8,0.4,1.451678221616865,0.6949768960475922,1,0,0
train,train,8219,data/scene_datasets/mp3d/pRbA3pwrgk9/pRbA3pwrgk9.glb,6,14,8,AMBIGUOUS,0,1,0,0,0,1,-2.877302646636963,0.46334177255630493,-3.340644419193268,0.875,0.125,2.0004424273101646,0.75,2.754750881737871,0.75,8,0.4,1.451678221616865,0.6949768960475922,1,0,0
train,train,8219,data/scene_datasets/mp3d/pRbA3pwrgk9/pRbA3pwrgk9.glb,6,14,9,AMBIGUOUS,0,1,0,0,0,1,-1.0813708305358887,0.46334177255630493,-1.5447126030921936,0.5,0.125,0.9332762702231822,0.75,2.754750881737871,0.75,8,0.4,1.451678221616865,0.6949768960475922,1,0,0
train,train,8219,data/scene_datasets/mp3d/pRbA3pwrgk9/pRbA3pwrgk9.glb,6,14,10,AMBIGUOUS,0,1,0,0,0,1,-2.4149107933044434,0.46334177255630493,-2.8782525658607483,0.625,0.125,1.612515215702612,0.75,2.754750881737871,0.75,8,0.4,1.451678221616865,0.6949768960475922,1,0,0
train,train,8219,data/scene_datasets/mp3d/pRbA3pwrgk9/pRbA3pwrgk9.glb,6,14,11,AMBIGUOUS,0,1,0,0,0,1,-0.4744749069213867,0.46334177255630493,-0.9378166794776917,0.375,0.125,0.8669646378101099,0.75,1.2805815285731321,0.75,8,0.4,1.451678221616865,0.6949768960475922,1,0,1
train,train,8219,data/scene_datasets/mp3d/pRbA3pwrgk9/pRbA3pwrgk9.glb,6,14,12,AMBIGUOUS,0,1,0,0,1,1,-0.23163512349128723,0.46334177255630493,-0.6949768960475922,0.25,0.125,0.7839817001470276,0.75,0.8326956919313694,0.75,8,0.4,1.451678221616865,0.6949768960475922,0,0,1
train,train,8219,data/scene_datasets/mp3d/pRbA3pwrgk9/pRbA3pwrgk9.glb,6,14,13,AMBIGUOUS,0,1,0,0,1,1,-2.8306045532226562,0.46334177255630493,-3.293946325778961,0.75,0.125,0.7035508929887183,0.75,0.7035508929887183,0.75,8,0.4,1.451678221616865,0.6949768960475922,0,0,0
train,train,8219,data/scene_datasets/mp3d/pRbA3pwrgk9/pRbA3pwrgk9.glb,7,15,0,INTERVENE,0,1,1,0,0,1,-7.980320930480957,0.47908028960227966,-8.459401220083237,1.0,0.125,0.0,0.75,0.0,0.75,8,0.4666666666666667,1.4763568695478004,0.7237886488437653,1,0,0
train,train,8219,data/scene_datasets/mp3d/pRbA3pwrgk9/pRbA3pwrgk9.glb,7,15,9,AMBIGUOUS,0,1,0,0,0,1,-2.57987904548645,0.47908028960227966,-3.05895933508873,0.75,0.125,2.0004424273101646,0.75,2.754750881737871,0.75,8,0.4666666666666667,1.4763568695478004,0.7237886488437653,1,0,0
train,train,8219,data/scene_datasets/mp3d/pRbA3pwrgk9/pRbA3pwrgk9.glb,7,15,10,AMBIGUOUS,0,1,0,0,0,1,-1.1074298620224,0.47908028960227966,-1.5865101516246796,0.5,0.125,0.9332762702231822,0.75,2.754750881737871,0.75,8,0.4666666666666667,1.4763568695478004,0.7237886488437653,1,0,0
train,train,8219,data/scene_datasets/mp3d/pRbA3pwrgk9/pRbA3pwrgk9.glb,7,15,11,AMBIGUOUS,0,1,0,0,0,1,-2.197723865509033,0.47908028960227966,-2.676804155111313,0.625,0.125,1.612515215702612,0.75,2.754750881737871,0.75,8,0.4666666666666667,1.4763568695478004,0.7237886488437653,1,0,0
train,train,8219,data/scene_datasets/mp3d/pRbA3pwrgk9/pRbA3pwrgk9.glb,7,15,12,AMBIGUOUS,0,1,0,0,0,1,-0.4629313051700592,0.47908028960227966,-0.9420115947723389,0.375,0.125,0.8669646378101099,0.75,1.2805815285731321,0.75,8,0.4666666666666667,1.4763568695478004,0.7237886488437653,1,0,0
train,train,8219,data/scene_datasets/mp3d/pRbA3pwrgk9/pRbA3pwrgk9.glb,7,15,13,AMBIGUOUS,0,1,0,0,1,1,-0.2447083592414856,0.47908028960227966,-0.7237886488437653,0.25,0.125,0.7774075364022013,0.75,0.8281646021857505,0.75,8,0.4666666666666667,1.4763568695478004,0.7237886488437653,0,0,0
train,train,8219,data/scene_datasets/mp3d/pRbA3pwrgk9/pRbA3pwrgk9.glb,7,15,14,AMBIGUOUS,0,1,0,0,1,1,-2.7304089069366455,0.47908028960227966,-3.209489196538925,0.875,0.125,0.7096811283484429,0.75,0.7096811283484429,0.75,8,0.4666666666666667,1.4763568695478004,0.7237886488437653,0,0,0
train,train,8219,data/scene_datasets/mp3d/pRbA3pwrgk9/pRbA3pwrgk9.glb,8,14,0,INTERVENE,0,1,1,0,0,1,-7.876568794250488,0.09045384079217911,-7.967022635042667,1.0,0.14285714285714285,0.0,0.7561973319729802,0.0,0.8130461388733556,7,0.5333333333333333,1.5306101286307492,0.09467420168220997,1,0,0
train,train,8219,data/scene_datasets/mp3d/pRbA3pwrgk9/pRbA3pwrgk9.glb,8,14,10,AMBIGUOUS,0,1,0,0,0,1,-1.7561540603637695,0.09045384079217911,-1.8466079011559486,0.7142857142857143,0.14285714285714285,2.0004424273101646,0.7561973319729802,2.754750881737871,0.8130461388733556,7,0.5333333333333333,1.5306101286307492,0.09467420168220997,1,0,0
train,train,8219,data/scene_datasets/mp3d/pRbA3pwrgk9/pRbA3pwrgk9.glb,8,14,11,AMBIGUOUS,0,1,0,0,0,1,-0.5708132982254028,0.09045384079217911,-0.6612671390175819,0.42857142857142855,0.14285714285714285,0.9332762702231822,0.7561973319729802,2.754750881737871,0.8130461388733556,7,0.5333333333333333,1.5306101286307492,0.09467420168220997,1,0,0
train,train,8219,data/scene_datasets/mp3d/pRbA3pwrgk9/pRbA3pwrgk9.glb,8,14,12,KEEP,0,1,0,0,0,1,-1.4161144495010376,0.09045384079217911,-1.5065682902932167,0.5714285714285714,0.14285714285714285,1.612515215702612,0.7561973319729802,2.754750881737871,0.8130461388733556,7,0.5333333333333333,1.5306101286307492,0.09467420168220997,1,0,0
train,train,8219,data/scene_datasets/mp3d/pRbA3pwrgk9/pRbA3pwrgk9.glb,8,14,13,AMBIGUOUS,0,1,0,0,0,1,-0.004220360890030861,0.09045384079217911,-0.09467420168220997,0.2857142857142857,0.14285714285714285,0.8669646378101099,0.7561973319729802,1.2805815285731321,0.8130461388733556,7,0.5333333333333333,1.5306101286307492,0.09467420168220997,1,0,0
train,train,8219,data/scene_datasets/mp3d/pRbA3pwrgk9/pRbA3pwrgk9.glb,8,14,15,KEEP,0,1,0,0,1,1,-1.8965643644332886,0.09045384079217911,-1.9870182052254677,0.8571428571428571,0.14285714285714285,0.7141835273847282,0.7561973319729802,0.7141835273847282,0.8130461388733556,7,0.5333333333333333,1.5306101286307492,0.09467420168220997,0,0,0
train,train,8219,data/scene_datasets/mp3d/pRbA3pwrgk9/pRbA3pwrgk9.glb,9,16,0,INTERVENE,0,1,1,0,0,1,-7.995999336242676,-0.3822726309299469,-7.613726705312729,1.0,0.14285714285714285,0.0,0.7132924330848327,0.0,0.7132924330848327,7,0.6,1.1370062644007084,0.5964186489582062,1,0,0
train,train,8219,data/scene_datasets/mp3d/pRbA3pwrgk9/pRbA3pwrgk9.glb,9,16,11,AMBIGUOUS,0,1,0,0,0,1,-4.365126609802246,-0.3822726309299469,-3.982853978872299,0.8571428571428571,0.14285714285714285,2.0944223639606774,0.7132924330848327,2.7246508485580447,0.7132924330848327,7,0.6,1.1370062644007084,0.5964186489582062,1,0,0
train,train,8219,data/scene_datasets/mp3d/pRbA3pwrgk9/pRbA3pwrgk9.glb,9,16,12,KEEP,0,1,0,0,0,1,-2.0191898345947266,-0.3822726309299469,-1.6369172036647797,0.42857142857142855,0.14285714285714285,0.9678147539105524,0.7132924330848327,2.7246508485580447,0.7132924330848327,7,0.6,1.1370062644007084,0.5964186489582062,1,0,0
train,train,8219,data/scene_datasets/mp3d/pRbA3pwrgk9/pRbA3pwrgk9.glb,9,16,13,AMBIGUOUS,0,1,0,0,0,1,-3.784280776977539,-0.3822726309299469,-3.402008146047592,0.7142857142857143,0.14285714285714285,1.7131874786126091,0.7132924330848327,2.7246508485580447,0.7132924330848327,7,0.6,1.1370062644007084,0.5964186489582062,1,0,0
train,train,8219,data/scene_datasets/mp3d/pRbA3pwrgk9/pRbA3pwrgk9.glb,9,16,14,AMBIGUOUS,0,1,0,0,0,1,-0.9786912798881531,-0.3822726309299469,-0.5964186489582062,0.2857142857142857,0.14285714285714285,0.7521227287343286,0.7132924330848327,1.2504814953933059,0.7132924330848327,7,0.6,1.1370062644007084,0.5964186489582062,1,0,0
train,train,8219,data/scene_datasets/mp3d/pRbA3pwrgk9/pRbA3pwrgk9.glb,9,16,15,KEEP,0,1,0,0,1,1,-3.563249111175537,-0.3822726309299469,-3.18097648024559,0.5714285714285714,0.14285714285714285,0.8192435797739596,0.7132924330848327,0.8225054765238694,0.7132924330848327,7,0.6,1.1370062644007084,0.5964186489582062,0,0,0
train,train,8219,data/scene_datasets/mp3d/pRbA3pwrgk9/pRbA3pwrgk9.glb,10,17,0,AMBIGUOUS,0,1,1,0,0,1,-7.949551105499268,-0.41033631563186646,-7.539214789867401,1.0,0.1111111111111111,0.05156909092584658,1.25,0.05156909092584658,1.25,9,0.6666666666666666,1.6112817821402665,0.4049864411354065,1,0,0
train,train,8219,data/scene_datasets/mp3d/pRbA3pwrgk9/pRbA3pwrgk9.glb,10,17,12,AMBIGUOUS,0,1,0,0,0,1,-4.02488374710083,-0.41033631563186646,-3.6145474314689636,0.8888888888888888,0.1111111111111111,2.0531660520370254,1.25,2.7762199394838913,1.25,9,0.6666666666666666,1.6112817821402665,0.4049864411354065,1,0,0
train,train,8219,data/scene_datasets/mp3d/pRbA3pwrgk9/pRbA3pwrgk9.glb,10,17,13,AMBIGUOUS,0,1,0,0,0,1,-1.8928308486938477,-0.41033631563186646,-1.4824945330619812,0.5555555555555556,0.1111111111111111,0.9511115129510336,1.25,2.7762199394838913,1.25,9,0.6666666666666666,1.6112817821402665,0.4049864411354065,1,0,0
train,train,8219,data/scene_datasets/mp3d/pRbA3pwrgk9/pRbA3pwrgk9.glb,10,17,14,AMBIGUOUS,0,1,0,0,0,1,-3.5927016735076904,-0.41033631563186646,-3.182365357875824,0.7777777777777778,0.1111111111111111,1.6690399515869996,1.25,2.7762199394838913,1.25,9,0.6666666666666666,1.6112817821402665,0.4049864411354065,1,0,0
train,train,8219,data/scene_datasets/mp3d/pRbA3pwrgk9/pRbA3pwrgk9.glb,10,17,15,AMBIGUOUS,0,1,0,0,0,1,-0.8223847150802612,-0.41033631563186646,-0.4120483994483948,0.3333333333333333,0.1111111111111111,0.8020327383228727,1.25,1.3020505863191525,1.25,9,0.6666666666666666,1.6112817821402665,0.4049864411354065,1,0,0
train,train,8219,data/scene_datasets/mp3d/pRbA3pwrgk9/pRbA3pwrgk9.glb,10,17,16,KEEP,0,1,0,0,0,1,-3.5680794715881348,-0.41033631563186646,-3.1577431559562683,0.6666666666666666,0.1111111111111111,0.7689739621860178,1.25,0.8740745674497159,1.25,9,0.6666666666666666,1.6112817821402665,0.4049864411354065,1,0,0
train,train,8219,data/scene_datasets/mp3d/pRbA3pwrgk9/pRbA3pwrgk9.glb,10,17,18,AMBIGUOUS,0,1,0,0,1,1,-1.8765949010849,-0.41033631563186646,-1.4662585854530334,0.4444444444444444,0.1111111111111111,1.2499999999999998,1.25,1.2499999999999998,1.25,9,0.6666666666666666,1.6112817821402665,0.4049864411354065,0,0,0
train,train,8219,data/scene_datasets/mp3d/pRbA3pwrgk9/pRbA3pwrgk9.glb,10,17,19,AMBIGUOUS,0,1,0,0,1,1,-0.815322756767273,-0.41033631563186646,-0.4049864411354065,0.2222222222222222,0.1111111111111111,1.0000000000000002,1.25,1.0000000000000002,1.25,9,0.6666666666666666,1.6112817821402665,0.4049864411354065,0,0,0
train,train,8219,data/scene_datasets/mp3d/pRbA3pwrgk9/pRbA3pwrgk9.glb,11,20,0,INTERVENE,0,1,1,0,0,1,-7.962602615356445,-0.07414765655994415,-7.888454958796501,1.0,0.1111111111111111,0.11836108536025614,0.7292774234965477,0.11836108536037909,0.7292774234965477,9,0.7333333333333333,1.6481866061188855,0.9095234721899033,1,0,0
train,train,8219,data/scene_datasets/mp3d/pRbA3pwrgk9/pRbA3pwrgk9.glb,11,20,13,AMBIGUOUS,0,1,0,0,0,1,-3.1149487495422363,-0.07414765655994415,-3.040801092982292,0.8888888888888888,0.1111111111111111,2.0004424273101646,0.7292774234965477,2.843011933918424,0.7292774234965477,9,0.7333333333333333,1.6481866061188855,0.9095234721899033,1,0,0
train,train,8219,data/scene_datasets/mp3d/pRbA3pwrgk9/pRbA3pwrgk9.glb,11,20,14,KEEP,0,1,0,0,0,1,-1.5957752466201782,-0.07414765655994415,-1.521627590060234,0.4444444444444444,0.1111111111111111,0.9332762702231822,0.7292774234965477,2.843011933918424,0.7292774234965477,9,0.7333333333333333,1.6481866061188855,0.9095234721899033,1,0,0
train,train,8219,data/scene_datasets/mp3d/pRbA3pwrgk9/pRbA3pwrgk9.glb,11,20,15,AMBIGUOUS,0,1,0,0,0,1,-2.629516839981079,-0.07414765655994415,-2.555369183421135,0.6666666666666666,0.1111111111111111,1.612515215702612,0.7292774234965477,2.843011933918424,0.7292774234965477,9,0.7333333333333333,1.6481866061188855,0.9095234721899033,1,0,0
train,train,8219,data/scene_datasets/mp3d/pRbA3pwrgk9/pRbA3pwrgk9.glb,11,20,16,AMBIGUOUS,0,1,0,0,0,1,-0.9836711287498474,-0.07414765655994415,-0.9095234721899033,0.2222222222222222,0.1111111111111111,0.8669646378101099,0.7292774234965477,1.368842580753685,0.7292774234965477,9,0.7333333333333333,1.6481866061188855,0.9095234721899033,1,0,0
train,train,8219,data/scene_datasets/mp3d/pRbA3pwrgk9/pRbA3pwrgk9.glb,11,20,17,KEEP,0,1,0,0,1,1,-2.9796907901763916,-0.07414765655994415,-2.9055431336164474,0.7777777777777778,0.1111111111111111,0.7082815722465542,0.7292774234965477,0.9450037429672009,0.7292774234965477,9,0.7333333333333333,1.6481866061188855,0.9095234721899033,0,0,0
train,train,8219,data/scene_datasets/mp3d/pRbA3pwrgk9/pRbA3pwrgk9.glb,11,20,18,AMBIGUOUS,0,1,0,0,0,1,-1.8960299491882324,-0.07414765655994415,-1.8218822926282883,0.5555555555555556,0.1111111111111111,1.1847695220532428,0.7292774234965477,1.3167919944345323,0.7292774234965477,9,0.7333333333333333,1.6481866061188855,0.9095234721899033,1,0,0
train,train,8219,data/scene_datasets/mp3d/pRbA3pwrgk9/pRbA3pwrgk9.glb,11,20,19,AMBIGUOUS,0,1,0,0,0,1,-1.0398211479187012,-0.07414765655994415,-0.965673491358757,0.3333333333333333,0.1111111111111111,1.0379657255675971,0.7292774234965477,1.0667919944345328,0.7292774234965477,9,0.7333333333333333,1.6481866061188855,0.9095234721899033,1,0,0
train,train,8219,data/scene_datasets/mp3d/pRbA3pwrgk9/pRbA3pwrgk9.glb,12,21,0,INTERVENE,0,1,1,0,0,1,-7.876784324645996,-0.07597961276769638,-7.8008047118783,1.0,0.1111111111111111,0.11836108536025614,1.25,0.11836108536037909,1.25,9,0.8,1.748840559601339,0.7935236468911171,1,0,0
train,train,8219,data/scene_datasets/mp3d/pRbA3pwrgk9/pRbA3pwrgk9.glb,12,21,14,AMBIGUOUS,0,1,0,0,0,1,-2.8695549964904785,-0.07597961276769638,-2.793575383722782,0.8888888888888888,0.1111111111111111,2.0004424273101646,1.25,2.843011933918424,1.25,9,0.8,1.748840559601339,0.7935236468911171,1,0,0
train,train,8219,data/scene_datasets/mp3d/pRbA3pwrgk9/pRbA3pwrgk9.glb,12,21,15,KEEP,0,1,0,0,0,1,-1.2825266122817993,-0.07597961276769638,-1.206546999514103,0.5555555555555556,0.1111111111111111,0.9332762702231822,1.25,2.843011933918424,1.25,9,0.8,1.748840559601339,0.7935236468911171,1,0,0
train,train,8219,data/scene_datasets/mp3d/pRbA3pwrgk9/pRbA3pwrgk9.glb,12,21,16,AMBIGUOUS,0,1,0,0,0,1,-2.512721061706543,-0.07597961276769638,-2.4367414489388466,0.6666666666666666,0.1111111111111111,1.612515215702612,1.25,2.843011933918424,1.25,9,0.8,1.748840559601339,0.7935236468911171,1,0,0
train,train,8219,data/scene_datasets/mp3d/pRbA3pwrgk9/pRbA3pwrgk9.glb,12,21,17,AMBIGUOUS,0,1,0,0,0,1,-0.8695032596588135,-0.07597961276769638,-0.7935236468911171,0.2222222222222222,0.1111111111111111,0.8669646378101099,1.25,1.368842580753685,1.25,9,0.8,1.748840559601339,0.7935236468911171,1,0,0
train,train,8219,data/scene_datasets/mp3d/pRbA3pwrgk9/pRbA3pwrgk9.glb,12,21,18,AMBIGUOUS,0,1,0,0,0,1,-2.7570903301239014,-0.07597961276769638,-2.681110717356205,0.7777777777777778,0.1111111111111111,0.7082815722465542,1.25,0.9450037429672009,1.25,9,0.8,1.748840559601339,0.7935236468911171,1,0,0
train,train,8219,data/scene_datasets/mp3d/pRbA3pwrgk9/pRbA3pwrgk9.glb,12,21,19,KEEP,0,1,0,0,1,1,-1.0527303218841553,-0.07597961276769638,-0.9767507091164589,0.4444444444444444,0.1111111111111111,1.2173635927426827,1.25,1.2173635927426827,1.25,9,0.8,1.748840559601339,0.7935236468911171,0,0,0
train,train,8219,data/scene_datasets/mp3d/pRbA3pwrgk9/pRbA3pwrgk9.glb,12,21,20,AMBIGUOUS,0,1,0,0,1,1,-0.9367538690567017,-0.07597961276769638,-0.8607742562890053,0.3333333333333333,0.1111111111111111,1.018654615440257,1.25,1.0461260920418332,1.25,9,0.8,1.748840559601339,0.7935236468911171,0,0,0
train,train,8219,data/scene_datasets/mp3d/pRbA3pwrgk9/pRbA3pwrgk9.glb,13,22,0,INTERVENE,0,1,1,0,0,1,-7.8903632164001465,0.12158671766519547,-8.011949934065342,1.0,0.1111111111111111,0.11836108536025614,0.7292774234965477,0.11836108536037909,0.7292774234965477,9,0.8666666666666667,1.724011285947216,0.8657451644539833,1,0,0
train,train,8219,data/scene_datasets/mp3d/pRbA3pwrgk9/pRbA3pwrgk9.glb,13,22,15,AMBIGUOUS,0,1,0,0,0,1,-2.444136619567871,0.12158671766519547,-2.5657233372330666,0.7777777777777778,0.1111111111111111,2.0004424273101646,0.7292774234965477,2.843011933918424,0.7292774234965477,9,0.8666666666666667,1.724011285947216,0.8657451644539833,1,0,0
train,train,8219,data/scene_datasets/mp3d/pRbA3pwrgk9/pRbA3pwrgk9.glb,13,22,16,AMBIGUOUS,0,1,0,0,0,1,-1.3015694618225098,0.12158671766519547,-1.4231561794877052,0.4444444444444444,0.1111111111111111,0.9332762702231822,0.7292774234965477,2.843011933918424,0.7292774234965477,9,0.8666666666666667,1.724011285947216,0.8657451644539833,1,0,0
train,train,8219,data/scene_datasets/mp3d/pRbA3pwrgk9/pRbA3pwrgk9.glb,13,22,17,AMBIGUOUS,0,1,0,0,0,1,-2.1055285930633545,0.12158671766519547,-2.22711531072855,0.6666666666666666,0.1111111111111111,1.612515215702612,0.7292774234965477,2.843011933918424,0.7292774234965477,9,0.8666666666666667,1.724011285947216,0.8657451644539833,1,0,0
train,train,8219,data/scene_datasets/mp3d/pRbA3pwrgk9/pRbA3pwrgk9.glb,13,22,18,AMBIGUOUS,0,1,0,0,0,1,-0.7441584467887878,0.12158671766519547,-0.8657451644539833,0.2222222222222222,0.1111111111111111,0.8669646378101099,0.7292774234965477,1.368842580753685,0.7292774234965477,9,0.8666666666666667,1.724011285947216,0.8657451644539833,1,0,0
train,train,8219,data/scene_datasets/mp3d/pRbA3pwrgk9/pRbA3pwrgk9.glb,13,22,19,AMBIGUOUS,0,1,0,0,1,1,-2.5850608348846436,0.12158671766519547,-2.706647552549839,0.8888888888888888,0.1111111111111111,0.7116332971972958,0.7292774234965477,0.9483554679179425,0.7292774234965477,9,0.8666666666666667,1.724011285947216,0.8657451644539833,0,0,0
train,train,8219,data/scene_datasets/mp3d/pRbA3pwrgk9/pRbA3pwrgk9.glb,13,22,20,KEEP,0,1,0,0,0,1,-1.4639726877212524,0.12158671766519547,-1.585559405386448,0.5555555555555556,0.1111111111111111,1.2173635927426827,0.7292774234965477,1.2173635927426827,0.7292774234965477,9,0.8666666666666667,1.724011285947216,0.8657451644539833,1,0,0
train,train,8219,data/scene_datasets/mp3d/pRbA3pwrgk9/pRbA3pwrgk9.glb,13,22,21,AMBIGUOUS,0,1,0,0,0,1,-0.8577728271484375,0.12158671766519547,-0.979359544813633,0.3333333333333333,0.1111111111111111,1.018654615440257,0.7292774234965477,1.0461260920418332,0.7292774234965477,9,0.8666666666666667,1.724011285947216,0.8657451644539833,1,0,0
train,train,8343,data/scene_datasets/mp3d/r47D5H71a5s/r47D5H71a5s.glb,1,7,0,AMBIGUOUS,0,1,1,0,0,1,-8.135354995727539,3.409777879714966,-11.545132875442505,1.0,0.125,0.0,2.25,0.0,2.25,8,0.06666666666666667,0.5529647321417981,1.441368818283081,1,0,0
train,train,8343,data/scene_datasets/mp3d/r47D5H71a5s/r47D5H71a5s.glb,1,7,3,KEEP,0,1,0,0,0,1,-2.8570709228515625,3.409777879714966,-6.266848802566528,0.625,0.125,0.5149759152826215,2.25,4.25133941634046,2.25,8,0.06666666666666667,0.5529647321417981,1.441368818283081,1,0,0
train,train,8343,data/scene_datasets/mp3d/r47D5H71a5s/r47D5H71a5s.glb,1,7,4,AMBIGUOUS,0,1,0,0,0,1,-7.917205810546875,3.409777879714966,-11.32698369026184,0.875,0.125,2.517268058956556,2.25,3.5013394163404596,2.25,8,0.06666666666666667,0.5529647321417981,1.441368818283081,1,0,0
train,train,8343,data/scene_datasets/mp3d/r47D5H71a5s/r47D5H71a5s.glb,1,7,5,AMBIGUOUS,0,1,0,0,0,1,-1.8569982051849365,3.409777879714966,-5.266776084899902,0.5,0.125,2.2655957126938695,2.25,3.2513394163404596,2.25,8,0.06666666666666667,0.5529647321417981,1.441368818283081,1,0,0
train,train,8343,data/scene_datasets/mp3d/r47D5H71a5s/r47D5H71a5s.glb,1,7,6,AMBIGUOUS,0,1,0,0,1,1,1.9684090614318848,3.409777879714966,-1.441368818283081,0.25,0.125,2.25,2.25,2.25,2.25,8,0.06666666666666667,0.5529647321417981,1.441368818283081,0,0,0
train,train,8343,data/scene_datasets/mp3d/r47D5H71a5s/r47D5H71a5s.glb,1,7,8,AMBIGUOUS,0,1,0,0,1,1,-5.163100719451904,3.409777879714966,-8.57287859916687,0.75,0.125,1.75,2.25,1.75,2.25,8,0.06666666666666667,0.5529647321417981,1.441368818283081,0,0,0
train,train,8343,data/scene_datasets/mp3d/r47D5H71a5s/r47D5H71a5s.glb,1,7,9,KEEP,0,1,0,0,1,1,-1.7170915603637695,3.409777879714966,-5.126869440078735,0.375,0.125,1.5000000000000002,2.25,1.5000000000000002,2.25,8,0.06666666666666667,0.5529647321417981,1.441368818283081,0,0,0
train,train,8343,data/scene_datasets/mp3d/r47D5H71a5s/r47D5H71a5s.glb,6,22,0,INTERVENE,0,1,1,0,0,1,0.8154289722442627,1.4452496767044067,-0.629820704460144,0.125,0.0625,0.0,1.4999999999999998,0.0,1.4999999999999998,16,0.4,1.356112591877865,0.629820704460144,1,0,0
train,train,8343,data/scene_datasets/mp3d/r47D5H71a5s/r47D5H71a5s.glb,6,22,8,KEEP,0,1,0,0,0,1,-6.496136665344238,1.4452496767044067,-7.941386342048645,0.8125,0.0625,6.702825513587749,1.4999999999999998,11.724455438511717,1.4999999999999998,16,0.4,1.356112591877865,0.629820704460144,1,0,0
train,train,8343,data/scene_datasets/mp3d/r47D5H71a5s/r47D5H71a5s.glb,6,22,9,KEEP,0,1,0,0,0,1,-8.001324653625488,1.4452496767044067,-9.446574330329895,1.0,0.0625,8.266157830520243,1.4999999999999998,10.974455438511717,1.4999999999999998,16,0.4,1.356112591877865,0.629820704460144,1,0,0
train,train,8343,data/scene_datasets/mp3d/r47D5H71a5s/r47D5H71a5s.glb,6,22,10,KEEP,0,1,0,0,0,1,-3.911281108856201,1.4452496767044067,-5.356530785560608,0.375,0.0625,8.539265505566545,1.4999999999999998,10.724455438511717,1.4999999999999998,16,0.4,1.356112591877865,0.629820704460144,1,0,0
train,train,8343,data/scene_datasets/mp3d/r47D5H71a5s/r47D5H71a5s.glb,6,22,11,KEEP,0,1,0,0,0,1,-5.883665084838867,1.4452496767044067,-7.328914761543274,0.75,0.0625,4.376959117794494,1.4999999999999998,5.591151153813456,1.4999999999999998,16,0.4,1.356112591877865,0.629820704460144,1,0,0
train,train,8343,data/scene_datasets/mp3d/r47D5H71a5s/r47D5H71a5s.glb,6,22,12,AMBIGUOUS,0,1,0,0,0,1,-7.2539520263671875,1.4452496767044067,-8.699201703071594,0.9375,0.0625,8.04894098834208,1.4999999999999998,9.223116022171258,1.4999999999999998,16,0.4,1.356112591877865,0.629820704460144,1,0,0
train,train,8343,data/scene_datasets/mp3d/r47D5H71a5s/r47D5H71a5s.glb,6,22,13,KEEP,0,1,0,0,0,1,-4.790163993835449,1.4452496767044067,-6.235413670539856,0.5625,0.0625,7.179887805872474,1.4999999999999998,8.973116022171258,1.4999999999999998,16,0.4,1.356112591877865,0.629820704460144,1,0,0
train,train,8343,data/scene_datasets/mp3d/r47D5H71a5s/r47D5H71a5s.glb,6,22,14,KEEP,0,1,0,0,0,1,-6.74573278427124,1.4452496767044067,-8.190982460975647,0.875,0.0625,5.890366706674611,1.4999999999999998,7.4999996152330395,1.4999999999999998,16,0.4,1.356112591877865,0.629820704460144,1,0,0
train,train,8343,data/scene_datasets/mp3d/r47D5H71a5s/r47D5H71a5s.glb,6,22,15,KEEP,0,1,0,0,0,1,-4.521319389343262,1.4452496767044067,-5.9665690660476685,0.5,0.0625,4.449161449106704,1.4999999999999998,5.365494339129852,1.4999999999999998,16,0.4,1.356112591877865,0.629820704460144,1,0,0
train,train,8343,data/scene_datasets/mp3d/r47D5H71a5s/r47D5H71a5s.glb,6,22,16,KEEP,0,1,0,0,0,1,-4.1404008865356445,1.4452496767044067,-5.585650563240051,0.4375,0.0625,4.0278527650292615,1.4999999999999998,4.249999595973526,1.4999999999999998,16,0.4,1.356112591877865,0.629820704460144,1,0,0
train,train,8343,data/scene_datasets/mp3d/r47D5H71a5s/r47D5H71a5s.glb,6,22,17,KEEP,0,1,0,0,0,1,-0.2585146725177765,1.4452496767044067,-1.7037643492221832,0.25,0.0625,2.8879520084149406,1.4999999999999998,4.249999595973526,1.4999999999999998,16,0.4,1.356112591877865,0.629820704460144,1,0,0
train,train,8343,data/scene_datasets/mp3d/r47D5H71a5s/r47D5H71a5s.glb,6,22,18,KEEP,0,1,0,0,0,1,-5.253767490386963,1.4452496767044067,-6.69901716709137,0.6875,0.0625,2.530702565079014,1.4999999999999998,2.7499996876885655,1.4999999999999998,16,0.4,1.356112591877865,0.629820704460144,1,0,0
train,train,8343,data/scene_datasets/mp3d/r47D5H71a5s/r47D5H71a5s.glb,6,22,19,KEEP,0,1,0,0,0,1,-5.084019660949707,1.4452496767044067,-6.529269337654114,0.625,0.0625,2.18861026084325,1.4999999999999998,2.249999687688566,1.4999999999999998,16,0.4,1.356112591877865,0.629820704460144,1,0,0
train,train,8343,data/scene_datasets/mp3d/r47D5H71a5s/r47D5H71a5s.glb,6,22,20,INTERVENE,0,1,0,0,1,1,-0.24200475215911865,1.4452496767044067,-1.6872544288635254,0.1875,0.0625,0.5000000000000003,1.4999999999999998,0.5000000000000003,1.4999999999999998,16,0.4,1.356112591877865,0.629820704460144,0,0,0
train,train,8343,data/scene_datasets/mp3d/r47D5H71a5s/r47D5H71a5s.glb,6,22,21,AMBIGUOUS,0,1,0,0,1,1,-0.690118134021759,1.4452496767044067,-2.1353678107261658,0.3125,0.0625,1.2499999999999998,1.4999999999999998,1.2499999999999998,1.4999999999999998,16,0.4,1.356112591877865,0.629820704460144,0,0,0
train,train,8343,data/scene_datasets/mp3d/r47D5H71a5s/r47D5H71a5s.glb,7,0,9,KEEP,0,1,0,1,0,0,-7.220600605010986,1.6509791612625122,-8.871579766273499,0.8125,0.0625,6.747123274533763,0.0,12.974455621949964,0.0,16,0.4666666666666667,0.7060714791399558,2.2343533039093018,1,0,0
train,train,8343,data/scene_datasets/mp3d/r47D5H71a5s/r47D5H71a5s.glb,7,0,10,KEEP,0,1,0,1,0,0,-8.172262191772461,1.6509791612625122,-9.823241353034973,1.0,0.0625,8.61203650741537,0.0,12.224455621949964,0.0,16,0.4666666666666667,0.7060714791399558,2.2343533039093018,1,0,0
train,train,8343,data/scene_datasets/mp3d/r47D5H71a5s/r47D5H71a5s.glb,7,0,11,KEEP,0,1,0,1,0,0,-5.218893527984619,1.6509791612625122,-6.869872689247131,0.625,0.0625,8.560854916910092,0.0,11.974455621949964,0.0,16,0.4666666666666667,0.7060714791399558,2.2343533039093018,1,0,0
train,train,8343,data/scene_datasets/mp3d/r47D5H71a5s/r47D5H71a5s.glb,7,0,12,KEEP,0,1,0,1,0,0,-7.188730716705322,1.6509791612625122,-8.839709877967834,0.75,0.0625,4.70427014058848,0.0,6.841151337251702,0.0,16,0.4666666666666667,0.7060714791399558,2.2343533039093018,1,0,0
train,train,8343,data/scene_datasets/mp3d/r47D5H71a5s/r47D5H71a5s.glb,7,0,13,AMBIGUOUS,0,1,0,1,0,0,-7.977959632873535,1.6509791612625122,-9.628938794136047,0.9375,0.0625,8.121968903801418,0.0,10.473116205609504,0.0,16,0.4666666666666667,0.7060714791399558,2.2343533039093018,1,0,0
train,train,8343,data/scene_datasets/mp3d/r47D5H71a5s/r47D5H71a5s.glb,7,0,14,KEEP,0,1,0,1,0,0,-6.36883544921875,1.6509791612625122,-8.019814610481262,0.6875,0.0625,7.050751032938724,0.0,10.223116205609504,0.0,16,0.4666666666666667,0.7060714791399558,2.2343533039093018,1,0,0
train,train,8343,data/scene_datasets/mp3d/r47D5H71a5s/r47D5H71a5s.glb,7,0,15,KEEP,0,1,0,1,0,0,-7.631833553314209,1.6509791612625122,-9.282812714576721,0.875,0.0625,5.880385453509008,0.0,8.749999798671286,0.0,16,0.4666666666666667,0.7060714791399558,2.2343533039093018,1,0,0
train,train,8343,data/scene_datasets/mp3d/r47D5H71a5s/r47D5H71a5s.glb,7,0,16,AMBIGUOUS,0,1,0,1,0,0,-4.184770584106445,1.6509791612625122,-5.8357497453689575,0.4375,0.0625,5.326789584373952,0.0,6.615494522568098,0.0,16,0.4666666666666667,0.7060714791399558,2.2343533039093018,1,0,0
train,train,8343,data/scene_datasets/mp3d/r47D5H71a5s/r47D5H71a5s.glb,7,0,17,AMBIGUOUS,0,1,0,1,0,0,-4.528592109680176,1.6509791612625122,-6.179571270942688,0.5625,0.0625,4.830765123139393,0.0,5.499999779411773,0.0,16,0.4666666666666667,0.7060714791399558,2.2343533039093018,1,0,0
train,train,8343,data/scene_datasets/mp3d/r47D5H71a5s/r47D5H71a5s.glb,7,0,18,AMBIGUOUS,0,1,0,1,0,0,-2.0806081295013428,1.6509791612625122,-3.731587290763855,0.3125,0.0625,3.231793260747043,0.0,5.499999779411773,0.0,16,0.4666666666666667,0.7060714791399558,2.2343533039093018,1,0,0
train,train,8343,data/scene_datasets/mp3d/r47D5H71a5s/r47D5H71a5s.glb,7,0,19,AMBIGUOUS,0,1,0,1,0,0,-4.167688369750977,1.6509791612625122,-5.818667531013489,0.375,0.0625,3.780594103976706,0.0,3.9999998711268123,0.0,16,0.4666666666666667,0.7060714791399558,2.2343533039093018,1,0,0
train,train,8343,data/scene_datasets/mp3d/r47D5H71a5s/r47D5H71a5s.glb,7,0,20,AMBIGUOUS,0,1,0,1,0,0,-4.472431182861328,1.6509791612625122,-6.12341034412384,0.5,0.0625,3.1968071922675176,0.0,3.4999998711268123,0.0,16,0.4666666666666667,0.7060714791399558,2.2343533039093018,1,0,0
train,train,8343,data/scene_datasets/mp3d/r47D5H71a5s/r47D5H71a5s.glb,7,0,21,AMBIGUOUS,0,1,0,1,1,0,-1.6378191709518433,1.6509791612625122,-3.2887983322143555,0.1875,0.0625,0.8351970690249596,0.0,1.9428859028631287,0.0,16,0.4666666666666667,0.7060714791399558,2.2343533039093018,0,0,0
train,train,8343,data/scene_datasets/mp3d/r47D5H71a5s/r47D5H71a5s.glb,7,0,22,AMBIGUOUS,0,1,0,1,0,0,-1.945332646369934,1.6509791612625122,-3.5963118076324463,0.25,0.0625,1.416015331787522,0.0,2.5000001834382464,0.0,16,0.4666666666666667,0.7060714791399558,2.2343533039093018,1,0,0
train,train,8343,data/scene_datasets/mp3d/r47D5H71a5s/r47D5H71a5s.glb,7,0,23,KEEP,0,1,0,1,1,0,-0.5833741426467896,1.6509791612625122,-2.2343533039093018,0.125,0.0625,1.2499999999999996,0.0,1.2499999999999996,0.0,16,0.4666666666666667,0.7060714791399558,2.2343533039093018,0,0,0
train,train,6962,data/scene_datasets/mp3d/JmbYfDe2QKZ/JmbYfDe2QKZ.glb,7,25,0,AMBIGUOUS,0,1,1,0,0,1,-5.62891960144043,1.5377410650253296,-7.166660666465759,0.6666666666666666,0.05555555555555555,0.0,1.25,0.0,1.25,18,0.4666666666666667,0.47117076533506436,2.6014517545700073,1,0,0
train,train,6962,data/scene_datasets/mp3d/JmbYfDe2QKZ/JmbYfDe2QKZ.glb,7,25,9,KEEP,0,1,0,0,0,1,-7.497914791107178,1.5377410650253296,-9.035655856132507,1.0,0.05555555555555555,9.957895045160969,1.25,11.032913808882341,1.25,18,0.4666666666666667,0.47117076533506436,2.6014517545700073,1,0,0
train,train,6962,data/scene_datasets/mp3d/JmbYfDe2QKZ/JmbYfDe2QKZ.glb,7,25,10,KEEP,0,1,0,0,0,1,-7.027591705322266,1.5377410650253296,-8.565332770347595,0.9444444444444444,0.05555555555555555,7.572292848775334,1.25,9.249031857338302,1.25,18,0.4666666666666667,0.47117076533506436,2.6014517545700073,1,0,0
train,train,6962,data/scene_datasets/mp3d/JmbYfDe2QKZ/JmbYfDe2QKZ.glb,7,25,11,KEEP,0,1,0,0,0,1,-4.961175441741943,1.5377410650253296,-6.498916506767273,0.4444444444444444,0.05555555555555555,7.980258666592158,1.25,10.500004311795593,1.25,18,0.4666666666666667,0.47117076533506436,2.6014517545700073,1,0,0
train,train,6962,data/scene_datasets/mp3d/JmbYfDe2QKZ/JmbYfDe2QKZ.glb,7,25,12,KEEP,0,1,0,0,0,1,-5.238895416259766,1.5377410650253296,-6.776636481285095,0.5,0.05555555555555555,6.628650607183417,1.25,10.500004527805007,1.25,18,0.4666666666666667,0.47117076533506436,2.6014517545700073,1,0,0
train,train,6962,data/scene_datasets/mp3d/JmbYfDe2QKZ/JmbYfDe2QKZ.glb,7,25,13,INTERVENE,0,1,0,0,0,1,-2.8298041820526123,1.5377410650253296,-4.367545247077942,0.16666666666666666,0.05555555555555555,7.236136811500664,1.25,9.000003958131538,1.25,18,0.4666666666666667,0.47117076533506436,2.6014517545700073,1,0,1
train,train,6962,data/scene_datasets/mp3d/JmbYfDe2QKZ/JmbYfDe2QKZ.glb,7,25,14,INTERVENE,0,1,0,0,0,1,-4.215818881988525,1.5377410650253296,-5.753559947013855,0.3888888888888889,0.05555555555555555,4.677960179764586,1.25,6.500000818033882,1.25,18,0.4666666666666667,0.47117076533506436,2.6014517545700073,1,0,1
train,train,6962,data/scene_datasets/mp3d/JmbYfDe2QKZ/JmbYfDe2QKZ.glb,7,25,15,INTERVENE,0,1,0,0,0,1,-6.547832012176514,1.5377410650253296,-8.085573077201843,0.8333333333333334,0.05555555555555555,6.621893313600462,1.25,7.250000818033882,1.25,18,0.4666666666666667,0.47117076533506436,2.6014517545700073,1,0,1
train,train,6962,data/scene_datasets/mp3d/JmbYfDe2QKZ/JmbYfDe2QKZ.glb,7,25,16,AMBIGUOUS,0,1,0,0,0,1,-6.094710826873779,1.5377410650253296,-7.632451891899109,0.7777777777777778,0.05555555555555555,6.289505249146638,1.25,6.500000818033882,1.25,18,0.4666666666666667,0.47117076533506436,2.6014517545700073,1,0,0
train,train,6962,data/scene_datasets/mp3d/JmbYfDe2QKZ/JmbYfDe2QKZ.glb,7,25,17,KEEP,0,1,0,0,0,1,-6.769660949707031,1.5377410650253296,-8.30740201473236,0.8888888888888888,0.05555555555555555,6.696996794531514,1.25,6.7500008180338815,1.25,18,0.4666666666666667,0.47117076533506436,2.6014517545700073,1,0,0
train,train,6962,data/scene_datasets/mp3d/JmbYfDe2QKZ/JmbYfDe2QKZ.glb,7,25,18,AMBIGUOUS,0,1,0,0,0,1,-5.298499584197998,1.5377410650253296,-6.836240649223328,0.6111111111111112,0.05555555555555555,2.9029370042341647,1.25,5.249999635859321,1.25,18,0.4666666666666667,0.47117076533506436,2.6014517545700073,1,0,0
train,train,6962,data/scene_datasets/mp3d/JmbYfDe2QKZ/JmbYfDe2QKZ.glb,7,25,19,AMBIGUOUS,0,1,0,0,0,1,-5.296528339385986,1.5377410650253296,-6.834269404411316,0.5555555555555556,0.05555555555555555,2.2879817740367496,1.25,5.7499996358593215,1.25,18,0.4666666666666667,0.47117076533506436,2.6014517545700073,1,0,0
train,train,6962,data/scene_datasets/mp3d/JmbYfDe2QKZ/JmbYfDe2QKZ.glb,7,25,20,AMBIGUOUS,0,1,0,0,0,1,-5.868790626525879,1.5377410650253296,-7.4065316915512085,0.7222222222222222,0.05555555555555555,1.2850964872528066,1.25,3.7499998093086253,1.25,18,0.4666666666666667,0.47117076533506436,2.6014517545700073,1,0,0
train,train,6962,data/scene_datasets/mp3d/JmbYfDe2QKZ/JmbYfDe2QKZ.glb,7,25,21,AMBIGUOUS,0,1,0,0,1,1,-3.935675621032715,1.5377410650253296,-5.473416686058044,0.3333333333333333,0.05555555555555555,2.1398768954462977,1.25,2.1398768954462977,1.25,18,0.4666666666666667,0.47117076533506436,2.6014517545700073,0,0,0
train,train,6962,data/scene_datasets/mp3d/JmbYfDe2QKZ/JmbYfDe2QKZ.glb,7,25,22,AMBIGUOUS,0,1,0,0,0,1,-3.352814197540283,1.5377410650253296,-4.890555262565613,0.2222222222222222,0.05555555555555555,2.2735744168907996,1.25,3.4999998093086253,1.25,18,0.4666666666666667,0.47117076533506436,2.6014517545700073,1,0,0
train,train,6962,data/scene_datasets/mp3d/JmbYfDe2QKZ/JmbYfDe2QKZ.glb,7,25,23,AMBIGUOUS,0,1,0,0,1,1,-3.8240818977355957,1.5377410650253296,-5.361822962760925,0.2777777777777778,0.05555555555555555,1.0,1.25,1.0,1.25,18,0.4666666666666667,0.47117076533506436,2.6014517545700073,0,0,0
train,train,6962,data/scene_datasets/mp3d/JmbYfDe2QKZ/JmbYfDe2QKZ.glb,7,25,24,AMBIGUOUS,0,1,0,0,1,1,-1.0637106895446777,1.5377410650253296,-2.6014517545700073,0.1111111111111111,0.05555555555555555,0.7499999999999999,1.25,0.7499999999999999,1.25,18,0.4666666666666667,0.47117076533506436,2.6014517545700073,0,0,0
train,train,6962,data/scene_datasets/mp3d/JmbYfDe2QKZ/JmbYfDe2QKZ.glb,10,26,0,AMBIGUOUS,0,1,1,0,0,0,-5.72320556640625,-0.4620547592639923,-5.261150807142258,0.6666666666666666,0.047619047619047616,1.5206905976932983,1.934097070046219,1.891905582739332,2.7563540651739284,21,0.6666666666666666,1.8512322297715291,0.20704469084739685,1,0,0
train,train,6962,data/scene_datasets/mp3d/JmbYfDe2QKZ/JmbYfDe2QKZ.glb,10,26,12,KEEP,0,1,0,0,0,0,-7.9194746017456055,-0.4620547592639923,-7.457419842481613,1.0,0.047619047619047616,10.601488376606461,1.934097070046219,11.708137765871442,2.7563540651739284,21,0.6666666666666666,1.8512322297715291,0.20704469084739685,1,0,0
train,train,6962,data/scene_datasets/mp3d/JmbYfDe2QKZ/JmbYfDe2QKZ.glb,10,26,13,KEEP,0,1,0,0,0,0,-7.634714126586914,-0.4620547592639923,-7.172659367322922,0.9523809523809523,0.047619047619047616,8.233838620592905,1.934097070046219,9.924255814327404,2.7563540651739284,21,0.6666666666666666,1.8512322297715291,0.20704469084739685,1,0,0
train,train,6962,data/scene_datasets/mp3d/JmbYfDe2QKZ/JmbYfDe2QKZ.glb,10,26,14,KEEP,0,1,0,0,0,0,-6.113006591796875,-0.4620547592639923,-5.650951832532883,0.8095238095238095,0.047619047619047616,8.629892200937714,1.934097070046219,11.175228268784693,2.7563540651739284,21,0.6666666666666666,1.8512322297715291,0.20704469084739685,1,0,0
train,train,6962,data/scene_datasets/mp3d/JmbYfDe2QKZ/JmbYfDe2QKZ.glb,10,26,15,KEEP,0,1,0,0,0,0,-6.011366844177246,-0.4620547592639923,-5.549312084913254,0.7142857142857143,0.047619047619047616,7.302412858704748,1.934097070046219,11.17522848479411,2.7563540651739284,21,0.6666666666666666,1.8512322297715291,0.20704469084739685,1,0,0
train,train,6962,data/scene_datasets/mp3d/JmbYfDe2QKZ/JmbYfDe2QKZ.glb,10,26,16,INTERVENE,0,1,0,0,0,0,-3.393292188644409,-0.4620547592639923,-2.931237429380417,0.42857142857142855,0.047619047619047616,7.769805675590782,1.934097070046219,9.67522791512064,2.7563540651739284,21,0.6666666666666666,1.8512322297715291,0.20704469084739685,1,0,0
train,train,6962,data/scene_datasets/mp3d/JmbYfDe2QKZ/JmbYfDe2QKZ.glb,10,26,17,INTERVENE,0,1,0,0,0,0,-4.9197998046875,-0.4620547592639923,-4.457745045423508,0.5238095238095238,0.047619047619047616,5.265427594125577,1.934097070046219,7.1752247750229845,2.7563540651739284,21,0.6666666666666666,1.8512322297715291,0.20704469084739685,1,0,0
train,train,6962,data/scene_datasets/mp3d/JmbYfDe2QKZ/JmbYfDe2QKZ.glb,10,26,18,INTERVENE,0,1,0,0,0,0,-6.506195068359375,-0.4620547592639923,-6.044140309095383,0.8571428571428571,0.047619047619047616,7.172666793319706,1.934097070046219,7.925224775022985,2.7563540651739284,21,0.6666666666666666,1.8512322297715291,0.20704469084739685,1,0,1
train,train,6962,data/scene_datasets/mp3d/JmbYfDe2QKZ/JmbYfDe2QKZ.glb,10,26,19,INTERVENE,0,1,0,0,0,0,-6.105424404144287,-0.4620547592639923,-5.643369644880295,0.7619047619047619,0.047619047619047616,6.882622113511902,1.934097070046219,7.175224775022986,2.7563540651739284,21,0.6666666666666666,1.8512322297715291,0.20704469084739685,1,0,1
train,train,6962,data/scene_datasets/mp3d/JmbYfDe2QKZ/JmbYfDe2QKZ.glb,10,26,20,KEEP,0,1,0,0,0,0,-7.266133785247803,-0.4620547592639923,-6.80407902598381,0.9047619047619048,0.047619047619047616,7.308175021187186,1.934097070046219,7.4252247750229845,2.7563540651739284,21,0.6666666666666666,1.8512322297715291,0.20704469084739685,1,0,0
train,train,6962,data/scene_datasets/mp3d/JmbYfDe2QKZ/JmbYfDe2QKZ.glb,10,26,21,KEEP,0,1,0,0,0,0,-4.96500301361084,-0.4620547592639923,-4.5029482543468475,0.5714285714285714,0.047619047619047616,3.549815559912512,1.934097070046219,5.925223592848424,2.7563540651739284,21,0.6666666666666666,1.8512322297715291,0.20704469084739685,1,0,0
train,train,6962,data/scene_datasets/mp3d/JmbYfDe2QKZ/JmbYfDe2QKZ.glb,10,26,22,KEEP,0,1,0,0,0,0,-5.019852638244629,-0.4620547592639923,-4.557797878980637,0.6190476190476191,0.047619047619047616,2.9260591017149387,1.934097070046219,6.4252235928484245,2.7563540651739284,21,0.6666666666666666,1.8512322297715291,0.20704469084739685,1,0,0
train,train,6962,data/scene_datasets/mp3d/JmbYfDe2QKZ/JmbYfDe2QKZ.glb,10,26,23,AMBIGUOUS,0,1,0,0,0,0,-3.7159085273742676,-0.4620547592639923,-3.2538537681102753,0.47619047619047616,0.047619047619047616,1.5099316849950966,1.934097070046219,4.4625257917219585,2.7563540651739284,21,0.6666666666666666,1.8512322297715291,0.20704469084739685,1,0,0
train,train,6962,data/scene_datasets/mp3d/JmbYfDe2QKZ/JmbYfDe2QKZ.glb,10,26,24,KEEP,0,1,0,0,1,0,-2.9180102348327637,-0.4620547592639923,-2.4559554755687714,0.38095238095238093,0.047619047619047616,2.198082234421199,1.934097070046219,2.8447424922294844,2.7563540651739284,21,0.6666666666666666,1.8512322297715291,0.20704469084739685,0,0,0
train,train,6962,data/scene_datasets/mp3d/JmbYfDe2QKZ/JmbYfDe2QKZ.glb,10,26,25,KEEP,0,1,0,0,0,0,-2.4924352169036865,-0.4620547592639923,-2.030380457639694,0.19047619047619047,0.047619047619047616,2.947818697501716,1.934097070046219,4.175223766297728,2.7563540651739284,21,0.6666666666666666,1.8512322297715291,0.20704469084739685,1,0,0
train,train,6962,data/scene_datasets/mp3d/JmbYfDe2QKZ/JmbYfDe2QKZ.glb,10,26,27,KEEP,0,1,0,0,0,0,-2.753171682357788,-0.4620547592639923,-2.2911169230937958,0.3333333333333333,0.047619047619047616,1.4557120792949136,1.934097070046219,3.641905582739332,2.7563540651739284,21,0.6666666666666666,1.8512322297715291,0.20704469084739685,1,0,0
train,train,6962,data/scene_datasets/mp3d/JmbYfDe2QKZ/JmbYfDe2QKZ.glb,10,26,28,KEEP,0,1,0,0,0,0,-2.621377944946289,-0.4620547592639923,-2.1593231856822968,0.2857142857142857,0.047619047619047616,1.0094264504166217,1.934097070046219,2.658805243800389,2.7563540651739284,21,0.6666666666666666,1.8512322297715291,0.20704469084739685,1,0,0
train,train,6962,data/scene_datasets/mp3d/JmbYfDe2QKZ/JmbYfDe2QKZ.glb,10,26,29,AMBIGUOUS,0,1,0,0,1,0,-0.6690994501113892,-0.4620547592639923,-0.20704469084739685,0.09523809523809523,0.047619047619047616,2.0,1.934097070046219,2.0,2.7563540651739284,21,0.6666666666666666,1.8512322297715291,0.20704469084739685,0,0,0
train,train,6962,data/scene_datasets/mp3d/JmbYfDe2QKZ/JmbYfDe2QKZ.glb,10,26,30,AMBIGUOUS,0,1,0,0,1,0,-2.6130144596099854,-0.4620547592639923,-2.150959700345993,0.23809523809523808,0.047619047619047616,2.2499999999999996,1.934097070046219,2.2499999999999996,2.7563540651739284,21,0.6666666666666666,1.8512322297715291,0.20704469084739685,0,0,0
train,train,6962,data/scene_datasets/mp3d/JmbYfDe2QKZ/JmbYfDe2QKZ.glb,10,26,31,KEEP,0,1,0,0,1,0,-1.5821399688720703,-0.4620547592639923,-1.120085209608078,0.14285714285714285,0.047619047619047616,2.25,1.934097070046219,2.25,2.7563540651739284,21,0.6666666666666666,1.8512322297715291,0.20704469084739685,0,0,0
train,train,6962,data/scene_datasets/mp3d/JmbYfDe2QKZ/JmbYfDe2QKZ.glb,11,31,0,AMBIGUOUS,0,1,1,0,0,0,-4.061404228210449,-2.4924960136413574,-1.5689082145690918,0.47619047619047616,0.047619047619047616,0.0,3.130086139279128,0.0,4.598773332052728,21,0.7333333333333333,2.43557499741948,0.02317047119140625,1,0,0
train,train,6962,data/scene_datasets/mp3d/JmbYfDe2QKZ/JmbYfDe2QKZ.glb,11,31,13,KEEP,0,1,0,0,0,0,-7.645181179046631,-2.4924960136413574,-5.152685165405273,1.0,0.047619047619047616,10.85321661635131,3.130086139279128,12.933155893135275,4.598773332052728,21,0.7333333333333333,2.43557499741948,0.02317047119140625,1,0,0
train,train,6962,data/scene_datasets/mp3d/JmbYfDe2QKZ/JmbYfDe2QKZ.glb,11,31,14,KEEP,0,1,0,0,0,0,-7.423722267150879,-2.4924960136413574,-4.9312262535095215,0.9523809523809523,0.047619047619047616,8.346641022143682,3.130086139279128,11.149273941591238,4.598773332052728,21,0.7333333333333333,2.43557499741948,0.02317047119140625,1,0,0
train,train,6962,data/scene_datasets/mp3d/JmbYfDe2QKZ/JmbYfDe2QKZ.glb,11,31,15,KEEP,0,1,0,0,0,0,-5.110882759094238,-2.4924960136413574,-2.618386745452881,0.6190476190476191,0.047619047619047616,8.858332507982718,3.130086139279128,12.400246396048527,4.598773332052728,21,0.7333333333333333,2.43557499741948,0.02317047119140625,1,0,0
train,train,6962,data/scene_datasets/mp3d/JmbYfDe2QKZ/JmbYfDe2QKZ.glb,11,31,16,KEEP,0,1,0,0,0,0,-6.316371917724609,-2.4924960136413574,-3.823875904083252,0.8095238095238095,0.047619047619047616,7.211634938420706,3.130086139279128,12.400246612057943,4.598773332052728,21,0.7333333333333333,2.43557499741948,0.02317047119140625,1,0,0
train,train,6962,data/scene_datasets/mp3d/JmbYfDe2QKZ/JmbYfDe2QKZ.glb,11,31,17,INTERVENE,0,1,0,0,0,0,-3.297438144683838,-2.4924960136413574,-0.8049421310424805,0.2857142857142857,0.047619047619047616,8.602375569964709,3.130086139279128,10.900246042384474,4.598773332052728,21,0.7333333333333333,2.43557499741948,0.02317047119140625,1,0,1
train,train,6962,data/scene_datasets/mp3d/JmbYfDe2QKZ/JmbYfDe2QKZ.glb,11,31,18,KEEP,0,1,0,0,0,0,-4.821162700653076,-2.4924960136413574,-2.3286666870117188,0.5714285714285714,0.047619047619047616,5.944721359602682,3.130086139279128,8.400242902286818,4.598773332052728,21,0.7333333333333333,2.43557499741948,0.02317047119140625,1,0,0
train,train,6962,data/scene_datasets/mp3d/JmbYfDe2QKZ/JmbYfDe2QKZ.glb,11,31,19,INTERVENE,0,1,0,0,0,0,-6.675599575042725,-2.4924960136413574,-4.183103561401367,0.8571428571428571,0.047619047619047616,7.953321896799865,3.130086139279128,9.15024290228682,4.598773332052728,21,0.7333333333333333,2.43557499741948,0.02317047119140625,1,0,0
train,train,6962,data/scene_datasets/mp3d/JmbYfDe2QKZ/JmbYfDe2QKZ.glb,11,31,20,KEEP,0,1,0,0,0,0,-6.297486782073975,-2.4924960136413574,-3.804990768432617,0.7619047619047619,0.047619047619047616,7.495006610014466,3.130086139279128,8.40024290228682,4.598773332052728,21,0.7333333333333333,2.43557499741948,0.02317047119140625,1,0,0
train,train,6962,data/scene_datasets/mp3d/JmbYfDe2QKZ/JmbYfDe2QKZ.glb,11,31,21,AMBIGUOUS,0,1,0,0,0,0,-7.083970546722412,-2.4924960136413574,-4.591474533081055,0.9047619047619048,0.047619047619047616,7.821803486179766,3.130086139279128,8.650242902286818,4.598773332052728,21,0.7333333333333333,2.43557499741948,0.02317047119140625,1,0,0
train,train,6962,data/scene_datasets/mp3d/JmbYfDe2QKZ/JmbYfDe2QKZ.glb,11,31,22,AMBIGUOUS,0,1,0,0,0,0,-5.452866554260254,-2.4924960136413574,-2.9603705406188965,0.7142857142857143,0.047619047619047616,4.002295761000676,3.130086139279128,7.150241720112257,4.598773332052728,21,0.7333333333333333,2.43557499741948,0.02317047119140625,1,0,0
train,train,6962,data/scene_datasets/mp3d/JmbYfDe2QKZ/JmbYfDe2QKZ.glb,11,31,23,AMBIGUOUS,0,1,0,0,0,0,-5.378220558166504,-2.4924960136413574,-2.8857245445251465,0.6666666666666666,0.047619047619047616,3.498332250776377,3.130086139279128,7.650241720112258,4.598773332052728,21,0.7333333333333333,2.43557499741948,0.02317047119140625,1,0,0
train,train,6962,data/scene_datasets/mp3d/JmbYfDe2QKZ/JmbYfDe2QKZ.glb,11,31,24,KEEP,0,1,0,0,0,0,-4.315626621246338,-2.4924960136413574,-1.8231306076049805,0.5238095238095238,0.047619047619047616,2.8148947259081583,3.130086139279128,5.687543918985792,4.598773332052728,21,0.7333333333333333,2.43557499741948,0.02317047119140625,1,0,0
train,train,6962,data/scene_datasets/mp3d/JmbYfDe2QKZ/JmbYfDe2QKZ.glb,11,31,25,AMBIGUOUS,0,1,0,0,0,0,-3.6238508224487305,-2.4924960136413574,-1.131354808807373,0.38095238095238093,0.047619047619047616,3.8625510758754644,3.130086139279128,4.0697606194933185,4.598773332052728,21,0.7333333333333333,2.43557499741948,0.02317047119140625,1,0,0
train,train,6962,data/scene_datasets/mp3d/JmbYfDe2QKZ/JmbYfDe2QKZ.glb,11,31,26,KEEP,0,1,0,0,0,0,-2.8845767974853516,-2.4924960136413574,-0.39208078384399414,0.23809523809523808,0.047619047619047616,2.981002867838187,3.130086139279128,5.400241893561562,4.598773332052728,21,0.7333333333333333,2.43557499741948,0.02317047119140625,1,0,0
train,train,6962,data/scene_datasets/mp3d/JmbYfDe2QKZ/JmbYfDe2QKZ.glb,11,31,27,KEEP,0,1,0,0,0,0,-2.5156664848327637,-2.4924960136413574,-0.02317047119140625,0.09523809523809523,0.047619047619047616,2.4196134209042137,3.130086139279128,2.5049846141241883,4.598773332052728,21,0.7333333333333333,2.43557499741948,0.02317047119140625,1,0,0
train,train,6962,data/scene_datasets/mp3d/JmbYfDe2QKZ/JmbYfDe2QKZ.glb,11,31,28,AMBIGUOUS,0,1,0,0,0,0,-2.6282527446746826,-2.4924960136413574,-0.1357567310333252,0.14285714285714285,0.047619047619047616,2.5214379629936854,3.130086139279128,2.689968088252339,4.598773332052728,21,0.7333333333333333,2.43557499741948,0.02317047119140625,1,0,0
train,train,6962,data/scene_datasets/mp3d/JmbYfDe2QKZ/JmbYfDe2QKZ.glb,11,31,29,AMBIGUOUS,0,1,0,0,0,0,-2.6684045791625977,-2.4924960136413574,-0.17590856552124023,0.19047619047619047,0.047619047619047616,3.743876340921897,3.130086139279128,4.348773332052728,4.598773332052728,21,0.7333333333333333,2.43557499741948,0.02317047119140625,1,0,0
train,train,6962,data/scene_datasets/mp3d/JmbYfDe2QKZ/JmbYfDe2QKZ.glb,11,31,30,AMBIGUOUS,0,1,0,0,0,0,-3.52583909034729,-2.4924960136413574,-1.0333430767059326,0.3333333333333333,0.047619047619047616,3.7444643899000982,3.130086139279128,4.598773332052727,4.598773332052728,21,0.7333333333333333,2.43557499741948,0.02317047119140625,1,0,0
train,train,6962,data/scene_datasets/mp3d/JmbYfDe2QKZ/JmbYfDe2QKZ.glb,11,31,32,AMBIGUOUS,0,1,0,0,1,0,-3.9406702518463135,-2.4924960136413574,-1.448174238204956,0.42857142857142855,0.047619047619047616,0.8931182296089684,3.130086139279128,0.8931182296089684,4.598773332052728,21,0.7333333333333333,2.43557499741948,0.02317047119140625,0,0,0
train,train,6962,data/scene_datasets/mp3d/JmbYfDe2QKZ/JmbYfDe2QKZ.glb,13,34,0,KEEP,0,1,1,0,0,1,-5.62467098236084,0.6348206996917725,-6.259491682052612,1.0,0.045454545454545456,8.658825528346087,1.5,10.470594858125379,1.5,22,0.8666666666666667,0.8391186259681125,3.6774373054504395,1,0,0
train,train,6962,data/scene_datasets/mp3d/JmbYfDe2QKZ/JmbYfDe2QKZ.glb,13,34,15,KEEP,0,1,0,0,0,1,-4.214466094970703,0.6348206996917725,-4.849286794662476,0.4090909090909091,0.045454545454545456,3.997010036650407,1.5,5.419911790343747,1.5,22,0.8666666666666667,0.8391186259681125,3.6774373054504395,1,0,0
train,train,6962,data/scene_datasets/mp3d/JmbYfDe2QKZ/JmbYfDe2QKZ.glb,13,34,16,KEEP,0,1,0,0,0,1,-4.227925777435303,0.6348206996917725,-4.862746477127075,0.5,0.045454545454545456,3.4010266374768747,1.5,3.6360298387997085,1.5,22,0.8666666666666667,0.8391186259681125,3.6774373054504395,1,0,0
train,train,6962,data/scene_datasets/mp3d/JmbYfDe2QKZ/JmbYfDe2QKZ.glb,13,34,17,KEEP,0,1,0,0,0,1,-3.30731463432312,0.6348206996917725,-3.9421353340148926,0.13636363636363635,0.045454545454545456,2.981221056360965,1.5,4.887002293257,1.5,22,0.8666666666666667,0.8391186259681125,3.6774373054504395,1,0,0
train,train,6962,data/scene_datasets/mp3d/JmbYfDe2QKZ/JmbYfDe2QKZ.glb,13,34,18,KEEP,0,1,0,0,0,1,-3.871980905532837,0.6348206996917725,-4.506801605224609,0.2727272727272727,0.045454545454545456,4.177490600165274,1.5,4.887002509266415,1.5,22,0.8666666666666667,0.8391186259681125,3.6774373054504395,1,0,0
train,train,6962,data/scene_datasets/mp3d/JmbYfDe2QKZ/JmbYfDe2QKZ.glb,13,34,19,KEEP,0,1,0,0,0,1,-4.6548919677734375,0.6348206996917725,-5.28971266746521,0.6818181818181818,0.045454545454545456,2.724229629881878,1.5,4.387005079690601,1.5,22,0.8666666666666667,0.8391186259681125,3.6774373054504395,1,0,0
train,train,6962,data/scene_datasets/mp3d/JmbYfDe2QKZ/JmbYfDe2QKZ.glb,13,34,20,KEEP,0,1,0,0,0,1,-4.227863788604736,0.6348206996917725,-4.862684488296509,0.45454545454545453,0.045454545454545456,0.7089082111872299,1.5,5.137005079690602,1.5,22,0.8666666666666667,0.8391186259681125,3.6774373054504395,1,0,0
train,train,6962,data/scene_datasets/mp3d/JmbYfDe2QKZ/JmbYfDe2QKZ.glb,13,34,21,KEEP,0,1,0,0,1,1,-3.743081569671631,0.6348206996917725,-4.377902269363403,0.18181818181818182,0.045454545454545456,1.3313556516500373,1.5,4.4563457638415915,1.5,22,0.8666666666666667,0.8391186259681125,3.6774373054504395,0,0,0
train,train,6962,data/scene_datasets/mp3d/JmbYfDe2QKZ/JmbYfDe2QKZ.glb,13,34,22,KEEP,0,1,0,0,0,1,-4.104434013366699,0.6348206996917725,-4.739254713058472,0.36363636363636365,0.045454545454545456,1.5905583535613617,1.5,4.637005079690601,1.5,22,0.8666666666666667,0.8391186259681125,3.6774373054504395,1,0,0
train,train,6962,data/scene_datasets/mp3d/JmbYfDe2QKZ/JmbYfDe2QKZ.glb,13,34,23,KEEP,0,1,0,0,0,1,-4.308740615844727,0.6348206996917725,-4.943561315536499,0.5454545454545454,0.045454545454545456,4.686577733446247,1.5,6.137006261865164,1.5,22,0.8666666666666667,0.8391186259681125,3.6774373054504395,1,0,0
train,train,6962,data/scene_datasets/mp3d/JmbYfDe2QKZ/JmbYfDe2QKZ.glb,13,34,24,KEEP,0,1,0,0,0,1,-3.8604376316070557,0.6348206996917725,-4.495258331298828,0.22727272727272727,0.045454545454545456,5.160902387635997,1.5,6.637006261865165,1.5,22,0.8666666666666667,0.8391186259681125,3.6774373054504395,1,0,0
train,train,6962,data/scene_datasets/mp3d/JmbYfDe2QKZ/JmbYfDe2QKZ.glb,13,34,25,KEEP,0,1,0,0,0,1,-5.4039998054504395,0.6348206996917725,-6.038820505142212,0.9090909090909091,0.045454545454545456,6.3548073411241885,1.5,8.17430811384009,1.5,22,0.8666666666666667,0.8391186259681125,3.6774373054504395,1,0,0
train,train,6962,data/scene_datasets/mp3d/JmbYfDe2QKZ/JmbYfDe2QKZ.glb,13,34,26,KEEP,0,1,0,0,0,1,-4.436985492706299,0.6348206996917725,-5.071806192398071,0.6363636363636364,0.045454545454545456,6.432785665340999,1.5,11.056524432964867,1.5,22,0.8666666666666667,0.8391186259681125,3.6774373054504395,1,0,0
train,train,6962,data/scene_datasets/mp3d/JmbYfDe2QKZ/JmbYfDe2QKZ.glb,13,34,27,KEEP,0,1,0,0,0,1,-4.69295072555542,0.6348206996917725,-5.327771425247192,0.8181818181818182,0.045454545454545456,5.720657776978923,1.5,7.701237813584345,1.5,22,0.8666666666666667,0.8391186259681125,3.6774373054504395,1,0,0
train,train,6962,data/scene_datasets/mp3d/JmbYfDe2QKZ/JmbYfDe2QKZ.glb,13,34,28,KEEP,0,1,0,0,0,1,-4.34407901763916,0.6348206996917725,-4.978899717330933,0.5909090909090909,0.045454545454545456,6.451571889878798,1.5,11.853687523474715,1.5,22,0.8666666666666667,0.8391186259681125,3.6774373054504395,1,0,0
train,train,6962,data/scene_datasets/mp3d/JmbYfDe2QKZ/JmbYfDe2QKZ.glb,13,34,29,KEEP,0,1,0,0,0,1,-4.778805255889893,0.6348206996917725,-5.413625955581665,0.8636363636363636,0.045454545454545456,6.895935914152733,1.5,10.78062676987304,1.5,22,0.8666666666666667,0.8391186259681125,3.6774373054504395,1,0,0
train,train,6962,data/scene_datasets/mp3d/JmbYfDe2QKZ/JmbYfDe2QKZ.glb,13,34,30,KEEP,0,1,0,0,0,1,-3.9320485591888428,0.6348206996917725,-4.566869258880615,0.3181818181818182,0.045454545454545456,7.0402433497967145,1.5,11.502160778369353,1.5,22,0.8666666666666667,0.8391186259681125,3.6774373054504395,1,0,0
train,train,6962,data/scene_datasets/mp3d/JmbYfDe2QKZ/JmbYfDe2QKZ.glb,13,34,31,KEEP,0,1,0,0,0,1,-4.660407066345215,0.6348206996917725,-5.295227766036987,0.7272727272727273,0.045454545454545456,5.916381553151178,1.5,11.752160778369353,1.5,22,0.8666666666666667,0.8391186259681125,3.6774373054504395,1,0,0
train,train,6962,data/scene_datasets/mp3d/JmbYfDe2QKZ/JmbYfDe2QKZ.glb,13,34,32,KEEP,0,1,0,0,0,1,-5.49436616897583,0.6348206996917725,-6.1291868686676025,0.9545454545454546,0.045454545454545456,8.873231128321779,1.5,11.363713087734347,1.5,22,0.8666666666666667,0.8391186259681125,3.6774373054504395,1,0,0
train,train,6962,data/scene_datasets/mp3d/JmbYfDe2QKZ/JmbYfDe2QKZ.glb,13,34,33,KEEP,0,1,0,0,0,1,-4.665006160736084,0.6348206996917725,-5.2998268604278564,0.7727272727272727,0.045454545454545456,6.273764000896738,1.5,9.62967749228765,1.5,22,0.8666666666666667,0.8391186259681125,3.6774373054504395,1,0,0
train,train,6962,data/scene_datasets/mp3d/JmbYfDe2QKZ/JmbYfDe2QKZ.glb,13,34,35,KEEP,0,1,0,0,1,1,-3.042616605758667,0.6348206996917725,-3.6774373054504395,0.09090909090909091,0.045454545454545456,2.0000000000000004,1.5,2.0000000000000004,1.5,22,0.8666666666666667,0.8391186259681125,3.6774373054504395,0,0,0
train,train,9747,data/scene_datasets/mp3d/JmbYfDe2QKZ/JmbYfDe2QKZ.glb,4,12,0,AMBIGUOUS,0,1,1,0,0,1,-3.881864547729492,1.9108335971832275,-5.79269814491272,0.4,0.1,0.0,1.5,0.0,1.5,10,0.26666666666666666,0.9557972798152445,0.8491259813308716,1,0,0
train,train,9747,data/scene_datasets/mp3d/JmbYfDe2QKZ/JmbYfDe2QKZ.glb,4,12,6,AMBIGUOUS,0,1,0,0,0,1,-7.205476760864258,1.9108335971832275,-9.116310358047485,0.7,0.1,3.160545811682581,1.5,6.500001127804492,1.5,10,0.26666666666666666,0.9557972798152445,0.8491259813308716,1,0,0
train,train,9747,data/scene_datasets/mp3d/JmbYfDe2QKZ/JmbYfDe2QKZ.glb,4,12,7,AMBIGUOUS,0,1,0,0,0,1,-7.186275482177734,1.9108335971832275,-9.097109079360962,0.6,0.1,4.890572640015791,1.5,6.051984364484542,1.5,10,0.26666666666666666,0.9557972798152445,0.8491259813308716,1,0,1
train,train,9747,data/scene_datasets/mp3d/JmbYfDe2QKZ/JmbYfDe2QKZ.glb,4,12,8,KEEP,0,1,0,0,0,1,-7.582667350769043,1.9108335971832275,-9.49350094795227,0.9,0.1,4.064608879036393,1.5,5.778089299743261,1.5,10,0.26666666666666666,0.9557972798152445,0.8491259813308716,1,0,0
train,train,9747,data/scene_datasets/mp3d/JmbYfDe2QKZ/JmbYfDe2QKZ.glb,4,12,9,KEEP,0,1,0,0,0,1,-7.66005802154541,1.9108335971832275,-9.570891618728638,1.0,0.1,5.189050429682067,1.5,5.250000904832968,1.5,10,0.26666666666666666,0.9557972798152445,0.8491259813308716,1,0,0
train,train,9747,data/scene_datasets/mp3d/JmbYfDe2QKZ/JmbYfDe2QKZ.glb,4,12,10,KEEP,0,1,0,0,0,1,-7.470893859863281,1.9108335971832275,-9.381727457046509,0.8,0.1,5.046307944387663,1.5,5.250000904832968,1.5,10,0.26666666666666666,0.9557972798152445,0.8491259813308716,1,0,0
train,train,9747,data/scene_datasets/mp3d/JmbYfDe2QKZ/JmbYfDe2QKZ.glb,4,12,11,KEEP,0,1,0,0,0,1,-6.596747398376465,1.9108335971832275,-8.507580995559692,0.5,0.1,5.040936476649933,1.5,5.500000904832968,1.5,10,0.26666666666666666,0.9557972798152445,0.8491259813308716,1,0,0
train,train,9747,data/scene_datasets/mp3d/JmbYfDe2QKZ/JmbYfDe2QKZ.glb,4,12,13,AMBIGUOUS,0,1,0,0,1,1,0.5242358446121216,1.9108335971832275,-1.386597752571106,0.3,0.1,1.7499999999999998,1.5,1.7499999999999998,1.5,10,0.26666666666666666,0.9557972798152445,0.8491259813308716,0,0,1
train,train,9747,data/scene_datasets/mp3d/JmbYfDe2QKZ/JmbYfDe2QKZ.glb,4,12,14,AMBIGUOUS,0,1,0,0,1,1,1.061707615852356,1.9108335971832275,-0.8491259813308716,0.2,0.1,1.0000000000000007,1.5,1.0000000000000007,1.5,10,0.26666666666666666,0.9557972798152445,0.8491259813308716,0,0,0
train,train,9747,data/scene_datasets/mp3d/JmbYfDe2QKZ/JmbYfDe2QKZ.glb,5,0,7,KEEP,0,1,0,1,0,0,-7.722041130065918,1.3214904069900513,-9.04353153705597,0.8181818181818182,0.09090909090909091,4.241317860683089,0.0,8.000001601447998,0.0,11,0.3333333333333333,1.1860934382403767,0.48873239755630493,1,0,0
train,train,9747,data/scene_datasets/mp3d/JmbYfDe2QKZ/JmbYfDe2QKZ.glb,5,0,8,KEEP,0,1,0,1,0,0,-7.568187713623047,1.3214904069900513,-8.889678120613098,0.7272727272727273,0.09090909090909091,6.160764459555134,0.0,7.55198483812805,0.0,11,0.3333333333333333,1.1860934382403767,0.48873239755630493,1,0,0
train,train,9747,data/scene_datasets/mp3d/JmbYfDe2QKZ/JmbYfDe2QKZ.glb,5,0,9,KEEP,0,1,0,1,0,0,-7.226885795593262,1.3214904069900513,-8.548376202583313,0.5454545454545454,0.09090909090909091,5.558695911620306,0.0,7.278089773386768,0.0,11,0.3333333333333333,1.1860934382403767,0.48873239755630493,1,0,0
train,train,9747,data/scene_datasets/mp3d/JmbYfDe2QKZ/JmbYfDe2QKZ.glb,5,0,10,KEEP,0,1,0,1,0,0,-7.818161487579346,1.3214904069900513,-9.139651894569397,1.0,0.09090909090909091,6.677260484670659,0.0,6.750001378476475,0.0,11,0.3333333333333333,1.1860934382403767,0.48873239755630493,1,0,0
train,train,9747,data/scene_datasets/mp3d/JmbYfDe2QKZ/JmbYfDe2QKZ.glb,5,0,11,KEEP,0,1,0,1,0,0,-7.732896327972412,1.3214904069900513,-9.054386734962463,0.9090909090909091,0.09090909090909091,6.545177464160352,0.0,6.750001378476475,0.0,11,0.3333333333333333,1.1860934382403767,0.48873239755630493,1,0,0
train,train,9747,data/scene_datasets/mp3d/JmbYfDe2QKZ/JmbYfDe2QKZ.glb,5,0,12,KEEP,0,1,0,1,0,0,-7.290441513061523,1.3214904069900513,-8.611931920051575,0.6363636363636364,0.09090909090909091,6.537572278425366,0.0,7.000001378476475,0.0,11,0.3333333333333333,1.1860934382403767,0.48873239755630493,1,0,0
train,train,9747,data/scene_datasets/mp3d/JmbYfDe2QKZ/JmbYfDe2QKZ.glb,5,0,13,KEEP,0,1,0,1,1,0,-1.8099815845489502,1.3214904069900513,-3.1314719915390015,0.36363636363636365,0.09090909090909091,1.8911845354784582,0.0,3.311710379621601,0.0,11,0.3333333333333333,1.1860934382403767,0.48873239755630493,0,0,0
train,train,9747,data/scene_datasets/mp3d/JmbYfDe2QKZ/JmbYfDe2QKZ.glb,5,0,14,AMBIGUOUS,0,1,0,1,0,0,-2.286773681640625,1.3214904069900513,-3.6082640886306763,0.45454545454545453,0.09090909090909091,0.6299448934345158,0.0,2.5000004736435084,0.0,11,0.3333333333333333,1.1860934382403767,0.48873239755630493,1,0,1
train,train,9747,data/scene_datasets/mp3d/JmbYfDe2QKZ/JmbYfDe2QKZ.glb,5,0,15,KEEP,0,1,0,1,1,0,0.8327580094337463,1.3214904069900513,-0.48873239755630493,0.18181818181818182,0.09090909090909091,1.115494800478225,0.0,1.115494800478225,0.0,11,0.3333333333333333,1.1860934382403767,0.48873239755630493,0,0,0
train,train,9747,data/scene_datasets/mp3d/JmbYfDe2QKZ/JmbYfDe2QKZ.glb,5,0,16,AMBIGUOUS,0,1,0,1,1,0,0.5971090793609619,1.3214904069900513,-0.7243813276290894,0.2727272727272727,0.09090909090909091,1.7499999999999998,0.0,1.7499999999999998,0.0,11,0.3333333333333333,1.1860934382403767,0.48873239755630493,0,0,0
train,train,875,data/scene_datasets/mp3d/r1Q1Z4BcV1o/r1Q1Z4BcV1o.glb,6,24,0,AMBIGUOUS,0,1,1,0,0,1,-0.02109397202730179,1.6587944030761719,-1.6798883751034737,0.19047619047619047,0.047619047619047616,0.0,2.25,0.0,2.25,21,0.4,1.3351187460971479,0.2525362968444824,1,0,0
train,train,875,data/scene_datasets/mp3d/r1Q1Z4BcV1o/r1Q1Z4BcV1o.glb,6,24,8,AMBIGUOUS,0,1,0,0,0,1,-5.581211566925049,1.6587944030761719,-7.240005970001221,0.42857142857142855,0.047619047619047616,11.972963939005178,2.25,12.999998288426063,2.25,21,0.4,1.3351187460971479,0.2525362968444824,1,0,0
train,train,875,data/scene_datasets/mp3d/r1Q1Z4BcV1o/r1Q1Z4BcV1o.glb,6,24,9,AMBIGUOUS,0,1,0,0,0,1,-6.334949493408203,1.6587944030761719,-7.993743896484375,0.5238095238095238,0.047619047619047616,11.765819055644942,2.25,12.749998288426063,2.25,21,0.4,1.3351187460971479,0.2525362968444824,1,0,0
train,train,875,data/scene_datasets/mp3d/r1Q1Z4BcV1o/r1Q1Z4BcV1o.glb,6,24,10,KEEP,0,1,0,0,0,1,-7.202666759490967,1.6587944030761719,-8.861461162567139,0.6190476190476191,0.047619047619047616,10.692525800998226,2.25,11.749998288426063,2.25,21,0.4,1.3351187460971479,0.2525362968444824,1,0,0
train,train,875,data/scene_datasets/mp3d/r1Q1Z4BcV1o/r1Q1Z4BcV1o.glb,6,24,11,AMBIGUOUS,0,1,0,0,0,1,-5.285984039306641,1.6587944030761719,-6.9447784423828125,0.38095238095238093,0.047619047619047616,7.668791035032216,2.25,12.999998288426063,2.25,21,0.4,1.3351187460971479,0.2525362968444824,1,0,0
train,train,875,data/scene_datasets/mp3d/r1Q1Z4BcV1o/r1Q1Z4BcV1o.glb,6,24,12,KEEP,0,1,0,0,0,1,-7.128802299499512,1.6587944030761719,-8.787596702575684,0.5714285714285714,0.047619047619047616,9.46640681252082,2.25,10.499996759105784,2.25,21,0.4,1.3351187460971479,0.2525362968444824,1,0,0
train,train,875,data/scene_datasets/mp3d/r1Q1Z4BcV1o/r1Q1Z4BcV1o.glb,6,24,13,AMBIGUOUS,0,1,0,0,0,1,-7.412219524383545,1.6587944030761719,-9.071013927459717,0.8095238095238095,0.047619047619047616,9.199336453043896,2.25,10.249996759105784,2.25,21,0.4,1.3351187460971479,0.2525362968444824,1,0,0
train,train,875,data/scene_datasets/mp3d/r1Q1Z4BcV1o/r1Q1Z4BcV1o.glb,6,24,14,AMBIGUOUS,0,1,0,0,0,1,-7.290312767028809,1.6587944030761719,-8.94910717010498,0.6666666666666666,0.047619047619047616,8.776517028933467,2.25,9.999996759105784,2.25,21,0.4,1.3351187460971479,0.2525362968444824,1,0,0
train,train,875,data/scene_datasets/mp3d/r1Q1Z4BcV1o/r1Q1Z4BcV1o.glb,6,24,15,AMBIGUOUS,0,1,0,0,0,1,-7.441127777099609,1.6587944030761719,-9.099922180175781,0.8571428571428571,0.047619047619047616,6.306843509257521,2.25,8.249996569445681,2.25,21,0.4,1.3351187460971479,0.2525362968444824,1,0,0
train,train,875,data/scene_datasets/mp3d/r1Q1Z4BcV1o/r1Q1Z4BcV1o.glb,6,24,16,AMBIGUOUS,0,1,0,0,0,1,-7.3351945877075195,1.6587944030761719,-8.993988990783691,0.7619047619047619,0.047619047619047616,6.499432520955446,2.25,7.41858088819031,2.25,21,0.4,1.3351187460971479,0.2525362968444824,1,0,0
train,train,875,data/scene_datasets/mp3d/r1Q1Z4BcV1o/r1Q1Z4BcV1o.glb,6,24,17,AMBIGUOUS,0,1,0,0,0,1,-7.56656551361084,1.6587944030761719,-9.225359916687012,0.9523809523809523,0.047619047619047616,7.242980975140795,2.25,7.999996569445681,2.25,21,0.4,1.3351187460971479,0.2525362968444824,1,0,0
train,train,875,data/scene_datasets/mp3d/r1Q1Z4BcV1o/r1Q1Z4BcV1o.glb,6,24,18,KEEP,0,1,0,0,0,1,-7.642180442810059,1.6587944030761719,-9.30097484588623,1.0,0.047619047619047616,8.327293216971594,2.25,8.999996569445681,2.25,21,0.4,1.3351187460971479,0.2525362968444824,1,0,0
train,train,875,data/scene_datasets/mp3d/r1Q1Z4BcV1o/r1Q1Z4BcV1o.glb,6,24,19,AMBIGUOUS,0,1,0,0,0,1,-6.070349216461182,1.6587944030761719,-7.7291436195373535,0.47619047619047616,0.047619047619047616,4.557338189899934,2.25,4.598222157608325,2.25,21,0.4,1.3351187460971479,0.2525362968444824,1,0,0
train,train,875,data/scene_datasets/mp3d/r1Q1Z4BcV1o/r1Q1Z4BcV1o.glb,6,24,20,AMBIGUOUS,0,1,0,0,0,1,-7.3101677894592285,1.6587944030761719,-8.9689621925354,0.7142857142857143,0.047619047619047616,6.780610467213864,2.25,7.2499946059790386,2.25,21,0.4,1.3351187460971479,0.2525362968444824,1,0,0
train,train,875,data/scene_datasets/mp3d/r1Q1Z4BcV1o/r1Q1Z4BcV1o.glb,6,24,21,AMBIGUOUS,0,1,0,0,0,1,-7.512788772583008,1.6587944030761719,-9.17158317565918,0.9047619047619048,0.047619047619047616,7.49314835908654,2.25,7.749994605979038,2.25,21,0.4,1.3351187460971479,0.2525362968444824,1,0,0
train,train,875,data/scene_datasets/mp3d/r1Q1Z4BcV1o/r1Q1Z4BcV1o.glb,6,24,22,AMBIGUOUS,0,1,0,0,0,1,-3.6018900871276855,1.6587944030761719,-5.260684490203857,0.3333333333333333,0.047619047619047616,2.949759461153277,2.25,3.1652748351511057,2.25,21,0.4,1.3351187460971479,0.2525362968444824,1,0,0
train,train,875,data/scene_datasets/mp3d/r1Q1Z4BcV1o/r1Q1Z4BcV1o.glb,6,24,23,AMBIGUOUS,0,1,0,0,0,1,-2.724290370941162,1.6587944030761719,-4.383084774017334,0.2857142857142857,0.047619047619047616,2.6012372472468366,2.25,3.249994180369162,2.25,21,0.4,1.3351187460971479,0.2525362968444824,1,0,0
train,train,875,data/scene_datasets/mp3d/r1Q1Z4BcV1o/r1Q1Z4BcV1o.glb,6,24,25,AMBIGUOUS,0,1,0,0,1,1,1.4062581062316895,1.6587944030761719,-0.2525362968444824,0.09523809523809523,0.047619047619047616,2.2499999999999996,2.25,2.2499999999999996,2.25,21,0.4,1.3351187460971479,0.2525362968444824,0,0,0
train,train,875,data/scene_datasets/mp3d/r1Q1Z4BcV1o/r1Q1Z4BcV1o.glb,6,24,26,AMBIGUOUS,0,1,0,0,1,1,-2.6794111728668213,1.6587944030761719,-4.338205575942993,0.23809523809523808,0.047619047619047616,1.6111805189913713,2.25,1.6111805189913713,2.25,21,0.4,1.3351187460971479,0.2525362968444824,0,0,0
train,train,875,data/scene_datasets/mp3d/r1Q1Z4BcV1o/r1Q1Z4BcV1o.glb,6,24,27,INTERVENE,0,1,0,0,1,1,1.2331408262252808,1.6587944030761719,-0.4256535768508911,0.14285714285714285,0.047619047619047616,2.2499999999999996,2.25,2.2499999999999996,2.25,21,0.4,1.3351187460971479,0.2525362968444824,0,0,0
train,train,875,data/scene_datasets/mp3d/r1Q1Z4BcV1o/r1Q1Z4BcV1o.glb,7,0,9,KEEP,0,1,0,1,0,0,-7.099194526672363,1.170836329460144,-8.270030856132507,0.4782608695652174,0.043478260869565216,13.536632174654594,0.0,15.250000505249236,0.0,23,0.4666666666666667,1.3646911193542164,0.8663674294948578,1,0,0
train,train,875,data/scene_datasets/mp3d/r1Q1Z4BcV1o/r1Q1Z4BcV1o.glb,7,0,10,KEEP,0,1,0,1,0,0,-7.614010334014893,1.170836329460144,-8.784846663475037,0.5652173913043478,0.043478260869565216,13.402406584643995,0.0,15.000000505249236,0.0,23,0.4666666666666667,1.3646911193542164,0.8663674294948578,1,0,0
train,train,875,data/scene_datasets/mp3d/r1Q1Z4BcV1o/r1Q1Z4BcV1o.glb,7,0,11,KEEP,0,1,0,1,0,0,-7.971263885498047,1.170836329460144,-9.142100214958191,0.9130434782608695,0.043478260869565216,12.38010899891114,0.0,14.000000505249236,0.0,23,0.4666666666666667,1.3646911193542164,0.8663674294948578,1,0,0
train,train,875,data/scene_datasets/mp3d/r1Q1Z4BcV1o/r1Q1Z4BcV1o.glb,7,0,12,KEEP,0,1,0,1,0,0,-6.696444988250732,1.170836329460144,-7.8672813177108765,0.43478260869565216,0.043478260869565216,9.461403806557632,0.0,15.250000505249236,0.0,23,0.4666666666666667,1.3646911193542164,0.8663674294948578,1,0,0
train,train,875,data/scene_datasets/mp3d/r1Q1Z4BcV1o/r1Q1Z4BcV1o.glb,7,0,13,KEEP,0,1,0,1,0,0,-7.864699840545654,1.170836329460144,-9.035536170005798,0.6956521739130435,0.043478260869565216,11.016593912192159,0.0,12.749998975928957,0.0,23,0.4666666666666667,1.3646911193542164,0.8663674294948578,1,0,0
train,train,875,data/scene_datasets/mp3d/r1Q1Z4BcV1o/r1Q1Z4BcV1o.glb,7,0,14,KEEP,0,1,0,1,0,0,-7.981740474700928,1.170836329460144,-9.152576804161072,0.9565217391304348,0.043478260869565216,10.913950186496807,0.0,12.499998975928957,0.0,23,0.4666666666666667,1.3646911193542164,0.8663674294948578,1,0,0
train,train,875,data/scene_datasets/mp3d/r1Q1Z4BcV1o/r1Q1Z4BcV1o.glb,7,0,15,KEEP,0,1,0,1,0,0,-7.941703796386719,1.170836329460144,-9.112540125846863,0.8695652173913043,0.043478260869565216,10.549706719276024,0.0,12.249998975928957,0.0,23,0.4666666666666667,1.3646911193542164,0.8663674294948578,1,0,0
train,train,875,data/scene_datasets/mp3d/r1Q1Z4BcV1o/r1Q1Z4BcV1o.glb,7,0,16,KEEP,0,1,0,1,0,0,-7.93463134765625,1.170836329460144,-9.105467677116394,0.8260869565217391,0.043478260869565216,7.916428988414288,0.0,10.499998786268854,0.0,23,0.4666666666666667,1.3646911193542164,0.8663674294948578,1,0,0
train,train,875,data/scene_datasets/mp3d/r1Q1Z4BcV1o/r1Q1Z4BcV1o.glb,7,0,17,AMBIGUOUS,0,1,0,1,0,0,-7.8795552253723145,1.170836329460144,-9.050391554832458,0.7391304347826086,0.043478260869565216,8.283791537504033,0.0,9.668583105013482,0.0,23,0.4666666666666667,1.3646911193542164,0.8663674294948578,1,0,0
train,train,875,data/scene_datasets/mp3d/r1Q1Z4BcV1o/r1Q1Z4BcV1o.glb,7,0,18,AMBIGUOUS,0,1,0,1,0,0,-7.880569934844971,1.170836329460144,-9.051406264305115,0.782608695652174,0.043478260869565216,8.98416924781923,0.0,10.249998786268854,0.0,23,0.4666666666666667,1.3646911193542164,0.8663674294948578,1,0,0
train,train,875,data/scene_datasets/mp3d/r1Q1Z4BcV1o/r1Q1Z4BcV1o.glb,7,0,19,KEEP,0,1,0,1,0,0,-7.848372936248779,1.170836329460144,-9.019209265708923,0.6521739130434783,0.043478260869565216,10.031891374631826,0.0,11.249998786268854,0.0,23,0.4666666666666667,1.3646911193542164,0.8663674294948578,1,0,0
train,train,875,data/scene_datasets/mp3d/r1Q1Z4BcV1o/r1Q1Z4BcV1o.glb,7,0,20,KEEP,0,1,0,1,0,0,-7.1568732261657715,1.170836329460144,-8.327709555625916,0.5217391304347826,0.043478260869565216,6.694791985649733,0.0,6.8482243744314975,0.0,23,0.4666666666666667,1.3646911193542164,0.8663674294948578,1,0,0
train,train,875,data/scene_datasets/mp3d/r1Q1Z4BcV1o/r1Q1Z4BcV1o.glb,7,0,21,AMBIGUOUS,0,1,0,1,0,0,-7.735590934753418,1.170836329460144,-8.906427264213562,0.6086956521739131,0.043478260869565216,8.638337585650625,0.0,9.499996822802212,0.0,23,0.4666666666666667,1.3646911193542164,0.8663674294948578,1,0,0
train,train,875,data/scene_datasets/mp3d/r1Q1Z4BcV1o/r1Q1Z4BcV1o.glb,7,0,22,KEEP,0,1,0,1,0,0,-8.002254486083984,1.170836329460144,-9.173090815544128,1.0,0.043478260869565216,9.397302204274432,0.0,9.99999682280221,0.0,23,0.4666666666666667,1.3646911193542164,0.8663674294948578,1,0,0
train,train,875,data/scene_datasets/mp3d/r1Q1Z4BcV1o/r1Q1Z4BcV1o.glb,7,0,23,KEEP,0,1,0,1,0,0,-4.911977291107178,1.170836329460144,-6.082813620567322,0.391304347826087,0.043478260869565216,5.14467094627597,0.0,5.415277051974279,0.0,23,0.4666666666666667,1.3646911193542164,0.8663674294948578,1,0,0
train,train,875,data/scene_datasets/mp3d/r1Q1Z4BcV1o/r1Q1Z4BcV1o.glb,7,0,24,AMBIGUOUS,0,1,0,1,0,0,-3.482588052749634,1.170836329460144,-4.653424382209778,0.34782608695652173,0.043478260869565216,4.840391968744426,0.0,5.499996397192335,0.0,23,0.4666666666666667,1.3646911193542164,0.8663674294948578,1,0,0
train,train,875,data/scene_datasets/mp3d/r1Q1Z4BcV1o/r1Q1Z4BcV1o.glb,7,0,25,KEEP,0,1,0,1,0,0,-2.2245023250579834,1.170836329460144,-3.3953386545181274,0.21739130434782608,0.043478260869565216,1.3905794119584627,0.0,4.500002216823172,0.0,23,0.4666666666666667,1.3646911193542164,0.8663674294948578,1,0,0
train,train,875,data/scene_datasets/mp3d/r1Q1Z4BcV1o/r1Q1Z4BcV1o.glb,7,0,26,KEEP,0,1,0,1,0,0,-2.7397239208221436,1.170836329460144,-3.9105602502822876,0.30434782608695654,0.043478260869565216,3.5870328826375566,0.0,3.861182735814544,0.0,23,0.4666666666666667,1.3646911193542164,0.8663674294948578,1,0,0
train,train,875,data/scene_datasets/mp3d/r1Q1Z4BcV1o/r1Q1Z4BcV1o.glb,7,0,27,AMBIGUOUS,0,1,0,1,0,0,-2.3629674911499023,1.170836329460144,-3.5338038206100464,0.2608695652173913,0.043478260869565216,2.24999880769945,0.0,4.500002216823172,0.0,23,0.4666666666666667,1.3646911193542164,0.8663674294948578,1,0,0
train,train,875,data/scene_datasets/mp3d/r1Q1Z4BcV1o/r1Q1Z4BcV1o.glb,7,0,28,KEEP,0,1,0,1,1,0,-1.1060060262680054,1.170836329460144,-2.2768423557281494,0.17391304347826086,0.043478260869565216,2.250000000000001,0.0,2.250000000000001,0.0,23,0.4666666666666667,1.3646911193542164,0.8663674294948578,0,0,0
train,train,875,data/scene_datasets/mp3d/r1Q1Z4BcV1o/r1Q1Z4BcV1o.glb,7,0,29,AMBIGUOUS,0,1,0,1,1,0,0.2505732774734497,1.170836329460144,-0.9202630519866943,0.13043478260869565,0.043478260869565216,2.2499999999999996,0.0,2.2499999999999996,0.0,23,0.4666666666666667,1.3646911193542164,0.8663674294948578,0,0,0
train,train,875,data/scene_datasets/mp3d/r1Q1Z4BcV1o/r1Q1Z4BcV1o.glb,7,0,30,KEEP,0,1,0,1,1,0,0.30446889996528625,1.170836329460144,-0.8663674294948578,0.08695652173913043,0.043478260869565216,2.5,0.0,2.5,0.0,23,0.4666666666666667,1.3646911193542164,0.8663674294948578,0,0,0
val_unseen,val_unseen,1584,data/scene_datasets/mp3d/pLe4wQe7qrG/pLe4wQe7qrG.glb,1,8,0,AMBIGUOUS,0,1,1,0,0,1,-7.4160051345825195,0.9141984581947327,-8.330203592777252,1.0,0.14285714285714285,0.0,3.0000000000000004,0.0,3.0000000000000004,7,0.06666666666666667,0.9067746241123998,1.035506971180439,1,0,0
val_unseen,val_unseen,1584,data/scene_datasets/mp3d/pLe4wQe7qrG/pLe4wQe7qrG.glb,1,8,3,AMBIGUOUS,0,1,0,0,0,1,-3.6766269207000732,0.9141984581947327,-4.590825378894806,0.8571428571428571,0.14285714285714285,0.7136967910955258,3.0000000000000004,2.499999004013613,3.0000000000000004,7,0.06666666666666667,0.9067746241123998,1.035506971180439,1,0,0
val_unseen,val_unseen,1584,data/scene_datasets/mp3d/pLe4wQe7qrG/pLe4wQe7qrG.glb,1,8,4,KEEP,0,1,0,0,0,1,-2.948387384414673,0.9141984581947327,-3.8625858426094055,0.7142857142857143,0.14285714285714285,2.7490644177051435,3.0000000000000004,2.7499990040136133,3.0000000000000004,7,0.06666666666666667,0.9067746241123998,1.035506971180439,1,0,0
val_unseen,val_unseen,1584,data/scene_datasets/mp3d/pLe4wQe7qrG/pLe4wQe7qrG.glb,1,8,5,AMBIGUOUS,0,1,0,0,0,1,-1.9369248151779175,0.9141984581947327,-2.85112327337265,0.42857142857142855,0.14285714285714285,3.4052945650860695,3.0000000000000004,3.499999004013613,3.0000000000000004,7,0.06666666666666667,0.9067746241123998,1.035506971180439,1,0,0
val_unseen,val_unseen,1584,data/scene_datasets/mp3d/pLe4wQe7qrG/pLe4wQe7qrG.glb,1,8,6,KEEP,0,1,0,0,1,1,-0.12130851298570633,0.9141984581947327,-1.035506971180439,0.2857142857142857,0.14285714285714285,1.25,3.0000000000000004,1.25,3.0000000000000004,7,0.06666666666666667,0.9067746241123998,1.035506971180439,0,0,0
val_unseen,val_unseen,1584,data/scene_datasets/mp3d/pLe4wQe7qrG/pLe4wQe7qrG.glb,1,8,7,KEEP,0,1,0,0,1,1,-2.6232168674468994,0.9141984581947327,-3.537415325641632,0.5714285714285714,0.14285714285714285,0.75,3.0000000000000004,0.75,3.0000000000000004,7,0.06666666666666667,0.9067746241123998,1.035506971180439,0,0,0
val_unseen,val_unseen,1584,data/scene_datasets/mp3d/pLe4wQe7qrG/pLe4wQe7qrG.glb,2,9,0,INTERVENE,0,1,1,0,0,1,-0.6291913390159607,0.5221884846687317,-1.1513798236846924,0.4444444444444444,0.1111111111111111,0.0,1.5000000000000002,0.0,1.5000000000000002,9,0.13333333333333333,1.3669202268263758,0.6152083277702332,1,0,0
val_unseen,val_unseen,1584,data/scene_datasets/mp3d/pLe4wQe7qrG/pLe4wQe7qrG.glb,2,9,4,KEEP,0,1,0,0,0,1,-4.888906955718994,0.5221884846687317,-5.411095440387726,0.8888888888888888,0.1111111111111111,2.5507876440473423,1.5000000000000002,4.419799748057929,1.5000000000000002,9,0.13333333333333333,1.3669202268263758,0.6152083277702332,1,0,0
val_unseen,val_unseen,1584,data/scene_datasets/mp3d/pLe4wQe7qrG/pLe4wQe7qrG.glb,2,9,5,AMBIGUOUS,0,1,0,0,0,1,-4.8202009201049805,0.5221884846687317,-5.342389404773712,0.7777777777777778,0.1111111111111111,4.666607714024475,1.5000000000000002,4.669799748057929,1.5000000000000002,9,0.13333333333333333,1.3669202268263758,0.6152083277702332,1,0,0
val_unseen,val_unseen,1584,data/scene_datasets/mp3d/pLe4wQe7qrG/pLe4wQe7qrG.glb,2,9,6,AMBIGUOUS,0,1,0,0,0,1,-4.178167343139648,0.5221884846687317,-4.70035582780838,0.5555555555555556,0.1111111111111111,5.266514042279243,1.5000000000000002,5.419799748057929,1.5000000000000002,9,0.13333333333333333,1.3669202268263758,0.6152083277702332,1,0,0
val_unseen,val_unseen,1584,data/scene_datasets/mp3d/pLe4wQe7qrG/pLe4wQe7qrG.glb,2,9,7,KEEP,0,1,0,0,0,1,-4.3130621910095215,0.5221884846687317,-4.835250675678253,0.6666666666666666,0.1111111111111111,0.7723120595985089,1.5000000000000002,3.1698007440443154,1.5000000000000002,9,0.13333333333333333,1.3669202268263758,0.6152083277702332,1,0,0
val_unseen,val_unseen,1584,data/scene_datasets/mp3d/pLe4wQe7qrG/pLe4wQe7qrG.glb,2,9,8,AMBIGUOUS,0,1,0,0,1,1,-5.5551605224609375,0.5221884846687317,-6.077349007129669,1.0,0.1111111111111111,1.325241391856198,1.5000000000000002,2.6421183428890473,1.5000000000000002,9,0.13333333333333333,1.3669202268263758,0.6152083277702332,0,0,0
val_unseen,val_unseen,1584,data/scene_datasets/mp3d/pLe4wQe7qrG/pLe4wQe7qrG.glb,2,9,10,AMBIGUOUS,0,1,0,0,1,1,-0.09301984310150146,0.5221884846687317,-0.6152083277702332,0.2222222222222222,0.1111111111111111,1.0,1.5000000000000002,1.0,1.5000000000000002,9,0.13333333333333333,1.3669202268263758,0.6152083277702332,0,0,0
val_unseen,val_unseen,1584,data/scene_datasets/mp3d/pLe4wQe7qrG/pLe4wQe7qrG.glb,2,9,11,AMBIGUOUS,0,1,0,0,1,1,-0.18194875121116638,0.5221884846687317,-0.7041372358798981,0.3333333333333333,0.1111111111111111,1.25,1.5000000000000002,1.25,1.5000000000000002,9,0.13333333333333333,1.3669202268263758,0.6152083277702332,0,0,0
val_unseen,val_unseen,1584,data/scene_datasets/mp3d/pLe4wQe7qrG/pLe4wQe7qrG.glb,3,12,0,AMBIGUOUS,0,1,1,0,0,1,-0.5004016160964966,0.8714615702629089,-1.3718631863594055,0.3333333333333333,0.1111111111111111,0.0,1.7499999999999998,0.0,1.7499999999999998,9,0.2,1.111113382285774,0.8727877009660006,1,0,0
val_unseen,val_unseen,1584,data/scene_datasets/mp3d/pLe4wQe7qrG/pLe4wQe7qrG.glb,3,12,5,KEEP,0,1,0,0,0,1,-4.843955039978027,0.8714615702629089,-5.715416610240936,0.7777777777777778,0.1111111111111111,2.492584795347029,1.7499999999999998,4.409917214813073,1.7499999999999998,9,0.2,1.111113382285774,0.8727877009660006,1,0,0
val_unseen,val_unseen,1584,data/scene_datasets/mp3d/pLe4wQe7qrG/pLe4wQe7qrG.glb,3,12,6,KEEP,0,1,0,0,0,1,-4.867408752441406,0.8714615702629089,-5.738870322704315,0.8888888888888888,0.1111111111111111,4.654783879089341,1.7499999999999998,4.659917214813073,1.7499999999999998,9,0.2,1.111113382285774,0.8727877009660006,1,0,0
val_unseen,val_unseen,1584,data/scene_datasets/mp3d/pLe4wQe7qrG/pLe4wQe7qrG.glb,3,12,7,KEEP,0,1,0,0,0,1,-4.238147735595703,0.8714615702629089,-5.109609305858612,0.5555555555555556,0.1111111111111111,5.299604753014779,1.7499999999999998,5.409917214813073,1.7499999999999998,9,0.2,1.111113382285774,0.8727877009660006,1,0,0
val_unseen,val_unseen,1584,data/scene_datasets/mp3d/pLe4wQe7qrG/pLe4wQe7qrG.glb,3,12,8,AMBIGUOUS,0,1,0,0,0,1,-4.59083366394043,0.8714615702629089,-5.462295234203339,0.6666666666666666,0.1111111111111111,0.6775092895800149,1.7499999999999998,3.15991821079946,1.7499999999999998,9,0.2,1.111113382285774,0.8727877009660006,1,0,0
val_unseen,val_unseen,1584,data/scene_datasets/mp3d/pLe4wQe7qrG/pLe4wQe7qrG.glb,3,12,9,KEEP,0,1,0,0,0,1,-5.745832920074463,0.8714615702629089,-6.617294490337372,1.0,0.1111111111111111,1.251369955107621,1.7499999999999998,2.632235809644192,1.7499999999999998,9,0.2,1.111113382285774,0.8727877009660006,1,0,0
val_unseen,val_unseen,1584,data/scene_datasets/mp3d/pLe4wQe7qrG/pLe4wQe7qrG.glb,3,12,10,AMBIGUOUS,0,1,0,0,1,1,-0.0013261307030916214,0.8714615702629089,-0.8727877009660006,0.2222222222222222,0.1111111111111111,1.088118337892083,1.7499999999999998,1.088118337892083,1.7499999999999998,9,0.2,1.111113382285774,0.8727877009660006,0,0,0
val_unseen,val_unseen,1584,data/scene_datasets/mp3d/pLe4wQe7qrG/pLe4wQe7qrG.glb,3,12,11,AMBIGUOUS,0,1,0,0,1,1,-2.066101551055908,0.8714615702629089,-2.937563121318817,0.4444444444444444,0.1111111111111111,1.387852973476271,1.7499999999999998,1.3910377219198349,1.7499999999999998,9,0.2,1.111113382285774,0.8727877009660006,0,0,0
val_unseen,val_unseen,1584,data/scene_datasets/mp3d/pLe4wQe7qrG/pLe4wQe7qrG.glb,4,13,0,AMBIGUOUS,0,1,1,0,0,1,-1.2538416385650635,0.24105307459831238,-1.4948947131633759,0.2222222222222222,0.1111111111111111,0.0,1.7500000000000002,0.0,1.7500000000000002,9,0.26666666666666666,1.1255560030841167,1.4948947131633759,1,0,0
val_unseen,val_unseen,1584,data/scene_datasets/mp3d/pLe4wQe7qrG/pLe4wQe7qrG.glb,4,13,6,KEEP,0,1,0,0,0,1,-4.475937843322754,0.24105307459831238,-4.716990917921066,0.8888888888888888,0.1111111111111111,2.510231773549942,1.7500000000000002,4.40856398010179,1.7500000000000002,9,0.26666666666666666,1.1255560030841167,1.4948947131633759,1,0,0
val_unseen,val_unseen,1584,data/scene_datasets/mp3d/pLe4wQe7qrG/pLe4wQe7qrG.glb,4,13,7,KEEP,0,1,0,0,0,1,-4.270586967468262,0.24105307459831238,-4.511640042066574,0.7777777777777778,0.1111111111111111,4.657069353869838,1.7500000000000002,4.65856398010179,1.7500000000000002,9,0.26666666666666666,1.1255560030841167,1.4948947131633759,1,0,0
val_unseen,val_unseen,1584,data/scene_datasets/mp3d/pLe4wQe7qrG/pLe4wQe7qrG.glb,4,13,8,AMBIGUOUS,0,1,0,0,0,1,-3.7114951610565186,0.24105307459831238,-3.952548235654831,0.5555555555555556,0.1111111111111111,5.285737549786091,1.7500000000000002,5.40856398010179,1.7500000000000002,9,0.26666666666666666,1.1255560030841167,1.4948947131633759,1,0,0
val_unseen,val_unseen,1584,data/scene_datasets/mp3d/pLe4wQe7qrG/pLe4wQe7qrG.glb,4,13,9,KEEP,0,1,0,0,0,1,-4.0706562995910645,0.24105307459831238,-4.311709374189377,0.6666666666666666,0.1111111111111111,0.7001813815868743,1.7500000000000002,3.1585649760881767,1.7500000000000002,9,0.26666666666666666,1.1255560030841167,1.4948947131633759,1,0,0
val_unseen,val_unseen,1584,data/scene_datasets/mp3d/pLe4wQe7qrG/pLe4wQe7qrG.glb,4,13,10,KEEP,0,1,0,0,0,1,-5.147647380828857,0.24105307459831238,-5.38870045542717,1.0,0.1111111111111111,1.2714137174502,1.7500000000000002,2.630882574932908,1.7500000000000002,9,0.26666666666666666,1.1255560030841167,1.4948947131633759,1,0,0
val_unseen,val_unseen,1584,data/scene_datasets/mp3d/pLe4wQe7qrG/pLe4wQe7qrG.glb,4,13,11,KEEP,0,1,0,0,1,1,-1.5169235467910767,0.24105307459831238,-1.757976621389389,0.3333333333333333,0.1111111111111111,1.067629564760524,1.7500000000000002,1.153854831569054,1.7500000000000002,9,0.26666666666666666,1.1255560030841167,1.4948947131633759,0,0,0
val_unseen,val_unseen,1584,data/scene_datasets/mp3d/pLe4wQe7qrG/pLe4wQe7qrG.glb,4,13,12,AMBIGUOUS,0,1,0,0,1,1,-2.4273526668548584,0.24105307459831238,-2.6684057414531708,0.4444444444444444,0.1111111111111111,1.2726943809635909,1.7500000000000002,1.4844258291542554,1.7500000000000002,9,0.26666666666666666,1.1255560030841167,1.4948947131633759,0,0,0
val_unseen,val_unseen,1584,data/scene_datasets/mp3d/pLe4wQe7qrG/pLe4wQe7qrG.glb,5,0,7,KEEP,0,1,0,1,0,0,-4.206398010253906,-0.009279727935791016,-4.197118282318115,0.7777777777777778,0.1111111111111111,2.536124378761415,0.0,4.5306145038597245,0.0,9,0.3333333333333333,1.28073480014696,0.050728507339954376,1,0,0
val_unseen,val_unseen,1584,data/scene_datasets/mp3d/pLe4wQe7qrG/pLe4wQe7qrG.glb,5,0,8,KEEP,0,1,0,1,0,0,-3.941739320755005,-0.009279727935791016,-3.932459592819214,0.6666666666666666,0.1111111111111111,4.662701854819538,0.0,4.7806145038597245,0.0,9,0.3333333333333333,1.28073480014696,0.050728507339954376,1,0,0
val_unseen,val_unseen,1584,data/scene_datasets/mp3d/pLe4wQe7qrG/pLe4wQe7qrG.glb,5,0,9,KEEP,0,1,0,1,0,0,-3.2335195541381836,-0.009279727935791016,-3.2242398262023926,0.5555555555555556,0.1111111111111111,5.27213733858864,0.0,5.5306145038597245,0.0,9,0.3333333333333333,1.28073480014696,0.050728507339954376,1,0,0
val_unseen,val_unseen,1584,data/scene_datasets/mp3d/pLe4wQe7qrG/pLe4wQe7qrG.glb,5,0,10,KEEP,0,1,0,1,0,0,-4.434266567230225,-0.009279727935791016,-4.424986839294434,0.8888888888888888,0.1111111111111111,0.7445532655379647,0.0,3.2806154998461112,0.0,9,0.3333333333333333,1.28073480014696,0.050728507339954376,1,0,0
val_unseen,val_unseen,1584,data/scene_datasets/mp3d/pLe4wQe7qrG/pLe4wQe7qrG.glb,5,0,11,KEEP,0,1,0,1,1,0,-5.100716590881348,-0.009279727935791016,-5.091436862945557,1.0,0.1111111111111111,1.2835342291930236,0.0,2.7330897860394563,0.0,9,0.3333333333333333,1.28073480014696,0.050728507339954376,0,0,0
val_unseen,val_unseen,1584,data/scene_datasets/mp3d/pLe4wQe7qrG/pLe4wQe7qrG.glb,5,0,12,KEEP,0,1,0,1,1,0,-2.0879387855529785,-0.009279727935791016,-2.0786590576171875,0.4444444444444444,0.1111111111111111,1.07554849542455,0.0,1.2471348702689902,0.0,9,0.3333333333333333,1.28073480014696,0.050728507339954376,0,0,0
val_unseen,val_unseen,1584,data/scene_datasets/mp3d/pLe4wQe7qrG/pLe4wQe7qrG.glb,5,0,13,AMBIGUOUS,0,1,0,1,1,0,-1.5833491086959839,-0.009279727935791016,-1.5740693807601929,0.3333333333333333,0.1111111111111111,1.1763101764384412,0.0,1.6307134881368923,0.0,9,0.3333333333333333,1.28073480014696,0.050728507339954376,0,0,0
val_unseen,val_unseen,1584,data/scene_datasets/mp3d/pLe4wQe7qrG/pLe4wQe7qrG.glb,5,0,14,KEEP,0,1,0,1,1,0,-0.06000823527574539,-0.009279727935791016,-0.050728507339954376,0.2222222222222222,0.1111111111111111,1.5,0.0,1.5,0.0,9,0.3333333333333333,1.28073480014696,0.050728507339954376,0,0,0
val_unseen,val_unseen,1496,data/scene_datasets/mp3d/Z6MFQCViBuw/Z6MFQCViBuw.glb,8,30,0,AMBIGUOUS,0,1,1,0,0,1,-4.038781642913818,1.5760658979415894,-5.614847540855408,0.3181818181818182,0.045454545454545456,5.000002913749743,2.000000000000001,5.000002913749743,2.000000000000001,22,0.5333333333333333,0.5099757731670643,2.541705071926117,1,0,0
val_unseen,val_unseen,1496,data/scene_datasets/mp3d/Z6MFQCViBuw/Z6MFQCViBuw.glb,8,30,10,KEEP,0,1,0,0,0,1,-7.48611307144165,1.5760658979415894,-9.06217896938324,0.9545454545454546,0.045454545454545456,14.921361547176346,2.000000000000001,17.91651656913635,2.000000000000001,22,0.5333333333333333,0.5099757731670643,2.541705071926117,1,0,0
val_unseen,val_unseen,1496,data/scene_datasets/mp3d/Z6MFQCViBuw/Z6MFQCViBuw.glb,8,30,11,KEEP,0,1,0,0,0,1,-7.839278221130371,1.5760658979415894,-9.41534411907196,1.0,0.045454545454545456,16.16463220282026,2.000000000000001,18.16651656913635,2.000000000000001,22,0.5333333333333333,0.5099757731670643,2.541705071926117,1,0,0
val_unseen,val_unseen,1496,data/scene_datasets/mp3d/Z6MFQCViBuw/Z6MFQCViBuw.glb,8,30,12,KEEP,0,1,0,0,0,1,-5.556451797485352,1.5760658979415894,-7.132517695426941,0.6363636363636364,0.045454545454545456,14.062281746211434,2.000000000000001,18.16651656913635,2.000000000000001,22,0.5333333333333333,0.5099757731670643,2.541705071926117,1,0,0
val_unseen,val_unseen,1496,data/scene_datasets/mp3d/Z6MFQCViBuw/Z6MFQCViBuw.glb,8,30,13,KEEP,0,1,0,0,0,1,-7.012320041656494,1.5760658979415894,-8.588385939598083,0.7727272727272727,0.045454545454545456,13.217065314802396,2.000000000000001,18.13243118274226,2.000000000000001,22,0.5333333333333333,0.5099757731670643,2.541705071926117,1,0,0
val_unseen,val_unseen,1496,data/scene_datasets/mp3d/Z6MFQCViBuw/Z6MFQCViBuw.glb,8,30,14,AMBIGUOUS,0,1,0,0,0,1,-7.448300361633301,1.5760658979415894,-9.02436625957489,0.9090909090909091,0.045454545454545456,13.748128535907801,2.000000000000001,15.914828223316423,2.000000000000001,22,0.5333333333333333,0.5099757731670643,2.541705071926117,1,0,0
val_unseen,val_unseen,1496,data/scene_datasets/mp3d/Z6MFQCViBuw/Z6MFQCViBuw.glb,8,30,15,AMBIGUOUS,0,1,0,0,0,1,-7.118676662445068,1.5760658979415894,-8.694742560386658,0.8181818181818182,0.045454545454545456,12.179204278137933,2.000000000000001,16.164828223316423,2.000000000000001,22,0.5333333333333333,0.5099757731670643,2.541705071926117,1,0,0
val_unseen,val_unseen,1496,data/scene_datasets/mp3d/Z6MFQCViBuw/Z6MFQCViBuw.glb,8,30,16,KEEP,0,1,0,0,0,1,-4.523600101470947,1.5760658979415894,-6.099665999412537,0.4090909090909091,0.045454545454545456,9.42771905877127,2.000000000000001,13.914828008442628,2.000000000000001,22,0.5333333333333333,0.5099757731670643,2.541705071926117,1,0,0
val_unseen,val_unseen,1496,data/scene_datasets/mp3d/Z6MFQCViBuw/Z6MFQCViBuw.glb,8,30,17,KEEP,0,1,0,0,0,1,-7.288398265838623,1.5760658979415894,-8.864464163780212,0.8636363636363636,0.045454545454545456,11.431993364221666,2.000000000000001,14.164828008442626,2.000000000000001,22,0.5333333333333333,0.5099757731670643,2.541705071926117,1,0,0
val_unseen,val_unseen,1496,data/scene_datasets/mp3d/Z6MFQCViBuw/Z6MFQCViBuw.glb,8,30,18,KEEP,0,1,0,0,0,1,-4.833470344543457,1.5760658979415894,-6.409536242485046,0.45454545454545453,0.045454545454545456,8.476960861438203,2.000000000000001,11.664823083768844,2.000000000000001,22,0.5333333333333333,0.5099757731670643,2.541705071926117,1,0,0
val_unseen,val_unseen,1496,data/scene_datasets/mp3d/Z6MFQCViBuw/Z6MFQCViBuw.glb,8,30,19,KEEP,0,1,0,0,0,1,-6.992393970489502,1.5760658979415894,-8.568459868431091,0.7272727272727273,0.045454545454545456,9.73635780982076,2.000000000000001,11.914823083768844,2.000000000000001,22,0.5333333333333333,0.5099757731670643,2.541705071926117,1,0,0
val_unseen,val_unseen,1496,data/scene_datasets/mp3d/Z6MFQCViBuw/Z6MFQCViBuw.glb,8,30,20,KEEP,0,1,0,0,0,1,-5.195698261260986,1.5760658979415894,-6.771764159202576,0.5454545454545454,0.045454545454545456,8.56047255353438,2.000000000000001,9.664818108926543,2.000000000000001,22,0.5333333333333333,0.5099757731670643,2.541705071926117,1,0,0
val_unseen,val_unseen,1496,data/scene_datasets/mp3d/Z6MFQCViBuw/Z6MFQCViBuw.glb,8,30,21,KEEP,0,1,0,0,0,1,-6.353194236755371,1.5760658979415894,-7.9292601346969604,0.6818181818181818,0.045454545454545456,7.908806405799559,2.000000000000001,8.646149091424777,2.000000000000001,22,0.5333333333333333,0.5099757731670643,2.541705071926117,1,0,0
val_unseen,val_unseen,1496,data/scene_datasets/mp3d/Z6MFQCViBuw/Z6MFQCViBuw.glb,8,30,22,AMBIGUOUS,0,1,0,0,0,1,-4.938144207000732,1.5760658979415894,-6.514210104942322,0.5,0.045454545454545456,7.528514118640994,2.000000000000001,8.250002751673797,2.000000000000001,22,0.5333333333333333,0.5099757731670643,2.541705071926117,1,0,0
val_unseen,val_unseen,1496,data/scene_datasets/mp3d/Z6MFQCViBuw/Z6MFQCViBuw.glb,8,30,23,KEEP,0,1,0,0,0,1,-5.273958683013916,1.5760658979415894,-6.850024580955505,0.5909090909090909,0.045454545454545456,8.063869946921287,2.000000000000001,8.500002751673797,2.000000000000001,22,0.5333333333333333,0.5099757731670643,2.541705071926117,1,0,0
val_unseen,val_unseen,1496,data/scene_datasets/mp3d/Z6MFQCViBuw/Z6MFQCViBuw.glb,8,30,24,KEEP,0,1,0,0,0,1,-4.244075775146484,1.5760658979415894,-5.820141673088074,0.36363636363636365,0.045454545454545456,7.173654232865823,2.000000000000001,7.250002913749743,2.000000000000001,22,0.5333333333333333,0.5099757731670643,2.541705071926117,1,0,0
val_unseen,val_unseen,1496,data/scene_datasets/mp3d/Z6MFQCViBuw/Z6MFQCViBuw.glb,8,30,25,KEEP,0,1,0,0,0,1,-3.065484046936035,1.5760658979415894,-4.6415499448776245,0.13636363636363635,0.045454545454545456,4.015950486099678,2.000000000000001,4.500001100669518,2.000000000000001,22,0.5333333333333333,0.5099757731670643,2.541705071926117,1,0,0
val_unseen,val_unseen,1496,data/scene_datasets/mp3d/Z6MFQCViBuw/Z6MFQCViBuw.glb,8,30,26,KEEP,0,1,0,0,0,1,-3.2453346252441406,1.5760658979415894,-4.82140052318573,0.18181818181818182,0.045454545454545456,1.8323612244465781,2.000000000000001,4.750001100669519,2.000000000000001,22,0.5333333333333333,0.5099757731670643,2.541705071926117,1,0,0
val_unseen,val_unseen,1496,data/scene_datasets/mp3d/Z6MFQCViBuw/Z6MFQCViBuw.glb,8,30,27,KEEP,0,1,0,0,1,1,-3.7262794971466064,1.5760658979415894,-5.302345395088196,0.2727272727272727,0.045454545454545456,2.499999999999999,2.000000000000001,2.499999999999999,2.000000000000001,22,0.5333333333333333,0.5099757731670643,2.541705071926117,0,0,0
val_unseen,val_unseen,1496,data/scene_datasets/mp3d/Z6MFQCViBuw/Z6MFQCViBuw.glb,8,30,28,KEEP,0,1,0,0,1,1,-3.6453022956848145,1.5760658979415894,-5.221368193626404,0.22727272727272727,0.045454545454545456,2.2499999999999987,2.000000000000001,2.2499999999999987,2.000000000000001,22,0.5333333333333333,0.5099757731670643,2.541705071926117,0,0,0
val_unseen,val_unseen,1496,data/scene_datasets/mp3d/Z6MFQCViBuw/Z6MFQCViBuw.glb,8,30,29,KEEP,0,1,0,0,1,1,-0.9656391739845276,1.5760658979415894,-2.541705071926117,0.09090909090909091,0.045454545454545456,1.7500000000000002,2.000000000000001,1.7500000000000002,2.000000000000001,22,0.5333333333333333,0.5099757731670643,2.541705071926117,0,0,0
val_unseen,val_unseen,1496,data/scene_datasets/mp3d/Z6MFQCViBuw/Z6MFQCViBuw.glb,9,0,11,KEEP,0,1,0,1,0,0,-7.9701619148254395,1.0244196653366089,-8.994581580162048,0.8333333333333334,0.041666666666666664,16.453475114924192,0.0,19.916516947777147,0.0,24,0.6,1.0662972712789696,0.486916184425354,1,0,0
val_unseen,val_unseen,1496,data/scene_datasets/mp3d/Z6MFQCViBuw/Z6MFQCViBuw.glb,9,0,12,KEEP,0,1,0,1,0,0,-8.197040557861328,1.0244196653366089,-9.221460223197937,1.0,0.041666666666666664,17.56792674084663,0.0,20.166516947777147,0.0,24,0.6,1.0662972712789696,0.486916184425354,1,0,0
val_unseen,val_unseen,1496,data/scene_datasets/mp3d/Z6MFQCViBuw/Z6MFQCViBuw.glb,9,0,13,KEEP,0,1,0,1,0,0,-6.656744003295898,1.0244196653366089,-7.681163668632507,0.5833333333333334,0.041666666666666664,15.201837193878145,0.0,20.166516947777147,0.0,24,0.6,1.0662972712789696,0.486916184425354,1,0,0
val_unseen,val_unseen,1496,data/scene_datasets/mp3d/Z6MFQCViBuw/Z6MFQCViBuw.glb,9,0,14,AMBIGUOUS,0,1,0,1,0,0,-7.970270156860352,1.0244196653366089,-8.99468982219696,0.875,0.041666666666666664,14.372270296908725,0.0,20.132431561383058,0.0,24,0.6,1.0662972712789696,0.486916184425354,1,0,0
val_unseen,val_unseen,1496,data/scene_datasets/mp3d/Z6MFQCViBuw/Z6MFQCViBuw.glb,9,0,15,KEEP,0,1,0,1,0,0,-8.100519180297852,1.0244196653366089,-9.12493884563446,0.9583333333333334,0.041666666666666664,15.067074687698602,0.0,17.914828601957222,0.0,24,0.6,1.0662972712789696,0.486916184425354,1,0,0
val_unseen,val_unseen,1496,data/scene_datasets/mp3d/Z6MFQCViBuw/Z6MFQCViBuw.glb,9,0,16,KEEP,0,1,0,1,0,0,-7.801642894744873,1.0244196653366089,-8.826062560081482,0.7916666666666666,0.041666666666666664,13.341181374674775,0.0,18.164828601957222,0.0,24,0.6,1.0662972712789696,0.486916184425354,1,0,0
val_unseen,val_unseen,1496,data/scene_datasets/mp3d/Z6MFQCViBuw/Z6MFQCViBuw.glb,9,0,17,KEEP,0,1,0,1,0,0,-4.923087120056152,1.0244196653366089,-5.947506785392761,0.4583333333333333,0.041666666666666664,11.190366631899686,0.0,15.914828387083427,0.0,24,0.6,1.0662972712789696,0.486916184425354,1,0,0
val_unseen,val_unseen,1496,data/scene_datasets/mp3d/Z6MFQCViBuw/Z6MFQCViBuw.glb,9,0,18,KEEP,0,1,0,1,0,0,-8.056107521057129,1.0244196653366089,-9.080527186393738,0.9166666666666666,0.041666666666666664,12.781715493230289,0.0,16.164828387083425,0.0,24,0.6,1.0662972712789696,0.486916184425354,1,0,0
val_unseen,val_unseen,1496,data/scene_datasets/mp3d/Z6MFQCViBuw/Z6MFQCViBuw.glb,9,0,19,KEEP,0,1,0,1,0,0,-5.22663688659668,1.0244196653366089,-6.251056551933289,0.5,0.041666666666666664,10.389536700823786,0.0,13.664823462409643,0.0,24,0.6,1.0662972712789696,0.486916184425354,1,0,0
val_unseen,val_unseen,1496,data/scene_datasets/mp3d/Z6MFQCViBuw/Z6MFQCViBuw.glb,9,0,20,KEEP,0,1,0,1,0,0,-7.3494157791137695,1.0244196653366089,-8.373835444450378,0.75,0.041666666666666664,11.24634770068075,0.0,13.914823462409643,0.0,24,0.6,1.0662972712789696,0.486916184425354,1,0,0
val_unseen,val_unseen,1496,data/scene_datasets/mp3d/Z6MFQCViBuw/Z6MFQCViBuw.glb,9,0,21,KEEP,0,1,0,1,0,0,-5.892600059509277,1.0244196653366089,-6.917019724845886,0.5416666666666666,0.041666666666666664,10.551272237319536,0.0,11.664818487567342,0.0,24,0.6,1.0662972712789696,0.486916184425354,1,0,0
val_unseen,val_unseen,1496,data/scene_datasets/mp3d/Z6MFQCViBuw/Z6MFQCViBuw.glb,9,0,22,KEEP,0,1,0,1,0,0,-6.77714204788208,1.0244196653366089,-7.801561713218689,0.6666666666666666,0.041666666666666664,9.718096901118345,0.0,10.646149470065575,0.0,24,0.6,1.0662972712789696,0.486916184425354,1,0,0
val_unseen,val_unseen,1496,data/scene_datasets/mp3d/Z6MFQCViBuw/Z6MFQCViBuw.glb,9,0,23,AMBIGUOUS,0,1,0,1,0,0,-6.700427055358887,1.0244196653366089,-7.724846720695496,0.625,0.041666666666666664,9.527426133530646,0.0,10.250003130314596,0.0,24,0.6,1.0662972712789696,0.486916184425354,1,0,0
val_unseen,val_unseen,1496,data/scene_datasets/mp3d/Z6MFQCViBuw/Z6MFQCViBuw.glb,9,0,24,AMBIGUOUS,0,1,0,1,0,0,-7.237095832824707,1.0244196653366089,-8.261515498161316,0.7083333333333334,0.041666666666666664,10.059484168733617,0.0,10.500003130314596,0.0,24,0.6,1.0662972712789696,0.486916184425354,1,0,0
val_unseen,val_unseen,1496,data/scene_datasets/mp3d/Z6MFQCViBuw/Z6MFQCViBuw.glb,9,0,25,KEEP,0,1,0,1,0,0,-4.782227993011475,1.0244196653366089,-5.8066476583480835,0.4166666666666667,0.041666666666666664,9.15245945280636,0.0,9.250003292390542,0.0,24,0.6,1.0662972712789696,0.486916184425354,1,0,0
val_unseen,val_unseen,1496,data/scene_datasets/mp3d/Z6MFQCViBuw/Z6MFQCViBuw.glb,9,0,26,KEEP,0,1,0,1,0,0,-4.636440277099609,1.0244196653366089,-5.660859942436218,0.375,0.041666666666666664,5.714373334212722,0.0,6.500001479310317,0.0,24,0.6,1.0662972712789696,0.486916184425354,1,0,0
val_unseen,val_unseen,1496,data/scene_datasets/mp3d/Z6MFQCViBuw/Z6MFQCViBuw.glb,9,0,27,KEEP,0,1,0,1,0,0,-4.216075897216797,1.0244196653366089,-5.240495562553406,0.25,0.041666666666666664,3.0368699609637746,0.0,6.750001479310318,0.0,24,0.6,1.0662972712789696,0.486916184425354,1,0,0
val_unseen,val_unseen,1496,data/scene_datasets/mp3d/Z6MFQCViBuw/Z6MFQCViBuw.glb,9,0,28,KEEP,0,1,0,1,0,0,-4.593778133392334,1.0244196653366089,-5.618197798728943,0.3333333333333333,0.041666666666666664,4.2049310321222135,0.0,4.500000378640797,0.0,24,0.6,1.0662972712789696,0.486916184425354,1,0,0
val_unseen,val_unseen,1496,data/scene_datasets/mp3d/Z6MFQCViBuw/Z6MFQCViBuw.glb,9,0,29,KEEP,0,1,0,1,0,0,-4.239167213439941,1.0244196653366089,-5.26358687877655,0.2916666666666667,0.041666666666666664,3.6827294247118574,0.0,4.250000378640797,0.0,24,0.6,1.0662972712789696,0.486916184425354,1,0,0
val_unseen,val_unseen,1496,data/scene_datasets/mp3d/Z6MFQCViBuw/Z6MFQCViBuw.glb,9,0,30,KEEP,0,1,0,1,0,0,-3.226616382598877,1.0244196653366089,-4.251036047935486,0.16666666666666666,0.041666666666666664,1.8874574791830216,0.0,3.7500003786407987,0.0,24,0.6,1.0662972712789696,0.486916184425354,1,0,0
val_unseen,val_unseen,1496,data/scene_datasets/mp3d/Z6MFQCViBuw/Z6MFQCViBuw.glb,9,0,31,KEEP,0,1,0,1,1,0,0.5375034809112549,1.0244196653366089,-0.486916184425354,0.08333333333333333,0.041666666666666664,1.4871673142989417,0.0,1.4871673142989417,0.0,24,0.6,1.0662972712789696,0.486916184425354,0,0,0
val_unseen,val_unseen,1496,data/scene_datasets/mp3d/Z6MFQCViBuw/Z6MFQCViBuw.glb,9,0,32,KEEP,0,1,0,1,1,0,-0.9197620749473572,1.0244196653366089,-1.944181740283966,0.125,0.041666666666666664,2.249999999999999,0.0,2.249999999999999,0.0,24,0.6,1.0662972712789696,0.486916184425354,0,0,0
val_unseen,val_unseen,1496,data/scene_datasets/mp3d/Z6MFQCViBuw/Z6MFQCViBuw.glb,9,0,33,KEEP,0,1,0,1,1,0,-3.4864392280578613,1.0244196653366089,-4.51085889339447,0.20833333333333334,0.041666666666666664,2.5000000000000013,0.0,2.5000000000000013,0.0,24,0.6,1.0662972712789696,0.486916184425354,0,0,0
val_unseen,val_unseen,397,data/scene_datasets/mp3d/Z6MFQCViBuw/Z6MFQCViBuw.glb,6,26,0,INTERVENE,0,1,1,0,0,1,0.554862916469574,1.6308104991912842,-1.0759475827217102,0.1,0.05,0.0,0.7500000000000004,0.0,0.7500000000000004,20,0.4,1.1805573943018208,1.0759475827217102,1,0,0
val_unseen,val_unseen,397,data/scene_datasets/mp3d/Z6MFQCViBuw/Z6MFQCViBuw.glb,6,26,8,KEEP,0,1,0,0,0,1,-7.327021598815918,1.6308104991912842,-8.957832098007202,0.9,0.05,10.794507507911774,0.7500000000000004,12.207483837760499,0.7500000000000004,20,0.4,1.1805573943018208,1.0759475827217102,1,0,0
val_unseen,val_unseen,397,data/scene_datasets/mp3d/Z6MFQCViBuw/Z6MFQCViBuw.glb,6,26,9,AMBIGUOUS,0,1,0,0,0,1,-8.0941743850708,1.6308104991912842,-9.724984884262085,1.0,0.05,9.31031834319561,0.7500000000000004,12.970316587257832,0.7500000000000004,20,0.4,1.1805573943018208,1.0759475827217102,1,0,0
val_unseen,val_unseen,397,data/scene_datasets/mp3d/Z6MFQCViBuw/Z6MFQCViBuw.glb,6,26,10,AMBIGUOUS,0,1,0,0,0,1,-7.134973049163818,1.6308104991912842,-8.765783548355103,0.8,0.05,8.806538338054523,0.7500000000000004,12.470316587257832,0.7500000000000004,20,0.4,1.1805573943018208,1.0759475827217102,1,0,0
val_unseen,val_unseen,397,data/scene_datasets/mp3d/Z6MFQCViBuw/Z6MFQCViBuw.glb,6,26,11,KEEP,0,1,0,0,0,1,-6.468145847320557,1.6308104991912842,-8.09895634651184,0.7,0.05,6.33033669105127,0.7500000000000004,11.220318405195162,0.7500000000000004,20,0.4,1.1805573943018208,1.0759475827217102,1,0,0
val_unseen,val_unseen,397,data/scene_datasets/mp3d/Z6MFQCViBuw/Z6MFQCViBuw.glb,6,26,12,AMBIGUOUS,0,1,0,0,0,1,-7.506886005401611,1.6308104991912842,-9.137696504592896,0.95,0.05,8.571682039538608,0.7500000000000004,11.220318405195162,0.7500000000000004,20,0.4,1.1805573943018208,1.0759475827217102,1,0,0
val_unseen,val_unseen,397,data/scene_datasets/mp3d/Z6MFQCViBuw/Z6MFQCViBuw.glb,6,26,13,AMBIGUOUS,0,1,0,0,0,1,-7.224791526794434,1.6308104991912842,-8.855602025985718,0.85,0.05,7.961574525024166,0.7500000000000004,11.009783414736901,0.7500000000000004,20,0.4,1.1805573943018208,1.0759475827217102,1,0,0
val_unseen,val_unseen,397,data/scene_datasets/mp3d/Z6MFQCViBuw/Z6MFQCViBuw.glb,6,26,14,AMBIGUOUS,0,1,0,0,0,1,-6.110306739807129,1.6308104991912842,-7.741117238998413,0.65,0.05,4.035136511651139,0.7500000000000004,8.970319645766287,0.7500000000000004,20,0.4,1.1805573943018208,1.0759475827217102,1,0,0
val_unseen,val_unseen,397,data/scene_datasets/mp3d/Z6MFQCViBuw/Z6MFQCViBuw.glb,6,26,15,AMBIGUOUS,0,1,0,0,0,1,-6.854120254516602,1.6308104991912842,-8.484930753707886,0.75,0.05,6.61666693584793,0.7500000000000004,6.720320941886145,0.7500000000000004,20,0.4,1.1805573943018208,1.0759475827217102,1,0,0
val_unseen,val_unseen,397,data/scene_datasets/mp3d/Z6MFQCViBuw/Z6MFQCViBuw.glb,6,26,16,AMBIGUOUS,0,1,0,0,0,1,-4.559221267700195,1.6308104991912842,-6.1900317668914795,0.55,0.05,2.7663397615912646,0.7500000000000004,6.720320941886146,0.7500000000000004,20,0.4,1.1805573943018208,1.0759475827217102,1,0,0
val_unseen,val_unseen,397,data/scene_datasets/mp3d/Z6MFQCViBuw/Z6MFQCViBuw.glb,6,26,17,KEEP,0,1,0,0,0,1,-3.7745397090911865,1.6308104991912842,-5.405350208282471,0.45,0.05,3.738650131454546,0.7500000000000004,4.720323805341316,0.7500000000000004,20,0.4,1.1805573943018208,1.0759475827217102,1,0,0
val_unseen,val_unseen,397,data/scene_datasets/mp3d/Z6MFQCViBuw/Z6MFQCViBuw.glb,6,26,18,AMBIGUOUS,0,1,0,0,0,1,-5.2513933181762695,1.6308104991912842,-6.882203817367554,0.6,0.05,4.559490714898316,0.7500000000000004,4.720323805341314,0.7500000000000004,20,0.4,1.1805573943018208,1.0759475827217102,1,0,0
val_unseen,val_unseen,397,data/scene_datasets/mp3d/Z6MFQCViBuw/Z6MFQCViBuw.glb,6,26,19,KEEP,0,1,0,0,0,1,-2.530015230178833,1.6308104991912842,-4.160825729370117,0.25,0.05,2.7817617577701093,0.7500000000000004,2.8197463423007,0.7500000000000004,20,0.4,1.1805573943018208,1.0759475827217102,1,0,0
val_unseen,val_unseen,397,data/scene_datasets/mp3d/Z6MFQCViBuw/Z6MFQCViBuw.glb,6,26,20,AMBIGUOUS,0,1,0,0,0,1,-1.6278225183486938,1.6308104991912842,-3.258633017539978,0.2,0.05,1.3797776898046374,0.7500000000000004,4.720323805341316,0.7500000000000004,20,0.4,1.1805573943018208,1.0759475827217102,1,0,0
val_unseen,val_unseen,397,data/scene_datasets/mp3d/Z6MFQCViBuw/Z6MFQCViBuw.glb,6,26,21,KEEP,0,1,0,0,0,1,-4.015999794006348,1.6308104991912842,-5.646810293197632,0.5,0.05,2.4531180292719372,0.7500000000000004,3.0262095504969464,0.7500000000000004,20,0.4,1.1805573943018208,1.0759475827217102,1,0,0
val_unseen,val_unseen,397,data/scene_datasets/mp3d/Z6MFQCViBuw/Z6MFQCViBuw.glb,6,26,22,KEEP,0,1,0,0,0,1,-3.6193935871124268,1.6308104991912842,-5.250204086303711,0.4,0.05,2.8588668250899705,0.7500000000000004,3.0262095504969473,0.7500000000000004,20,0.4,1.1805573943018208,1.0759475827217102,1,0,0
val_unseen,val_unseen,397,data/scene_datasets/mp3d/Z6MFQCViBuw/Z6MFQCViBuw.glb,6,26,23,AMBIGUOUS,0,1,0,0,0,1,0.13775956630706787,1.6308104991912842,-1.4930509328842163,0.15,0.05,2.4703239758519127,0.7500000000000004,2.7762095504969473,0.7500000000000004,20,0.4,1.1805573943018208,1.0759475827217102,1,0,0
val_unseen,val_unseen,397,data/scene_datasets/mp3d/Z6MFQCViBuw/Z6MFQCViBuw.glb,6,26,24,KEEP,0,1,0,0,1,1,-2.5493087768554688,1.6308104991912842,-4.180119276046753,0.3,0.05,2.25,0.7500000000000004,2.25,0.7500000000000004,20,0.4,1.1805573943018208,1.0759475827217102,0,0,0
val_unseen,val_unseen,397,data/scene_datasets/mp3d/Z6MFQCViBuw/Z6MFQCViBuw.glb,6,26,25,KEEP,0,1,0,0,1,1,-2.729606866836548,1.6308104991912842,-4.360417366027832,0.35,0.05,2.2500000000000004,0.7500000000000004,2.2500000000000004,0.7500000000000004,20,0.4,1.1805573943018208,1.0759475827217102,0,0,0
val_unseen,val_unseen,397,data/scene_datasets/mp3d/Z6MFQCViBuw/Z6MFQCViBuw.glb,7,0,9,KEEP,0,1,0,1,0,0,-7.569952011108398,0.9780002236366272,-8.547952234745026,0.8636363636363636,0.045454545454545456,11.378201214168968,0.0,12.95748466923283,0.0,22,0.4666666666666667,1.4737520222208942,0.23921668529510498,1,0,0
val_unseen,val_unseen,397,data/scene_datasets/mp3d/Z6MFQCViBuw/Z6MFQCViBuw.glb,7,0,10,KEEP,0,1,0,1,0,0,-8.163859367370605,0.9780002236366272,-9.141859591007233,1.0,0.045454545454545456,10.016061444529333,0.0,13.720317418730163,0.0,22,0.4666666666666667,1.4737520222208942,0.23921668529510498,1,0,0
val_unseen,val_unseen,397,data/scene_datasets/mp3d/Z6MFQCViBuw/Z6MFQCViBuw.glb,7,0,11,KEEP,0,1,0,1,0,0,-7.199905872344971,0.9780002236366272,-8.177906095981598,0.7727272727272727,0.045454545454545456,9.484210994720428,0.0,13.220317418730163,0.0,22,0.4666666666666667,1.4737520222208942,0.23921668529510498,1,0,0
val_unseen,val_unseen,397,data/scene_datasets/mp3d/Z6MFQCViBuw/Z6MFQCViBuw.glb,7,0,12,KEEP,0,1,0,1,0,0,-6.469386100769043,0.9780002236366272,-7.44738632440567,0.7272727272727273,0.045454545454545456,7.012254525856166,0.0,11.970319236667493,0.0,22,0.4666666666666667,1.4737520222208942,0.23921668529510498,1,0,0
val_unseen,val_unseen,397,data/scene_datasets/mp3d/Z6MFQCViBuw/Z6MFQCViBuw.glb,7,0,13,KEEP,0,1,0,1,0,0,-7.689029216766357,0.9780002236366272,-8.667029440402985,0.9090909090909091,0.045454545454545456,9.29801791563542,0.0,11.970319236667493,0.0,22,0.4666666666666667,1.4737520222208942,0.23921668529510498,1,0,0
val_unseen,val_unseen,397,data/scene_datasets/mp3d/Z6MFQCViBuw/Z6MFQCViBuw.glb,7,0,14,KEEP,0,1,0,1,0,0,-7.720116138458252,0.9780002236366272,-8.69811636209488,0.9545454545454546,0.045454545454545456,8.683363952297814,0.0,11.759784246209232,0.0,22,0.4666666666666667,1.4737520222208942,0.23921668529510498,1,0,0
val_unseen,val_unseen,397,data/scene_datasets/mp3d/Z6MFQCViBuw/Z6MFQCViBuw.glb,7,0,15,KEEP,0,1,0,1,0,0,-6.440515041351318,0.9780002236366272,-7.418515264987946,0.6818181818181818,0.045454545454545456,4.715476457875796,0.0,9.720320477238616,0.0,22,0.4666666666666667,1.4737520222208942,0.23921668529510498,1,0,0
val_unseen,val_unseen,397,data/scene_datasets/mp3d/Z6MFQCViBuw/Z6MFQCViBuw.glb,7,0,16,KEEP,0,1,0,1,0,0,-7.257307052612305,0.9780002236366272,-8.235307276248932,0.8181818181818182,0.045454545454545456,7.2230415664595,0.0,7.470321773358474,0.0,22,0.4666666666666667,1.4737520222208942,0.23921668529510498,1,0,0
val_unseen,val_unseen,397,data/scene_datasets/mp3d/Z6MFQCViBuw/Z6MFQCViBuw.glb,7,0,17,KEEP,0,1,0,1,0,0,-5.286255836486816,0.9780002236366272,-6.264256060123444,0.5909090909090909,0.045454545454545456,3.4767722072294878,0.0,7.470321773358475,0.0,22,0.4666666666666667,1.4737520222208942,0.23921668529510498,1,0,0
val_unseen,val_unseen,397,data/scene_datasets/mp3d/Z6MFQCViBuw/Z6MFQCViBuw.glb,7,0,18,KEEP,0,1,0,1,0,0,-4.61342191696167,0.9780002236366272,-5.591422140598297,0.5454545454545454,0.045454545454545456,3.9341465641134805,0.0,5.470324636813643,0.0,22,0.4666666666666667,1.4737520222208942,0.23921668529510498,1,0,0
val_unseen,val_unseen,397,data/scene_datasets/mp3d/Z6MFQCViBuw/Z6MFQCViBuw.glb,7,0,19,KEEP,0,1,0,1,0,0,-5.9069952964782715,0.9780002236366272,-6.884995520114899,0.6363636363636364,0.045454545454545456,5.218856593755622,0.0,5.4703246368136424,0.0,22,0.4666666666666667,1.4737520222208942,0.23921668529510498,1,0,0
val_unseen,val_unseen,397,data/scene_datasets/mp3d/Z6MFQCViBuw/Z6MFQCViBuw.glb,7,0,20,KEEP,0,1,0,1,0,0,-3.357914447784424,0.9780002236366272,-4.335914671421051,0.4090909090909091,0.045454545454545456,3.5192835648571714,0.0,3.556813041505117,0.0,22,0.4666666666666667,1.4737520222208942,0.23921668529510498,1,0,0
val_unseen,val_unseen,397,data/scene_datasets/mp3d/Z6MFQCViBuw/Z6MFQCViBuw.glb,7,0,21,KEEP,0,1,0,1,0,0,-3.0612027645111084,0.9780002236366272,-4.039202988147736,0.2727272727272727,0.045454545454545456,2.095133927773752,0.0,5.470324636813643,0.0,22,0.4666666666666667,1.4737520222208942,0.23921668529510498,1,0,0
val_unseen,val_unseen,397,data/scene_datasets/mp3d/Z6MFQCViBuw/Z6MFQCViBuw.glb,7,0,22,KEEP,0,1,0,1,0,0,-4.3016357421875,0.9780002236366272,-5.279635965824127,0.5,0.045454545454545456,2.838675502135274,0.0,3.763276249701363,0.0,22,0.4666666666666667,1.4737520222208942,0.23921668529510498,1,0,0
val_unseen,val_unseen,397,data/scene_datasets/mp3d/Z6MFQCViBuw/Z6MFQCViBuw.glb,7,0,23,KEEP,0,1,0,1,0,0,-4.066807746887207,0.9780002236366272,-5.044807970523834,0.45454545454545453,0.045454545454545456,3.5169221661198153,0.0,3.763276249701364,0.0,22,0.4666666666666667,1.4737520222208942,0.23921668529510498,1,0,0
val_unseen,val_unseen,397,data/scene_datasets/mp3d/Z6MFQCViBuw/Z6MFQCViBuw.glb,7,0,24,KEEP,0,1,0,1,0,0,-0.8592917323112488,0.9780002236366272,-1.837291955947876,0.18181818181818182,0.045454545454545456,3.047950715920859,0.0,3.5132762497013643,0.0,22,0.4666666666666667,1.4737520222208942,0.23921668529510498,1,0,0
val_unseen,val_unseen,397,data/scene_datasets/mp3d/Z6MFQCViBuw/Z6MFQCViBuw.glb,7,0,25,KEEP,0,1,0,1,0,0,-3.1736810207366943,0.9780002236366272,-4.1516812443733215,0.36363636363636365,0.045454545454545456,2.950969636335064,0.0,3.0000008314723283,0.0,22,0.4666666666666667,1.4737520222208942,0.23921668529510498,1,0,0
val_unseen,val_unseen,397,data/scene_datasets/mp3d/Z6MFQCViBuw/Z6MFQCViBuw.glb,7,0,26,KEEP,0,1,0,1,0,0,-3.0782063007354736,0.9780002236366272,-4.056206524372101,0.3181818181818182,0.045454545454545456,2.9723424654988255,0.0,3.0000008314723288,0.0,22,0.4666666666666667,1.4737520222208942,0.23921668529510498,1,0,0
val_unseen,val_unseen,397,data/scene_datasets/mp3d/Z6MFQCViBuw/Z6MFQCViBuw.glb,7,0,27,KEEP,0,1,0,1,1,0,0.7387835383415222,0.9780002236366272,-0.23921668529510498,0.09090909090909091,0.045454545454545456,1.0000000000000004,0.0,1.0000000000000004,0.0,22,0.4666666666666667,1.4737520222208942,0.23921668529510498,0,0,0
val_unseen,val_unseen,397,data/scene_datasets/mp3d/Z6MFQCViBuw/Z6MFQCViBuw.glb,7,0,28,KEEP,0,1,0,1,1,0,-2.1084654331207275,0.9780002236366272,-3.0864656567573547,0.22727272727272727,0.045454545454545456,1.2500000000000002,0.0,1.2500000000000002,0.0,22,0.4666666666666667,1.4737520222208942,0.23921668529510498,0,0,0
val_unseen,val_unseen,397,data/scene_datasets/mp3d/Z6MFQCViBuw/Z6MFQCViBuw.glb,7,0,29,KEEP,0,1,0,1,1,0,0.5439782738685608,0.9780002236366272,-0.4340219497680664,0.13636363636363635,0.045454545454545456,0.7499999999999997,0.0,0.7499999999999997,0.0,22,0.4666666666666667,1.4737520222208942,0.23921668529510498,0,0,0
val_unseen,val_unseen,548,data/scene_datasets/mp3d/Z6MFQCViBuw/Z6MFQCViBuw.glb,5,23,0,INTERVENE,0,1,1,0,0,1,0.6456584334373474,1.3347145318984985,-0.6890560984611511,0.1111111111111111,0.05555555555555555,0.0,2.5,0.0,2.5,18,0.3333333333333333,1.2956421763826538,0.6890560984611511,1,0,0
val_unseen,val_unseen,548,data/scene_datasets/mp3d/Z6MFQCViBuw/Z6MFQCViBuw.glb,5,23,7,AMBIGUOUS,0,1,0,0,0,1,-6.8385491371154785,1.3347145318984985,-8.173263669013977,1.0,0.05555555555555555,11.47506127501932,2.5,12.508588497202936,2.5,18,0.3333333333333333,1.2956421763826538,0.6890560984611511,1,0,0
val_unseen,val_unseen,548,data/scene_datasets/mp3d/Z6MFQCViBuw/Z6MFQCViBuw.glb,5,23,8,AMBIGUOUS,0,1,0,0,0,1,-6.541441917419434,1.3347145318984985,-7.876156449317932,0.9444444444444444,0.05555555555555555,10.777799011018196,2.5,12.258588497202936,2.5,18,0.3333333333333333,1.2956421763826538,0.6890560984611511,1,0,0
val_unseen,val_unseen,548,data/scene_datasets/mp3d/Z6MFQCViBuw/Z6MFQCViBuw.glb,5,23,9,AMBIGUOUS,0,1,0,0,0,1,-5.560023307800293,1.3347145318984985,-6.8947378396987915,0.7777777777777778,0.05555555555555555,10.194525604683928,2.5,12.508588497202936,2.5,18,0.3333333333333333,1.2956421763826538,0.6890560984611511,1,0,0
val_unseen,val_unseen,548,data/scene_datasets/mp3d/Z6MFQCViBuw/Z6MFQCViBuw.glb,5,23,10,AMBIGUOUS,0,1,0,0,0,1,-4.9829301834106445,1.3347145318984985,-6.317644715309143,0.6111111111111112,0.05555555555555555,8.362566908157188,2.5,12.1992224566616,2.5,18,0.3333333333333333,1.2956421763826538,0.6890560984611511,1,0,0
val_unseen,val_unseen,548,data/scene_datasets/mp3d/Z6MFQCViBuw/Z6MFQCViBuw.glb,5,23,11,AMBIGUOUS,0,1,0,0,0,1,-4.893891334533691,1.3347145318984985,-6.22860586643219,0.5555555555555556,0.05555555555555555,8.060763888185246,2.5,9.991752461461417,2.5,18,0.3333333333333333,1.2956421763826538,0.6890560984611511,1,0,0
val_unseen,val_unseen,548,data/scene_datasets/mp3d/Z6MFQCViBuw/Z6MFQCViBuw.glb,5,23,12,AMBIGUOUS,0,1,0,0,0,1,-6.104031562805176,1.3347145318984985,-7.438746094703674,0.8888888888888888,0.05555555555555555,10.0141087632135,2.5,10.258590235041625,2.5,18,0.3333333333333333,1.2956421763826538,0.6890560984611511,1,0,0
val_unseen,val_unseen,548,data/scene_datasets/mp3d/Z6MFQCViBuw/Z6MFQCViBuw.glb,5,23,13,AMBIGUOUS,0,1,0,0,0,1,-5.248675346374512,1.3347145318984985,-6.58338987827301,0.7222222222222222,0.05555555555555555,8.751515612659379,2.5,8.758590235041625,2.5,18,0.3333333333333333,1.2956421763826538,0.6890560984611511,1,0,0
val_unseen,val_unseen,548,data/scene_datasets/mp3d/Z6MFQCViBuw/Z6MFQCViBuw.glb,5,23,14,AMBIGUOUS,0,1,0,0,0,1,-5.5605034828186035,1.3347145318984985,-6.895218014717102,0.8333333333333334,0.05555555555555555,10.134808971426294,2.5,10.258590235041625,2.5,18,0.3333333333333333,1.2956421763826538,0.6890560984611511,1,0,0
val_unseen,val_unseen,548,data/scene_datasets/mp3d/Z6MFQCViBuw/Z6MFQCViBuw.glb,5,23,15,AMBIGUOUS,0,1,0,0,0,1,-5.030270099639893,1.3347145318984985,-6.364984631538391,0.6666666666666666,0.05555555555555555,8.695332985252575,2.5,8.758591043727288,2.5,18,0.3333333333333333,1.2956421763826538,0.6890560984611511,1,0,0
val_unseen,val_unseen,548,data/scene_datasets/mp3d/Z6MFQCViBuw/Z6MFQCViBuw.glb,5,23,16,AMBIGUOUS,0,1,0,0,0,1,-3.6273202896118164,1.3347145318984985,-4.962034821510315,0.4444444444444444,0.05555555555555555,6.705277957902386,2.5,7.008591987193898,2.5,18,0.3333333333333333,1.2956421763826538,0.6890560984611511,1,0,0
val_unseen,val_unseen,548,data/scene_datasets/mp3d/Z6MFQCViBuw/Z6MFQCViBuw.glb,5,23,17,AMBIGUOUS,0,1,0,0,0,1,-3.8345463275909424,1.3347145318984985,-5.169260859489441,0.5,0.05555555555555555,7.003071521234285,2.5,7.008591987193896,2.5,18,0.3333333333333333,1.2956421763826538,0.6890560984611511,1,0,0
val_unseen,val_unseen,548,data/scene_datasets/mp3d/Z6MFQCViBuw/Z6MFQCViBuw.glb,5,23,18,AMBIGUOUS,0,1,0,0,0,1,-2.9867665767669678,1.3347145318984985,-4.321481108665466,0.3888888888888889,0.05555555555555555,2.649786543054454,2.5,7.008591987193897,2.5,18,0.3333333333333333,1.2956421763826538,0.6890560984611511,1,0,0
val_unseen,val_unseen,548,data/scene_datasets/mp3d/Z6MFQCViBuw/Z6MFQCViBuw.glb,5,23,19,AMBIGUOUS,0,1,0,0,0,1,-2.161156177520752,1.3347145318984985,-3.4958707094192505,0.3333333333333333,0.05555555555555555,1.8440693672920698,2.5,4.758593200222395,2.5,18,0.3333333333333333,1.2956421763826538,0.6890560984611511,1,0,0
val_unseen,val_unseen,548,data/scene_datasets/mp3d/Z6MFQCViBuw/Z6MFQCViBuw.glb,5,23,20,AMBIGUOUS,0,1,0,0,0,1,-1.9973608255386353,1.3347145318984985,-3.332075357437134,0.2777777777777778,0.05555555555555555,1.277806753811027,2.5,4.508593200222396,2.5,18,0.3333333333333333,1.2956421763826538,0.6890560984611511,1,0,0
val_unseen,val_unseen,548,data/scene_datasets/mp3d/Z6MFQCViBuw/Z6MFQCViBuw.glb,5,23,21,AMBIGUOUS,0,1,0,0,1,1,-1.1053639650344849,1.3347145318984985,-2.4400784969329834,0.2222222222222222,0.05555555555555555,2.25,2.5,2.25,2.5,18,0.3333333333333333,1.2956421763826538,0.6890560984611511,0,0,0
val_unseen,val_unseen,548,data/scene_datasets/mp3d/Z6MFQCViBuw/Z6MFQCViBuw.glb,5,23,22,AMBIGUOUS,0,1,0,0,1,1,-0.5377929210662842,1.3347145318984985,-1.8725074529647827,0.16666666666666666,0.05555555555555555,2.249999999999999,2.5,2.249999999999999,2.5,18,0.3333333333333333,1.2956421763826538,0.6890560984611511,0,0,0
val_unseen,val_unseen,548,data/scene_datasets/mp3d/Z6MFQCViBuw/Z6MFQCViBuw.glb,6,0,8,KEEP,0,1,0,1,0,0,-6.428923606872559,1.1220450401306152,-7.550968647003174,0.9473684210526315,0.05263157894736842,13.960941609732904,0.0,15.008817290080994,0.0,19,0.4,1.6151596614814654,0.7128314971923828,1,0,0
val_unseen,val_unseen,548,data/scene_datasets/mp3d/Z6MFQCViBuw/Z6MFQCViBuw.glb,6,0,9,KEEP,0,1,0,1,0,0,-6.26809024810791,1.1220450401306152,-7.390135288238525,0.8947368421052632,0.05263157894736842,13.260950763020261,0.0,14.758817290080994,0.0,19,0.4,1.6151596614814654,0.7128314971923828,1,0,0
val_unseen,val_unseen,548,data/scene_datasets/mp3d/Z6MFQCViBuw/Z6MFQCViBuw.glb,6,0,10,KEEP,0,1,0,1,0,0,-5.746606349945068,1.1220450401306152,-6.868651390075684,0.7368421052631579,0.05263157894736842,12.666619367612292,0.0,15.008817290080994,0.0,19,0.4,1.6151596614814654,0.7128314971923828,1,0,0
val_unseen,val_unseen,548,data/scene_datasets/mp3d/Z6MFQCViBuw/Z6MFQCViBuw.glb,6,0,11,KEEP,0,1,0,1,0,0,-5.301151752471924,1.1220450401306152,-6.423196792602539,0.631578947368421,0.05263157894736842,10.845826838878637,0.0,14.699451249539658,0.0,19,0.4,1.6151596614814654,0.7128314971923828,1,0,0
val_unseen,val_unseen,548,data/scene_datasets/mp3d/Z6MFQCViBuw/Z6MFQCViBuw.glb,6,0,12,KEEP,0,1,0,1,0,0,-5.087065696716309,1.1220450401306152,-6.209110736846924,0.5789473684210527,0.05263157894736842,10.501211376149245,0.0,12.491981254339475,0.0,19,0.4,1.6151596614814654,0.7128314971923828,1,0,0
val_unseen,val_unseen,548,data/scene_datasets/mp3d/Z6MFQCViBuw/Z6MFQCViBuw.glb,6,0,13,KEEP,0,1,0,1,0,0,-6.556929111480713,1.1220450401306152,-7.678974151611328,1.0,0.05263157894736842,12.500487153044556,0.0,12.758819027919683,0.0,19,0.4,1.6151596614814654,0.7128314971923828,1,0,0
val_unseen,val_unseen,548,data/scene_datasets/mp3d/Z6MFQCViBuw/Z6MFQCViBuw.glb,6,0,14,KEEP,0,1,0,1,0,0,-6.020868301391602,1.1220450401306152,-7.142913341522217,0.8421052631578947,0.05263157894736842,11.250373716445749,0.0,11.258819027919683,0.0,19,0.4,1.6151596614814654,0.7128314971923828,1,0,0
val_unseen,val_unseen,548,data/scene_datasets/mp3d/Z6MFQCViBuw/Z6MFQCViBuw.glb,6,0,15,AMBIGUOUS,0,1,0,1,0,0,-5.757964611053467,1.1220450401306152,-6.880009651184082,0.7894736842105263,0.05263157894736842,12.627515627829904,0.0,12.758819027919683,0.0,19,0.4,1.6151596614814654,0.7128314971923828,1,0,0
val_unseen,val_unseen,548,data/scene_datasets/mp3d/Z6MFQCViBuw/Z6MFQCViBuw.glb,6,0,16,KEEP,0,1,0,1,0,0,-5.569151878356934,1.1220450401306152,-6.691196918487549,0.6842105263157895,0.05263157894736842,11.18983949031404,0.0,11.258819836605346,0.0,19,0.4,1.6151596614814654,0.7128314971923828,1,0,0
val_unseen,val_unseen,548,data/scene_datasets/mp3d/Z6MFQCViBuw/Z6MFQCViBuw.glb,6,0,17,KEEP,0,1,0,1,0,0,-3.4298152923583984,1.1220450401306152,-4.551860332489014,0.47368421052631576,0.05263157894736842,9.167836794475852,0.0,9.508820780071957,0.0,19,0.4,1.6151596614814654,0.7128314971923828,1,0,0
val_unseen,val_unseen,548,data/scene_datasets/mp3d/Z6MFQCViBuw/Z6MFQCViBuw.glb,6,0,18,KEEP,0,1,0,1,0,0,-3.4909632205963135,1.1220450401306152,-4.613008260726929,0.5263157894736842,0.05263157894736842,9.501581273489226,0.0,9.508820780071956,0.0,19,0.4,1.6151596614814654,0.7128314971923828,1,0,0
val_unseen,val_unseen,548,data/scene_datasets/mp3d/Z6MFQCViBuw/Z6MFQCViBuw.glb,6,0,19,KEEP,0,1,0,1,0,0,-1.8603196144104004,1.1220450401306152,-2.9823646545410156,0.42105263157894735,0.05263157894736842,5.11290044892826,0.0,9.508820780071957,0.0,19,0.4,1.6151596614814654,0.7128314971923828,1,0,0
val_unseen,val_unseen,548,data/scene_datasets/mp3d/Z6MFQCViBuw/Z6MFQCViBuw.glb,6,0,20,KEEP,0,1,0,1,0,0,-1.8179854154586792,1.1220450401306152,-2.9400304555892944,0.3684210526315789,0.05263157894736842,3.7659922967513655,0.0,7.2588219931004545,0.0,19,0.4,1.6151596614814654,0.7128314971923828,1,0,0
val_unseen,val_unseen,548,data/scene_datasets/mp3d/Z6MFQCViBuw/Z6MFQCViBuw.glb,6,0,21,KEEP,0,1,0,1,0,0,-1.6512515544891357,1.1220450401306152,-2.773296594619751,0.3157894736842105,0.05263157894736842,3.4219284791752766,0.0,7.008821993100456,0.0,19,0.4,1.6151596614814654,0.7128314971923828,1,0,0
val_unseen,val_unseen,548,data/scene_datasets/mp3d/Z6MFQCViBuw/Z6MFQCViBuw.glb,6,0,22,KEEP,0,1,0,1,0,0,-1.0803344249725342,1.1220450401306152,-2.2023794651031494,0.21052631578947367,0.05263157894736842,3.363575600178459,0.0,4.750228792878059,0.0,19,0.4,1.6151596614814654,0.7128314971923828,1,0,0
val_unseen,val_unseen,548,data/scene_datasets/mp3d/Z6MFQCViBuw/Z6MFQCViBuw.glb,6,0,23,KEEP,0,1,0,1,1,0,-1.2294756174087524,1.1220450401306152,-2.3515206575393677,0.2631578947368421,0.05263157894736842,2.6445715622830472,0.0,4.808472620993289,0.0,19,0.4,1.6151596614814654,0.7128314971923828,0,0,0
val_unseen,val_unseen,548,data/scene_datasets/mp3d/Z6MFQCViBuw/Z6MFQCViBuw.glb,6,0,24,KEEP,0,1,0,1,1,0,0.4092135429382324,1.1220450401306152,-0.7128314971923828,0.10526315789473684,0.05263157894736842,1.7499999999999984,0.0,1.7499999999999984,0.0,19,0.4,1.6151596614814654,0.7128314971923828,0,0,0
val_unseen,val_unseen,548,data/scene_datasets/mp3d/Z6MFQCViBuw/Z6MFQCViBuw.glb,6,0,25,AMBIGUOUS,0,1,0,1,1,0,-0.03194110840559006,1.1220450401306152,-1.1539861485362053,0.15789473684210525,0.05263157894736842,2.0000000000000018,0.0,2.0000000000000018,0.0,19,0.4,1.6151596614814654,0.7128314971923828,0,0,0
val_unseen,val_unseen,1238,data/scene_datasets/mp3d/Z6MFQCViBuw/Z6MFQCViBuw.glb,9,35,0,INTERVENE,0,1,1,0,0,1,0.5553330183029175,0.9120930433273315,-0.35676002502441406,0.07692307692307693,0.038461538461538464,0.0,2.2500000000000004,0.0,2.2500000000000004,26,0.6,1.6191773646773346,0.35676002502441406,1,0,0
val_unseen,val_unseen,1238,data/scene_datasets/mp3d/Z6MFQCViBuw/Z6MFQCViBuw.glb,9,35,11,AMBIGUOUS,0,1,0,0,0,1,-4.882348537445068,0.9120930433273315,-5.7944415807724,0.6153846153846154,0.038461538461538464,12.300837236265831,2.2500000000000004,14.327290962792718,2.2500000000000004,26,0.6,1.6191773646773346,0.35676002502441406,1,0,0
val_unseen,val_unseen,1238,data/scene_datasets/mp3d/Z6MFQCViBuw/Z6MFQCViBuw.glb,9,35,12,AMBIGUOUS,0,1,0,0,0,1,-5.53155517578125,0.9120930433273315,-6.4436482191085815,0.7307692307692307,0.038461538461538464,12.878269722636215,2.2500000000000004,14.577290962792723,2.2500000000000004,26,0.6,1.6191773646773346,0.35676002502441406,1,0,0
val_unseen,val_unseen,1238,data/scene_datasets/mp3d/Z6MFQCViBuw/Z6MFQCViBuw.glb,9,35,13,AMBIGUOUS,0,1,0,0,0,1,-3.963541269302368,0.9120930433273315,-4.8756343126297,0.5,0.038461538461538464,11.250357767093677,2.2500000000000004,14.57729096279272,2.2500000000000004,26,0.6,1.6191773646773346,0.35676002502441406,1,0,0
val_unseen,val_unseen,1238,data/scene_datasets/mp3d/Z6MFQCViBuw/Z6MFQCViBuw.glb,9,35,14,AMBIGUOUS,0,1,0,0,0,1,-6.63535737991333,0.9120930433273315,-7.547450423240662,0.8461538461538461,0.038461538461538464,7.2091327820393225,2.2500000000000004,12.577298438227407,2.2500000000000004,26,0.6,1.6191773646773346,0.35676002502441406,1,0,0
val_unseen,val_unseen,1238,data/scene_datasets/mp3d/Z6MFQCViBuw/Z6MFQCViBuw.glb,9,35,15,AMBIGUOUS,0,1,0,0,0,1,-7.4486870765686035,0.9120930433273315,-8.360780119895935,0.9230769230769231,0.038461538461538464,11.024560057220048,2.2500000000000004,12.577298438227405,2.2500000000000004,26,0.6,1.6191773646773346,0.35676002502441406,1,0,0
val_unseen,val_unseen,1238,data/scene_datasets/mp3d/Z6MFQCViBuw/Z6MFQCViBuw.glb,9,35,16,AMBIGUOUS,0,1,0,0,0,1,-8.14682674407959,0.9120930433273315,-9.058919787406921,1.0,0.038461538461538464,11.432063423627675,2.2500000000000004,12.327298438227407,2.2500000000000004,26,0.6,1.6191773646773346,0.35676002502441406,1,0,0
val_unseen,val_unseen,1238,data/scene_datasets/mp3d/Z6MFQCViBuw/Z6MFQCViBuw.glb,9,35,17,AMBIGUOUS,0,1,0,0,0,1,-6.337349891662598,0.9120930433273315,-7.249442934989929,0.8076923076923077,0.038461538461538464,5.523709961430535,2.2500000000000004,10.577305913662094,2.2500000000000004,26,0.6,1.6191773646773346,0.35676002502441406,1,0,0
val_unseen,val_unseen,1238,data/scene_datasets/mp3d/Z6MFQCViBuw/Z6MFQCViBuw.glb,9,35,18,AMBIGUOUS,0,1,0,0,0,1,-7.977510929107666,0.9120930433273315,-8.889603972434998,0.9615384615384616,0.038461538461538464,9.875826869489462,2.2500000000000004,10.577305913662094,2.2500000000000004,26,0.6,1.6191773646773346,0.35676002502441406,1,0,0
val_unseen,val_unseen,1238,data/scene_datasets/mp3d/Z6MFQCViBuw/Z6MFQCViBuw.glb,9,35,19,AMBIGUOUS,0,1,0,0,0,1,-7.02797269821167,0.9120930433273315,-7.9400657415390015,0.8846153846153846,0.038461538461538464,8.182464073650875,2.2500000000000004,8.57731338909678,2.2500000000000004,26,0.6,1.6191773646773346,0.35676002502441406,1,0,0
val_unseen,val_unseen,1238,data/scene_datasets/mp3d/Z6MFQCViBuw/Z6MFQCViBuw.glb,9,35,20,AMBIGUOUS,0,1,0,0,0,1,-4.569629192352295,0.9120930433273315,-5.4817222356796265,0.5769230769230769,0.038461538461538464,4.874297725682491,2.2500000000000004,8.57731338909678,2.2500000000000004,26,0.6,1.6191773646773346,0.35676002502441406,1,0,0
val_unseen,val_unseen,1238,data/scene_datasets/mp3d/Z6MFQCViBuw/Z6MFQCViBuw.glb,9,35,21,AMBIGUOUS,0,1,0,0,0,1,-5.262735843658447,0.9120930433273315,-6.174828886985779,0.6923076923076923,0.038461538461538464,5.680622575846523,2.2500000000000004,6.327307794460725,2.2500000000000004,26,0.6,1.6191773646773346,0.35676002502441406,1,0,0
val_unseen,val_unseen,1238,data/scene_datasets/mp3d/Z6MFQCViBuw/Z6MFQCViBuw.glb,9,35,22,AMBIGUOUS,0,1,0,0,0,1,-5.051806449890137,0.9120930433273315,-5.963899493217468,0.6538461538461539,0.038461538461538464,6.195789283731659,2.2500000000000004,6.577307794460727,2.2500000000000004,26,0.6,1.6191773646773346,0.35676002502441406,1,0,0
val_unseen,val_unseen,1238,data/scene_datasets/mp3d/Z6MFQCViBuw/Z6MFQCViBuw.glb,9,35,23,KEEP,0,1,0,0,0,1,-4.232364177703857,0.9120930433273315,-5.144457221031189,0.5384615384615384,0.038461538461538464,4.549532535280767,2.2500000000000004,7.683704196015018,2.2500000000000004,26,0.6,1.6191773646773346,0.35676002502441406,1,0,0
val_unseen,val_unseen,1238,data/scene_datasets/mp3d/Z6MFQCViBuw/Z6MFQCViBuw.glb,9,35,24,AMBIGUOUS,0,1,0,0,0,1,-3.593683958053589,0.9120930433273315,-4.50577700138092,0.4230769230769231,0.038461538461538464,2.7115365352295004,2.2500000000000004,5.42539105508508,2.2500000000000004,26,0.6,1.6191773646773346,0.35676002502441406,1,0,0
val_unseen,val_unseen,1238,data/scene_datasets/mp3d/Z6MFQCViBuw/Z6MFQCViBuw.glb,9,35,25,AMBIGUOUS,0,1,0,0,0,1,-6.236995220184326,0.9120930433273315,-7.149088263511658,0.7692307692307693,0.038461538461538464,4.700520580358529,2.2500000000000004,8.312336395080862,2.2500000000000004,26,0.6,1.6191773646773346,0.35676002502441406,1,0,0
val_unseen,val_unseen,1238,data/scene_datasets/mp3d/Z6MFQCViBuw/Z6MFQCViBuw.glb,9,35,26,AMBIGUOUS,0,1,0,0,0,1,-2.9323670864105225,0.9120930433273315,-3.844460129737854,0.38461538461538464,0.038461538461538464,0.7234332086994356,2.2500000000000004,5.524818773327346,2.2500000000000004,26,0.6,1.6191773646773346,0.35676002502441406,1,0,0
val_unseen,val_unseen,1238,data/scene_datasets/mp3d/Z6MFQCViBuw/Z6MFQCViBuw.glb,9,35,27,KEEP,0,1,0,0,0,1,-3.6570513248443604,0.9120930433273315,-4.569144368171692,0.46153846153846156,0.038461538461538464,4.221723755091869,2.2500000000000004,4.577303619808004,2.2500000000000004,26,0.6,1.6191773646773346,0.35676002502441406,1,0,0
val_unseen,val_unseen,1238,data/scene_datasets/mp3d/Z6MFQCViBuw/Z6MFQCViBuw.glb,9,35,28,AMBIGUOUS,0,1,0,0,0,1,-1.4235635995864868,0.9120930433273315,-2.3356566429138184,0.11538461538461539,0.038461538461538464,4.5522723484734815,2.2500000000000004,4.577303619808003,2.2500000000000004,26,0.6,1.6191773646773346,0.35676002502441406,1,0,0
val_unseen,val_unseen,1238,data/scene_datasets/mp3d/Z6MFQCViBuw/Z6MFQCViBuw.glb,9,35,29,KEEP,0,1,0,0,0,1,-2.0584843158721924,0.9120930433273315,-2.970577359199524,0.3076923076923077,0.038461538461538464,0.3952338188800927,2.2500000000000004,5.355078139612798,2.2500000000000004,26,0.6,1.6191773646773346,0.35676002502441406,1,0,0
val_unseen,val_unseen,1238,data/scene_datasets/mp3d/Z6MFQCViBuw/Z6MFQCViBuw.glb,9,35,30,AMBIGUOUS,0,1,0,0,0,1,-1.8836971521377563,0.9120930433273315,-2.795790195465088,0.23076923076923078,0.038461538461538464,3.1878220966605384,2.2500000000000004,5.000266653074215,2.2500000000000004,26,0.6,1.6191773646773346,0.35676002502441406,1,0,0
val_unseen,val_unseen,1238,data/scene_datasets/mp3d/Z6MFQCViBuw/Z6MFQCViBuw.glb,9,35,31,AMBIGUOUS,0,1,0,0,0,1,-1.9468494653701782,0.9120930433273315,-2.8589425086975098,0.2692307692307692,0.038461538461538464,0.8056009494012452,2.2500000000000004,3.500118727987396,2.2500000000000004,26,0.6,1.6191773646773346,0.35676002502441406,1,0,0
val_unseen,val_unseen,1238,data/scene_datasets/mp3d/Z6MFQCViBuw/Z6MFQCViBuw.glb,9,35,32,AMBIGUOUS,0,1,0,0,1,1,-2.3772387504577637,0.9120930433273315,-3.289331793785095,0.34615384615384615,0.038461538461538464,2.0951455287486547,2.2500000000000004,2.0951455287486547,2.2500000000000004,26,0.6,1.6191773646773346,0.35676002502441406,0,0,0
val_unseen,val_unseen,1238,data/scene_datasets/mp3d/Z6MFQCViBuw/Z6MFQCViBuw.glb,9,35,33,AMBIGUOUS,0,1,0,0,0,1,-1.6356483697891235,0.9120930433273315,-2.547741413116455,0.15384615384615385,0.038461538461538464,2.2915590588604102,2.2500000000000004,3.7501187279873944,2.2500000000000004,26,0.6,1.6191773646773346,0.35676002502441406,1,0,0
val_unseen,val_unseen,1238,data/scene_datasets/mp3d/Z6MFQCViBuw/Z6MFQCViBuw.glb,9,35,34,AMBIGUOUS,0,1,0,0,1,1,-1.706889033317566,0.9120930433273315,-2.6189820766448975,0.19230769230769232,0.038461538461538464,2.25,2.2500000000000004,2.25,2.2500000000000004,26,0.6,1.6191773646773346,0.35676002502441406,0,0,0
val_unseen,val_unseen,1238,data/scene_datasets/mp3d/Z6MFQCViBuw/Z6MFQCViBuw.glb,10,0,12,KEEP,0,1,0,1,0,0,-5.02219820022583,0.6737135648727417,-5.695911765098572,0.6333333333333333,0.03333333333333333,14.25609494989037,0.0,16.577967572694778,0.0,30,0.6666666666666666,2.044462766392476,0.135650634765625,1,0,0
val_unseen,val_unseen,1238,data/scene_datasets/mp3d/Z6MFQCViBuw/Z6MFQCViBuw.glb,10,0,13,KEEP,0,1,0,1,0,0,-5.129247665405273,0.6737135648727417,-5.802961230278015,0.6666666666666666,0.03333333333333333,14.846994940861483,0.0,16.82796757269478,0.0,30,0.6666666666666666,2.044462766392476,0.135650634765625,1,0,0
val_unseen,val_unseen,1238,data/scene_datasets/mp3d/Z6MFQCViBuw/Z6MFQCViBuw.glb,10,0,14,KEEP,0,1,0,1,0,0,-5.622994899749756,0.6737135648727417,-6.296708464622498,0.7666666666666667,0.03333333333333333,13.151526876542718,0.0,16.82796757269478,0.0,30,0.6666666666666666,2.044462766392476,0.135650634765625,1,0,0
val_unseen,val_unseen,1238,data/scene_datasets/mp3d/Z6MFQCViBuw/Z6MFQCViBuw.glb,10,0,15,KEEP,0,1,0,1,0,0,-6.064752101898193,0.6737135648727417,-6.738465666770935,0.8333333333333334,0.03333333333333333,9.383003292043623,0.0,14.827975048129467,0.0,30,0.6666666666666666,2.044462766392476,0.135650634765625,1,0,0
val_unseen,val_unseen,1238,data/scene_datasets/mp3d/Z6MFQCViBuw/Z6MFQCViBuw.glb,10,0,16,KEEP,0,1,0,1,0,0,-7.695352554321289,0.6737135648727417,-8.36906611919403,0.9333333333333333,0.03333333333333333,13.048373959799438,0.0,14.827975048129467,0.0,30,0.6666666666666666,2.044462766392476,0.135650634765625,1,0,0
val_unseen,val_unseen,1238,data/scene_datasets/mp3d/Z6MFQCViBuw/Z6MFQCViBuw.glb,10,0,17,KEEP,0,1,0,1,0,0,-8.167913436889648,0.6737135648727417,-8.84162700176239,1.0,0.03333333333333333,13.571475870381757,0.0,14.577975048129467,0.0,30,0.6666666666666666,2.044462766392476,0.135650634765625,1,0,0
val_unseen,val_unseen,1238,data/scene_datasets/mp3d/Z6MFQCViBuw/Z6MFQCViBuw.glb,10,0,18,KEEP,0,1,0,1,0,0,-5.365545272827148,0.6737135648727417,-6.03925883769989,0.7333333333333333,0.03333333333333333,7.759932805727429,0.0,12.827982523564154,0.0,30,0.6666666666666666,2.044462766392476,0.135650634765625,1,0,0
val_unseen,val_unseen,1238,data/scene_datasets/mp3d/Z6MFQCViBuw/Z6MFQCViBuw.glb,10,0,19,KEEP,0,1,0,1,0,0,-8.069520950317383,0.6737135648727417,-8.743234515190125,0.9666666666666667,0.03333333333333333,12.053219128848765,0.0,12.827982523564152,0.0,30,0.6666666666666666,2.044462766392476,0.135650634765625,1,0,0
val_unseen,val_unseen,1238,data/scene_datasets/mp3d/Z6MFQCViBuw/Z6MFQCViBuw.glb,10,0,20,KEEP,0,1,0,1,0,0,-6.600178241729736,0.6737135648727417,-7.273891806602478,0.9,0.03333333333333333,10.408500537083782,0.0,10.827989998998842,0.0,30,0.6666666666666666,2.044462766392476,0.135650634765625,1,0,0
val_unseen,val_unseen,1238,data/scene_datasets/mp3d/Z6MFQCViBuw/Z6MFQCViBuw.glb,10,0,21,KEEP,0,1,0,1,0,0,-4.8219499588012695,0.6737135648727417,-5.495663523674011,0.5666666666666667,0.03333333333333333,7.053336789787122,0.0,10.827989998998842,0.0,30,0.6666666666666666,2.044462766392476,0.135650634765625,1,0,0
val_unseen,val_unseen,1238,data/scene_datasets/mp3d/Z6MFQCViBuw/Z6MFQCViBuw.glb,10,0,22,KEEP,0,1,0,1,0,0,-5.178055763244629,0.6737135648727417,-5.851769328117371,0.7,0.03333333333333333,7.893210456416273,0.0,8.577984404362786,0.0,30,0.6666666666666666,2.044462766392476,0.135650634765625,1,0,0
val_unseen,val_unseen,1238,data/scene_datasets/mp3d/Z6MFQCViBuw/Z6MFQCViBuw.glb,10,0,23,KEEP,0,1,0,1,0,0,-4.828379154205322,0.6737135648727417,-5.502092719078064,0.6,0.03333333333333333,8.430811734229742,0.0,8.827984404362788,0.0,30,0.6666666666666666,2.044462766392476,0.135650634765625,1,0,0
val_unseen,val_unseen,1238,data/scene_datasets/mp3d/Z6MFQCViBuw/Z6MFQCViBuw.glb,10,0,24,KEEP,0,1,0,1,0,0,-5.756394863128662,0.6737135648727417,-6.430108428001404,0.8,0.03333333333333333,6.36245318171838,0.0,9.934380805917078,0.0,30,0.6666666666666666,2.044462766392476,0.135650634765625,1,0,0
val_unseen,val_unseen,1238,data/scene_datasets/mp3d/Z6MFQCViBuw/Z6MFQCViBuw.glb,10,0,25,KEEP,0,1,0,1,0,0,-3.5894298553466797,0.6737135648727417,-4.263143420219421,0.5,0.03333333333333333,4.926546982573595,0.0,7.676067664987141,0.0,30,0.6666666666666666,2.044462766392476,0.135650634765625,1,0,0
val_unseen,val_unseen,1238,data/scene_datasets/mp3d/Z6MFQCViBuw/Z6MFQCViBuw.glb,10,0,26,KEEP,0,1,0,1,0,0,-6.566773891448975,0.6737135648727417,-7.240487456321716,0.8666666666666667,0.03333333333333333,6.9268810128615605,0.0,10.563013004982924,0.0,30,0.6666666666666666,2.044462766392476,0.135650634765625,1,0,0
val_unseen,val_unseen,1238,data/scene_datasets/mp3d/Z6MFQCViBuw/Z6MFQCViBuw.glb,10,0,27,AMBIGUOUS,0,1,0,1,0,0,-3.572627544403076,0.6737135648727417,-4.246341109275818,0.4666666666666667,0.03333333333333333,2.6667343416142657,0.0,7.775495383229407,0.0,30,0.6666666666666666,2.044462766392476,0.135650634765625,1,0,0
val_unseen,val_unseen,1238,data/scene_datasets/mp3d/Z6MFQCViBuw/Z6MFQCViBuw.glb,10,0,28,KEEP,0,1,0,1,0,0,-4.029740333557129,0.6737135648727417,-4.703453898429871,0.5333333333333333,0.03333333333333333,6.466866215094114,0.0,6.8279802297100645,0.0,30,0.6666666666666666,2.044462766392476,0.135650634765625,1,0,0
val_unseen,val_unseen,1238,data/scene_datasets/mp3d/Z6MFQCViBuw/Z6MFQCViBuw.glb,10,0,29,KEEP,0,1,0,1,0,0,-1.7972133159637451,0.6737135648727417,-2.470926880836487,0.3,0.03333333333333333,6.668405700785733,0.0,6.8279802297100645,0.0,30,0.6666666666666666,2.044462766392476,0.135650634765625,1,0,0
val_unseen,val_unseen,1238,data/scene_datasets/mp3d/Z6MFQCViBuw/Z6MFQCViBuw.glb,10,0,30,AMBIGUOUS,0,1,0,1,0,0,-2.413015604019165,0.6737135648727417,-3.0867291688919067,0.4,0.03333333333333333,1.9581861172102244,0.0,7.60575474951486,0.0,30,0.6666666666666666,2.044462766392476,0.135650634765625,1,0,0
val_unseen,val_unseen,1238,data/scene_datasets/mp3d/Z6MFQCViBuw/Z6MFQCViBuw.glb,10,0,31,KEEP,0,1,0,1,0,0,-1.8726598024368286,0.6737135648727417,-2.5463733673095703,0.3333333333333333,0.03333333333333333,5.081908587033668,0.0,7.250943262976275,0.0,30,0.6666666666666666,2.044462766392476,0.135650634765625,1,0,0
val_unseen,val_unseen,1238,data/scene_datasets/mp3d/Z6MFQCViBuw/Z6MFQCViBuw.glb,10,0,32,AMBIGUOUS,0,1,0,1,0,0,-1.7794893980026245,0.6737135648727417,-2.453202962875366,0.23333333333333334,0.03333333333333333,2.7120310124812064,0.0,5.750795337889457,0.0,30,0.6666666666666666,2.044462766392476,0.135650634765625,1,0,0
val_unseen,val_unseen,1238,data/scene_datasets/mp3d/Z6MFQCViBuw/Z6MFQCViBuw.glb,10,0,33,AMBIGUOUS,0,1,0,1,0,0,-2.0686779022216797,0.6737135648727417,-2.7423914670944214,0.36666666666666664,0.03333333333333333,4.117311366927514,0.0,4.345822138650716,0.0,30,0.6666666666666666,2.044462766392476,0.135650634765625,1,0,0
val_unseen,val_unseen,1238,data/scene_datasets/mp3d/Z6MFQCViBuw/Z6MFQCViBuw.glb,10,0,34,KEEP,0,1,0,1,0,0,-1.5995599031448364,0.6737135648727417,-2.273273468017578,0.2,0.03333333333333333,3.983065535563113,0.0,6.000795337889455,0.0,30,0.6666666666666666,2.044462766392476,0.135650634765625,1,0,0
val_unseen,val_unseen,1238,data/scene_datasets/mp3d/Z6MFQCViBuw/Z6MFQCViBuw.glb,10,0,35,KEEP,0,1,0,1,0,0,-2.5713162422180176,0.6737135648727417,-3.2450298070907593,0.43333333333333335,0.03333333333333333,3.5705199533146574,0.0,4.500676609902062,0.0,30,0.6666666666666666,2.044462766392476,0.135650634765625,1,0,0
val_unseen,val_unseen,1238,data/scene_datasets/mp3d/Z6MFQCViBuw/Z6MFQCViBuw.glb,10,0,36,KEEP,0,1,0,1,1,0,0.5380629301071167,0.6737135648727417,-0.135650634765625,0.06666666666666667,0.03333333333333333,0.9999999999999992,0.0,0.9999999999999992,0.0,30,0.6666666666666666,2.044462766392476,0.135650634765625,0,0,0
val_unseen,val_unseen,1238,data/scene_datasets/mp3d/Z6MFQCViBuw/Z6MFQCViBuw.glb,10,0,37,AMBIGUOUS,0,1,0,1,1,0,-1.7851253747940063,0.6737135648727417,-2.458838939666748,0.26666666666666666,0.03333333333333333,2.5000000000000018,0.0,2.5000000000000018,0.0,30,0.6666666666666666,2.044462766392476,0.135650634765625,0,0,0
val_unseen,val_unseen,1238,data/scene_datasets/mp3d/Z6MFQCViBuw/Z6MFQCViBuw.glb,10,0,38,AMBIGUOUS,0,1,0,1,1,0,-1.5958189964294434,0.6737135648727417,-2.269532561302185,0.16666666666666666,0.03333333333333333,1.9999999999999993,0.0,1.9999999999999993,0.0,30,0.6666666666666666,2.044462766392476,0.135650634765625,0,0,0
val_unseen,val_unseen,1238,data/scene_datasets/mp3d/Z6MFQCViBuw/Z6MFQCViBuw.glb,10,0,39,AMBIGUOUS,0,1,0,1,1,0,-1.1195709705352783,0.6737135648727417,-1.79328453540802,0.13333333333333333,0.03333333333333333,1.2499999999999998,0.0,1.2499999999999998,0.0,30,0.6666666666666666,2.044462766392476,0.135650634765625,0,0,0
val_unseen,val_unseen,1238,data/scene_datasets/mp3d/Z6MFQCViBuw/Z6MFQCViBuw.glb,10,0,40,KEEP,0,1,0,1,1,0,-0.6394934058189392,0.6737135648727417,-1.313206970691681,0.1,0.03333333333333333,1.2499999999999996,0.0,1.2499999999999996,0.0,30,0.6666666666666666,2.044462766392476,0.135650634765625,0,0,0
val_unseen,val_unseen,1593,data/scene_datasets/mp3d/8194nk5LbLH/8194nk5LbLH.glb,4,17,0,INTERVENE,0,1,1,0,0,1,-2.7729623317718506,1.3090753555297852,-4.082037687301636,0.2857142857142857,0.07142857142857142,0.0,2.0,0.0,2.0,14,0.26666666666666666,1.0569256296893228,0.7019649147987366,1,0,0
val_unseen,val_unseen,1593,data/scene_datasets/mp3d/8194nk5LbLH/8194nk5LbLH.glb,4,17,6,AMBIGUOUS,0,1,0,0,0,1,-5.7824931144714355,1.3090753555297852,-7.091568470001221,0.35714285714285715,0.07142857142857142,6.953290209118466,2.0,9.749999920975593,2.0,14,0.26666666666666666,1.0569256296893228,0.7019649147987366,1,0,1
val_unseen,val_unseen,1593,data/scene_datasets/mp3d/8194nk5LbLH/8194nk5LbLH.glb,4,17,7,AMBIGUOUS,0,1,0,0,0,1,-6.351879596710205,1.3090753555297852,-7.66095495223999,0.5714285714285714,0.07142857142857142,6.746537913977425,2.0,9.999999920975593,2.0,14,0.26666666666666666,1.0569256296893228,0.7019649147987366,1,0,1
val_unseen,val_unseen,1593,data/scene_datasets/mp3d/8194nk5LbLH/8194nk5LbLH.glb,4,17,8,KEEP,0,1,0,0,0,1,-7.484169006347656,1.3090753555297852,-8.793244361877441,1.0,0.07142857142857142,4.638982640872029,2.0,9.224112700214516,2.0,14,0.26666666666666666,1.0569256296893228,0.7019649147987366,1,0,0
val_unseen,val_unseen,1593,data/scene_datasets/mp3d/8194nk5LbLH/8194nk5LbLH.glb,4,17,9,AMBIGUOUS,0,1,0,0,0,1,-5.997139930725098,1.3090753555297852,-7.306215286254883,0.42857142857142855,0.07142857142857142,5.065326018891192,2.0,8.749999920975592,2.0,14,0.26666666666666666,1.0569256296893228,0.7019649147987366,1,0,1
val_unseen,val_unseen,1593,data/scene_datasets/mp3d/8194nk5LbLH/8194nk5LbLH.glb,4,17,10,KEEP,0,1,0,0,0,1,-6.918721675872803,1.3090753555297852,-8.227797031402588,0.6428571428571429,0.07142857142857142,3.9094215101019407,2.0,8.187138680939483,2.0,14,0.26666666666666666,1.0569256296893228,0.7019649147987366,1,0,0
val_unseen,val_unseen,1593,data/scene_datasets/mp3d/8194nk5LbLH/8194nk5LbLH.glb,4,17,11,AMBIGUOUS,0,1,0,0,0,1,-7.015000343322754,1.3090753555297852,-8.324075698852539,0.7142857142857143,0.07142857142857142,6.590041718695987,2.0,7.750000298421435,2.0,14,0.26666666666666666,1.0569256296893228,0.7019649147987366,1,0,1
val_unseen,val_unseen,1593,data/scene_datasets/mp3d/8194nk5LbLH/8194nk5LbLH.glb,4,17,12,AMBIGUOUS,0,1,0,0,0,1,-7.452040195465088,1.3090753555297852,-8.761115550994873,0.8571428571428571,0.07142857142857142,5.606031636185078,2.0,5.749999577588022,2.0,14,0.26666666666666666,1.0569256296893228,0.7019649147987366,1,0,1
val_unseen,val_unseen,1593,data/scene_datasets/mp3d/8194nk5LbLH/8194nk5LbLH.glb,4,17,13,KEEP,0,1,0,0,0,1,-7.4546098709106445,1.3090753555297852,-8.76368522644043,0.9285714285714286,0.07142857142857142,3.8810432754046005,2.0,4.749999577588022,2.0,14,0.26666666666666666,1.0569256296893228,0.7019649147987366,1,0,0
val_unseen,val_unseen,1593,data/scene_datasets/mp3d/8194nk5LbLH/8194nk5LbLH.glb,4,17,14,KEEP,0,1,0,0,0,1,-6.250758647918701,1.3090753555297852,-7.559834003448486,0.5,0.07142857142857142,3.687487261538732,2.0,3.7499999929779415,2.0,14,0.26666666666666666,1.0569256296893228,0.7019649147987366,1,0,0
val_unseen,val_unseen,1593,data/scene_datasets/mp3d/8194nk5LbLH/8194nk5LbLH.glb,4,17,15,KEEP,0,1,0,0,0,1,-7.042479515075684,1.3090753555297852,-8.351554870605469,0.7857142857142857,0.07142857142857142,3.2455723283388243,2.0,3.2499999929779415,2.0,14,0.26666666666666666,1.0569256296893228,0.7019649147987366,1,0,0
val_unseen,val_unseen,1593,data/scene_datasets/mp3d/8194nk5LbLH/8194nk5LbLH.glb,4,17,16,AMBIGUOUS,0,1,0,0,1,1,0.2374524474143982,1.3090753555297852,-1.071622908115387,0.21428571428571427,0.07142857142857142,1.4999999999999998,2.0,1.4999999999999998,2.0,14,0.26666666666666666,1.0569256296893228,0.7019649147987366,0,0,0
val_unseen,val_unseen,1593,data/scene_datasets/mp3d/8194nk5LbLH/8194nk5LbLH.glb,4,17,18,INTERVENE,0,1,0,0,1,1,0.6071104407310486,1.3090753555297852,-0.7019649147987366,0.14285714285714285,0.07142857142857142,2.0,2.0,2.0,2.0,14,0.26666666666666666,1.0569256296893228,0.7019649147987366,0,0,1
val_unseen,val_unseen,1593,data/scene_datasets/mp3d/8194nk5LbLH/8194nk5LbLH.glb,5,0,7,AMBIGUOUS,0,1,0,1,0,0,-7.735311985015869,0.41737672686576843,-8.152688711881638,0.6470588235294118,0.058823529411764705,8.952829804311506,0.0,11.74999994519257,0.0,17,0.3333333333333333,1.5237052421664814,0.9862803518772125,1,0,0
val_unseen,val_unseen,1593,data/scene_datasets/mp3d/8194nk5LbLH/8194nk5LbLH.glb,5,0,8,AMBIGUOUS,0,1,0,1,0,0,-7.909924507141113,0.41737672686576843,-8.327301234006882,0.7058823529411765,0.058823529411764705,8.739047040403115,0.0,11.99999994519257,0.0,17,0.3333333333333333,1.5237052421664814,0.9862803518772125,1,0,0
val_unseen,val_unseen,1593,data/scene_datasets/mp3d/8194nk5LbLH/8194nk5LbLH.glb,5,0,9,KEEP,0,1,0,1,0,0,-8.196965217590332,0.41737672686576843,-8.6143419444561,0.9411764705882353,0.058823529411764705,6.629273386317991,0.0,11.224112724431492,0.0,17,0.3333333333333333,1.5237052421664814,0.9862803518772125,1,0,0
val_unseen,val_unseen,1593,data/scene_datasets/mp3d/8194nk5LbLH/8194nk5LbLH.glb,5,0,10,AMBIGUOUS,0,1,0,1,0,0,-7.271204948425293,0.41737672686576843,-7.688581675291061,0.5294117647058824,0.058823529411764705,7.043785901262599,0.0,10.74999994519257,0.0,17,0.3333333333333333,1.5237052421664814,0.9862803518772125,1,0,0
val_unseen,val_unseen,1593,data/scene_datasets/mp3d/8194nk5LbLH/8194nk5LbLH.glb,5,0,11,AMBIGUOUS,0,1,0,1,0,0,-8.006467819213867,0.41737672686576843,-8.423844546079636,0.7647058823529411,0.058823529411764705,5.8088079424099215,0.0,10.18713870515646,0.0,17,0.3333333333333333,1.5237052421664814,0.9862803518772125,1,0,0
val_unseen,val_unseen,1593,data/scene_datasets/mp3d/8194nk5LbLH/8194nk5LbLH.glb,5,0,12,AMBIGUOUS,0,1,0,1,0,0,-8.04362678527832,0.41737672686576843,-8.461003512144089,0.8823529411764706,0.058823529411764705,8.12712419552044,0.0,9.750000322638412,0.0,17,0.3333333333333333,1.5237052421664814,0.9862803518772125,1,0,0
val_unseen,val_unseen,1593,data/scene_datasets/mp3d/8194nk5LbLH/8194nk5LbLH.glb,5,0,13,AMBIGUOUS,0,1,0,1,0,0,-8.20739459991455,0.41737672686576843,-8.62477132678032,1.0,0.058823529411764705,7.264646205732097,0.0,7.749999601804998,0.0,17,0.3333333333333333,1.5237052421664814,0.9862803518772125,1,0,0
val_unseen,val_unseen,1593,data/scene_datasets/mp3d/8194nk5LbLH/8194nk5LbLH.glb,5,0,14,AMBIGUOUS,0,1,0,1,0,0,-8.012636184692383,0.41737672686576843,-8.430012911558151,0.8235294117647058,0.058823529411764705,5.835484381190046,0.0,6.749999601804998,0.0,17,0.3333333333333333,1.5237052421664814,0.9862803518772125,1,0,1
val_unseen,val_unseen,1593,data/scene_datasets/mp3d/8194nk5LbLH/8194nk5LbLH.glb,5,0,15,AMBIGUOUS,0,1,0,1,0,0,-7.470829010009766,0.41737672686576843,-7.888205736875534,0.5882352941176471,0.058823529411764705,5.356706521895716,0.0,5.750000017194918,0.0,17,0.3333333333333333,1.5237052421664814,0.9862803518772125,1,0,0
val_unseen,val_unseen,1593,data/scene_datasets/mp3d/8194nk5LbLH/8194nk5LbLH.glb,5,0,16,AMBIGUOUS,0,1,0,1,0,0,-7.218975067138672,0.41737672686576843,-7.63635179400444,0.47058823529411764,0.058823529411764705,5.044801357056593,0.0,5.250000017194918,0.0,17,0.3333333333333333,1.5237052421664814,0.9862803518772125,1,0,1
val_unseen,val_unseen,1593,data/scene_datasets/mp3d/8194nk5LbLH/8194nk5LbLH.glb,5,0,17,KEEP,0,1,0,1,1,0,-2.2923386096954346,0.41737672686576843,-2.709715336561203,0.35294117647058826,0.058823529411764705,0.9623709831854987,0.0,0.9623709831854987,0.0,17,0.3333333333333333,1.5237052421664814,0.9862803518772125,0,0,0
val_unseen,val_unseen,1593,data/scene_datasets/mp3d/8194nk5LbLH/8194nk5LbLH.glb,5,0,18,AMBIGUOUS,0,1,0,1,0,0,-0.5689036250114441,0.41737672686576843,-0.9862803518772125,0.11764705882352941,0.058823529411764705,1.530733712974294,0.0,4.000000024216977,0.0,17,0.3333333333333333,1.5237052421664814,0.9862803518772125,1,0,0
val_unseen,val_unseen,1593,data/scene_datasets/mp3d/8194nk5LbLH/8194nk5LbLH.glb,5,0,19,KEEP,0,1,0,1,1,0,-1.279050350189209,0.41737672686576843,-1.6964270770549774,0.23529411764705882,0.058823529411764705,0.9999999999999999,0.0,0.9999999999999999,0.0,17,0.3333333333333333,1.5237052421664814,0.9862803518772125,0,0,0
val_unseen,val_unseen,1593,data/scene_datasets/mp3d/8194nk5LbLH/8194nk5LbLH.glb,5,0,20,AMBIGUOUS,0,1,0,1,1,0,-2.4916608333587646,0.41737672686576843,-2.909037560224533,0.4117647058823529,0.058823529411764705,1.25,0.0,1.25,0.0,17,0.3333333333333333,1.5237052421664814,0.9862803518772125,0,0,0
val_unseen,val_unseen,1593,data/scene_datasets/mp3d/8194nk5LbLH/8194nk5LbLH.glb,5,0,21,AMBIGUOUS,0,1,0,1,1,0,-1.7167820930480957,0.41737672686576843,-2.134158819913864,0.29411764705882354,0.058823529411764705,2.0,0.0,2.0,0.0,17,0.3333333333333333,1.5237052421664814,0.9862803518772125,0,0,0
val_unseen,val_unseen,1593,data/scene_datasets/mp3d/8194nk5LbLH/8194nk5LbLH.glb,5,0,22,KEEP,0,1,0,1,1,0,-0.8825750350952148,0.41737672686576843,-1.2999517619609833,0.17647058823529413,0.058823529411764705,2.25,0.0,2.25,0.0,17,0.3333333333333333,1.5237052421664814,0.9862803518772125,0,0,0
val_unseen,val_unseen,221,data/scene_datasets/mp3d/8194nk5LbLH/8194nk5LbLH.glb,3,13,0,INTERVENE,0,1,1,0,0,1,-7.5771870613098145,1.2448508739471436,-8.822037935256958,1.0,0.1,3.6227991302322904,1.25,3.7499995724291666,1.25,10,0.2,0.371995598122705,2.572120189666748,1,0,0
val_unseen,val_unseen,221,data/scene_datasets/mp3d/8194nk5LbLH/8194nk5LbLH.glb,3,13,5,AMBIGUOUS,0,1,0,0,0,1,-7.1465229988098145,1.2448508739471436,-8.391373872756958,0.8,0.1,5.149244977348034,1.25,5.199697068369357,1.25,10,0.2,0.371995598122705,2.572120189666748,1,0,0
val_unseen,val_unseen,221,data/scene_datasets/mp3d/8194nk5LbLH/8194nk5LbLH.glb,3,13,6,AMBIGUOUS,0,1,0,0,0,1,-7.392508506774902,1.2448508739471436,-8.637359380722046,0.9,0.1,5.243075806967337,1.25,5.4172753549220225,1.25,10,0.2,0.371995598122705,2.572120189666748,1,0,0
val_unseen,val_unseen,221,data/scene_datasets/mp3d/8194nk5LbLH/8194nk5LbLH.glb,3,13,7,INTERVENE,0,1,0,0,0,1,-4.5841498374938965,1.2448508739471436,-5.82900071144104,0.5,0.1,2.4714986894881683,1.25,5.4172753549220225,1.25,10,0.2,0.371995598122705,2.572120189666748,1,0,0
val_unseen,val_unseen,221,data/scene_datasets/mp3d/8194nk5LbLH/8194nk5LbLH.glb,3,13,8,INTERVENE,0,1,0,0,0,1,-4.14610481262207,1.2448508739471436,-5.390955686569214,0.4,0.1,3.775458176559085,1.25,4.749999572429166,1.25,10,0.2,0.371995598122705,2.572120189666748,1,0,0
val_unseen,val_unseen,221,data/scene_datasets/mp3d/8194nk5LbLH/8194nk5LbLH.glb,3,13,9,INTERVENE,0,1,0,0,0,1,-5.421964645385742,1.2448508739471436,-6.666815519332886,0.6,0.1,5.2522342134076645,1.25,5.499999572429166,1.25,10,0.2,0.371995598122705,2.572120189666748,1,0,0
val_unseen,val_unseen,221,data/scene_datasets/mp3d/8194nk5LbLH/8194nk5LbLH.glb,3,13,10,AMBIGUOUS,0,1,0,0,0,1,-3.222506284713745,1.2448508739471436,-4.467357158660889,0.3,0.1,3.1169730931506523,1.25,3.249999954698907,1.25,10,0.2,0.371995598122705,2.572120189666748,1,0,0
val_unseen,val_unseen,221,data/scene_datasets/mp3d/8194nk5LbLH/8194nk5LbLH.glb,3,13,11,AMBIGUOUS,0,1,0,0,0,1,-6.4752888679504395,1.2448508739471436,-7.720139741897583,0.7,0.1,3.498800585359767,1.25,3.4999999546989073,1.25,10,0.2,0.371995598122705,2.572120189666748,1,0,0
val_unseen,val_unseen,221,data/scene_datasets/mp3d/8194nk5LbLH/8194nk5LbLH.glb,3,13,12,INTERVENE,0,1,0,0,1,1,-1.3272693157196045,1.2448508739471436,-2.572120189666748,0.2,0.1,1.25,1.25,1.25,1.25,10,0.2,0.371995598122705,2.572120189666748,0,0,0
val_unseen,val_unseen,221,data/scene_datasets/mp3d/8194nk5LbLH/8194nk5LbLH.glb,4,14,0,INTERVENE,0,1,1,0,0,1,-7.580191135406494,-0.46285539865493774,-7.117335736751556,1.0,0.08333333333333333,4.343119524476795,1.5,4.983596005120748,1.5,12,0.26666666666666666,1.1143171597867187,0.9315935969352722,1,0,0
val_unseen,val_unseen,221,data/scene_datasets/mp3d/8194nk5LbLH/8194nk5LbLH.glb,4,14,6,AMBIGUOUS,0,1,0,0,0,1,-6.8788862228393555,-0.46285539865493774,-6.416030824184418,0.8333333333333334,0.08333333333333333,6.192775912397086,1.5,6.433293501060938,1.5,12,0.26666666666666666,1.1143171597867187,0.9315935969352722,1,0,0
val_unseen,val_unseen,221,data/scene_datasets/mp3d/8194nk5LbLH/8194nk5LbLH.glb,4,14,7,AMBIGUOUS,0,1,0,0,0,1,-7.124356746673584,-0.46285539865493774,-6.661501348018646,0.9166666666666666,0.08333333333333333,6.142909067868414,1.5,6.650871787613603,1.5,12,0.26666666666666666,1.1143171597867187,0.9315935969352722,1,0,0
val_unseen,val_unseen,221,data/scene_datasets/mp3d/8194nk5LbLH/8194nk5LbLH.glb,4,14,8,AMBIGUOUS,0,1,0,0,0,1,-4.842137813568115,-0.46285539865493774,-4.3792824149131775,0.4166666666666667,0.08333333333333333,3.4233232257866506,1.5,6.650871787613603,1.5,12,0.26666666666666666,1.1143171597867187,0.9315935969352722,1,0,0
val_unseen,val_unseen,221,data/scene_datasets/mp3d/8194nk5LbLH/8194nk5LbLH.glb,4,14,9,AMBIGUOUS,0,1,0,0,0,1,-5.3676934242248535,-0.46285539865493774,-4.904838025569916,0.5833333333333334,0.08333333333333333,4.223479736381103,1.5,5.983596005120748,1.5,12,0.26666666666666666,1.1143171597867187,0.9315935969352722,1,0,0
val_unseen,val_unseen,221,data/scene_datasets/mp3d/8194nk5LbLH/8194nk5LbLH.glb,4,14,10,AMBIGUOUS,0,1,0,0,0,1,-5.477218151092529,-0.46285539865493774,-5.0143627524375916,0.6666666666666666,0.08333333333333333,5.786828750296255,1.5,6.733596005120748,1.5,12,0.26666666666666666,1.1143171597867187,0.9315935969352722,1,0,0
val_unseen,val_unseen,221,data/scene_datasets/mp3d/8194nk5LbLH/8194nk5LbLH.glb,4,14,11,AMBIGUOUS,0,1,0,0,0,1,-4.126380443572998,-0.46285539865493774,-3.6635250449180603,0.3333333333333333,0.08333333333333333,4.2254063236532895,1.5,4.483596387390488,1.5,12,0.26666666666666666,1.1143171597867187,0.9315935969352722,1,0,0
val_unseen,val_unseen,221,data/scene_datasets/mp3d/8194nk5LbLH/8194nk5LbLH.glb,4,14,12,AMBIGUOUS,0,1,0,0,0,1,-6.5421857833862305,-0.46285539865493774,-6.079330384731293,0.75,0.08333333333333333,4.42876482152714,1.5,4.733596387390489,1.5,12,0.26666666666666666,1.1143171597867187,0.9315935969352722,1,0,0
val_unseen,val_unseen,221,data/scene_datasets/mp3d/8194nk5LbLH/8194nk5LbLH.glb,4,14,13,INTERVENE,0,1,0,0,1,1,-1.9673209190368652,-0.46285539865493774,-1.5044655203819275,0.25,0.08333333333333333,1.0987745830947584,1.5,1.0987745830947584,1.5,12,0.26666666666666666,1.1143171597867187,0.9315935969352722,0,0,0
val_unseen,val_unseen,221,data/scene_datasets/mp3d/8194nk5LbLH/8194nk5LbLH.glb,4,14,15,AMBIGUOUS,0,1,0,0,1,1,-5.217803001403809,-0.46285539865493774,-4.754947602748871,0.5,0.08333333333333333,1.9999999999999998,1.5,1.9999999999999998,1.5,12,0.26666666666666666,1.1143171597867187,0.9315935969352722,0,0,0
val_unseen,val_unseen,221,data/scene_datasets/mp3d/8194nk5LbLH/8194nk5LbLH.glb,4,14,16,AMBIGUOUS,0,1,0,0,1,1,-1.39444899559021,-0.46285539865493774,-0.9315935969352722,0.16666666666666666,0.08333333333333333,1.75,1.5,1.75,1.5,12,0.26666666666666666,1.1143171597867187,0.9315935969352722,0,0,0
val_unseen,val_unseen,221,data/scene_datasets/mp3d/8194nk5LbLH/8194nk5LbLH.glb,8,17,0,AMBIGUOUS,0,1,1,0,0,0,-7.1599650382995605,-2.654636859893799,-4.505328178405762,0.9411764705882353,0.058823529411764705,0.9999996900101652,2.9269940962562817,0.9999996900101652,5.207822933821415,17,0.5333333333333333,2.3511879369160353,0.011972665786743164,1,0,0
val_unseen,val_unseen,221,data/scene_datasets/mp3d/8194nk5LbLH/8194nk5LbLH.glb,8,17,10,AMBIGUOUS,0,1,0,0,0,0,-6.624510288238525,-2.654636859893799,-3.9698734283447266,0.8235294117647058,0.058823529411764705,8.084843192019362,2.9269940962562817,10.542341851787596,5.207822933821415,17,0.5333333333333333,2.3511879369160353,0.011972665786743164,1,0,0
val_unseen,val_unseen,221,data/scene_datasets/mp3d/8194nk5LbLH/8194nk5LbLH.glb,8,17,11,AMBIGUOUS,0,1,0,0,0,0,-7.320629596710205,-2.654636859893799,-4.665992736816406,1.0,0.058823529411764705,8.535322929948034,2.9269940962562817,10.759920138340261,5.207822933821415,17,0.5333333333333333,2.3511879369160353,0.011972665786743164,1,0,0
val_unseen,val_unseen,221,data/scene_datasets/mp3d/8194nk5LbLH/8194nk5LbLH.glb,8,17,12,INTERVENE,0,1,0,0,0,0,-4.201344013214111,-2.654636859893799,-1.5467071533203125,0.5882352941176471,0.058823529411764705,5.948199644811804,2.9269940962562817,10.759920138340261,5.207822933821415,17,0.5333333333333333,2.3511879369160353,0.011972665786743164,1,0,0
val_unseen,val_unseen,221,data/scene_datasets/mp3d/8194nk5LbLH/8194nk5LbLH.glb,8,17,13,AMBIGUOUS,0,1,0,0,0,0,-6.177670001983643,-2.654636859893799,-3.5230331420898438,0.7058823529411765,0.058823529411764705,7.587164146207667,2.9269940962562817,10.092644355847405,5.207822933821415,17,0.5333333333333333,2.3511879369160353,0.011972665786743164,1,0,0
val_unseen,val_unseen,221,data/scene_datasets/mp3d/8194nk5LbLH/8194nk5LbLH.glb,8,17,14,AMBIGUOUS,0,1,0,0,0,0,-6.543477535247803,-2.654636859893799,-3.888840675354004,0.7647058823529411,0.058823529411764705,8.989222331230819,2.9269940962562817,10.842644355847405,5.207822933821415,17,0.5333333333333333,2.3511879369160353,0.011972665786743164,1,0,0
val_unseen,val_unseen,221,data/scene_datasets/mp3d/8194nk5LbLH/8194nk5LbLH.glb,8,17,15,AMBIGUOUS,0,1,0,0,0,0,-2.7779293060302734,-2.654636859893799,-0.12329244613647461,0.23529411764705882,0.058823529411764705,6.109683403131631,2.9269940962562817,8.592644738117146,5.207822933821415,17,0.5333333333333333,2.3511879369160353,0.011972665786743164,1,0,0
val_unseen,val_unseen,221,data/scene_datasets/mp3d/8194nk5LbLH/8194nk5LbLH.glb,8,17,16,INTERVENE,0,1,0,0,0,0,-6.77754545211792,-2.654636859893799,-4.122908592224121,0.8823529411764706,0.058823529411764705,6.881664765632385,2.9269940962562817,8.842644738117146,5.207822933821415,17,0.5333333333333333,2.3511879369160353,0.011972665786743164,1,0,0
val_unseen,val_unseen,221,data/scene_datasets/mp3d/8194nk5LbLH/8194nk5LbLH.glb,8,17,18,INTERVENE,0,1,0,0,0,0,-4.214975833892822,-2.654636859893799,-1.5603389739990234,0.6470588235294118,0.058823529411764705,4.648082096702073,2.9269940962562817,6.109048350726657,5.207822933821415,17,0.5333333333333333,2.3511879369160353,0.011972665786743164,1,0,0
val_unseen,val_unseen,221,data/scene_datasets/mp3d/8194nk5LbLH/8194nk5LbLH.glb,8,17,19,AMBIGUOUS,0,1,0,0,0,0,-3.4380242824554443,-2.654636859893799,-0.7833874225616455,0.4117647058823529,0.058823529411764705,5.05819862154171,2.9269940962562817,5.859048350726657,5.207822933821415,17,0.5333333333333333,2.3511879369160353,0.011972665786743164,1,0,0
val_unseen,val_unseen,221,data/scene_datasets/mp3d/8194nk5LbLH/8194nk5LbLH.glb,8,17,20,AMBIGUOUS,0,1,0,0,0,0,-2.753419876098633,-2.654636859893799,-0.09878301620483398,0.17647058823529413,0.058823529411764705,3.4159474533179446,2.9269940962562817,3.7320504850088083,5.207822933821415,17,0.5333333333333333,2.3511879369160353,0.011972665786743164,1,0,0
val_unseen,val_unseen,221,data/scene_datasets/mp3d/8194nk5LbLH/8194nk5LbLH.glb,8,17,21,INTERVENE,0,1,0,0,0,0,-3.5737011432647705,-2.654636859893799,-0.9190642833709717,0.5294117647058824,0.058823529411764705,4.4942708441732035,2.9269940962562817,4.982050485008808,5.207822933821415,17,0.5333333333333333,2.3511879369160353,0.011972665786743164,1,0,0
val_unseen,val_unseen,221,data/scene_datasets/mp3d/8194nk5LbLH/8194nk5LbLH.glb,8,17,22,INTERVENE,0,1,0,0,0,0,-3.298727512359619,-2.654636859893799,-0.6440906524658203,0.29411764705882354,0.058823529411764705,3.271940604729907,2.9269940962562817,3.966377678190754,5.207822933821415,17,0.5333333333333333,2.3511879369160353,0.011972665786743164,1,0,0
val_unseen,val_unseen,221,data/scene_datasets/mp3d/8194nk5LbLH/8194nk5LbLH.glb,8,17,23,INTERVENE,0,1,0,0,0,0,-3.3389811515808105,-2.654636859893799,-0.6843442916870117,0.35294117647058826,0.058823529411764705,3.9338592100732948,2.9269940962562817,3.982050484543147,5.207822933821415,17,0.5333333333333333,2.3511879369160353,0.011972665786743164,1,0,0
val_unseen,val_unseen,221,data/scene_datasets/mp3d/8194nk5LbLH/8194nk5LbLH.glb,8,17,24,AMBIGUOUS,0,1,0,0,0,0,-3.5332555770874023,-2.654636859893799,-0.8786187171936035,0.47058823529411764,0.058823529411764705,3.2414650846359963,2.9269940962562817,3.2499996900101653,5.207822933821415,17,0.5333333333333333,2.3511879369160353,0.011972665786743164,1,0,0
val_unseen,val_unseen,221,data/scene_datasets/mp3d/8194nk5LbLH/8194nk5LbLH.glb,8,17,25,AMBIGUOUS,0,1,0,0,1,0,-2.666609525680542,-2.654636859893799,-0.011972665786743164,0.11764705882352941,0.058823529411764705,0.7499999999999996,2.9269940962562817,0.7499999999999996,5.207822933821415,17,0.5333333333333333,2.3511879369160353,0.011972665786743164,0,0,0
val_unseen,val_unseen,221,data/scene_datasets/mp3d/8194nk5LbLH/8194nk5LbLH.glb,12,21,0,INTERVENE,0,1,1,0,0,0,-7.535748481750488,-2.6588423252105713,-4.876906156539917,1.0,0.0625,1.8016433754544905,2.552370302301988,1.8245717380122737,3.4767579688064343,16,0.8,2.3032851843855076,0.2748696804046631,1,0,0
val_unseen,val_unseen,221,data/scene_datasets/mp3d/8194nk5LbLH/8194nk5LbLH.glb,12,21,14,AMBIGUOUS,0,1,0,0,0,0,-6.21975564956665,-2.6588423252105713,-3.560913324356079,0.875,0.0625,7.115825894024405,2.552370302301988,7.2652004238410655,3.4767579688064343,16,0.8,2.3032851843855076,0.2748696804046631,1,0,0
val_unseen,val_unseen,221,data/scene_datasets/mp3d/8194nk5LbLH/8194nk5LbLH.glb,12,21,15,AMBIGUOUS,0,1,0,0,0,0,-6.530076026916504,-2.6588423252105713,-3.8712337017059326,0.9375,0.0625,7.265353904120739,2.552370302301988,7.475377588321056,3.4767579688064343,16,0.8,2.3032851843855076,0.2748696804046631,1,0,0
val_unseen,val_unseen,221,data/scene_datasets/mp3d/8194nk5LbLH/8194nk5LbLH.glb,12,21,16,AMBIGUOUS,0,1,0,0,0,0,-3.4015817642211914,-2.6588423252105713,-0.7427394390106201,0.3125,0.0625,4.494841144042166,2.552370302301988,7.475377588321056,3.4767579688064343,16,0.8,2.3032851843855076,0.2748696804046631,1,0,0
val_unseen,val_unseen,221,data/scene_datasets/mp3d/8194nk5LbLH/8194nk5LbLH.glb,12,21,17,AMBIGUOUS,0,1,0,0,0,0,-5.1377272605896,-2.6588423252105713,-2.4788849353790283,0.625,0.0625,5.666294288509162,2.552370302301988,6.8081018058282,3.4767579688064343,16,0.8,2.3032851843855076,0.2748696804046631,1,0,0
val_unseen,val_unseen,221,data/scene_datasets/mp3d/8194nk5LbLH/8194nk5LbLH.glb,12,21,18,AMBIGUOUS,0,1,0,0,0,0,-5.333042144775391,-2.6588423252105713,-2.6741998195648193,0.6875,0.0625,7.197579036150985,2.552370302301988,7.5581018058282,3.4767579688064343,16,0.8,2.3032851843855076,0.2748696804046631,1,0,0
val_unseen,val_unseen,221,data/scene_datasets/mp3d/8194nk5LbLH/8194nk5LbLH.glb,12,21,19,AMBIGUOUS,0,1,0,0,0,0,-5.5287766456604,-2.6588423252105713,-2.869934320449829,0.75,0.0625,5.521055010677863,2.552370302301988,5.558102188097941,3.4767579688064343,16,0.8,2.3032851843855076,0.2748696804046631,1,0,0
val_unseen,val_unseen,221,data/scene_datasets/mp3d/8194nk5LbLH/8194nk5LbLH.glb,12,21,20,INTERVENE,0,1,0,0,0,0,-3.746997833251953,-2.6588423252105713,-1.0881555080413818,0.5,0.0625,2.9842512990892716,2.552370302301988,3.018956999151666,3.4767579688064343,16,0.8,2.3032851843855076,0.2748696804046631,1,0,0
val_unseen,val_unseen,221,data/scene_datasets/mp3d/8194nk5LbLH/8194nk5LbLH.glb,12,21,22,INTERVENE,0,1,0,0,1,0,-2.9337120056152344,-2.6588423252105713,-0.2748696804046631,0.125,0.0625,2.1857455292080044,2.552370302301988,2.1857455292080044,3.4767579688064343,16,0.8,2.3032851843855076,0.2748696804046631,0,0,0
val_unseen,val_unseen,221,data/scene_datasets/mp3d/8194nk5LbLH/8194nk5LbLH.glb,12,21,23,AMBIGUOUS,0,1,0,0,0,0,-3.6297359466552734,-2.6588423252105713,-0.9708936214447021,0.4375,0.0625,0.9023210924598973,2.552370302301988,2.934643214785976,3.4767579688064343,16,0.8,2.3032851843855076,0.2748696804046631,1,0,0
val_unseen,val_unseen,221,data/scene_datasets/mp3d/8194nk5LbLH/8194nk5LbLH.glb,12,21,24,INTERVENE,0,1,0,0,0,0,-3.5642056465148926,-2.6588423252105713,-0.9053633213043213,0.375,0.0625,1.5875226929807145,2.552370302301988,3.0745717375466124,3.4767579688064343,16,0.8,2.3032851843855076,0.2748696804046631,1,0,0
val_unseen,val_unseen,221,data/scene_datasets/mp3d/8194nk5LbLH/8194nk5LbLH.glb,12,21,25,INTERVENE,0,1,0,0,0,0,-4.397017478942871,-2.6588423252105713,-1.7381751537322998,0.5625,0.0625,1.5346031596757312,2.552370302301988,4.074571738012274,3.4767579688064343,16,0.8,2.3032851843855076,0.2748696804046631,1,0,0
val_unseen,val_unseen,221,data/scene_datasets/mp3d/8194nk5LbLH/8194nk5LbLH.glb,12,21,26,INTERVENE,0,1,0,0,0,0,-3.157867193222046,-2.6588423252105713,-0.4990248680114746,0.25,0.0625,3.2948782712137703,2.552370302301988,3.306622222089759,3.4767579688064343,16,0.8,2.3032851843855076,0.2748696804046631,1,0,0
val_unseen,val_unseen,221,data/scene_datasets/mp3d/8194nk5LbLH/8194nk5LbLH.glb,12,21,27,AMBIGUOUS,0,1,0,0,0,0,-2.942898750305176,-2.6588423252105713,-0.2840564250946045,0.1875,0.0625,0.5612439941828375,2.552370302301988,1.6336760620723922,3.4767579688064343,16,0.8,2.3032851843855076,0.2748696804046631,1,0,0
val_unseen,val_unseen,221,data/scene_datasets/mp3d/8194nk5LbLH/8194nk5LbLH.glb,12,21,28,AMBIGUOUS,0,1,0,0,0,0,-5.718104362487793,-2.6588423252105713,-3.0592620372772217,0.8125,0.0625,6.5235203570946965,2.552370302301988,6.827047179801303,3.4767579688064343,16,0.8,2.3032851843855076,0.2748696804046631,1,0,0
val_unseen,val_unseen,221,data/scene_datasets/mp3d/8194nk5LbLH/8194nk5LbLH.glb,13,29,0,INTERVENE,0,1,1,0,0,1,-7.548354148864746,-1.099168062210083,-6.449186086654663,1.0,0.058823529411764705,4.152608881413957,2.25,4.765252716304502,2.25,17,0.8666666666666667,2.208802500607669,1.2306256294250488,1,0,0
val_unseen,val_unseen,221,data/scene_datasets/mp3d/8194nk5LbLH/8194nk5LbLH.glb,13,29,15,AMBIGUOUS,0,1,0,0,0,1,-5.345990180969238,-1.099168062210083,-4.246822118759155,0.8823529411764706,0.058823529411764705,7.176237808837309,2.25,7.828949472788944,2.25,17,0.8666666666666667,2.208802500607669,1.2306256294250488,1,0,0
val_unseen,val_unseen,221,data/scene_datasets/mp3d/8194nk5LbLH/8194nk5LbLH.glb,13,29,16,AMBIGUOUS,0,1,0,0,0,1,-5.389832496643066,-1.099168062210083,-4.290664434432983,0.9411764705882353,0.058823529411764705,6.943157367785526,2.25,8.039126637268934,2.25,17,0.8666666666666667,2.208802500607669,1.2306256294250488,1,0,0
val_unseen,val_unseen,221,data/scene_datasets/mp3d/8194nk5LbLH/8194nk5LbLH.glb,13,29,17,AMBIGUOUS,0,1,0,0,0,1,-2.8449366092681885,-1.099168062210083,-1.7457685470581055,0.23529411764705882,0.058823529411764705,4.396966664789561,2.25,8.039126637268934,2.25,17,0.8666666666666667,2.208802500607669,1.2306256294250488,1,0,0
val_unseen,val_unseen,221,data/scene_datasets/mp3d/8194nk5LbLH/8194nk5LbLH.glb,13,29,18,AMBIGUOUS,0,1,0,0,0,1,-3.5407025814056396,-1.099168062210083,-2.4415345191955566,0.6470588235294118,0.058823529411764705,4.635963917107506,2.25,7.371850854776079,2.25,17,0.8666666666666667,2.208802500607669,1.2306256294250488,1,0,0
val_unseen,val_unseen,221,data/scene_datasets/mp3d/8194nk5LbLH/8194nk5LbLH.glb,13,29,19,AMBIGUOUS,0,1,0,0,0,1,-2.8937344551086426,-1.099168062210083,-1.7945663928985596,0.29411764705882354,0.058823529411764705,6.191236824707703,2.25,8.121850854776078,2.25,17,0.8666666666666667,2.208802500607669,1.2306256294250488,1,0,0
val_unseen,val_unseen,221,data/scene_datasets/mp3d/8194nk5LbLH/8194nk5LbLH.glb,13,29,20,AMBIGUOUS,0,1,0,0,0,1,-4.910647869110107,-1.099168062210083,-3.8114798069000244,0.8235294117647058,0.058823529411764705,5.32441081411918,2.25,6.121851237045819,2.25,17,0.8666666666666667,2.208802500607669,1.2306256294250488,1,0,0
val_unseen,val_unseen,221,data/scene_datasets/mp3d/8194nk5LbLH/8194nk5LbLH.glb,13,29,21,AMBIGUOUS,0,1,0,0,0,1,-3.710817813873291,-1.099168062210083,-2.611649751663208,0.7058823529411765,0.058823529411764705,3.1709543402835347,2.25,3.911967709090297,2.25,17,0.8666666666666667,2.208802500607669,1.2306256294250488,1,0,0
val_unseen,val_unseen,221,data/scene_datasets/mp3d/8194nk5LbLH/8194nk5LbLH.glb,13,29,22,AMBIGUOUS,0,1,0,0,0,1,-2.5268471240997314,-1.099168062210083,-1.4276790618896484,0.17647058823529413,0.058823529411764705,1.038935293757257,2.25,5.3007583476697695,2.25,17,0.8666666666666667,2.208802500607669,1.2306256294250488,1,0,0
val_unseen,val_unseen,221,data/scene_datasets/mp3d/8194nk5LbLH/8194nk5LbLH.glb,13,29,23,INTERVENE,0,1,0,0,1,1,-3.265164852142334,-1.099168062210083,-2.165996789932251,0.5294117647058824,0.058823529411764705,1.8679494989332133,2.25,3.8398772139034256,2.25,17,0.8666666666666667,2.208802500607669,1.2306256294250488,0,0,0
val_unseen,val_unseen,221,data/scene_datasets/mp3d/8194nk5LbLH/8194nk5LbLH.glb,13,29,24,AMBIGUOUS,0,1,0,0,0,1,-2.9588286876678467,-1.099168062210083,-1.8596606254577637,0.35294117647058826,0.058823529411764705,1.3816763468203632,2.25,6.015252715838841,2.25,17,0.8666666666666667,2.208802500607669,1.2306256294250488,1,0,0
val_unseen,val_unseen,221,data/scene_datasets/mp3d/8194nk5LbLH/8194nk5LbLH.glb,13,29,25,INTERVENE,0,1,0,0,0,1,-3.4844038486480713,-1.099168062210083,-2.3852357864379883,0.5882352941176471,0.058823529411764705,2.4728058935934585,2.25,7.015252716304502,2.25,17,0.8666666666666667,2.208802500607669,1.2306256294250488,1,0,0
val_unseen,val_unseen,221,data/scene_datasets/mp3d/8194nk5LbLH/8194nk5LbLH.glb,13,29,26,AMBIGUOUS,0,1,0,0,0,1,-3.2591981887817383,-1.099168062210083,-2.1600301265716553,0.47058823529411764,0.058823529411764705,5.720078271527173,2.25,6.247303200381987,2.25,17,0.8666666666666667,2.208802500607669,1.2306256294250488,1,0,0
val_unseen,val_unseen,221,data/scene_datasets/mp3d/8194nk5LbLH/8194nk5LbLH.glb,13,29,27,INTERVENE,0,1,0,0,0,1,-3.101283311843872,-1.099168062210083,-2.002115249633789,0.4117647058823529,0.058823529411764705,1.8808355675996962,2.25,3.1001077373303887,2.25,17,0.8666666666666667,2.208802500607669,1.2306256294250488,1,0,0
val_unseen,val_unseen,221,data/scene_datasets/mp3d/8194nk5LbLH/8194nk5LbLH.glb,13,29,28,AMBIGUOUS,0,1,0,0,0,1,-4.879363059997559,-1.099168062210083,-3.7801949977874756,0.7647058823529411,0.058823529411764705,6.381925737464744,2.25,7.390796228749181,2.25,17,0.8666666666666667,2.208802500607669,1.2306256294250488,1,0,0
val_unseen,val_unseen,221,data/scene_datasets/mp3d/8194nk5LbLH/8194nk5LbLH.glb,13,29,30,AMBIGUOUS,0,1,0,0,1,1,-2.329793691635132,-1.099168062210083,-1.2306256294250488,0.11764705882352941,0.058823529411764705,2.25,2.25,2.25,2.25,17,0.8666666666666667,2.208802500607669,1.2306256294250488,0,0,0
val_unseen,val_unseen,350,data/scene_datasets/mp3d/8194nk5LbLH/8194nk5LbLH.glb,7,28,0,AMBIGUOUS,0,1,1,0,0,1,-2.927338123321533,0.9151657819747925,-3.8425039052963257,0.19047619047619047,0.047619047619047616,0.0,2.0,0.0,2.0,21,0.4666666666666667,1.0085366746454412,0.5616282820701599,1,0,0
val_unseen,val_unseen,350,data/scene_datasets/mp3d/8194nk5LbLH/8194nk5LbLH.glb,7,28,9,AMBIGUOUS,0,1,0,0,0,1,-7.931844234466553,0.9151657819747925,-8.847010016441345,0.8095238095238095,0.047619047619047616,7.900942690966992,2.0,14.343664089168023,2.0,21,0.4666666666666667,1.0085366746454412,0.5616282820701599,1,0,0
val_unseen,val_unseen,350,data/scene_datasets/mp3d/8194nk5LbLH/8194nk5LbLH.glb,7,28,10,KEEP,0,1,0,0,0,1,-7.9743218421936035,0.9151657819747925,-8.889487624168396,0.8571428571428571,0.047619047619047616,8.081648908073506,2.0,14.602219224379686,2.0,21,0.4666666666666667,1.0085366746454412,0.5616282820701599,1,0,0
val_unseen,val_unseen,350,data/scene_datasets/mp3d/8194nk5LbLH/8194nk5LbLH.glb,7,28,11,AMBIGUOUS,0,1,0,0,0,1,-8.01110553741455,0.9151657819747925,-8.926271319389343,0.9047619047619048,0.047619047619047616,8.405783794047,2.0,16.102219224379688,2.0,21,0.4666666666666667,1.0085366746454412,0.5616282820701599,1,0,0
val_unseen,val_unseen,350,data/scene_datasets/mp3d/8194nk5LbLH/8194nk5LbLH.glb,7,28,12,KEEP,0,1,0,0,0,1,-5.868649482727051,0.9151657819747925,-6.783815264701843,0.42857142857142855,0.047619047619047616,8.02692824070677,2.0,13.256818370085597,2.0,21,0.4666666666666667,1.0085366746454412,0.5616282820701599,1,0,0
val_unseen,val_unseen,350,data/scene_datasets/mp3d/8194nk5LbLH/8194nk5LbLH.glb,7,28,13,KEEP,0,1,0,0,0,1,-8.107179641723633,0.9151657819747925,-9.022345423698425,1.0,0.047619047619047616,8.364967704663062,2.0,13.38554225811106,2.0,21,0.4666666666666667,1.0085366746454412,0.5616282820701599,1,0,0
val_unseen,val_unseen,350,data/scene_datasets/mp3d/8194nk5LbLH/8194nk5LbLH.glb,7,28,14,KEEP,0,1,0,0,0,1,-7.14000129699707,0.9151657819747925,-8.055167078971863,0.6666666666666666,0.047619047619047616,7.019160198410512,2.0,8.248775357075269,2.0,21,0.4666666666666667,1.0085366746454412,0.5616282820701599,1,0,0
val_unseen,val_unseen,350,data/scene_datasets/mp3d/8194nk5LbLH/8194nk5LbLH.glb,7,28,15,AMBIGUOUS,0,1,0,0,0,1,-7.832180976867676,0.9151657819747925,-8.747346758842468,0.7619047619047619,0.047619047619047616,7.370115569383998,2.0,10.106273536357033,2.0,21,0.4666666666666667,1.0085366746454412,0.5616282820701599,1,0,1
val_unseen,val_unseen,350,data/scene_datasets/mp3d/8194nk5LbLH/8194nk5LbLH.glb,7,28,16,AMBIGUOUS,0,1,0,0,0,1,-8.077947616577148,0.9151657819747925,-8.993113398551941,0.9523809523809523,0.047619047619047616,7.91603831679642,2.0,10.49999987612734,2.0,21,0.4666666666666667,1.0085366746454412,0.5616282820701599,1,0,1
val_unseen,val_unseen,350,data/scene_datasets/mp3d/8194nk5LbLH/8194nk5LbLH.glb,7,28,17,AMBIGUOUS,0,1,0,0,0,1,-7.2897844314575195,0.9151657819747925,-8.204950213432312,0.7142857142857143,0.047619047619047616,6.37195134672093,2.0,8.834550859881002,2.0,21,0.4666666666666667,1.0085366746454412,0.5616282820701599,1,0,1
val_unseen,val_unseen,350,data/scene_datasets/mp3d/8194nk5LbLH/8194nk5LbLH.glb,7,28,18,AMBIGUOUS,0,1,0,0,0,1,-4.754467010498047,0.9151657819747925,-5.669632792472839,0.2857142857142857,0.047619047619047616,6.3937220604559055,2.0,8.500000816876105,2.0,21,0.4666666666666667,1.0085366746454412,0.5616282820701599,1,0,0
val_unseen,val_unseen,350,data/scene_datasets/mp3d/8194nk5LbLH/8194nk5LbLH.glb,7,28,19,AMBIGUOUS,0,1,0,0,0,1,-6.963217735290527,0.9151657819747925,-7.87838351726532,0.6190476190476191,0.047619047619047616,6.02391491793317,2.0,7.5000002113332735,2.0,21,0.4666666666666667,1.0085366746454412,0.5616282820701599,1,0,1
val_unseen,val_unseen,350,data/scene_datasets/mp3d/8194nk5LbLH/8194nk5LbLH.glb,7,28,20,AMBIGUOUS,0,1,0,0,0,1,-5.823890209197998,0.9151657819747925,-6.7390559911727905,0.38095238095238093,0.047619047619047616,5.015552531178295,2.0,6.7500002113332735,2.0,21,0.4666666666666667,1.0085366746454412,0.5616282820701599,1,0,1
val_unseen,val_unseen,350,data/scene_datasets/mp3d/8194nk5LbLH/8194nk5LbLH.glb,7,28,21,KEEP,0,1,0,0,0,1,-6.857059478759766,0.9151657819747925,-7.772225260734558,0.5714285714285714,0.047619047619047616,4.287822422180333,2.0,5.251744539928471,2.0,21,0.4666666666666667,1.0085366746454412,0.5616282820701599,1,0,0
val_unseen,val_unseen,350,data/scene_datasets/mp3d/8194nk5LbLH/8194nk5LbLH.glb,7,28,22,AMBIGUOUS,0,1,0,0,0,1,-6.5252580642700195,0.9151657819747925,-7.440423846244812,0.47619047619047616,0.047619047619047616,3.968605838799603,2.0,5.500000441161177,2.0,21,0.4666666666666667,1.0085366746454412,0.5616282820701599,1,0,1
val_unseen,val_unseen,350,data/scene_datasets/mp3d/8194nk5LbLH/8194nk5LbLH.glb,7,28,23,AMBIGUOUS,0,1,0,0,0,1,-3.8890740871429443,0.9151657819747925,-4.804239869117737,0.23809523809523808,0.047619047619047616,0.8984528367885715,2.0,3.2500001277211363,2.0,21,0.4666666666666667,1.0085366746454412,0.5616282820701599,1,0,0
val_unseen,val_unseen,350,data/scene_datasets/mp3d/8194nk5LbLH/8194nk5LbLH.glb,7,28,24,KEEP,0,1,0,0,0,1,-6.666699409484863,0.9151657819747925,-7.581865191459656,0.5238095238095238,0.047619047619047616,3.9945182848474903,2.0,4.000000127721136,2.0,21,0.4666666666666667,1.0085366746454412,0.5616282820701599,1,0,0
val_unseen,val_unseen,350,data/scene_datasets/mp3d/8194nk5LbLH/8194nk5LbLH.glb,7,28,25,AMBIGUOUS,0,1,0,0,1,1,-1.1068814992904663,0.9151657819747925,-2.022047281265259,0.14285714285714285,0.047619047619047616,1.2499999999999998,2.0,1.2499999999999998,2.0,21,0.4666666666666667,1.0085366746454412,0.5616282820701599,0,0,0
val_unseen,val_unseen,350,data/scene_datasets/mp3d/8194nk5LbLH/8194nk5LbLH.glb,7,28,26,AMBIGUOUS,0,1,0,0,1,1,0.35353749990463257,0.9151657819747925,-0.5616282820701599,0.09523809523809523,0.047619047619047616,1.7499999999999998,2.0,1.7499999999999998,2.0,21,0.4666666666666667,1.0085366746454412,0.5616282820701599,0,0,0
val_unseen,val_unseen,350,data/scene_datasets/mp3d/8194nk5LbLH/8194nk5LbLH.glb,7,28,27,KEEP,0,1,0,0,1,1,-4.908291816711426,0.9151657819747925,-5.823457598686218,0.3333333333333333,0.047619047619047616,1.5,2.0,1.5,2.0,21,0.4666666666666667,1.0085366746454412,0.5616282820701599,0,0,0
val_unseen,val_unseen,350,data/scene_datasets/mp3d/8194nk5LbLH/8194nk5LbLH.glb,11,41,0,AMBIGUOUS,0,1,1,0,0,1,-1.3168431520462036,0.5673676133155823,-1.8842107653617859,0.16129032258064516,0.03225806451612903,1.5000003420659205,2.25,1.5000003420659205,2.25,31,0.7333333333333333,1.6941486790281721,0.2119191288948059,1,0,0
val_unseen,val_unseen,350,data/scene_datasets/mp3d/8194nk5LbLH/8194nk5LbLH.glb,11,41,13,AMBIGUOUS,0,1,0,0,0,1,-8.218462944030762,0.5673676133155823,-8.785830557346344,0.8064516129032258,0.03225806451612903,14.09416277011222,2.25,21.66231144798217,2.25,31,0.7333333333333333,1.6941486790281721,0.2119191288948059,1,0,1
val_unseen,val_unseen,350,data/scene_datasets/mp3d/8194nk5LbLH/8194nk5LbLH.glb,11,41,14,AMBIGUOUS,0,1,0,0,0,1,-8.229345321655273,0.5673676133155823,-8.796712934970856,0.8709677419354839,0.03225806451612903,14.338200172087912,2.25,21.92086658319383,2.25,31,0.7333333333333333,1.6941486790281721,0.2119191288948059,1,0,0
val_unseen,val_unseen,350,data/scene_datasets/mp3d/8194nk5LbLH/8194nk5LbLH.glb,11,41,15,AMBIGUOUS,0,1,0,0,0,1,-8.238654136657715,0.5673676133155823,-8.806021749973297,0.9354838709677419,0.03225806451612903,14.78543937343848,2.25,23.42086658319383,2.25,31,0.7333333333333333,1.6941486790281721,0.2119191288948059,1,0,0
val_unseen,val_unseen,350,data/scene_datasets/mp3d/8194nk5LbLH/8194nk5LbLH.glb,11,41,16,AMBIGUOUS,0,1,0,0,0,1,-7.4990129470825195,0.5673676133155823,-8.066380560398102,0.6129032258064516,0.03225806451612903,13.726223767491907,2.25,20.575465728899744,2.25,31,0.7333333333333333,1.6941486790281721,0.2119191288948059,1,0,0
val_unseen,val_unseen,350,data/scene_datasets/mp3d/8194nk5LbLH/8194nk5LbLH.glb,11,41,17,AMBIGUOUS,0,1,0,0,0,1,-8.235641479492188,0.5673676133155823,-8.80300909280777,0.9032258064516129,0.03225806451612903,14.49269583065292,2.25,20.704189616925206,2.25,31,0.7333333333333333,1.6941486790281721,0.2119191288948059,1,0,0
val_unseen,val_unseen,350,data/scene_datasets/mp3d/8194nk5LbLH/8194nk5LbLH.glb,11,41,18,AMBIGUOUS,0,1,0,0,0,1,-8.258439064025879,0.5673676133155823,-8.825806677341461,1.0,0.03225806451612903,11.931382011544938,2.25,15.567422715889416,2.25,31,0.7333333333333333,1.6941486790281721,0.2119191288948059,1,0,1
val_unseen,val_unseen,350,data/scene_datasets/mp3d/8194nk5LbLH/8194nk5LbLH.glb,11,41,19,KEEP,0,1,0,0,0,1,-8.189292907714844,0.5673676133155823,-8.756660521030426,0.7096774193548387,0.03225806451612903,12.871787107473216,2.25,17.42492089517118,2.25,31,0.7333333333333333,1.6941486790281721,0.2119191288948059,1,0,0
val_unseen,val_unseen,350,data/scene_datasets/mp3d/8194nk5LbLH/8194nk5LbLH.glb,11,41,20,AMBIGUOUS,0,1,0,0,0,1,-8.220247268676758,0.5673676133155823,-8.78761488199234,0.8387096774193549,0.03225806451612903,13.544169990370003,2.25,17.818647234941487,2.25,31,0.7333333333333333,1.6941486790281721,0.2119191288948059,1,0,0
val_unseen,val_unseen,350,data/scene_datasets/mp3d/8194nk5LbLH/8194nk5LbLH.glb,11,41,21,KEEP,0,1,0,0,0,1,-8.2401704788208,0.5673676133155823,-8.807538092136383,0.967741935483871,0.03225806451612903,10.59483539571935,2.25,16.15319821869515,2.25,31,0.7333333333333333,1.6941486790281721,0.2119191288948059,1,0,0
val_unseen,val_unseen,350,data/scene_datasets/mp3d/8194nk5LbLH/8194nk5LbLH.glb,11,41,22,AMBIGUOUS,0,1,0,0,0,1,-6.226012229919434,0.5673676133155823,-6.793379843235016,0.4838709677419355,0.03225806451612903,10.906001573429645,2.25,15.818648175690253,2.25,31,0.7333333333333333,1.6941486790281721,0.2119191288948059,1,0,0
val_unseen,val_unseen,350,data/scene_datasets/mp3d/8194nk5LbLH/8194nk5LbLH.glb,11,41,23,KEEP,0,1,0,0,0,1,-8.208608627319336,0.5673676133155823,-8.775976240634918,0.7741935483870968,0.03225806451612903,9.634244266025247,2.25,14.818647570147421,2.25,31,0.7333333333333333,1.6941486790281721,0.2119191288948059,1,0,0
val_unseen,val_unseen,350,data/scene_datasets/mp3d/8194nk5LbLH/8194nk5LbLH.glb,11,41,24,KEEP,0,1,0,0,0,1,-6.25819730758667,0.5673676133155823,-6.825564920902252,0.5161290322580645,0.03225806451612903,9.364584755429803,2.25,14.068647570147421,2.25,31,0.7333333333333333,1.6941486790281721,0.2119191288948059,1,0,0
val_unseen,val_unseen,350,data/scene_datasets/mp3d/8194nk5LbLH/8194nk5LbLH.glb,11,41,25,AMBIGUOUS,0,1,0,0,0,1,-8.198863983154297,0.5673676133155823,-8.76623159646988,0.7419354838709677,0.03225806451612903,8.514523334365203,2.25,12.570391898742619,2.25,31,0.7333333333333333,1.6941486790281721,0.2119191288948059,1,0,0
val_unseen,val_unseen,350,data/scene_datasets/mp3d/8194nk5LbLH/8194nk5LbLH.glb,11,41,26,AMBIGUOUS,0,1,0,0,0,1,-8.151148796081543,0.5673676133155823,-8.718516409397125,0.6774193548387096,0.03225806451612903,7.951993688770592,2.25,12.818647799975324,2.25,31,0.7333333333333333,1.6941486790281721,0.2119191288948059,1,0,1
val_unseen,val_unseen,350,data/scene_datasets/mp3d/8194nk5LbLH/8194nk5LbLH.glb,11,41,27,KEEP,0,1,0,0,0,1,-4.15579080581665,0.5673676133155823,-4.723158419132233,0.41935483870967744,0.03225806451612903,6.392211804067674,2.25,10.568647486535284,2.25,31,0.7333333333333333,1.6941486790281721,0.2119191288948059,1,0,0
val_unseen,val_unseen,350,data/scene_datasets/mp3d/8194nk5LbLH/8194nk5LbLH.glb,11,41,28,AMBIGUOUS,0,1,0,0,0,1,-8.150904655456543,0.5673676133155823,-8.718272268772125,0.6451612903225806,0.03225806451612903,8.752686946699546,2.25,11.318647486535284,2.25,31,0.7333333333333333,1.6941486790281721,0.2119191288948059,1,0,0
val_unseen,val_unseen,350,data/scene_datasets/mp3d/8194nk5LbLH/8194nk5LbLH.glb,11,41,29,AMBIGUOUS,0,1,0,0,0,1,-3.7020490169525146,0.5673676133155823,-4.269416630268097,0.3225806451612903,0.03225806451612903,6.200154714605409,2.25,8.568647358814147,2.25,31,0.7333333333333333,1.6941486790281721,0.2119191288948059,1,0,0
val_unseen,val_unseen,350,data/scene_datasets/mp3d/8194nk5LbLH/8194nk5LbLH.glb,11,41,30,KEEP,0,1,0,0,0,1,-4.218316555023193,0.5673676133155823,-4.785684168338776,0.45161290322580644,0.03225806451612903,6.874432836685551,2.25,7.2312173659989405,2.25,31,0.7333333333333333,1.6941486790281721,0.2119191288948059,1,0,0
val_unseen,val_unseen,350,data/scene_datasets/mp3d/8194nk5LbLH/8194nk5LbLH.glb,11,41,31,AMBIGUOUS,0,1,0,0,0,1,-6.911792278289795,0.5673676133155823,-7.479159891605377,0.5806451612903226,0.03225806451612903,6.995100524763393,2.25,8.818647358814147,2.25,31,0.7333333333333333,1.6941486790281721,0.2119191288948059,1,0,0
val_unseen,val_unseen,350,data/scene_datasets/mp3d/8194nk5LbLH/8194nk5LbLH.glb,11,41,32,AMBIGUOUS,0,1,0,0,0,1,-6.534683704376221,0.5673676133155823,-7.102051317691803,0.5483870967741935,0.03225806451612903,6.140963201386431,2.25,6.7500006745076,2.25,31,0.7333333333333333,1.6941486790281721,0.2119191288948059,1,0,1
val_unseen,val_unseen,350,data/scene_datasets/mp3d/8194nk5LbLH/8194nk5LbLH.glb,11,41,33,KEEP,0,1,0,0,0,1,-3.9894015789031982,0.5673676133155823,-4.5567691922187805,0.3870967741935484,0.03225806451612903,3.401860131088175,2.25,3.551685919728499,2.25,31,0.7333333333333333,1.6941486790281721,0.2119191288948059,1,0,0
val_unseen,val_unseen,350,data/scene_datasets/mp3d/8194nk5LbLH/8194nk5LbLH.glb,11,41,34,AMBIGUOUS,0,1,0,0,1,1,-1.0159618854522705,0.5673676133155823,-1.5833294987678528,0.12903225806451613,0.03225806451612903,2.097408538949995,2.25,2.097408538949995,2.25,31,0.7333333333333333,1.6941486790281721,0.2119191288948059,0,0,0
val_unseen,val_unseen,350,data/scene_datasets/mp3d/8194nk5LbLH/8194nk5LbLH.glb,11,41,35,AMBIGUOUS,0,1,0,0,0,1,-3.9570717811584473,0.5673676133155823,-4.5244393944740295,0.3548387096774194,0.03225806451612903,4.95894262704335,2.25,5.000000270224508,2.25,31,0.7333333333333333,1.6941486790281721,0.2119191288948059,1,0,0
val_unseen,val_unseen,350,data/scene_datasets/mp3d/8194nk5LbLH/8194nk5LbLH.glb,11,41,36,KEEP,0,1,0,0,0,1,-3.3399360179901123,0.5673676133155823,-3.9073036313056946,0.25806451612903225,0.03225806451612903,3.953849626392012,2.25,4.0000003420659205,2.25,31,0.7333333333333333,1.6941486790281721,0.2119191288948059,1,0,0
val_unseen,val_unseen,350,data/scene_datasets/mp3d/8194nk5LbLH/8194nk5LbLH.glb,11,41,37,KEEP,0,1,0,0,0,1,-0.6784712672233582,0.5673676133155823,-1.2458388805389404,0.0967741935483871,0.03225806451612903,3.4000607890859404,2.25,3.750000342065921,2.25,31,0.7333333333333333,1.6941486790281721,0.2119191288948059,1,0,0
val_unseen,val_unseen,350,data/scene_datasets/mp3d/8194nk5LbLH/8194nk5LbLH.glb,11,41,38,AMBIGUOUS,0,1,0,0,0,1,0.35544848442077637,0.5673676133155823,-0.2119191288948059,0.06451612903225806,0.03225806451612903,3.1714307226596823,2.25,3.7500003420659205,2.25,31,0.7333333333333333,1.6941486790281721,0.2119191288948059,1,0,0
val_unseen,val_unseen,350,data/scene_datasets/mp3d/8194nk5LbLH/8194nk5LbLH.glb,11,41,39,KEEP,0,1,0,0,1,1,-3.59062123298645,0.5673676133155823,-4.1579888463020325,0.2903225806451613,0.03225806451612903,1.5,2.25,1.5,2.25,31,0.7333333333333333,1.6941486790281721,0.2119191288948059,0,0,0
val_unseen,val_unseen,350,data/scene_datasets/mp3d/8194nk5LbLH/8194nk5LbLH.glb,11,41,40,KEEP,0,1,0,0,1,1,-3.118898630142212,0.5673676133155823,-3.686266243457794,0.22580645161290322,0.03225806451612903,2.0,2.25,2.0,2.25,31,0.7333333333333333,1.6941486790281721,0.2119191288948059,0,0,0
val_unseen,val_unseen,350,data/scene_datasets/mp3d/8194nk5LbLH/8194nk5LbLH.glb,11,41,42,AMBIGUOUS,0,1,0,0,1,1,-1.6698981523513794,0.5673676133155823,-2.2372657656669617,0.1935483870967742,0.03225806451612903,1.5,2.25,1.5,2.25,31,0.7333333333333333,1.6941486790281721,0.2119191288948059,0,0,0
val_unseen,val_unseen,350,data/scene_datasets/mp3d/8194nk5LbLH/8194nk5LbLH.glb,12,0,14,KEEP,0,1,0,1,0,0,-8.28536605834961,0.46297454833984375,-8.748340606689453,0.7352941176470589,0.029411764705882353,12.624343989420009,0.0,23.91231213845066,0.0,34,0.8,1.4607226117014172,0.445744588971138,1,0,0
val_unseen,val_unseen,350,data/scene_datasets/mp3d/8194nk5LbLH/8194nk5LbLH.glb,12,0,15,KEEP,0,1,0,1,0,0,-8.283992767333984,0.46297454833984375,-8.746967315673828,0.7058823529411765,0.029411764705882353,12.92251295957458,0.0,24.17086727366232,0.0,34,0.8,1.4607226117014172,0.445744588971138,1,0,0
val_unseen,val_unseen,350,data/scene_datasets/mp3d/8194nk5LbLH/8194nk5LbLH.glb,12,0,16,AMBIGUOUS,0,1,0,1,0,0,-8.287367820739746,0.46297454833984375,-8.75034236907959,0.7941176470588235,0.029411764705882353,13.567398415048032,0.0,25.67086727366232,0.0,34,0.8,1.4607226117014172,0.445744588971138,1,0,1
val_unseen,val_unseen,350,data/scene_datasets/mp3d/8194nk5LbLH/8194nk5LbLH.glb,12,0,17,KEEP,0,1,0,1,0,0,-8.176499366760254,0.46297454833984375,-8.639473915100098,0.6176470588235294,0.029411764705882353,11.972202851664886,0.0,22.825466419368233,0.0,34,0.8,1.4607226117014172,0.445744588971138,1,0,0
val_unseen,val_unseen,350,data/scene_datasets/mp3d/8194nk5LbLH/8194nk5LbLH.glb,12,0,18,KEEP,0,1,0,1,0,0,-8.298538208007812,0.46297454833984375,-8.761512756347656,0.9411764705882353,0.029411764705882353,12.940419903462969,0.0,22.954190307393695,0.0,34,0.8,1.4607226117014172,0.445744588971138,1,0,0
val_unseen,val_unseen,350,data/scene_datasets/mp3d/8194nk5LbLH/8194nk5LbLH.glb,12,0,19,KEEP,0,1,0,1,0,0,-8.291596412658691,0.46297454833984375,-8.754570960998535,0.9117647058823529,0.029411764705882353,9.981017451266252,0.0,17.817423406357907,0.0,34,0.8,1.4607226117014172,0.445744588971138,1,0,0
val_unseen,val_unseen,350,data/scene_datasets/mp3d/8194nk5LbLH/8194nk5LbLH.glb,12,0,20,KEEP,0,1,0,1,0,0,-8.28762435913086,0.46297454833984375,-8.750598907470703,0.8235294117647058,0.029411764705882353,11.058282151651325,0.0,19.67492158563967,0.0,34,0.8,1.4607226117014172,0.445744588971138,1,0,0
val_unseen,val_unseen,350,data/scene_datasets/mp3d/8194nk5LbLH/8194nk5LbLH.glb,12,0,21,KEEP,0,1,0,1,0,0,-8.300503730773926,0.46297454833984375,-8.76347827911377,1.0,0.029411764705882353,11.758535010668185,0.0,20.068647925409977,0.0,34,0.8,1.4607226117014172,0.445744588971138,1,0,0
val_unseen,val_unseen,350,data/scene_datasets/mp3d/8194nk5LbLH/8194nk5LbLH.glb,12,0,22,AMBIGUOUS,0,1,0,1,0,0,-8.286490440368652,0.46297454833984375,-8.749464988708496,0.7647058823529411,0.029411764705882353,8.549184633022259,0.0,18.40319890916364,0.0,34,0.8,1.4607226117014172,0.445744588971138,1,0,1
val_unseen,val_unseen,350,data/scene_datasets/mp3d/8194nk5LbLH/8194nk5LbLH.glb,12,0,23,AMBIGUOUS,0,1,0,1,0,0,-7.782861709594727,0.46297454833984375,-8.24583625793457,0.5294117647058824,0.029411764705882353,8.903055476886058,0.0,18.068648866158743,0.0,34,0.8,1.4607226117014172,0.445744588971138,1,0,1
val_unseen,val_unseen,350,data/scene_datasets/mp3d/8194nk5LbLH/8194nk5LbLH.glb,12,0,24,AMBIGUOUS,0,1,0,1,0,0,-8.287833213806152,0.46297454833984375,-8.750807762145996,0.8529411764705882,0.029411764705882353,7.527983305623144,0.0,17.06864826061591,0.0,34,0.8,1.4607226117014172,0.445744588971138,1,0,1
val_unseen,val_unseen,350,data/scene_datasets/mp3d/8194nk5LbLH/8194nk5LbLH.glb,12,0,25,AMBIGUOUS,0,1,0,1,0,0,-7.999162673950195,0.46297454833984375,-8.462137222290039,0.5588235294117647,0.029411764705882353,7.397925035873098,0.0,16.31864826061591,0.0,34,0.8,1.4607226117014172,0.445744588971138,1,0,0
val_unseen,val_unseen,350,data/scene_datasets/mp3d/8194nk5LbLH/8194nk5LbLH.glb,12,0,26,AMBIGUOUS,0,1,0,1,0,0,-8.289139747619629,0.46297454833984375,-8.752114295959473,0.8823529411764706,0.029411764705882353,6.579664778304938,0.0,14.820392589211108,0.0,34,0.8,1.4607226117014172,0.445744588971138,1,0,1
val_unseen,val_unseen,350,data/scene_datasets/mp3d/8194nk5LbLH/8194nk5LbLH.glb,12,0,27,AMBIGUOUS,0,1,0,1,0,0,-8.275153160095215,0.46297454833984375,-8.738127708435059,0.6764705882352942,0.029411764705882353,6.0159413812643905,0.0,15.068648490443813,0.0,34,0.8,1.4607226117014172,0.445744588971138,1,0,0
val_unseen,val_unseen,350,data/scene_datasets/mp3d/8194nk5LbLH/8194nk5LbLH.glb,12,0,28,AMBIGUOUS,0,1,0,1,0,0,-6.7055559158325195,0.46297454833984375,-7.168530464172363,0.5,0.029411764705882353,5.16038100190459,0.0,12.818648177003773,0.0,34,0.8,1.4607226117014172,0.445744588971138,1,0,1
val_unseen,val_unseen,350,data/scene_datasets/mp3d/8194nk5LbLH/8194nk5LbLH.glb,12,0,29,AMBIGUOUS,0,1,0,1,0,0,-8.299031257629395,0.46297454833984375,-8.762005805969238,0.9705882352941176,0.029411764705882353,6.9189738529602804,0.0,13.568648177003773,0.0,34,0.8,1.4607226117014172,0.445744588971138,1,0,1
val_unseen,val_unseen,350,data/scene_datasets/mp3d/8194nk5LbLH/8194nk5LbLH.glb,12,0,30,AMBIGUOUS,0,1,0,1,0,0,-6.450507640838623,0.46297454833984375,-6.913482189178467,0.4411764705882353,0.029411764705882353,5.712863923285097,0.0,10.818648049282636,0.0,34,0.8,1.4607226117014172,0.445744588971138,1,0,0
val_unseen,val_unseen,350,data/scene_datasets/mp3d/8194nk5LbLH/8194nk5LbLH.glb,12,0,31,KEEP,0,1,0,1,0,0,-6.495108604431152,0.46297454833984375,-6.958083152770996,0.47058823529411764,0.029411764705882353,6.519303733808327,0.0,9.48121805646743,0.0,34,0.8,1.4607226117014172,0.445744588971138,1,0,0
val_unseen,val_unseen,350,data/scene_datasets/mp3d/8194nk5LbLH/8194nk5LbLH.glb,12,0,32,AMBIGUOUS,0,1,0,1,0,0,-8.23404598236084,0.46297454833984375,-8.697020530700684,0.6470588235294118,0.029411764705882353,5.599732272159464,0.0,11.068648049282636,0.0,34,0.8,1.4607226117014172,0.445744588971138,1,0,0
val_unseen,val_unseen,350,data/scene_datasets/mp3d/8194nk5LbLH/8194nk5LbLH.glb,12,0,33,AMBIGUOUS,0,1,0,1,0,0,-8.16845703125,0.46297454833984375,-8.631431579589844,0.5882352941176471,0.029411764705882353,5.405663417525924,0.0,9.00000136497609,0.0,34,0.8,1.4607226117014172,0.445744588971138,1,0,0
val_unseen,val_unseen,350,data/scene_datasets/mp3d/8194nk5LbLH/8194nk5LbLH.glb,12,0,34,AMBIGUOUS,0,1,0,1,0,0,-5.602663993835449,0.46297454833984375,-6.065638542175293,0.4117647058823529,0.029411764705882353,3.173784815128874,0.0,5.801686610196989,0.0,34,0.8,1.4607226117014172,0.445744588971138,1,0,1
val_unseen,val_unseen,350,data/scene_datasets/mp3d/8194nk5LbLH/8194nk5LbLH.glb,12,0,35,AMBIGUOUS,0,1,0,1,0,0,-2.604813814163208,0.46297454833984375,-3.0677883625030518,0.14705882352941177,0.029411764705882353,0.6507462985163274,0.0,4.347409229418485,0.0,34,0.8,1.4607226117014172,0.445744588971138,1,0,0
val_unseen,val_unseen,350,data/scene_datasets/mp3d/8194nk5LbLH/8194nk5LbLH.glb,12,0,36,AMBIGUOUS,0,1,0,1,0,0,-5.008050918579102,0.46297454833984375,-5.471025466918945,0.38235294117647056,0.029411764705882353,3.9506532516192414,0.0,7.250000960692997,0.0,34,0.8,1.4607226117014172,0.445744588971138,1,0,0
val_unseen,val_unseen,350,data/scene_datasets/mp3d/8194nk5LbLH/8194nk5LbLH.glb,12,0,37,AMBIGUOUS,0,1,0,1,0,0,-4.643955230712891,0.46297454833984375,-5.106929779052734,0.35294117647058826,0.029411764705882353,3.2886249566055255,0.0,6.25000103253441,0.0,34,0.8,1.4607226117014172,0.445744588971138,1,0,0
val_unseen,val_unseen,350,data/scene_datasets/mp3d/8194nk5LbLH/8194nk5LbLH.glb,12,0,38,AMBIGUOUS,0,1,0,1,0,0,-3.0945417881011963,0.46297454833984375,-3.55751633644104,0.2647058823529412,0.029411764705882353,1.3343180002061983,0.0,6.000001032534411,0.0,34,0.8,1.4607226117014172,0.445744588971138,1,0,1
val_unseen,val_unseen,350,data/scene_datasets/mp3d/8194nk5LbLH/8194nk5LbLH.glb,12,0,39,KEEP,0,1,0,1,0,0,-3.045454263687134,0.46297454833984375,-3.5084288120269775,0.23529411764705882,0.029411764705882353,0.9460433832448804,0.0,6.00000103253441,0.0,34,0.8,1.4607226117014172,0.445744588971138,1,0,0
val_unseen,val_unseen,350,data/scene_datasets/mp3d/8194nk5LbLH/8194nk5LbLH.glb,12,0,40,AMBIGUOUS,0,1,0,1,0,0,-2.6633994579315186,0.46297454833984375,-3.1263740062713623,0.17647058823529413,0.029411764705882353,2.5013128920448944,0.0,3.75000069046849,0.0,34,0.8,1.4607226117014172,0.445744588971138,1,0,1
val_unseen,val_unseen,350,data/scene_datasets/mp3d/8194nk5LbLH/8194nk5LbLH.glb,12,0,41,AMBIGUOUS,0,1,0,1,0,0,-3.040363073348999,0.46297454833984375,-3.5033376216888428,0.20588235294117646,0.029411764705882353,2.3241918471634695,0.0,4.2500006904684895,0.0,34,0.8,1.4607226117014172,0.445744588971138,1,0,0
val_unseen,val_unseen,350,data/scene_datasets/mp3d/8194nk5LbLH/8194nk5LbLH.glb,12,0,42,AMBIGUOUS,0,1,0,1,0,0,-1.3109461069107056,0.46297454833984375,-1.7739206552505493,0.08823529411764706,0.029411764705882353,3.1714318800363626,0.0,3.75000069046849,0.0,34,0.8,1.4607226117014172,0.445744588971138,1,0,0
val_unseen,val_unseen,350,data/scene_datasets/mp3d/8194nk5LbLH/8194nk5LbLH.glb,12,0,43,AMBIGUOUS,0,1,0,1,1,0,0.01722995936870575,0.46297454833984375,-0.445744588971138,0.058823529411764705,0.029411764705882353,2.25,0.0,2.25,0.0,34,0.8,1.4607226117014172,0.445744588971138,0,0,1
val_unseen,val_unseen,350,data/scene_datasets/mp3d/8194nk5LbLH/8194nk5LbLH.glb,12,0,44,AMBIGUOUS,0,1,0,1,1,0,-4.346867084503174,0.46297454833984375,-4.809841632843018,0.29411764705882354,0.029411764705882353,2.0,0.0,2.0,0.0,34,0.8,1.4607226117014172,0.445744588971138,0,0,1
val_unseen,val_unseen,350,data/scene_datasets/mp3d/8194nk5LbLH/8194nk5LbLH.glb,12,0,45,AMBIGUOUS,0,1,0,1,1,0,-4.385504245758057,0.46297454833984375,-4.8484787940979,0.3235294117647059,0.029411764705882353,2.25,0.0,2.25,0.0,34,0.8,1.4607226117014172,0.445744588971138,0,0,1
val_unseen,val_unseen,350,data/scene_datasets/mp3d/8194nk5LbLH/8194nk5LbLH.glb,12,0,46,AMBIGUOUS,0,1,0,1,1,0,-2.5371859073638916,0.46297454833984375,-3.0001604557037354,0.11764705882352941,0.029411764705882353,2.25,0.0,2.25,0.0,34,0.8,1.4607226117014172,0.445744588971138,0,0,1
val_unseen,val_unseen,1702,data/scene_datasets/mp3d/oLBMNvg9in8/oLBMNvg9in8.glb,13,15,0,INTERVENE,0,1,1,0,0,0,-7.460649013519287,-3.149775505065918,-4.310873508453369,1.0,0.08333333333333333,1.499999917989616,3.114543493249049,1.499999917989616,5.430114558047362,12,0.8666666666666667,1.8452482973231839,1.1099257469177246,1,0,0
val_unseen,val_unseen,1702,data/scene_datasets/mp3d/oLBMNvg9in8/oLBMNvg9in8.glb,13,15,16,AMBIGUOUS,0,1,0,0,0,0,-5.245133876800537,-3.149775505065918,-2.095358371734619,0.4166666666666667,0.08333333333333333,2.838083325674828,3.114543493249049,3.5885430735378865,5.430114558047362,12,0.8666666666666667,1.8452482973231839,1.1099257469177246,1,0,0
val_unseen,val_unseen,1702,data/scene_datasets/mp3d/oLBMNvg9in8/oLBMNvg9in8.glb,13,15,17,KEEP,0,1,0,0,0,0,-4.259701251983643,-3.149775505065918,-1.1099257469177246,0.16666666666666666,0.08333333333333333,3.0359100227053792,3.114543493249049,5.396142312299263,5.430114558047362,12,0.8666666666666667,1.8452482973231839,1.1099257469177246,1,0,0
val_unseen,val_unseen,1702,data/scene_datasets/mp3d/oLBMNvg9in8/oLBMNvg9in8.glb,13,15,18,AMBIGUOUS,0,1,0,0,0,0,-4.686811447143555,-3.149775505065918,-1.5370359420776367,0.25,0.08333333333333333,1.8006233472433988,3.114543493249049,2.2430082830326157,5.430114558047362,12,0.8666666666666667,1.8452482973231839,1.1099257469177246,1,0,0
val_unseen,val_unseen,1702,data/scene_datasets/mp3d/oLBMNvg9in8/oLBMNvg9in8.glb,13,15,19,AMBIGUOUS,0,1,0,0,0,0,-6.289931297302246,-3.149775505065918,-3.140155792236328,0.75,0.08333333333333333,0.6717364988461243,3.114543493249049,5.257450783164431,5.430114558047362,12,0.8666666666666667,1.8452482973231839,1.1099257469177246,1,0,0
val_unseen,val_unseen,1702,data/scene_datasets/mp3d/oLBMNvg9in8/oLBMNvg9in8.glb,13,15,20,INTERVENE,0,1,0,0,1,0,-6.0775628089904785,-3.149775505065918,-2.9277873039245605,0.6666666666666666,0.08333333333333333,1.2668658152260197,3.114543493249049,1.2668658152260197,5.430114558047362,12,0.8666666666666667,1.8452482973231839,1.1099257469177246,0,0,0
val_unseen,val_unseen,1702,data/scene_datasets/mp3d/oLBMNvg9in8/oLBMNvg9in8.glb,13,15,21,AMBIGUOUS,0,1,0,0,0,0,-6.409527778625488,-3.149775505065918,-3.2597522735595703,0.9166666666666666,0.08333333333333333,3.6177957086003114,3.114543493249049,6.0891013251253785,5.430114558047362,12,0.8666666666666667,1.8452482973231839,1.1099257469177246,1,0,0
val_unseen,val_unseen,1702,data/scene_datasets/mp3d/oLBMNvg9in8/oLBMNvg9in8.glb,13,15,22,AMBIGUOUS,0,1,0,0,0,0,-5.424344539642334,-3.149775505065918,-2.274569034576416,0.5833333333333334,0.08333333333333333,3.723130771727473,3.114543493249049,5.756754410497198,5.430114558047362,12,0.8666666666666667,1.8452482973231839,1.1099257469177246,1,0,0
val_unseen,val_unseen,1702,data/scene_datasets/mp3d/oLBMNvg9in8/oLBMNvg9in8.glb,13,15,23,KEEP,0,1,0,0,0,0,-6.366244316101074,-3.149775505065918,-3.2164688110351562,0.8333333333333334,0.08333333333333333,5.2843478905885455,3.114543493249049,7.256754410497198,5.430114558047362,12,0.8666666666666667,1.8452482973231839,1.1099257469177246,1,0,0
val_unseen,val_unseen,1702,data/scene_datasets/mp3d/oLBMNvg9in8/oLBMNvg9in8.glb,13,15,24,AMBIGUOUS,0,1,0,0,1,0,-5.093514919281006,-3.149775505065918,-1.943739414215088,0.3333333333333333,0.08333333333333333,1.7500000000000002,3.114543493249049,1.7500000000000002,5.430114558047362,12,0.8666666666666667,1.8452482973231839,1.1099257469177246,0,0,0
val_unseen,val_unseen,1702,data/scene_datasets/mp3d/oLBMNvg9in8/oLBMNvg9in8.glb,13,15,25,INTERVENE,0,1,0,0,1,0,-5.263781547546387,-3.149775505065918,-2.1140060424804688,0.5,0.08333333333333333,1.4999999999999998,3.114543493249049,1.4999999999999998,5.430114558047362,12,0.8666666666666667,1.8452482973231839,1.1099257469177246,0,0,0
val_unseen,val_unseen,131,data/scene_datasets/mp3d/oLBMNvg9in8/oLBMNvg9in8.glb,4,11,0,AMBIGUOUS,0,1,1,0,0,1,-4.60633659362793,-1.0548361539840698,-3.55150043964386,0.7777777777777778,0.1111111111111111,0.0,0.7435836485912527,0.0,0.7435836485912527,9,0.26666666666666666,1.062308455959633,1.8214482069015503,1,0,0
val_unseen,val_unseen,131,data/scene_datasets/mp3d/oLBMNvg9in8/oLBMNvg9in8.glb,4,11,6,AMBIGUOUS,0,1,0,0,0,1,-4.348067760467529,-1.0548361539840698,-3.2932316064834595,0.4444444444444444,0.1111111111111111,5.3201338357528405,0.7435836485912527,6.005824587387457,0.7435836485912527,9,0.26666666666666666,1.062308455959633,1.8214482069015503,1,0,0
val_unseen,val_unseen,131,data/scene_datasets/mp3d/oLBMNvg9in8/oLBMNvg9in8.glb,4,11,7,AMBIGUOUS,0,1,0,0,0,1,-4.080806255340576,-1.0548361539840698,-3.0259701013565063,0.3333333333333333,0.1111111111111111,4.868789854355413,0.7435836485912527,5.255824587387457,0.7435836485912527,9,0.26666666666666666,1.062308455959633,1.8214482069015503,1,0,0
val_unseen,val_unseen,131,data/scene_datasets/mp3d/oLBMNvg9in8/oLBMNvg9in8.glb,4,11,8,AMBIGUOUS,0,1,0,0,0,1,-4.611286163330078,-1.0548361539840698,-3.5564500093460083,0.8888888888888888,0.1111111111111111,5.024355058836791,0.7435836485912527,5.255824587387457,0.7435836485912527,9,0.26666666666666666,1.062308455959633,1.8214482069015503,1,0,0
val_unseen,val_unseen,131,data/scene_datasets/mp3d/oLBMNvg9in8/oLBMNvg9in8.glb,4,11,9,KEEP,0,1,0,0,0,1,-6.143901348114014,-1.0548361539840698,-5.089065194129944,1.0,0.1111111111111111,3.94304498895756,0.7435836485912527,4.105624057162071,0.7435836485912527,9,0.26666666666666666,1.062308455959633,1.8214482069015503,1,0,0
val_unseen,val_unseen,131,data/scene_datasets/mp3d/oLBMNvg9in8/oLBMNvg9in8.glb,4,11,10,KEEP,0,1,0,0,0,1,-4.445939540863037,-1.0548361539840698,-3.3911033868789673,0.5555555555555556,0.1111111111111111,1.8492494143867335,0.7435836485912527,2.6677940025996456,0.7435836485912527,9,0.26666666666666666,1.062308455959633,1.8214482069015503,1,0,0
val_unseen,val_unseen,131,data/scene_datasets/mp3d/oLBMNvg9in8/oLBMNvg9in8.glb,4,11,12,AMBIGUOUS,0,1,0,0,1,1,-4.501709938049316,-1.0548361539840698,-3.4468737840652466,0.6666666666666666,0.1111111111111111,2.75,0.7435836485912527,2.75,0.7435836485912527,9,0.26666666666666666,1.062308455959633,1.8214482069015503,0,0,1
val_unseen,val_unseen,131,data/scene_datasets/mp3d/oLBMNvg9in8/oLBMNvg9in8.glb,4,11,13,KEEP,0,1,0,0,1,1,-2.87628436088562,-1.0548361539840698,-1.8214482069015503,0.2222222222222222,0.1111111111111111,1.2346104598549847,0.7435836485912527,1.2346104598549847,0.7435836485912527,9,0.26666666666666666,1.062308455959633,1.8214482069015503,0,0,0
val_unseen,val_unseen,131,data/scene_datasets/mp3d/oLBMNvg9in8/oLBMNvg9in8.glb,5,14,0,AMBIGUOUS,0,1,1,0,0,1,-2.338273286819458,0.12576830387115479,-2.464041590690613,0.4444444444444444,0.1111111111111111,0.0,0.7435836571494702,0.0,0.7435836571494702,9,0.3333333333333333,0.9188579387155748,2.1860028505325317,1,0,0
val_unseen,val_unseen,131,data/scene_datasets/mp3d/oLBMNvg9in8/oLBMNvg9in8.glb,5,14,7,AMBIGUOUS,0,1,0,0,0,1,-4.60847806930542,0.12576830387115479,-4.734246373176575,0.7777777777777778,0.1111111111111111,5.296163252853871,0.7435836571494702,6.033260241227824,0.7435836571494702,9,0.3333333333333333,0.9188579387155748,2.1860028505325317,1,0,0
val_unseen,val_unseen,131,data/scene_datasets/mp3d/oLBMNvg9in8/oLBMNvg9in8.glb,5,14,8,AMBIGUOUS,0,1,0,0,0,1,-4.407892227172852,0.12576830387115479,-4.533660531044006,0.5555555555555556,0.1111111111111111,4.847061277928744,0.7435836571494702,5.283260241227824,0.7435836571494702,9,0.3333333333333333,0.9188579387155748,2.1860028505325317,1,0,0
val_unseen,val_unseen,131,data/scene_datasets/mp3d/oLBMNvg9in8/oLBMNvg9in8.glb,5,14,9,AMBIGUOUS,0,1,0,0,0,1,-4.9388933181762695,0.12576830387115479,-5.064661622047424,0.8888888888888888,0.1111111111111111,5.005042524398061,0.7435836571494702,5.283260241227825,0.7435836571494702,9,0.3333333333333333,0.9188579387155748,2.1860028505325317,1,0,0
val_unseen,val_unseen,131,data/scene_datasets/mp3d/oLBMNvg9in8/oLBMNvg9in8.glb,5,14,10,AMBIGUOUS,0,1,0,0,0,1,-6.1989593505859375,0.12576830387115479,-6.324727654457092,1.0,0.1111111111111111,3.9233173436830024,0.7435836571494702,4.1330597110024385,0.7435836571494702,9,0.3333333333333333,0.9188579387155748,2.1860028505325317,1,0,0
val_unseen,val_unseen,131,data/scene_datasets/mp3d/oLBMNvg9in8/oLBMNvg9in8.glb,5,14,11,KEEP,0,1,0,0,0,1,-4.497211933135986,0.12576830387115479,-4.622980237007141,0.6666666666666666,0.1111111111111111,1.8263695772453177,0.7435836571494702,2.6952296564400124,0.7435836571494702,9,0.3333333333333333,0.9188579387155748,2.1860028505325317,1,0,0
val_unseen,val_unseen,131,data/scene_datasets/mp3d/oLBMNvg9in8/oLBMNvg9in8.glb,5,14,12,AMBIGUOUS,0,1,0,0,1,1,-2.060234546661377,0.12576830387115479,-2.1860028505325317,0.2222222222222222,0.1111111111111111,2.7379470670135326,0.7435836571494702,2.7379470670135326,0.7435836571494702,9,0.3333333333333333,0.9188579387155748,2.1860028505325317,0,0,1
val_unseen,val_unseen,131,data/scene_datasets/mp3d/oLBMNvg9in8/oLBMNvg9in8.glb,5,14,13,KEEP,0,1,0,0,1,1,-2.3227698802948,0.12576830387115479,-2.4485381841659546,0.3333333333333333,0.1111111111111111,1.2252638311868136,0.7435836571494702,1.2252638311868136,0.7435836571494702,9,0.3333333333333333,0.9188579387155748,2.1860028505325317,0,0,0
val_unseen,val_unseen,131,data/scene_datasets/mp3d/oLBMNvg9in8/oLBMNvg9in8.glb,6,15,0,AMBIGUOUS,0,1,1,0,0,1,-4.132059097290039,0.5440218448638916,-4.676080942153931,0.5,0.1,0.0704735926775744,1.25,0.0704735926775744,1.25,10,0.4,0.8892344726561348,0.5581706538796425,1,0,0
val_unseen,val_unseen,131,data/scene_datasets/mp3d/oLBMNvg9in8/oLBMNvg9in8.glb,6,15,8,AMBIGUOUS,0,1,0,0,0,1,-4.372936725616455,0.5440218448638916,-4.916958570480347,0.7,0.1,5.36351253321211,1.25,6.056480521791807,1.25,10,0.4,0.8892344726561348,0.5581706538796425,1,0,0
val_unseen,val_unseen,131,data/scene_datasets/mp3d/oLBMNvg9in8/oLBMNvg9in8.glb,6,15,9,AMBIGUOUS,0,1,0,0,0,1,-4.156073570251465,0.5440218448638916,-4.7000954151153564,0.6,0.1,4.9158831828599885,1.25,5.306480521791807,1.25,10,0.4,0.8892344726561348,0.5581706538796425,1,0,0
val_unseen,val_unseen,131,data/scene_datasets/mp3d/oLBMNvg9in8/oLBMNvg9in8.glb,6,15,10,AMBIGUOUS,0,1,0,0,0,1,-4.653873920440674,0.5440218448638916,-5.197895765304565,0.9,0.1,5.07409617640393,1.25,5.306480521791807,1.25,10,0.4,0.8892344726561348,0.5581706538796425,1,0,0
val_unseen,val_unseen,131,data/scene_datasets/mp3d/oLBMNvg9in8/oLBMNvg9in8.glb,6,15,11,AMBIGUOUS,0,1,0,0,0,1,-5.8510847091674805,0.5440218448638916,-6.395106554031372,1.0,0.1,3.9932168350494015,1.25,4.1562799915664215,1.25,10,0.4,0.8892344726561348,0.5581706538796425,1,0,0
val_unseen,val_unseen,131,data/scene_datasets/mp3d/oLBMNvg9in8/oLBMNvg9in8.glb,6,15,12,KEEP,0,1,0,0,0,1,-4.389742851257324,0.5440218448638916,-4.933764696121216,0.8,0.1,1.896264230508891,1.25,2.718449937003995,1.25,10,0.4,0.8892344726561348,0.5581706538796425,1,0,0
val_unseen,val_unseen,131,data/scene_datasets/mp3d/oLBMNvg9in8/oLBMNvg9in8.glb,6,15,13,AMBIGUOUS,0,1,0,0,0,1,-3.8856863975524902,0.5440218448638916,-4.429708242416382,0.4,0.1,2.8067934442258267,1.25,2.808420659691107,1.25,10,0.4,0.8892344726561348,0.5581706538796425,1,0,1
val_unseen,val_unseen,131,data/scene_datasets/mp3d/oLBMNvg9in8/oLBMNvg9in8.glb,6,15,14,KEEP,0,1,0,0,0,1,-3.4149906635284424,0.5440218448638916,-3.959012508392334,0.3,0.1,1.294274004716476,1.25,1.295737423864388,1.25,10,0.4,0.8892344726561348,0.5581706538796425,1,0,0
val_unseen,val_unseen,131,data/scene_datasets/mp3d/oLBMNvg9in8/oLBMNvg9in8.glb,6,15,16,AMBIGUOUS,0,1,0,0,1,1,-0.014148809015750885,0.5440218448638916,-0.5581706538796425,0.2,0.1,0.7499999999999997,1.25,0.7499999999999997,1.25,10,0.4,0.8892344726561348,0.5581706538796425,0,0,0
val_unseen,val_unseen,131,data/scene_datasets/mp3d/oLBMNvg9in8/oLBMNvg9in8.glb,7,16,0,AMBIGUOUS,0,1,1,0,0,1,-3.6164801120758057,0.5761630535125732,-4.192643165588379,0.2222222222222222,0.1111111111111111,0.018774256595213923,0.7324526153883538,0.12217292875993777,0.7324526153883538,9,0.4666666666666667,0.33537860371941874,4.192643165588379,1,0,0
val_unseen,val_unseen,131,data/scene_datasets/mp3d/oLBMNvg9in8/oLBMNvg9in8.glb,7,16,9,AMBIGUOUS,0,1,0,0,0,1,-4.359607219696045,0.5761630535125732,-4.935770273208618,0.6666666666666666,0.1111111111111111,5.314097268607373,0.7324526153883538,6.10817985787417,0.7324526153883538,9,0.4666666666666667,0.33537860371941874,4.192643165588379,1,0,0
val_unseen,val_unseen,131,data/scene_datasets/mp3d/oLBMNvg9in8/oLBMNvg9in8.glb,7,16,10,AMBIGUOUS,0,1,0,0,0,1,-4.213115692138672,0.5761630535125732,-4.789278745651245,0.4444444444444444,0.1111111111111111,4.865390901275323,0.7324526153883538,5.35817985787417,0.7324526153883538,9,0.4666666666666667,0.33537860371941874,4.192643165588379,1,0,0
val_unseen,val_unseen,131,data/scene_datasets/mp3d/oLBMNvg9in8/oLBMNvg9in8.glb,7,16,11,AMBIGUOUS,0,1,0,0,0,1,-4.828598976135254,0.5761630535125732,-5.404762029647827,0.8888888888888888,0.1111111111111111,5.023434653602466,0.7324526153883538,5.358179857874171,0.7324526153883538,9,0.4666666666666667,0.33537860371941874,4.192643165588379,1,0,0
val_unseen,val_unseen,131,data/scene_datasets/mp3d/oLBMNvg9in8/oLBMNvg9in8.glb,7,16,12,AMBIGUOUS,0,1,0,0,0,1,-5.949324131011963,0.5761630535125732,-6.525487184524536,1.0,0.1111111111111111,3.9419366616625435,0.7324526153883538,4.2079793276487845,0.7324526153883538,9,0.4666666666666667,0.33537860371941874,4.192643165588379,1,0,0
val_unseen,val_unseen,131,data/scene_datasets/mp3d/oLBMNvg9in8/oLBMNvg9in8.glb,7,16,13,KEEP,0,1,0,0,0,1,-4.820040702819824,0.5761630535125732,-5.3962037563323975,0.7777777777777778,0.1111111111111111,1.8449852984858455,0.7324526153883538,2.7701492730863584,0.7324526153883538,9,0.4666666666666667,0.33537860371941874,4.192643165588379,1,0,0
val_unseen,val_unseen,131,data/scene_datasets/mp3d/oLBMNvg9in8/oLBMNvg9in8.glb,7,16,14,AMBIGUOUS,0,1,0,0,1,1,-4.265628337860107,0.5761630535125732,-4.841791391372681,0.5555555555555556,0.1111111111111111,2.754181970739669,0.7324526153883538,2.8580274100347753,0.7324526153883538,9,0.4666666666666667,0.33537860371941874,4.192643165588379,0,0,1
val_unseen,val_unseen,131,data/scene_datasets/mp3d/oLBMNvg9in8/oLBMNvg9in8.glb,7,16,15,KEEP,0,1,0,0,1,1,-3.7542829513549805,0.5761630535125732,-4.330446004867554,0.3333333333333333,0.1111111111111111,1.2437298360758517,0.7324526153883538,1.347431037733849,0.7324526153883538,9,0.4666666666666667,0.33537860371941874,4.192643165588379,0,0,0
val_unseen,val_unseen,131,data/scene_datasets/mp3d/oLBMNvg9in8/oLBMNvg9in8.glb,8,17,0,INTERVENE,0,1,1,0,0,1,-1.5407778024673462,-0.2705102860927582,-1.270267516374588,0.3333333333333333,0.1111111111111111,0.0,0.7435836571494702,0.0,0.7435836571494702,9,0.5333333333333333,1.3605335495466042,0.41750600934028625,1,0,0
val_unseen,val_unseen,131,data/scene_datasets/mp3d/oLBMNvg9in8/oLBMNvg9in8.glb,8,17,10,AMBIGUOUS,0,1,0,0,0,1,-4.535397052764893,-0.2705102860927582,-4.264886766672134,0.7777777777777778,0.1111111111111111,5.294343383133205,0.7435836571494702,6.128859593267997,0.7435836571494702,9,0.5333333333333333,1.3605335495466042,0.41750600934028625,1,0,0
val_unseen,val_unseen,131,data/scene_datasets/mp3d/oLBMNvg9in8/oLBMNvg9in8.glb,8,17,11,AMBIGUOUS,0,1,0,0,0,1,-4.390341758728027,-0.2705102860927582,-4.119831472635269,0.5555555555555556,0.1111111111111111,4.845201118546421,0.7435836571494702,5.378859593267997,0.7435836571494702,9,0.5333333333333333,1.3605335495466042,0.41750600934028625,1,0,0
val_unseen,val_unseen,131,data/scene_datasets/mp3d/oLBMNvg9in8/oLBMNvg9in8.glb,8,17,12,AMBIGUOUS,0,1,0,0,0,1,-4.76052188873291,-0.2705102860927582,-4.490011602640152,0.8888888888888888,0.1111111111111111,5.003175987105496,0.7435836571494702,5.378859593267997,0.7435836571494702,9,0.5333333333333333,1.3605335495466042,0.41750600934028625,1,0,0
val_unseen,val_unseen,131,data/scene_datasets/mp3d/oLBMNvg9in8/oLBMNvg9in8.glb,8,17,13,AMBIGUOUS,0,1,0,0,0,1,-5.74358606338501,-0.2705102860927582,-5.473075777292252,1.0,0.1111111111111111,3.9214276720931465,0.7435836571494702,4.2286590630426115,0.7435836571494702,9,0.5333333333333333,1.3605335495466042,0.41750600934028625,1,0,0
val_unseen,val_unseen,131,data/scene_datasets/mp3d/oLBMNvg9in8/oLBMNvg9in8.glb,8,17,14,KEEP,0,1,0,0,0,1,-4.493546962738037,-0.2705102860927582,-4.223036676645279,0.6666666666666666,0.1111111111111111,1.8244803725886316,0.7435836571494702,2.790829008480185,0.7435836571494702,9,0.5333333333333333,1.3605335495466042,0.41750600934028625,1,0,0
val_unseen,val_unseen,131,data/scene_datasets/mp3d/oLBMNvg9in8/oLBMNvg9in8.glb,8,17,15,AMBIGUOUS,0,1,0,0,1,1,-0.6880162954330444,-0.2705102860927582,-0.41750600934028625,0.2222222222222222,0.1111111111111111,2.7379957890563786,0.7435836571494702,2.7379957890563786,0.7435836571494702,9,0.5333333333333333,1.3605335495466042,0.41750600934028625,0,0,0
val_unseen,val_unseen,131,data/scene_datasets/mp3d/oLBMNvg9in8/oLBMNvg9in8.glb,8,17,16,KEEP,0,1,0,0,1,1,-1.6742031574249268,-0.2705102860927582,-1.4036928713321686,0.4444444444444444,0.1111111111111111,1.2285828746438914,0.7435836571494702,1.2285828746438914,0.7435836571494702,9,0.5333333333333333,1.3605335495466042,0.41750600934028625,0,0,0
val_unseen,val_unseen,131,data/scene_datasets/mp3d/oLBMNvg9in8/oLBMNvg9in8.glb,9,18,0,AMBIGUOUS,0,1,1,0,0,1,-5.1542253494262695,0.5480776429176331,-5.702302992343903,0.9,0.1,0.07237907147617473,1.25,0.07237907147617473,1.25,10,0.6,1.0062795306927654,0.4713106155395508,1,0,0
val_unseen,val_unseen,131,data/scene_datasets/mp3d/oLBMNvg9in8/oLBMNvg9in8.glb,9,18,11,AMBIGUOUS,0,1,0,0,0,1,-3.8384318351745605,0.5480776429176331,-4.386509478092194,0.7,0.1,5.36351253321211,1.25,6.056480521791807,1.25,10,0.6,1.0062795306927654,0.4713106155395508,1,0,0
val_unseen,val_unseen,131,data/scene_datasets/mp3d/oLBMNvg9in8/oLBMNvg9in8.glb,9,18,12,AMBIGUOUS,0,1,0,0,0,1,-3.689819574356079,0.5480776429176331,-4.237897217273712,0.5,0.1,4.9158831828599885,1.25,5.306480521791807,1.25,10,0.6,1.0062795306927654,0.4713106155395508,1,0,0
val_unseen,val_unseen,131,data/scene_datasets/mp3d/oLBMNvg9in8/oLBMNvg9in8.glb,9,18,13,AMBIGUOUS,0,1,0,0,0,1,-4.180619239807129,0.5480776429176331,-4.728696882724762,0.8,0.1,5.07409617640393,1.25,5.306480521791807,1.25,10,0.6,1.0062795306927654,0.4713106155395508,1,0,0
val_unseen,val_unseen,131,data/scene_datasets/mp3d/oLBMNvg9in8/oLBMNvg9in8.glb,9,18,14,AMBIGUOUS,0,1,0,0,0,1,-5.193479537963867,0.5480776429176331,-5.7415571808815,1.0,0.1,3.9932168350494015,1.25,4.1562799915664215,1.25,10,0.6,1.0062795306927654,0.4713106155395508,1,0,0
val_unseen,val_unseen,131,data/scene_datasets/mp3d/oLBMNvg9in8/oLBMNvg9in8.glb,9,18,15,KEEP,0,1,0,0,0,1,-3.8016021251678467,0.5480776429176331,-4.34967976808548,0.6,0.1,1.896264230508891,1.25,2.718449937003995,1.25,10,0.6,1.0062795306927654,0.4713106155395508,1,0,0
val_unseen,val_unseen,131,data/scene_datasets/mp3d/oLBMNvg9in8/oLBMNvg9in8.glb,9,18,16,AMBIGUOUS,0,1,0,0,0,1,-2.7824900150299072,0.5480776429176331,-3.3305676579475403,0.3,0.1,2.8086789867331827,1.25,2.810374860532553,1.25,10,0.6,1.0062795306927654,0.4713106155395508,1,0,1
val_unseen,val_unseen,131,data/scene_datasets/mp3d/oLBMNvg9in8/oLBMNvg9in8.glb,9,18,17,KEEP,0,1,0,0,0,1,-2.8069252967834473,0.5480776429176331,-3.3550029397010803,0.4,0.1,1.2999267773746557,1.25,1.300961946120066,1.25,10,0.6,1.0062795306927654,0.4713106155395508,1,0,0
val_unseen,val_unseen,131,data/scene_datasets/mp3d/oLBMNvg9in8/oLBMNvg9in8.glb,9,18,19,AMBIGUOUS,0,1,0,0,1,1,0.07676702737808228,0.5480776429176331,-0.4713106155395508,0.2,0.1,0.7499999999999997,1.25,0.7499999999999997,1.25,10,0.6,1.0062795306927654,0.4713106155395508,0,0,0
val_unseen,val_unseen,131,data/scene_datasets/mp3d/oLBMNvg9in8/oLBMNvg9in8.glb,10,19,0,AMBIGUOUS,0,1,1,0,0,1,-4.349048137664795,0.3724856674671173,-4.721533805131912,0.8888888888888888,0.1111111111111111,0.020679735393826695,0.7324526153883538,0.12407840755853808,0.7324526153883538,9,0.6666666666666666,0.604162224138189,3.2903588116168976,1,0,0
val_unseen,val_unseen,131,data/scene_datasets/mp3d/oLBMNvg9in8/oLBMNvg9in8.glb,10,19,12,AMBIGUOUS,0,1,0,0,0,1,-3.6188786029815674,0.3724856674671173,-3.9913642704486847,0.5555555555555556,0.1111111111111111,5.314097268607373,0.7324526153883538,6.10817985787417,0.7324526153883538,9,0.6666666666666666,0.604162224138189,3.2903588116168976,1,0,0
val_unseen,val_unseen,131,data/scene_datasets/mp3d/oLBMNvg9in8/oLBMNvg9in8.glb,10,19,13,AMBIGUOUS,0,1,0,0,0,1,-3.4785728454589844,0.3724856674671173,-3.8510585129261017,0.4444444444444444,0.1111111111111111,4.865390901275323,0.7324526153883538,5.35817985787417,0.7324526153883538,9,0.6666666666666666,0.604162224138189,3.2903588116168976,1,0,0
val_unseen,val_unseen,131,data/scene_datasets/mp3d/oLBMNvg9in8/oLBMNvg9in8.glb,10,19,14,AMBIGUOUS,0,1,0,0,0,1,-4.105376243591309,0.3724856674671173,-4.477861911058426,0.6666666666666666,0.1111111111111111,5.023434653602466,0.7324526153883538,5.358179857874171,0.7324526153883538,9,0.6666666666666666,0.604162224138189,3.2903588116168976,1,0,0
val_unseen,val_unseen,131,data/scene_datasets/mp3d/oLBMNvg9in8/oLBMNvg9in8.glb,10,19,15,AMBIGUOUS,0,1,0,0,0,1,-5.233917713165283,0.3724856674671173,-5.6064033806324005,1.0,0.1111111111111111,3.9419366616625435,0.7324526153883538,4.2079793276487845,0.7324526153883538,9,0.6666666666666666,0.604162224138189,3.2903588116168976,1,0,0
val_unseen,val_unseen,131,data/scene_datasets/mp3d/oLBMNvg9in8/oLBMNvg9in8.glb,10,19,16,AMBIGUOUS,0,1,0,0,0,1,-4.130148887634277,0.3724856674671173,-4.502634555101395,0.7777777777777778,0.1111111111111111,1.8449852984858455,0.7324526153883538,2.7701492730863584,0.7324526153883538,9,0.6666666666666666,0.604162224138189,3.2903588116168976,1,0,1
val_unseen,val_unseen,131,data/scene_datasets/mp3d/oLBMNvg9in8/oLBMNvg9in8.glb,10,19,17,AMBIGUOUS,0,1,0,0,1,1,-3.2291438579559326,0.3724856674671173,-3.60162952542305,0.3333333333333333,0.1111111111111111,2.756544402901035,0.7324526153883538,2.8604386985420214,0.7324526153883538,9,0.6666666666666666,0.604162224138189,3.2903588116168976,0,0,1
val_unseen,val_unseen,131,data/scene_datasets/mp3d/oLBMNvg9in8/oLBMNvg9in8.glb,10,19,18,KEEP,0,1,0,0,1,1,-2.9178731441497803,0.3724856674671173,-3.2903588116168976,0.2222222222222222,0.1111111111111111,1.2486060976913127,0.7324526153883538,1.3522680371989246,0.7324526153883538,9,0.6666666666666666,0.604162224138189,3.2903588116168976,0,0,0
val_unseen,val_unseen,131,data/scene_datasets/mp3d/oLBMNvg9in8/oLBMNvg9in8.glb,11,20,0,INTERVENE,0,1,1,0,0,1,-4.385720252990723,-0.012646323069930077,-4.373073929920793,0.8888888888888888,0.1111111111111111,0.0,0.7435836571494702,0.14475814295236478,0.7435836571494702,9,0.7333333333333333,0.8360084290133275,2.89012205041945,1,0,0
val_unseen,val_unseen,131,data/scene_datasets/mp3d/oLBMNvg9in8/oLBMNvg9in8.glb,11,20,13,AMBIGUOUS,0,1,0,0,0,1,-3.4249048233032227,-0.012646323069930077,-3.4122585002332926,0.5555555555555556,0.1111111111111111,5.294343383133205,0.7435836571494702,6.128859593267997,0.7435836571494702,9,0.7333333333333333,0.8360084290133275,2.89012205041945,1,0,0
val_unseen,val_unseen,131,data/scene_datasets/mp3d/oLBMNvg9in8/oLBMNvg9in8.glb,11,20,14,AMBIGUOUS,0,1,0,0,0,1,-3.2793455123901367,-0.012646323069930077,-3.2666991893202066,0.4444444444444444,0.1111111111111111,4.845201118546421,0.7435836571494702,5.378859593267997,0.7435836571494702,9,0.7333333333333333,0.8360084290133275,2.89012205041945,1,0,0
val_unseen,val_unseen,131,data/scene_datasets/mp3d/oLBMNvg9in8/oLBMNvg9in8.glb,11,20,15,AMBIGUOUS,0,1,0,0,0,1,-3.7832744121551514,-0.012646323069930077,-3.7706280890852213,0.6666666666666666,0.1111111111111111,5.003175987105496,0.7435836571494702,5.378859593267997,0.7435836571494702,9,0.7333333333333333,0.8360084290133275,2.89012205041945,1,0,0
val_unseen,val_unseen,131,data/scene_datasets/mp3d/oLBMNvg9in8/oLBMNvg9in8.glb,11,20,16,AMBIGUOUS,0,1,0,0,0,1,-5.028100490570068,-0.012646323069930077,-5.015454167500138,1.0,0.1111111111111111,3.9214276720931465,0.7435836571494702,4.2286590630426115,0.7435836571494702,9,0.7333333333333333,0.8360084290133275,2.89012205041945,1,0,0
val_unseen,val_unseen,131,data/scene_datasets/mp3d/oLBMNvg9in8/oLBMNvg9in8.glb,11,20,17,KEEP,0,1,0,0,0,1,-4.022027969360352,-0.012646323069930077,-4.0093816462904215,0.7777777777777778,0.1111111111111111,1.8244803725886316,0.7435836571494702,2.790829008480185,0.7435836571494702,9,0.7333333333333333,0.8360084290133275,2.89012205041945,1,0,0
val_unseen,val_unseen,131,data/scene_datasets/mp3d/oLBMNvg9in8/oLBMNvg9in8.glb,11,20,18,AMBIGUOUS,0,1,0,0,1,1,-3.228851795196533,-0.012646323069930077,-3.216205472126603,0.3333333333333333,0.1111111111111111,2.7386335654136342,0.7435836571494702,2.8833917083659992,0.7435836571494702,9,0.7333333333333333,0.8360084290133275,2.89012205041945,0,0,0
val_unseen,val_unseen,131,data/scene_datasets/mp3d/oLBMNvg9in8/oLBMNvg9in8.glb,11,20,19,KEEP,0,1,0,0,1,1,-2.90276837348938,-0.012646323069930077,-2.89012205041945,0.2222222222222222,0.1111111111111111,1.2312882642471175,0.7435836571494702,1.3760464071994822,0.7435836571494702,9,0.7333333333333333,0.8360084290133275,2.89012205041945,0,0,0
val_unseen,val_unseen,131,data/scene_datasets/mp3d/oLBMNvg9in8/oLBMNvg9in8.glb,12,21,0,AMBIGUOUS,0,1,1,0,0,1,-5.4709062576293945,0.18686527013778687,-5.657771527767181,1.0,0.1,0.07237907147617473,1.25,0.2171372144285395,1.25,10,0.8,1.1182105934858617,0.3617011606693268,1,0,0
val_unseen,val_unseen,131,data/scene_datasets/mp3d/oLBMNvg9in8/oLBMNvg9in8.glb,12,21,14,AMBIGUOUS,0,1,0,0,0,1,-3.5539889335632324,0.18686527013778687,-3.7408542037010193,0.6,0.1,5.36351253321211,1.25,6.056480521791807,1.25,10,0.8,1.1182105934858617,0.3617011606693268,1,0,0
val_unseen,val_unseen,131,data/scene_datasets/mp3d/oLBMNvg9in8/oLBMNvg9in8.glb,12,21,15,AMBIGUOUS,0,1,0,0,0,1,-3.3350281715393066,0.18686527013778687,-3.5218934416770935,0.5,0.1,4.9158831828599885,1.25,5.306480521791807,1.25,10,0.8,1.1182105934858617,0.3617011606693268,1,0,0
val_unseen,val_unseen,131,data/scene_datasets/mp3d/oLBMNvg9in8/oLBMNvg9in8.glb,12,21,16,AMBIGUOUS,0,1,0,0,0,1,-3.7655465602874756,0.18686527013778687,-3.9524118304252625,0.8,0.1,5.07409617640393,1.25,5.306480521791807,1.25,10,0.8,1.1182105934858617,0.3617011606693268,1,0,0
val_unseen,val_unseen,131,data/scene_datasets/mp3d/oLBMNvg9in8/oLBMNvg9in8.glb,12,21,17,AMBIGUOUS,0,1,0,0,0,1,-4.814990043640137,0.18686527013778687,-5.001855313777924,0.9,0.1,3.9932168350494015,1.25,4.1562799915664215,1.25,10,0.8,1.1182105934858617,0.3617011606693268,1,0,0
val_unseen,val_unseen,131,data/scene_datasets/mp3d/oLBMNvg9in8/oLBMNvg9in8.glb,12,21,18,AMBIGUOUS,0,1,0,0,0,1,-3.6788241863250732,0.18686527013778687,-3.86568945646286,0.7,0.1,1.896264230508891,1.25,2.718449937003995,1.25,10,0.8,1.1182105934858617,0.3617011606693268,1,0,0
val_unseen,val_unseen,131,data/scene_datasets/mp3d/oLBMNvg9in8/oLBMNvg9in8.glb,12,21,19,AMBIGUOUS,0,1,0,0,0,1,-3.0792124271392822,0.18686527013778687,-3.266077697277069,0.4,0.1,2.809308898534429,1.25,2.9557707798421737,1.25,10,0.8,1.1182105934858617,0.3617011606693268,1,0,0
val_unseen,val_unseen,131,data/scene_datasets/mp3d/oLBMNvg9in8/oLBMNvg9in8.glb,12,21,20,KEEP,0,1,0,0,0,1,-2.9612958431243896,0.18686527013778687,-3.1481611132621765,0.3,0.1,1.3028058616169962,1.25,1.448425478675657,1.25,10,0.8,1.1182105934858617,0.3617011606693268,1,0,0
val_unseen,val_unseen,131,data/scene_datasets/mp3d/oLBMNvg9in8/oLBMNvg9in8.glb,12,21,22,AMBIGUOUS,0,1,0,0,1,1,-0.17483589053153992,0.18686527013778687,-0.3617011606693268,0.2,0.1,0.7499999999999997,1.25,0.7499999999999997,1.25,10,0.8,1.1182105934858617,0.3617011606693268,0,0,0
val_unseen,val_unseen,131,data/scene_datasets/mp3d/oLBMNvg9in8/oLBMNvg9in8.glb,13,22,0,AMBIGUOUS,0,1,1,0,0,1,-4.647787094116211,0.059565991163253784,-4.707353085279465,0.8888888888888888,0.1111111111111111,0.020679735393826695,0.7324526153883538,0.2688365505109028,0.7324526153883538,9,0.8666666666666667,0.76816179532497,3.274611920118332,1,0,0
val_unseen,val_unseen,131,data/scene_datasets/mp3d/oLBMNvg9in8/oLBMNvg9in8.glb,13,22,15,KEEP,0,1,0,0,0,1,-3.4233264923095703,0.059565991163253784,-3.482892483472824,0.5555555555555556,0.1111111111111111,5.314097268607373,0.7324526153883538,6.10817985787417,0.7324526153883538,9,0.8666666666666667,0.76816179532497,3.274611920118332,1,0,0
val_unseen,val_unseen,131,data/scene_datasets/mp3d/oLBMNvg9in8/oLBMNvg9in8.glb,13,22,16,KEEP,0,1,0,0,0,1,-3.2206623554229736,0.059565991163253784,-3.2802283465862274,0.3333333333333333,0.1111111111111111,4.865390901275323,0.7324526153883538,5.35817985787417,0.7324526153883538,9,0.8666666666666667,0.76816179532497,3.274611920118332,1,0,0
val_unseen,val_unseen,131,data/scene_datasets/mp3d/oLBMNvg9in8/oLBMNvg9in8.glb,13,22,17,KEEP,0,1,0,0,0,1,-3.7846126556396484,0.059565991163253784,-3.844178646802902,0.6666666666666666,0.1111111111111111,5.023434653602466,0.7324526153883538,5.358179857874171,0.7324526153883538,9,0.8666666666666667,0.76816179532497,3.274611920118332,1,0,0
val_unseen,val_unseen,131,data/scene_datasets/mp3d/oLBMNvg9in8/oLBMNvg9in8.glb,13,22,18,AMBIGUOUS,0,1,0,0,0,1,-4.922393798828125,0.059565991163253784,-4.981959789991379,1.0,0.1111111111111111,3.9419366616625435,0.7324526153883538,4.2079793276487845,0.7324526153883538,9,0.8666666666666667,0.76816179532497,3.274611920118332,1,0,0
val_unseen,val_unseen,131,data/scene_datasets/mp3d/oLBMNvg9in8/oLBMNvg9in8.glb,13,22,19,AMBIGUOUS,0,1,0,0,0,1,-3.8819992542266846,0.059565991163253784,-3.9415652453899384,0.7777777777777778,0.1111111111111111,1.8449852984858455,0.7324526153883538,2.7701492730863584,0.7324526153883538,9,0.8666666666666667,0.76816179532497,3.274611920118332,1,0,0
val_unseen,val_unseen,131,data/scene_datasets/mp3d/oLBMNvg9in8/oLBMNvg9in8.glb,13,22,20,AMBIGUOUS,0,1,0,0,1,1,-3.32649564743042,0.059565991163253784,-3.3860616385936737,0.4444444444444444,0.1111111111111111,2.757557290975528,0.7324526153883538,3.006211089361533,0.7324526153883538,9,0.8666666666666667,0.76816179532497,3.274611920118332,0,0,0
val_unseen,val_unseen,131,data/scene_datasets/mp3d/oLBMNvg9in8/oLBMNvg9in8.glb,13,22,21,AMBIGUOUS,0,1,0,0,1,1,-3.215045928955078,0.059565991163253784,-3.274611920118332,0.2222222222222222,0.1111111111111111,1.2512303138715113,0.7324526153883538,1.4996184568805933,0.7324526153883538,9,0.8666666666666667,0.76816179532497,3.274611920118332,0,0,0
val_unseen,val_unseen,724,data/scene_datasets/mp3d/oLBMNvg9in8/oLBMNvg9in8.glb,0,2,0,AMBIGUOUS,0,1,1,0,0,1,-8.183005332946777,3.094010353088379,-11.277015686035156,1.0,0.2,0.0,2.5,0.0,2.5,5,0.0,0.3927266569299426,2.1493876576423645,1,0,0
val_unseen,val_unseen,724,data/scene_datasets/mp3d/oLBMNvg9in8/oLBMNvg9in8.glb,0,2,3,AMBIGUOUS,0,1,0,0,1,1,-1.3769437074661255,3.094010353088379,-4.470954060554504,0.6,0.2,1.106396314313744,2.5,1.106396314313744,2.5,5,0.0,0.3927266569299426,2.1493876576423645,0,0,0
val_unseen,val_unseen,724,data/scene_datasets/mp3d/oLBMNvg9in8/oLBMNvg9in8.glb,0,2,4,KEEP,0,1,0,0,1,1,0.9446226954460144,3.094010353088379,-2.1493876576423645,0.4,0.2,3.0,2.5,3.0,2.5,5,0.0,0.3927266569299426,2.1493876576423645,0,0,0
val_unseen,val_unseen,724,data/scene_datasets/mp3d/oLBMNvg9in8/oLBMNvg9in8.glb,0,2,5,KEEP,0,1,0,0,1,1,-4.225426197052002,3.094010353088379,-7.319436550140381,0.8,0.2,0.5000000000000002,2.5,0.5000000000000002,2.5,5,0.0,0.3927266569299426,2.1493876576423645,0,0,0
val_unseen,val_unseen,724,data/scene_datasets/mp3d/oLBMNvg9in8/oLBMNvg9in8.glb,3,13,0,INTERVENE,0,1,1,0,0,1,-1.576910376548767,-0.5034041404724121,-1.073506236076355,0.25,0.08333333333333333,0.0,1.25,0.0,1.25,12,0.2,1.6311620384929748,0.5950030088424683,1,0,0
val_unseen,val_unseen,724,data/scene_datasets/mp3d/oLBMNvg9in8/oLBMNvg9in8.glb,3,13,5,KEEP,0,1,0,0,0,1,-7.212607383728027,-0.5034041404724121,-6.709203243255615,0.9166666666666666,0.08333333333333333,3.3283190136258547,1.25,5.835551531266846,1.25,12,0.2,1.6311620384929748,0.5950030088424683,1,0,0
val_unseen,val_unseen,724,data/scene_datasets/mp3d/oLBMNvg9in8/oLBMNvg9in8.glb,3,13,6,KEEP,0,1,0,0,0,1,-7.037325859069824,-0.5034041404724121,-6.533921718597412,0.8333333333333334,0.08333333333333333,2.496717780395817,1.25,7.652896810444833,1.25,12,0.2,1.6311620384929748,0.5950030088424683,1,0,0
val_unseen,val_unseen,724,data/scene_datasets/mp3d/oLBMNvg9in8/oLBMNvg9in8.glb,3,13,7,KEEP,0,1,0,0,0,1,-7.347332000732422,-0.5034041404724121,-6.84392786026001,1.0,0.08333333333333333,4.106699806123385,1.25,5.152896810444833,1.25,12,0.2,1.6311620384929748,0.5950030088424683,1,0,0
val_unseen,val_unseen,724,data/scene_datasets/mp3d/oLBMNvg9in8/oLBMNvg9in8.glb,3,13,8,KEEP,0,1,0,0,0,1,-3.080552816390991,-0.5034041404724121,-2.577148675918579,0.5833333333333334,0.08333333333333333,1.5132812680058927,1.25,3.5277994253092864,1.25,12,0.2,1.6311620384929748,0.5950030088424683,1,0,0
val_unseen,val_unseen,724,data/scene_datasets/mp3d/oLBMNvg9in8/oLBMNvg9in8.glb,3,13,9,KEEP,0,1,0,0,0,1,-1.0984071493148804,-0.5034041404724121,-0.5950030088424683,0.16666666666666666,0.08333333333333333,1.5727026066145493,1.25,2.7515905980614384,1.25,12,0.2,1.6311620384929748,0.5950030088424683,1,0,0
val_unseen,val_unseen,724,data/scene_datasets/mp3d/oLBMNvg9in8/oLBMNvg9in8.glb,3,13,10,KEEP,0,1,0,0,0,1,-7.018918991088867,-0.5034041404724121,-6.515514850616455,0.75,0.08333333333333333,2.742463367603357,1.25,2.751590598061439,1.25,12,0.2,1.6311620384929748,0.5950030088424683,1,0,0
val_unseen,val_unseen,724,data/scene_datasets/mp3d/oLBMNvg9in8/oLBMNvg9in8.glb,3,13,11,KEEP,0,1,0,0,0,1,-2.52095627784729,-0.5034041404724121,-2.017552137374878,0.3333333333333333,0.08333333333333333,1.7973996555436884,1.25,2.7515905980614384,1.25,12,0.2,1.6311620384929748,0.5950030088424683,1,0,0
val_unseen,val_unseen,724,data/scene_datasets/mp3d/oLBMNvg9in8/oLBMNvg9in8.glb,3,13,12,KEEP,0,1,0,0,0,1,-3.204754590988159,-0.5034041404724121,-2.701350450515747,0.6666666666666666,0.08333333333333333,0.597492313539143,1.25,2.5015905980614384,1.25,12,0.2,1.6311620384929748,0.5950030088424683,1,0,0
val_unseen,val_unseen,724,data/scene_datasets/mp3d/oLBMNvg9in8/oLBMNvg9in8.glb,3,13,14,AMBIGUOUS,0,1,0,0,1,1,-2.81463360786438,-0.5034041404724121,-2.3112294673919678,0.4166666666666667,0.08333333333333333,0.991444864788337,1.25,0.991444864788337,1.25,12,0.2,1.6311620384929748,0.5950030088424683,0,0,0
val_unseen,val_unseen,724,data/scene_datasets/mp3d/oLBMNvg9in8/oLBMNvg9in8.glb,3,13,15,AMBIGUOUS,0,1,0,0,1,1,-2.90311336517334,-0.5034041404724121,-2.3997092247009277,0.5,0.08333333333333333,1.25,1.25,1.25,1.25,12,0.2,1.6311620384929748,0.5950030088424683,0,0,0
val_unseen,val_unseen,724,data/scene_datasets/mp3d/oLBMNvg9in8/oLBMNvg9in8.glb,4,0,6,KEEP,0,1,0,1,0,0,-7.2794413566589355,0.8798718452453613,-8.159313201904297,0.8461538461538461,0.07692307692307693,3.7200380924370338,0.0,7.087459962356437,0.0,13,0.26666666666666666,1.0781789874462346,0.11164826154708862,1,0,0
val_unseen,val_unseen,724,data/scene_datasets/mp3d/oLBMNvg9in8/oLBMNvg9in8.glb,4,0,7,KEEP,0,1,0,1,0,0,-7.333950996398926,0.8798718452453613,-8.213822841644287,0.9230769230769231,0.07692307692307693,2.144867157814672,0.0,8.904805241534424,0.0,13,0.26666666666666666,1.0781789874462346,0.11164826154708862,1,0,0
val_unseen,val_unseen,724,data/scene_datasets/mp3d/oLBMNvg9in8/oLBMNvg9in8.glb,4,0,8,KEEP,0,1,0,1,0,0,-7.273601531982422,0.8798718452453613,-8.153473377227783,0.7692307692307693,0.07692307692307693,4.372107875236763,0.0,6.404805241534424,0.0,13,0.26666666666666666,1.0781789874462346,0.11164826154708862,1,0,0
val_unseen,val_unseen,724,data/scene_datasets/mp3d/oLBMNvg9in8/oLBMNvg9in8.glb,4,0,9,KEEP,0,1,0,1,0,0,-5.507472515106201,0.8798718452453613,-6.3873443603515625,0.5384615384615384,0.07692307692307693,1.7541741542280935,0.0,4.779707856398877,0.0,13,0.26666666666666666,1.0781789874462346,0.11164826154708862,1,0,0
val_unseen,val_unseen,724,data/scene_datasets/mp3d/oLBMNvg9in8/oLBMNvg9in8.glb,4,0,10,AMBIGUOUS,0,1,0,1,0,0,-4.207529067993164,0.8798718452453613,-5.087400913238525,0.3076923076923077,0.07692307692307693,1.3761574357186164,0.0,4.003499029151029,0.0,13,0.26666666666666666,1.0781789874462346,0.11164826154708862,1,0,0
val_unseen,val_unseen,724,data/scene_datasets/mp3d/oLBMNvg9in8/oLBMNvg9in8.glb,4,0,11,KEEP,0,1,0,1,0,0,-7.48188591003418,0.8798718452453613,-8.361757755279541,1.0,0.07692307692307693,3.2211882339369264,0.0,4.003499029151029,0.0,13,0.26666666666666666,1.0781789874462346,0.11164826154708862,1,0,0
val_unseen,val_unseen,724,data/scene_datasets/mp3d/oLBMNvg9in8/oLBMNvg9in8.glb,4,0,12,AMBIGUOUS,0,1,0,1,0,0,-4.686860084533691,0.8798718452453613,-5.566731929779053,0.38461538461538464,0.07692307692307693,2.934922796990674,0.0,4.003499029151029,0.0,13,0.26666666666666666,1.0781789874462346,0.11164826154708862,1,0,0
val_unseen,val_unseen,724,data/scene_datasets/mp3d/oLBMNvg9in8/oLBMNvg9in8.glb,4,0,13,KEEP,0,1,0,1,0,0,-6.408769607543945,0.8798718452453613,-7.288641452789307,0.6153846153846154,0.07692307692307693,1.6986151897908845,0.0,3.753499029151029,0.0,13,0.26666666666666666,1.0781789874462346,0.11164826154708862,1,0,0
val_unseen,val_unseen,724,data/scene_datasets/mp3d/oLBMNvg9in8/oLBMNvg9in8.glb,4,0,14,AMBIGUOUS,0,1,0,1,0,0,-4.9290618896484375,0.8798718452453613,-5.808933734893799,0.46153846153846156,0.07692307692307693,1.6952170976365,0.0,2.2433532958779274,0.0,13,0.26666666666666666,1.0781789874462346,0.11164826154708862,1,0,0
val_unseen,val_unseen,724,data/scene_datasets/mp3d/oLBMNvg9in8/oLBMNvg9in8.glb,4,0,15,KEEP,0,1,0,1,0,0,-7.24845027923584,0.8798718452453613,-8.128322124481201,0.6923076923076923,0.07692307692307693,1.7222730611447532,0.0,2.5019084310895905,0.0,13,0.26666666666666666,1.0781789874462346,0.11164826154708862,1,0,0
val_unseen,val_unseen,724,data/scene_datasets/mp3d/oLBMNvg9in8/oLBMNvg9in8.glb,4,0,16,KEEP,0,1,0,1,1,0,-0.0650264099240303,0.8798718452453613,-0.9448982551693916,0.23076923076923078,0.07692307692307693,2.0,0.0,2.0,0.0,13,0.26666666666666666,1.0781789874462346,0.11164826154708862,0,0,0
val_unseen,val_unseen,724,data/scene_datasets/mp3d/oLBMNvg9in8/oLBMNvg9in8.glb,4,0,17,KEEP,0,1,0,1,1,0,0.7682235836982727,0.8798718452453613,-0.11164826154708862,0.15384615384615385,0.07692307692307693,2.2499999999999996,0.0,2.2499999999999996,0.0,13,0.26666666666666666,1.0781789874462346,0.11164826154708862,0,0,0
val_unseen,val_unseen,1793,data/scene_datasets/mp3d/oLBMNvg9in8/oLBMNvg9in8.glb,13,42,0,AMBIGUOUS,0,1,1,0,0,1,-3.36311936378479,-0.9113583564758301,-2.45176100730896,0.10344827586206896,0.034482758620689655,1.2500000274322016,0.75,1.2500000274322016,0.75,29,0.8666666666666667,1.6803770579385031,2.1462180614471436,1,0,0
val_unseen,val_unseen,1793,data/scene_datasets/mp3d/oLBMNvg9in8/oLBMNvg9in8.glb,13,42,15,AMBIGUOUS,0,1,0,0,0,1,-5.8159966468811035,-0.9113583564758301,-4.904638290405273,0.41379310344827586,0.034482758620689655,9.431412017702108,0.75,13.774500824603834,0.75,29,0.8666666666666667,1.6803770579385031,2.1462180614471436,1,0,0
val_unseen,val_unseen,1793,data/scene_datasets/mp3d/oLBMNvg9in8/oLBMNvg9in8.glb,13,42,16,AMBIGUOUS,0,1,0,0,0,1,-7.452200889587402,-0.9113583564758301,-6.540842533111572,0.9310344827586207,0.034482758620689655,9.032003183823335,0.75,14.524500824603834,0.75,29,0.8666666666666667,1.6803770579385031,2.1462180614471436,1,0,0
val_unseen,val_unseen,1793,data/scene_datasets/mp3d/oLBMNvg9in8/oLBMNvg9in8.glb,13,42,17,AMBIGUOUS,0,1,0,0,0,1,-7.22486686706543,-0.9113583564758301,-6.3135085105896,0.7586206896551724,0.034482758620689655,9.216170837326034,0.75,14.024500824603834,0.75,29,0.8666666666666667,1.6803770579385031,2.1462180614471436,1,0,0
val_unseen,val_unseen,1793,data/scene_datasets/mp3d/oLBMNvg9in8/oLBMNvg9in8.glb,13,42,18,AMBIGUOUS,0,1,0,0,0,1,-6.539096832275391,-0.9113583564758301,-5.6277384757995605,0.6206896551724138,0.034482758620689655,6.274103337291068,0.75,12.132024464436972,0.75,29,0.8666666666666667,1.6803770579385031,2.1462180614471436,1,0,0
val_unseen,val_unseen,1793,data/scene_datasets/mp3d/oLBMNvg9in8/oLBMNvg9in8.glb,13,42,19,AMBIGUOUS,0,1,0,0,0,1,-6.381983280181885,-0.9113583564758301,-5.470624923706055,0.5517241379310345,0.034482758620689655,6.200696166340606,0.75,11.870659175373532,0.75,29,0.8666666666666667,1.6803770579385031,2.1462180614471436,1,0,0
val_unseen,val_unseen,1793,data/scene_datasets/mp3d/oLBMNvg9in8/oLBMNvg9in8.glb,13,42,20,AMBIGUOUS,0,1,0,0,0,1,-7.012083053588867,-0.9113583564758301,-6.100724697113037,0.6896551724137931,0.034482758620689655,6.050483831959291,0.75,11.018689721150409,0.75,29,0.8666666666666667,1.6803770579385031,2.1462180614471436,1,0,0
val_unseen,val_unseen,1793,data/scene_datasets/mp3d/oLBMNvg9in8/oLBMNvg9in8.glb,13,42,21,AMBIGUOUS,0,1,0,0,0,1,-7.4679107666015625,-0.9113583564758301,-6.556552410125732,0.9655172413793104,0.034482758620689655,6.854248996926843,0.75,11.636384879058582,0.75,29,0.8666666666666667,1.6803770579385031,2.1462180614471436,1,0,0
val_unseen,val_unseen,1793,data/scene_datasets/mp3d/oLBMNvg9in8/oLBMNvg9in8.glb,13,42,22,AMBIGUOUS,0,1,0,0,0,1,-7.734151363372803,-0.9113583564758301,-6.822793006896973,1.0,0.034482758620689655,7.774692608087024,0.75,11.518689721150409,0.75,29,0.8666666666666667,1.6803770579385031,2.1462180614471436,1,0,0
val_unseen,val_unseen,1793,data/scene_datasets/mp3d/oLBMNvg9in8/oLBMNvg9in8.glb,13,42,23,AMBIGUOUS,0,1,0,0,0,1,-7.087191104888916,-0.9113583564758301,-6.175832748413086,0.7241379310344828,0.034482758620689655,5.391215564688419,0.75,9.268689343813868,0.75,29,0.8666666666666667,1.6803770579385031,2.1462180614471436,1,0,0
val_unseen,val_unseen,1793,data/scene_datasets/mp3d/oLBMNvg9in8/oLBMNvg9in8.glb,13,42,24,AMBIGUOUS,0,1,0,0,0,1,-6.055025100708008,-0.9113583564758301,-5.143666744232178,0.4827586206896552,0.034482758620689655,4.053849025662041,0.75,10.361218607343563,0.75,29,0.8666666666666667,1.6803770579385031,2.1462180614471436,1,0,0
val_unseen,val_unseen,1793,data/scene_datasets/mp3d/oLBMNvg9in8/oLBMNvg9in8.glb,13,42,25,AMBIGUOUS,0,1,0,0,0,1,-6.494572162628174,-0.9113583564758301,-5.583213806152344,0.5862068965517241,0.034482758620689655,2.781301359183272,0.75,10.770217623621573,0.75,29,0.8666666666666667,1.6803770579385031,2.1462180614471436,1,0,0
val_unseen,val_unseen,1793,data/scene_datasets/mp3d/oLBMNvg9in8/oLBMNvg9in8.glb,13,42,26,AMBIGUOUS,0,1,0,0,0,1,-7.3240814208984375,-0.9113583564758301,-6.412723064422607,0.8275862068965517,0.034482758620689655,7.212032077909453,0.75,13.4956995826537,0.75,29,0.8666666666666667,1.6803770579385031,2.1462180614471436,1,0,0
val_unseen,val_unseen,1793,data/scene_datasets/mp3d/oLBMNvg9in8/oLBMNvg9in8.glb,13,42,27,AMBIGUOUS,0,1,0,0,0,1,-6.144378185272217,-0.9113583564758301,-5.233019828796387,0.5172413793103449,0.034482758620689655,5.108337025992171,0.75,13.782529223495729,0.75,29,0.8666666666666667,1.6803770579385031,2.1462180614471436,1,0,0
val_unseen,val_unseen,1793,data/scene_datasets/mp3d/oLBMNvg9in8/oLBMNvg9in8.glb,13,42,28,AMBIGUOUS,0,1,0,0,0,1,-7.425411701202393,-0.9113583564758301,-6.5140533447265625,0.896551724137931,0.034482758620689655,5.892104516015838,0.75,14.027742819946058,0.75,29,0.8666666666666667,1.6803770579385031,2.1462180614471436,1,0,0
val_unseen,val_unseen,1793,data/scene_datasets/mp3d/oLBMNvg9in8/oLBMNvg9in8.glb,13,42,29,AMBIGUOUS,0,1,0,0,0,1,-7.244510650634766,-0.9113583564758301,-6.3331522941589355,0.7931034482758621,0.034482758620689655,6.532102468654093,0.75,13.782529223495729,0.75,29,0.8666666666666667,1.6803770579385031,2.1462180614471436,1,0,0
val_unseen,val_unseen,1793,data/scene_datasets/mp3d/oLBMNvg9in8/oLBMNvg9in8.glb,13,42,30,AMBIGUOUS,0,1,0,0,0,1,-5.959106922149658,-0.9113583564758301,-5.047748565673828,0.4482758620689655,0.034482758620689655,3.729897749431121,0.75,8.619618571136794,0.75,29,0.8666666666666667,1.6803770579385031,2.1462180614471436,1,0,0
val_unseen,val_unseen,1793,data/scene_datasets/mp3d/oLBMNvg9in8/oLBMNvg9in8.glb,13,42,31,AMBIGUOUS,0,1,0,0,0,1,-7.336501598358154,-0.9113583564758301,-6.425143241882324,0.8620689655172413,0.034482758620689655,5.336252760162716,0.75,8.979229918084423,0.75,29,0.8666666666666667,1.6803770579385031,2.1462180614471436,1,0,0
val_unseen,val_unseen,1793,data/scene_datasets/mp3d/oLBMNvg9in8/oLBMNvg9in8.glb,13,42,32,AMBIGUOUS,0,1,0,0,0,1,-6.550481796264648,-0.9113583564758301,-5.639123439788818,0.6551724137931034,0.034482758620689655,5.3041266043956075,0.75,6.869617070450901,0.75,29,0.8666666666666667,1.6803770579385031,2.1462180614471436,1,0,0
val_unseen,val_unseen,1793,data/scene_datasets/mp3d/oLBMNvg9in8/oLBMNvg9in8.glb,13,42,33,AMBIGUOUS,0,1,0,0,0,1,-5.690753936767578,-0.9113583564758301,-4.779395580291748,0.3793103448275862,0.034482758620689655,3.8779740269709557,0.75,6.119617070450901,0.75,29,0.8666666666666667,1.6803770579385031,2.1462180614471436,1,0,0
val_unseen,val_unseen,1793,data/scene_datasets/mp3d/oLBMNvg9in8/oLBMNvg9in8.glb,13,42,34,AMBIGUOUS,0,1,0,0,1,1,-4.208034992218018,-0.9113583564758301,-3.2966766357421875,0.3103448275862069,0.034482758620689655,2.207512487645232,0.75,3.9593633767261602,0.75,29,0.8666666666666667,1.6803770579385031,2.1462180614471436,0,0,0
val_unseen,val_unseen,1793,data/scene_datasets/mp3d/oLBMNvg9in8/oLBMNvg9in8.glb,13,42,35,AMBIGUOUS,0,1,0,0,0,1,-3.474871873855591,-0.9113583564758301,-2.5635135173797607,0.1724137931034483,0.034482758620689655,3.3408804662368965,0.75,4.3696175540891335,0.75,29,0.8666666666666667,1.6803770579385031,2.1462180614471436,1,0,0
val_unseen,val_unseen,1793,data/scene_datasets/mp3d/oLBMNvg9in8/oLBMNvg9in8.glb,13,42,36,KEEP,0,1,0,0,0,1,-3.0575764179229736,-0.9113583564758301,-2.1462180614471436,0.06896551724137931,0.034482758620689655,1.8604860882376901,0.75,3.0000000930416686,0.75,29,0.8666666666666667,1.6803770579385031,2.1462180614471436,1,0,0
val_unseen,val_unseen,1793,data/scene_datasets/mp3d/oLBMNvg9in8/oLBMNvg9in8.glb,13,42,37,AMBIGUOUS,0,1,0,0,0,1,-3.6014411449432373,-0.9113583564758301,-2.6900827884674072,0.2413793103448276,0.034482758620689655,0.6875040492939072,0.75,3.2500000930416686,0.75,29,0.8666666666666667,1.6803770579385031,2.1462180614471436,1,0,0
val_unseen,val_unseen,1793,data/scene_datasets/mp3d/oLBMNvg9in8/oLBMNvg9in8.glb,13,42,38,AMBIGUOUS,0,1,0,0,0,1,-4.001156330108643,-0.9113583564758301,-3.0897979736328125,0.27586206896551724,0.034482758620689655,2.61851013683587,0.75,3.2500000930416686,0.75,29,0.8666666666666667,1.6803770579385031,2.1462180614471436,1,0,0
val_unseen,val_unseen,1793,data/scene_datasets/mp3d/oLBMNvg9in8/oLBMNvg9in8.glb,13,42,39,AMBIGUOUS,0,1,0,0,0,1,-4.600522518157959,-0.9113583564758301,-3.689164161682129,0.3448275862068966,0.034482758620689655,2.614342167013656,0.75,3.7500000274322014,0.75,29,0.8666666666666667,1.6803770579385031,2.1462180614471436,1,0,0
val_unseen,val_unseen,1793,data/scene_datasets/mp3d/oLBMNvg9in8/oLBMNvg9in8.glb,13,42,40,AMBIGUOUS,0,1,0,0,1,1,-3.460771322250366,-0.9113583564758301,-2.549412965774536,0.13793103448275862,0.034482758620689655,2.25,0.75,2.25,0.75,29,0.8666666666666667,1.6803770579385031,2.1462180614471436,0,0,0
val_unseen,val_unseen,1793,data/scene_datasets/mp3d/oLBMNvg9in8/oLBMNvg9in8.glb,13,42,41,AMBIGUOUS,0,1,0,0,1,1,-3.4756484031677246,-0.9113583564758301,-2.5642900466918945,0.20689655172413793,0.034482758620689655,0.9999999999999999,0.75,0.9999999999999999,0.75,29,0.8666666666666667,1.6803770579385031,2.1462180614471436,0,0,0
val_unseen,val_unseen,1126,data/scene_datasets/mp3d/TbHJrupSAjP/TbHJrupSAjP.glb,10,32,0,INTERVENE,0,1,1,0,0,1,-4.152759075164795,-1.6398619413375854,-2.5128971338272095,0.2727272727272727,0.045454545454545456,3.3762425841023345,0.729353553098518,6.23533398058769,0.729353553098518,22,0.6666666666666666,1.9291138510708827,1.5854254961013794,1,0,0
val_unseen,val_unseen,1126,data/scene_datasets/mp3d/TbHJrupSAjP/TbHJrupSAjP.glb,10,32,12,KEEP,0,1,0,0,0,1,-7.738802909851074,-1.6398619413375854,-6.098940968513489,0.9545454545454546,0.045454545454545456,5.9990471129326135,0.729353553098518,14.59176283878156,0.729353553098518,22,0.6666666666666666,1.9291138510708827,1.5854254961013794,1,0,0
val_unseen,val_unseen,1126,data/scene_datasets/mp3d/TbHJrupSAjP/TbHJrupSAjP.glb,10,32,13,AMBIGUOUS,0,1,0,0,0,1,-6.81579065322876,-1.6398619413375854,-5.175928711891174,0.9090909090909091,0.045454545454545456,5.023538340685152,0.729353553098518,15.630114598055979,0.729353553098518,22,0.6666666666666666,1.9291138510708827,1.5854254961013794,1,0,0
val_unseen,val_unseen,1126,data/scene_datasets/mp3d/TbHJrupSAjP/TbHJrupSAjP.glb,10,32,14,KEEP,0,1,0,0,0,1,-5.264544486999512,-1.6398619413375854,-3.6246825456619263,0.5454545454545454,0.045454545454545456,4.384278745642784,0.729353553098518,15.48536654860066,0.729353553098518,22,0.6666666666666666,1.9291138510708827,1.5854254961013794,1,0,0
val_unseen,val_unseen,1126,data/scene_datasets/mp3d/TbHJrupSAjP/TbHJrupSAjP.glb,10,32,15,KEEP,0,1,0,0,0,1,-5.68882417678833,-1.6398619413375854,-4.048962235450745,0.6363636363636364,0.045454545454545456,5.170965292684954,0.729353553098518,13.48533307410268,0.729353553098518,22,0.6666666666666666,1.9291138510708827,1.5854254961013794,1,0,0
val_unseen,val_unseen,1126,data/scene_datasets/mp3d/TbHJrupSAjP/TbHJrupSAjP.glb,10,32,16,KEEP,0,1,0,0,0,1,-6.570391654968262,-1.6398619413375854,-4.930529713630676,0.8636363636363636,0.045454545454545456,4.851577819350259,0.729353553098518,11.355343097377476,0.729353553098518,22,0.6666666666666666,1.9291138510708827,1.5854254961013794,1,0,0
val_unseen,val_unseen,1126,data/scene_datasets/mp3d/TbHJrupSAjP/TbHJrupSAjP.glb,10,32,17,KEEP,0,1,0,0,0,1,-7.861895561218262,-1.6398619413375854,-6.222033619880676,1.0,0.045454545454545456,4.987810806220143,0.729353553098518,12.235333434657333,0.729353553098518,22,0.6666666666666666,1.9291138510708827,1.5854254961013794,1,0,0
val_unseen,val_unseen,1126,data/scene_datasets/mp3d/TbHJrupSAjP/TbHJrupSAjP.glb,10,32,18,AMBIGUOUS,0,1,0,0,0,1,-3.26619553565979,-1.6398619413375854,-1.6263335943222046,0.13636363636363635,0.045454545454545456,5.055208101326977,0.729353553098518,10.235333472261955,0.729353553098518,22,0.6666666666666666,1.9291138510708827,1.5854254961013794,1,0,0
val_unseen,val_unseen,1126,data/scene_datasets/mp3d/TbHJrupSAjP/TbHJrupSAjP.glb,10,32,19,KEEP,0,1,0,0,0,1,-6.464162349700928,-1.6398619413375854,-4.824300408363342,0.7727272727272727,0.045454545454545456,4.001584194460089,0.729353553098518,9.985333472261955,0.729353553098518,22,0.6666666666666666,1.9291138510708827,1.5854254961013794,1,0,0
val_unseen,val_unseen,1126,data/scene_datasets/mp3d/TbHJrupSAjP/TbHJrupSAjP.glb,10,32,20,KEEP,0,1,0,0,0,1,-6.557470798492432,-1.6398619413375854,-4.917608857154846,0.8181818181818182,0.045454545454545456,3.8134852152842047,0.729353553098518,10.485333472261955,0.729353553098518,22,0.6666666666666666,1.9291138510708827,1.5854254961013794,1,0,0
val_unseen,val_unseen,1126,data/scene_datasets/mp3d/TbHJrupSAjP/TbHJrupSAjP.glb,10,32,21,KEEP,0,1,0,0,0,1,-3.3682684898376465,-1.6398619413375854,-1.728406548500061,0.18181818181818182,0.045454545454545456,4.546169872001441,0.729353553098518,8.735333726424823,0.729353553098518,22,0.6666666666666666,1.9291138510708827,1.5854254961013794,1,0,0
val_unseen,val_unseen,1126,data/scene_datasets/mp3d/TbHJrupSAjP/TbHJrupSAjP.glb,10,32,22,AMBIGUOUS,0,1,0,0,0,1,-4.843512535095215,-1.6398619413375854,-3.2036505937576294,0.36363636363636365,0.045454545454545456,4.1338460134199755,0.729353553098518,8.735333726424823,0.729353553098518,22,0.6666666666666666,1.9291138510708827,1.5854254961013794,1,0,0
val_unseen,val_unseen,1126,data/scene_datasets/mp3d/TbHJrupSAjP/TbHJrupSAjP.glb,10,32,23,AMBIGUOUS,0,1,0,0,0,1,-5.278707504272461,-1.6398619413375854,-3.6388455629348755,0.5909090909090909,0.045454545454545456,3.8518228541786885,0.729353553098518,7.73533398058769,0.729353553098518,22,0.6666666666666666,1.9291138510708827,1.5854254961013794,1,0,0
val_unseen,val_unseen,1126,data/scene_datasets/mp3d/TbHJrupSAjP/TbHJrupSAjP.glb,10,32,24,KEEP,0,1,0,0,0,1,-6.080931663513184,-1.6398619413375854,-4.441069722175598,0.6818181818181818,0.045454545454545456,5.314807715535239,0.729353553098518,6.735334918813681,0.729353553098518,22,0.6666666666666666,1.9291138510708827,1.5854254961013794,1,0,0
val_unseen,val_unseen,1126,data/scene_datasets/mp3d/TbHJrupSAjP/TbHJrupSAjP.glb,10,32,25,KEEP,0,1,0,0,0,1,-4.810503959655762,-1.6398619413375854,-3.1706420183181763,0.3181818181818182,0.045454545454545456,3.4678963112273604,0.729353553098518,6.985334918813681,0.729353553098518,22,0.6666666666666666,1.9291138510708827,1.5854254961013794,1,0,0
val_unseen,val_unseen,1126,data/scene_datasets/mp3d/TbHJrupSAjP/TbHJrupSAjP.glb,10,32,26,KEEP,0,1,0,0,0,1,-6.343769073486328,-1.6398619413375854,-4.703907132148743,0.7272727272727273,0.045454545454545456,4.47988997247405,0.729353553098518,7.235334918813681,0.729353553098518,22,0.6666666666666666,1.9291138510708827,1.5854254961013794,1,0,0
val_unseen,val_unseen,1126,data/scene_datasets/mp3d/TbHJrupSAjP/TbHJrupSAjP.glb,10,32,27,AMBIGUOUS,0,1,0,0,0,1,-5.07322883605957,-1.6398619413375854,-3.433366894721985,0.4090909090909091,0.045454545454545456,3.3869694030257342,0.729353553098518,4.214403225327022,0.729353553098518,22,0.6666666666666666,1.9291138510708827,1.5854254961013794,1,0,0
val_unseen,val_unseen,1126,data/scene_datasets/mp3d/TbHJrupSAjP/TbHJrupSAjP.glb,10,32,28,KEEP,0,1,0,0,0,1,-5.1840362548828125,-1.6398619413375854,-3.544174313545227,0.5,0.045454545454545456,3.0843317806525263,0.729353553098518,4.235334598822557,0.729353553098518,22,0.6666666666666666,1.9291138510708827,1.5854254961013794,1,0,0
val_unseen,val_unseen,1126,data/scene_datasets/mp3d/TbHJrupSAjP/TbHJrupSAjP.glb,10,32,29,KEEP,0,1,0,0,0,1,-4.037384510040283,-1.6398619413375854,-2.3975225687026978,0.22727272727272727,0.045454545454545456,2.134178080273566,0.729353553098518,2.603972332215203,0.729353553098518,22,0.6666666666666666,1.9291138510708827,1.5854254961013794,1,0,0
val_unseen,val_unseen,1126,data/scene_datasets/mp3d/TbHJrupSAjP/TbHJrupSAjP.glb,10,32,30,AMBIGUOUS,0,1,0,0,0,1,-5.081904888153076,-1.6398619413375854,-3.4420429468154907,0.45454545454545453,0.045454545454545456,2.79067046359121,0.729353553098518,3.7353343756090576,0.729353553098518,22,0.6666666666666666,1.9291138510708827,1.5854254961013794,1,0,0
val_unseen,val_unseen,1126,data/scene_datasets/mp3d/TbHJrupSAjP/TbHJrupSAjP.glb,10,32,31,KEEP,0,1,0,0,0,1,-3.225287437438965,-1.6398619413375854,-1.5854254961013794,0.09090909090909091,0.045454545454545456,1.4871670833579034,0.729353553098518,1.4999998125020444,0.729353553098518,22,0.6666666666666666,1.9291138510708827,1.5854254961013794,1,0,0
val_unseen,val_unseen,1126,data/scene_datasets/mp3d/TbHJrupSAjP/TbHJrupSAjP.glb,11,33,0,INTERVENE,0,1,1,0,0,1,-5.561386585235596,-1.0371149778366089,-4.524271607398987,0.7391304347826086,0.043478260869565216,3.202604206218999,0.7500000000000001,6.225180344514083,0.7500000000000001,23,0.7333333333333333,1.7065424563089315,2.2544058561325073,1,0,0
val_unseen,val_unseen,1126,data/scene_datasets/mp3d/TbHJrupSAjP/TbHJrupSAjP.glb,11,33,13,AMBIGUOUS,0,1,0,0,0,1,-7.398053169250488,-1.0371149778366089,-6.360938191413879,0.9565217391304348,0.043478260869565216,6.034121655239488,0.7500000000000001,14.581609202707954,0.7500000000000001,23,0.7333333333333333,1.7065424563089315,2.2544058561325073,1,0,0
val_unseen,val_unseen,1126,data/scene_datasets/mp3d/TbHJrupSAjP/TbHJrupSAjP.glb,11,33,14,KEEP,0,1,0,0,0,1,-5.95941686630249,-1.0371149778366089,-4.922301888465881,0.8260869565217391,0.043478260869565216,5.086175914577335,0.7500000000000001,15.619960961982372,0.7500000000000001,23,0.7333333333333333,1.7065424563089315,2.2544058561325073,1,0,0
val_unseen,val_unseen,1126,data/scene_datasets/mp3d/TbHJrupSAjP/TbHJrupSAjP.glb,11,33,15,KEEP,0,1,0,0,0,1,-5.320889949798584,-1.0371149778366089,-4.283774971961975,0.6086956521739131,0.043478260869565216,4.349275475569425,0.7500000000000001,15.475212912527054,0.7500000000000001,23,0.7333333333333333,1.7065424563089315,2.2544058561325073,1,0,0
val_unseen,val_unseen,1126,data/scene_datasets/mp3d/TbHJrupSAjP/TbHJrupSAjP.glb,11,33,16,AMBIGUOUS,0,1,0,0,0,1,-5.211719512939453,-1.0371149778366089,-4.174604535102844,0.5652173913043478,0.043478260869565216,5.213225348250097,0.7500000000000001,13.475179438029073,0.7500000000000001,23,0.7333333333333333,1.7065424563089315,2.2544058561325073,1,0,0
val_unseen,val_unseen,1126,data/scene_datasets/mp3d/TbHJrupSAjP/TbHJrupSAjP.glb,11,33,17,AMBIGUOUS,0,1,0,0,0,1,-6.5399699211120605,-1.0371149778366089,-5.502854943275452,0.9130434782608695,0.043478260869565216,4.764677091948852,0.7500000000000001,11.34518946130387,0.7500000000000001,23,0.7333333333333333,1.7065424563089315,2.2544058561325073,1,0,0
val_unseen,val_unseen,1126,data/scene_datasets/mp3d/TbHJrupSAjP/TbHJrupSAjP.glb,11,33,18,AMBIGUOUS,0,1,0,0,0,1,-7.71647310256958,-1.0371149778366089,-6.679358124732971,1.0,0.043478260869565216,4.975717049049688,0.7500000000000001,12.225179798583726,0.7500000000000001,23,0.7333333333333333,1.7065424563089315,2.2544058561325073,1,0,0
val_unseen,val_unseen,1126,data/scene_datasets/mp3d/TbHJrupSAjP/TbHJrupSAjP.glb,11,33,19,KEEP,0,1,0,0,0,1,-3.658395528793335,-1.0371149778366089,-2.621280550956726,0.21739130434782608,0.043478260869565216,4.9124128407019745,0.7500000000000001,10.225179836188348,0.7500000000000001,23,0.7333333333333333,1.7065424563089315,2.2544058561325073,1,0,0
val_unseen,val_unseen,1126,data/scene_datasets/mp3d/TbHJrupSAjP/TbHJrupSAjP.glb,11,33,20,AMBIGUOUS,0,1,0,0,0,1,-6.163269996643066,-1.0371149778366089,-5.1261550188064575,0.8695652173913043,0.043478260869565216,3.91754363160709,0.7500000000000001,9.975179836188348,0.7500000000000001,23,0.7333333333333333,1.7065424563089315,2.2544058561325073,1,0,0
val_unseen,val_unseen,1126,data/scene_datasets/mp3d/TbHJrupSAjP/TbHJrupSAjP.glb,11,33,21,AMBIGUOUS,0,1,0,0,0,1,-5.802206993103027,-1.0371149778366089,-4.7650920152664185,0.782608695652174,0.043478260869565216,3.754226292478055,0.7500000000000001,10.475179836188348,0.7500000000000001,23,0.7333333333333333,1.7065424563089315,2.2544058561325073,1,0,0
val_unseen,val_unseen,1126,data/scene_datasets/mp3d/TbHJrupSAjP/TbHJrupSAjP.glb,11,33,22,AMBIGUOUS,0,1,0,0,0,1,-3.767073392868042,-1.0371149778366089,-2.729958415031433,0.2608695652173913,0.043478260869565216,4.384447302837557,0.7500000000000001,8.725180090351216,0.7500000000000001,23,0.7333333333333333,1.7065424563089315,2.2544058561325073,1,0,0
val_unseen,val_unseen,1126,data/scene_datasets/mp3d/TbHJrupSAjP/TbHJrupSAjP.glb,11,33,23,AMBIGUOUS,0,1,0,0,0,1,-4.770425319671631,-1.0371149778366089,-3.733310341835022,0.391304347826087,0.043478260869565216,3.995780671884608,0.7500000000000001,8.725180090351216,0.7500000000000001,23,0.7333333333333333,1.7065424563089315,2.2544058561325073,1,0,0
val_unseen,val_unseen,1126,data/scene_datasets/mp3d/TbHJrupSAjP/TbHJrupSAjP.glb,11,33,24,KEEP,0,1,0,0,0,1,-4.88974666595459,-1.0371149778366089,-3.852631688117981,0.4782608695652174,0.043478260869565216,3.693021519320704,0.7500000000000001,7.725180344514083,0.7500000000000001,23,0.7333333333333333,1.7065424563089315,2.2544058561325073,1,0,0
val_unseen,val_unseen,1126,data/scene_datasets/mp3d/TbHJrupSAjP/TbHJrupSAjP.glb,11,33,25,KEEP,0,1,0,0,0,1,-5.4038920402526855,-1.0371149778366089,-4.366777062416077,0.6521739130434783,0.043478260869565216,5.148390464597783,0.7500000000000001,6.725181282740074,0.7500000000000001,23,0.7333333333333333,1.7065424563089315,2.2544058561325073,1,0,0
val_unseen,val_unseen,1126,data/scene_datasets/mp3d/TbHJrupSAjP/TbHJrupSAjP.glb,11,33,26,AMBIGUOUS,0,1,0,0,0,1,-3.5194499492645264,-1.0371149778366089,-2.4823349714279175,0.17391304347826086,0.043478260869565216,3.2989834835847405,0.7500000000000001,6.975181282740074,0.7500000000000001,23,0.7333333333333333,1.7065424563089315,2.2544058561325073,1,0,0
val_unseen,val_unseen,1126,data/scene_datasets/mp3d/TbHJrupSAjP/TbHJrupSAjP.glb,11,33,27,AMBIGUOUS,0,1,0,0,0,1,-5.539272308349609,-1.0371149778366089,-4.5021573305130005,0.6956521739130435,0.043478260869565216,4.369511819962965,0.7500000000000001,7.225181282740074,0.7500000000000001,23,0.7333333333333333,1.7065424563089315,2.2544058561325073,1,0,0
val_unseen,val_unseen,1126,data/scene_datasets/mp3d/TbHJrupSAjP/TbHJrupSAjP.glb,11,33,28,KEEP,0,1,0,0,0,1,-4.802254676818848,-1.0371149778366089,-3.7651396989822388,0.43478260869565216,0.043478260869565216,3.2569607794534003,0.7500000000000001,4.204249589253415,0.7500000000000001,23,0.7333333333333333,1.7065424563089315,2.2544058561325073,1,0,0
val_unseen,val_unseen,1126,data/scene_datasets/mp3d/TbHJrupSAjP/TbHJrupSAjP.glb,11,33,29,KEEP,0,1,0,0,0,1,-4.631342887878418,-1.0371149778366089,-3.594227910041809,0.34782608695652173,0.043478260869565216,2.935016269550374,0.7500000000000001,4.22518096274895,0.7500000000000001,23,0.7333333333333333,1.7065424563089315,2.2544058561325073,1,0,0
val_unseen,val_unseen,1126,data/scene_datasets/mp3d/TbHJrupSAjP/TbHJrupSAjP.glb,11,33,30,KEEP,0,1,0,0,0,1,-4.41596794128418,-1.0371149778366089,-3.378852963447571,0.30434782608695654,0.043478260869565216,2.1908436198823846,0.7500000000000001,2.5938186961415957,0.7500000000000001,23,0.7333333333333333,1.7065424563089315,2.2544058561325073,1,0,0
val_unseen,val_unseen,1126,data/scene_datasets/mp3d/TbHJrupSAjP/TbHJrupSAjP.glb,11,33,31,KEEP,0,1,0,0,0,1,-5.146618843078613,-1.0371149778366089,-4.109503865242004,0.5217391304347826,0.043478260869565216,2.656602658534066,0.7500000000000001,3.7251807395354506,0.7500000000000001,23,0.7333333333333333,1.7065424563089315,2.2544058561325073,1,0,0
val_unseen,val_unseen,1126,data/scene_datasets/mp3d/TbHJrupSAjP/TbHJrupSAjP.glb,11,33,32,KEEP,0,1,0,0,0,1,-3.4893200397491455,-1.0371149778366089,-2.4522050619125366,0.13043478260869565,0.043478260869565216,1.430175292903783,0.7500000000000001,1.4751814901162434,0.7500000000000001,23,0.7333333333333333,1.7065424563089315,2.2544058561325073,1,0,0
val_unseen,val_unseen,1126,data/scene_datasets/mp3d/TbHJrupSAjP/TbHJrupSAjP.glb,11,33,34,AMBIGUOUS,0,1,0,0,1,1,-3.291520833969116,-1.0371149778366089,-2.2544058561325073,0.08695652173913043,0.043478260869565216,1.25,0.7500000000000001,1.25,0.7500000000000001,23,0.7333333333333333,1.7065424563089315,2.2544058561325073,0,0,0
val_unseen,val_unseen,1126,data/scene_datasets/mp3d/TbHJrupSAjP/TbHJrupSAjP.glb,12,35,0,INTERVENE,0,1,1,0,0,1,-5.322086334228516,-1.5722614526748657,-3.74982488155365,0.6086956521739131,0.043478260869565216,3.207557484525569,0.7500000000000003,6.456571563221759,0.7500000000000003,23,0.8,1.9933628678247026,1.8032926321029663,1,0,0
val_unseen,val_unseen,1126,data/scene_datasets/mp3d/TbHJrupSAjP/TbHJrupSAjP.glb,12,35,14,AMBIGUOUS,0,1,0,0,0,1,-7.624680995941162,-1.5722614526748657,-6.052419543266296,0.9565217391304348,0.043478260869565216,5.808529229012043,0.7500000000000003,14.81300042141563,0.7500000000000003,23,0.8,1.9933628678247026,1.8032926321029663,1,0,0
val_unseen,val_unseen,1126,data/scene_datasets/mp3d/TbHJrupSAjP/TbHJrupSAjP.glb,12,35,15,KEEP,0,1,0,0,0,1,-6.200210094451904,-1.5722614526748657,-4.627948641777039,0.8260869565217391,0.043478260869565216,4.872788734443297,0.7500000000000003,15.851352180690048,0.7500000000000003,23,0.8,1.9933628678247026,1.8032926321029663,1,0,0
val_unseen,val_unseen,1126,data/scene_datasets/mp3d/TbHJrupSAjP/TbHJrupSAjP.glb,12,35,16,AMBIGUOUS,0,1,0,0,0,1,-5.507444381713867,-1.5722614526748657,-3.9351829290390015,0.6521739130434783,0.043478260869565216,4.121734091541595,0.7500000000000003,15.70660413123473,0.7500000000000003,23,0.8,1.9933628678247026,1.8032926321029663,1,0,0
val_unseen,val_unseen,1126,data/scene_datasets/mp3d/TbHJrupSAjP/TbHJrupSAjP.glb,12,35,17,AMBIGUOUS,0,1,0,0,0,1,-5.300467014312744,-1.5722614526748657,-3.7282055616378784,0.5652173913043478,0.043478260869565216,4.990267614780767,0.7500000000000003,13.70657065673675,0.7500000000000003,23,0.8,1.9933628678247026,1.8032926321029663,1,0,0
val_unseen,val_unseen,1126,data/scene_datasets/mp3d/TbHJrupSAjP/TbHJrupSAjP.glb,12,35,18,AMBIGUOUS,0,1,0,0,0,1,-6.8893537521362305,-1.5722614526748657,-5.317092299461365,0.9130434782608695,0.043478260869565216,4.563411728770388,0.7500000000000003,11.576580680011546,0.7500000000000003,23,0.8,1.9933628678247026,1.8032926321029663,1,0,0
val_unseen,val_unseen,1126,data/scene_datasets/mp3d/TbHJrupSAjP/TbHJrupSAjP.glb,12,35,19,AMBIGUOUS,0,1,0,0,0,1,-7.80429744720459,-1.5722614526748657,-6.232035994529724,1.0,0.043478260869565216,4.7445326201426985,0.7500000000000003,12.456571017291402,0.7500000000000003,23,0.8,1.9933628678247026,1.8032926321029663,1,0,0
val_unseen,val_unseen,1126,data/scene_datasets/mp3d/TbHJrupSAjP/TbHJrupSAjP.glb,12,35,20,AMBIGUOUS,0,1,0,0,0,1,-3.776461601257324,-1.5722614526748657,-2.2042001485824585,0.17391304347826086,0.043478260869565216,4.781779243334662,0.7500000000000003,10.456571054896024,0.7500000000000003,23,0.8,1.9933628678247026,1.8032926321029663,1,0,0
val_unseen,val_unseen,1126,data/scene_datasets/mp3d/TbHJrupSAjP/TbHJrupSAjP.glb,12,35,21,AMBIGUOUS,0,1,0,0,0,1,-6.489028453826904,-1.5722614526748657,-4.916767001152039,0.8695652173913043,0.043478260869565216,3.7139899647897296,0.7500000000000003,10.206571054896024,0.7500000000000003,23,0.8,1.9933628678247026,1.8032926321029663,1,0,0
val_unseen,val_unseen,1126,data/scene_datasets/mp3d/TbHJrupSAjP/TbHJrupSAjP.glb,12,35,22,AMBIGUOUS,0,1,0,0,0,1,-6.1763787269592285,-1.5722614526748657,-4.604117274284363,0.782608695652174,0.043478260869565216,3.5354637321558453,0.7500000000000003,10.706571054896024,0.7500000000000003,23,0.8,1.9933628678247026,1.8032926321029663,1,0,0
val_unseen,val_unseen,1126,data/scene_datasets/mp3d/TbHJrupSAjP/TbHJrupSAjP.glb,12,35,23,AMBIGUOUS,0,1,0,0,0,1,-3.850783586502075,-1.5722614526748657,-2.2785221338272095,0.21739130434782608,0.043478260869565216,4.3031161033247285,0.7500000000000003,8.95657130905889,0.7500000000000003,23,0.8,1.9933628678247026,1.8032926321029663,1,0,0
val_unseen,val_unseen,1126,data/scene_datasets/mp3d/TbHJrupSAjP/TbHJrupSAjP.glb,12,35,24,AMBIGUOUS,0,1,0,0,0,1,-5.2218523025512695,-1.5722614526748657,-3.649590849876404,0.5217391304347826,0.043478260869565216,3.856563083150326,0.7500000000000003,8.95657130905889,0.7500000000000003,23,0.8,1.9933628678247026,1.8032926321029663,1,0,0
val_unseen,val_unseen,1126,data/scene_datasets/mp3d/TbHJrupSAjP/TbHJrupSAjP.glb,12,35,25,AMBIGUOUS,0,1,0,0,0,1,-5.2067060470581055,-1.5722614526748657,-3.6344445943832397,0.4782608695652174,0.043478260869565216,3.602701748180012,0.7500000000000003,7.956571563221759,0.7500000000000003,23,0.8,1.9933628678247026,1.8032926321029663,1,0,0
val_unseen,val_unseen,1126,data/scene_datasets/mp3d/TbHJrupSAjP/TbHJrupSAjP.glb,12,35,26,AMBIGUOUS,0,1,0,0,0,1,-5.58475399017334,-1.5722614526748657,-4.012492537498474,0.6956521739130435,0.043478260869565216,5.219384889786563,0.7500000000000003,6.95657250144775,0.7500000000000003,23,0.8,1.9933628678247026,1.8032926321029663,1,0,0
val_unseen,val_unseen,1126,data/scene_datasets/mp3d/TbHJrupSAjP/TbHJrupSAjP.glb,12,35,27,AMBIGUOUS,0,1,0,0,0,1,-3.947422742843628,-1.5722614526748657,-2.375161290168762,0.2608695652173913,0.043478260869565216,3.250821603747076,0.7500000000000003,7.20657250144775,0.7500000000000003,23,0.8,1.9933628678247026,1.8032926321029663,1,0,0
val_unseen,val_unseen,1126,data/scene_datasets/mp3d/TbHJrupSAjP/TbHJrupSAjP.glb,12,35,28,KEEP,0,1,0,0,0,1,-5.660213947296143,-1.5722614526748657,-4.087952494621277,0.7391304347826086,0.043478260869565216,4.552163842834484,0.7500000000000003,7.45657250144775,0.7500000000000003,23,0.8,1.9933628678247026,1.8032926321029663,1,0,0
val_unseen,val_unseen,1126,data/scene_datasets/mp3d/TbHJrupSAjP/TbHJrupSAjP.glb,12,35,29,KEEP,0,1,0,0,0,1,-4.786659240722656,-1.5722614526748657,-3.2143977880477905,0.34782608695652173,0.043478260869565216,3.4170299354391314,0.7500000000000003,4.435640807961091,0.7500000000000003,23,0.8,1.9933628678247026,1.8032926321029663,1,0,0
val_unseen,val_unseen,1126,data/scene_datasets/mp3d/TbHJrupSAjP/TbHJrupSAjP.glb,12,35,30,KEEP,0,1,0,0,0,1,-4.867318153381348,-1.5722614526748657,-3.295056700706482,0.391304347826087,0.043478260869565216,3.0617469581543943,0.7500000000000003,4.456572181456627,0.7500000000000003,23,0.8,1.9933628678247026,1.8032926321029663,1,0,0
val_unseen,val_unseen,1126,data/scene_datasets/mp3d/TbHJrupSAjP/TbHJrupSAjP.glb,12,35,31,AMBIGUOUS,0,1,0,0,1,1,-4.03474235534668,-1.5722614526748657,-2.462480902671814,0.30434782608695654,0.043478260869565216,2.4301136874141984,0.7500000000000003,2.8065230516185364,0.7500000000000003,23,0.8,1.9933628678247026,1.8032926321029663,0,0,0
val_unseen,val_unseen,1126,data/scene_datasets/mp3d/TbHJrupSAjP/TbHJrupSAjP.glb,12,35,32,AMBIGUOUS,0,1,0,0,0,1,-5.074848651885986,-1.5722614526748657,-3.5025871992111206,0.43478260869565216,0.043478260869565216,2.812177765993565,0.7500000000000003,3.9565719582431274,0.7500000000000003,23,0.8,1.9933628678247026,1.8032926321029663,1,0,0
val_unseen,val_unseen,1126,data/scene_datasets/mp3d/TbHJrupSAjP/TbHJrupSAjP.glb,12,35,33,KEEP,0,1,0,0,0,1,-3.375554084777832,-1.5722614526748657,-1.8032926321029663,0.08695652173913043,0.043478260869565216,1.6537809622147144,0.7500000000000003,1.7065727088239204,0.7500000000000003,23,0.8,1.9933628678247026,1.8032926321029663,1,0,0
val_unseen,val_unseen,1126,data/scene_datasets/mp3d/TbHJrupSAjP/TbHJrupSAjP.glb,12,35,34,AMBIGUOUS,0,1,0,0,1,1,-3.586944580078125,-1.5722614526748657,-2.0146831274032593,0.13043478260869565,0.043478260869565216,1.2147741868018553,0.7500000000000003,1.2644118688909936,0.7500000000000003,23,0.8,1.9933628678247026,1.8032926321029663,0,0,0
val_unseen,val_unseen,1126,data/scene_datasets/mp3d/TbHJrupSAjP/TbHJrupSAjP.glb,13,36,0,INTERVENE,0,1,1,0,0,1,-2.86531138420105,-0.5228663682937622,-2.3424450159072876,0.17391304347826086,0.043478260869565216,3.6348229458048227,2.7500000000000004,6.493453766233419,2.7500000000000004,23,0.8666666666666667,1.3605906588020378,2.07056200504303,1,0,0
val_unseen,val_unseen,1126,data/scene_datasets/mp3d/TbHJrupSAjP/TbHJrupSAjP.glb,13,36,15,AMBIGUOUS,0,1,0,0,0,1,-7.658242702484131,-0.5228663682937622,-7.135376334190369,0.9565217391304348,0.043478260869565216,5.796542031643699,2.7500000000000004,14.84988262442729,2.7500000000000004,23,0.8666666666666667,1.3605906588020378,2.07056200504303,1,0,0
val_unseen,val_unseen,1126,data/scene_datasets/mp3d/TbHJrupSAjP/TbHJrupSAjP.glb,13,36,16,AMBIGUOUS,0,1,0,0,0,1,-6.84197473526001,-0.5228663682937622,-6.319108366966248,0.782608695652174,0.043478260869565216,4.7870117525876115,2.7500000000000004,15.888234383701707,2.7500000000000004,23,0.8666666666666667,1.3605906588020378,2.07056200504303,1,0,0
val_unseen,val_unseen,1126,data/scene_datasets/mp3d/TbHJrupSAjP/TbHJrupSAjP.glb,13,36,17,AMBIGUOUS,0,1,0,0,0,1,-5.897065162658691,-0.5228663682937622,-5.374198794364929,0.6086956521739131,0.043478260869565216,4.292997958532276,2.7500000000000004,15.74348633424639,2.7500000000000004,23,0.8666666666666667,1.3605906588020378,2.07056200504303,1,0,0
val_unseen,val_unseen,1126,data/scene_datasets/mp3d/TbHJrupSAjP/TbHJrupSAjP.glb,13,36,18,AMBIGUOUS,0,1,0,0,0,1,-6.020376205444336,-0.5228663682937622,-5.497509837150574,0.6521739130434783,0.043478260869565216,4.960030365746811,2.7500000000000004,13.743452859748409,2.7500000000000004,23,0.8666666666666667,1.3605906588020378,2.07056200504303,1,0,0
val_unseen,val_unseen,1126,data/scene_datasets/mp3d/TbHJrupSAjP/TbHJrupSAjP.glb,13,36,19,AMBIGUOUS,0,1,0,0,0,1,-6.927095413208008,-0.5228663682937622,-6.404229044914246,0.8260869565217391,0.043478260869565216,4.8544352172364675,2.7500000000000004,11.613462883023205,2.7500000000000004,23,0.8666666666666667,1.3605906588020378,2.07056200504303,1,0,0
val_unseen,val_unseen,1126,data/scene_datasets/mp3d/TbHJrupSAjP/TbHJrupSAjP.glb,13,36,20,AMBIGUOUS,0,1,0,0,0,1,-7.7013325691223145,-0.5228663682937622,-7.178466200828552,1.0,0.043478260869565216,4.856854408095105,2.7500000000000004,12.493453220303062,2.7500000000000004,23,0.8666666666666667,1.3605906588020378,2.07056200504303,1,0,0
val_unseen,val_unseen,1126,data/scene_datasets/mp3d/TbHJrupSAjP/TbHJrupSAjP.glb,13,36,21,AMBIGUOUS,0,1,0,0,0,1,-4.146749496459961,-0.5228663682937622,-3.6238831281661987,0.30434782608695654,0.043478260869565216,5.184516178372077,2.7500000000000004,10.493453257907683,2.7500000000000004,23,0.8666666666666667,1.3605906588020378,2.07056200504303,1,0,0
val_unseen,val_unseen,1126,data/scene_datasets/mp3d/TbHJrupSAjP/TbHJrupSAjP.glb,13,36,22,AMBIGUOUS,0,1,0,0,0,1,-6.4624857902526855,-0.5228663682937622,-5.939619421958923,0.7391304347826086,0.043478260869565216,4.001788599018124,2.7500000000000004,10.243453257907683,2.7500000000000004,23,0.8666666666666667,1.3605906588020378,2.07056200504303,1,0,0
val_unseen,val_unseen,1126,data/scene_datasets/mp3d/TbHJrupSAjP/TbHJrupSAjP.glb,13,36,23,AMBIGUOUS,0,1,0,0,0,1,-6.294822692871094,-0.5228663682937622,-5.7719563245773315,0.6956521739130435,0.043478260869565216,3.7674964363720087,2.7500000000000004,10.743453257907683,2.7500000000000004,23,0.8666666666666667,1.3605906588020378,2.07056200504303,1,0,0
val_unseen,val_unseen,1126,data/scene_datasets/mp3d/TbHJrupSAjP/TbHJrupSAjP.glb,13,36,24,AMBIGUOUS,0,1,0,0,0,1,-4.075870990753174,-0.5228663682937622,-3.5530046224594116,0.2608695652173913,0.043478260869565216,4.734242289866368,2.7500000000000004,8.993453512070552,2.7500000000000004,23,0.8666666666666667,1.3605906588020378,2.07056200504303,1,0,0
val_unseen,val_unseen,1126,data/scene_datasets/mp3d/TbHJrupSAjP/TbHJrupSAjP.glb,13,36,25,AMBIGUOUS,0,1,0,0,0,1,-4.975440979003906,-0.5228663682937622,-4.452574610710144,0.391304347826087,0.043478260869565216,4.252981562181637,2.7500000000000004,8.993453512070552,2.7500000000000004,23,0.8666666666666667,1.3605906588020378,2.07056200504303,1,0,0
val_unseen,val_unseen,1126,data/scene_datasets/mp3d/TbHJrupSAjP/TbHJrupSAjP.glb,13,36,26,AMBIGUOUS,0,1,0,0,0,1,-5.348926544189453,-0.5228663682937622,-4.826060175895691,0.4782608695652174,0.043478260869565216,4.031199491226461,2.7500000000000004,7.993453766233419,2.7500000000000004,23,0.8666666666666667,1.3605906588020378,2.07056200504303,1,0,0
val_unseen,val_unseen,1126,data/scene_datasets/mp3d/TbHJrupSAjP/TbHJrupSAjP.glb,13,36,27,KEEP,0,1,0,0,0,1,-7.101612091064453,-0.5228663682937622,-6.578745722770691,0.9130434782608695,0.043478260869565216,5.606971534015954,2.7500000000000004,6.99345470445941,2.7500000000000004,23,0.8666666666666667,1.3605906588020378,2.07056200504303,1,0,0
val_unseen,val_unseen,1126,data/scene_datasets/mp3d/TbHJrupSAjP/TbHJrupSAjP.glb,13,36,28,AMBIGUOUS,0,1,0,0,0,1,-4.578653335571289,-0.5228663682937622,-4.055786967277527,0.34782608695652173,0.043478260869565216,3.687569918816184,2.7500000000000004,7.24345470445941,2.7500000000000004,23,0.8666666666666667,1.3605906588020378,2.07056200504303,1,0,0
val_unseen,val_unseen,1126,data/scene_datasets/mp3d/TbHJrupSAjP/TbHJrupSAjP.glb,13,36,29,AMBIGUOUS,0,1,0,0,0,1,-6.966621398925781,-0.5228663682937622,-6.443755030632019,0.8695652173913043,0.043478260869565216,4.769806599382645,2.7500000000000004,7.49345470445941,2.7500000000000004,23,0.8666666666666667,1.3605906588020378,2.07056200504303,1,0,0
val_unseen,val_unseen,1126,data/scene_datasets/mp3d/TbHJrupSAjP/TbHJrupSAjP.glb,13,36,30,KEEP,0,1,0,0,0,1,-5.6585493087768555,-0.5228663682937622,-5.135682940483093,0.5652173913043478,0.043478260869565216,3.687077667682378,2.7500000000000004,4.4725230109727505,2.7500000000000004,23,0.8666666666666667,1.3605906588020378,2.07056200504303,1,0,0
val_unseen,val_unseen,1126,data/scene_datasets/mp3d/TbHJrupSAjP/TbHJrupSAjP.glb,13,36,31,AMBIGUOUS,0,1,0,0,0,1,-5.283251762390137,-0.5228663682937622,-4.7603853940963745,0.43478260869565216,0.043478260869565216,3.387180112008398,2.7500000000000004,4.4934543844682855,2.7500000000000004,23,0.8666666666666667,1.3605906588020378,2.07056200504303,1,0,0
val_unseen,val_unseen,1126,data/scene_datasets/mp3d/TbHJrupSAjP/TbHJrupSAjP.glb,13,36,32,AMBIGUOUS,0,1,0,0,0,1,-3.867088556289673,-0.5228663682937622,-3.3442221879959106,0.21739130434782608,0.043478260869565216,2.262443223310722,2.7500000000000004,2.843405254630195,2.7500000000000004,23,0.8666666666666667,1.3605906588020378,2.07056200504303,1,0,0
val_unseen,val_unseen,1126,data/scene_datasets/mp3d/TbHJrupSAjP/TbHJrupSAjP.glb,13,36,33,AMBIGUOUS,0,1,0,0,0,1,-5.651406288146973,-0.5228663682937622,-5.1285399198532104,0.5217391304347826,0.043478260869565216,3.092172287040413,2.7500000000000004,3.9934541612547862,2.7500000000000004,23,0.8666666666666667,1.3605906588020378,2.07056200504303,1,0,0
val_unseen,val_unseen,1126,data/scene_datasets/mp3d/TbHJrupSAjP/TbHJrupSAjP.glb,13,36,34,AMBIGUOUS,0,1,0,0,0,1,-2.593428373336792,-0.5228663682937622,-2.07056200504303,0.08695652173913043,0.043478260869565216,1.7428704295177664,2.7500000000000004,1.7434549118355793,2.7500000000000004,23,0.8666666666666667,1.3605906588020378,2.07056200504303,1,0,0
val_unseen,val_unseen,1126,data/scene_datasets/mp3d/TbHJrupSAjP/TbHJrupSAjP.glb,13,36,35,AMBIGUOUS,0,1,0,0,0,1,-2.7933433055877686,-0.5228663682937622,-2.2704769372940063,0.13043478260869565,0.043478260869565216,1.4557035670998715,2.7500000000000004,1.509663620960032,2.7500000000000004,23,0.8666666666666667,1.3605906588020378,2.07056200504303,1,0,0
val_unseen,val_unseen,1151,data/scene_datasets/mp3d/TbHJrupSAjP/TbHJrupSAjP.glb,0,3,0,AMBIGUOUS,0,1,1,0,0,1,-8.057659149169922,4.887627601623535,-12.945286750793457,1.0,0.25,0.0,2.5,0.0,2.5,4,0.0,0.34905692799390653,2.0788536071777344,1,0,0
val_unseen,val_unseen,1151,data/scene_datasets/mp3d/TbHJrupSAjP/TbHJrupSAjP.glb,0,3,2,KEEP,0,1,0,0,1,1,-7.03375244140625,4.887627601623535,-11.921380043029785,0.75,0.25,0.7158977763049454,2.5,0.7158977763049454,2.5,4,0.0,0.34905692799390653,2.0788536071777344,0,0,0
val_unseen,val_unseen,1151,data/scene_datasets/mp3d/TbHJrupSAjP/TbHJrupSAjP.glb,0,3,4,AMBIGUOUS,0,1,0,0,1,1,2.808773994445801,4.887627601623535,-2.0788536071777344,0.5,0.25,1.5000000000000002,2.5,1.5000000000000002,2.5,4,0.0,0.34905692799390653,2.0788536071777344,0,0,0
val_unseen,val_unseen,1151,data/scene_datasets/mp3d/TbHJrupSAjP/TbHJrupSAjP.glb,3,11,0,AMBIGUOUS,0,1,1,0,0,1,0.4531448781490326,2.324582815170288,-1.8714379370212555,0.2222222222222222,0.1111111111111111,0.0,1.2499999999999998,0.0,1.2499999999999998,9,0.2,0.5603238302285384,1.8714379370212555,1,0,0
val_unseen,val_unseen,1151,data/scene_datasets/mp3d/TbHJrupSAjP/TbHJrupSAjP.glb,3,11,5,KEEP,0,1,0,0,0,1,-8.340799331665039,2.324582815170288,-10.665382146835327,1.0,0.1111111111111111,5.912220229828219,1.2499999999999998,6.1187192109227535,1.2499999999999998,9,0.2,0.5603238302285384,1.8714379370212555,1,0,0
val_unseen,val_unseen,1151,data/scene_datasets/mp3d/TbHJrupSAjP/TbHJrupSAjP.glb,3,11,6,KEEP,0,1,0,0,0,1,-8.244292259216309,2.324582815170288,-10.568875074386597,0.8888888888888888,0.1111111111111111,3.7625963997455876,1.2499999999999998,3.974001525778653,1.2499999999999998,9,0.2,0.5603238302285384,1.8714379370212555,1,0,0
val_unseen,val_unseen,1151,data/scene_datasets/mp3d/TbHJrupSAjP/TbHJrupSAjP.glb,3,11,7,AMBIGUOUS,0,1,0,0,0,1,-6.128378868103027,2.324582815170288,-8.452961683273315,0.7777777777777778,0.1111111111111111,1.6199926993553804,1.2499999999999998,4.499999413060479,1.2499999999999998,9,0.2,0.5603238302285384,1.8714379370212555,1,0,0
val_unseen,val_unseen,1151,data/scene_datasets/mp3d/TbHJrupSAjP/TbHJrupSAjP.glb,3,11,8,AMBIGUOUS,0,1,0,0,0,1,-6.075368881225586,2.324582815170288,-8.399951696395874,0.6666666666666666,0.1111111111111111,2.467144951386167,1.2499999999999998,3.9999992628402428,1.2499999999999998,9,0.2,0.5603238302285384,1.8714379370212555,1,0,0
val_unseen,val_unseen,1151,data/scene_datasets/mp3d/TbHJrupSAjP/TbHJrupSAjP.glb,3,11,9,AMBIGUOUS,0,1,0,0,0,1,-1.728513479232788,2.324582815170288,-4.053096294403076,0.4444444444444444,0.1111111111111111,2.4885444552168856,1.2499999999999998,2.9999992628402437,1.2499999999999998,9,0.2,0.5603238302285384,1.8714379370212555,1,0,0
val_unseen,val_unseen,1151,data/scene_datasets/mp3d/TbHJrupSAjP/TbHJrupSAjP.glb,3,11,10,KEEP,0,1,0,0,1,1,-5.4434027671813965,2.324582815170288,-7.767985582351685,0.5555555555555556,0.1111111111111111,1.7500000000000002,1.2499999999999998,1.7500000000000002,1.2499999999999998,9,0.2,0.5603238302285384,1.8714379370212555,0,0,0
val_unseen,val_unseen,1151,data/scene_datasets/mp3d/TbHJrupSAjP/TbHJrupSAjP.glb,3,11,12,AMBIGUOUS,0,1,0,0,1,1,-1.3983418941497803,2.324582815170288,-3.7229247093200684,0.3333333333333333,0.1111111111111111,1.25,1.2499999999999998,1.25,1.2499999999999998,9,0.2,0.5603238302285384,1.8714379370212555,0,0,0
val_unseen,val_unseen,1151,data/scene_datasets/mp3d/TbHJrupSAjP/TbHJrupSAjP.glb,4,0,6,KEEP,0,1,0,1,0,0,-8.307455062866211,0.4766722023487091,-8.78412726521492,1.0,0.09090909090909091,6.711785283565846,0.0,7.118719723014069,0.0,11,0.26666666666666666,1.040744519819094,1.7265997231006622,1,0,0
val_unseen,val_unseen,1151,data/scene_datasets/mp3d/TbHJrupSAjP/TbHJrupSAjP.glb,4,0,7,KEEP,0,1,0,1,0,0,-8.24246597290039,0.4766722023487091,-8.7191381752491,0.9090909090909091,0.09090909090909091,4.536148887097123,0.0,4.974002037869968,0.0,11,0.26666666666666666,1.040744519819094,1.7265997231006622,1,0,0
val_unseen,val_unseen,1151,data/scene_datasets/mp3d/TbHJrupSAjP/TbHJrupSAjP.glb,4,0,8,KEEP,0,1,0,1,0,0,-6.438169479370117,0.4766722023487091,-6.914841681718826,0.7272727272727273,0.09090909090909091,2.4930095697679198,0.0,5.499999925151794,0.0,11,0.26666666666666666,1.040744519819094,1.7265997231006622,1,0,0
val_unseen,val_unseen,1151,data/scene_datasets/mp3d/TbHJrupSAjP/TbHJrupSAjP.glb,4,0,9,KEEP,0,1,0,1,0,0,-6.512150287628174,0.4766722023487091,-6.988822489976883,0.8181818181818182,0.09090909090909091,3.4668126512788344,0.0,4.999999774931558,0.0,11,0.26666666666666666,1.040744519819094,1.7265997231006622,1,0,0
val_unseen,val_unseen,1151,data/scene_datasets/mp3d/TbHJrupSAjP/TbHJrupSAjP.glb,4,0,10,KEEP,0,1,0,1,0,0,-4.830071449279785,0.4766722023487091,-5.306743651628494,0.6363636363636364,0.09090909090909091,2.7146921052086963,0.0,3.999999774931559,0.0,11,0.26666666666666666,1.040744519819094,1.7265997231006622,1,0,0
val_unseen,val_unseen,1151,data/scene_datasets/mp3d/TbHJrupSAjP/TbHJrupSAjP.glb,4,0,11,AMBIGUOUS,0,1,0,1,0,0,-4.390958309173584,0.4766722023487091,-4.867630511522293,0.5454545454545454,0.09090909090909091,2.749128280753935,0.0,2.7500005120913156,0.0,11,0.26666666666666666,1.040744519819094,1.7265997231006622,1,0,0
val_unseen,val_unseen,1151,data/scene_datasets/mp3d/TbHJrupSAjP/TbHJrupSAjP.glb,4,0,12,AMBIGUOUS,0,1,0,1,0,0,-1.2499275207519531,0.4766722023487091,-1.7265997231006622,0.18181818181818182,0.09090909090909091,1.045485190398726,0.0,2.250000512091315,0.0,11,0.26666666666666666,1.040744519819094,1.7265997231006622,1,0,0
val_unseen,val_unseen,1151,data/scene_datasets/mp3d/TbHJrupSAjP/TbHJrupSAjP.glb,4,0,13,AMBIGUOUS,0,1,0,1,1,0,-1.4514342546463013,0.4766722023487091,-1.9281064569950104,0.2727272727272727,0.09090909090909091,1.7499999999999998,0.0,1.7499999999999998,0.0,11,0.26666666666666666,1.040744519819094,1.7265997231006622,0,0,0
val_unseen,val_unseen,1151,data/scene_datasets/mp3d/TbHJrupSAjP/TbHJrupSAjP.glb,4,0,14,KEEP,0,1,0,1,1,0,-3.4068357944488525,0.4766722023487091,-3.8835079967975616,0.45454545454545453,0.09090909090909091,1.4871672738425976,0.0,1.4871672738425976,0.0,11,0.26666666666666666,1.040744519819094,1.7265997231006622,0,0,0
val_unseen,val_unseen,1151,data/scene_datasets/mp3d/TbHJrupSAjP/TbHJrupSAjP.glb,4,0,15,AMBIGUOUS,0,1,0,1,1,0,-1.8887172937393188,0.4766722023487091,-2.365389496088028,0.36363636363636365,0.09090909090909091,1.2346104132338975,0.0,1.2346104132338975,0.0,11,0.26666666666666666,1.040744519819094,1.7265997231006622,0,0,0
val_unseen,val_unseen,429,data/scene_datasets/mp3d/QUCTc6BB5sX/QUCTc6BB5sX.glb,3,12,0,AMBIGUOUS,0,1,1,0,0,1,-8.178838729858398,3.2002975940704346,-11.379136323928833,1.0,0.1111111111111111,1.0000000308646118,1.9999999999999998,1.0000000308646118,1.9999999999999998,9,0.2,0.6584285833449953,0.5459461212158203,1,0,0
val_unseen,val_unseen,429,data/scene_datasets/mp3d/QUCTc6BB5sX/QUCTc6BB5sX.glb,3,12,5,KEEP,0,1,0,0,0,1,-7.362912178039551,3.2002975940704346,-10.563209772109985,0.4444444444444444,0.1111111111111111,4.337337049999525,1.9999999999999998,4.750000115742295,1.9999999999999998,9,0.2,0.6584285833449953,0.5459461212158203,1,0,0
val_unseen,val_unseen,429,data/scene_datasets/mp3d/QUCTc6BB5sX/QUCTc6BB5sX.glb,3,12,6,KEEP,0,1,0,0,0,1,-7.52951192855835,3.2002975940704346,-10.729809522628784,0.5555555555555556,0.1111111111111111,5.244127632615867,1.9999999999999998,5.250000115742294,1.9999999999999998,9,0.2,0.6584285833449953,0.5459461212158203,1,0,0
val_unseen,val_unseen,429,data/scene_datasets/mp3d/QUCTc6BB5sX/QUCTc6BB5sX.glb,3,12,7,KEEP,0,1,0,0,0,1,-7.58253812789917,3.2002975940704346,-10.782835721969604,0.7777777777777778,0.1111111111111111,5.733918588955397,1.9999999999999998,5.750000115742294,1.9999999999999998,9,0.2,0.6584285833449953,0.5459461212158203,1,0,0
val_unseen,val_unseen,429,data/scene_datasets/mp3d/QUCTc6BB5sX/QUCTc6BB5sX.glb,3,12,8,KEEP,0,1,0,0,0,1,-7.67828893661499,3.2002975940704346,-10.878586530685425,0.8888888888888888,0.1111111111111111,5.104437109272607,1.9999999999999998,5.250000115742294,1.9999999999999998,9,0.2,0.6584285833449953,0.5459461212158203,1,0,0
val_unseen,val_unseen,429,data/scene_datasets/mp3d/QUCTc6BB5sX/QUCTc6BB5sX.glb,3,12,9,KEEP,0,1,0,0,0,1,-6.776510238647461,3.2002975940704346,-9.976807832717896,0.3333333333333333,0.1111111111111111,5.2051884279979,1.9999999999999998,5.2500000771615305,1.9999999999999998,9,0.2,0.6584285833449953,0.5459461212158203,1,0,0
val_unseen,val_unseen,429,data/scene_datasets/mp3d/QUCTc6BB5sX/QUCTc6BB5sX.glb,3,12,10,KEEP,0,1,0,0,0,1,-7.580205917358398,3.2002975940704346,-10.780503511428833,0.6666666666666666,0.1111111111111111,1.488598780645927,1.9999999999999998,1.500000030864612,1.9999999999999998,9,0.2,0.6584285833449953,0.5459461212158203,1,0,0
val_unseen,val_unseen,429,data/scene_datasets/mp3d/QUCTc6BB5sX/QUCTc6BB5sX.glb,3,12,11,AMBIGUOUS,0,1,0,0,1,1,2.6543514728546143,3.2002975940704346,-0.5459461212158203,0.2222222222222222,0.1111111111111111,1.5000000000000002,1.9999999999999998,1.5000000000000002,1.9999999999999998,9,0.2,0.6584285833449953,0.5459461212158203,0,0,1
val_unseen,val_unseen,429,data/scene_datasets/mp3d/QUCTc6BB5sX/QUCTc6BB5sX.glb,7,20,0,AMBIGUOUS,0,1,1,0,0,1,1.167693018913269,1.2377363443374634,-0.07004332542419434,0.14285714285714285,0.07142857142857142,0.0,1.7499999999999996,0.0,1.7499999999999996,14,0.4666666666666667,0.8955790578807753,0.07004332542419434,1,0,0
val_unseen,val_unseen,429,data/scene_datasets/mp3d/QUCTc6BB5sX/QUCTc6BB5sX.glb,7,20,9,AMBIGUOUS,0,1,0,0,0,1,-8.202434539794922,1.2377363443374634,-9.440170884132385,0.7142857142857143,0.07142857142857142,10.951699154123757,1.7499999999999996,11.47870905115684,1.7499999999999996,14,0.4666666666666667,0.8955790578807753,0.07004332542419434,1,0,0
val_unseen,val_unseen,429,data/scene_datasets/mp3d/QUCTc6BB5sX/QUCTc6BB5sX.glb,7,20,10,AMBIGUOUS,0,1,0,0,0,1,-8.215719223022461,1.2377363443374634,-9.453455567359924,0.8571428571428571,0.07142857142857142,11.943199029887461,1.7499999999999996,11.97870905115684,1.7499999999999996,14,0.4666666666666667,0.8955790578807753,0.07004332542419434,1,0,0
val_unseen,val_unseen,429,data/scene_datasets/mp3d/QUCTc6BB5sX/QUCTc6BB5sX.glb,7,20,11,AMBIGUOUS,0,1,0,0,0,1,-8.21823787689209,1.2377363443374634,-9.455974221229553,0.9285714285714286,0.07142857142857142,12.41559548724299,1.7499999999999996,12.47870905115684,1.7499999999999996,14,0.4666666666666667,0.8955790578807753,0.07004332542419434,1,0,0
val_unseen,val_unseen,429,data/scene_datasets/mp3d/QUCTc6BB5sX/QUCTc6BB5sX.glb,7,20,12,AMBIGUOUS,0,1,0,0,0,1,-8.225896835327148,1.2377363443374634,-9.463633179664612,1.0,0.07142857142857142,11.745549972113956,1.7499999999999996,11.97870905115684,1.7499999999999996,14,0.4666666666666667,0.8955790578807753,0.07004332542419434,1,0,0
val_unseen,val_unseen,429,data/scene_datasets/mp3d/QUCTc6BB5sX/QUCTc6BB5sX.glb,7,20,13,KEEP,0,1,0,0,0,1,-8.203967094421387,1.2377363443374634,-9.44170343875885,0.7857142857142857,0.07142857142857142,11.895026935590698,1.7499999999999996,11.978709012576076,1.7499999999999996,14,0.4666666666666667,0.8955790578807753,0.07004332542419434,1,0,0
val_unseen,val_unseen,429,data/scene_datasets/mp3d/QUCTc6BB5sX/QUCTc6BB5sX.glb,7,20,14,KEEP,0,1,0,0,0,1,-8.19333267211914,1.2377363443374634,-9.431069016456604,0.6428571428571429,0.07142857142857142,8.187874416587643,1.7499999999999996,8.228708966279157,1.7499999999999996,14,0.4666666666666667,0.8955790578807753,0.07004332542419434,1,0,0
val_unseen,val_unseen,429,data/scene_datasets/mp3d/QUCTc6BB5sX/QUCTc6BB5sX.glb,7,20,15,AMBIGUOUS,0,1,0,0,0,1,-6.718001365661621,1.2377363443374634,-7.9557377099990845,0.5,0.07142857142857142,5.202765804525601,1.7499999999999996,8.228708935414547,1.7499999999999996,14,0.4666666666666667,0.8955790578807753,0.07004332542419434,1,0,0
val_unseen,val_unseen,429,data/scene_datasets/mp3d/QUCTc6BB5sX/QUCTc6BB5sX.glb,7,20,16,AMBIGUOUS,0,1,0,0,0,1,-5.423457145690918,1.2377363443374634,-6.661193490028381,0.42857142857142855,0.07142857142857142,4.098806864343061,1.7499999999999996,6.089405122532328,1.7499999999999996,14,0.4666666666666667,0.8955790578807753,0.07004332542419434,1,0,0
val_unseen,val_unseen,429,data/scene_datasets/mp3d/QUCTc6BB5sX/QUCTc6BB5sX.glb,7,20,17,AMBIGUOUS,0,1,0,0,0,1,-7.8575358390808105,1.2377363443374634,-9.095272183418274,0.5714285714285714,0.07142857142857142,4.1382390587276445,1.7499999999999996,5.5000001753467105,1.7499999999999996,14,0.4666666666666667,0.8955790578807753,0.07004332542419434,1,0,0
val_unseen,val_unseen,429,data/scene_datasets/mp3d/QUCTc6BB5sX/QUCTc6BB5sX.glb,7,20,18,KEEP,0,1,0,0,0,1,-4.142032146453857,1.2377363443374634,-5.379768490791321,0.35714285714285715,0.07142857142857142,4.011030072293735,1.7499999999999996,5.465399816788553,1.7499999999999996,14,0.4666666666666667,0.8955790578807753,0.07004332542419434,1,0,0
val_unseen,val_unseen,429,data/scene_datasets/mp3d/QUCTc6BB5sX/QUCTc6BB5sX.glb,7,20,19,AMBIGUOUS,0,1,0,0,0,1,-2.293027877807617,1.2377363443374634,-3.5307642221450806,0.2857142857142857,0.07142857142857142,3.3588715000486506,1.7499999999999996,3.5000000617292235,1.7499999999999996,14,0.4666666666666667,0.8955790578807753,0.07004332542419434,1,0,0
val_unseen,val_unseen,429,data/scene_datasets/mp3d/QUCTc6BB5sX/QUCTc6BB5sX.glb,7,20,21,KEEP,0,1,0,0,1,1,-1.5575965642929077,1.2377363443374634,-2.795332908630371,0.21428571428571427,0.07142857142857142,1.7350285133795897,1.7499999999999996,1.7350285133795897,1.7499999999999996,14,0.4666666666666667,0.8955790578807753,0.07004332542419434,0,0,0
val_unseen,val_unseen,429,data/scene_datasets/mp3d/QUCTc6BB5sX/QUCTc6BB5sX.glb,8,0,10,AMBIGUOUS,0,1,0,1,0,0,-8.23910140991211,1.297244668006897,-9.536346077919006,0.6666666666666666,0.06666666666666667,12.450304106966756,0.0,12.97870909745376,0.0,15,0.5333333333333333,1.2635106839045547,0.3657887578010559,1,0,1
val_unseen,val_unseen,429,data/scene_datasets/mp3d/QUCTc6BB5sX/QUCTc6BB5sX.glb,8,0,11,AMBIGUOUS,0,1,0,1,0,0,-8.250115394592285,1.297244668006897,-9.547360062599182,0.7333333333333333,0.06666666666666667,13.441938619029985,0.0,13.47870909745376,0.0,15,0.5333333333333333,1.2635106839045547,0.3657887578010559,1,0,1
val_unseen,val_unseen,429,data/scene_datasets/mp3d/QUCTc6BB5sX/QUCTc6BB5sX.glb,8,0,12,AMBIGUOUS,0,1,0,1,0,0,-8.250248908996582,1.297244668006897,-9.547493577003479,0.8,0.06666666666666667,13.915584830547173,0.0,13.97870909745376,0.0,15,0.5333333333333333,1.2635106839045547,0.3657887578010559,1,0,1
val_unseen,val_unseen,429,data/scene_datasets/mp3d/QUCTc6BB5sX/QUCTc6BB5sX.glb,8,0,13,AMBIGUOUS,0,1,0,1,0,0,-8.261348724365234,1.297244668006897,-9.558593392372131,1.0,0.06666666666666667,13.244826021803105,0.0,13.47870909745376,0.0,15,0.5333333333333333,1.2635106839045547,0.3657887578010559,1,0,1
val_unseen,val_unseen,429,data/scene_datasets/mp3d/QUCTc6BB5sX/QUCTc6BB5sX.glb,8,0,14,AMBIGUOUS,0,1,0,1,0,0,-8.260518074035645,1.297244668006897,-9.557762742042542,0.9333333333333333,0.06666666666666667,13.389582463417696,0.0,13.478709058872994,0.0,15,0.5333333333333333,1.2635106839045547,0.3657887578010559,1,0,1
val_unseen,val_unseen,429,data/scene_datasets/mp3d/QUCTc6BB5sX/QUCTc6BB5sX.glb,8,0,15,AMBIGUOUS,0,1,0,1,0,0,-8.251554489135742,1.297244668006897,-9.54879915714264,0.8666666666666667,0.06666666666666667,9.685584010331384,0.0,9.728709012576076,0.0,15,0.5333333333333333,1.2635106839045547,0.3657887578010559,1,0,1
val_unseen,val_unseen,429,data/scene_datasets/mp3d/QUCTc6BB5sX/QUCTc6BB5sX.glb,8,0,16,AMBIGUOUS,0,1,0,1,0,0,-6.545261383056641,1.297244668006897,-7.842506051063538,0.5333333333333333,0.06666666666666667,6.69993525715188,0.0,9.728708981711463,0.0,15,0.5333333333333333,1.2635106839045547,0.3657887578010559,1,0,1
val_unseen,val_unseen,429,data/scene_datasets/mp3d/QUCTc6BB5sX/QUCTc6BB5sX.glb,8,0,17,AMBIGUOUS,0,1,0,1,0,0,-5.803375244140625,1.297244668006897,-7.100619912147522,0.4666666666666667,0.06666666666666667,5.588780772672187,0.0,7.589405168829245,0.0,15,0.5333333333333333,1.2635106839045547,0.3657887578010559,1,0,1
val_unseen,val_unseen,429,data/scene_datasets/mp3d/QUCTc6BB5sX/QUCTc6BB5sX.glb,8,0,18,AMBIGUOUS,0,1,0,1,0,0,-7.65484619140625,1.297244668006897,-8.952090859413147,0.6,0.06666666666666667,5.5339887961939,0.0,7.000000221643628,0.0,15,0.5333333333333333,1.2635106839045547,0.3657887578010559,1,0,1
val_unseen,val_unseen,429,data/scene_datasets/mp3d/QUCTc6BB5sX/QUCTc6BB5sX.glb,8,0,19,AMBIGUOUS,0,1,0,1,0,0,-4.3139214515686035,1.297244668006897,-5.6111661195755005,0.4,0.06666666666666667,5.405707100552049,0.0,6.96539986308547,0.0,15,0.5333333333333333,1.2635106839045547,0.3657887578010559,1,0,1
val_unseen,val_unseen,429,data/scene_datasets/mp3d/QUCTc6BB5sX/QUCTc6BB5sX.glb,8,0,20,AMBIGUOUS,0,1,0,1,0,0,-1.8501609563827515,1.297244668006897,-3.1474056243896484,0.3333333333333333,0.06666666666666667,4.827632068964743,0.0,5.000000108026141,0.0,15,0.5333333333333333,1.2635106839045547,0.3657887578010559,1,0,1
val_unseen,val_unseen,429,data/scene_datasets/mp3d/QUCTc6BB5sX/QUCTc6BB5sX.glb,8,0,21,KEEP,0,1,0,1,0,0,-0.5918065905570984,1.297244668006897,-1.8890512585639954,0.26666666666666666,0.06666666666666667,3.155687182479761,0.0,3.2350285596765076,0.0,15,0.5333333333333333,1.2635106839045547,0.3657887578010559,1,0,0
val_unseen,val_unseen,429,data/scene_datasets/mp3d/QUCTc6BB5sX/QUCTc6BB5sX.glb,8,0,22,AMBIGUOUS,0,1,0,1,1,0,0.9314559102058411,1.297244668006897,-0.3657887578010559,0.13333333333333333,0.06666666666666667,1.4999999999999998,0.0,1.4999999999999998,0.0,15,0.5333333333333333,1.2635106839045547,0.3657887578010559,0,0,1
val_unseen,val_unseen,429,data/scene_datasets/mp3d/QUCTc6BB5sX/QUCTc6BB5sX.glb,8,0,23,AMBIGUOUS,0,1,0,1,1,0,-0.006309352815151215,1.297244668006897,-1.3035540208220482,0.2,0.06666666666666667,1.111321419739789,0.0,1.111321419739789,0.0,15,0.5333333333333333,1.2635106839045547,0.3657887578010559,0,0,1
val_unseen,val_unseen,793,data/scene_datasets/mp3d/QUCTc6BB5sX/QUCTc6BB5sX.glb,0,3,0,AMBIGUOUS,0,1,1,0,0,1,-7.922656059265137,4.141793251037598,-12.064449310302734,1.0,0.2,0.0,2.2500000000000004,0.0,2.2500000000000004,5,0.0,0.26836155752551355,2.546056628227234,1,0,0
val_unseen,val_unseen,793,data/scene_datasets/mp3d/QUCTc6BB5sX/QUCTc6BB5sX.glb,0,3,2,KEEP,0,1,0,0,1,1,1.5957366228103638,4.141793251037598,-2.546056628227234,0.4,0.2,1.2346104132338966,2.2500000000000004,1.2346104132338966,2.2500000000000004,5,0.0,0.26836155752551355,2.546056628227234,0,0,0
val_unseen,val_unseen,793,data/scene_datasets/mp3d/QUCTc6BB5sX/QUCTc6BB5sX.glb,0,3,4,AMBIGUOUS,0,1,0,0,1,1,-2.7303693294525146,4.141793251037598,-6.872162580490112,0.6,0.2,1.9999999999999987,2.2500000000000004,1.9999999999999987,2.2500000000000004,5,0.0,0.26836155752551355,2.546056628227234,0,0,0
val_unseen,val_unseen,793,data/scene_datasets/mp3d/QUCTc6BB5sX/QUCTc6BB5sX.glb,0,3,5,AMBIGUOUS,0,1,0,0,1,1,-6.0968337059021,4.141793251037598,-10.238626956939697,0.8,0.2,1.5000000000000002,2.2500000000000004,1.5000000000000002,2.2500000000000004,5,0.0,0.26836155752551355,2.546056628227234,0,0,0
val_unseen,val_unseen,793,data/scene_datasets/mp3d/QUCTc6BB5sX/QUCTc6BB5sX.glb,3,10,0,AMBIGUOUS,0,1,1,0,0,1,-7.955759048461914,0.4830348491668701,-8.438793897628784,1.0,0.125,0.0,0.8222344248543041,0.0,0.8222344248543041,8,0.2,1.3666097144719076,0.5881093665957451,1,0,0
val_unseen,val_unseen,793,data/scene_datasets/mp3d/QUCTc6BB5sX/QUCTc6BB5sX.glb,3,10,5,AMBIGUOUS,0,1,0,0,0,1,-3.9428160190582275,0.4830348491668701,-4.425850868225098,0.875,0.125,4.984231958473047,0.8222344248543041,5.205743710294012,0.8222344248543041,8,0.2,1.3666097144719076,0.5881093665957451,1,0,1
val_unseen,val_unseen,793,data/scene_datasets/mp3d/QUCTc6BB5sX/QUCTc6BB5sX.glb,3,10,6,AMBIGUOUS,0,1,0,0,1,1,-1.7318660020828247,0.4830348491668701,-2.214900851249695,0.5,0.125,2.0151776404549966,0.8222344248543041,2.572742653872385,0.8222344248543041,8,0.2,1.3666097144719076,0.5881093665957451,0,0,0
val_unseen,val_unseen,793,data/scene_datasets/mp3d/QUCTc6BB5sX/QUCTc6BB5sX.glb,3,10,7,KEEP,0,1,0,0,0,1,-2.8070757389068604,0.4830348491668701,-3.2901105880737305,0.75,0.125,2.4872217578414535,0.8222344248543041,2.8970535660222314,0.8222344248543041,8,0.2,1.3666097144719076,0.5881093665957451,1,0,0
val_unseen,val_unseen,793,data/scene_datasets/mp3d/QUCTc6BB5sX/QUCTc6BB5sX.glb,3,10,8,AMBIGUOUS,0,1,0,0,0,1,-1.863003134727478,0.4830348491668701,-2.346037983894348,0.625,0.125,2.4673224594360477,0.8222344248543041,2.725006173212074,0.8222344248543041,8,0.2,1.3666097144719076,0.5881093665957451,1,0,0
val_unseen,val_unseen,793,data/scene_datasets/mp3d/QUCTc6BB5sX/QUCTc6BB5sX.glb,3,10,9,KEEP,0,1,0,0,1,1,-0.8512576818466187,0.4830348491668701,-1.3342925310134888,0.375,0.125,1.0708059380923811,0.8222344248543041,1.4283745062079372,0.8222344248543041,8,0.2,1.3666097144719076,0.5881093665957451,0,0,0
val_unseen,val_unseen,793,data/scene_datasets/mp3d/QUCTc6BB5sX/QUCTc6BB5sX.glb,3,10,11,AMBIGUOUS,0,1,0,0,1,1,-0.10507451742887497,0.4830348491668701,-0.5881093665957451,0.25,0.125,1.2500000000000002,0.8222344248543041,1.2500000000000002,0.8222344248543041,8,0.2,1.3666097144719076,0.5881093665957451,0,0,0
val_unseen,val_unseen,793,data/scene_datasets/mp3d/QUCTc6BB5sX/QUCTc6BB5sX.glb,11,25,0,AMBIGUOUS,0,1,1,0,0,1,-7.842657089233398,0.8742100596427917,-8.71686714887619,1.0,0.07142857142857142,0.5602568382177684,2.7499999999999996,0.5602568382177684,2.7499999999999996,14,0.7333333333333333,1.2304108657041954,1.4408788681030273,1,0,0
val_unseen,val_unseen,793,data/scene_datasets/mp3d/QUCTc6BB5sX/QUCTc6BB5sX.glb,11,25,13,KEEP,0,1,0,0,0,1,-3.6785664558410645,0.8742100596427917,-4.552776515483856,0.5714285714285714,0.07142857142857142,3.5117824416068264,2.7499999999999996,4.881928753190355,2.7499999999999996,14,0.7333333333333333,1.2304108657041954,1.4408788681030273,1,0,0
val_unseen,val_unseen,793,data/scene_datasets/mp3d/QUCTc6BB5sX/QUCTc6BB5sX.glb,11,25,14,KEEP,0,1,0,0,0,1,-3.6819729804992676,0.8742100596427917,-4.556183040142059,0.6428571428571429,0.07142857142857142,2.9942138214448377,2.7499999999999996,5.182453353538383,2.7499999999999996,14,0.7333333333333333,1.2304108657041954,1.4408788681030273,1,0,0
val_unseen,val_unseen,793,data/scene_datasets/mp3d/QUCTc6BB5sX/QUCTc6BB5sX.glb,11,25,15,KEEP,0,1,0,0,0,1,-3.074063301086426,0.8742100596427917,-3.9482733607292175,0.5,0.07142857142857142,2.995653705113211,2.7499999999999996,5.044122509035775,2.7499999999999996,14,0.7333333333333333,1.2304108657041954,1.4408788681030273,1,0,0
val_unseen,val_unseen,793,data/scene_datasets/mp3d/QUCTc6BB5sX/QUCTc6BB5sX.glb,11,25,16,KEEP,0,1,0,0,0,1,-2.5372908115386963,0.8742100596427917,-3.411500871181488,0.35714285714285715,0.07142857142857142,4.541067221175681,2.7499999999999996,6.213156107293658,2.7499999999999996,14,0.7333333333333333,1.2304108657041954,1.4408788681030273,1,0,0
val_unseen,val_unseen,793,data/scene_datasets/mp3d/QUCTc6BB5sX/QUCTc6BB5sX.glb,11,25,17,KEEP,0,1,0,0,0,1,-4.35127592086792,0.8742100596427917,-5.225485980510712,0.7857142857142857,0.07142857142857142,6.317323566653994,2.7499999999999996,6.948509219406728,2.7499999999999996,14,0.7333333333333333,1.2304108657041954,1.4408788681030273,1,0,0
val_unseen,val_unseen,793,data/scene_datasets/mp3d/QUCTc6BB5sX/QUCTc6BB5sX.glb,11,25,18,KEEP,0,1,0,0,0,1,-4.2528557777404785,0.8742100596427917,-5.12706583738327,0.7142857142857143,0.07142857142857142,5.638873987176003,2.7499999999999996,6.448509219406727,2.7499999999999996,14,0.7333333333333333,1.2304108657041954,1.4408788681030273,1,0,0
val_unseen,val_unseen,793,data/scene_datasets/mp3d/QUCTc6BB5sX/QUCTc6BB5sX.glb,11,25,19,KEEP,0,1,0,0,0,1,-2.8587398529052734,0.8742100596427917,-3.732949912548065,0.42857142857142855,0.07142857142857142,4.917564831148117,2.7499999999999996,5.806147221923917,2.7499999999999996,14,0.7333333333333333,1.2304108657041954,1.4408788681030273,1,0,0
val_unseen,val_unseen,793,data/scene_datasets/mp3d/QUCTc6BB5sX/QUCTc6BB5sX.glb,11,25,20,KEEP,0,1,0,0,0,1,-4.516442775726318,0.8742100596427917,-5.39065283536911,0.8571428571428571,0.07142857142857142,3.954000467700794,2.7499999999999996,4.30265726528186,2.7499999999999996,14,0.7333333333333333,1.2304108657041954,1.4408788681030273,1,0,0
val_unseen,val_unseen,793,data/scene_datasets/mp3d/QUCTc6BB5sX/QUCTc6BB5sX.glb,11,25,21,KEEP,0,1,0,0,0,1,-2.255596399307251,0.8742100596427917,-3.1298064589500427,0.2857142857142857,0.07142857142857142,2.6898903262347758,2.7499999999999996,2.749999070191888,2.7499999999999996,14,0.7333333333333333,1.2304108657041954,1.4408788681030273,1,0,0
val_unseen,val_unseen,793,data/scene_datasets/mp3d/QUCTc6BB5sX/QUCTc6BB5sX.glb,11,25,22,AMBIGUOUS,0,1,0,0,0,1,-0.9962615966796875,0.8742100596427917,-1.8704716563224792,0.21428571428571427,0.07142857142857142,1.8134380720498937,2.7499999999999996,2.5000004066259196,2.7499999999999996,14,0.7333333333333333,1.2304108657041954,1.4408788681030273,1,0,0
val_unseen,val_unseen,793,data/scene_datasets/mp3d/QUCTc6BB5sX/QUCTc6BB5sX.glb,11,25,23,AMBIGUOUS,0,1,0,0,1,1,-0.5666688084602356,0.8742100596427917,-1.4408788681030273,0.14285714285714285,0.07142857142857142,1.2398507011217677,2.7499999999999996,1.2398507011217677,2.7499999999999996,14,0.7333333333333333,1.2304108657041954,1.4408788681030273,0,0,0
val_unseen,val_unseen,793,data/scene_datasets/mp3d/QUCTc6BB5sX/QUCTc6BB5sX.glb,11,25,24,KEEP,0,1,0,0,0,1,-6.740945816040039,0.8742100596427917,-7.615155875682831,0.9285714285714286,0.07142857142857142,2.099144368521684,2.7499999999999996,2.1176680524765006,2.7499999999999996,14,0.7333333333333333,1.2304108657041954,1.4408788681030273,1,0,0
val_unseen,val_unseen,793,data/scene_datasets/mp3d/QUCTc6BB5sX/QUCTc6BB5sX.glb,12,26,0,AMBIGUOUS,0,1,1,0,0,1,-7.3078227043151855,0.508682131767273,-7.8165048360824585,1.0,0.06666666666666667,1.9247265139636573,0.5000000000000001,1.9272948513358301,0.5000000000000001,15,0.8,1.272918178717744,1.2859740257263184,1,0,0
val_unseen,val_unseen,793,data/scene_datasets/mp3d/QUCTc6BB5sX/QUCTc6BB5sX.glb,12,26,14,KEEP,0,1,0,0,0,1,-4.937442779541016,0.508682131767273,-5.446124911308289,0.6,0.06666666666666667,5.513822257429771,0.5000000000000001,7.268356111401859,0.5000000000000001,15,0.8,1.272918178717744,1.2859740257263184,1,0,0
val_unseen,val_unseen,793,data/scene_datasets/mp3d/QUCTc6BB5sX/QUCTc6BB5sX.glb,12,26,15,KEEP,0,1,0,0,0,1,-4.985068321228027,0.508682131767273,-5.4937504529953,0.6666666666666666,0.06666666666666667,5.04131255347502,0.5000000000000001,7.5688807117498875,0.5000000000000001,15,0.8,1.272918178717744,1.2859740257263184,1,0,0
val_unseen,val_unseen,793,data/scene_datasets/mp3d/QUCTc6BB5sX/QUCTc6BB5sX.glb,12,26,16,KEEP,0,1,0,0,0,1,-3.286517858505249,0.508682131767273,-3.795199990272522,0.5333333333333333,0.06666666666666667,5.147747251067696,0.5000000000000001,7.430549867247279,0.5000000000000001,15,0.8,1.272918178717744,1.2859740257263184,1,0,0
val_unseen,val_unseen,793,data/scene_datasets/mp3d/QUCTc6BB5sX/QUCTc6BB5sX.glb,12,26,17,KEEP,0,1,0,0,0,1,-3.039334535598755,0.508682131767273,-3.548016667366028,0.4,0.06666666666666667,6.700231872477773,0.5000000000000001,8.599583465505162,0.5000000000000001,15,0.8,1.272918178717744,1.2859740257263184,1,0,0
val_unseen,val_unseen,793,data/scene_datasets/mp3d/QUCTc6BB5sX/QUCTc6BB5sX.glb,12,26,18,KEEP,0,1,0,0,0,1,-5.353932857513428,0.508682131767273,-5.862614989280701,0.7333333333333333,0.06666666666666667,8.218293879875374,0.5000000000000001,9.334936577618231,0.5000000000000001,15,0.8,1.272918178717744,1.2859740257263184,1,0,0
val_unseen,val_unseen,793,data/scene_datasets/mp3d/QUCTc6BB5sX/QUCTc6BB5sX.glb,12,26,19,KEEP,0,1,0,0,0,1,-5.615972518920898,0.508682131767273,-6.124654650688171,0.8,0.06666666666666667,7.567250488022005,0.5000000000000001,8.834936577618231,0.5000000000000001,15,0.8,1.272918178717744,1.2859740257263184,1,0,0
val_unseen,val_unseen,793,data/scene_datasets/mp3d/QUCTc6BB5sX/QUCTc6BB5sX.glb,12,26,20,KEEP,0,1,0,0,0,1,-3.0370914936065674,0.508682131767273,-3.5457736253738403,0.3333333333333333,0.06666666666666667,6.8005942322376525,0.5000000000000001,8.192574580135421,0.5000000000000001,15,0.8,1.272918178717744,1.2859740257263184,1,0,0
val_unseen,val_unseen,793,data/scene_datasets/mp3d/QUCTc6BB5sX/QUCTc6BB5sX.glb,12,26,21,KEEP,0,1,0,0,0,1,-6.339595317840576,0.508682131767273,-6.848277449607849,0.9333333333333333,0.06666666666666667,5.7726270656149,0.5000000000000001,6.689084623493365,0.5000000000000001,15,0.8,1.272918178717744,1.2859740257263184,1,0,0
val_unseen,val_unseen,793,data/scene_datasets/mp3d/QUCTc6BB5sX/QUCTc6BB5sX.glb,12,26,22,KEEP,0,1,0,0,0,1,-3.2028470039367676,0.508682131767273,-3.7115291357040405,0.4666666666666667,0.06666666666666667,4.961030326454699,0.5000000000000001,5.136426428403393,0.5000000000000001,15,0.8,1.272918178717744,1.2859740257263184,1,0,0
val_unseen,val_unseen,793,data/scene_datasets/mp3d/QUCTc6BB5sX/QUCTc6BB5sX.glb,12,26,23,AMBIGUOUS,0,1,0,0,0,1,-1.9958027601242065,0.508682131767273,-2.5044848918914795,0.26666666666666666,0.06666666666666667,1.322208432479051,0.5000000000000001,2.42729573246678,0.5000000000000001,15,0.8,1.272918178717744,1.2859740257263184,1,0,0
val_unseen,val_unseen,793,data/scene_datasets/mp3d/QUCTc6BB5sX/QUCTc6BB5sX.glb,12,26,24,KEEP,0,1,0,0,0,1,-1.663631796836853,0.508682131767273,-2.172313928604126,0.2,0.06666666666666667,3.491051811244436,0.5000000000000001,3.6262780593332726,0.5000000000000001,15,0.8,1.272918178717744,1.2859740257263184,1,0,0
val_unseen,val_unseen,793,data/scene_datasets/mp3d/QUCTc6BB5sX/QUCTc6BB5sX.glb,12,26,25,KEEP,0,1,0,0,1,1,-5.804590225219727,0.508682131767273,-6.3132723569869995,0.8666666666666667,0.06666666666666667,0.7147246336806867,0.5000000000000001,0.7147246336806867,0.5000000000000001,15,0.8,1.272918178717744,1.2859740257263184,0,0,0
val_unseen,val_unseen,793,data/scene_datasets/mp3d/QUCTc6BB5sX/QUCTc6BB5sX.glb,12,26,27,AMBIGUOUS,0,1,0,0,1,1,-0.7772918939590454,0.508682131767273,-1.2859740257263184,0.13333333333333333,0.06666666666666667,1.0000000000000002,0.5000000000000001,1.0000000000000002,0.5000000000000001,15,0.8,1.272918178717744,1.2859740257263184,0,0,0
val_unseen,val_unseen,793,data/scene_datasets/mp3d/QUCTc6BB5sX/QUCTc6BB5sX.glb,13,24,0,AMBIGUOUS,0,1,1,0,0,1,-6.710659980773926,0.3308871388435364,-7.041547119617462,1.0,0.07142857142857142,0.0,0.9699807256860408,0.0,0.9699807256860408,14,0.8666666666666667,1.1969843916331642,1.5361208319664001,1,0,0
val_unseen,val_unseen,793,data/scene_datasets/mp3d/QUCTc6BB5sX/QUCTc6BB5sX.glb,13,24,15,KEEP,0,1,0,0,0,1,-4.248300075531006,0.3308871388435364,-4.579187214374542,0.6428571428571429,0.07142857142857142,5.180110343908896,0.9699807256860408,6.814594576950572,0.9699807256860408,14,0.8666666666666667,1.1969843916331642,1.5361208319664001,1,0,0
val_unseen,val_unseen,793,data/scene_datasets/mp3d/QUCTc6BB5sX/QUCTc6BB5sX.glb,13,24,16,KEEP,0,1,0,0,0,1,-4.212940216064453,0.3308871388435364,-4.5438273549079895,0.5714285714285714,0.07142857142857142,4.693431041390814,0.9699807256860408,7.115119177298601,0.9699807256860408,14,0.8666666666666667,1.1969843916331642,1.5361208319664001,1,0,0
val_unseen,val_unseen,793,data/scene_datasets/mp3d/QUCTc6BB5sX/QUCTc6BB5sX.glb,13,24,17,KEEP,0,1,0,0,0,1,-2.900665521621704,0.3308871388435364,-3.2315526604652405,0.42857142857142855,0.07142857142857142,4.775936206049816,0.9699807256860408,6.9767883327959925,0.9699807256860408,14,0.8666666666666667,1.1969843916331642,1.5361208319664001,1,0,0
val_unseen,val_unseen,793,data/scene_datasets/mp3d/QUCTc6BB5sX/QUCTc6BB5sX.glb,13,24,18,KEEP,0,1,0,0,0,1,-2.736687660217285,0.3308871388435364,-3.0675747990608215,0.35714285714285715,0.07142857142857142,6.333787012731671,0.9699807256860408,8.145821931053876,0.9699807256860408,14,0.8666666666666667,1.1969843916331642,1.5361208319664001,1,0,0
val_unseen,val_unseen,793,data/scene_datasets/mp3d/QUCTc6BB5sX/QUCTc6BB5sX.glb,13,24,19,KEEP,0,1,0,0,0,1,-5.605093955993652,0.3308871388435364,-5.935981094837189,0.9285714285714286,0.07142857142857142,7.922961608721744,0.9699807256860408,8.881175043166945,0.9699807256860408,14,0.8666666666666667,1.1969843916331642,1.5361208319664001,1,0,0
val_unseen,val_unseen,793,data/scene_datasets/mp3d/QUCTc6BB5sX/QUCTc6BB5sX.glb,13,24,20,KEEP,0,1,0,0,0,1,-5.48984956741333,0.3308871388435364,-5.8207367062568665,0.8571428571428571,0.07142857142857142,7.262702209722049,0.9699807256860408,8.381175043166945,0.9699807256860408,14,0.8666666666666667,1.1969843916331642,1.5361208319664001,1,0,0
val_unseen,val_unseen,793,data/scene_datasets/mp3d/QUCTc6BB5sX/QUCTc6BB5sX.glb,13,24,21,KEEP,0,1,0,0,0,1,-3.6625850200653076,0.3308871388435364,-3.993472158908844,0.5,0.07142857142857142,6.502938615105832,0.9699807256860408,7.738813045684134,0.9699807256860408,14,0.8666666666666667,1.1969843916331642,1.5361208319664001,1,0,0
val_unseen,val_unseen,793,data/scene_datasets/mp3d/QUCTc6BB5sX/QUCTc6BB5sX.glb,13,24,22,KEEP,0,1,0,0,0,1,-5.419549465179443,0.3308871388435364,-5.75043660402298,0.7857142857142857,0.07142857142857142,5.482123802745845,0.9699807256860408,6.235323089042078,0.9699807256860408,14,0.8666666666666667,1.1969843916331642,1.5361208319664001,1,0,0
val_unseen,val_unseen,793,data/scene_datasets/mp3d/QUCTc6BB5sX/QUCTc6BB5sX.glb,13,24,23,KEEP,0,1,0,0,0,1,-2.5152575969696045,0.3308871388435364,-2.846144735813141,0.2857142857142857,0.07142857142857142,4.556785987578972,0.9699807256860408,4.682664893952106,0.9699807256860408,14,0.8666666666666667,1.1969843916331642,1.5361208319664001,1,0,0
val_unseen,val_unseen,793,data/scene_datasets/mp3d/QUCTc6BB5sX/QUCTc6BB5sX.glb,13,24,25,KEEP,0,1,0,0,0,1,-1.2052336931228638,0.3308871388435364,-1.5361208319664001,0.14285714285714285,0.07142857142857142,3.0812678716894935,0.9699807256860408,3.2854655418524175,0.9699807256860408,14,0.8666666666666667,1.1969843916331642,1.5361208319664001,1,0,0
val_unseen,val_unseen,793,data/scene_datasets/mp3d/QUCTc6BB5sX/QUCTc6BB5sX.glb,13,24,26,KEEP,0,1,0,0,0,1,-4.926177024841309,0.3308871388435364,-5.257064163684845,0.7142857142857143,0.07142857142857142,0.7365108582270409,0.9699807256860408,1.2041128371470915,0.9699807256860408,14,0.8666666666666667,1.1969843916331642,1.5361208319664001,1,0,0
val_unseen,val_unseen,793,data/scene_datasets/mp3d/QUCTc6BB5sX/QUCTc6BB5sX.glb,13,24,27,KEEP,0,1,0,0,0,1,-2.451263904571533,0.3308871388435364,-2.7821510434150696,0.21428571428571427,0.07142857142857142,0.5106434647342243,0.9699807256860408,1.489388203466405,0.9699807256860408,14,0.8666666666666667,1.1969843916331642,1.5361208319664001,1,0,0
val_unseen,val_unseen,540,data/scene_datasets/mp3d/QUCTc6BB5sX/QUCTc6BB5sX.glb,3,13,0,INTERVENE,0,1,1,0,0,1,-3.883369207382202,3.291537046432495,-7.174906253814697,0.3,0.1,0.0,1.2500000000000002,0.0,1.2500000000000002,10,0.2,0.02169930028669578,6.966289043426514,1,0,0
val_unseen,val_unseen,540,data/scene_datasets/mp3d/QUCTc6BB5sX/QUCTc6BB5sX.glb,3,13,5,KEEP,0,1,0,0,0,1,-5.2948713302612305,3.291537046432495,-8.586408376693726,0.5,0.1,3.1442214549742267,1.2500000000000002,4.8747207635489955,1.2500000000000002,10,0.2,0.02169930028669578,6.966289043426514,1,0,0
val_unseen,val_unseen,540,data/scene_datasets/mp3d/QUCTc6BB5sX/QUCTc6BB5sX.glb,3,13,6,KEEP,0,1,0,0,0,1,-7.307857036590576,3.291537046432495,-10.599394083023071,0.9,0.1,4.7631902492083595,1.2500000000000002,5.504025331535601,1.2500000000000002,10,0.2,0.02169930028669578,6.966289043426514,1,0,0
val_unseen,val_unseen,540,data/scene_datasets/mp3d/QUCTc6BB5sX/QUCTc6BB5sX.glb,3,13,7,KEEP,0,1,0,0,0,1,-4.222747802734375,3.291537046432495,-7.51428484916687,0.4,0.1,4.473535053561283,1.2500000000000002,5.504025331535601,1.2500000000000002,10,0.2,0.02169930028669578,6.966289043426514,1,0,0
val_unseen,val_unseen,540,data/scene_datasets/mp3d/QUCTc6BB5sX/QUCTc6BB5sX.glb,3,13,8,KEEP,0,1,0,0,1,1,-7.229982852935791,3.291537046432495,-10.521519899368286,0.7,0.1,2.2313817454126914,1.2500000000000002,3.2562105282387,1.2500000000000002,10,0.2,0.02169930028669578,6.966289043426514,0,0,0
val_unseen,val_unseen,540,data/scene_datasets/mp3d/QUCTc6BB5sX/QUCTc6BB5sX.glb,3,13,9,KEEP,0,1,0,0,0,1,-6.952019214630127,3.291537046432495,-10.243556261062622,0.6,0.1,0.9073769889762435,1.2500000000000002,3.2540249645654336,1.2500000000000002,10,0.2,0.02169930028669578,6.966289043426514,1,0,0
val_unseen,val_unseen,540,data/scene_datasets/mp3d/QUCTc6BB5sX/QUCTc6BB5sX.glb,3,13,10,KEEP,0,1,0,0,1,1,-3.6747519969940186,3.291537046432495,-6.966289043426514,0.2,0.1,1.2500000000000007,1.2500000000000002,1.2500000000000007,1.2500000000000002,10,0.2,0.02169930028669578,6.966289043426514,0,0,0
val_unseen,val_unseen,540,data/scene_datasets/mp3d/QUCTc6BB5sX/QUCTc6BB5sX.glb,3,13,11,KEEP,0,1,0,0,1,1,-7.298336505889893,3.291537046432495,-10.589873552322388,0.8,0.1,1.7500000000000002,1.2500000000000002,1.7500000000000002,1.2500000000000002,10,0.2,0.02169930028669578,6.966289043426514,0,0,0
val_unseen,val_unseen,540,data/scene_datasets/mp3d/QUCTc6BB5sX/QUCTc6BB5sX.glb,3,13,12,KEEP,0,1,0,0,1,1,-7.435992240905762,3.291537046432495,-10.727529287338257,1.0,0.1,1.2500000000000002,1.2500000000000002,1.2500000000000002,1.2500000000000002,10,0.2,0.02169930028669578,6.966289043426514,0,0,0
val_unseen,val_unseen,540,data/scene_datasets/mp3d/QUCTc6BB5sX/QUCTc6BB5sX.glb,4,0,6,KEEP,0,1,0,1,0,0,-6.616453647613525,1.7088968753814697,-8.325350522994995,0.4166666666666667,0.08333333333333333,3.4508209860146386,0.0,6.126853290393298,0.0,12,0.26666666666666666,0.6728062118626768,0.5540611743927002,1,0,0
val_unseen,val_unseen,540,data/scene_datasets/mp3d/QUCTc6BB5sX/QUCTc6BB5sX.glb,4,0,7,KEEP,0,1,0,1,0,0,-7.89656925201416,1.7088968753814697,-9.60546612739563,0.9166666666666666,0.08333333333333333,5.065951179543981,0.0,6.756157858379904,0.0,12,0.26666666666666666,0.6728062118626768,0.5540611743927002,1,0,0
val_unseen,val_unseen,540,data/scene_datasets/mp3d/QUCTc6BB5sX/QUCTc6BB5sX.glb,4,0,8,KEEP,0,1,0,1,0,0,-5.4331746101379395,1.7088968753814697,-7.142071485519409,0.3333333333333333,0.08333333333333333,4.310460926202329,0.0,6.756157858379904,0.0,12,0.26666666666666666,0.6728062118626768,0.5540611743927002,1,0,0
val_unseen,val_unseen,540,data/scene_datasets/mp3d/QUCTc6BB5sX/QUCTc6BB5sX.glb,4,0,9,KEEP,0,1,0,1,0,0,-7.997037887573242,1.7088968753814697,-9.705934762954712,1.0,0.08333333333333333,3.4005739207441534,0.0,4.508343055083003,0.0,12,0.26666666666666666,0.6728062118626768,0.5540611743927002,1,0,0
val_unseen,val_unseen,540,data/scene_datasets/mp3d/QUCTc6BB5sX/QUCTc6BB5sX.glb,4,0,10,KEEP,0,1,0,1,0,0,-7.733705520629883,1.7088968753814697,-9.442602396011353,0.6666666666666666,0.08333333333333333,2.063975393233237,0.0,4.506157491409737,0.0,12,0.26666666666666666,0.6728062118626768,0.5540611743927002,1,0,0
val_unseen,val_unseen,540,data/scene_datasets/mp3d/QUCTc6BB5sX/QUCTc6BB5sX.glb,4,0,11,KEEP,0,1,0,1,0,0,-4.795738697052002,1.7088968753814697,-6.504635572433472,0.25,0.08333333333333333,1.9442380446728291,0.0,2.502132526844304,0.0,12,0.26666666666666666,0.6728062118626768,0.5540611743927002,1,0,0
val_unseen,val_unseen,540,data/scene_datasets/mp3d/QUCTc6BB5sX/QUCTc6BB5sX.glb,4,0,12,KEEP,0,1,0,1,0,0,-7.788921356201172,1.7088968753814697,-9.497818231582642,0.8333333333333334,0.08333333333333333,2.8582828369040785,0.0,3.0021325268443038,0.0,12,0.26666666666666666,0.6728062118626768,0.5540611743927002,1,0,0
val_unseen,val_unseen,540,data/scene_datasets/mp3d/QUCTc6BB5sX/QUCTc6BB5sX.glb,4,0,13,KEEP,0,1,0,1,0,0,-7.777812957763672,1.7088968753814697,-9.486709833145142,0.75,0.08333333333333333,2.228713021135788,0.0,2.5021325268443038,0.0,12,0.26666666666666666,0.6728062118626768,0.5540611743927002,1,0,0
val_unseen,val_unseen,540,data/scene_datasets/mp3d/QUCTc6BB5sX/QUCTc6BB5sX.glb,4,0,14,KEEP,0,1,0,1,1,0,-7.009139060974121,1.7088968753814697,-8.71803593635559,0.5,0.08333333333333333,0.9999999999999999,0.0,0.9999999999999999,0.0,12,0.26666666666666666,0.6728062118626768,0.5540611743927002,0,0,0
val_unseen,val_unseen,540,data/scene_datasets/mp3d/QUCTc6BB5sX/QUCTc6BB5sX.glb,4,0,15,KEEP,0,1,0,1,1,0,-7.03603458404541,1.7088968753814697,-8.74493145942688,0.5833333333333334,0.08333333333333333,1.5000000000000002,0.0,1.5000000000000002,0.0,12,0.26666666666666666,0.6728062118626768,0.5540611743927002,0,0,0
val_unseen,val_unseen,540,data/scene_datasets/mp3d/QUCTc6BB5sX/QUCTc6BB5sX.glb,4,0,16,KEEP,0,1,0,1,1,0,1.1548357009887695,1.7088968753814697,-0.5540611743927002,0.16666666666666666,0.08333333333333333,0.987688330587118,0.0,0.987688330587118,0.0,12,0.26666666666666666,0.6728062118626768,0.5540611743927002,0,0,0
val_unseen,val_unseen,1052,data/scene_datasets/mp3d/x8F5xyUWy9e/x8F5xyUWy9e.glb,6,19,0,AMBIGUOUS,0,1,1,0,0,1,-0.3285817801952362,2.2468841075897217,-2.575465887784958,0.13333333333333333,0.06666666666666667,0.0,0.9914448647883372,0.0,0.9914448647883372,15,0.4,0.2733352481118155,2.575465887784958,1,0,0
val_unseen,val_unseen,1052,data/scene_datasets/mp3d/x8F5xyUWy9e/x8F5xyUWy9e.glb,6,19,8,AMBIGUOUS,0,1,0,0,0,1,-7.628894329071045,2.2468841075897217,-9.875778436660767,0.6666666666666666,0.06666666666666667,5.8482502782102275,0.9914448647883372,7.285280822833596,0.9914448647883372,15,0.4,0.2733352481118155,2.575465887784958,1,0,0
val_unseen,val_unseen,1052,data/scene_datasets/mp3d/x8F5xyUWy9e/x8F5xyUWy9e.glb,6,19,9,AMBIGUOUS,0,1,0,0,0,1,-7.78392219543457,2.2468841075897217,-10.030806303024292,0.8666666666666667,0.06666666666666667,5.934657631629819,0.9914448647883372,7.785280822833596,0.9914448647883372,15,0.4,0.2733352481118155,2.575465887784958,1,0,0
val_unseen,val_unseen,1052,data/scene_datasets/mp3d/x8F5xyUWy9e/x8F5xyUWy9e.glb,6,19,10,AMBIGUOUS,0,1,0,0,0,1,-7.9389214515686035,2.2468841075897217,-10.185805559158325,1.0,0.06666666666666667,5.349853431651289,0.9914448647883372,7.285280822833596,0.9914448647883372,15,0.4,0.2733352481118155,2.575465887784958,1,0,0
val_unseen,val_unseen,1052,data/scene_datasets/mp3d/x8F5xyUWy9e/x8F5xyUWy9e.glb,6,19,11,AMBIGUOUS,0,1,0,0,0,1,-7.799593448638916,2.2468841075897217,-10.046477556228638,0.9333333333333333,0.06666666666666667,5.81904823378097,0.9914448647883372,7.0561611030960885,0.9914448647883372,15,0.4,0.2733352481118155,2.575465887784958,1,0,0
val_unseen,val_unseen,1052,data/scene_datasets/mp3d/x8F5xyUWy9e/x8F5xyUWy9e.glb,6,19,12,AMBIGUOUS,0,1,0,0,0,1,-7.555657386779785,2.2468841075897217,-9.802541494369507,0.6,0.06666666666666667,4.9737657879437105,0.9914448647883372,5.035280362650426,0.9914448647883372,15,0.4,0.2733352481118155,2.575465887784958,1,0,0
val_unseen,val_unseen,1052,data/scene_datasets/mp3d/x8F5xyUWy9e/x8F5xyUWy9e.glb,6,19,13,AMBIGUOUS,0,1,0,0,0,1,-7.65567684173584,2.2468841075897217,-9.902560949325562,0.7333333333333333,0.06666666666666667,4.527946663351099,0.9914448647883372,5.535280362650426,0.9914448647883372,15,0.4,0.2733352481118155,2.575465887784958,1,0,0
val_unseen,val_unseen,1052,data/scene_datasets/mp3d/x8F5xyUWy9e/x8F5xyUWy9e.glb,6,19,14,AMBIGUOUS,0,1,0,0,0,1,-5.81069803237915,2.2468841075897217,-8.057582139968872,0.4,0.06666666666666667,3.315988919103886,0.9914448647883372,4.785280362650426,0.9914448647883372,15,0.4,0.2733352481118155,2.575465887784958,1,0,0
val_unseen,val_unseen,1052,data/scene_datasets/mp3d/x8F5xyUWy9e/x8F5xyUWy9e.glb,6,19,15,KEEP,0,1,0,0,1,1,-5.42459774017334,2.2468841075897217,-7.6714818477630615,0.26666666666666666,0.06666666666666667,2.0059987403203654,0.9914448647883372,2.0059987403203654,0.9914448647883372,15,0.4,0.2733352481118155,2.575465887784958,0,0,0
val_unseen,val_unseen,1052,data/scene_datasets/mp3d/x8F5xyUWy9e/x8F5xyUWy9e.glb,6,19,16,AMBIGUOUS,0,1,0,0,0,1,-5.680895805358887,2.2468841075897217,-7.927779912948608,0.3333333333333333,0.06666666666666667,2.048984394831304,0.9914448647883372,4.035279816144304,0.9914448647883372,15,0.4,0.2733352481118155,2.575465887784958,1,0,0
val_unseen,val_unseen,1052,data/scene_datasets/mp3d/x8F5xyUWy9e/x8F5xyUWy9e.glb,6,19,17,AMBIGUOUS,0,1,0,0,0,1,-5.266272068023682,2.2468841075897217,-7.513156175613403,0.2,0.06666666666666667,2.598197675753864,0.9914448647883372,4.022968146731423,0.9914448647883372,15,0.4,0.2733352481118155,2.575465887784958,1,0,0
val_unseen,val_unseen,1052,data/scene_datasets/mp3d/x8F5xyUWy9e/x8F5xyUWy9e.glb,6,19,18,AMBIGUOUS,0,1,0,0,0,1,-7.769750118255615,2.2468841075897217,-10.016634225845337,0.8,0.06666666666666667,2.8570767694414956,0.9914448647883372,2.9592442501392697,0.9914448647883372,15,0.4,0.2733352481118155,2.575465887784958,1,0,0
val_unseen,val_unseen,1052,data/scene_datasets/mp3d/x8F5xyUWy9e/x8F5xyUWy9e.glb,6,19,20,AMBIGUOUS,0,1,0,0,1,1,-7.542861461639404,2.2468841075897217,-9.789745569229126,0.5333333333333333,0.06666666666666667,0.7499999999999999,0.9914448647883372,0.7499999999999999,0.9914448647883372,15,0.4,0.2733352481118155,2.575465887784958,0,0,0
val_unseen,val_unseen,1052,data/scene_datasets/mp3d/x8F5xyUWy9e/x8F5xyUWy9e.glb,6,19,21,AMBIGUOUS,0,1,0,0,1,1,-7.514101982116699,2.2468841075897217,-9.760986089706421,0.4666666666666667,0.06666666666666667,2.2500000000000004,0.9914448647883372,2.2500000000000004,0.9914448647883372,15,0.4,0.2733352481118155,2.575465887784958,0,0,0
val_unseen,val_unseen,1052,data/scene_datasets/mp3d/x8F5xyUWy9e/x8F5xyUWy9e.glb,7,0,9,AMBIGUOUS,0,1,0,1,0,0,-7.401175498962402,2.1366446018218994,-9.537820100784302,0.6875,0.0625,6.535007710613481,0.0,8.022741926238474,0.0,16,0.4666666666666667,0.6404436077261181,1.4168494939804077,1,0,0
val_unseen,val_unseen,1052,data/scene_datasets/mp3d/x8F5xyUWy9e/x8F5xyUWy9e.glb,7,0,10,AMBIGUOUS,0,1,0,1,0,0,-7.609321117401123,2.1366446018218994,-9.745965719223022,0.8125,0.0625,6.587522057706995,0.0,8.522741926238474,0.0,16,0.4666666666666667,0.6404436077261181,1.4168494939804077,1,0,1
val_unseen,val_unseen,1052,data/scene_datasets/mp3d/x8F5xyUWy9e/x8F5xyUWy9e.glb,7,0,11,AMBIGUOUS,0,1,0,1,0,0,-7.8544511795043945,2.1366446018218994,-9.991095781326294,1.0,0.0625,6.017440341828665,0.0,8.022741926238474,0.0,16,0.4666666666666667,0.6404436077261181,1.4168494939804077,1,0,1
val_unseen,val_unseen,1052,data/scene_datasets/mp3d/x8F5xyUWy9e/x8F5xyUWy9e.glb,7,0,12,AMBIGUOUS,0,1,0,1,0,0,-7.58970308303833,2.1366446018218994,-9.72634768486023,0.75,0.0625,6.5451617747983235,0.0,7.793622206500966,0.0,16,0.4666666666666667,0.6404436077261181,1.4168494939804077,1,0,1
val_unseen,val_unseen,1052,data/scene_datasets/mp3d/x8F5xyUWy9e/x8F5xyUWy9e.glb,7,0,13,AMBIGUOUS,0,1,0,1,0,0,-7.758726119995117,2.1366446018218994,-9.895370721817017,0.9375,0.0625,5.717063570015355,0.0,5.772741466055304,0.0,16,0.4666666666666667,0.6404436077261181,1.4168494939804077,1,0,1
val_unseen,val_unseen,1052,data/scene_datasets/mp3d/x8F5xyUWy9e/x8F5xyUWy9e.glb,7,0,14,AMBIGUOUS,0,1,0,1,0,0,-7.244671821594238,2.1366446018218994,-9.381316423416138,0.5625,0.0625,5.262619961753086,0.0,6.272741466055304,0.0,16,0.4666666666666667,0.6404436077261181,1.4168494939804077,1,0,1
val_unseen,val_unseen,1052,data/scene_datasets/mp3d/x8F5xyUWy9e/x8F5xyUWy9e.glb,7,0,15,AMBIGUOUS,0,1,0,1,0,0,-5.570281982421875,2.1366446018218994,-7.706926584243774,0.4375,0.0625,4.064367632754974,0.0,5.522741466055304,0.0,16,0.4666666666666667,0.6404436077261181,1.4168494939804077,1,0,1
val_unseen,val_unseen,1052,data/scene_datasets/mp3d/x8F5xyUWy9e/x8F5xyUWy9e.glb,7,0,16,AMBIGUOUS,0,1,0,1,0,0,-5.533141136169434,2.1366446018218994,-7.669785737991333,0.375,0.0625,2.739232923240325,0.0,2.7565811421470237,0.0,16,0.4666666666666667,0.6404436077261181,1.4168494939804077,1,0,1
val_unseen,val_unseen,1052,data/scene_datasets/mp3d/x8F5xyUWy9e/x8F5xyUWy9e.glb,7,0,17,AMBIGUOUS,0,1,0,1,0,0,-4.742351055145264,2.1366446018218994,-6.878995656967163,0.25,0.0625,2.7925148809664235,0.0,4.7727409195491814,0.0,16,0.4666666666666667,0.6404436077261181,1.4168494939804077,1,0,0
val_unseen,val_unseen,1052,data/scene_datasets/mp3d/x8F5xyUWy9e/x8F5xyUWy9e.glb,7,0,18,AMBIGUOUS,0,1,0,1,0,0,-5.0750908851623535,2.1366446018218994,-7.211735486984253,0.3125,0.0625,3.3254406838491724,0.0,4.7604292501363,0.0,16,0.4666666666666667,0.6404436077261181,1.4168494939804077,1,0,0
val_unseen,val_unseen,1052,data/scene_datasets/mp3d/x8F5xyUWy9e/x8F5xyUWy9e.glb,7,0,19,AMBIGUOUS,0,1,0,1,0,0,-7.7559614181518555,2.1366446018218994,-9.892606019973755,0.875,0.0625,3.5824580830582717,0.0,3.696705353544147,0.0,16,0.4666666666666667,0.6404436077261181,1.4168494939804077,1,0,1
val_unseen,val_unseen,1052,data/scene_datasets/mp3d/x8F5xyUWy9e/x8F5xyUWy9e.glb,7,0,20,AMBIGUOUS,0,1,0,1,0,0,-6.918930530548096,2.1366446018218994,-9.055575132369995,0.5,0.0625,1.1660938184087728,0.0,1.5005824018266583,0.0,16,0.4666666666666667,0.6404436077261181,1.4168494939804077,1,0,1
val_unseen,val_unseen,1052,data/scene_datasets/mp3d/x8F5xyUWy9e/x8F5xyUWy9e.glb,7,0,21,AMBIGUOUS,0,1,0,1,0,0,-7.287035942077637,2.1366446018218994,-9.423680543899536,0.625,0.0625,2.9238176734661936,0.0,3.0005824018266587,0.0,16,0.4666666666666667,0.6404436077261181,1.4168494939804077,1,0,1
val_unseen,val_unseen,1052,data/scene_datasets/mp3d/x8F5xyUWy9e/x8F5xyUWy9e.glb,7,0,22,AMBIGUOUS,0,1,0,1,1,0,0.7197951078414917,2.1366446018218994,-1.4168494939804077,0.125,0.0625,2.0,0.0,2.0,0.0,16,0.4666666666666667,0.6404436077261181,1.4168494939804077,0,0,1
val_unseen,val_unseen,1052,data/scene_datasets/mp3d/x8F5xyUWy9e/x8F5xyUWy9e.glb,7,0,23,AMBIGUOUS,0,1,0,1,1,0,-1.0593397617340088,2.1366446018218994,-3.195984363555908,0.1875,0.0625,1.1154948004782248,0.0,1.1154948004782248,0.0,16,0.4666666666666667,0.6404436077261181,1.4168494939804077,0,0,0
val_unseen,val_unseen,603,data/scene_datasets/mp3d/X7HyMhZNoso/X7HyMhZNoso.glb,6,19,0,AMBIGUOUS,0,1,1,0,0,1,0.7035707831382751,2.436852216720581,-1.733281433582306,0.23076923076923078,0.07692307692307693,0.0,0.75,0.0,0.75,13,0.4,0.935341691745913,0.2910349369049072,1,0,0
val_unseen,val_unseen,603,data/scene_datasets/mp3d/X7HyMhZNoso/X7HyMhZNoso.glb,6,19,8,AMBIGUOUS,0,1,0,0,0,1,-8.170909881591797,2.436852216720581,-10.607762098312378,1.0,0.07692307692307693,5.048935304812175,0.75,7.308590616577735,0.75,13,0.4,0.935341691745913,0.2910349369049072,1,0,1
val_unseen,val_unseen,603,data/scene_datasets/mp3d/X7HyMhZNoso/X7HyMhZNoso.glb,6,19,9,AMBIGUOUS,0,1,0,0,0,1,-8.089946746826172,2.436852216720581,-10.526798963546753,0.9230769230769231,0.07692307692307693,4.270079418965872,0.75,7.749997655986499,0.75,13,0.4,0.935341691745913,0.2910349369049072,1,0,1
val_unseen,val_unseen,603,data/scene_datasets/mp3d/X7HyMhZNoso/X7HyMhZNoso.glb,6,19,10,AMBIGUOUS,0,1,0,0,0,1,-7.759772300720215,2.436852216720581,-10.196624517440796,0.8461538461538461,0.07692307692307693,3.7504825933717814,0.75,6.249998415438057,0.75,13,0.4,0.935341691745913,0.2910349369049072,1,0,1
val_unseen,val_unseen,603,data/scene_datasets/mp3d/X7HyMhZNoso/X7HyMhZNoso.glb,6,19,11,AMBIGUOUS,0,1,0,0,0,1,-7.322615623474121,2.436852216720581,-9.759467840194702,0.6153846153846154,0.07692307692307693,3.0149060920804613,0.75,4.982574349333268,0.75,13,0.4,0.935341691745913,0.2910349369049072,1,0,1
val_unseen,val_unseen,603,data/scene_datasets/mp3d/X7HyMhZNoso/X7HyMhZNoso.glb,6,19,12,AMBIGUOUS,0,1,0,0,0,1,-7.605329990386963,2.436852216720581,-10.042182207107544,0.6923076923076923,0.07692307692307693,2.7060272566575776,0.75,3.0000000839626386,0.75,13,0.4,0.935341691745913,0.2910349369049072,1,0,1
val_unseen,val_unseen,603,data/scene_datasets/mp3d/X7HyMhZNoso/X7HyMhZNoso.glb,6,19,13,AMBIGUOUS,0,1,0,0,0,1,-7.704415321350098,2.436852216720581,-10.141267538070679,0.7692307692307693,0.07692307692307693,3.2603803009265366,0.75,3.5000000839626386,0.75,13,0.4,0.935341691745913,0.2910349369049072,1,0,1
val_unseen,val_unseen,603,data/scene_datasets/mp3d/X7HyMhZNoso/X7HyMhZNoso.glb,6,19,14,AMBIGUOUS,0,1,0,0,0,1,-6.2784600257873535,2.436852216720581,-8.715312242507935,0.46153846153846156,0.07692307692307693,4.063103051775993,0.75,4.500000083962639,0.75,13,0.4,0.935341691745913,0.2910349369049072,1,0,1
val_unseen,val_unseen,603,data/scene_datasets/mp3d/X7HyMhZNoso/X7HyMhZNoso.glb,6,19,15,AMBIGUOUS,0,1,0,0,1,1,-5.524549961090088,2.436852216720581,-7.961402177810669,0.38461538461538464,0.07692307692307693,1.7959067749949527,0.75,1.7959067749949527,0.75,13,0.4,0.935341691745913,0.2910349369049072,0,0,1
val_unseen,val_unseen,603,data/scene_datasets/mp3d/X7HyMhZNoso/X7HyMhZNoso.glb,6,19,16,KEEP,0,1,0,0,1,1,-4.322393417358398,2.436852216720581,-6.7592456340789795,0.3076923076923077,0.07692307692307693,0.9999999999999999,0.75,0.9999999999999999,0.75,13,0.4,0.935341691745913,0.2910349369049072,0,0,0
val_unseen,val_unseen,603,data/scene_datasets/mp3d/X7HyMhZNoso/X7HyMhZNoso.glb,6,19,17,AMBIGUOUS,0,1,0,0,1,1,-6.9905805587768555,2.436852216720581,-9.427432775497437,0.5384615384615384,0.07692307692307693,1.25,0.75,1.25,0.75,13,0.4,0.935341691745913,0.2910349369049072,0,0,1
val_unseen,val_unseen,603,data/scene_datasets/mp3d/X7HyMhZNoso/X7HyMhZNoso.glb,6,19,18,AMBIGUOUS,0,1,0,0,1,1,2.145817279815674,2.436852216720581,-0.2910349369049072,0.15384615384615385,0.07692307692307693,1.25,0.75,1.25,0.75,13,0.4,0.935341691745913,0.2910349369049072,0,0,1
val_unseen,val_unseen,603,data/scene_datasets/mp3d/X7HyMhZNoso/X7HyMhZNoso.glb,7,0,9,AMBIGUOUS,0,1,0,1,0,0,-8.174660682678223,1.2708383798599243,-9.445499062538147,1.0,0.07692307692307693,5.003712925526641,0.0,8.007479386814275,0.0,13,0.4666666666666667,0.9068148010192838,0.3702601194381714,1,0,1
val_unseen,val_unseen,603,data/scene_datasets/mp3d/X7HyMhZNoso/X7HyMhZNoso.glb,7,0,10,AMBIGUOUS,0,1,0,1,0,0,-8.070579528808594,1.2708383798599243,-9.341417908668518,0.9230769230769231,0.07692307692307693,4.237910965700585,0.0,8.448886426223039,0.0,13,0.4666666666666667,0.9068148010192838,0.3702601194381714,1,0,1
val_unseen,val_unseen,603,data/scene_datasets/mp3d/X7HyMhZNoso/X7HyMhZNoso.glb,7,0,11,AMBIGUOUS,0,1,0,1,0,0,-7.742700576782227,1.2708383798599243,-9.01353895664215,0.8461538461538461,0.07692307692307693,3.9419296720029178,0.0,6.948887185674597,0.0,13,0.4666666666666667,0.9068148010192838,0.3702601194381714,1,0,1
val_unseen,val_unseen,603,data/scene_datasets/mp3d/X7HyMhZNoso/X7HyMhZNoso.glb,7,0,12,KEEP,0,1,0,1,0,0,-6.6583404541015625,1.2708383798599243,-7.929178833961487,0.7692307692307693,0.07692307692307693,3.421149751738453,0.0,5.681463119569807,0.0,13,0.4666666666666667,0.9068148010192838,0.3702601194381714,1,0,0
val_unseen,val_unseen,603,data/scene_datasets/mp3d/X7HyMhZNoso/X7HyMhZNoso.glb,7,0,13,AMBIGUOUS,0,1,0,1,0,0,-5.757557392120361,1.2708383798599243,-7.028395771980286,0.5384615384615384,0.07692307692307693,3.394155444470095,0.0,3.6988888541991787,0.0,13,0.4666666666666667,0.9068148010192838,0.3702601194381714,1,0,1
val_unseen,val_unseen,603,data/scene_datasets/mp3d/X7HyMhZNoso/X7HyMhZNoso.glb,7,0,14,AMBIGUOUS,0,1,0,1,0,0,-5.858428955078125,1.2708383798599243,-7.129267334938049,0.6153846153846154,0.07692307692307693,3.9535148026341242,0.0,4.198888854199179,0.0,13,0.4666666666666667,0.9068148010192838,0.3702601194381714,1,0,1
val_unseen,val_unseen,603,data/scene_datasets/mp3d/X7HyMhZNoso/X7HyMhZNoso.glb,7,0,15,AMBIGUOUS,0,1,0,1,0,0,-3.9994847774505615,1.2708383798599243,-5.270323157310486,0.3076923076923077,0.07692307692307693,4.43131744478119,0.0,5.198888854199179,0.0,13,0.4666666666666667,0.9068148010192838,0.3702601194381714,1,0,1
val_unseen,val_unseen,603,data/scene_datasets/mp3d/X7HyMhZNoso/X7HyMhZNoso.glb,7,0,16,AMBIGUOUS,0,1,0,1,1,0,-4.601118564605713,1.2708383798599243,-5.871956944465637,0.46153846153846156,0.07692307692307693,2.2431306944647287,0.0,2.534695530202366,0.0,13,0.4666666666666667,0.9068148010192838,0.3702601194381714,0,0,1
val_unseen,val_unseen,603,data/scene_datasets/mp3d/X7HyMhZNoso/X7HyMhZNoso.glb,7,0,17,AMBIGUOUS,0,1,0,1,1,0,-4.134666919708252,1.2708383798599243,-5.405505299568176,0.38461538461538464,0.07692307692307693,1.4153822822493343,0.0,1.8783889983478055,0.0,13,0.4666666666666667,0.9068148010192838,0.3702601194381714,0,0,1
val_unseen,val_unseen,603,data/scene_datasets/mp3d/X7HyMhZNoso/X7HyMhZNoso.glb,7,0,18,AMBIGUOUS,0,1,0,1,0,0,-6.069070816040039,1.2708383798599243,-7.339909195899963,0.6923076923076923,0.07692307692307693,1.9228903416940586,0.0,2.00000016932097,0.0,13,0.4666666666666667,0.9068148010192838,0.3702601194381714,1,0,1
val_unseen,val_unseen,603,data/scene_datasets/mp3d/X7HyMhZNoso/X7HyMhZNoso.glb,7,0,19,AMBIGUOUS,0,1,0,1,0,0,-1.0618360042572021,1.2708383798599243,-2.3326743841171265,0.23076923076923078,0.07692307692307693,0.5394189792302367,0.0,2.00000016932097,0.0,13,0.4666666666666667,0.9068148010192838,0.3702601194381714,1,0,1
val_unseen,val_unseen,603,data/scene_datasets/mp3d/X7HyMhZNoso/X7HyMhZNoso.glb,7,0,20,AMBIGUOUS,0,1,0,1,1,0,0.9005782604217529,1.2708383798599243,-0.3702601194381714,0.15384615384615385,0.07692307692307693,1.1154948004782248,0.0,1.1154948004782248,0.0,13,0.4666666666666667,0.9068148010192838,0.3702601194381714,0,0,1
val_unseen,val_unseen,73,data/scene_datasets/mp3d/zsNo4HB9uLZ/zsNo4HB9uLZ.glb,13,35,0,AMBIGUOUS,0,1,1,0,0,1,-0.17424622178077698,1.6926630735397339,-1.8669092953205109,0.09090909090909091,0.045454545454545456,5.6238732595808125,0.991444864788337,6.181854042329623,0.991444864788337,22,0.8666666666666667,0.6251786037981955,1.8669092953205109,1,0,1
val_unseen,val_unseen,73,data/scene_datasets/mp3d/zsNo4HB9uLZ/zsNo4HB9uLZ.glb,13,35,15,AMBIGUOUS,0,1,0,0,0,1,-7.857473373413086,1.6926630735397339,-9.55013644695282,0.8181818181818182,0.045454545454545456,10.880457376538438,0.991444864788337,16.91582257069736,0.991444864788337,22,0.8666666666666667,0.6251786037981955,1.8669092953205109,1,0,1
val_unseen,val_unseen,73,data/scene_datasets/mp3d/zsNo4HB9uLZ/zsNo4HB9uLZ.glb,13,35,16,AMBIGUOUS,0,1,0,0,0,1,-8.143902778625488,1.6926630735397339,-9.836565852165222,1.0,0.045454545454545456,7.953494430492796,0.991444864788337,16.41582257069736,0.991444864788337,22,0.8666666666666667,0.6251786037981955,1.8669092953205109,1,0,1
val_unseen,val_unseen,73,data/scene_datasets/mp3d/zsNo4HB9uLZ/zsNo4HB9uLZ.glb,13,35,17,AMBIGUOUS,0,1,0,0,0,1,-5.704300880432129,1.6926630735397339,-7.396963953971863,0.4090909090909091,0.045454545454545456,9.5665608245899,0.991444864788337,15.915822570697362,0.991444864788337,22,0.8666666666666667,0.6251786037981955,1.8669092953205109,1,0,1
val_unseen,val_unseen,73,data/scene_datasets/mp3d/zsNo4HB9uLZ/zsNo4HB9uLZ.glb,13,35,18,AMBIGUOUS,0,1,0,0,0,1,-7.281940460205078,1.6926630735397339,-8.974603533744812,0.6818181818181818,0.045454545454545456,11.925443222174227,0.991444864788337,16.91582257069736,0.991444864788337,22,0.8666666666666667,0.6251786037981955,1.8669092953205109,1,0,1
val_unseen,val_unseen,73,data/scene_datasets/mp3d/zsNo4HB9uLZ/zsNo4HB9uLZ.glb,13,35,19,AMBIGUOUS,0,1,0,0,0,1,-7.904909610748291,1.6926630735397339,-9.597572684288025,0.8636363636363636,0.045454545454545456,11.204211025110576,0.991444864788337,14.665822155035865,0.991444864788337,22,0.8666666666666667,0.6251786037981955,1.8669092953205109,1,0,1
val_unseen,val_unseen,73,data/scene_datasets/mp3d/zsNo4HB9uLZ/zsNo4HB9uLZ.glb,13,35,20,AMBIGUOUS,0,1,0,0,0,1,-7.032596111297607,1.6926630735397339,-8.725259184837341,0.6363636363636364,0.045454545454545456,12.260729350868445,0.991444864788337,14.665822155035865,0.991444864788337,22,0.8666666666666667,0.6251786037981955,1.8669092953205109,1,0,1
val_unseen,val_unseen,73,data/scene_datasets/mp3d/zsNo4HB9uLZ/zsNo4HB9uLZ.glb,13,35,21,AMBIGUOUS,0,1,0,0,0,1,-8.12925910949707,1.6926630735397339,-9.821922183036804,0.9545454545454546,0.045454545454545456,9.370709142322866,0.991444864788337,11.415817953800234,0.991444864788337,22,0.8666666666666667,0.6251786037981955,1.8669092953205109,1,0,1
val_unseen,val_unseen,73,data/scene_datasets/mp3d/zsNo4HB9uLZ/zsNo4HB9uLZ.glb,13,35,22,AMBIGUOUS,0,1,0,0,0,1,-8.061936378479004,1.6926630735397339,-9.754599452018738,0.9090909090909091,0.045454545454545456,8.080444622177653,0.991444864788337,10.165816337940376,0.991444864788337,22,0.8666666666666667,0.6251786037981955,1.8669092953205109,1,0,1
val_unseen,val_unseen,73,data/scene_datasets/mp3d/zsNo4HB9uLZ/zsNo4HB9uLZ.glb,13,35,23,AMBIGUOUS,0,1,0,0,0,1,-6.24318790435791,1.6926630735397339,-7.935850977897644,0.5,0.045454545454545456,5.2059440626055355,0.991444864788337,6.849805924490976,0.991444864788337,22,0.8666666666666667,0.6251786037981955,1.8669092953205109,1,0,1
val_unseen,val_unseen,73,data/scene_datasets/mp3d/zsNo4HB9uLZ/zsNo4HB9uLZ.glb,13,35,24,AMBIGUOUS,0,1,0,0,0,1,-4.466925144195557,1.6926630735397339,-6.1595882177352905,0.22727272727272727,0.045454545454545456,4.7650678972649665,0.991444864788337,5.075141881892742,0.991444864788337,22,0.8666666666666667,0.6251786037981955,1.8669092953205109,1,0,1
val_unseen,val_unseen,73,data/scene_datasets/mp3d/zsNo4HB9uLZ/zsNo4HB9uLZ.glb,13,35,25,AMBIGUOUS,0,1,0,0,0,1,-6.084011554718018,1.6926630735397339,-7.7766746282577515,0.45454545454545453,0.045454545454545456,4.335508218170002,0.991444864788337,9.431853247112118,0.991444864788337,22,0.8666666666666667,0.6251786037981955,1.8669092953205109,1,0,1
val_unseen,val_unseen,73,data/scene_datasets/mp3d/zsNo4HB9uLZ/zsNo4HB9uLZ.glb,13,35,26,AMBIGUOUS,0,1,0,0,0,1,-7.607412338256836,1.6926630735397339,-9.30007541179657,0.7727272727272727,0.045454545454545456,6.896004336572409,0.991444864788337,8.681853247112118,0.991444864788337,22,0.8666666666666667,0.6251786037981955,1.8669092953205109,1,0,1
val_unseen,val_unseen,73,data/scene_datasets/mp3d/zsNo4HB9uLZ/zsNo4HB9uLZ.glb,13,35,27,AMBIGUOUS,0,1,0,0,0,1,-6.992656707763672,1.6926630735397339,-8.685319781303406,0.5909090909090909,0.045454545454545456,6.953498127944808,0.991444864788337,7.522852576472356,0.991444864788337,22,0.8666666666666667,0.6251786037981955,1.8669092953205109,1,0,1
val_unseen,val_unseen,73,data/scene_datasets/mp3d/zsNo4HB9uLZ/zsNo4HB9uLZ.glb,13,35,28,AMBIGUOUS,0,1,0,0,0,1,-7.488440990447998,1.6926630735397339,-9.181104063987732,0.7272727272727273,0.045454545454545456,6.614857594656543,0.991444864788337,7.181854042329623,0.991444864788337,22,0.8666666666666667,0.6251786037981955,1.8669092953205109,1,0,1
val_unseen,val_unseen,73,data/scene_datasets/mp3d/zsNo4HB9uLZ/zsNo4HB9uLZ.glb,13,35,29,AMBIGUOUS,0,1,0,0,0,1,-6.338409423828125,1.6926630735397339,-8.031072497367859,0.5454545454545454,0.045454545454545456,5.141410785713249,0.991444864788337,5.681852399718409,0.991444864788337,22,0.8666666666666667,0.6251786037981955,1.8669092953205109,1,0,1
val_unseen,val_unseen,73,data/scene_datasets/mp3d/zsNo4HB9uLZ/zsNo4HB9uLZ.glb,13,35,30,AMBIGUOUS,0,1,0,0,0,1,-3.5934059619903564,1.6926630735397339,-5.28606903553009,0.18181818181818182,0.045454545454545456,4.057668757912837,0.991444864788337,6.688817682109759,0.991444864788337,22,0.8666666666666667,0.6251786037981955,1.8669092953205109,1,0,1
val_unseen,val_unseen,73,data/scene_datasets/mp3d/zsNo4HB9uLZ/zsNo4HB9uLZ.glb,13,35,31,AMBIGUOUS,0,1,0,0,0,1,-5.260085105895996,1.6926630735397339,-6.95274817943573,0.3181818181818182,0.045454545454545456,2.649316917861129,0.991444864788337,3.5000005831007366,0.991444864788337,22,0.8666666666666667,0.6251786037981955,1.8669092953205109,1,0,1
val_unseen,val_unseen,73,data/scene_datasets/mp3d/zsNo4HB9uLZ/zsNo4HB9uLZ.glb,13,35,32,AMBIGUOUS,0,1,0,0,1,1,-5.013661861419678,1.6926630735397339,-6.706324934959412,0.2727272727272727,0.045454545454545456,1.6866658009100894,0.991444864788337,2.5249698768312556,0.991444864788337,22,0.8666666666666667,0.6251786037981955,1.8669092953205109,0,0,1
val_unseen,val_unseen,73,data/scene_datasets/mp3d/zsNo4HB9uLZ/zsNo4HB9uLZ.glb,13,35,33,AMBIGUOUS,0,1,0,0,0,1,-5.703245639801025,1.6926630735397339,-7.395908713340759,0.36363636363636365,0.045454545454545456,2.246954825072677,0.991444864788337,2.250000277073551,0.991444864788337,22,0.8666666666666667,0.6251786037981955,1.8669092953205109,1,0,1
val_unseen,val_unseen,73,data/scene_datasets/mp3d/zsNo4HB9uLZ/zsNo4HB9uLZ.glb,13,35,34,KEEP,0,1,0,0,1,1,-1.2867461442947388,1.6926630735397339,-2.9794092178344727,0.13636363636363635,0.045454545454545456,1.9999999999999996,0.991444864788337,1.9999999999999996,0.991444864788337,22,0.8666666666666667,0.6251786037981955,1.8669092953205109,0,0,0
val_unseen,val_unseen,442,data/scene_datasets/mp3d/EU6Fwq7SyZv/EU6Fwq7SyZv.glb,11,37,0,INTERVENE,0,1,1,0,0,1,-0.03985941410064697,0.6275473833084106,-0.6674067974090576,0.07142857142857142,0.03571428571428571,0.0,1.1113214763674504,0.0,1.1113214763674504,28,0.7333333333333333,1.225675246585907,0.6674067974090576,1,0,0
val_unseen,val_unseen,442,data/scene_datasets/mp3d/EU6Fwq7SyZv/EU6Fwq7SyZv.glb,11,37,13,AMBIGUOUS,0,1,0,0,0,1,-8.333510398864746,0.6275473833084106,-8.961057782173157,1.0,0.03571428571428571,14.4787259292449,1.1113214763674504,19.010428756858644,1.1113214763674504,28,0.7333333333333333,1.225675246585907,0.6674067974090576,1,0,0
val_unseen,val_unseen,442,data/scene_datasets/mp3d/EU6Fwq7SyZv/EU6Fwq7SyZv.glb,11,37,14,KEEP,0,1,0,0,0,1,-8.331185340881348,0.6275473833084106,-8.958732724189758,0.9642857142857143,0.03571428571428571,13.931471286588229,1.1113214763674504,18.760428756858644,1.1113214763674504,28,0.7333333333333333,1.225675246585907,0.6674067974090576,1,0,0
val_unseen,val_unseen,442,data/scene_datasets/mp3d/EU6Fwq7SyZv/EU6Fwq7SyZv.glb,11,37,15,KEEP,0,1,0,0,0,1,-8.282914161682129,0.6275473833084106,-8.91046154499054,0.9285714285714286,0.03571428571428571,13.402160078144666,1.1113214763674504,18.760428756858644,1.1113214763674504,28,0.7333333333333333,1.225675246585907,0.6674067974090576,1,0,0
val_unseen,val_unseen,442,data/scene_datasets/mp3d/EU6Fwq7SyZv/EU6Fwq7SyZv.glb,11,37,16,AMBIGUOUS,0,1,0,0,0,1,-8.279083251953125,0.6275473833084106,-8.906630635261536,0.8928571428571429,0.03571428571428571,13.061343475713787,1.1113214763674504,16.135429074178994,1.1113214763674504,28,0.7333333333333333,1.225675246585907,0.6674067974090576,1,0,0
val_unseen,val_unseen,442,data/scene_datasets/mp3d/EU6Fwq7SyZv/EU6Fwq7SyZv.glb,11,37,17,AMBIGUOUS,0,1,0,0,0,1,-8.198747634887695,0.6275473833084106,-8.826295018196106,0.8571428571428571,0.03571428571428571,13.267020896210331,1.1113214763674504,15.760429094470505,1.1113214763674504,28,0.7333333333333333,1.225675246585907,0.6674067974090576,1,0,0
val_unseen,val_unseen,442,data/scene_datasets/mp3d/EU6Fwq7SyZv/EU6Fwq7SyZv.glb,11,37,18,AMBIGUOUS,0,1,0,0,0,1,-8.135650634765625,0.6275473833084106,-8.763198018074036,0.8214285714285714,0.03571428571428571,12.318640634446576,1.1113214763674504,16.010428810510724,1.1113214763674504,28,0.7333333333333333,1.225675246585907,0.6674067974090576,1,0,0
val_unseen,val_unseen,442,data/scene_datasets/mp3d/EU6Fwq7SyZv/EU6Fwq7SyZv.glb,11,37,19,AMBIGUOUS,0,1,0,0,0,1,-7.871218681335449,0.6275473833084106,-8.49876606464386,0.75,0.03571428571428571,11.618620942476698,1.1113214763674504,13.260428908974518,1.1113214763674504,28,0.7333333333333333,1.225675246585907,0.6674067974090576,1,0,0
val_unseen,val_unseen,442,data/scene_datasets/mp3d/EU6Fwq7SyZv/EU6Fwq7SyZv.glb,11,37,20,KEEP,0,1,0,0,0,1,-6.523025989532471,0.6275473833084106,-7.150573372840881,0.6785714285714286,0.03571428571428571,9.99313815065112,1.1113214763674504,12.874877391409115,1.1113214763674504,28,0.7333333333333333,1.225675246585907,0.6674067974090576,1,0,0
val_unseen,val_unseen,442,data/scene_datasets/mp3d/EU6Fwq7SyZv/EU6Fwq7SyZv.glb,11,37,21,AMBIGUOUS,0,1,0,0,0,1,-5.954769611358643,0.6275473833084106,-6.582316994667053,0.5714285714285714,0.03571428571428571,6.531475454285262,1.1113214763674504,10.62190958836541,1.1113214763674504,28,0.7333333333333333,1.225675246585907,0.6674067974090576,1,0,0
val_unseen,val_unseen,442,data/scene_datasets/mp3d/EU6Fwq7SyZv/EU6Fwq7SyZv.glb,11,37,22,AMBIGUOUS,0,1,0,0,0,1,-4.692380428314209,0.6275473833084106,-5.31992781162262,0.42857142857142855,0.03571428571428571,8.083220483181586,1.1113214763674504,11.510428957225372,1.1113214763674504,28,0.7333333333333333,1.225675246585907,0.6674067974090576,1,0,0
val_unseen,val_unseen,442,data/scene_datasets/mp3d/EU6Fwq7SyZv/EU6Fwq7SyZv.glb,11,37,23,KEEP,0,1,0,0,0,1,-8.09213924407959,0.6275473833084106,-8.719686627388,0.7857142857142857,0.03571428571428571,10.907204675390627,1.1113214763674504,12.510428957225372,1.1113214763674504,28,0.7333333333333333,1.225675246585907,0.6674067974090576,1,0,0
val_unseen,val_unseen,442,data/scene_datasets/mp3d/EU6Fwq7SyZv/EU6Fwq7SyZv.glb,11,37,24,KEEP,0,1,0,0,0,1,-7.666275501251221,0.6275473833084106,-8.293822884559631,0.7142857142857143,0.03571428571428571,10.272106807276618,1.1113214763674504,12.510428957225372,1.1113214763674504,28,0.7333333333333333,1.225675246585907,0.6674067974090576,1,0,0
val_unseen,val_unseen,442,data/scene_datasets/mp3d/EU6Fwq7SyZv/EU6Fwq7SyZv.glb,11,37,25,AMBIGUOUS,0,1,0,0,0,1,-4.064583778381348,0.6275473833084106,-4.692131161689758,0.35714285714285715,0.03571428571428571,8.340011244271405,1.1113214763674504,9.508985367867421,1.1113214763674504,28,0.7333333333333333,1.225675246585907,0.6674067974090576,1,0,0
val_unseen,val_unseen,442,data/scene_datasets/mp3d/EU6Fwq7SyZv/EU6Fwq7SyZv.glb,11,37,26,AMBIGUOUS,0,1,0,0,0,1,-4.970979690551758,0.6275473833084106,-5.5985270738601685,0.4642857142857143,0.03571428571428571,8.74080855708742,1.1113214763674504,10.008985367867421,1.1113214763674504,28,0.7333333333333333,1.225675246585907,0.6674067974090576,1,0,0
val_unseen,val_unseen,442,data/scene_datasets/mp3d/EU6Fwq7SyZv/EU6Fwq7SyZv.glb,11,37,27,AMBIGUOUS,0,1,0,0,0,1,-5.200439453125,0.6275473833084106,-5.827986836433411,0.5,0.03571428571428571,6.37214371849627,1.1113214763674504,10.508985367867421,1.1113214763674504,28,0.7333333333333333,1.225675246585907,0.6674067974090576,1,0,0
val_unseen,val_unseen,442,data/scene_datasets/mp3d/EU6Fwq7SyZv/EU6Fwq7SyZv.glb,11,37,28,KEEP,0,1,0,0,0,1,-6.063810348510742,0.6275473833084106,-6.691357731819153,0.6071428571428571,0.03571428571428571,7.576805396643262,1.1113214763674504,8.257541802639365,1.1113214763674504,28,0.7333333333333333,1.225675246585907,0.6674067974090576,1,0,0
val_unseen,val_unseen,442,data/scene_datasets/mp3d/EU6Fwq7SyZv/EU6Fwq7SyZv.glb,11,37,29,KEEP,0,1,0,0,0,1,-6.065497875213623,0.6275473833084106,-6.693045258522034,0.6428571428571429,0.03571428571428571,7.165887936427078,1.1113214763674504,8.257541802639365,1.1113214763674504,28,0.7333333333333333,1.225675246585907,0.6674067974090576,1,0,0
val_unseen,val_unseen,442,data/scene_datasets/mp3d/EU6Fwq7SyZv/EU6Fwq7SyZv.glb,11,37,30,AMBIGUOUS,0,1,0,0,0,1,-5.478898048400879,0.6275473833084106,-6.1064454317092896,0.5357142857142857,0.03571428571428571,4.270479646941256,1.1113214763674504,8.757541802639365,1.1113214763674504,28,0.7333333333333333,1.225675246585907,0.6674067974090576,1,0,0
val_unseen,val_unseen,442,data/scene_datasets/mp3d/EU6Fwq7SyZv/EU6Fwq7SyZv.glb,11,37,31,KEEP,0,1,0,0,0,1,-4.612916946411133,0.6275473833084106,-5.2404643297195435,0.39285714285714285,0.03571428571428571,4.296484329880043,1.1113214763674504,5.5075425282962,1.1113214763674504,28,0.7333333333333333,1.225675246585907,0.6674067974090576,1,0,0
val_unseen,val_unseen,442,data/scene_datasets/mp3d/EU6Fwq7SyZv/EU6Fwq7SyZv.glb,11,37,32,AMBIGUOUS,0,1,0,0,0,1,-3.5497164726257324,0.6275473833084106,-4.177263855934143,0.2857142857142857,0.03571428571428571,4.164879073454591,1.1113214763674504,4.504398269765049,1.1113214763674504,28,0.7333333333333333,1.225675246585907,0.6674067974090576,1,0,0
val_unseen,val_unseen,442,data/scene_datasets/mp3d/EU6Fwq7SyZv/EU6Fwq7SyZv.glb,11,37,33,KEEP,0,1,0,0,0,1,-3.639392137527466,0.6275473833084106,-4.2669395208358765,0.32142857142857145,0.03571428571428571,4.584663622013079,1.1113214763674504,4.754398269765049,1.1113214763674504,28,0.7333333333333333,1.225675246585907,0.6674067974090576,1,0,0
val_unseen,val_unseen,442,data/scene_datasets/mp3d/EU6Fwq7SyZv/EU6Fwq7SyZv.glb,11,37,34,KEEP,0,1,0,0,0,1,-3.0848121643066406,0.6275473833084106,-3.7123595476150513,0.21428571428571427,0.03571428571428571,2.22777957604345,1.1113214763674504,2.404219135940811,1.1113214763674504,28,0.7333333333333333,1.225675246585907,0.6674067974090576,1,0,0
val_unseen,val_unseen,442,data/scene_datasets/mp3d/EU6Fwq7SyZv/EU6Fwq7SyZv.glb,11,37,35,KEEP,0,1,0,0,0,1,-2.974985361099243,0.6275473833084106,-3.602532744407654,0.17857142857142858,0.03571428571428571,2.074231665885839,1.1113214763674504,3.2543982697650478,1.1113214763674504,28,0.7333333333333333,1.225675246585907,0.6674067974090576,1,0,0
val_unseen,val_unseen,442,data/scene_datasets/mp3d/EU6Fwq7SyZv/EU6Fwq7SyZv.glb,11,37,36,KEEP,0,1,0,0,0,1,-3.297028064727783,0.6275473833084106,-3.924575448036194,0.25,0.03571428571428571,3.099610123055614,1.1113214763674504,3.2499997610066886,1.1113214763674504,28,0.7333333333333333,1.225675246585907,0.6674067974090576,1,0,0
val_unseen,val_unseen,442,data/scene_datasets/mp3d/EU6Fwq7SyZv/EU6Fwq7SyZv.glb,11,37,38,KEEP,0,1,0,0,1,1,-2.84618878364563,0.6275473833084106,-3.4737361669540405,0.14285714285714285,0.03571428571428571,2.25,1.1113214763674504,2.25,1.1113214763674504,28,0.7333333333333333,1.225675246585907,0.6674067974090576,0,0,0
val_unseen,val_unseen,442,data/scene_datasets/mp3d/EU6Fwq7SyZv/EU6Fwq7SyZv.glb,11,37,39,AMBIGUOUS,0,1,0,0,1,1,-2.4563565254211426,0.6275473833084106,-3.0839039087295532,0.10714285714285714,0.03571428571428571,1.25,1.1113214763674504,1.25,1.1113214763674504,28,0.7333333333333333,1.225675246585907,0.6674067974090576,0,0,0
val_unseen,val_unseen,442,data/scene_datasets/mp3d/EU6Fwq7SyZv/EU6Fwq7SyZv.glb,12,0,14,KEEP,0,1,0,1,0,0,-8.305343627929688,-0.19681018590927124,-8.108533442020416,1.0,0.03333333333333333,15.449434286458223,0.0,20.010428441402176,0.0,30,0.8,1.789710856949806,0.683676540851593,1,0,0
val_unseen,val_unseen,442,data/scene_datasets/mp3d/EU6Fwq7SyZv/EU6Fwq7SyZv.glb,12,0,15,KEEP,0,1,0,1,0,0,-8.301511764526367,-0.19681018590927124,-8.104701578617096,0.9666666666666667,0.03333333333333333,14.901610021421975,0.0,19.760428441402176,0.0,30,0.8,1.789710856949806,0.683676540851593,1,0,0
val_unseen,val_unseen,442,data/scene_datasets/mp3d/EU6Fwq7SyZv/EU6Fwq7SyZv.glb,12,0,16,AMBIGUOUS,0,1,0,1,0,0,-8.227381706237793,-0.19681018590927124,-8.030571520328522,0.9,0.03333333333333333,14.369931915418272,0.0,19.760428441402176,0.0,30,0.8,1.789710856949806,0.683676540851593,1,0,0
val_unseen,val_unseen,442,data/scene_datasets/mp3d/EU6Fwq7SyZv/EU6Fwq7SyZv.glb,12,0,17,KEEP,0,1,0,1,0,0,-8.230363845825195,-0.19681018590927124,-8.033553659915924,0.9333333333333333,0.03333333333333333,14.059095871490587,0.0,17.135428758722526,0.0,30,0.8,1.789710856949806,0.683676540851593,1,0,0
val_unseen,val_unseen,442,data/scene_datasets/mp3d/EU6Fwq7SyZv/EU6Fwq7SyZv.glb,12,0,18,KEEP,0,1,0,1,0,0,-8.142131805419922,-0.19681018590927124,-7.945321619510651,0.8666666666666667,0.03333333333333333,14.266742398509441,0.0,16.760428779014035,0.0,30,0.8,1.789710856949806,0.683676540851593,1,0,0
val_unseen,val_unseen,442,data/scene_datasets/mp3d/EU6Fwq7SyZv/EU6Fwq7SyZv.glb,12,0,19,AMBIGUOUS,0,1,0,1,0,0,-8.08584213256836,-0.19681018590927124,-7.889031946659088,0.8333333333333334,0.03333333333333333,13.314537191794198,0.0,17.010428495054256,0.0,30,0.8,1.789710856949806,0.683676540851593,1,0,0
val_unseen,val_unseen,442,data/scene_datasets/mp3d/EU6Fwq7SyZv/EU6Fwq7SyZv.glb,12,0,20,AMBIGUOUS,0,1,0,1,0,0,-7.864123821258545,-0.19681018590927124,-7.667313635349274,0.7666666666666667,0.03333333333333333,12.604789083731234,0.0,14.26042859351805,0.0,30,0.8,1.789710856949806,0.683676540851593,1,0,0
val_unseen,val_unseen,442,data/scene_datasets/mp3d/EU6Fwq7SyZv/EU6Fwq7SyZv.glb,12,0,21,AMBIGUOUS,0,1,0,1,0,0,-6.728775978088379,-0.19681018590927124,-6.531965792179108,0.7,0.03333333333333333,10.990905489343945,0.0,13.874877075952647,0.0,30,0.8,1.789710856949806,0.683676540851593,1,0,0
val_unseen,val_unseen,442,data/scene_datasets/mp3d/EU6Fwq7SyZv/EU6Fwq7SyZv.glb,12,0,22,AMBIGUOUS,0,1,0,1,0,0,-6.286819934844971,-0.19681018590927124,-6.0900097489356995,0.6666666666666666,0.03333333333333333,7.513841355361062,0.0,11.621909272908942,0.0,30,0.8,1.789710856949806,0.683676540851593,1,0,0
val_unseen,val_unseen,442,data/scene_datasets/mp3d/EU6Fwq7SyZv/EU6Fwq7SyZv.glb,12,0,23,KEEP,0,1,0,1,0,0,-5.019720554351807,-0.19681018590927124,-4.822910368442535,0.43333333333333335,0.03333333333333333,9.067418528195514,0.0,12.510428641768904,0.0,30,0.8,1.789710856949806,0.683676540851593,1,0,0
val_unseen,val_unseen,442,data/scene_datasets/mp3d/EU6Fwq7SyZv/EU6Fwq7SyZv.glb,12,0,24,KEEP,0,1,0,1,0,0,-8.073957443237305,-0.19681018590927124,-7.8771472573280334,0.8,0.03333333333333333,11.896954725342905,0.0,13.510428641768904,0.0,30,0.8,1.789710856949806,0.683676540851593,1,0,0
val_unseen,val_unseen,442,data/scene_datasets/mp3d/EU6Fwq7SyZv/EU6Fwq7SyZv.glb,12,0,25,AMBIGUOUS,0,1,0,1,0,0,-7.607691764831543,-0.19681018590927124,-7.410881578922272,0.7333333333333333,0.03333333333333333,11.271704413696433,0.0,13.510428641768904,0.0,30,0.8,1.789710856949806,0.683676540851593,1,0,0
val_unseen,val_unseen,442,data/scene_datasets/mp3d/EU6Fwq7SyZv/EU6Fwq7SyZv.glb,12,0,26,AMBIGUOUS,0,1,0,1,0,0,-5.094834804534912,-0.19681018590927124,-4.898024618625641,0.4666666666666667,0.03333333333333333,9.243864484621097,0.0,10.508985052410953,0.0,30,0.8,1.789710856949806,0.683676540851593,1,0,0
val_unseen,val_unseen,442,data/scene_datasets/mp3d/EU6Fwq7SyZv/EU6Fwq7SyZv.glb,12,0,27,KEEP,0,1,0,1,0,0,-5.1914873123168945,-0.19681018590927124,-4.994677126407623,0.5,0.03333333333333333,9.726687537220926,0.0,11.008985052410953,0.0,30,0.8,1.789710856949806,0.683676540851593,1,0,0
val_unseen,val_unseen,442,data/scene_datasets/mp3d/EU6Fwq7SyZv/EU6Fwq7SyZv.glb,12,0,28,KEEP,0,1,0,1,0,0,-5.681332111358643,-0.19681018590927124,-5.484521925449371,0.5666666666666667,0.03333333333333333,7.331228150041221,0.0,11.508985052410953,0.0,30,0.8,1.789710856949806,0.683676540851593,1,0,0
val_unseen,val_unseen,442,data/scene_datasets/mp3d/EU6Fwq7SyZv/EU6Fwq7SyZv.glb,12,0,29,KEEP,0,1,0,1,0,0,-6.2672200202941895,-0.19681018590927124,-6.070409834384918,0.6333333333333333,0.03333333333333333,8.560495467795926,0.0,9.257541487182896,0.0,30,0.8,1.789710856949806,0.683676540851593,1,0,0
val_unseen,val_unseen,442,data/scene_datasets/mp3d/EU6Fwq7SyZv/EU6Fwq7SyZv.glb,12,0,30,KEEP,0,1,0,1,0,0,-6.2228217124938965,-0.19681018590927124,-6.026011526584625,0.6,0.03333333333333333,8.156894084387174,0.0,9.257541487182896,0.0,30,0.8,1.789710856949806,0.683676540851593,1,0,0
val_unseen,val_unseen,442,data/scene_datasets/mp3d/EU6Fwq7SyZv/EU6Fwq7SyZv.glb,12,0,31,AMBIGUOUS,0,1,0,1,0,0,-5.559331893920898,-0.19681018590927124,-5.362521708011627,0.5333333333333333,0.03333333333333333,5.251938166432164,0.0,9.757541487182896,0.0,30,0.8,1.789710856949806,0.683676540851593,1,0,0
val_unseen,val_unseen,442,data/scene_datasets/mp3d/EU6Fwq7SyZv/EU6Fwq7SyZv.glb,12,0,32,KEEP,0,1,0,1,0,0,-4.897205352783203,-0.19681018590927124,-4.700395166873932,0.4,0.03333333333333333,5.296482280001593,0.0,6.5075422128397316,0.0,30,0.8,1.789710856949806,0.683676540851593,1,0,0
val_unseen,val_unseen,442,data/scene_datasets/mp3d/EU6Fwq7SyZv/EU6Fwq7SyZv.glb,12,0,33,KEEP,0,1,0,1,0,0,-4.195242881774902,-0.19681018590927124,-3.998432695865631,0.36666666666666664,0.03333333333333333,5.077234496243597,0.0,5.504397954308581,0.0,30,0.8,1.789710856949806,0.683676540851593,1,0,0
val_unseen,val_unseen,442,data/scene_datasets/mp3d/EU6Fwq7SyZv/EU6Fwq7SyZv.glb,12,0,34,KEEP,0,1,0,1,0,0,-4.079051494598389,-0.19681018590927124,-3.8822413086891174,0.3333333333333333,0.03333333333333333,5.529423782220935,0.0,5.754397954308581,0.0,30,0.8,1.789710856949806,0.683676540851593,1,0,0
val_unseen,val_unseen,442,data/scene_datasets/mp3d/EU6Fwq7SyZv/EU6Fwq7SyZv.glb,12,0,35,AMBIGUOUS,0,1,0,1,0,0,-3.6557443141937256,-0.19681018590927124,-3.4589341282844543,0.26666666666666666,0.03333333333333333,3.1808211540613724,0.0,3.404218820484343,0.0,30,0.8,1.789710856949806,0.683676540851593,1,0,0
val_unseen,val_unseen,442,data/scene_datasets/mp3d/EU6Fwq7SyZv/EU6Fwq7SyZv.glb,12,0,36,KEEP,0,1,0,1,0,0,-3.180316209793091,-0.19681018590927124,-2.9835060238838196,0.2,0.03333333333333333,3.0659892330683176,0.0,4.25439795430858,0.0,30,0.8,1.789710856949806,0.683676540851593,1,0,0
val_unseen,val_unseen,442,data/scene_datasets/mp3d/EU6Fwq7SyZv/EU6Fwq7SyZv.glb,12,0,37,KEEP,0,1,0,1,0,0,-3.819732666015625,-0.19681018590927124,-3.6229224801063538,0.3,0.03333333333333333,4.042727825763806,0.0,4.249999445550221,0.0,30,0.8,1.789710856949806,0.683676540851593,1,0,0
val_unseen,val_unseen,442,data/scene_datasets/mp3d/EU6Fwq7SyZv/EU6Fwq7SyZv.glb,12,0,38,KEEP,0,1,0,1,0,0,-3.2172646522521973,-0.19681018590927124,-3.020454466342926,0.23333333333333334,0.03333333333333333,3.1895850658521128,0.0,3.249999684543532,0.0,30,0.8,1.789710856949806,0.683676540851593,1,0,0
val_unseen,val_unseen,442,data/scene_datasets/mp3d/EU6Fwq7SyZv/EU6Fwq7SyZv.glb,12,0,39,KEEP,0,1,0,1,0,0,-2.7364661693573,-0.19681018590927124,-2.5396559834480286,0.16666666666666666,0.03333333333333333,2.201445462467846,0.0,2.249999684543532,0.0,30,0.8,1.789710856949806,0.683676540851593,1,0,0
val_unseen,val_unseen,442,data/scene_datasets/mp3d/EU6Fwq7SyZv/EU6Fwq7SyZv.glb,12,0,40,KEEP,0,1,0,1,1,0,-1.1695019006729126,-0.19681018590927124,-0.9726917147636414,0.1,0.03333333333333333,1.2500000000000004,0.0,1.2500000000000004,0.0,30,0.8,1.789710856949806,0.683676540851593,0,0,0
val_unseen,val_unseen,442,data/scene_datasets/mp3d/EU6Fwq7SyZv/EU6Fwq7SyZv.glb,12,0,41,AMBIGUOUS,0,1,0,1,1,0,-1.6414600610733032,-0.19681018590927124,-1.444649875164032,0.13333333333333333,0.03333333333333333,1.9999999999999993,0.0,1.9999999999999993,0.0,30,0.8,1.789710856949806,0.683676540851593,0,0,0
val_unseen,val_unseen,442,data/scene_datasets/mp3d/EU6Fwq7SyZv/EU6Fwq7SyZv.glb,12,0,42,KEEP,0,1,0,1,1,0,-0.8804867267608643,-0.19681018590927124,-0.683676540851593,0.06666666666666667,0.03333333333333333,1.2500000000000002,0.0,1.2500000000000002,0.0,30,0.8,1.789710856949806,0.683676540851593,0,0,0
val_unseen,val_unseen,1305,data/scene_datasets/mp3d/EU6Fwq7SyZv/EU6Fwq7SyZv.glb,6,21,0,AMBIGUOUS,0,1,1,0,0,1,-0.43148329854011536,0.462396502494812,-0.8938798010349274,0.1875,0.0625,0.0,1.1113214197397894,0.0,1.1113214197397894,16,0.4,1.186620436074544,0.012446820735931396,1,0,0
val_unseen,val_unseen,1305,data/scene_datasets/mp3d/EU6Fwq7SyZv/EU6Fwq7SyZv.glb,6,21,8,AMBIGUOUS,0,1,0,0,0,1,-7.472380638122559,0.462396502494812,-7.934777140617371,0.9375,0.0625,8.059246932955066,1.1113214197397894,10.286857764514249,1.1113214197397894,16,0.4,1.186620436074544,0.012446820735931396,1,0,0
val_unseen,val_unseen,1305,data/scene_datasets/mp3d/EU6Fwq7SyZv/EU6Fwq7SyZv.glb,6,21,9,AMBIGUOUS,0,1,0,0,0,1,-7.13187837600708,0.462396502494812,-7.594274878501892,0.875,0.0625,5.1921129127399865,1.1113214197397894,10.539826084074269,1.1113214197397894,16,0.4,1.186620436074544,0.012446820735931396,1,0,0
val_unseen,val_unseen,1305,data/scene_datasets/mp3d/EU6Fwq7SyZv/EU6Fwq7SyZv.glb,6,21,10,AMBIGUOUS,0,1,0,0,0,1,-6.621586799621582,0.462396502494812,-7.083983302116394,0.8125,0.0625,3.6212535420711265,1.1113214197397894,8.378745155244419,1.1113214197397894,16,0.4,1.186620436074544,0.012446820735931396,1,0,0
val_unseen,val_unseen,1305,data/scene_datasets/mp3d/EU6Fwq7SyZv/EU6Fwq7SyZv.glb,6,21,11,AMBIGUOUS,0,1,0,0,0,1,-5.942120552062988,0.462396502494812,-6.4045170545578,0.75,0.0625,4.813334233310016,1.1113214197397894,8.42864516913634,1.1113214197397894,16,0.4,1.186620436074544,0.012446820735931396,1,0,0
val_unseen,val_unseen,1305,data/scene_datasets/mp3d/EU6Fwq7SyZv/EU6Fwq7SyZv.glb,6,21,12,AMBIGUOUS,0,1,0,0,0,1,-7.973777770996094,0.462396502494812,-8.436174273490906,1.0,0.0625,5.607659209850032,1.1113214197397894,7.755123719900481,1.1113214197397894,16,0.4,1.186620436074544,0.012446820735931396,1,0,0
val_unseen,val_unseen,1305,data/scene_datasets/mp3d/EU6Fwq7SyZv/EU6Fwq7SyZv.glb,6,21,13,AMBIGUOUS,0,1,0,0,0,1,-4.9450836181640625,0.462396502494812,-5.4074801206588745,0.625,0.0625,3.8963771985503897,1.1113214197397894,7.005123719900481,1.1113214197397894,16,0.4,1.186620436074544,0.012446820735931396,1,0,0
val_unseen,val_unseen,1305,data/scene_datasets/mp3d/EU6Fwq7SyZv/EU6Fwq7SyZv.glb,6,21,14,AMBIGUOUS,0,1,0,0,0,1,-5.427524089813232,0.462396502494812,-5.889920592308044,0.6875,0.0625,2.678931401919996,1.1113214197397894,7.474135918775083,1.1113214197397894,16,0.4,1.186620436074544,0.012446820735931396,1,0,0
val_unseen,val_unseen,1305,data/scene_datasets/mp3d/EU6Fwq7SyZv/EU6Fwq7SyZv.glb,6,21,15,AMBIGUOUS,0,1,0,0,0,1,-4.921152591705322,0.462396502494812,-5.383549094200134,0.5625,0.0625,3.2607719815839515,1.1113214197397894,6.755123719900481,1.1113214197397894,16,0.4,1.186620436074544,0.012446820735931396,1,0,0
val_unseen,val_unseen,1305,data/scene_datasets/mp3d/EU6Fwq7SyZv/EU6Fwq7SyZv.glb,6,21,16,AMBIGUOUS,0,1,0,0,0,1,-4.270073890686035,0.462396502494812,-4.732470393180847,0.4375,0.0625,3.445700630941615,1.1113214197397894,6.000000158259924,1.1113214197397894,16,0.4,1.186620436074544,0.012446820735931396,1,0,0
val_unseen,val_unseen,1305,data/scene_datasets/mp3d/EU6Fwq7SyZv/EU6Fwq7SyZv.glb,6,21,17,KEEP,0,1,0,0,0,1,-3.986804485321045,0.462396502494812,-4.449200987815857,0.25,0.0625,3.8103400032981822,1.1113214197397894,4.250000107380437,1.1113214197397894,16,0.4,1.186620436074544,0.012446820735931396,1,0,0
val_unseen,val_unseen,1305,data/scene_datasets/mp3d/EU6Fwq7SyZv/EU6Fwq7SyZv.glb,6,21,18,AMBIGUOUS,0,1,0,0,0,1,-4.273447036743164,0.462396502494812,-4.735843539237976,0.5,0.0625,3.3065026984181944,1.1113214197397894,3.7500001073804374,1.1113214197397894,16,0.4,1.186620436074544,0.012446820735931396,1,0,0
val_unseen,val_unseen,1305,data/scene_datasets/mp3d/EU6Fwq7SyZv/EU6Fwq7SyZv.glb,6,21,19,KEEP,0,1,0,0,1,1,-4.065921306610107,0.462396502494812,-4.528317809104919,0.375,0.0625,2.2125896805222593,1.1113214197397894,3.9133757818664945,1.1113214197397894,16,0.4,1.186620436074544,0.012446820735931396,0,0,0
val_unseen,val_unseen,1305,data/scene_datasets/mp3d/EU6Fwq7SyZv/EU6Fwq7SyZv.glb,6,21,20,KEEP,0,1,0,0,0,1,-4.037749290466309,0.462396502494812,-4.500145792961121,0.3125,0.0625,2.9869111556040147,1.1113214197397894,2.9871670683944913,1.1113214197397894,16,0.4,1.186620436074544,0.012446820735931396,1,0,0
val_unseen,val_unseen,1305,data/scene_datasets/mp3d/EU6Fwq7SyZv/EU6Fwq7SyZv.glb,6,21,22,AMBIGUOUS,0,1,0,0,1,1,0.4499496817588806,0.462396502494812,-0.012446820735931396,0.125,0.0625,2.25,1.1113214197397894,2.25,1.1113214197397894,16,0.4,1.186620436074544,0.012446820735931396,0,0,0
val_unseen,val_unseen,1305,data/scene_datasets/mp3d/EU6Fwq7SyZv/EU6Fwq7SyZv.glb,7,0,9,KEEP,0,1,0,1,0,0,-7.3404717445373535,0.5603159666061401,-7.900787711143494,0.8823529411764706,0.058823529411764705,8.568977873797458,0.0,11.286857887283748,0.0,17,0.4666666666666667,1.051578096544271,0.4186750054359436,1,0,0
val_unseen,val_unseen,1305,data/scene_datasets/mp3d/EU6Fwq7SyZv/EU6Fwq7SyZv.glb,7,0,10,AMBIGUOUS,0,1,0,1,0,0,-7.400304794311523,0.5603159666061401,-7.960620760917664,0.9411764705882353,0.058823529411764705,5.754305073324111,0.0,11.539826206843768,0.0,17,0.4666666666666667,1.051578096544271,0.4186750054359436,1,0,0
val_unseen,val_unseen,1305,data/scene_datasets/mp3d/EU6Fwq7SyZv/EU6Fwq7SyZv.glb,7,0,11,KEEP,0,1,0,1,0,0,-6.250541687011719,0.5603159666061401,-6.810857653617859,0.8235294117647058,0.058823529411764705,4.499721935486117,0.0,9.378745278013918,0.0,17,0.4666666666666667,1.051578096544271,0.4186750054359436,1,0,0
val_unseen,val_unseen,1305,data/scene_datasets/mp3d/EU6Fwq7SyZv/EU6Fwq7SyZv.glb,7,0,12,AMBIGUOUS,0,1,0,1,0,0,-6.078638076782227,0.5603159666061401,-6.638954043388367,0.7647058823529411,0.058823529411764705,5.211314917459272,0.0,9.42864529190584,0.0,17,0.4666666666666667,1.051578096544271,0.4186750054359436,1,0,0
val_unseen,val_unseen,1305,data/scene_datasets/mp3d/EU6Fwq7SyZv/EU6Fwq7SyZv.glb,7,0,13,AMBIGUOUS,0,1,0,1,0,0,-7.958279609680176,0.5603159666061401,-8.518595576286316,1.0,0.058823529411764705,6.236060023804549,0.0,8.75512384266998,0.0,17,0.4666666666666667,1.051578096544271,0.4186750054359436,1,0,0
val_unseen,val_unseen,1305,data/scene_datasets/mp3d/EU6Fwq7SyZv/EU6Fwq7SyZv.glb,7,0,14,AMBIGUOUS,0,1,0,1,0,0,-5.159404277801514,0.5603159666061401,-5.719720244407654,0.6470588235294118,0.058823529411764705,4.470619677192271,0.0,8.005123842669981,0.0,17,0.4666666666666667,1.051578096544271,0.4186750054359436,1,0,0
val_unseen,val_unseen,1305,data/scene_datasets/mp3d/EU6Fwq7SyZv/EU6Fwq7SyZv.glb,7,0,15,AMBIGUOUS,0,1,0,1,0,0,-5.6141486167907715,0.5603159666061401,-6.174464583396912,0.7058823529411765,0.058823529411764705,3.3285201812437695,0.0,8.474136041544583,0.0,17,0.4666666666666667,1.051578096544271,0.4186750054359436,1,0,0
val_unseen,val_unseen,1305,data/scene_datasets/mp3d/EU6Fwq7SyZv/EU6Fwq7SyZv.glb,7,0,16,AMBIGUOUS,0,1,0,1,0,0,-5.009514808654785,0.5603159666061401,-5.569830775260925,0.5882352941176471,0.058823529411764705,4.020656066641726,0.0,7.75512384266998,0.0,17,0.4666666666666667,1.051578096544271,0.4186750054359436,1,0,0
val_unseen,val_unseen,1305,data/scene_datasets/mp3d/EU6Fwq7SyZv/EU6Fwq7SyZv.glb,7,0,17,AMBIGUOUS,0,1,0,1,0,0,-4.636781692504883,0.5603159666061401,-5.197097659111023,0.47058823529411764,0.058823529411764705,4.4363618980730335,0.0,7.000000281029424,0.0,17,0.4666666666666667,1.051578096544271,0.4186750054359436,1,0,0
val_unseen,val_unseen,1305,data/scene_datasets/mp3d/EU6Fwq7SyZv/EU6Fwq7SyZv.glb,7,0,18,AMBIGUOUS,0,1,0,1,0,0,-4.399766445159912,0.5603159666061401,-4.960082411766052,0.29411764705882354,0.058823529411764705,4.784093260335035,0.0,5.250000230149936,0.0,17,0.4666666666666667,1.051578096544271,0.4186750054359436,1,0,0
val_unseen,val_unseen,1305,data/scene_datasets/mp3d/EU6Fwq7SyZv/EU6Fwq7SyZv.glb,7,0,19,KEEP,0,1,0,1,0,0,-4.500070571899414,0.5603159666061401,-5.060386538505554,0.35294117647058826,0.058823529411764705,4.290629537621473,0.0,4.750000230149936,0.0,17,0.4666666666666667,1.051578096544271,0.4186750054359436,1,0,0
val_unseen,val_unseen,1305,data/scene_datasets/mp3d/EU6Fwq7SyZv/EU6Fwq7SyZv.glb,7,0,20,AMBIGUOUS,0,1,0,1,0,0,-4.509054183959961,0.5603159666061401,-5.069370150566101,0.4117647058823529,0.058823529411764705,3.192938032426487,0.0,4.913375904635993,0.0,17,0.4666666666666667,1.051578096544271,0.4186750054359436,1,0,0
val_unseen,val_unseen,1305,data/scene_datasets/mp3d/EU6Fwq7SyZv/EU6Fwq7SyZv.glb,7,0,21,AMBIGUOUS,0,1,0,1,0,0,-4.824072360992432,0.5603159666061401,-5.384388327598572,0.5294117647058824,0.058823529411764705,3.963782292329097,0.0,3.9871671911639908,0.0,17,0.4666666666666667,1.051578096544271,0.4186750054359436,1,0,0
val_unseen,val_unseen,1305,data/scene_datasets/mp3d/EU6Fwq7SyZv/EU6Fwq7SyZv.glb,7,0,22,AMBIGUOUS,0,1,0,1,0,0,-1.774269700050354,0.5603159666061401,-2.334585666656494,0.17647058823529413,0.058823529411764705,1.4715247846998922,0.0,3.250000122769499,0.0,17,0.4666666666666667,1.051578096544271,0.4186750054359436,1,0,0
val_unseen,val_unseen,1305,data/scene_datasets/mp3d/EU6Fwq7SyZv/EU6Fwq7SyZv.glb,7,0,23,AMBIGUOUS,0,1,0,1,1,0,-3.1230406761169434,0.5603159666061401,-3.6833566427230835,0.23529411764705882,0.058823529411764705,1.611180493857375,0.0,1.611180493857375,0.0,17,0.4666666666666667,1.051578096544271,0.4186750054359436,0,0,0
val_unseen,val_unseen,1305,data/scene_datasets/mp3d/EU6Fwq7SyZv/EU6Fwq7SyZv.glb,7,0,24,AMBIGUOUS,0,1,0,1,1,0,0.14164096117019653,0.5603159666061401,-0.4186750054359436,0.11764705882352941,0.058823529411764705,1.1113214611743398,0.0,1.1113214611743398,0.0,17,0.4666666666666667,1.051578096544271,0.4186750054359436,0,0,0
